topic,bag_stamp,header_stamp,layout_label,data_json
/multi_agv/formal_execution_limiter_state,1788759156.0269704,1788759156.0269704,formal_execution_limiter_v1:header4+3x7,"[1.0,1788759156.0262482,1.0,3.813123105743368e-06,2.868596559909392e-06,2.097717331762842e-06,2.868596559909392e-06,2.097717331762842e-06,0.15,0.15,0.0,2.5631376608809057e-06,2.371131003315696e-06,2.5631376608809057e-06,2.371131003315696e-06,0.15,0.15,0.0,-3.7586619986929434e-06,-3.813123105743368e-06,-3.7586619986929434e-06,-3.813123105743368e-06,0.15,0.15,0.002974781731577545]"
/multi_agv/formal_execution_limiter_state,1788759156.0368383,1788759156.0368383,formal_execution_limiter_v1:header4+3x7,"[1.0,1788759156.0361803,1.0,1.4287505323849858e-05,1.4287505323849858e-05,9.997357126990962e-06,1.4287505323849858e-05,9.997357126990962e-06,0.15,0.15,0.0,1.2753584920956556e-05,1.1276266448082124e-05,1.2753584920956556e-05,1.1276266448082124e-05,0.15,0.15,0.0,-4.116324151259758e-07,-8.306556435476907e-07,-4.116324151259758e-07,-8.306556435476907e-07,0.15,0.15,0.002974781731577545]"
/multi_agv/formal_execution_limiter_state,1788759156.0470355,1788759156.0470355,formal_execution_limiter_v1:header4+3x7,"[1.0,1788759156.0460913,1.0,3.9995755177600486e-05,3.9995755177600486e-05,2.735792933964736e-05,3.9995755177600486e-05,2.735792933964736e-05,0.15,0.15,0.0,3.568427725118962e-05,3.08225857700033e-05,3.568427725118962e-05,3.08225857700033e-05,0.15,0.15,0.0,1.4496127980666129e-05,1.3117183546375046e-05,1.4496127980666129e-05,1.3117183546375046e-05,0.15,0.15,0.002974781731577545]"
/multi_agv/formal_execution_limiter_state,1788759156.0571086,1788759156.0571086,formal_execution_limiter_v1:header4+3x7,"[1.0,1788759156.0561473,1.0,8.663506850530099e-05,8.663506850530099e-05,5.8498039994722033e-05,8.663506850530099e-05,5.8498039994722033e-05,0.15,0.15,0.0,7.727462051978355e-05,6.586301679929967e-05,7.727462051978355e-05,6.586301679929967e-05,0.15,0.15,0.0,4.6176933842026425e-05,4.29403163871715e-05,4.6176933842026425e-05,4.29403163871715e-05,0.15,0.15,0.002974781731577545]"
/multi_agv/formal_execution_limiter_state,1788759156.0669234,1788759156.0669234,formal_execution_limiter_v1:header4+3x7,"[1.0,1788759156.0661159,1.0,0.00016115224232183853,0.00016115224232183853,0.00010244659201960759,0.00016115224232183853,0.00010244659201960759,0.15,0.15,0.0,0.00014266645681187238,0.0001184950998333864,0.00014266645681187238,0.0001184950998333864,0.15,0.15,0.0,9.508257493155719e-05,8.954281036353684e-05,9.508257493155719e-05,8.954281036353684e-05,0.15,0.15,0.002974781731577545]"
/multi_agv/formal_execution_limiter_state,1788759156.07671,1788759156.07671,formal_execution_limiter_v1:header4+3x7,"[1.0,1788759156.0760908,1.0,0.0002664410030897636,0.0002664410030897636,0.0001682246701130883,0.0002664410030897636,0.0001682246701130883,0.15,0.15,0.0,0.00023580250360643682,0.00019471299421817178,0.00023580250360643682,0.00019471299421817178,0.15,0.15,0.0,0.0001693908116296126,0.00015997461198900202,0.0001693908116296126,0.00015997461198900202,0.15,0.15,0.002974781731577545]"
/multi_agv/formal_execution_limiter_state,1788759156.0867262,1788759156.0867262,formal_execution_limiter_v1:header4+3x7,"[1.0,1788759156.0861073,1.0,0.00040989621942518807,0.00040989621942518807,0.00025767779515101577,0.00040989621942518807,0.00025767779515101577,0.15,0.15,0.0,0.0003626873780496111,0.0002983872308468802,0.0003626873780496111,0.0002983872308468802,0.15,0.15,0.0,0.00027377908781822674,0.00025904617114718976,0.00027377908781822674,0.00025904617114718976,0.15,0.15,0.002974781731577545]"
/multi_agv/formal_execution_limiter_state,1788759156.0968153,1788759156.0968153,formal_execution_limiter_v1:header4+3x7,"[1.0,1788759156.09609,1.0,0.0005960133978581377,0.0005960133978581377,0.00037322148247693066,0.0005960133978581377,0.00037322148247693066,0.15,0.15,0.0,0.0005246450558876991,0.00043653396510208155,0.0005246450558876991,0.00043653396510208155,0.15,0.15,0.0,0.0004161237426508876,0.0003971744518604983,0.0004161237426508876,0.0003971744518604983,0.15,0.15,0.002974781731577545]"
/multi_agv/formal_execution_limiter_state,1788759156.1068025,1788759156.1068025,formal_execution_limiter_v1:header4+3x7,"[1.0,1788759156.1060925,1.0,0.0008295899799095372,0.0008295899799095372,0.0005219621216687539,0.0008295899799095372,0.0005219621216687539,0.15,0.15,0.0,0.0007311569510199719,0.0006074573275301563,0.0007311569510199719,0.0006074573275301563,0.15,0.15,0.0,0.0005976643716765217,0.0005709239542876139,0.0005976643716765217,0.0005709239542876139,0.15,0.15,0.002974781731577545]"
/multi_agv/formal_execution_limiter_state,1788759156.1168733,1788759156.1168733,formal_execution_limiter_v1:header4+3x7,"[1.0,1788759156.116091,1.0,0.0011172208856679048,0.0011172208856679048,0.00070242724807128,0.0011172208856679048,0.00070242724807128,0.15,0.15,0.0,0.0009846010358421926,0.0008175977897080146,0.0009846010358421926,0.0008175977897080146,0.15,0.15,0.0,0.0008214608868261517,0.0007853756997678126,0.0008214608868261517,0.0007853756997678126,0.15,0.15,0.002974781731577545]"
/multi_agv/formal_execution_limiter_state,1788759156.126978,1788759156.126978,formal_execution_limiter_v1:header4+3x7,"[1.0,1788759156.126095,1.0,0.0014634238278711004,0.0014634238278711004,0.000919893960100635,0.0014634238278711004,0.000919893960100635,0.15,0.15,0.0,0.0012886471480816812,0.0010718100274193434,0.0012886471480816812,0.0010718100274193434,0.15,0.15,0.0,0.0010918280046471965,0.001044480644017446,0.0010918280046471965,0.001044480644017446,0.15,0.15,0.002974781731577545]"
/multi_agv/formal_execution_limiter_state,1788759156.1369376,1788759156.1369376,formal_execution_limiter_v1:header4+3x7,"[1.0,1788759156.1361196,1.0,0.0018716042622591927,0.0018716042622591927,0.0011793913813514416,0.0018716042622591927,0.0011793913813514416,0.15,0.15,0.0,0.001650250040336536,0.0013728889262354946,0.001650250040336536,0.0013728889262354946,0.15,0.15,0.0,0.0014092382971525909,0.0013494488210168188,0.0014092382971525909,0.0013494488210168188,0.15,0.15,0.002974781731577545]"
/multi_agv/formal_execution_limiter_state,1788759156.14688,1788759156.14688,formal_execution_limiter_v1:header4+3x7,"[1.0,1788759156.1460774,1.0,0.0023460319907818057,0.0023460319907818057,0.0014792707221810769,0.0023460319907818057,0.0014792707221810769,0.15,0.15,0.0,0.002068581712082862,0.0017220108500800436,0.002068581712082862,0.0017220108500800436,0.15,0.15,0.0,0.0017790418920925178,0.0017043963371088469,0.0017790418920925178,0.0017043963371088469,0.15,0.15,0.002974781731577545]"
/multi_agv/formal_execution_limiter_state,1788759156.1568258,1788759156.1568258,formal_execution_limiter_v1:header4+3x7,"[1.0,1788759156.1561396,1.0,0.002898547617948759,0.002898547617948759,0.0018293297157510008,0.002898547617948759,0.0018293297157510008,0.15,0.15,0.0,0.0025558012565618272,0.002129535786892839,0.0025558012565618272,0.002129535786892839,0.15,0.15,0.0,0.002211210016240543,0.0021194939499372596,0.002211210016240543,0.0021194939499372596,0.15,0.15,0.002974781731577545]"
/multi_agv/formal_execution_limiter_state,1788759156.1667337,1788759156.1667337,formal_execution_limiter_v1:header4+3x7,"[1.0,1788759156.1660945,1.0,0.0035199544865343836,0.0035199544865343836,0.002226249494638001,0.0035199544865343836,0.002226249494638001,0.15,0.15,0.0,0.003118853503371599,0.002568192224691993,0.003118853503371599,0.002568192224691993,0.15,0.15,0.0,0.002722270295515451,0.002594711088462181,0.002722270295515451,0.002594711088462181,0.15,0.15,0.002974781731577545]"
/multi_agv/formal_execution_limiter_state,1788759156.1772325,1788759156.1772325,formal_execution_limiter_v1:header4+3x7,"[1.0,1788759156.1761475,1.0,0.004257852469937705,0.004257852469937705,0.002645134451406431,0.004257852469937705,0.002645134451406431,0.15,0.15,0.0,0.00374685115912367,0.0030923995132026514,0.00374685115912367,0.0030923995132026514,0.15,0.15,0.0,0.003291943347629853,0.0031429578092298047,0.003291943347629853,0.0031429578092298047,0.15,0.15,0.002974781731577545]"
/multi_agv/formal_execution_limiter_state,1788759156.1869226,1788759156.1869226,formal_execution_limiter_v1:header4+3x7,"[1.0,1788759156.1861386,1.0,0.005053706913910883,0.005053706913910883,0.0031440649027881045,0.005053706913910883,0.0031440649027881045,0.15,0.15,0.0,0.004447579812327407,0.0036760140661896007,0.004447579812327407,0.0036760140661896007,0.15,0.15,0.0,0.003927881750616876,0.003752496491024425,0.003927881750616876,0.003752496491024425,0.15,0.15,0.002974781731577545]"
/multi_agv/formal_execution_limiter_state,1788759156.1967719,1788759156.1967719,formal_execution_limiter_v1:header4+3x7,"[1.0,1788759156.1961296,1.0,0.005937339938487387,0.005937339938487387,0.003698933726625407,0.005937339938487387,0.003698933726625407,0.15,0.15,0.0,0.005226791680478207,0.00432670241384125,0.005226791680478207,0.00432670241384125,0.15,0.15,0.0,0.0046356682937374535,0.004431416569779738,0.0046356682937374535,0.004431416569779738,0.15,0.15,0.002974781731577545]"
/multi_agv/formal_execution_limiter_state,1788759156.2068694,1788759156.2068694,formal_execution_limiter_v1:header4+3x7,"[1.0,1788759156.2061121,1.0,0.006814234402141698,0.006814234402141698,0.004458995518341989,0.006814234402141698,0.004458995518341989,0.15,0.15,0.0,0.006083215014807467,0.005065789656655594,0.006083215014807467,0.005065789656655594,0.15,0.15,0.0,0.005420962000541165,0.005136509324243115,0.005420962000541165,0.005136509324243115,0.15,0.15,0.002974781731577545]"
/multi_agv/formal_execution_limiter_state,1788759156.2169225,1788759156.2169225,formal_execution_limiter_v1:header4+3x7,"[1.0,1788759156.2161636,1.0,0.007882553389727149,0.007882553389727149,0.005164875091592747,0.007882553389727149,0.005164875091592747,0.15,0.15,0.0,0.007029763470154247,0.005863305750423686,0.007029763470154247,0.005863305750423686,0.15,0.15,0.0,0.0062475624196266935,0.005921660375366826,0.0062475624196266935,0.005921660375366826,0.15,0.15,0.002974781731577545]"
/multi_agv/formal_execution_limiter_state,1788759156.2267337,1788759156.2267337,formal_execution_limiter_v1:header4+3x7,"[1.0,1788759156.2261221,1.0,0.009282395266717104,0.009282395266717104,0.005695830635136023,0.009282395266717104,0.005695830635136023,0.15,0.15,0.0,0.007998530807435116,0.006799477096753924,0.007998530807435116,0.006799477096753924,0.15,0.15,0.0,0.00719214131985226,0.006844017186299133,0.00719214131985226,0.006844017186299133,0.15,0.15,0.002974781731577545]"
/multi_agv/formal_execution_limiter_state,1788759156.2366223,1788759156.2366223,formal_execution_limiter_v1:header4+3x7,"[1.0,1788759156.2360873,1.0,0.010572674999869837,0.010572674999869837,0.0064997032520458485,0.010572674999869837,0.0064997032520458485,0.15,0.15,0.0,0.00911210508978322,0.007758714318825339,0.00911210508978322,0.007758714318825339,0.15,0.15,0.0,0.008219795528176775,0.007827795301346321,0.008219795528176775,0.007827795301346321,0.15,0.15,0.002974781731577545]"
/multi_agv/formal_execution_limiter_state,1788759156.2467659,1788759156.2467659,formal_execution_limiter_v1:header4+3x7,"[1.0,1788759156.246121,1.0,0.011976876398138216,0.011976876398138216,0.007377789219214588,0.011976876398138216,0.007377789219214588,0.15,0.15,0.0,0.01032067501219143,0.008792214855023427,0.01032067501219143,0.008792214855023427,0.15,0.15,0.0,0.009288640024414808,0.008877018572139475,0.009288640024414808,0.008877018572139475,0.15,0.15,0.002974781731577545]"
/multi_agv/formal_execution_limiter_state,1788759156.2568865,1788759156.2568865,formal_execution_limiter_v1:header4+3x7,"[1.0,1788759156.2561972,1.0,0.01350308723152264,0.01350308723152264,0.008333657820937748,0.01350308723152264,0.008333657820937748,0.15,0.15,0.0,0.011638016611703545,0.009931812158676953,0.011638016611703545,0.009931812158676953,0.15,0.15,0.0,0.010476425203211067,0.010018383937109715,0.010476425203211067,0.010018383937109715,0.15,0.15,0.002974781731577545]"
/multi_agv/formal_execution_limiter_state,1788759156.266664,1788759156.266664,formal_execution_limiter_v1:header4+3x7,"[1.0,1788759156.2661777,1.0,0.014972791156973777,0.014972791156973777,0.00943481949852876,0.014972791156973777,0.00943481949852876,0.15,0.15,0.0,0.013065545824943738,0.011126755422520342,0.013065545824943738,0.011126755422520342,0.15,0.15,0.0,0.011707881570628223,0.011127744628692019,0.011707881570628223,0.011127744628692019,0.15,0.15,0.002974781731577545]"
/multi_agv/formal_execution_limiter_state,1788759156.2769656,1788759156.2769656,formal_execution_limiter_v1:header4+3x7,"[1.0,1788759156.2762165,1.0,0.016677685311722264,0.016677685311722264,0.010530991769110015,0.016677685311722264,0.010530991769110015,0.15,0.15,0.0,0.01457206399079082,0.01243735419713526,0.01457206399079082,0.01243735419713526,0.15,0.15,0.0,0.013019820352170725,0.012391717974082936,0.013019820352170725,0.012391717974082936,0.15,0.15,0.002974781731577545]"
/multi_agv/formal_execution_limiter_state,1788759156.2868454,1788759156.2868454,formal_execution_limiter_v1:header4+3x7,"[1.0,1788759156.2861187,1.0,0.018449633274462023,0.018449633274462023,0.011665709227924266,0.018449633274462023,0.011665709227924266,0.15,0.15,0.0,0.01614893764950253,0.013804875326151543,0.01614893764950253,0.013804875326151543,0.15,0.15,0.0,0.014417985600313073,0.013734621123722637,0.014417985600313073,0.013734621123722637,0.15,0.15,0.002974781731577545]"
/multi_agv/formal_execution_limiter_state,1788759156.2970765,1788759156.2970765,formal_execution_limiter_v1:header4+3x7,"[1.0,1788759156.2962577,1.0,0.020717144519268597,0.020717144519268597,0.012871988663400825,0.020717144519268597,0.012871988663400825,0.15,0.15,0.0,0.017304979296623262,0.01583016177222783,0.017304979296623262,0.01583016177222783,0.15,0.15,0.0,0.015498709987645541,0.015349799826973983,0.015498709987645541,0.015349799826973983,0.15,0.15,0.002974781731577545]"
/multi_agv/formal_execution_limiter_state,1788759156.306952,1788759156.306952,formal_execution_limiter_v1:header4+3x7,"[1.0,1788759156.3062427,1.0,0.022802726796447938,0.022802726796447938,0.014215398416691801,0.022802726796447938,0.014215398416691801,0.15,0.15,0.0,0.019021716127423958,0.017471714925914508,0.019021716127423958,0.017471714925914508,0.15,0.15,0.0,0.01690582592557915,0.0167389012071962,0.01690582592557915,0.0167389012071962,0.15,0.15,0.002974781731577545]"
/multi_agv/formal_execution_limiter_state,1788759156.3168538,1788759156.3168538,formal_execution_limiter_v1:header4+3x7,"[1.0,1788759156.3161647,1.0,0.024981691317799953,0.024981691317799953,0.015626442736756355,0.024981691317799953,0.015626442736756355,0.15,0.15,0.0,0.020830589136106116,0.019196082845288995,0.020830589136106116,0.019196082845288995,0.15,0.15,0.0,0.018387230949624293,0.018214225313511793,0.018387230949624293,0.018214225313511793,0.15,0.15,0.002974781731577545]"
/multi_agv/formal_execution_limiter_state,1788759156.3268666,1788759156.3268666,formal_execution_limiter_v1:header4+3x7,"[1.0,1788759156.3261223,1.0,0.027284487537189067,0.027284487537189067,0.01720979103602053,0.027284487537189067,0.01720979103602053,0.15,0.15,0.0,0.023089859357936445,0.020918574225943034,0.023089859357936445,0.020918574225943034,0.15,0.15,0.0,0.020695983333494334,0.01948576171232916,0.020695983333494334,0.01948576171232916,0.15,0.15,0.002974781731577545]"
/multi_agv/formal_execution_limiter_state,1788759156.337014,1788759156.337014,formal_execution_limiter_v1:header4+3x7,"[1.0,1788759156.336142,1.0,0.02971209319437014,0.02971209319437014,0.01878079210284262,0.02971209319437014,0.01878079210284262,0.15,0.15,0.0,0.02516493175087559,0.022843329847599934,0.02516493175087559,0.022843329847599934,0.15,0.15,0.0,0.022547012778269468,0.021262701948222835,0.022547012778269468,0.021262701948222835,0.15,0.15,0.002974781731577545]"
/multi_agv/formal_execution_limiter_state,1788759156.3467927,1788759156.3467927,formal_execution_limiter_v1:header4+3x7,"[1.0,1788759156.3461328,1.0,0.032280090150500484,0.032280090150500484,0.0204712966466953,0.032280090150500484,0.0204712966466953,0.15,0.15,0.0,0.02729259855898635,0.024859007898001537,0.02729259855898635,0.024859007898001537,0.15,0.15,0.0,0.02437797830329462,0.023050857697354113,0.02437797830329462,0.023050857697354113,0.15,0.15,0.002974781731577545]"
/multi_agv/formal_execution_limiter_state,1788759156.3567739,1788759156.3567739,formal_execution_limiter_v1:header4+3x7,"[1.0,1788759156.3561108,1.0,0.034982624006283644,0.034982624006283644,0.022233712682357066,0.034982624006283644,0.022233712682357066,0.15,0.15,0.0,0.02952269846537817,0.02695867098935321,0.02952269846537817,0.02695867098935321,0.15,0.15,0.0,0.026251134135790055,0.024861077251918613,0.026251134135790055,0.024861077251918613,0.15,0.15,0.002974781731577545]"
/multi_agv/formal_execution_limiter_state,1788759156.3668041,1788759156.3668041,formal_execution_limiter_v1:header4+3x7,"[1.0,1788759156.3661358,1.0,0.037641666376671795,0.037641666376671795,0.02427084602307293,0.037641666376671795,0.02427084602307293,0.15,0.15,0.0,0.03214096979092505,0.02904707018759967,0.03214096979092505,0.02904707018759967,0.15,0.15,0.0,0.028416468370097217,0.026880116972757676,0.028416468370097217,0.026880116972757676,0.15,0.15,0.002974781731577545]"
/multi_agv/formal_execution_limiter_state,1788759156.3767762,1788759156.3767762,formal_execution_limiter_v1:header4+3x7,"[1.0,1788759156.376119,1.0,0.0405164704879749,0.0405164704879749,0.026162824687608825,0.0405164704879749,0.026162824687608825,0.15,0.15,0.0,0.03455458581024345,0.03124055123281413,0.03455458581024345,0.03124055123281413,0.15,0.15,0.0,0.03058431766017577,0.028963612097359284,0.03058431766017577,0.028963612097359284,0.15,0.15,0.002974781731577545]"
/multi_agv/formal_execution_limiter_state,1788759156.3867397,1788759156.3867397,formal_execution_limiter_v1:header4+3x7,"[1.0,1788759156.386146,1.0,0.0434736847430274,0.0434736847430274,0.02820020700294404,0.0434736847430274,0.02820020700294404,0.15,0.15,0.0,0.03699463162632524,0.0334814731754266,0.03699463162632524,0.0334814731754266,0.15,0.15,0.0,0.03272603121850049,0.030989466165566575,0.03272603121850049,0.030989466165566575,0.15,0.15,0.002974781731577545]"
/multi_agv/formal_execution_limiter_state,1788759156.3967195,1788759156.3967195,formal_execution_limiter_v1:header4+3x7,"[1.0,1788759156.3961358,1.0,0.04657434376548569,0.04657434376548569,0.030305707083763733,0.04657434376548569,0.030305707083763733,0.15,0.15,0.0,0.03955964141599934,0.03584034985635205,0.03955964141599934,0.03584034985635205,0.15,0.15,0.0,0.03481632609438108,0.03297101455450302,0.03481632609438108,0.03297101455450302,0.15,0.15,0.002974781731577545]"
/multi_agv/formal_execution_limiter_state,1788759156.406743,1788759156.406743,formal_execution_limiter_v1:header4+3x7,"[1.0,1788759156.4061816,1.0,0.04838118580051605,0.04838118580051605,0.03336734893048611,0.04838118580051605,0.03336734893048611,0.15,0.15,0.0,0.042264207919285854,0.03796387038502087,0.042264207919285854,0.03796387038502087,0.15,0.15,0.0,0.03460517333240905,0.03669484644402407,0.03460517333240905,0.03669484644402407,0.15,0.15,0.002974781731577545]"
/multi_agv/formal_execution_limiter_state,1788759156.4166086,1788759156.4166086,formal_execution_limiter_v1:header4+3x7,"[1.0,1788759156.416086,1.0,0.051292767262470465,0.051292767262470465,0.03539695748321306,0.051292767262470465,0.03539695748321306,0.15,0.15,0.0,0.04469940599289063,0.04017148856617159,0.04469940599289063,0.04017148856617159,0.15,0.15,0.0,0.036659427678202086,0.038888932155083406,0.036659427678202086,0.038888932155083406,0.15,0.15,0.002974781731577545]"
/multi_agv/formal_execution_limiter_state,1788759156.4265687,1788759156.4265687,formal_execution_limiter_v1:header4+3x7,"[1.0,1788759156.426101,1.0,0.0540696917130407,0.0540696917130407,0.03760904378053612,0.0540696917130407,0.03760904378053612,0.15,0.15,0.0,0.046343296455322876,0.04198090529305124,0.046343296455322876,0.04198090529305124,0.15,0.15,0.0,0.04041170536477989,0.03962660194323375,0.04041170536477989,0.03962660194323375,0.15,0.15,0.002974781731577545]"
/multi_agv/formal_execution_limiter_state,1788759156.4367225,1788759156.4367225,formal_execution_limiter_v1:header4+3x7,"[1.0,1788759156.4361227,1.0,0.0593915107371208,0.0593915107371208,0.03771598595517313,0.0593915107371208,0.03771598595517313,0.15,0.15,0.0,0.04863616739689125,0.044312029293537114,0.04863616739689125,0.044312029293537114,0.15,0.15,0.0,0.04232086586427748,0.04174196031418806,0.04232086586427748,0.04174196031418806,0.15,0.15,0.002974781731577545]"
/multi_agv/formal_execution_limiter_state,1788759156.446791,1788759156.446791,formal_execution_limiter_v1:header4+3x7,"[1.0,1788759156.4461138,1.0,0.06231224724534367,0.06231224724534367,0.039730333308182215,0.06231224724534367,0.039730333308182215,0.15,0.15,0.0,0.05088035907021738,0.046382004281250964,0.05088035907021738,0.046382004281250964,0.15,0.15,0.0,0.04437605176786477,0.04376241517517848,0.04437605176786477,0.04376241517517848,0.15,0.15,0.002974781731577545]"
/multi_agv/formal_execution_limiter_state,1788759156.4571657,1788759156.4571657,formal_execution_limiter_v1:header4+3x7,"[1.0,1788759156.456123,1.0,0.06528817216232193,0.06528817216232193,0.04169263816180304,0.06528817216232193,0.04169263816180304,0.15,0.15,0.0,0.053064877898541696,0.04840127032974516,0.053064877898541696,0.04840127032974516,0.15,0.15,0.0,0.04655918937320488,0.045921765037258415,0.04655918937320488,0.045921765037258415,0.15,0.15,0.002974781731577545]"
/multi_agv/formal_execution_limiter_state,1788759156.466777,1788759156.466777,formal_execution_limiter_v1:header4+3x7,"[1.0,1788759156.4661586,1.0,0.0659216082215833,0.0659216082215833,0.04578154307016686,0.0659216082215833,0.04578154307016686,0.15,0.15,0.0,0.05677820556153083,0.04775051588264496,0.05677820556153083,0.04775051588264496,0.15,0.15,0.0,0.047784505986597565,0.048601948717835845,0.047784505986597565,0.048601948717835845,0.15,0.15,0.002974781731577545]"
/multi_agv/formal_execution_limiter_state,1788759156.4767706,1788759156.4767706,formal_execution_limiter_v1:header4+3x7,"[1.0,1788759156.476143,1.0,0.06874101240149451,0.06874101240149451,0.04777832220755728,0.06874101240149451,0.04777832220755728,0.15,0.15,0.0,0.05913066843666158,0.04978010574179621,0.05913066843666158,0.04978010574179621,0.15,0.15,0.0,0.04983624067717808,0.050729926338810793,0.04983624067717808,0.050729926338810793,0.15,0.15,0.002974781731577545]"
/multi_agv/formal_execution_limiter_state,1788759156.4867256,1788759156.4867256,formal_execution_limiter_v1:header4+3x7,"[1.0,1788759156.4861135,1.0,0.07122091848455357,0.07122091848455357,0.049515964478184536,0.07122091848455357,0.049515964478184536,0.15,0.15,0.0,0.061396383331054155,0.05179184115349378,0.061396383331054155,0.05179184115349378,0.15,0.15,0.0,0.051792956719736605,0.05271390758722519,0.051792956719736605,0.05271390758722519,0.15,0.15,0.002974781731577545]"
/multi_agv/formal_execution_limiter_state,1788759156.496761,1788759156.496761,formal_execution_limiter_v1:header4+3x7,"[1.0,1788759156.496164,1.0,0.07382930771791561,0.07382930771791561,0.05130604160867695,0.07382930771791561,0.05130604160867695,0.15,0.15,0.0,0.06386271531244304,0.053789089246750556,0.06386271531244304,0.053789089246750556,0.15,0.15,0.0,0.05344927543118354,0.054775374683717085,0.05344927543118354,0.054775374683717085,0.15,0.15,0.002974781731577545]"
/multi_agv/formal_execution_limiter_state,1788759156.5067995,1788759156.5067995,formal_execution_limiter_v1:header4+3x7,"[1.0,1788759156.5062504,1.0,0.07482257843846085,0.07482257843846085,0.05413157109529054,0.07482257843846085,0.05413157109529054,0.15,0.15,0.0,0.06611016195966389,0.055463937857074465,0.06611016195966389,0.055463937857074465,0.15,0.15,0.0,0.05548885659914159,0.05679473970391906,0.05548885659914159,0.05679473970391906,0.15,0.15,0.002974781731577545]"
/multi_agv/formal_execution_limiter_state,1788759156.5167708,1788759156.5167708,formal_execution_limiter_v1:header4+3x7,"[1.0,1788759156.5161667,1.0,0.07730458422124371,0.07730458422124371,0.055971212626379205,0.07730458422124371,0.055971212626379205,0.15,0.15,0.0,0.06839327505102442,0.05735699565038569,0.06839327505102442,0.05735699565038569,0.15,0.15,0.0,0.0574740047557451,0.05887085126457431,0.0574740047557451,0.05887085126457431,0.15,0.15,0.002974781731577545]"
/multi_agv/formal_execution_limiter_state,1788759156.5268033,1788759156.5268033,formal_execution_limiter_v1:header4+3x7,"[1.0,1788759156.5260916,1.0,0.07951193047246036,0.07951193047246036,0.05762828140191373,0.07951193047246036,0.05762828140191373,0.15,0.15,0.0,0.0708166953350408,0.05818967427708131,0.0708166953350408,0.05818967427708131,0.15,0.15,0.0,0.058043904704139074,0.0612252111838065,0.058043904704139074,0.0612252111838065,0.15,0.15,0.002974781731577545]"
/multi_agv/formal_execution_limiter_state,1788759156.5368016,1788759156.5368016,formal_execution_limiter_v1:header4+3x7,"[1.0,1788759156.5361438,1.0,0.08473321908201616,0.08473321908201616,0.056074165451750965,0.08473321908201616,0.056074165451750965,0.15,0.15,0.0,0.0727899992667356,0.06018565560931121,0.0727899992667356,0.06018565560931121,0.15,0.15,0.0,0.05961861685027971,0.06333221567062533,0.05961861685027971,0.06333221567062533,0.15,0.15,0.002974781731577545]"
/multi_agv/formal_execution_limiter_state,1788759156.5467727,1788759156.5467727,formal_execution_limiter_v1:header4+3x7,"[1.0,1788759156.5460927,1.0,0.08756271168950346,0.08756271168950346,0.05774152259118358,0.08756271168950346,0.05774152259118358,0.15,0.15,0.0,0.07526410247510129,0.06225989744354211,0.07526410247510129,0.06225989744354211,0.15,0.15,0.0,0.0616493581398361,0.06553522771709716,0.0616493581398361,0.06553522771709716,0.15,0.15,0.002974781731577545]"
/multi_agv/formal_execution_limiter_state,1788759156.5569227,1788759156.5569227,formal_execution_limiter_v1:header4+3x7,"[1.0,1788759156.556163,1.0,0.09050298422413504,0.09050298422413504,0.059470459527152554,0.09050298422413504,0.059470459527152554,0.15,0.15,0.0,0.07783242420731705,0.06442970884362854,0.07783242420731705,0.06442970884362854,0.15,0.15,0.0,0.06376152109565772,0.06782611631569066,0.06376152109565772,0.06782611631569066,0.15,0.15,0.002974781731577545]"
/multi_agv/formal_execution_limiter_state,1788759156.5667772,1788759156.5667772,formal_execution_limiter_v1:header4+3x7,"[1.0,1788759156.566143,1.0,0.09349154904158878,0.09349154904158878,0.061223853962402916,0.09349154904158878,0.061223853962402916,0.15,0.15,0.0,0.08044016852681865,0.06664943495083081,0.08044016852681865,0.06664943495083081,0.15,0.15,0.0,0.06590976447644739,0.0701558196862477,0.06590976447644739,0.0701558196862477,0.15,0.15,0.002974781731577545]"
/multi_agv/formal_execution_limiter_state,1788759156.577286,1788759156.577286,formal_execution_limiter_v1:header4+3x7,"[1.0,1788759156.5761395,1.0,0.0930544339277719,0.0930544339277719,0.0648333789477083,0.0930544339277719,0.0648333789477083,0.15,0.15,0.0,0.07886378218752797,0.07039157156438917,0.07886378218752797,0.07039157156438917,0.15,0.15,0.0,0.07068199055833316,0.06875441530741122,0.07068199055833316,0.06875441530741122,0.15,0.15,0.002974781731577545]"
/multi_agv/formal_execution_limiter_state,1788759156.5870285,1788759156.5870285,formal_execution_limiter_v1:header4+3x7,"[1.0,1788759156.5861683,1.0,0.09486366132686608,0.09486366132686608,0.06617391986053947,0.09486366132686608,0.06617391986053947,0.15,0.15,0.0,0.08059430951655094,0.07205375522603485,0.08059430951655094,0.07205375522603485,0.15,0.15,0.0,0.0724352348292671,0.07026457522376926,0.0724352348292671,0.07026457522376926,0.15,0.15,0.002974781731577545]"
/multi_agv/formal_execution_limiter_state,1788759156.5967917,1788759156.5967917,formal_execution_limiter_v1:header4+3x7,"[1.0,1788759156.596167,1.0,0.0968974432757991,0.0968974432757991,0.06764455652090279,0.0968974432757991,0.06764455652090279,0.15,0.15,0.0,0.08222308336600188,0.07361454234034039,0.08222308336600188,0.07361454234034039,0.15,0.15,0.0,0.07445913215880162,0.0721390750453125,0.07445913215880162,0.0721390750453125,0.15,0.15,0.002974781731577545]"
/multi_agv/formal_execution_limiter_state,1788759156.6067364,1788759156.6067364,formal_execution_limiter_v1:header4+3x7,"[1.0,1788759156.6061263,1.0,0.09843120257255458,0.09843120257255458,0.06871396497715371,0.09843120257255458,0.06871396497715371,0.15,0.15,0.0,0.08265372789676856,0.07760632581968258,0.08265372789676856,0.07760632581968258,0.15,0.15,0.0,0.07275323917604308,0.0765598824718197,0.07275323917604308,0.0765598824718197,0.15,0.15,0.002974781731577545]"
/multi_agv/formal_execution_limiter_state,1788759156.616781,1788759156.616781,formal_execution_limiter_v1:header4+3x7,"[1.0,1788759156.616124,1.0,0.10005961229597632,0.10005961229597632,0.06977509408988594,0.10005961229597632,0.06977509408988594,0.15,0.15,0.0,0.08451449060697779,0.07959574018247882,0.08451449060697779,0.07959574018247882,0.15,0.15,0.0,0.07419437502949418,0.07804446519735801,0.07419437502949418,0.07804446519735801,0.15,0.15,0.002974781731577545]"
/multi_agv/formal_execution_limiter_state,1788759156.6267748,1788759156.6267748,formal_execution_limiter_v1:header4+3x7,"[1.0,1788759156.626127,1.0,0.10083706440638675,0.10083706440638675,0.07022580186193343,0.10083706440638675,0.07022580186193343,0.15,0.15,0.0,0.08774859802120473,0.07877767441147591,0.08774859802120473,0.07877767441147591,0.15,0.15,0.0,0.07037307003005994,0.08271946049068035,0.07037307003005994,0.08271946049068035,0.15,0.15,0.002974781731577545]"
/multi_agv/formal_execution_limiter_state,1788759156.637211,1788759156.637211,formal_execution_limiter_v1:header4+3x7,"[1.0,1788759156.6361825,1.0,0.09973323771502113,0.09973323771502113,0.07156445917363924,0.09973323771502113,0.07156445917363924,0.15,0.15,0.0,0.08910626333795754,0.0800275345826785,0.08910626333795754,0.0800275345826785,0.15,0.15,0.0,0.07149162028588528,0.08388481757656187,0.07149162028588528,0.08388481757656187,0.15,0.15,0.002974781731577545]"
/multi_agv/formal_execution_limiter_state,1788759156.647192,1788759156.647192,formal_execution_limiter_v1:header4+3x7,"[1.0,1788759156.6461537,1.0,0.09985153990515715,0.09985153990515715,0.07204149467265684,0.09985153990515715,0.07204149467265684,0.15,0.15,0.0,0.08989756177520847,0.08089746672182804,0.08989756177520847,0.08089746672182804,0.15,0.15,0.0,0.07230461270367038,0.08472099103234819,0.07230461270367038,0.08472099103234819,0.15,0.15,0.002974781731577545]"
/multi_agv/formal_execution_limiter_state,1788759156.6570446,1788759156.6570446,formal_execution_limiter_v1:header4+3x7,"[1.0,1788759156.6561317,1.0,0.10046566804237693,0.10046566804237693,0.07259207419352744,0.10046566804237693,0.07259207419352744,0.15,0.15,0.0,0.09108052394816632,0.0820680808534125,0.09108052394816632,0.0820680808534125,0.15,0.15,0.0,0.07304610034346942,0.08554747217912614,0.07304610034346942,0.08554747217912614,0.15,0.15,0.002974781731577545]"
/multi_agv/formal_execution_limiter_state,1788759156.667083,1788759156.667083,formal_execution_limiter_v1:header4+3x7,"[1.0,1788759156.6661375,1.0,0.09921734600029729,0.09921734600029729,0.07166210792689053,0.09921734600029729,0.07166210792689053,0.15,0.15,0.0,0.0940338995808565,0.08162841378034563,0.0940338995808565,0.08162841378034563,0.15,0.15,0.0,0.07235761213851574,0.08744622173308203,0.07235761213851574,0.08744622173308203,0.15,0.15,0.002974781731577545]"
/multi_agv/formal_execution_limiter_state,1788759156.676925,1788759156.676925,formal_execution_limiter_v1:header4+3x7,"[1.0,1788759156.6761215,1.0,0.09868750899908538,0.09868750899908538,0.07120387013380097,0.09868750899908538,0.07120387013380097,0.15,0.15,0.0,0.09526945380158933,0.08270561640835314,0.09526945380158933,0.08270561640835314,0.15,0.15,0.0,0.07287444763998177,0.08827890864639287,0.07287444763998177,0.08827890864639287,0.15,0.15,0.002974781731577545]"
/multi_agv/formal_execution_limiter_state,1788759156.6867905,1788759156.6867905,formal_execution_limiter_v1:header4+3x7,"[1.0,1788759156.6861167,1.0,0.09765354752515822,0.09765354752515822,0.07071639500519515,0.09765354752515822,0.07071639500519515,0.15,0.15,0.0,0.09574260272214298,0.0828542204794082,0.09574260272214298,0.0828542204794082,0.15,0.15,0.0,0.07319241802319187,0.08901447561223377,0.07319241802319187,0.08901447561223377,0.15,0.15,0.002974781731577545]"
/multi_agv/formal_execution_limiter_state,1788759156.6968625,1788759156.6968625,formal_execution_limiter_v1:header4+3x7,"[1.0,1788759156.6960866,1.0,0.09739777775294906,0.09739777775294906,0.07059510370607325,0.09739777775294906,0.07059510370607325,0.15,0.15,0.0,0.09637026685378922,0.08321552011264496,0.09637026685378922,0.08321552011264496,0.15,0.15,0.0,0.07367774104637582,0.08990757433976,0.07367774104637582,0.08990757433976,0.15,0.15,0.002974781731577545]"
/multi_agv/formal_execution_limiter_state,1788759156.7069716,1788759156.7069716,formal_execution_limiter_v1:header4+3x7,"[1.0,1788759156.706238,1.0,0.09571553500826509,0.09571553500826509,0.07070793279048952,0.09571553500826509,0.07070793279048952,0.15,0.15,0.0,0.0938784280441158,0.08493163912731762,0.0938784280441158,0.08493163912731762,0.15,0.15,0.0,0.07890894771718006,0.08178014331257825,0.07890894771718006,0.08178014331257825,0.15,0.15,0.002974781731577545]"
/multi_agv/formal_execution_limiter_state,1788759156.7167442,1788759156.7167442,formal_execution_limiter_v1:header4+3x7,"[1.0,1788759156.716093,1.0,0.09648814848913345,0.09648814848913345,0.07085033194478321,0.09648814848913345,0.07085033194478321,0.15,0.15,0.0,0.09490934228025215,0.08589166213153539,0.09490934228025215,0.08589166213153539,0.15,0.15,0.0,0.07908750649452445,0.0820668342847029,0.07908750649452445,0.0820668342847029,0.15,0.15,0.002974781731577545]"
/multi_agv/formal_execution_limiter_state,1788759156.7269661,1788759156.7269661,formal_execution_limiter_v1:header4+3x7,"[1.0,1788759156.7261066,1.0,0.09536792685654114,0.09536792685654114,0.06989897505808162,0.09536792685654114,0.06989897505808162,0.15,0.15,0.0,0.0947583270985441,0.08593530093308453,0.0947583270985441,0.08593530093308453,0.15,0.15,0.0,0.07896283913085024,0.08051445189316396,0.07896283913085024,0.08051445189316396,0.15,0.15,0.002974781731577545]"
/multi_agv/formal_execution_limiter_state,1788759156.7371068,1788759156.7371068,formal_execution_limiter_v1:header4+3x7,"[1.0,1788759156.7362123,1.0,0.09577116288502287,0.09577116288502287,0.07150398516159288,0.09577116288502287,0.07150398516159288,0.15,0.15,0.0,0.09354739127468611,0.08443961823376547,0.09354739127468611,0.08443961823376547,0.15,0.15,0.0,0.07874276660065967,0.08014273606126894,0.07874276660065967,0.08014273606126894,0.15,0.15,0.002974781731577545]"
/multi_agv/formal_execution_limiter_state,1788759156.7467675,1788759156.7467675,formal_execution_limiter_v1:header4+3x7,"[1.0,1788759156.7461963,1.0,0.09581982844923688,0.09581982844923688,0.07158356768936662,0.09581982844923688,0.07158356768936662,0.15,0.15,0.0,0.09220599573708892,0.0835826845623829,0.09220599573708892,0.0835826845623829,0.15,0.15,0.0,0.078363693449332,0.07946033753024984,0.078363693449332,0.07946033753024984,0.15,0.15,0.002974781731577545]"
/multi_agv/formal_execution_limiter_state,1788759156.7568982,1788759156.7568982,formal_execution_limiter_v1:header4+3x7,"[1.0,1788759156.7560863,1.0,0.09630077645296167,0.09630077645296167,0.07179967656536115,0.09630077645296167,0.07179967656536115,0.15,0.15,0.0,0.09147714944936738,0.08327321457889592,0.09147714944936738,0.08327321457889592,0.15,0.15,0.0,0.07780344815877276,0.0786418855888197,0.07780344815877276,0.0786418855888197,0.15,0.15,0.002974781731577545]"
/multi_agv/formal_execution_limiter_state,1788759156.7667165,1788759156.7667165,formal_execution_limiter_v1:header4+3x7,"[1.0,1788759156.7661333,1.0,0.0944225175036614,0.0944225175036614,0.07076686369889904,0.0944225175036614,0.07076686369889904,0.15,0.15,0.0,0.08896426067593816,0.08590990293412318,0.08896426067593816,0.08590990293412318,0.15,0.15,0.0,0.07678246722215698,0.07788248593105151,0.07678246722215698,0.07788248593105151,0.15,0.15,0.002974781731577545]"
/multi_agv/formal_execution_limiter_state,1788759156.7767522,1788759156.7767522,formal_execution_limiter_v1:header4+3x7,"[1.0,1788759156.7761009,1.0,0.09375442879698742,0.09375442879698742,0.07002907451359608,0.09375442879698742,0.07002907451359608,0.15,0.15,0.0,0.08840321106866601,0.08580141154645209,0.08840321106866601,0.08580141154645209,0.15,0.15,0.0,0.07628553318520209,0.07705867364032826,0.07628553318520209,0.07705867364032826,0.15,0.15,0.002974781731577545]"
/multi_agv/formal_execution_limiter_state,1788759156.7866697,1788759156.7866697,formal_execution_limiter_v1:header4+3x7,"[1.0,1788759156.7861166,1.0,0.09205810045285345,0.09205810045285345,0.06906201121720873,0.09205810045285345,0.06906201121720873,0.15,0.15,0.0,0.08173620304439472,0.08889936047058372,0.08173620304439472,0.08889936047058372,0.15,0.15,0.0,0.07595627111947385,0.07271164113241112,0.07595627111947385,0.07271164113241112,0.15,0.15,0.002974781731577545]"
/multi_agv/formal_execution_limiter_state,1788759156.796982,1788759156.796982,formal_execution_limiter_v1:header4+3x7,"[1.0,1788759156.7960918,1.0,0.09257551755296729,0.09257551755296729,0.06894697181557298,0.09257551755296729,0.06894697181557298,0.15,0.15,0.0,0.08174891402895831,0.08907541052126647,0.08174891402895831,0.08907541052126647,0.15,0.15,0.0,0.07541833808139285,0.0722049644736895,0.07541833808139285,0.0722049644736895,0.15,0.15,0.002974781731577545]"
/multi_agv/formal_execution_limiter_state,1788759156.8068407,1788759156.8068407,formal_execution_limiter_v1:header4+3x7,"[1.0,1788759156.8061283,1.0,0.09476541629402196,0.09476541629402196,0.0668629104412285,0.09476541629402196,0.0668629104412285,0.15,0.15,0.0,0.08059466317639669,0.08874801087317982,0.08059466317639669,0.08874801087317982,0.15,0.15,0.0,0.07390171041574708,0.07075864466542645,0.07390171041574708,0.07075864466542645,0.15,0.15,0.002974781731577545]"
/multi_agv/formal_execution_limiter_state,1788759156.8166654,1788759156.8166654,formal_execution_limiter_v1:header4+3x7,"[1.0,1788759156.8160915,1.0,0.0944744304369414,0.0944744304369414,0.0664260266891992,0.0944744304369414,0.0664260266891992,0.15,0.15,0.0,0.0798148149363405,0.08835241725535982,0.0798148149363405,0.08835241725535982,0.15,0.15,0.0,0.07265220727512697,0.06952907805954595,0.07265220727512697,0.06952907805954595,0.15,0.15,0.002974781731577545]"
/multi_agv/formal_execution_limiter_state,1788759156.8267376,1788759156.8267376,formal_execution_limiter_v1:header4+3x7,"[1.0,1788759156.8261468,1.0,0.0933068628150305,0.0933068628150305,0.06549730606464554,0.0933068628150305,0.06549730606464554,0.15,0.15,0.0,0.07827280298830927,0.08725555202552718,0.07827280298830927,0.08725555202552718,0.15,0.15,0.0,0.07117533058541074,0.06813854839882892,0.07117533058541074,0.06813854839882892,0.15,0.15,0.002974781731577545]"
/multi_agv/formal_execution_limiter_state,1788759156.8368423,1788759156.8368423,formal_execution_limiter_v1:header4+3x7,"[1.0,1788759156.8362644,1.0,0.09236388755841321,0.09236388755841321,0.06876664858308304,0.09236388755841321,0.06876664858308304,0.15,0.15,0.0,0.08099324398035596,0.08308843659922954,0.08099324398035596,0.08308843659922954,0.15,0.15,0.0,0.0753948377374639,0.06859226603466885,0.0753948377374639,0.06859226603466885,0.15,0.15,0.002974781731577545]"
/multi_agv/formal_execution_limiter_state,1788759156.8466825,1788759156.8466825,formal_execution_limiter_v1:header4+3x7,"[1.0,1788759156.8460927,1.0,0.09219797646626796,0.09219797646626796,0.0688717294608093,0.09219797646626796,0.0688717294608093,0.15,0.15,0.0,0.08036362763212057,0.08259484538078365,0.08036362763212057,0.08259484538078365,0.15,0.15,0.0,0.07595087251587943,0.06917046674164187,0.07595087251587943,0.06917046674164187,0.15,0.15,0.002974781731577545]"
/multi_agv/formal_execution_limiter_state,1788759156.8571396,1788759156.8571396,formal_execution_limiter_v1:header4+3x7,"[1.0,1788759156.856157,1.0,0.0925530922961515,0.0925530922961515,0.06898169234275642,0.0925530922961515,0.06898169234275642,0.15,0.15,0.0,0.08007286039636145,0.08241863031913917,0.08007286039636145,0.08241863031913917,0.15,0.15,0.0,0.07628918336505436,0.06958265494430596,0.07628918336505436,0.06958265494430596,0.15,0.15,0.002974781731577545]"
/multi_agv/formal_execution_limiter_state,1788759156.86708,1788759156.86708,formal_execution_limiter_v1:header4+3x7,"[1.0,1788759156.866093,1.0,0.08797846404241233,0.08797846404241233,0.06688375466189919,0.08797846404241233,0.06688375466189919,0.15,0.15,0.0,0.0795976339299272,0.07813013158850805,0.0795976339299272,0.07813013158850805,0.15,0.15,0.0,0.07521769850115961,0.06890529239166415,0.07521769850115961,0.06890529239166415,0.15,0.15,0.002974781731577545]"
/multi_agv/formal_execution_limiter_state,1788759156.8771162,1788759156.8771162,formal_execution_limiter_v1:header4+3x7,"[1.0,1788759156.8761182,1.0,0.08792052175958327,0.08792052175958327,0.06627929932687192,0.08792052175958327,0.06627929932687192,0.15,0.15,0.0,0.07948996853666775,0.07811214924393865,0.07948996853666775,0.07811214924393865,0.15,0.15,0.0,0.07585114359938652,0.06961995451726782,0.07585114359938652,0.06961995451726782,0.15,0.15,0.002974781731577545]"
/multi_agv/formal_execution_limiter_state,1788759156.886977,1788759156.886977,formal_execution_limiter_v1:header4+3x7,"[1.0,1788759156.8861406,1.0,0.0860830632158745,0.0860830632158745,0.06517079925351754,0.0860830632158745,0.06517079925351754,0.15,0.15,0.0,0.07859218011178754,0.07682952590230221,0.07859218011178754,0.07682952590230221,0.15,0.15,0.0,0.07573649606834627,0.06961126626873625,0.07573649606834627,0.06961126626873625,0.15,0.15,0.002974781731577545]"
/multi_agv/formal_execution_limiter_state,1788759156.8969398,1788759156.8969398,formal_execution_limiter_v1:header4+3x7,"[1.0,1788759156.8961375,1.0,0.08518893772786204,0.08518893772786204,0.06451175290311906,0.08518893772786204,0.06451175290311906,0.15,0.15,0.0,0.07816018928484149,0.07627884925043958,0.07816018928484149,0.07627884925043958,0.15,0.15,0.0,0.07567641284323263,0.06970633199663039,0.07567641284323263,0.06970633199663039,0.15,0.15,0.002974781731577545]"
/multi_agv/formal_execution_limiter_state,1788759156.906704,1788759156.906704,formal_execution_limiter_v1:header4+3x7,"[1.0,1788759156.906132,1.0,0.0825140209024462,0.0825140209024462,0.06535326716183829,0.0825140209024462,0.06535326716183829,0.15,0.15,0.0,0.07814187124249569,0.07240358013345236,0.07814187124249569,0.07240358013345236,0.15,0.15,0.0,0.07660203865491277,0.06588317017564779,0.07660203865491277,0.06588317017564779,0.15,0.15,0.002974781731577545]"
/multi_agv/formal_execution_limiter_state,1788759156.916714,1788759156.916714,formal_execution_limiter_v1:header4+3x7,"[1.0,1788759156.9161334,1.0,0.08311425769073805,0.08311425769073805,0.0652393224990209,0.08311425769073805,0.0652393224990209,0.15,0.15,0.0,0.07821070497317963,0.07255701294819518,0.07821070497317963,0.07255701294819518,0.15,0.15,0.0,0.07676493652101807,0.06611897149317258,0.07676493652101807,0.06611897149317258,0.15,0.15,0.002974781731577545]"
/multi_agv/formal_execution_limiter_state,1788759156.9268613,1788759156.9268613,formal_execution_limiter_v1:header4+3x7,"[1.0,1788759156.9261982,1.0,0.08070138589052908,0.08070138589052908,0.06365197402241271,0.08070138589052908,0.06365197402241271,0.15,0.15,0.0,0.07759748163338478,0.07357175133069488,0.07759748163338478,0.07357175133069488,0.15,0.15,0.0,0.07410152105980126,0.06652562145894884,0.07410152105980126,0.06652562145894884,0.15,0.15,0.002974781731577545]"
/multi_agv/formal_execution_limiter_state,1788759156.936843,1788759156.936843,formal_execution_limiter_v1:header4+3x7,"[1.0,1788759156.9362724,1.0,0.08101375997302157,0.08101375997302157,0.06330742224501948,0.08101375997302157,0.06330742224501948,0.15,0.15,0.0,0.07870555890127441,0.07479717822942077,0.07870555890127441,0.07479717822942077,0.15,0.15,0.0,0.07439329087706814,0.06691536784852159,0.07439329087706814,0.06691536784852159,0.15,0.15,0.002974781731577545]"
/multi_agv/formal_execution_limiter_state,1788759156.9469752,1788759156.9469752,formal_execution_limiter_v1:header4+3x7,"[1.0,1788759156.9461594,1.0,0.07973904713888762,0.07973904713888762,0.06234991843979697,0.07973904713888762,0.06234991843979697,0.15,0.15,0.0,0.07859299346397404,0.07491431012846662,0.07859299346397404,0.07491431012846662,0.15,0.15,0.0,0.07342844992420103,0.06619633851229842,0.07342844992420103,0.06619633851229842,0.15,0.15,0.002974781731577545]"
/multi_agv/formal_execution_limiter_state,1788759156.9567876,1788759156.9567876,formal_execution_limiter_v1:header4+3x7,"[1.0,1788759156.9561203,1.0,0.07924707502956542,0.07924707502956542,0.06168232387963795,0.07924707502956542,0.06168232387963795,0.15,0.15,0.0,0.07869928179833637,0.0752518537617358,0.07869928179833637,0.0752518537617358,0.15,0.15,0.0,0.07239992891698292,0.06538914656498761,0.07239992891698292,0.06538914656498761,0.15,0.15,0.002974781731577545]"
/multi_agv/formal_execution_limiter_state,1788759156.9665754,1788759156.9665754,formal_execution_limiter_v1:header4+3x7,"[1.0,1788759156.9661174,1.0,0.07747668920283353,0.07326931322848705,0.06629602431461691,0.07326931322848705,0.06629602431461691,0.15,0.15,0.0,0.07747668920283353,0.07194067885140122,0.07747668920283353,0.07194067885140122,0.15,0.15,0.0,0.07000229271694515,0.06502736872018992,0.07000229271694515,0.06502736872018992,0.15,0.15,0.002974781731577545]"
/multi_agv/formal_execution_limiter_state,1788759156.9767826,1788759156.9767826,formal_execution_limiter_v1:header4+3x7,"[1.0,1788759156.9761493,1.0,0.07659568663717686,0.07279554192807067,0.06572143228763341,0.07279554192807067,0.06572143228763341,0.15,0.15,0.0,0.07659568663717686,0.07115217884578828,0.07659568663717686,0.07115217884578828,0.15,0.15,0.0,0.06923663340836175,0.06463270626741327,0.06923663340836175,0.06463270626741327,0.15,0.15,0.002974781731577545]"
/multi_agv/formal_execution_limiter_state,1788759156.98703,1788759156.98703,formal_execution_limiter_v1:header4+3x7,"[1.0,1788759156.9861357,1.0,0.07528256075226625,0.07163006901882048,0.06480905558694038,0.07163006901882048,0.06480905558694038,0.15,0.15,0.0,0.07528256075226625,0.0701086558593077,0.07528256075226625,0.0701086558593077,0.15,0.15,0.0,0.06846817271365077,0.06438993736817628,0.06846817271365077,0.06438993736817628,0.15,0.15,0.002974781731577545]"
/multi_agv/formal_execution_limiter_state,1788759156.9969249,1788759156.9969249,formal_execution_limiter_v1:header4+3x7,"[1.0,1788759156.9961267,1.0,0.07630594450984966,0.07630594450984966,0.058969572933832384,0.07630594450984966,0.058969572933832384,0.15,0.15,0.0,0.07332101626533404,0.06806689367947057,0.07332101626533404,0.06806689367947057,0.15,0.15,0.0,0.057087444333329136,0.06839048381847257,0.057087444333329136,0.06839048381847257,0.15,0.15,0.002974781731577545]"
/multi_agv/formal_execution_limiter_state,1788759157.0067697,1788759157.0067697,formal_execution_limiter_v1:header4+3x7,"[1.0,1788759157.0060935,1.0,0.07578639966300867,0.07578639966300867,0.05844600696726319,0.07578639966300867,0.05844600696726319,0.15,0.15,0.0,0.07187824659910587,0.06679749369700648,0.07187824659910587,0.06679749369700648,0.15,0.15,0.0,0.0545799443930951,0.0664074046782214,0.0545799443930951,0.0664074046782214,0.15,0.15,0.002974781731577545]"
/multi_agv/formal_execution_limiter_state,1788759157.0167947,1788759157.0167947,formal_execution_limiter_v1:header4+3x7,"[1.0,1788759157.016093,1.0,0.07586237151871944,0.07586237151871944,0.058296660776192395,0.07586237151871944,0.058296660776192395,0.15,0.15,0.0,0.07081554272805758,0.0658317038717605,0.07081554272805758,0.0658317038717605,0.15,0.15,0.0,0.052953937818914304,0.06514088866380328,0.052953937818914304,0.06514088866380328,0.15,0.15,0.002974781731577545]"
/multi_agv/formal_execution_limiter_state,1788759157.0267365,1788759157.0267365,formal_execution_limiter_v1:header4+3x7,"[1.0,1788759157.0261362,1.0,0.07339326678924907,0.07339326678924907,0.055763401522748224,0.07339326678924907,0.055763401522748224,0.15,0.15,0.0,0.07098929743188671,0.06297652016042248,0.07098929743188671,0.06297652016042248,0.15,0.15,0.0,0.05700831612421045,0.06098611884677334,0.05700831612421045,0.06098611884677334,0.15,0.15,0.002974781731577545]"
/multi_agv/formal_execution_limiter_state,1788759157.0367806,1788759157.0367806,formal_execution_limiter_v1:header4+3x7,"[1.0,1788759157.0360909,1.0,0.07348258628261169,0.07348258628261169,0.05523711442613723,0.07348258628261169,0.05523711442613723,0.15,0.15,0.0,0.07124188033396202,0.06333245775116968,0.07124188033396202,0.06333245775116968,0.15,0.15,0.0,0.057229741832740336,0.06133247273670858,0.057229741832740336,0.06133247273670858,0.15,0.15,0.002974781731577545]"
/multi_agv/formal_execution_limiter_state,1788759157.0465553,1788759157.0465553,formal_execution_limiter_v1:header4+3x7,"[1.0,1788759157.0461173,1.0,0.07206220161575377,0.07206220161575377,0.05407967749939957,0.07206220161575377,0.05407967749939957,0.15,0.15,0.0,0.0709087068110741,0.0632349993476848,0.0709087068110741,0.0632349993476848,0.15,0.15,0.0,0.05610911152292726,0.06061996738746944,0.05610911152292726,0.06061996738746944,0.15,0.15,0.002974781731577545]"
/multi_agv/formal_execution_limiter_state,1788759157.0567157,1788759157.0567157,formal_execution_limiter_v1:header4+3x7,"[1.0,1788759157.056092,1.0,0.07168552884980237,0.07168552884980237,0.05361069596735171,0.07168552884980237,0.05361069596735171,0.15,0.15,0.0,0.07096163711178827,0.06340628271668175,0.07096163711178827,0.06340628271668175,0.15,0.15,0.0,0.05526295768587113,0.05991945679360972,0.05526295768587113,0.05991945679360972,0.15,0.15,0.002974781731577545]"
/multi_agv/formal_execution_limiter_state,1788759157.0670247,1788759157.0670247,formal_execution_limiter_v1:header4+3x7,"[1.0,1788759157.0661411,1.0,0.07269731463267576,0.07269731463267576,0.054006499505536244,0.07269731463267576,0.054006499505536244,0.15,0.15,0.0,0.07009640133083872,0.06241444414599409,0.07009640133083872,0.06241444414599409,0.15,0.15,0.0,0.05478200686149327,0.059951461255204695,0.05478200686149327,0.059951461255204695,0.15,0.15,0.002974781731577545]"
/multi_agv/formal_execution_limiter_state,1788759157.0772707,1788759157.0772707,formal_execution_limiter_v1:header4+3x7,"[1.0,1788759157.0762086,1.0,0.0727829775738823,0.0727829775738823,0.053953291981472966,0.0727829775738823,0.053953291981472966,0.15,0.15,0.0,0.06974447014853809,0.06227767664132826,0.06974447014853809,0.06227767664132826,0.15,0.15,0.0,0.05505018806329099,0.060105137023273435,0.05505018806329099,0.060105137023273435,0.15,0.15,0.002974781731577545]"
/multi_agv/formal_execution_limiter_state,1788759157.0868742,1788759157.0868742,formal_execution_limiter_v1:header4+3x7,"[1.0,1788759157.0860963,1.0,0.07183745783692769,0.07183745783692769,0.053217860165320374,0.07183745783692769,0.053217860165320374,0.15,0.15,0.0,0.06944085959928521,0.06231370492787243,0.06944085959928521,0.06231370492787243,0.15,0.15,0.0,0.05522641279006316,0.06002620606617467,0.05522641279006316,0.06002620606617467,0.15,0.15,0.002974781731577545]"
/multi_agv/formal_execution_limiter_state,1788759157.0967083,1788759157.0967083,formal_execution_limiter_v1:header4+3x7,"[1.0,1788759157.0961068,1.0,0.0693463865220373,0.06854800465289354,0.05467723967350911,0.06854800465289354,0.05467723967350911,0.15,0.15,0.0,0.0693463865220373,0.06405376369880982,0.0693463865220373,0.06405376369880982,0.15,0.15,0.0,0.05546810992295623,0.06076625746177182,0.05546810992295623,0.06076625746177182,0.15,0.15,0.002974781731577545]"
/multi_agv/formal_execution_limiter_state,1788759157.1067681,1788759157.1067681,formal_execution_limiter_v1:header4+3x7,"[1.0,1788759157.1062262,1.0,0.0694498448524213,0.0679647028279097,0.05431951762417981,0.0679647028279097,0.05431951762417981,0.15,0.15,0.0,0.0694498448524213,0.06442240269993639,0.0694498448524213,0.06442240269993639,0.15,0.15,0.0,0.05507766404560417,0.06030687602594155,0.05507766404560417,0.06030687602594155,0.15,0.15,0.002974781731577545]"
/multi_agv/formal_execution_limiter_state,1788759157.1167905,1788759157.1167905,formal_execution_limiter_v1:header4+3x7,"[1.0,1788759157.1161766,1.0,0.06945309523961,0.06821449262822471,0.05440256749432003,0.06821449262822471,0.05440256749432003,0.15,0.15,0.0,0.06945309523961,0.0647916112736548,0.06945309523961,0.0647916112736548,0.15,0.15,0.0,0.05527192908265294,0.06047303365120356,0.05527192908265294,0.06047303365120356,0.15,0.15,0.002974781731577545]"
/multi_agv/formal_execution_limiter_state,1788759157.1267452,1788759157.1267452,formal_execution_limiter_v1:header4+3x7,"[1.0,1788759157.1261134,1.0,0.06952479700865953,0.06681509339088505,0.053030654240398864,0.06681509339088505,0.053030654240398864,0.15,0.15,0.0,0.0608415140047852,0.06952479700865953,0.0608415140047852,0.06952479700865953,0.15,0.15,0.0,0.05635034312102187,0.06057671691439913,0.05635034312102187,0.06057671691439913,0.15,0.15,0.002974781731577545]"
/multi_agv/formal_execution_limiter_state,1788759157.1367416,1788759157.1367416,formal_execution_limiter_v1:header4+3x7,"[1.0,1788759157.1361175,1.0,0.06962928513941812,0.06604148807244127,0.05216648657613696,0.06604148807244127,0.05216648657613696,0.15,0.15,0.0,0.060601697589306745,0.06962928513941812,0.060601697589306745,0.06962928513941812,0.15,0.15,0.0,0.05685961447370527,0.06097091580196813,0.05685961447370527,0.06097091580196813,0.15,0.15,0.002974781731577545]"
/multi_agv/formal_execution_limiter_state,1788759157.1467006,1788759157.1467006,formal_execution_limiter_v1:header4+3x7,"[1.0,1788759157.1460953,1.0,0.06897340396766513,0.06449322637167483,0.0514549798297294,0.06449322637167483,0.0514549798297294,0.15,0.15,0.0,0.059456908859306094,0.06897340396766513,0.059456908859306094,0.06897340396766513,0.15,0.15,0.0,0.05621149697303222,0.05967374902517907,0.05621149697303222,0.05967374902517907,0.15,0.15,0.002974781731577545]"
/multi_agv/formal_execution_limiter_state,1788759157.1568847,1788759157.1568847,formal_execution_limiter_v1:header4+3x7,"[1.0,1788759157.156215,1.0,0.06963094463931473,0.0652221734626168,0.051386238328355,0.0652221734626168,0.051386238328355,0.15,0.15,0.0,0.05999264536670295,0.06963094463931473,0.05999264536670295,0.06963094463931473,0.15,0.15,0.0,0.05674340198882636,0.06034690552111555,0.05674340198882636,0.06034690552111555,0.15,0.15,0.002974781731577545]"
/multi_agv/formal_execution_limiter_state,1788759157.1667693,1788759157.1667693,formal_execution_limiter_v1:header4+3x7,"[1.0,1788759157.1661465,1.0,0.06675436776207598,0.0637939258467381,0.05121637888064946,0.0637939258467381,0.05121637888064946,0.15,0.15,0.0,0.06134256893392047,0.06675436776207598,0.06134256893392047,0.06675436776207598,0.15,0.15,0.0,0.05976915920129069,0.05858539706023325,0.05976915920129069,0.05858539706023325,0.15,0.15,0.002974781731577545]"
/multi_agv/formal_execution_limiter_state,1788759157.1771305,1788759157.1771305,formal_execution_limiter_v1:header4+3x7,"[1.0,1788759157.1763105,1.0,0.06765700518218233,0.06484072944378753,0.05137767804631514,0.06484072944378753,0.05137767804631514,0.15,0.15,0.0,0.06212199584305177,0.06765700518218233,0.06212199584305177,0.06765700518218233,0.15,0.15,0.0,0.06082378831284378,0.05979651755826047,0.06082378831284378,0.05979651755826047,0.15,0.15,0.002974781731577545]"
/multi_agv/formal_execution_limiter_state,1788759157.1866665,1788759157.1866665,formal_execution_limiter_v1:header4+3x7,"[1.0,1788759157.1861308,1.0,0.06811409361109155,0.06436361655717014,0.0508307309691222,0.06436361655717014,0.0508307309691222,0.15,0.15,0.0,0.062228421767533355,0.06811409361109155,0.062228421767533355,0.06811409361109155,0.15,0.15,0.0,0.061023360409441015,0.05977746091257514,0.061023360409441015,0.05977746091257514,0.15,0.15,0.002974781731577545]"
/multi_agv/formal_execution_limiter_state,1788759157.1967895,1788759157.1967895,formal_execution_limiter_v1:header4+3x7,"[1.0,1788759157.1961575,1.0,0.0689242450341782,0.06452799446107854,0.050656005688840954,0.06452799446107854,0.050656005688840954,0.15,0.15,0.0,0.06283892245254567,0.0689242450341782,0.06283892245254567,0.0689242450341782,0.15,0.15,0.0,0.06005665448759542,0.05905828878404698,0.06005665448759542,0.05905828878404698,0.15,0.15,0.002974781731577545]"
/multi_agv/formal_execution_limiter_state,1788759157.2067335,1788759157.2067335,formal_execution_limiter_v1:header4+3x7,"[1.0,1788759157.206109,1.0,0.06907881386493761,0.06404340763857994,0.056458908161470825,0.06404340763857994,0.056458908161470825,0.15,0.15,0.0,0.06327550146164926,0.06907881386493761,0.06327550146164926,0.06907881386493761,0.15,0.15,0.0,0.0597957994871961,0.05828396639331408,0.0597957994871961,0.05828396639331408,0.15,0.15,0.002974781731577545]"
/multi_agv/formal_execution_limiter_state,1788759157.216577,1788759157.216577,formal_execution_limiter_v1:header4+3x7,"[1.0,1788759157.2160914,1.0,0.06961959875377481,0.06580514876486156,0.05755286397993675,0.06580514876486156,0.05755286397993675,0.15,0.15,0.0,0.0638325203935227,0.06961959875377481,0.0638325203935227,0.06961959875377481,0.15,0.15,0.0,0.059996873301037534,0.058471285335814915,0.059996873301037534,0.058471285335814915,0.15,0.15,0.002974781731577545]"
/multi_agv/formal_execution_limiter_state,1788759157.2265885,1788759157.2265885,formal_execution_limiter_v1:header4+3x7,"[1.0,1788759157.2261238,1.0,0.070619138381493,0.06709591409652786,0.058123205723103886,0.06709591409652786,0.058123205723103886,0.15,0.15,0.0,0.0628141774991691,0.070619138381493,0.0628141774991691,0.070619138381493,0.15,0.15,0.0,0.057558767703610875,0.057234869915112827,0.057558767703610875,0.057234869915112827,0.15,0.15,0.002974781731577545]"
/multi_agv/formal_execution_limiter_state,1788759157.236565,1788759157.236565,formal_execution_limiter_v1:header4+3x7,"[1.0,1788759157.2361097,1.0,0.07147789042923482,0.07124628654485197,0.05505546302186408,0.07124628654485197,0.05505546302186408,0.15,0.15,0.0,0.06319684950844882,0.07147789042923482,0.06319684950844882,0.07147789042923482,0.15,0.15,0.0,0.056631206690135806,0.05659561349492249,0.056631206690135806,0.05659561349492249,0.15,0.15,0.002974781731577545]"
/multi_agv/formal_execution_limiter_state,1788759157.2465975,1788759157.2465975,formal_execution_limiter_v1:header4+3x7,"[1.0,1788759157.246092,1.0,0.07192121155216194,0.07170490544285527,0.05510969984646258,0.07170490544285527,0.05510969984646258,0.15,0.15,0.0,0.063574824105704,0.07192121155216194,0.063574824105704,0.07192121155216194,0.15,0.15,0.0,0.055448068183392374,0.0553619906117753,0.055448068183392374,0.0553619906117753,0.15,0.15,0.002974781731577545]"
/multi_agv/formal_execution_limiter_state,1788759157.2568378,1788759157.2568378,formal_execution_limiter_v1:header4+3x7,"[1.0,1788759157.2561476,1.0,0.07269151793742627,0.07269151793742627,0.05548081815117971,0.07269151793742627,0.05548081815117971,0.15,0.15,0.0,0.06432003285405369,0.0725454162335824,0.06432003285405369,0.0725454162335824,0.15,0.15,0.0,0.05484482519126572,0.054841648602233665,0.05484482519126572,0.054841648602233665,0.15,0.15,0.002974781731577545]"
/multi_agv/formal_execution_limiter_state,1788759157.2666051,1788759157.2666051,formal_execution_limiter_v1:header4+3x7,"[1.0,1788759157.2661455,1.0,0.07233732712575773,0.07233732712575773,0.05989843615767655,0.07233732712575773,0.05989843615767655,0.15,0.15,0.0,0.06957145132231947,0.07058484143144168,0.06957145132231947,0.07058484143144168,0.15,0.15,0.0,0.05594811999129545,0.05512228678592386,0.05594811999129545,0.05512228678592386,0.15,0.15,0.002974781731577545]"
/multi_agv/formal_execution_limiter_state,1788759157.2770004,1788759157.2770004,formal_execution_limiter_v1:header4+3x7,"[1.0,1788759157.2762454,1.0,0.07408728186921464,0.07408728186921464,0.06057574278222373,0.07408728186921464,0.06057574278222373,0.15,0.15,0.0,0.07081531080107178,0.071644687303067,0.07081531080107178,0.071644687303067,0.15,0.15,0.0,0.056305166787630874,0.055520281541399326,0.056305166787630874,0.055520281541399326,0.15,0.15,0.002974781731577545]"
/multi_agv/formal_execution_limiter_state,1788759157.2866535,1788759157.2866535,formal_execution_limiter_v1:header4+3x7,"[1.0,1788759157.2861233,1.0,0.07495180279431357,0.07495180279431357,0.060737369810141946,0.07495180279431357,0.060737369810141946,0.15,0.15,0.0,0.07172301252454537,0.07231481385808448,0.07172301252454537,0.07231481385808448,0.15,0.15,0.0,0.05589206349420809,0.05512503718636819,0.05589206349420809,0.05512503718636819,0.15,0.15,0.002974781731577545]"
/multi_agv/formal_execution_limiter_state,1788759157.296767,1788759157.296767,formal_execution_limiter_v1:header4+3x7,"[1.0,1788759157.2960877,1.0,0.07597870002894844,0.07597870002894844,0.06113591768539572,0.07597870002894844,0.06113591768539572,0.15,0.15,0.0,0.07298910802472461,0.07343289272817838,0.07298910802472461,0.07343289272817838,0.15,0.15,0.0,0.05566191854421804,0.05499939260278366,0.05566191854421804,0.05499939260278366,0.15,0.15,0.002974781731577545]"
/multi_agv/formal_execution_limiter_state,1788759157.3070858,1788759157.3070858,formal_execution_limiter_v1:header4+3x7,"[1.0,1788759157.3061936,1.0,0.07599590887378714,0.07459358762051899,0.06212316991681117,0.07459358762051899,0.06212316991681117,0.15,0.15,0.0,0.07599590887378714,0.07393110386677094,0.07599590887378714,0.07393110386677094,0.15,0.15,0.0,0.05957657104909469,0.05666637202231364,0.05957657104909469,0.05666637202231364,0.15,0.15,0.002974781731577545]"
/multi_agv/formal_execution_limiter_state,1788759157.3169808,1788759157.3169808,formal_execution_limiter_v1:header4+3x7,"[1.0,1788759157.3161309,1.0,0.07713375723336054,0.07535781186812679,0.06231708373876415,0.07535781186812679,0.06231708373876415,0.15,0.15,0.0,0.07713375723336054,0.07490042662538095,0.07713375723336054,0.07490042662538095,0.15,0.15,0.0,0.06103334457442466,0.05839639442443013,0.06103334457442466,0.05839639442443013,0.15,0.15,0.002974781731577545]"
/multi_agv/formal_execution_limiter_state,1788759157.3271165,1788759157.3271165,formal_execution_limiter_v1:header4+3x7,"[1.0,1788759157.3261278,1.0,0.07782898069097346,0.0754994516486177,0.06201712875370381,0.0754994516486177,0.06201712875370381,0.15,0.15,0.0,0.07782898069097346,0.0754075055146134,0.07782898069097346,0.0754075055146134,0.15,0.15,0.0,0.06188418633580283,0.05975840323063674,0.06188418633580283,0.05975840323063674,0.15,0.15,0.002974781731577545]"
/multi_agv/formal_execution_limiter_state,1788759157.3370054,1788759157.3370054,formal_execution_limiter_v1:header4+3x7,"[1.0,1788759157.3360932,1.0,0.07882724502350932,0.07175944628744937,0.062018434830674124,0.07175944628744937,0.062018434830674124,0.15,0.15,0.0,0.07882724502350932,0.07482279684840973,0.07882724502350932,0.07482279684840973,0.15,0.15,0.0,0.06243517246151053,0.05927869948807001,0.06243517246151053,0.05927869948807001,0.15,0.15,0.002974781731577545]"
/multi_agv/formal_execution_limiter_state,1788759157.346999,1788759157.346999,formal_execution_limiter_v1:header4+3x7,"[1.0,1788759157.346096,1.0,0.07931287695846312,0.07057672074423092,0.06112527875178298,0.07057672074423092,0.06112527875178298,0.15,0.15,0.0,0.07931287695846312,0.07527919535260694,0.07931287695846312,0.07527919535260694,0.15,0.15,0.0,0.062225356055975976,0.059252844374386486,0.062225356055975976,0.059252844374386486,0.15,0.15,0.002974781731577545]"
/multi_agv/formal_execution_limiter_state,1788759157.3568907,1788759157.3568907,formal_execution_limiter_v1:header4+3x7,"[1.0,1788759157.3560905,1.0,0.07974661945914256,0.07013609067473212,0.060581482338575736,0.07013609067473212,0.060581482338575736,0.15,0.15,0.0,0.07974661945914256,0.075812285173802,0.07974661945914256,0.075812285173802,0.15,0.15,0.0,0.06260528510894722,0.05973871113638566,0.06260528510894722,0.05973871113638566,0.15,0.15,0.002974781731577545]"
/multi_agv/formal_execution_limiter_state,1788759157.3669434,1788759157.3669434,formal_execution_limiter_v1:header4+3x7,"[1.0,1788759157.3660936,1.0,0.07871778364991988,0.07120575729911946,0.0575211279343221,0.07120575729911946,0.0575211279343221,0.15,0.15,0.0,0.07871778364991988,0.07387205209439865,0.07871778364991988,0.07387205209439865,0.15,0.15,0.0,0.06111443790591329,0.05964706208687436,0.06111443790591329,0.05964706208687436,0.15,0.15,0.002974781731577545]"
/multi_agv/formal_execution_limiter_state,1788759157.3771725,1788759157.3771725,formal_execution_limiter_v1:header4+3x7,"[1.0,1788759157.3760984,1.0,0.07835286529580748,0.07097057524619166,0.0569436538909078,0.07097057524619166,0.0569436538909078,0.15,0.15,0.0,0.07835286529580748,0.07374627283285667,0.07835286529580748,0.07374627283285667,0.15,0.15,0.0,0.060772211386795866,0.059473804196626706,0.060772211386795866,0.059473804196626706,0.15,0.15,0.002974781731577545]"
/multi_agv/formal_execution_limiter_state,1788759157.3868392,1788759157.3868392,formal_execution_limiter_v1:header4+3x7,"[1.0,1788759157.3860893,1.0,0.0779876883221587,0.07025877828862968,0.05621792397433562,0.07025877828862968,0.05621792397433562,0.15,0.15,0.0,0.0779876883221587,0.07369177408098614,0.0779876883221587,0.07369177408098614,0.15,0.15,0.0,0.060010856285952194,0.05854768880476485,0.060010856285952194,0.05854768880476485,0.15,0.15,0.002974781731577545]"
/multi_agv/formal_execution_limiter_state,1788759157.3967264,1788759157.3967264,formal_execution_limiter_v1:header4+3x7,"[1.0,1788759157.39609,1.0,0.07802759139798866,0.07015140843649866,0.055824621957896635,0.07015140843649866,0.055824621957896635,0.15,0.15,0.0,0.07802759139798866,0.0739685104291035,0.07802759139798866,0.0739685104291035,0.15,0.15,0.0,0.05980568965474178,0.05822249464174838,0.05980568965474178,0.05822249464174838,0.15,0.15,0.002974781731577545]"
/multi_agv/formal_execution_limiter_state,1788759157.4067092,1788759157.4067092,formal_execution_limiter_v1:header4+3x7,"[1.0,1788759157.4061196,1.0,0.0766251520897244,0.07041709991386529,0.0539075011933824,0.07041709991386529,0.0539075011933824,0.15,0.15,0.0,0.0766251520897244,0.07410285139180484,0.0766251520897244,0.07410285139180484,0.15,0.15,0.0,0.0592929054780351,0.058299750201355326,0.0592929054780351,0.058299750201355326,0.15,0.15,0.002974781731577545]"
/multi_agv/formal_execution_limiter_state,1788759157.4167247,1788759157.4167247,formal_execution_limiter_v1:header4+3x7,"[1.0,1788759157.4161255,1.0,0.07623834348308225,0.07052341883742674,0.05345716868400633,0.07052341883742674,0.05345716868400633,0.15,0.15,0.0,0.07623834348308225,0.07386870856320937,0.07623834348308225,0.07386870856320937,0.15,0.15,0.0,0.05914970293828297,0.058368347037090824,0.05914970293828297,0.058368347037090824,0.15,0.15,0.002974781731577545]"
/multi_agv/formal_execution_limiter_state,1788759157.4267583,1788759157.4267583,formal_execution_limiter_v1:header4+3x7,"[1.0,1788759157.4260952,1.0,0.07551328990913304,0.07056172605953161,0.05280090630532232,0.07056172605953161,0.05280090630532232,0.15,0.15,0.0,0.07551328990913304,0.07074349627636982,0.07551328990913304,0.07074349627636982,0.15,0.15,0.0,0.049563476627904,0.06026362483834244,0.049563476627904,0.06026362483834244,0.15,0.15,0.002974781731577545]"
/multi_agv/formal_execution_limiter_state,1788759157.4370177,1788759157.4370177,formal_execution_limiter_v1:header4+3x7,"[1.0,1788759157.4361842,1.0,0.07542380200071581,0.07078331936724455,0.056690109185777,0.07078331936724455,0.056690109185777,0.15,0.15,0.0,0.07542380200071581,0.07056514814491772,0.07542380200071581,0.07056514814491772,0.15,0.15,0.0,0.0482082900390583,0.05893632812605032,0.0482082900390583,0.05893632812605032,0.15,0.15,0.002974781731577545]"
/multi_agv/formal_execution_limiter_state,1788759157.4468303,1788759157.4468303,formal_execution_limiter_v1:header4+3x7,"[1.0,1788759157.4461057,1.0,0.07397089224052829,0.07067596200303483,0.05645923296399314,0.07067596200303483,0.05645923296399314,0.15,0.15,0.0,0.07397089224052829,0.06950852165446451,0.07397089224052829,0.06950852165446451,0.15,0.15,0.0,0.04681154837556169,0.05801346729914894,0.04681154837556169,0.05801346729914894,0.15,0.15,0.002974781731577545]"
/multi_agv/formal_execution_limiter_state,1788759157.4570303,1788759157.4570303,formal_execution_limiter_v1:header4+3x7,"[1.0,1788759157.456137,1.0,0.07445066772731539,0.0726602319559107,0.057273509522294846,0.0726602319559107,0.057273509522294846,0.15,0.15,0.0,0.07445066772731539,0.07007215910072061,0.07445066772731539,0.07007215910072061,0.15,0.15,0.0,0.04668264346953835,0.05800774337019568,0.04668264346953835,0.05800774337019568,0.15,0.15,0.002974781731577545]"
/multi_agv/formal_execution_limiter_state,1788759157.4667838,1788759157.4667838,formal_execution_limiter_v1:header4+3x7,"[1.0,1788759157.4661462,1.0,0.07651177029872488,0.07651177029872488,0.052394974333808575,0.07651177029872488,0.052394974333808575,0.15,0.15,0.0,0.07277949435911685,0.06937052499427046,0.07277949435911685,0.06937052499427046,0.15,0.15,0.0,0.04903419184818096,0.05623988758821642,0.04903419184818096,0.05623988758821642,0.15,0.15,0.002974781731577545]"
/multi_agv/formal_execution_limiter_state,1788759157.4768245,1788759157.4768245,formal_execution_limiter_v1:header4+3x7,"[1.0,1788759157.4761503,1.0,0.07820314232323666,0.07820314232323666,0.0529837210128468,0.07820314232323666,0.0529837210128468,0.15,0.15,0.0,0.07344816054693226,0.07012480619492409,0.07344816054693226,0.07012480619492409,0.15,0.15,0.0,0.049555636379347665,0.05690477692362213,0.049555636379347665,0.05690477692362213,0.15,0.15,0.002974781731577545]"
/multi_agv/formal_execution_limiter_state,1788759157.486706,1788759157.486706,formal_execution_limiter_v1:header4+3x7,"[1.0,1788759157.4861197,1.0,0.07838363388691794,0.07838363388691794,0.05293191228055322,0.07838363388691794,0.05293191228055322,0.15,0.15,0.0,0.07361899869125182,0.07055622366441247,0.07361899869125182,0.07055622366441247,0.15,0.15,0.0,0.04957012603679008,0.05678676882536708,0.04957012603679008,0.05678676882536708,0.15,0.15,0.002974781731577545]"
/multi_agv/formal_execution_limiter_state,1788759157.4970045,1788759157.4970045,formal_execution_limiter_v1:header4+3x7,"[1.0,1788759157.4962223,1.0,0.08017739178833408,0.08017739178833408,0.04759980427796872,0.08017739178833408,0.04759980427796872,0.15,0.15,0.0,0.07379844450233085,0.07144920847009316,0.07379844450233085,0.07144920847009316,0.15,0.15,0.0,0.051275092892036994,0.057313588213241354,0.051275092892036994,0.057313588213241354,0.15,0.15,0.002974781731577545]"
/multi_agv/formal_execution_limiter_state,1788759157.5069878,1788759157.5069878,formal_execution_limiter_v1:header4+3x7,"[1.0,1788759157.5062466,1.0,0.07940044546468768,0.07940044546468768,0.04662853972116619,0.07940044546468768,0.04662853972116619,0.15,0.15,0.0,0.07366876171187275,0.07157716542639067,0.07366876171187275,0.07157716542639067,0.15,0.15,0.0,0.051856167798907615,0.05779940841874008,0.051856167798907615,0.05779940841874008,0.15,0.15,0.002974781731577545]"
/multi_agv/formal_execution_limiter_state,1788759157.5165899,1788759157.5165899,formal_execution_limiter_v1:header4+3x7,"[1.0,1788759157.5160913,1.0,0.07917388045531011,0.07917388045531011,0.04601222264693995,0.07917388045531011,0.04601222264693995,0.15,0.15,0.0,0.07398030486473284,0.07197281415651038,0.07398030486473284,0.07197281415651038,0.15,0.15,0.0,0.05226893242746149,0.05821953020350719,0.05226893242746149,0.05821953020350719,0.15,0.15,0.002974781731577545]"
/multi_agv/formal_execution_limiter_state,1788759157.526614,1788759157.526614,formal_execution_limiter_v1:header4+3x7,"[1.0,1788759157.5260918,1.0,0.07844224756270778,0.07844224756270778,0.045275005551828174,0.07844224756270778,0.045275005551828174,0.15,0.15,0.0,0.07424717584830491,0.07240326238372595,0.07424717584830491,0.07240326238372595,0.15,0.15,0.0,0.05239355078289674,0.05823475819372446,0.05239355078289674,0.05823475819372446,0.15,0.15,0.002974781731577545]"
/multi_agv/formal_execution_limiter_state,1788759157.537127,1788759157.537127,formal_execution_limiter_v1:header4+3x7,"[1.0,1788759157.5362294,1.0,0.0751880016077053,0.07262220163975781,0.047741387088048454,0.07262220163975781,0.047741387088048454,0.15,0.15,0.0,0.0751880016077053,0.0729954660005926,0.0751880016077053,0.0729954660005926,0.15,0.15,0.0,0.054204688943548754,0.0630157983503322,0.054204688943548754,0.0630157983503322,0.15,0.15,0.002974781731577545]"
/multi_agv/formal_execution_limiter_state,1788759157.546987,1788759157.546987,formal_execution_limiter_v1:header4+3x7,"[1.0,1788759157.5462003,1.0,0.07531390735013542,0.07162302299808351,0.04690707803304302,0.07162302299808351,0.04690707803304302,0.15,0.15,0.0,0.07531390735013542,0.07348210821444358,0.07531390735013542,0.07348210821444358,0.15,0.15,0.0,0.056227118749089644,0.06493091233021756,0.056227118749089644,0.06493091233021756,0.15,0.15,0.002974781731577545]"
/multi_agv/formal_execution_limiter_state,1788759157.556677,1788759157.556677,formal_execution_limiter_v1:header4+3x7,"[1.0,1788759157.556159,1.0,0.07577611357207051,0.07128930066099828,0.04643372561788729,0.07128930066099828,0.04643372561788729,0.15,0.15,0.0,0.07577611357207051,0.0740398984678739,0.07577611357207051,0.0740398984678739,0.15,0.15,0.0,0.05779602731363228,0.06654204223631141,0.05779602731363228,0.06654204223631141,0.15,0.15,0.002974781731577545]"
/multi_agv/formal_execution_limiter_state,1788759157.5667043,1788759157.5667043,formal_execution_limiter_v1:header4+3x7,"[1.0,1788759157.5661528,1.0,0.0778044174023833,0.06803627232223716,0.050628784668939886,0.06803627232223716,0.050628784668939886,0.15,0.15,0.0,0.0724574510047248,0.0778044174023833,0.0724574510047248,0.0778044174023833,0.15,0.15,0.0,0.057340552183641494,0.06452380663480851,0.057340552183641494,0.06452380663480851,0.15,0.15,0.002974781731577545]"
/multi_agv/formal_execution_limiter_state,1788759157.57668,1788759157.57668,formal_execution_limiter_v1:header4+3x7,"[1.0,1788759157.5760858,1.0,0.07836875792745052,0.06814294253796148,0.05079428641208165,0.06814294253796148,0.05079428641208165,0.15,0.15,0.0,0.0728229092042321,0.07836875792745052,0.0728229092042321,0.07836875792745052,0.15,0.15,0.0,0.05767274960191828,0.06480147796055778,0.05767274960191828,0.06480147796055778,0.15,0.15,0.002974781731577545]"
/multi_agv/formal_execution_limiter_state,1788759157.5866299,1788759157.5866299,formal_execution_limiter_v1:header4+3x7,"[1.0,1788759157.5861218,1.0,0.07869795054540815,0.06778516329944582,0.05093901012620775,0.06778516329944582,0.05093901012620775,0.15,0.15,0.0,0.07292100360370743,0.07869795054540815,0.07292100360370743,0.07869795054540815,0.15,0.15,0.0,0.05813330877495411,0.06506340811666951,0.05813330877495411,0.06506340811666951,0.15,0.15,0.002974781731577545]"
/multi_agv/formal_execution_limiter_state,1788759157.596577,1788759157.596577,formal_execution_limiter_v1:header4+3x7,"[1.0,1788759157.5960884,1.0,0.08049412493773499,0.06797105646081443,0.05155884682120749,0.06797105646081443,0.05155884682120749,0.15,0.15,0.0,0.07586362576946122,0.08049412493773499,0.07586362576946122,0.08049412493773499,0.15,0.15,0.0,0.0639991109312258,0.06218389671089443,0.0639991109312258,0.06218389671089443,0.15,0.15,0.002974781731577545]"
/multi_agv/formal_execution_limiter_state,1788759157.606824,1788759157.606824,formal_execution_limiter_v1:header4+3x7,"[1.0,1788759157.6060984,1.0,0.08120565845207012,0.07185407831259136,0.053851181307902035,0.07185407831259136,0.053851181307902035,0.15,0.15,0.0,0.0765379957009292,0.08120565845207012,0.0765379957009292,0.08120565845207012,0.15,0.15,0.0,0.06400783650501966,0.06182070102990321,0.06400783650501966,0.06182070102990321,0.15,0.15,0.002974781731577545]"
/multi_agv/formal_execution_limiter_state,1788759157.617126,1788759157.617126,formal_execution_limiter_v1:header4+3x7,"[1.0,1788759157.6162176,1.0,0.0821924633750051,0.07342928500918464,0.05523863399133234,0.07342928500918464,0.05523863399133234,0.15,0.15,0.0,0.07744518745362611,0.0821924633750051,0.07744518745362611,0.0821924633750051,0.15,0.15,0.0,0.06431104744961331,0.06163959978259313,0.06431104744961331,0.06163959978259313,0.15,0.15,0.002974781731577545]"
/multi_agv/formal_execution_limiter_state,1788759157.6266162,1788759157.6266162,formal_execution_limiter_v1:header4+3x7,"[1.0,1788759157.6261365,1.0,0.08282438549735929,0.07401606283209824,0.05631106363522531,0.07401606283209824,0.05631106363522531,0.15,0.15,0.0,0.0779268671706283,0.08282438549735929,0.0779268671706283,0.08282438549735929,0.15,0.15,0.0,0.06457628205838231,0.06107441326601649,0.06457628205838231,0.06107441326601649,0.15,0.15,0.002974781731577545]"
/multi_agv/formal_execution_limiter_state,1788759157.6366796,1788759157.6366796,formal_execution_limiter_v1:header4+3x7,"[1.0,1788759157.6361241,1.0,0.08400869820291652,0.07519334764182233,0.057210602182116585,0.07519334764182233,0.057210602182116585,0.15,0.15,0.0,0.07905604147396887,0.08400869820291652,0.07905604147396887,0.08400869820291652,0.15,0.15,0.0,0.0652325046765948,0.061349369549775074,0.0652325046765948,0.061349369549775074,0.15,0.15,0.002974781731577545]"
/multi_agv/formal_execution_limiter_state,1788759157.6466718,1788759157.6466718,formal_execution_limiter_v1:header4+3x7,"[1.0,1788759157.6460896,1.0,0.08363627550599002,0.07637645347081957,0.059480226273308616,0.07637645347081957,0.059480226273308616,0.15,0.15,0.0,0.08363627550599002,0.0806285026935853,0.08363627550599002,0.0806285026935853,0.15,0.15,0.0,0.0656884446805151,0.06194832433349682,0.0656884446805151,0.06194832433349682,0.15,0.15,0.002974781731577545]"
/multi_agv/formal_execution_limiter_state,1788759157.6567252,1788759157.6567252,formal_execution_limiter_v1:header4+3x7,"[1.0,1788759157.656119,1.0,0.08424982399726473,0.07823993869609254,0.06080141322974915,0.07823993869609254,0.06080141322974915,0.15,0.15,0.0,0.08424982399726473,0.0812514777349475,0.08424982399726473,0.0812514777349475,0.15,0.15,0.0,0.06590469869605578,0.06204059814357751,0.06590469869605578,0.06204059814357751,0.15,0.15,0.002974781731577545]"
/multi_agv/formal_execution_limiter_state,1788759157.6668518,1788759157.6668518,formal_execution_limiter_v1:header4+3x7,"[1.0,1788759157.6662462,1.0,0.08398517080503204,0.07385014196375643,0.06224840657476003,0.07385014196375643,0.06224840657476003,0.15,0.15,0.0,0.08398517080503204,0.08084643617164206,0.08398517080503204,0.08084643617164206,0.15,0.15,0.0,0.06803702768445156,0.0584868950346409,0.06803702768445156,0.0584868950346409,0.15,0.15,0.002974781731577545]"
/multi_agv/formal_execution_limiter_state,1788759157.6767685,1788759157.6767685,formal_execution_limiter_v1:header4+3x7,"[1.0,1788759157.6761339,1.0,0.08533776623528597,0.07538965796478654,0.06272756708190787,0.07538965796478654,0.06272756708190787,0.15,0.15,0.0,0.08533776623528597,0.08226477350005731,0.08533776623528597,0.08226477350005731,0.15,0.15,0.0,0.06858714211340357,0.05916226140226417,0.06858714211340357,0.05916226140226417,0.15,0.15,0.002974781731577545]"
/multi_agv/formal_execution_limiter_state,1788759157.6866772,1788759157.6866772,formal_execution_limiter_v1:header4+3x7,"[1.0,1788759157.6861088,1.0,0.0858296970002693,0.07571687272614468,0.06241864800959744,0.07571687272614468,0.06241864800959744,0.15,0.15,0.0,0.0858296970002693,0.08260413036460215,0.0858296970002693,0.08260413036460215,0.15,0.15,0.0,0.06839259241537757,0.05921718557889461,0.06839259241537757,0.05921718557889461,0.15,0.15,0.002974781731577545]"
/multi_agv/formal_execution_limiter_state,1788759157.6968713,1788759157.6968713,formal_execution_limiter_v1:header4+3x7,"[1.0,1788759157.6961153,1.0,0.08444994607725695,0.07571351446352843,0.06296341352736405,0.07571351446352843,0.06296341352736405,0.15,0.15,0.0,0.08280734168387494,0.08444994607725695,0.08280734168387494,0.08444994607725695,0.15,0.15,0.0,0.06788301873260823,0.058123624549114745,0.06788301873260823,0.058123624549114745,0.15,0.15,0.002974781731577545]"
/multi_agv/formal_execution_limiter_state,1788759157.7068155,1788759157.7068155,formal_execution_limiter_v1:header4+3x7,"[1.0,1788759157.7060897,1.0,0.08272794673181792,0.074663425163625,0.06194030890943843,0.074663425163625,0.06194030890943843,0.15,0.15,0.0,0.08142192154295065,0.08272794673181792,0.08142192154295065,0.08272794673181792,0.15,0.15,0.0,0.0660506548847786,0.05631677060581651,0.0660506548847786,0.05631677060581651,0.15,0.15,0.002974781731577545]"
/multi_agv/formal_execution_limiter_state,1788759157.7165787,1788759157.7165787,formal_execution_limiter_v1:header4+3x7,"[1.0,1788759157.7160869,1.0,0.08331227019872439,0.07580059425311905,0.06212012811701562,0.07580059425311905,0.06212012811701562,0.15,0.15,0.0,0.08195202113681216,0.08331227019872439,0.08195202113681216,0.08331227019872439,0.15,0.15,0.0,0.06588842482011555,0.05625412252070884,0.06588842482011555,0.05625412252070884,0.15,0.15,0.002974781731577545]"
/multi_agv/formal_execution_limiter_state,1788759157.726722,1788759157.726722,formal_execution_limiter_v1:header4+3x7,"[1.0,1788759157.7260864,1.0,0.08325182825062587,0.07514138915515842,0.06116586976914043,0.07514138915515842,0.06116586976914043,0.15,0.15,0.0,0.08180343324990451,0.08325182825062587,0.08180343324990451,0.08325182825062587,0.15,0.15,0.0,0.06525506004638994,0.05564725152283354,0.06525506004638994,0.05564725152283354,0.15,0.15,0.002974781731577545]"
/multi_agv/formal_execution_limiter_state,1788759157.7367694,1788759157.7367694,formal_execution_limiter_v1:header4+3x7,"[1.0,1788759157.7361445,1.0,0.08928543575380085,0.07484403172198378,0.06000068139309039,0.07484403172198378,0.06000068139309039,0.15,0.15,0.0,0.08159943237152376,0.08928543575380085,0.08159943237152376,0.08928543575380085,0.15,0.15,0.0,0.0649595091107793,0.05510725355563047,0.0649595091107793,0.05510725355563047,0.15,0.15,0.002974781731577545]"
/multi_agv/formal_execution_limiter_state,1788759157.746732,1788759157.746732,formal_execution_limiter_v1:header4+3x7,"[1.0,1788759157.7461245,1.0,0.089923438399508,0.07475910989388312,0.0598123150759251,0.07475910989388312,0.0598123150759251,0.15,0.15,0.0,0.08205551087490368,0.089923438399508,0.08205551087490368,0.089923438399508,0.15,0.15,0.0,0.06406410942287782,0.05430979301633023,0.06406410942287782,0.05430979301633023,0.15,0.15,0.002974781731577545]"
/multi_agv/formal_execution_limiter_state,1788759157.7566333,1788759157.7566333,formal_execution_limiter_v1:header4+3x7,"[1.0,1788759157.7561374,1.0,0.09059203339100336,0.07505681870174391,0.059644743681957345,0.07505681870174391,0.059644743681957345,0.15,0.15,0.0,0.08261469458616769,0.09059203339100336,0.08261469458616769,0.09059203339100336,0.15,0.15,0.0,0.0633227121223092,0.05367895720593244,0.0633227121223092,0.05367895720593244,0.15,0.15,0.002974781731577545]"
/multi_agv/formal_execution_limiter_state,1788759157.7666996,1788759157.7666996,formal_execution_limiter_v1:header4+3x7,"[1.0,1788759157.766096,1.0,0.09130450312533472,0.07645314420960124,0.054509513303393056,0.07645314420960124,0.054509513303393056,0.15,0.15,0.0,0.08206118111670996,0.09130450312533472,0.08206118111670996,0.09130450312533472,0.15,0.15,0.0,0.06265035391480477,0.053535646304942286,0.06265035391480477,0.053535646304942286,0.15,0.15,0.002974781731577545]"
/multi_agv/formal_execution_limiter_state,1788759157.7768097,1788759157.7768097,formal_execution_limiter_v1:header4+3x7,"[1.0,1788759157.7761364,1.0,0.09209542347010903,0.0757511262663807,0.053575511150925674,0.0757511262663807,0.053575511150925674,0.15,0.15,0.0,0.08275520453950895,0.09209542347010903,0.08275520453950895,0.09209542347010903,0.15,0.15,0.0,0.06254940904030974,0.05377007307746228,0.06254940904030974,0.05377007307746228,0.15,0.15,0.002974781731577545]"
/multi_agv/formal_execution_limiter_state,1788759157.7868042,1788759157.7868042,formal_execution_limiter_v1:header4+3x7,"[1.0,1788759157.7862115,1.0,0.09225327936879336,0.07524660205130304,0.053038547282277915,0.07524660205130304,0.053038547282277915,0.15,0.15,0.0,0.08280026688675034,0.09225327936879336,0.08280026688675034,0.09225327936879336,0.15,0.15,0.0,0.06206822558271995,0.05382989549723958,0.06206822558271995,0.05382989549723958,0.15,0.15,0.002974781731577545]"
/multi_agv/formal_execution_limiter_state,1788759157.796592,1788759157.796592,formal_execution_limiter_v1:header4+3x7,"[1.0,1788759157.7960875,1.0,0.09228590825372708,0.07551746778110331,0.05288701314302881,0.07551746778110331,0.05288701314302881,0.15,0.15,0.0,0.0829006197257988,0.09228590825372708,0.0829006197257988,0.09228590825372708,0.15,0.15,0.0,0.06156891428120621,0.053735020576691384,0.06156891428120621,0.053735020576691384,0.15,0.15,0.002974781731577545]"
/multi_agv/formal_execution_limiter_state,1788759157.8065681,1788759157.8065681,formal_execution_limiter_v1:header4+3x7,"[1.0,1788759157.8060915,1.0,0.09187431258423132,0.07304296760131371,0.05304690226326764,0.07304296760131371,0.05304690226326764,0.15,0.15,0.0,0.07902088870078991,0.09187431258423132,0.07902088870078991,0.09187431258423132,0.15,0.15,0.0,0.059422429230784626,0.05919263304538275,0.059422429230784626,0.05919263304538275,0.15,0.15,0.002974781731577545]"
/multi_agv/formal_execution_limiter_state,1788759157.8166733,1788759157.8166733,formal_execution_limiter_v1:header4+3x7,"[1.0,1788759157.8161912,1.0,0.09142270024112081,0.0727658626816541,0.05231185147837898,0.0727658626816541,0.05231185147837898,0.15,0.15,0.0,0.07869288384980291,0.09142270024112081,0.07869288384980291,0.09142270024112081,0.15,0.15,0.0,0.05993108649306964,0.06015358760942278,0.05993108649306964,0.06015358760942278,0.15,0.15,0.002974781731577545]"
/multi_agv/formal_execution_limiter_state,1788759157.8266838,1788759157.8266838,formal_execution_limiter_v1:header4+3x7,"[1.0,1788759157.8262377,1.0,0.09077582452923458,0.07257246156732641,0.05161961999480863,0.07257246156732641,0.05161961999480863,0.15,0.15,0.0,0.07813612982987331,0.09077582452923458,0.07813612982987331,0.09077582452923458,0.15,0.15,0.0,0.05869392267060424,0.061155610902836506,0.05869392267060424,0.061155610902836506,0.15,0.15,0.002974781731577545]"
/multi_agv/formal_execution_limiter_state,1788759157.8366761,1788759157.8366761,formal_execution_limiter_v1:header4+3x7,"[1.0,1788759157.83609,1.0,0.09020708206044567,0.07791468977109546,0.05447608914933853,0.07791468977109546,0.05447608914933853,0.15,0.15,0.0,0.07759834829453957,0.09020708206044567,0.07759834829453957,0.09020708206044567,0.15,0.15,0.0,0.05865906380008828,0.06154563166855371,0.05865906380008828,0.06154563166855371,0.15,0.15,0.002974781731577545]"
/multi_agv/formal_execution_limiter_state,1788759157.8466802,1788759157.8466802,formal_execution_limiter_v1:header4+3x7,"[1.0,1788759157.846086,1.0,0.08907676841199268,0.08004439921997372,0.05589095015278266,0.08004439921997372,0.05589095015278266,0.15,0.15,0.0,0.07685912608764604,0.08907676841199268,0.07685912608764604,0.08907676841199268,0.15,0.15,0.0,0.058010069079729526,0.06126124958046489,0.058010069079729526,0.06126124958046489,0.15,0.15,0.002974781731577545]"
/multi_agv/formal_execution_limiter_state,1788759157.8566818,1788759157.8566818,formal_execution_limiter_v1:header4+3x7,"[1.0,1788759157.856164,1.0,0.08854706287454894,0.08197684276317428,0.05702199657658648,0.08197684276317428,0.05702199657658648,0.15,0.15,0.0,0.07653237881284247,0.08854706287454894,0.07653237881284247,0.08854706287454894,0.15,0.15,0.0,0.057790027152718464,0.06123911964442633,0.057790027152718464,0.06123911964442633,0.15,0.15,0.002974781731577545]"
/multi_agv/formal_execution_limiter_state,1788759157.8666542,1788759157.8666542,formal_execution_limiter_v1:header4+3x7,"[1.0,1788759157.8661206,1.0,0.08214461333501477,0.0809254695465892,0.056495729072562714,0.0809254695465892,0.056495729072562714,0.15,0.15,0.0,0.07912194275023549,0.08214461333501477,0.07912194275023549,0.08214461333501477,0.15,0.15,0.0,0.05386814742277085,0.06273271442303935,0.05386814742277085,0.06273271442303935,0.15,0.15,0.002974781731577545]"
/multi_agv/formal_execution_limiter_state,1788759157.8767228,1788759157.8767228,formal_execution_limiter_v1:header4+3x7,"[1.0,1788759157.8761122,1.0,0.0819678583365229,0.0819678583365229,0.05694700766230893,0.0819678583365229,0.05694700766230893,0.15,0.15,0.0,0.0786779749327093,0.08149152467757655,0.0786779749327093,0.08149152467757655,0.15,0.15,0.0,0.053821822376335066,0.06282657272869793,0.053821822376335066,0.06282657272869793,0.15,0.15,0.002974781731577545]"
/multi_agv/formal_execution_limiter_state,1788759157.8865647,1788759157.8865647,formal_execution_limiter_v1:header4+3x7,"[1.0,1788759157.8861077,1.0,0.08265227747118908,0.08265227747118908,0.05752792249365568,0.08265227747118908,0.05752792249365568,0.15,0.15,0.0,0.0781719282245744,0.08041094413380097,0.0781719282245744,0.08041094413380097,0.15,0.15,0.0,0.053193061519658795,0.06231070730912885,0.053193061519658795,0.06231070730912885,0.15,0.15,0.002974781731577545]"
/multi_agv/formal_execution_limiter_state,1788759157.8966193,1788759157.8966193,formal_execution_limiter_v1:header4+3x7,"[1.0,1788759157.8961484,1.0,0.08323940838881445,0.08323940838881445,0.05785339361808371,0.08323940838881445,0.05785339361808371,0.15,0.15,0.0,0.07796729397356336,0.07981849295715168,0.07796729397356336,0.07981849295715168,0.15,0.15,0.0,0.05261699024985178,0.061860249246300014,0.05261699024985178,0.061860249246300014,0.15,0.15,0.002974781731577545]"
/multi_agv/formal_execution_limiter_state,1788759157.9067137,1788759157.9067137,formal_execution_limiter_v1:header4+3x7,"[1.0,1788759157.9061413,1.0,0.08129898140491176,0.08129898140491176,0.059591131372062234,0.08129898140491176,0.059591131372062234,0.15,0.15,0.0,0.07948441645708716,0.0757217817856078,0.07948441645708716,0.0757217817856078,0.15,0.15,0.0,0.05236996473092424,0.06496978989785357,0.05236996473092424,0.06496978989785357,0.15,0.15,0.002974781731577545]"
/multi_agv/formal_execution_limiter_state,1788759157.9170768,1788759157.9170768,formal_execution_limiter_v1:header4+3x7,"[1.0,1788759157.9162488,1.0,0.08166299842861789,0.08166299842861789,0.05968198034624443,0.08166299842861789,0.05968198034624443,0.15,0.15,0.0,0.07956106498482127,0.07543344058247153,0.07956106498482127,0.07543344058247153,0.15,0.15,0.0,0.05318555391793467,0.06585495702600656,0.05318555391793467,0.06585495702600656,0.15,0.15,0.002974781731577545]"
/multi_agv/formal_execution_limiter_state,1788759157.9269822,1788759157.9269822,formal_execution_limiter_v1:header4+3x7,"[1.0,1788759157.9261148,1.0,0.08431712290111756,0.08312276199116675,0.0595461351694292,0.08312276199116675,0.0595461351694292,0.15,0.15,0.0,0.08431712290111756,0.06990245426429251,0.08431712290111756,0.06990245426429251,0.15,0.15,0.0,0.058008032635626296,0.061571158897375404,0.058008032635626296,0.061571158897375404,0.15,0.15,0.002974781731577545]"
/multi_agv/formal_execution_limiter_state,1788759157.9368336,1788759157.9368336,formal_execution_limiter_v1:header4+3x7,"[1.0,1788759157.9361768,1.0,0.08480529497430994,0.08376846431132372,0.059950306140206126,0.08376846431132372,0.059950306140206126,0.15,0.15,0.0,0.08480529497430994,0.06995419070968878,0.08480529497430994,0.06995419070968878,0.15,0.15,0.0,0.05816403546982835,0.06182565904037223,0.05816403546982835,0.06182565904037223,0.15,0.15,0.002974781731577545]"
/multi_agv/formal_execution_limiter_state,1788759157.9467568,1788759157.9467568,formal_execution_limiter_v1:header4+3x7,"[1.0,1788759157.9461217,1.0,0.08403459741917478,0.08159301190781504,0.05927359116768502,0.08159301190781504,0.05927359116768502,0.15,0.15,0.0,0.08403459741917478,0.06830779137711059,0.08403459741917478,0.06830779137711059,0.15,0.15,0.0,0.057426251047463406,0.06067957327708562,0.057426251047463406,0.06067957327708562,0.15,0.15,0.002974781731577545]"
/multi_agv/formal_execution_limiter_state,1788759157.9566677,1788759157.9566677,formal_execution_limiter_v1:header4+3x7,"[1.0,1788759157.9561443,1.0,0.08493124007122745,0.08273024028992285,0.05943633377378385,0.08273024028992285,0.05943633377378385,0.15,0.15,0.0,0.08493124007122745,0.0692065378728559,0.08493124007122745,0.0692065378728559,0.15,0.15,0.0,0.05786779069718216,0.061238460763535535,0.05786779069718216,0.061238460763535535,0.15,0.15,0.002974781731577545]"
/multi_agv/formal_execution_limiter_state,1788759157.9665856,1788759157.9665856,formal_execution_limiter_v1:header4+3x7,"[1.0,1788759157.9660864,1.0,0.08275655347399895,0.07945903222488049,0.05880100537244674,0.07945903222488049,0.05880100537244674,0.15,0.15,0.0,0.08275655347399895,0.074127713748308,0.08275655347399895,0.074127713748308,0.15,0.15,0.0,0.061068946324623244,0.056946668818914636,0.061068946324623244,0.056946668818914636,0.15,0.15,0.002974781731577545]"
/multi_agv/formal_execution_limiter_state,1788759157.9767594,1788759157.9767594,formal_execution_limiter_v1:header4+3x7,"[1.0,1788759157.976144,1.0,0.08388035958606839,0.07909504015796848,0.05835285302443885,0.07909504015796848,0.05835285302443885,0.15,0.15,0.0,0.08388035958606839,0.07498265065068783,0.08388035958606839,0.07498265065068783,0.15,0.15,0.0,0.0610340074072438,0.05690250933102097,0.0610340074072438,0.05690250933102097,0.15,0.15,0.002974781731577545]"
/multi_agv/formal_execution_limiter_state,1788759157.986672,1788759157.986672,formal_execution_limiter_v1:header4+3x7,"[1.0,1788759157.986147,1.0,0.08445036743568297,0.07826472885525182,0.057918539426044885,0.07826472885525182,0.057918539426044885,0.15,0.15,0.0,0.08445036743568297,0.07526476652114701,0.08445036743568297,0.07526476652114701,0.15,0.15,0.0,0.060676932086336455,0.056322827109037146,0.060676932086336455,0.056322827109037146,0.15,0.15,0.002974781731577545]"
/multi_agv/formal_execution_limiter_state,1788759157.996601,1788759157.996601,formal_execution_limiter_v1:header4+3x7,"[1.0,1788759157.996091,1.0,0.08792546053834412,0.07772467295046485,0.057594556418907275,0.07772467295046485,0.057594556418907275,0.15,0.15,0.0,0.08792546053834412,0.07028450283638137,0.08792546053834412,0.07028450283638137,0.15,0.15,0.0,0.05685911724178362,0.057915202446146036,0.05685911724178362,0.057915202446146036,0.15,0.15,0.002974781731577545]"
/multi_agv/formal_execution_limiter_state,1788759158.006803,1788759158.006803,formal_execution_limiter_v1:header4+3x7,"[1.0,1788759158.0061255,1.0,0.08786633731712876,0.07565075448408323,0.056261451196918444,0.07565075448408323,0.056261451196918444,0.15,0.15,0.0,0.08786633731712876,0.0702863025710749,0.08786633731712876,0.0702863025710749,0.15,0.15,0.0,0.05612778173594702,0.05684398872217591,0.05612778173594702,0.05684398872217591,0.15,0.15,0.002974781731577545]"
/multi_agv/formal_execution_limiter_state,1788759158.0168977,1788759158.0168977,formal_execution_limiter_v1:header4+3x7,"[1.0,1788759158.0161433,1.0,0.08846720037746941,0.07509131873619468,0.05556572922740633,0.07509131873619468,0.05556572922740633,0.15,0.15,0.0,0.08846720037746941,0.07105599334092114,0.08846720037746941,0.07105599334092114,0.15,0.15,0.0,0.05572702034569536,0.056407499960304655,0.05572702034569536,0.056407499960304655,0.15,0.15,0.002974781731577545]"
/multi_agv/formal_execution_limiter_state,1788759158.0266802,1788759158.0266802,formal_execution_limiter_v1:header4+3x7,"[1.0,1788759158.026157,1.0,0.08260700335737692,0.07492399788960385,0.05607338031923251,0.07492399788960385,0.05607338031923251,0.15,0.15,0.0,0.08260700335737692,0.07662205801199024,0.08260700335737692,0.07662205801199024,0.15,0.15,0.0,0.05262594164096929,0.05613927473799152,0.05262594164096929,0.05613927473799152,0.15,0.15,0.002974781731577545]"
/multi_agv/formal_execution_limiter_state,1788759158.036617,1788759158.036617,formal_execution_limiter_v1:header4+3x7,"[1.0,1788759158.0360904,1.0,0.08376251402183443,0.07648487530142743,0.05655002352502152,0.07648487530142743,0.05655002352502152,0.15,0.15,0.0,0.08376251402183443,0.0777642407976607,0.08376251402183443,0.0777642407976607,0.15,0.15,0.0,0.05254120757659509,0.05615222739351946,0.05254120757659509,0.05615222739351946,0.15,0.15,0.002974781731577545]"
/multi_agv/formal_execution_limiter_state,1788759158.0467787,1788759158.0467787,formal_execution_limiter_v1:header4+3x7,"[1.0,1788759158.0460906,1.0,0.08332173769686035,0.07611072938127154,0.05631313854397198,0.07611072938127154,0.05631313854397198,0.15,0.15,0.0,0.08332173769686035,0.07782292847096114,0.08332173769686035,0.07782292847096114,0.15,0.15,0.0,0.051819488919888766,0.055269184006066376,0.051819488919888766,0.055269184006066376,0.15,0.15,0.002974781731577545]"
/multi_agv/formal_execution_limiter_state,1788759158.0567923,1788759158.0567923,formal_execution_limiter_v1:header4+3x7,"[1.0,1788759158.0561638,1.0,0.08365961249332782,0.07607813525820135,0.056028312189067335,0.07607813525820135,0.056028312189067335,0.15,0.15,0.0,0.08365961249332782,0.07852875512323026,0.08365961249332782,0.07852875512323026,0.15,0.15,0.0,0.05144074734954841,0.05504481945171022,0.05144074734954841,0.05504481945171022,0.15,0.15,0.002974781731577545]"
/multi_agv/formal_execution_limiter_state,1788759158.0665834,1788759158.0665834,formal_execution_limiter_v1:header4+3x7,"[1.0,1788759158.0661082,1.0,0.08950776622148617,0.07939740139905223,0.05464839545106035,0.07939740139905223,0.05464839545106035,0.15,0.15,0.0,0.07724547915163872,0.08950776622148617,0.07724547915163872,0.08950776622148617,0.15,0.15,0.0,0.05476894369929492,0.05218882216030788,0.05476894369929492,0.05218882216030788,0.15,0.15,0.002974781731577545]"
/multi_agv/formal_execution_limiter_state,1788759158.0766153,1788759158.0766153,formal_execution_limiter_v1:header4+3x7,"[1.0,1788759158.0760896,1.0,0.09096565895286403,0.08055919052604359,0.0552606799217986,0.08055919052604359,0.0552606799217986,0.15,0.15,0.0,0.07832734486091163,0.09096565895286403,0.07832734486091163,0.09096565895286403,0.15,0.15,0.0,0.05474072354450205,0.05216803749955765,0.05474072354450205,0.05216803749955765,0.15,0.15,0.002974781731577545]"
/multi_agv/formal_execution_limiter_state,1788759158.0865314,1788759158.0865314,formal_execution_limiter_v1:header4+3x7,"[1.0,1788759158.086093,1.0,0.09153817949391595,0.080910440502721,0.05552685061665158,0.080910440502721,0.05552685061665158,0.15,0.15,0.0,0.07850007145045977,0.09153817949391595,0.07850007145045977,0.09153817949391595,0.15,0.15,0.0,0.054476386188784975,0.05182162854514456,0.054476386188784975,0.05182162854514456,0.15,0.15,0.002974781731577545]"
/multi_agv/formal_execution_limiter_state,1788759158.096637,1788759158.096637,formal_execution_limiter_v1:header4+3x7,"[1.0,1788759158.0961125,1.0,0.0923612204750844,0.08136636684195427,0.05561098441501939,0.08136636684195427,0.05561098441501939,0.15,0.15,0.0,0.07915490033605259,0.0923612204750844,0.07915490033605259,0.0923612204750844,0.15,0.15,0.0,0.054497049489754736,0.051874705463482586,0.054497049489754736,0.051874705463482586,0.15,0.15,0.002974781731577545]"
/multi_agv/formal_execution_limiter_state,1788759158.1065993,1788759158.1065993,formal_execution_limiter_v1:header4+3x7,"[1.0,1788759158.106154,1.0,0.08806493270223117,0.07847069528243442,0.057280224804451135,0.07847069528243442,0.057280224804451135,0.15,0.15,0.0,0.08806493270223117,0.08220598291239628,0.08806493270223117,0.08220598291239628,0.15,0.15,0.0,0.05293103005282825,0.05381950628004795,0.05293103005282825,0.05381950628004795,0.15,0.15,0.002974781731577545]"
/multi_agv/formal_execution_limiter_state,1788759158.1165593,1788759158.1165593,formal_execution_limiter_v1:header4+3x7,"[1.0,1788759158.1160908,1.0,0.08970143498302069,0.0801145894910061,0.05781780756622217,0.0801145894910061,0.05781780756622217,0.15,0.15,0.0,0.08970143498302069,0.08380402197909814,0.08970143498302069,0.08380402197909814,0.15,0.15,0.0,0.05378085920734119,0.05478546062411701,0.05378085920734119,0.05478546062411701,0.15,0.15,0.002974781731577545]"
/multi_agv/formal_execution_limiter_state,1788759158.126699,1788759158.126699,formal_execution_limiter_v1:header4+3x7,"[1.0,1788759158.1260917,1.0,0.08991063929588693,0.08064208154717474,0.05824659703245001,0.08064208154717474,0.05824659703245001,0.15,0.15,0.0,0.08991063929588693,0.0841066729804175,0.08991063929588693,0.0841066729804175,0.15,0.15,0.0,0.05378257967078089,0.05457297929864293,0.05378257967078089,0.05457297929864293,0.15,0.15,0.002974781731577545]"
/multi_agv/formal_execution_limiter_state,1788759158.1366887,1788759158.1366887,formal_execution_limiter_v1:header4+3x7,"[1.0,1788759158.1361632,1.0,0.08927894846246104,0.07956756219816362,0.05651691087531814,0.07956756219816362,0.05651691087531814,0.15,0.15,0.0,0.08508158889584613,0.08927894846246104,0.08508158889584613,0.08927894846246104,0.15,0.15,0.0,0.052852307199797895,0.05404261229114595,0.052852307199797895,0.05404261229114595,0.15,0.15,0.002974781731577545]"
/multi_agv/formal_execution_limiter_state,1788759158.1465847,1788759158.1465847,formal_execution_limiter_v1:header4+3x7,"[1.0,1788759158.1460907,1.0,0.08864137377833568,0.07812616097935227,0.055527691298287246,0.07812616097935227,0.055527691298287246,0.15,0.15,0.0,0.08483540063927418,0.08864137377833568,0.08483540063927418,0.08864137377833568,0.15,0.15,0.0,0.05252796948241225,0.0536334164752675,0.05252796948241225,0.0536334164752675,0.15,0.15,0.002974781731577545]"
/multi_agv/formal_execution_limiter_state,1788759158.1566489,1788759158.1566489,formal_execution_limiter_v1:header4+3x7,"[1.0,1788759158.1560912,1.0,0.08891192158174031,0.07754352955048957,0.0549139452180134,0.07754352955048957,0.0549139452180134,0.15,0.15,0.0,0.08533625246113676,0.08891192158174031,0.08533625246113676,0.08891192158174031,0.15,0.15,0.0,0.052670666749514566,0.053760044180844305,0.052670666749514566,0.053760044180844305,0.15,0.15,0.002974781731577545]"
/multi_agv/formal_execution_limiter_state,1788759158.1666288,1788759158.1666288,formal_execution_limiter_v1:header4+3x7,"[1.0,1788759158.1660907,1.0,0.08923769178234485,0.08262749667077524,0.0511996173249048,0.08262749667077524,0.0511996173249048,0.15,0.15,0.0,0.08515379181212064,0.08923769178234485,0.08515379181212064,0.08923769178234485,0.15,0.15,0.0,0.0541442793029066,0.05144737306124864,0.0541442793029066,0.05144737306124864,0.15,0.15,0.002974781731577545]"
/multi_agv/formal_execution_limiter_state,1788759158.1767766,1788759158.1767766,formal_execution_limiter_v1:header4+3x7,"[1.0,1788759158.1761413,1.0,0.08947075620253488,0.08294580305768877,0.051403968756721305,0.08294580305768877,0.051403968756721305,0.15,0.15,0.0,0.08551707112277425,0.08947075620253488,0.08551707112277425,0.08947075620253488,0.15,0.15,0.0,0.05401115401711619,0.051105777138921116,0.05401115401711619,0.051105777138921116,0.15,0.15,0.002974781731577545]"
/multi_agv/formal_execution_limiter_state,1788759158.1868503,1788759158.1868503,formal_execution_limiter_v1:header4+3x7,"[1.0,1788759158.186135,1.0,0.08888853559195092,0.08232819110811601,0.051220447114079,0.08232819110811601,0.051220447114079,0.15,0.15,0.0,0.08505577488514782,0.08888853559195092,0.08505577488514782,0.08888853559195092,0.15,0.15,0.0,0.05363562796067508,0.050639470808242486,0.05363562796067508,0.050639470808242486,0.15,0.15,0.002974781731577545]"
/multi_agv/formal_execution_limiter_state,1788759158.1966817,1788759158.1966817,formal_execution_limiter_v1:header4+3x7,"[1.0,1788759158.196112,1.0,0.0889030229429778,0.08207578121960997,0.050938125508686136,0.08207578121960997,0.050938125508686136,0.15,0.15,0.0,0.08508890531967012,0.0889030229429778,0.08508890531967012,0.0889030229429778,0.15,0.15,0.0,0.053789098896774495,0.05084306789587094,0.053789098896774495,0.05084306789587094,0.15,0.15,0.002974781731577545]"
/multi_agv/formal_execution_limiter_state,1788759158.2067313,1788759158.2067313,formal_execution_limiter_v1:header4+3x7,"[1.0,1788759158.2060926,1.0,0.08660560213702403,0.07619996583376226,0.055586409697975174,0.07619996583376226,0.055586409697975174,0.15,0.15,0.0,0.08439271790015374,0.08660560213702403,0.08439271790015374,0.08660560213702403,0.15,0.15,0.0,0.05413401771453325,0.050637302954607395,0.05413401771453325,0.050637302954607395,0.15,0.15,0.002974781731577545]"
/multi_agv/formal_execution_limiter_state,1788759158.2168696,1788759158.2168696,formal_execution_limiter_v1:header4+3x7,"[1.0,1788759158.216215,1.0,0.08640963388709512,0.07660154590013211,0.055851010916180235,0.07660154590013211,0.055851010916180235,0.15,0.15,0.0,0.08427016235388733,0.08640963388709512,0.08427016235388733,0.08640963388709512,0.15,0.15,0.0,0.05408241829131474,0.05050811543090031,0.05408241829131474,0.05050811543090031,0.15,0.15,0.002974781731577545]"
/multi_agv/formal_execution_limiter_state,1788759158.226718,1788759158.226718,formal_execution_limiter_v1:header4+3x7,"[1.0,1788759158.2261279,1.0,0.08548384184179271,0.07673175006470329,0.05622625714156984,0.07673175006470329,0.05622625714156984,0.15,0.15,0.0,0.08332572776499762,0.08548384184179271,0.08332572776499762,0.08548384184179271,0.15,0.15,0.0,0.05365907170706791,0.04989936979331985,0.05365907170706791,0.04989936979331985,0.15,0.15,0.002974781731577545]"
/multi_agv/formal_execution_limiter_state,1788759158.2366967,1788759158.2366967,formal_execution_limiter_v1:header4+3x7,"[1.0,1788759158.2361245,1.0,0.08531987430168396,0.07908611276532203,0.04896331359723664,0.07908611276532203,0.04896331359723664,0.15,0.15,0.0,0.08531987430168396,0.08426578730730848,0.08531987430168396,0.08426578730730848,0.15,0.15,0.0,0.04962981555540086,0.056338292510472385,0.04962981555540086,0.056338292510472385,0.15,0.15,0.002974781731577545]"
/multi_agv/formal_execution_limiter_state,1788759158.2468185,1788759158.2468185,formal_execution_limiter_v1:header4+3x7,"[1.0,1788759158.2460916,1.0,0.08536852759565262,0.07683231376248519,0.04736925301888824,0.07683231376248519,0.04736925301888824,0.15,0.15,0.0,0.08536852759565262,0.08434820423551655,0.08536852759565262,0.08434820423551655,0.15,0.15,0.0,0.050458213269773906,0.057171395040078,0.050458213269773906,0.057171395040078,0.15,0.15,0.002974781731577545]"
/multi_agv/formal_execution_limiter_state,1788759158.2568326,1788759158.2568326,formal_execution_limiter_v1:header4+3x7,"[1.0,1788759158.2560906,1.0,0.08607002829406778,0.07551674134365928,0.04631148218371413,0.07551674134365928,0.04631148218371413,0.15,0.15,0.0,0.08607002829406778,0.08504375479949917,0.08607002829406778,0.08504375479949917,0.15,0.15,0.0,0.05124255255723235,0.0579520943574821,0.05124255255723235,0.0579520943574821,0.15,0.15,0.002974781731577545]"
/multi_agv/formal_execution_limiter_state,1788759158.266907,1788759158.266907,formal_execution_limiter_v1:header4+3x7,"[1.0,1788759158.2661223,1.0,0.08619857112878215,0.07142553814163154,0.05157273064531359,0.07142553814163154,0.05157273064531359,0.15,0.15,0.0,0.08619857112878215,0.0836550135032273,0.08619857112878215,0.0836550135032273,0.15,0.15,0.0,0.051429458579779916,0.05812781340902523,0.051429458579779916,0.05812781340902523,0.15,0.15,0.002974781731577545]"
/multi_agv/formal_execution_limiter_state,1788759158.2769127,1788759158.2769127,formal_execution_limiter_v1:header4+3x7,"[1.0,1788759158.27609,1.0,0.08614894457672084,0.07188293834511564,0.0518837711898141,0.07188293834511564,0.0518837711898141,0.15,0.15,0.0,0.08614894457672084,0.08347104561509672,0.08614894457672084,0.08347104561509672,0.15,0.15,0.0,0.05168054729475606,0.0584555396946356,0.05168054729475606,0.0584555396946356,0.15,0.15,0.002974781731577545]"
/multi_agv/formal_execution_limiter_state,1788759158.2868724,1788759158.2868724,formal_execution_limiter_v1:header4+3x7,"[1.0,1788759158.2860904,1.0,0.08581586425207169,0.07155027324281928,0.0517301719474325,0.07155027324281928,0.0517301719474325,0.15,0.15,0.0,0.08581586425207169,0.0827788967297585,0.08581586425207169,0.0827788967297585,0.15,0.15,0.0,0.05199963475798234,0.059058150225705576,0.05199963475798234,0.059058150225705576,0.15,0.15,0.002974781731577545]"
/multi_agv/formal_execution_limiter_state,1788759158.296944,1788759158.296944,formal_execution_limiter_v1:header4+3x7,"[1.0,1788759158.2961454,1.0,0.08621847845022462,0.07166455699449537,0.051649992459330385,0.07166455699449537,0.051649992459330385,0.15,0.15,0.0,0.08621847845022462,0.08297567799315597,0.08621847845022462,0.08297567799315597,0.15,0.15,0.0,0.05258747655810778,0.05978437636919907,0.05258747655810778,0.05978437636919907,0.15,0.15,0.002974781731577545]"
/multi_agv/formal_execution_limiter_state,1788759158.3067968,1788759158.3067968,formal_execution_limiter_v1:header4+3x7,"[1.0,1788759158.3060908,1.0,0.08498405810732071,0.07167855697715579,0.05055354512860266,0.07167855697715579,0.05055354512860266,0.15,0.15,0.0,0.08452786047692618,0.08498405810732071,0.08452786047692618,0.08498405810732071,0.15,0.15,0.0,0.04807671709939952,0.0611401761560105,0.04807671709939952,0.0611401761560105,0.15,0.15,0.002974781731577545]"
/multi_agv/formal_execution_limiter_state,1788759158.3170505,1788759158.3170505,formal_execution_limiter_v1:header4+3x7,"[1.0,1788759158.3160965,1.0,0.08518859911135071,0.07219104249086276,0.05098549877539739,0.07219104249086276,0.05098549877539739,0.15,0.15,0.0,0.08479090141479531,0.08518859911135071,0.08479090141479531,0.08518859911135071,0.15,0.15,0.0,0.04760789287285152,0.06048705348308039,0.04760789287285152,0.06048705348308039,0.15,0.15,0.002974781731577545]"
/multi_agv/formal_execution_limiter_state,1788759158.327012,1788759158.327012,formal_execution_limiter_v1:header4+3x7,"[1.0,1788759158.326093,1.0,0.08625852261017482,0.07363722834000891,0.05139162906071365,0.07363722834000891,0.05139162906071365,0.15,0.15,0.0,0.08593554522998147,0.08625852261017482,0.08593554522998147,0.08625852261017482,0.15,0.15,0.0,0.04768121789008531,0.06064662101560518,0.04768121789008531,0.06064662101560518,0.15,0.15,0.002974781731577545]"
/multi_agv/formal_execution_limiter_state,1788759158.33688,1788759158.33688,formal_execution_limiter_v1:header4+3x7,"[1.0,1788759158.3361301,1.0,0.08738817512517588,0.07514550116854354,0.051840196207240334,0.07514550116854354,0.051840196207240334,0.15,0.15,0.0,0.08714427466842306,0.08738817512517588,0.08714427466842306,0.08738817512517588,0.15,0.15,0.0,0.04779274303630503,0.0608446721368744,0.04779274303630503,0.0608446721368744,0.15,0.15,0.002974781731577545]"
/multi_agv/formal_execution_limiter_state,1788759158.34679,1788759158.34679,formal_execution_limiter_v1:header4+3x7,"[1.0,1788759158.3461454,1.0,0.08857058178204923,0.07670639054078729,0.052328497281753504,0.07670639054078729,0.052328497281753504,0.15,0.15,0.0,0.08840976238331914,0.08857058178204923,0.08840976238331914,0.08857058178204923,0.15,0.15,0.0,0.047941845170143715,0.061079978776823085,0.047941845170143715,0.061079978776823085,0.15,0.15,0.002974781731577545]"
/multi_agv/formal_execution_limiter_state,1788759158.357055,1788759158.357055,formal_execution_limiter_v1:header4+3x7,"[1.0,1788759158.3561254,1.0,0.08980369156912994,0.07831729359194836,0.052855488916407324,0.07831729359194836,0.052855488916407324,0.15,0.15,0.0,0.089729956053698,0.08980369156912994,0.089729956053698,0.08980369156912994,0.15,0.15,0.0,0.04812785706449636,0.061351713127280424,0.04812785706449636,0.061351713127280424,0.15,0.15,0.002974781731577545]"
/multi_agv/formal_execution_limiter_state,1788759158.3669417,1788759158.3669417,formal_execution_limiter_v1:header4+3x7,"[1.0,1788759158.3661578,1.0,0.08170488704003462,0.0708697896510234,0.052892097676696254,0.0708697896510234,0.052892097676696254,0.15,0.15,0.0,0.08170488704003462,0.07798145981369356,0.08170488704003462,0.07798145981369356,0.15,0.15,0.0,0.05197283287155872,0.05497201140639293,0.05197283287155872,0.05497201140639293,0.15,0.15,0.002974781731577545]"
/multi_agv/formal_execution_limiter_state,1788759158.3767314,1788759158.3767314,formal_execution_limiter_v1:header4+3x7,"[1.0,1788759158.3761275,1.0,0.0817777409076189,0.07238203313992651,0.05335684666387076,0.07238203313992651,0.05335684666387076,0.15,0.15,0.0,0.0817777409076189,0.0779935242997553,0.0817777409076189,0.0779935242997553,0.15,0.15,0.0,0.05264329475688274,0.05572705294265414,0.05264329475688274,0.05572705294265414,0.15,0.15,0.002974781731577545]"
/multi_agv/formal_execution_limiter_state,1788759158.386742,1788759158.386742,formal_execution_limiter_v1:header4+3x7,"[1.0,1788759158.386092,1.0,0.08088715531298567,0.07218551779588162,0.053136658744816045,0.07218551779588162,0.053136658744816045,0.15,0.15,0.0,0.08088715531298567,0.07698674425117309,0.08088715531298567,0.07698674425117309,0.15,0.15,0.0,0.0534371968369784,0.05604872516972036,0.0534371968369784,0.05604872516972036,0.15,0.15,0.002974781731577545]"
/multi_agv/formal_execution_limiter_state,1788759158.3967643,1788759158.3967643,formal_execution_limiter_v1:header4+3x7,"[1.0,1788759158.39609,1.0,0.0874498872113763,0.07209568440904542,0.055552481814084446,0.07209568440904542,0.055552481814084446,0.15,0.15,0.0,0.0874498872113763,0.08146047327744939,0.0874498872113763,0.08146047327744939,0.15,0.15,0.0,0.05508697165553171,0.05538134189149416,0.05508697165553171,0.05538134189149416,0.15,0.15,0.002974781731577545]"
/multi_agv/formal_execution_limiter_state,1788759158.406915,1788759158.406915,formal_execution_limiter_v1:header4+3x7,"[1.0,1788759158.4061093,1.0,0.08951154612461011,0.07253271074850988,0.05614267328819943,0.07253271074850988,0.05614267328819943,0.15,0.15,0.0,0.08951154612461011,0.08326260842895004,0.08951154612461011,0.08326260842895004,0.15,0.15,0.0,0.05510064670628288,0.05487154595871782,0.05510064670628288,0.05487154595871782,0.15,0.15,0.002974781731577545]"
/multi_agv/formal_execution_limiter_state,1788759158.4169953,1788759158.4169953,formal_execution_limiter_v1:header4+3x7,"[1.0,1788759158.4161448,1.0,0.09157119228196328,0.07394659694933647,0.057201010393161195,0.07394659694933647,0.057201010393161195,0.15,0.15,0.0,0.09157119228196328,0.08502371891484964,0.09157119228196328,0.08502371891484964,0.15,0.15,0.0,0.05516213224603235,0.05453632882989355,0.05516213224603235,0.05453632882989355,0.15,0.15,0.002974781731577545]"
/multi_agv/formal_execution_limiter_state,1788759158.4270458,1788759158.4270458,formal_execution_limiter_v1:header4+3x7,"[1.0,1788759158.4261432,1.0,0.09291672676989365,0.0747908358989243,0.05797147063908615,0.0747908358989243,0.05797147063908615,0.15,0.15,0.0,0.09291672676989365,0.08604995423668277,0.09291672676989365,0.08604995423668277,0.15,0.15,0.0,0.05549020216528094,0.054226976960212996,0.05549020216528094,0.054226976960212996,0.15,0.15,0.002974781731577545]"
/multi_agv/formal_execution_limiter_state,1788759158.436896,1788759158.436896,formal_execution_limiter_v1:header4+3x7,"[1.0,1788759158.4360905,1.0,0.0933547784250478,0.0741036535735552,0.05663047195501011,0.0741036535735552,0.05663047195501011,0.15,0.15,0.0,0.0933547784250478,0.091345902685386,0.0933547784250478,0.091345902685386,0.15,0.15,0.0,0.06006314535922638,0.0527250428677814,0.06006314535922638,0.0527250428677814,0.15,0.15,0.002974781731577545]"
/multi_agv/formal_execution_limiter_state,1788759158.4470835,1788759158.4470835,formal_execution_limiter_v1:header4+3x7,"[1.0,1788759158.4461818,1.0,0.09509449472442795,0.07321283090621042,0.05599957826228447,0.07321283090621042,0.05599957826228447,0.15,0.15,0.0,0.09509449472442795,0.0928670483759844,0.09509449472442795,0.0928670483759844,0.15,0.15,0.0,0.060693864646749994,0.05277400310662495,0.060693864646749994,0.05277400310662495,0.15,0.15,0.002974781731577545]"
/multi_agv/formal_execution_limiter_state,1788759158.4569175,1788759158.4569175,formal_execution_limiter_v1:header4+3x7,"[1.0,1788759158.4560938,1.0,0.09687790241777608,0.07336595819941631,0.05601222029753562,0.07336595819941631,0.05601222029753562,0.15,0.15,0.0,0.09687790241777608,0.09442031255749125,0.09687790241777608,0.09442031255749125,0.15,0.15,0.0,0.0609176963420118,0.05265226816836989,0.0609176963420118,0.05265226816836989,0.15,0.15,0.002974781731577545]"
/multi_agv/formal_execution_limiter_state,1788759158.4670286,1788759158.4670286,formal_execution_limiter_v1:header4+3x7,"[1.0,1788759158.4662266,1.0,0.09901389612289277,0.07733376125367594,0.05051668946720703,0.07733376125367594,0.05051668946720703,0.15,0.15,0.0,0.09901389612289277,0.0972748643945239,0.09901389612289277,0.0972748643945239,0.15,0.15,0.0,0.05363369222698348,0.056549287593158505,0.05363369222698348,0.056549287593158505,0.15,0.15,0.002974781731577545]"
/multi_agv/formal_execution_limiter_state,1788759158.4770977,1788759158.4770977,formal_execution_limiter_v1:header4+3x7,"[1.0,1788759158.4761832,1.0,0.10066144903821923,0.07714859125497031,0.05002677497963812,0.07714859125497031,0.05002677497963812,0.15,0.15,0.0,0.10066144903821923,0.09893493793641193,0.10066144903821923,0.09893493793641193,0.15,0.15,0.0,0.05383632594634082,0.05650654151312493,0.05383632594634082,0.05650654151312493,0.15,0.15,0.002974781731577545]"
/multi_agv/formal_execution_limiter_state,1788759158.487043,1788759158.487043,formal_execution_limiter_v1:header4+3x7,"[1.0,1788759158.486198,1.0,0.10156827508949369,0.07619321399557002,0.04906033490843988,0.07619321399557002,0.04906033490843988,0.15,0.15,0.0,0.10156827508949369,0.10004581809339337,0.10156827508949369,0.10004581809339337,0.15,0.15,0.0,0.0542422229281976,0.05651664346165971,0.0542422229281976,0.05651664346165971,0.15,0.15,0.002974781731577545]"
/multi_agv/formal_execution_limiter_state,1788759158.4969761,1788759158.4969761,formal_execution_limiter_v1:header4+3x7,"[1.0,1788759158.4961088,1.0,0.1039953926574512,0.07223780357471087,0.05453752527138977,0.07223780357471087,0.05453752527138977,0.15,0.15,0.0,0.1039953926574512,0.09850874113913297,0.1039953926574512,0.09850874113913297,0.15,0.15,0.0,0.05761348399084695,0.05271673079267193,0.05761348399084695,0.05271673079267193,0.15,0.15,0.002974781731577545]"
/multi_agv/formal_execution_limiter_state,1788759158.5069861,1788759158.5069861,formal_execution_limiter_v1:header4+3x7,"[1.0,1788759158.5061424,1.0,0.10420758314706396,0.07303148986421026,0.055246028314978345,0.07303148986421026,0.055246028314978345,0.15,0.15,0.0,0.10420758314706396,0.09853864475588456,0.10420758314706396,0.09853864475588456,0.15,0.15,0.0,0.05682106562278664,0.051830377904732085,0.05682106562278664,0.051830377904732085,0.15,0.15,0.002974781731577545]"
/multi_agv/formal_execution_limiter_state,1788759158.5173,1788759158.5173,formal_execution_limiter_v1:header4+3x7,"[1.0,1788759158.5162406,1.0,0.1044764360133955,0.07430991779288923,0.0559652542176986,0.07430991779288923,0.0559652542176986,0.15,0.15,0.0,0.1044764360133955,0.09877488200447167,0.1044764360133955,0.09877488200447167,0.15,0.15,0.0,0.05646253072009736,0.05159426152805221,0.05646253072009736,0.05159426152805221,0.15,0.15,0.002974781731577545]"
/multi_agv/formal_execution_limiter_state,1788759158.527153,1788759158.527153,formal_execution_limiter_v1:header4+3x7,"[1.0,1788759158.5261245,1.0,0.1042039571849583,0.07461674024113474,0.056045116213045275,0.07461674024113474,0.056045116213045275,0.15,0.15,0.0,0.1042039571849583,0.0984327544005864,0.1042039571849583,0.0984327544005864,0.15,0.15,0.0,0.05639326126702536,0.05172698928159944,0.05639326126702536,0.05172698928159944,0.15,0.15,0.002974781731577545]"
/multi_agv/formal_execution_limiter_state,1788759158.5369613,1788759158.5369613,formal_execution_limiter_v1:header4+3x7,"[1.0,1788759158.5360913,1.0,0.10663578507383041,0.07733473463495145,0.052151669407405885,0.07733473463495145,0.052151669407405885,0.15,0.15,0.0,0.10663578507383041,0.09698474878363532,0.10663578507383041,0.09698474878363532,0.15,0.15,0.0,0.058315330445812254,0.05513215737229104,0.058315330445812254,0.05513215737229104,0.15,0.15,0.002974781731577545]"
/multi_agv/formal_execution_limiter_state,1788759158.5468843,1788759158.5468843,formal_execution_limiter_v1:header4+3x7,"[1.0,1788759158.546124,1.0,0.10635838280725804,0.07701211092518313,0.05212766645720261,0.07701211092518313,0.05212766645720261,0.15,0.15,0.0,0.10635838280725804,0.09636429494897666,0.10635838280725804,0.09636429494897666,0.15,0.15,0.0,0.05894611390779685,0.05573043482232159,0.05894611390779685,0.05573043482232159,0.15,0.15,0.002974781731577545]"
/multi_agv/formal_execution_limiter_state,1788759158.5569494,1788759158.5569494,formal_execution_limiter_v1:header4+3x7,"[1.0,1788759158.5561335,1.0,0.10623170942439264,0.07759820987026265,0.05261985280340743,0.07759820987026265,0.05261985280340743,0.15,0.15,0.0,0.10623170942439264,0.09609524142562784,0.10623170942439264,0.09609524142562784,0.15,0.15,0.0,0.05946061162335406,0.05617660264562209,0.05946061162335406,0.05617660264562209,0.15,0.15,0.002974781731577545]"
/multi_agv/formal_execution_limiter_state,1788759158.5668902,1788759158.5668902,formal_execution_limiter_v1:header4+3x7,"[1.0,1788759158.5660882,1.0,0.10321942873500907,0.07610163106789317,0.055683734414167636,0.07610163106789317,0.055683734414167636,0.15,0.15,0.0,0.10321942873500907,0.09330823463445455,0.10321942873500907,0.09330823463445455,0.15,0.15,0.0,0.058968697416210455,0.057271049654966585,0.058968697416210455,0.057271049654966585,0.15,0.15,0.002974781731577545]"
/multi_agv/formal_execution_limiter_state,1788759158.5770993,1788759158.5770993,formal_execution_limiter_v1:header4+3x7,"[1.0,1788759158.5761223,1.0,0.10355048956709734,0.0782248898734288,0.056622327687207374,0.0782248898734288,0.056622327687207374,0.15,0.15,0.0,0.10355048956709734,0.09351699784096987,0.10355048956709734,0.09351699784096987,0.15,0.15,0.0,0.060112267574696836,0.05846723819814396,0.060112267574696836,0.05846723819814396,0.15,0.15,0.002974781731577545]"
/multi_agv/formal_execution_limiter_state,1788759158.586875,1788759158.586875,formal_execution_limiter_v1:header4+3x7,"[1.0,1788759158.5860908,1.0,0.10259884689164182,0.07846116091199418,0.05697344934861323,0.07846116091199418,0.05697344934861323,0.15,0.15,0.0,0.10259884689164182,0.09229236958675414,0.10259884689164182,0.09229236958675414,0.15,0.15,0.0,0.060575900004222256,0.05883318142839249,0.060575900004222256,0.05883318142839249,0.15,0.15,0.002974781731577545]"
/multi_agv/formal_execution_limiter_state,1788759158.596858,1788759158.596858,formal_execution_limiter_v1:header4+3x7,"[1.0,1788759158.5960898,1.0,0.1020309171528852,0.07956134647157281,0.05773731591718224,0.07956134647157281,0.05773731591718224,0.15,0.15,0.0,0.1020309171528852,0.09163587150353295,0.1020309171528852,0.09163587150353295,0.15,0.15,0.0,0.06065617374289189,0.058918991136036734,0.06065617374289189,0.058918991136036734,0.15,0.15,0.002974781731577545]"
/multi_agv/formal_execution_limiter_state,1788759158.6068678,1788759158.6068678,formal_execution_limiter_v1:header4+3x7,"[1.0,1788759158.6060905,1.0,0.09985483644903527,0.07886115088024231,0.0610656481723775,0.07886115088024231,0.0610656481723775,0.15,0.15,0.0,0.09985483644903527,0.09087479856950319,0.09985483644903527,0.09087479856950319,0.15,0.15,0.0,0.06203997874584389,0.05704845385628856,0.06203997874584389,0.05704845385628856,0.15,0.15,0.002974781731577545]"
/multi_agv/formal_execution_limiter_state,1788759158.6168854,1788759158.6168854,formal_execution_limiter_v1:header4+3x7,"[1.0,1788759158.6160877,1.0,0.09913030330160187,0.07997986110702415,0.06186278180087834,0.07997986110702415,0.06186278180087834,0.15,0.15,0.0,0.09913030330160187,0.09010155034664179,0.09913030330160187,0.09010155034664179,0.15,0.15,0.0,0.062310744551690105,0.057351914872457964,0.062310744551690105,0.057351914872457964,0.15,0.15,0.002974781731577545]"
/multi_agv/formal_execution_limiter_state,1788759158.626872,1788759158.626872,formal_execution_limiter_v1:header4+3x7,"[1.0,1788759158.626093,1.0,0.09820551342769897,0.07986862183642844,0.06193647674016311,0.07986862183642844,0.06193647674016311,0.15,0.15,0.0,0.09820551342769897,0.08911550989294688,0.09820551342769897,0.08911550989294688,0.15,0.15,0.0,0.06248608687543988,0.05764267768235041,0.06248608687543988,0.05764267768235041,0.15,0.15,0.002974781731577545]"
/multi_agv/formal_execution_limiter_state,1788759158.6368053,1788759158.6368053,formal_execution_limiter_v1:header4+3x7,"[1.0,1788759158.63609,1.0,0.09417702648307302,0.08237319149037105,0.062176320651242026,0.08237319149037105,0.062176320651242026,0.15,0.15,0.0,0.09282676686021882,0.09417702648307302,0.09282676686021882,0.09417702648307302,0.15,0.15,0.0,0.0617692576274756,0.056928326737282244,0.0617692576274756,0.056928326737282244,0.15,0.15,0.002974781731577545]"
/multi_agv/formal_execution_limiter_state,1788759158.6470335,1788759158.6470335,formal_execution_limiter_v1:header4+3x7,"[1.0,1788759158.6461287,1.0,0.0932829330679207,0.08324523444718783,0.06300488894544422,0.08324523444718783,0.06300488894544422,0.15,0.15,0.0,0.09163625927861406,0.0932829330679207,0.09163625927861406,0.0932829330679207,0.15,0.15,0.0,0.06064333844139651,0.05602612579745174,0.06064333844139651,0.05602612579745174,0.15,0.15,0.002974781731577545]"
/multi_agv/formal_execution_limiter_state,1788759158.657037,1788759158.657037,formal_execution_limiter_v1:header4+3x7,"[1.0,1788759158.6561494,1.0,0.09280278237509712,0.08466573398140465,0.06398341065926524,0.08466573398140465,0.06398341065926524,0.15,0.15,0.0,0.09105543048931666,0.09280278237509712,0.09105543048931666,0.09280278237509712,0.15,0.15,0.0,0.05993160503073015,0.05539748846308122,0.05993160503073015,0.05539748846308122,0.15,0.15,0.002974781731577545]"
/multi_agv/formal_execution_limiter_state,1788759158.6668866,1788759158.6668866,formal_execution_limiter_v1:header4+3x7,"[1.0,1788759158.6661575,1.0,0.09206721424655041,0.08404418281436521,0.06306775979637452,0.08404418281436521,0.06306775979637452,0.15,0.15,0.0,0.09100969022395848,0.09206721424655041,0.09100969022395848,0.09206721424655041,0.15,0.15,0.0,0.06017553795702538,0.058201313490304135,0.06017553795702538,0.058201313490304135,0.15,0.15,0.002974781731577545]"
/multi_agv/formal_execution_limiter_state,1788759158.67679,1788759158.67679,formal_execution_limiter_v1:header4+3x7,"[1.0,1788759158.6760955,1.0,0.0920550734607314,0.08396224852997142,0.06282913083256497,0.08396224852997142,0.06282913083256497,0.15,0.15,0.0,0.09091801726101902,0.0920550734607314,0.09091801726101902,0.0920550734607314,0.15,0.15,0.0,0.06059523819708681,0.05885074733250598,0.06059523819708681,0.05885074733250598,0.15,0.15,0.002974781731577545]"
/multi_agv/formal_execution_limiter_state,1788759158.687056,1788759158.687056,formal_execution_limiter_v1:header4+3x7,"[1.0,1788759158.6861448,1.0,0.09174246034512533,0.08354685704076088,0.062465345397049996,0.08354685704076088,0.062465345397049996,0.15,0.15,0.0,0.09022180074912932,0.09174246034512533,0.09022180074912932,0.09174246034512533,0.15,0.15,0.0,0.0600842337078482,0.058740337688321875,0.0600842337078482,0.058740337688321875,0.15,0.15,0.002974781731577545]"
/multi_agv/formal_execution_limiter_state,1788759158.6968648,1788759158.6968648,formal_execution_limiter_v1:header4+3x7,"[1.0,1788759158.6961067,1.0,0.09173210244315003,0.08401417175022396,0.0625960891303464,0.08401417175022396,0.0625960891303464,0.15,0.15,0.0,0.09005136599402971,0.09173210244315003,0.09005136599402971,0.09173210244315003,0.15,0.15,0.0,0.059796988593261345,0.05870298666418531,0.059796988593261345,0.05870298666418531,0.15,0.15,0.002974781731577545]"
/multi_agv/formal_execution_limiter_state,1788759158.7067409,1788759158.7067409,formal_execution_limiter_v1:header4+3x7,"[1.0,1788759158.7061172,1.0,0.09166423940782277,0.08499180717677818,0.06363058322714454,0.08499180717677818,0.06363058322714454,0.15,0.15,0.0,0.09166423940782277,0.09152409452449088,0.09166423940782277,0.09152409452449088,0.15,0.15,0.0,0.06117552572138616,0.05375268688496521,0.06117552572138616,0.05375268688496521,0.15,0.15,0.002974781731577545]"
/multi_agv/formal_execution_limiter_state,1788759158.7169292,1788759158.7169292,formal_execution_limiter_v1:header4+3x7,"[1.0,1788759158.7162812,1.0,0.0920596644489769,0.08555625860162387,0.0638717245995125,0.08555625860162387,0.0638717245995125,0.15,0.15,0.0,0.0920596644489769,0.09176251561728102,0.0920596644489769,0.09176251561728102,0.15,0.15,0.0,0.060723965868872735,0.05349968807659474,0.060723965868872735,0.05349968807659474,0.15,0.15,0.002974781731577545]"
/multi_agv/formal_execution_limiter_state,1788759158.7268934,1788759158.7268934,formal_execution_limiter_v1:header4+3x7,"[1.0,1788759158.726228,1.0,0.09180531751062915,0.08554591439720102,0.06375387814101346,0.08554591439720102,0.06375387814101346,0.15,0.15,0.0,0.09180531751062915,0.09151971431992503,0.09180531751062915,0.09151971431992503,0.15,0.15,0.0,0.05976012206332155,0.05273973414344254,0.05976012206332155,0.05273973414344254,0.15,0.15,0.002974781731577545]"
/multi_agv/formal_execution_limiter_state,1788759158.7368462,1788759158.7368462,formal_execution_limiter_v1:header4+3x7,"[1.0,1788759158.7362225,1.0,0.09273022841779478,0.08612913707223216,0.06137294391562345,0.08612913707223216,0.06137294391562345,0.15,0.15,0.0,0.09273022841779478,0.09063032651451296,0.09273022841779478,0.09063032651451296,0.15,0.15,0.0,0.05889185609537783,0.0559597120799613,0.05889185609537783,0.0559597120799613,0.15,0.15,0.002974781731577545]"
/multi_agv/formal_execution_limiter_state,1788759158.7466786,1788759158.7466786,formal_execution_limiter_v1:header4+3x7,"[1.0,1788759158.7461126,1.0,0.09294519054511095,0.08524009569750365,0.060776775404853024,0.08524009569750365,0.060776775404853024,0.15,0.15,0.0,0.09294519054511095,0.09062417419219639,0.09294519054511095,0.09062417419219639,0.15,0.15,0.0,0.058954147266218324,0.05603564638813356,0.058954147266218324,0.05603564638813356,0.15,0.15,0.002974781731577545]"
/multi_agv/formal_execution_limiter_state,1788759158.7567887,1788759158.7567887,formal_execution_limiter_v1:header4+3x7,"[1.0,1788759158.7562027,1.0,0.09333728035510715,0.08480687829288627,0.060352983224940954,0.08480687829288627,0.060352983224940954,0.15,0.15,0.0,0.09333728035510715,0.09068089480881032,0.09333728035510715,0.09068089480881032,0.15,0.15,0.0,0.05939352884811852,0.056572625032770885,0.05939352884811852,0.056572625032770885,0.15,0.15,0.002974781731577545]"
/multi_agv/formal_execution_limiter_state,1788759158.766799,1788759158.766799,formal_execution_limiter_v1:header4+3x7,"[1.0,1788759158.7661378,1.0,0.0927411303896937,0.08217023284539832,0.0609489569430732,0.08217023284539832,0.0609489569430732,0.15,0.15,0.0,0.0927411303896937,0.08886911478916218,0.0927411303896937,0.08886911478916218,0.15,0.15,0.0,0.06025982820415868,0.0526788291750329,0.06025982820415868,0.0526788291750329,0.15,0.15,0.002974781731577545]"
/multi_agv/formal_execution_limiter_state,1788759158.77709,1788759158.77709,formal_execution_limiter_v1:header4+3x7,"[1.0,1788759158.776256,1.0,0.09274233766844163,0.08170724835090519,0.06030492394669164,0.08170724835090519,0.06030492394669164,0.15,0.15,0.0,0.09274233766844163,0.08863309132402754,0.09274233766844163,0.08863309132402754,0.15,0.15,0.0,0.059625516919925535,0.05220787304898277,0.059625516919925535,0.05220787304898277,0.15,0.15,0.002974781731577545]"
/multi_agv/formal_execution_limiter_state,1788759158.7869802,1788759158.7869802,formal_execution_limiter_v1:header4+3x7,"[1.0,1788759158.7862737,1.0,0.09278798183039326,0.08092978712246457,0.05963340204758197,0.08092978712246457,0.05963340204758197,0.15,0.15,0.0,0.09278798183039326,0.08835590463438299,0.09278798183039326,0.08835590463438299,0.15,0.15,0.0,0.058562226109764234,0.051211562813032185,0.058562226109764234,0.051211562813032185,0.15,0.15,0.002974781731577545]"
/multi_agv/formal_execution_limiter_state,1788759158.796819,1788759158.796819,formal_execution_limiter_v1:header4+3x7,"[1.0,1788759158.796129,1.0,0.09313116145657539,0.08052549662400808,0.059221485202457604,0.08052549662400808,0.059221485202457604,0.15,0.15,0.0,0.09313116145657539,0.08838820801177051,0.09313116145657539,0.08838820801177051,0.15,0.15,0.0,0.05796472811959435,0.050693822529452724,0.05796472811959435,0.050693822529452724,0.15,0.15,0.002974781731577545]"
/multi_agv/formal_execution_limiter_state,1788759158.8066502,1788759158.8066502,formal_execution_limiter_v1:header4+3x7,"[1.0,1788759158.8060951,1.0,0.09186536338116943,0.07913354242354138,0.05876384448047213,0.07913354242354138,0.05876384448047213,0.15,0.15,0.0,0.09186536338116943,0.0866009422266589,0.09186536338116943,0.0866009422266589,0.15,0.15,0.0,0.0573604356924753,0.050329748192438975,0.0573604356924753,0.050329748192438975,0.15,0.15,0.002974781731577545]"
/multi_agv/formal_execution_limiter_state,1788759158.8166237,1788759158.8166237,formal_execution_limiter_v1:header4+3x7,"[1.0,1788759158.8160908,1.0,0.09154165703442596,0.07868230425252534,0.058308092482953544,0.07868230425252534,0.058308092482953544,0.15,0.15,0.0,0.09154165703442596,0.08606877644564262,0.09154165703442596,0.08606877644564262,0.15,0.15,0.0,0.05716219996385775,0.05028552531745661,0.05716219996385775,0.05028552531745661,0.15,0.15,0.002974781731577545]"
/multi_agv/formal_execution_limiter_state,1788759158.826642,1788759158.826642,formal_execution_limiter_v1:header4+3x7,"[1.0,1788759158.8261273,1.0,0.09119863213334653,0.07808729535581138,0.05796889904119384,0.07808729535581138,0.05796889904119384,0.15,0.15,0.0,0.09119863213334653,0.08546060651874257,0.09119863213334653,0.08546060651874257,0.15,0.15,0.0,0.05638937592172111,0.04971293030240717,0.05638937592172111,0.04971293030240717,0.15,0.15,0.002974781731577545]"
/multi_agv/formal_execution_limiter_state,1788759158.8370147,1788759158.8370147,formal_execution_limiter_v1:header4+3x7,"[1.0,1788759158.8362527,1.0,0.09187460896341682,0.07736748840246914,0.05961240859267512,0.07736748840246914,0.05961240859267512,0.15,0.15,0.0,0.09187460896341682,0.08397979904755015,0.09187460896341682,0.08397979904755015,0.15,0.15,0.0,0.053849504382094036,0.05309080418832258,0.053849504382094036,0.05309080418832258,0.15,0.15,0.002974781731577545]"
/multi_agv/formal_execution_limiter_state,1788759158.8475018,1788759158.8475018,formal_execution_limiter_v1:header4+3x7,"[1.0,1788759158.8460953,1.0,0.09141932242806226,0.07675070422108776,0.0594195933707368,0.07675070422108776,0.0594195933707368,0.15,0.15,0.0,0.09141932242806226,0.08325294500070159,0.09141932242806226,0.08325294500070159,0.15,0.15,0.0,0.05358215797318074,0.053189493629272104,0.05358215797318074,0.053189493629272104,0.15,0.15,0.002974781731577545]"
/multi_agv/formal_execution_limiter_state,1788759158.856809,1788759158.856809,formal_execution_limiter_v1:header4+3x7,"[1.0,1788759158.8561606,1.0,0.09115741289386206,0.07674973947673891,0.059386895910363065,0.07674973947673891,0.059386895910363065,0.15,0.15,0.0,0.09115741289386206,0.08277660660924796,0.09115741289386206,0.08277660660924796,0.15,0.15,0.0,0.05393269389388666,0.053740573333879854,0.05393269389388666,0.053740573333879854,0.15,0.15,0.002974781731577545]"
/multi_agv/formal_execution_limiter_state,1788759158.86686,1788759158.86686,formal_execution_limiter_v1:header4+3x7,"[1.0,1788759158.8661606,1.0,0.08728032615222016,0.07723697608115045,0.05728668399141908,0.07723697608115045,0.05728668399141908,0.15,0.15,0.0,0.08728032615222016,0.08494661773391689,0.08728032615222016,0.08494661773391689,0.15,0.15,0.0,0.05313076557922134,0.05633279461717016,0.05313076557922134,0.05633279461717016,0.15,0.15,0.002974781731577545]"
/multi_agv/formal_execution_limiter_state,1788759158.876947,1788759158.876947,formal_execution_limiter_v1:header4+3x7,"[1.0,1788759158.8760936,1.0,0.08749020568445909,0.07722241521912365,0.057129071870341774,0.07722241521912365,0.057129071870341774,0.15,0.15,0.0,0.08749020568445909,0.08503262861067662,0.08749020568445909,0.08503262861067662,0.15,0.15,0.0,0.05326597819427504,0.056542913931952314,0.05326597819427504,0.056542913931952314,0.15,0.15,0.002974781731577545]"
/multi_agv/formal_execution_limiter_state,1788759158.8869226,1788759158.8869226,formal_execution_limiter_v1:header4+3x7,"[1.0,1788759158.8860934,1.0,0.0873663233945784,0.07671775337663435,0.05694341127285725,0.07671775337663435,0.05694341127285725,0.15,0.15,0.0,0.0873663233945784,0.08481948316239071,0.0873663233945784,0.08481948316239071,0.15,0.15,0.0,0.05298608716654814,0.05641778073258058,0.05298608716654814,0.05641778073258058,0.15,0.15,0.002974781731577545]"
/multi_agv/formal_execution_limiter_state,1788759158.8970432,1788759158.8970432,formal_execution_limiter_v1:header4+3x7,"[1.0,1788759158.896224,1.0,0.08747307320997653,0.07669964125714605,0.05690690710679828,0.07669964125714605,0.05690690710679828,0.15,0.15,0.0,0.08747307320997653,0.08475919600515673,0.08747307320997653,0.08475919600515673,0.15,0.15,0.0,0.05324978432467369,0.056769084575410515,0.05324978432467369,0.056769084575410515,0.15,0.15,0.002974781731577545]"
/multi_agv/formal_execution_limiter_state,1788759158.9069278,1788759158.9069278,formal_execution_limiter_v1:header4+3x7,"[1.0,1788759158.906152,1.0,0.08711991726830108,0.07626548831450236,0.056814337815963685,0.07626548831450236,0.056814337815963685,0.15,0.15,0.0,0.08436083871180593,0.08711991726830108,0.08436083871180593,0.08711991726830108,0.15,0.15,0.0,0.056366459304231085,0.052541027455007945,0.056366459304231085,0.052541027455007945,0.15,0.15,0.002974781731577545]"
/multi_agv/formal_execution_limiter_state,1788759158.9169383,1788759158.9169383,formal_execution_limiter_v1:header4+3x7,"[1.0,1788759158.916165,1.0,0.08727545068457394,0.07635461848322031,0.056715011773826624,0.07635461848322031,0.056715011773826624,0.15,0.15,0.0,0.08465191882880989,0.08727545068457394,0.08465191882880989,0.08727545068457394,0.15,0.15,0.0,0.05640036916316724,0.05249211420700851,0.05640036916316724,0.05249211420700851,0.15,0.15,0.002974781731577545]"
/multi_agv/formal_execution_limiter_state,1788759158.9268107,1788759158.9268107,formal_execution_limiter_v1:header4+3x7,"[1.0,1788759158.9261208,1.0,0.08737861330556305,0.07604180091768527,0.05652565564682681,0.07604180091768527,0.05652565564682681,0.15,0.15,0.0,0.08473630805882397,0.08737861330556305,0.08473630805882397,0.08737861330556305,0.15,0.15,0.0,0.055776482761575735,0.0516732715472544,0.055776482761575735,0.0516732715472544,0.15,0.15,0.002974781731577545]"
/multi_agv/formal_execution_limiter_state,1788759158.936671,1788759158.936671,formal_execution_limiter_v1:header4+3x7,"[1.0,1788759158.9361637,1.0,0.08767167037837843,0.07539396710248486,0.05737596715313196,0.07539396710248486,0.05737596715313196,0.15,0.15,0.0,0.08512350351991847,0.08767167037837843,0.08512350351991847,0.08767167037837843,0.15,0.15,0.0,0.05701187702382135,0.05122344680385309,0.05701187702382135,0.05122344680385309,0.15,0.15,0.002974781731577545]"
/multi_agv/formal_execution_limiter_state,1788759158.9466174,1788759158.9466174,formal_execution_limiter_v1:header4+3x7,"[1.0,1788759158.9461162,1.0,0.08731530917491695,0.07528757859527392,0.05752791422079017,0.07528757859527392,0.05752791422079017,0.15,0.15,0.0,0.08491109311108602,0.08731530917491695,0.08491109311108602,0.08731530917491695,0.15,0.15,0.0,0.057247754150369194,0.05127644843462103,0.057247754150369194,0.05127644843462103,0.15,0.15,0.002974781731577545]"
/multi_agv/formal_execution_limiter_state,1788759158.95674,1788759158.95674,formal_execution_limiter_v1:header4+3x7,"[1.0,1788759158.956091,1.0,0.08746123333449296,0.07566512212496454,0.057688191493370046,0.07566512212496454,0.057688191493370046,0.15,0.15,0.0,0.08525504356181529,0.08746123333449296,0.08525504356181529,0.08746123333449296,0.15,0.15,0.0,0.05796230349771567,0.051765713945402775,0.05796230349771567,0.051765713945402775,0.15,0.15,0.002974781731577545]"
/multi_agv/formal_execution_limiter_state,1788759158.966951,1788759158.966951,formal_execution_limiter_v1:header4+3x7,"[1.0,1788759158.966092,1.0,0.08691278534880761,0.07855949655599687,0.05348901251349322,0.07855949655599687,0.05348901251349322,0.15,0.15,0.0,0.0849906622926325,0.08691278534880761,0.0849906622926325,0.08691278534880761,0.15,0.15,0.0,0.057700237577157705,0.04894200584823347,0.057700237577157705,0.04894200584823347,0.15,0.15,0.002974781731577545]"
/multi_agv/formal_execution_limiter_state,1788759158.9769382,1788759158.9769382,formal_execution_limiter_v1:header4+3x7,"[1.0,1788759158.9761517,1.0,0.08730304956864458,0.07838238974670607,0.05314358345441701,0.07838238974670607,0.05314358345441701,0.15,0.15,0.0,0.08542122092084119,0.08730304956864458,0.08542122092084119,0.08730304956864458,0.15,0.15,0.0,0.05713670887480613,0.04816848369607012,0.05713670887480613,0.04816848369607012,0.15,0.15,0.002974781731577545]"
/multi_agv/formal_execution_limiter_state,1788759158.9868958,1788759158.9868958,formal_execution_limiter_v1:header4+3x7,"[1.0,1788759158.9860914,1.0,0.08717977914758698,0.07819930218171697,0.053063955232261296,0.07819930218171697,0.053063955232261296,0.15,0.15,0.0,0.08542570101697824,0.08717977914758698,0.08542570101697824,0.08717977914758698,0.15,0.15,0.0,0.05638323397019678,0.047321718519854124,0.05638323397019678,0.047321718519854124,0.15,0.15,0.002974781731577545]"
/multi_agv/formal_execution_limiter_state,1788759158.9970112,1788759158.9970112,formal_execution_limiter_v1:header4+3x7,"[1.0,1788759158.9960918,1.0,0.08724094816989773,0.07869397574426597,0.05320976273861209,0.07869397574426597,0.05320976273861209,0.15,0.15,0.0,0.08581151465562033,0.08724094816989773,0.08581151465562033,0.08724094816989773,0.15,0.15,0.0,0.05757862132613677,0.04884434880665868,0.05757862132613677,0.04884434880665868,0.15,0.15,0.002974781731577545]"
/multi_agv/formal_execution_limiter_state,1788759159.0069978,1788759159.0069978,formal_execution_limiter_v1:header4+3x7,"[1.0,1788759159.0061104,1.0,0.09076962934582122,0.07800487898605693,0.056380106386280715,0.07800487898605693,0.056380106386280715,0.15,0.15,0.0,0.09076962934582122,0.085799233657056,0.09076962934582122,0.085799233657056,0.15,0.15,0.0,0.057974280138700596,0.049316807700653345,0.057974280138700596,0.049316807700653345,0.15,0.15,0.002974781731577545]"
/multi_agv/formal_execution_limiter_state,1788759159.0170062,1788759159.0170062,formal_execution_limiter_v1:header4+3x7,"[1.0,1788759159.0161624,1.0,0.09220853491730911,0.07902068363632335,0.05676442739612976,0.07902068363632335,0.05676442739612976,0.15,0.15,0.0,0.09220853491730911,0.08690300947151465,0.09220853491730911,0.08690300947151465,0.15,0.15,0.0,0.0582282573580822,0.04953146416315466,0.0582282573580822,0.04953146416315466,0.15,0.15,0.002974781731577545]"
/multi_agv/formal_execution_limiter_state,1788759159.0268974,1788759159.0268974,formal_execution_limiter_v1:header4+3x7,"[1.0,1788759159.026154,1.0,0.09152082545116938,0.07832892085527499,0.05201330922234332,0.07832892085527499,0.05201330922234332,0.15,0.15,0.0,0.09152082545116938,0.08818805096263235,0.09152082545116938,0.08818805096263235,0.15,0.15,0.0,0.05647182174666808,0.048094542079983996,0.05647182174666808,0.048094542079983996,0.15,0.15,0.002974781731577545]"
/multi_agv/formal_execution_limiter_state,1788759159.036842,1788759159.036842,formal_execution_limiter_v1:header4+3x7,"[1.0,1788759159.0361083,1.0,0.0936550604541026,0.07889457610899109,0.05191375665503376,0.07889457610899109,0.05191375665503376,0.15,0.15,0.0,0.0936550604541026,0.08999208671177264,0.0936550604541026,0.08999208671177264,0.15,0.15,0.0,0.056725636627431575,0.048318014607500556,0.056725636627431575,0.048318014607500556,0.15,0.15,0.002974781731577545]"
/multi_agv/formal_execution_limiter_state,1788759159.0469139,1788759159.0469139,formal_execution_limiter_v1:header4+3x7,"[1.0,1788759159.046112,1.0,0.09429076338473277,0.07864394285496089,0.051782709878770025,0.07864394285496089,0.051782709878770025,0.15,0.15,0.0,0.09429076338473277,0.09012084048468225,0.09429076338473277,0.09012084048468225,0.15,0.15,0.0,0.056721535037953956,0.04835911867066094,0.056721535037953956,0.04835911867066094,0.15,0.15,0.002974781731577545]"
/multi_agv/formal_execution_limiter_state,1788759159.0570314,1788759159.0570314,formal_execution_limiter_v1:header4+3x7,"[1.0,1788759159.0561516,1.0,0.09527459858431274,0.07848534530370321,0.05151764753706945,0.07848534530370321,0.05151764753706945,0.15,0.15,0.0,0.09527459858431274,0.09069971906485146,0.09527459858431274,0.09069971906485146,0.15,0.15,0.0,0.05690001420457384,0.04853186346447061,0.05690001420457384,0.04853186346447061,0.15,0.15,0.002974781731577545]"
/multi_agv/formal_execution_limiter_state,1788759159.0669677,1788759159.0669677,formal_execution_limiter_v1:header4+3x7,"[1.0,1788759159.06623,1.0,0.09762605089291114,0.07746717821886079,0.05085657359284846,0.07746717821886079,0.05085657359284846,0.15,0.15,0.0,0.09762605089291114,0.08727971215248116,0.09762605089291114,0.08727971215248116,0.15,0.15,0.0,0.0531816444692089,0.049793128984172035,0.0531816444692089,0.049793128984172035,0.15,0.15,0.002974781731577545]"
/multi_agv/formal_execution_limiter_state,1788759159.0772943,1788759159.0772943,formal_execution_limiter_v1:header4+3x7,"[1.0,1788759159.076213,1.0,0.09891856074885004,0.0748786560628867,0.057591661281519727,0.0748786560628867,0.057591661281519727,0.15,0.15,0.0,0.09891856074885004,0.08759937128013824,0.09891856074885004,0.08759937128013824,0.15,0.15,0.0,0.052756903301088794,0.049016038313958114,0.052756903301088794,0.049016038313958114,0.15,0.15,0.002974781731577545]"
/multi_agv/formal_execution_limiter_state,1788759159.086907,1788759159.086907,formal_execution_limiter_v1:header4+3x7,"[1.0,1788759159.0860913,1.0,0.09912344191148216,0.07595206420463381,0.058894701429975396,0.07595206420463381,0.058894701429975396,0.15,0.15,0.0,0.09912344191148216,0.08735681603229332,0.09912344191148216,0.08735681603229332,0.15,0.15,0.0,0.05206970222293515,0.04867570907321933,0.05206970222293515,0.04867570907321933,0.15,0.15,0.002974781731577545]"
/multi_agv/formal_execution_limiter_state,1788759159.0969248,1788759159.0969248,formal_execution_limiter_v1:header4+3x7,"[1.0,1788759159.0961432,1.0,0.09950256446092447,0.07752703970320936,0.06031692691214311,0.07752703970320936,0.06031692691214311,0.15,0.15,0.0,0.09950256446092447,0.08744447782229005,0.09950256446092447,0.08744447782229005,0.15,0.15,0.0,0.05188926451329086,0.04867333411984223,0.05188926451329086,0.04867333411984223,0.15,0.15,0.002974781731577545]"
/multi_agv/formal_execution_limiter_state,1788759159.1067152,1788759159.1067152,formal_execution_limiter_v1:header4+3x7,"[1.0,1788759159.1061492,1.0,0.09960501969301769,0.0758277686675256,0.05957564418784746,0.0758277686675256,0.05957564418784746,0.15,0.15,0.0,0.09960501969301769,0.08726850055144292,0.09960501969301769,0.08726850055144292,0.15,0.15,0.0,0.05151888798559334,0.048469578698184704,0.05151888798559334,0.048469578698184704,0.15,0.15,0.002974781731577545]"
/multi_agv/formal_execution_limiter_state,1788759159.1169379,1788759159.1169379,formal_execution_limiter_v1:header4+3x7,"[1.0,1788759159.1161194,1.0,0.10049594178150692,0.07565419111106741,0.05954659584560304,0.07565419111106741,0.05954659584560304,0.15,0.15,0.0,0.10049594178150692,0.08784170688518966,0.10049594178150692,0.08784170688518966,0.15,0.15,0.0,0.05084625808840208,0.04782880809185802,0.05084625808840208,0.04782880809185802,0.15,0.15,0.002974781731577545]"
/multi_agv/formal_execution_limiter_state,1788759159.1267138,1788759159.1267138,formal_execution_limiter_v1:header4+3x7,"[1.0,1788759159.1261365,1.0,0.10086233927889486,0.07527793774932443,0.05900710595116951,0.07527793774932443,0.05900710595116951,0.15,0.15,0.0,0.10086233927889486,0.08769850488628604,0.10086233927889486,0.08769850488628604,0.15,0.15,0.0,0.0490565775025448,0.050514778039981625,0.0490565775025448,0.050514778039981625,0.15,0.15,0.002974781731577545]"
/multi_agv/formal_execution_limiter_state,1788759159.1371267,1788759159.1371267,formal_execution_limiter_v1:header4+3x7,"[1.0,1788759159.1361797,1.0,0.10123053971980701,0.07554728199901073,0.059383872345247966,0.07554728199901073,0.059383872345247966,0.15,0.15,0.0,0.10123053971980701,0.0877769350229647,0.10123053971980701,0.0877769350229647,0.15,0.15,0.0,0.04927015462271345,0.050602816401062164,0.04927015462271345,0.050602816401062164,0.15,0.15,0.002974781731577545]"
/multi_agv/formal_execution_limiter_state,1788759159.1467092,1788759159.1467092,formal_execution_limiter_v1:header4+3x7,"[1.0,1788759159.1461203,1.0,0.1001198313920075,0.0744148550387877,0.05933457080873639,0.0744148550387877,0.05933457080873639,0.15,0.15,0.0,0.1001198313920075,0.08675685350594897,0.1001198313920075,0.08675685350594897,0.15,0.15,0.0,0.04947064987245651,0.05076238541534605,0.04947064987245651,0.05076238541534605,0.15,0.15,0.002974781731577545]"
/multi_agv/formal_execution_limiter_state,1788759159.156589,1788759159.156589,formal_execution_limiter_v1:header4+3x7,"[1.0,1788759159.1560907,1.0,0.10150895927536698,0.07579220425245664,0.05990826519899083,0.07579220425245664,0.05990826519899083,0.15,0.15,0.0,0.10150895927536698,0.08783165383747622,0.10150895927536698,0.08783165383747622,0.15,0.15,0.0,0.05037501530923034,0.05159370765426103,0.05037501530923034,0.05159370765426103,0.15,0.15,0.002974781731577545]"
/multi_agv/formal_execution_limiter_state,1788759159.166627,1788759159.166627,formal_execution_limiter_v1:header4+3x7,"[1.0,1788759159.1661105,1.0,0.09894547092213403,0.07472139068022013,0.058402317988113954,0.07472139068022013,0.058402317988113954,0.15,0.15,0.0,0.09894547092213403,0.086230180580174,0.09894547092213403,0.086230180580174,0.15,0.15,0.0,0.05204518572307494,0.047392731996660484,0.05204518572307494,0.047392731996660484,0.15,0.15,0.002974781731577545]"
/multi_agv/formal_execution_limiter_state,1788759159.1770408,1788759159.1770408,formal_execution_limiter_v1:header4+3x7,"[1.0,1788759159.1761706,1.0,0.09851744209095468,0.07447306202534067,0.05812528400736457,0.07447306202534067,0.05812528400736457,0.15,0.15,0.0,0.09851744209095468,0.08573637713489264,0.09851744209095468,0.08573637713489264,0.15,0.15,0.0,0.051479952460872835,0.046916139056971215,0.051479952460872835,0.046916139056971215,0.15,0.15,0.002974781731577545]"
/multi_agv/formal_execution_limiter_state,1788759159.1869435,1788759159.1869435,formal_execution_limiter_v1:header4+3x7,"[1.0,1788759159.1862326,1.0,0.09726264862084243,0.07442116352529973,0.05832417979566945,0.07442116352529973,0.05832417979566945,0.15,0.15,0.0,0.09726264862084243,0.08451113049532445,0.09726264862084243,0.08451113049532445,0.15,0.15,0.0,0.05107496821851877,0.04648880700265624,0.05107496821851877,0.04648880700265624,0.15,0.15,0.002974781731577545]"
/multi_agv/formal_execution_limiter_state,1788759159.1969914,1788759159.1969914,formal_execution_limiter_v1:header4+3x7,"[1.0,1788759159.1961596,1.0,0.09678619622259332,0.07317242605976912,0.05870412242085015,0.07317242605976912,0.05870412242085015,0.15,0.15,0.0,0.09678619622259332,0.0839685541640903,0.09678619622259332,0.0839685541640903,0.15,0.15,0.0,0.05434078993644948,0.04950192570815965,0.05434078993644948,0.04950192570815965,0.15,0.15,0.002974781731577545]"
/multi_agv/formal_execution_limiter_state,1788759159.2068865,1788759159.2068865,formal_execution_limiter_v1:header4+3x7,"[1.0,1788759159.2061448,1.0,0.09631725540132179,0.0725142653212472,0.05802713918557158,0.0725142653212472,0.05802713918557158,0.15,0.15,0.0,0.09631725540132179,0.08375347960447739,0.09631725540132179,0.08375347960447739,0.15,0.15,0.0,0.05570906033202229,0.05070644981641187,0.05570906033202229,0.05070644981641187,0.15,0.15,0.002974781731577545]"
/multi_agv/formal_execution_limiter_state,1788759159.2174463,1788759159.2174463,formal_execution_limiter_v1:header4+3x7,"[1.0,1788759159.2163274,1.0,0.09645208617752364,0.07238671146080591,0.057654250916397635,0.07238671146080591,0.057654250916397635,0.15,0.15,0.0,0.09645208617752364,0.08392649333396494,0.09645208617752364,0.08392649333396494,0.15,0.15,0.0,0.056739761602036934,0.05150022703508329,0.056739761602036934,0.05150022703508329,0.15,0.15,0.002974781731577545]"
/multi_agv/formal_execution_limiter_state,1788759159.2269273,1788759159.2269273,formal_execution_limiter_v1:header4+3x7,"[1.0,1788759159.2261603,1.0,0.09573100472900936,0.07217341558930084,0.05751379906849409,0.07217341558930084,0.05751379906849409,0.15,0.15,0.0,0.09573100472900936,0.08339877477574262,0.09573100472900936,0.08339877477574262,0.15,0.15,0.0,0.05726255875009718,0.05161284606085726,0.05726255875009718,0.05161284606085726,0.15,0.15,0.002974781731577545]"
/multi_agv/formal_execution_limiter_state,1788759159.2368872,1788759159.2368872,formal_execution_limiter_v1:header4+3x7,"[1.0,1788759159.2360861,1.0,0.09525927610149,0.0742367538569694,0.057353123070240264,0.0742367538569694,0.057353123070240264,0.15,0.15,0.0,0.09525927610149,0.08327713869228655,0.09525927610149,0.08327713869228655,0.15,0.15,0.0,0.05853825655827902,0.04917380299634028,0.05853825655827902,0.04917380299634028,0.15,0.15,0.002974781731577545]"
/multi_agv/formal_execution_limiter_state,1788759159.2469378,1788759159.2469378,formal_execution_limiter_v1:header4+3x7,"[1.0,1788759159.2461724,1.0,0.09489728425737953,0.07446505104353907,0.05742703697366682,0.07446505104353907,0.05742703697366682,0.15,0.15,0.0,0.09489728425737953,0.08311000281813266,0.09489728425737953,0.08311000281813266,0.15,0.15,0.0,0.058504930987818365,0.04927536009979762,0.058504930987818365,0.04927536009979762,0.15,0.15,0.002974781731577545]"
/multi_agv/formal_execution_limiter_state,1788759159.2567036,1788759159.2567036,formal_execution_limiter_v1:header4+3x7,"[1.0,1788759159.256153,1.0,0.09536346666397108,0.07480001492924526,0.05743688578484821,0.07480001492924526,0.05743688578484821,0.15,0.15,0.0,0.09536346666397108,0.08355835979045931,0.09536346666397108,0.08355835979045931,0.15,0.15,0.0,0.0584103062232796,0.049435581810193155,0.0584103062232796,0.049435581810193155,0.15,0.15,0.002974781731577545]"
/multi_agv/formal_execution_limiter_state,1788759159.2667131,1788759159.2667131,formal_execution_limiter_v1:header4+3x7,"[1.0,1788759159.266144,1.0,0.09422707131035121,0.0748858168379039,0.05722544520762641,0.0748858168379039,0.05722544520762641,0.15,0.15,0.0,0.09422707131035121,0.08295098233934542,0.09422707131035121,0.08295098233934542,0.15,0.15,0.0,0.04594040499723827,0.0561685201028731,0.04594040499723827,0.0561685201028731,0.15,0.15,0.002974781731577545]"
/multi_agv/formal_execution_limiter_state,1788759159.2768524,1788759159.2768524,formal_execution_limiter_v1:header4+3x7,"[1.0,1788759159.2761374,1.0,0.09383189774306597,0.07531194068388909,0.05748035634328559,0.07531194068388909,0.05748035634328559,0.15,0.15,0.0,0.09383189774306597,0.08259118523330311,0.09383189774306597,0.08259118523330311,0.15,0.15,0.0,0.04484327827763995,0.05554346506236263,0.04484327827763995,0.05554346506236263,0.15,0.15,0.002974781731577545]"
/multi_agv/formal_execution_limiter_state,1788759159.2866066,1788759159.2866066,formal_execution_limiter_v1:header4+3x7,"[1.0,1788759159.2861497,1.0,0.09290971944867236,0.07585052847384949,0.05799802572296819,0.07585052847384949,0.05799802572296819,0.15,0.15,0.0,0.09290971944867236,0.08196307623131817,0.09290971944867236,0.08196307623131817,0.15,0.15,0.0,0.04353687772031423,0.05515872152671519,0.04353687772031423,0.05515872152671519,0.15,0.15,0.002974781731577545]"
/multi_agv/formal_execution_limiter_state,1788759159.2965536,1788759159.2965536,formal_execution_limiter_v1:header4+3x7,"[1.0,1788759159.2960868,1.0,0.09588274225393024,0.07638866668134582,0.05834694134323477,0.07638866668134582,0.05834694134323477,0.15,0.15,0.0,0.09588274225393024,0.0815659255242885,0.09588274225393024,0.0815659255242885,0.15,0.15,0.0,0.046309948475741956,0.05798346443134934,0.046309948475741956,0.05798346443134934,0.15,0.15,0.002974781731577545]"
/multi_agv/formal_execution_limiter_state,1788759159.306633,1788759159.306633,formal_execution_limiter_v1:header4+3x7,"[1.0,1788759159.3061352,1.0,0.09569568808068497,0.07460757736709582,0.05730834737731792,0.07460757736709582,0.05730834737731792,0.15,0.15,0.0,0.09569568808068497,0.0814871982464473,0.09569568808068497,0.0814871982464473,0.15,0.15,0.0,0.04574635295335107,0.058824160310833734,0.04574635295335107,0.058824160310833734,0.15,0.15,0.002974781731577545]"
/multi_agv/formal_execution_limiter_state,1788759159.3166802,1788759159.3166802,formal_execution_limiter_v1:header4+3x7,"[1.0,1788759159.3161368,1.0,0.09762228627209721,0.07572683641851571,0.05773946989123491,0.07572683641851571,0.05773946989123491,0.15,0.15,0.0,0.09762228627209721,0.08301176548260117,0.09762228627209721,0.08301176548260117,0.15,0.15,0.0,0.047157185188398974,0.060091875140741054,0.047157185188398974,0.060091875140741054,0.15,0.15,0.002974781731577545]"
/multi_agv/formal_execution_limiter_state,1788759159.3265936,1788759159.3265936,formal_execution_limiter_v1:header4+3x7,"[1.0,1788759159.3261237,1.0,0.09635060115329291,0.07614811236062206,0.058391859042828106,0.07614811236062206,0.058391859042828106,0.15,0.15,0.0,0.09635060115329291,0.08183358386076167,0.09635060115329291,0.08183358386076167,0.15,0.15,0.0,0.05516771693503653,0.057065457061501866,0.05516771693503653,0.057065457061501866,0.15,0.15,0.002974781731577545]"
/multi_agv/formal_execution_limiter_state,1788759159.3365963,1788759159.3365963,formal_execution_limiter_v1:header4+3x7,"[1.0,1788759159.3361359,1.0,0.09650981539419462,0.0773478796001751,0.059287830032312215,0.0773478796001751,0.059287830032312215,0.15,0.15,0.0,0.09650981539419462,0.08193552074428936,0.09650981539419462,0.08193552074428936,0.15,0.15,0.0,0.05618876405674432,0.05852939026094381,0.05618876405674432,0.05852939026094381,0.15,0.15,0.002974781731577545]"
/multi_agv/formal_execution_limiter_state,1788759159.3466232,1788759159.3466232,formal_execution_limiter_v1:header4+3x7,"[1.0,1788759159.3461077,1.0,0.09663764013484365,0.07781961900833644,0.05965411030673139,0.07781961900833644,0.05965411030673139,0.15,0.15,0.0,0.09663764013484365,0.08217230366188215,0.09663764013484365,0.08217230366188215,0.15,0.15,0.0,0.05663822618713218,0.05952712083096837,0.05663822618713218,0.05952712083096837,0.15,0.15,0.002974781731577545]"
/multi_agv/formal_execution_limiter_state,1788759159.3567796,1788759159.3567796,formal_execution_limiter_v1:header4+3x7,"[1.0,1788759159.3561468,1.0,0.09759604747638717,0.07840695230547172,0.05991691003048667,0.07840695230547172,0.05991691003048667,0.15,0.15,0.0,0.09759604747638717,0.0829909784150589,0.09759604747638717,0.0829909784150589,0.15,0.15,0.0,0.05731412674079266,0.06026318119395286,0.05731412674079266,0.06026318119395286,0.15,0.15,0.002974781731577545]"
/multi_agv/formal_execution_limiter_state,1788759159.3668427,1788759159.3668427,formal_execution_limiter_v1:header4+3x7,"[1.0,1788759159.3661256,1.0,0.0979431757044651,0.07868079150332333,0.05956237796640446,0.07868079150332333,0.05956237796640446,0.15,0.15,0.0,0.0979431757044651,0.0828393907793412,0.0979431757044651,0.0828393907793412,0.15,0.15,0.0,0.050048949172241425,0.06316586940587535,0.050048949172241425,0.06316586940587535,0.15,0.15,0.002974781731577545]"
/multi_agv/formal_execution_limiter_state,1788759159.376712,1788759159.376712,formal_execution_limiter_v1:header4+3x7,"[1.0,1788759159.3760915,1.0,0.09817545135460985,0.07926206483019818,0.060019521940896416,0.07926206483019818,0.060019521940896416,0.15,0.15,0.0,0.09817545135460985,0.08307086407840188,0.09817545135460985,0.08307086407840188,0.15,0.15,0.0,0.049556097102595904,0.062256167285273424,0.049556097102595904,0.062256167285273424,0.15,0.15,0.002974781731577545]"
/multi_agv/formal_execution_limiter_state,1788759159.3868494,1788759159.3868494,formal_execution_limiter_v1:header4+3x7,"[1.0,1788759159.3861494,1.0,0.09797377447984139,0.07948174103278605,0.06039047626995092,0.07948174103278605,0.06039047626995092,0.15,0.15,0.0,0.09797377447984139,0.08320149090733146,0.09797377447984139,0.08320149090733146,0.15,0.15,0.0,0.04900575644438796,0.06093785468061969,0.04900575644438796,0.06093785468061969,0.15,0.15,0.002974781731577545]"
/multi_agv/formal_execution_limiter_state,1788759159.396607,1788759159.396607,formal_execution_limiter_v1:header4+3x7,"[1.0,1788759159.3961167,1.0,0.09883087932751877,0.07984552374816244,0.06062369816782705,0.07984552374816244,0.06062369816782705,0.15,0.15,0.0,0.09883087932751877,0.08413991891691286,0.09883087932751877,0.08413991891691286,0.15,0.15,0.0,0.04902294435975949,0.06031410587063823,0.04902294435975949,0.06031410587063823,0.15,0.15,0.002974781731577545]"
/multi_agv/formal_execution_limiter_state,1788759159.406927,1788759159.406927,formal_execution_limiter_v1:header4+3x7,"[1.0,1788759159.4061267,1.0,0.09934838638634122,0.07939562181533427,0.061755308228624795,0.07939562181533427,0.061755308228624795,0.15,0.15,0.0,0.09934838638634122,0.08481994795449371,0.09934838638634122,0.08481994795449371,0.15,0.15,0.0,0.04888442385423985,0.0589752741981698,0.04888442385423985,0.0589752741981698,0.15,0.15,0.002974781731577545]"
/multi_agv/formal_execution_limiter_state,1788759159.416639,1788759159.416639,formal_execution_limiter_v1:header4+3x7,"[1.0,1788759159.416091,1.0,0.09989500575503824,0.07966779166709592,0.06206005920660035,0.07966779166709592,0.06206005920660035,0.15,0.15,0.0,0.09989500575503824,0.08540131792307051,0.09989500575503824,0.08540131792307051,0.15,0.15,0.0,0.04853448780196467,0.05778508987595004,0.04853448780196467,0.05778508987595004,0.15,0.15,0.002974781731577545]"
/multi_agv/formal_execution_limiter_state,1788759159.426701,1788759159.426701,formal_execution_limiter_v1:header4+3x7,"[1.0,1788759159.4261193,1.0,0.09859084870208476,0.07875334638935691,0.06114074798918486,0.07875334638935691,0.06114074798918486,0.15,0.15,0.0,0.09859084870208476,0.08510140131030972,0.09859084870208476,0.08510140131030972,0.15,0.15,0.0,0.04801796727003488,0.05572834118910444,0.04801796727003488,0.05572834118910444,0.15,0.15,0.002974781731577545]"
/multi_agv/formal_execution_limiter_state,1788759159.4367447,1788759159.4367447,formal_execution_limiter_v1:header4+3x7,"[1.0,1788759159.4361346,1.0,0.10019673762518938,0.08000960894330669,0.06173421247484562,0.08000960894330669,0.06173421247484562,0.15,0.15,0.0,0.10019673762518938,0.08630586613385535,0.10019673762518938,0.08630586613385535,0.15,0.15,0.0,0.04802366319980813,0.05564318492315214,0.04802366319980813,0.05564318492315214,0.15,0.15,0.002974781731577545]"
/multi_agv/formal_execution_limiter_state,1788759159.4467921,1788759159.4467921,formal_execution_limiter_v1:header4+3x7,"[1.0,1788759159.446116,1.0,0.10068378609047977,0.07958089505254068,0.061571058651803845,0.07958089505254068,0.061571058651803845,0.15,0.15,0.0,0.10068378609047977,0.08707177010966051,0.10068378609047977,0.08707177010966051,0.15,0.15,0.0,0.048049289827050375,0.054537300599497636,0.048049289827050375,0.054537300599497636,0.15,0.15,0.002974781731577545]"
/multi_agv/formal_execution_limiter_state,1788759159.456765,1788759159.456765,formal_execution_limiter_v1:header4+3x7,"[1.0,1788759159.4561338,1.0,0.10137255844745022,0.07934153223746847,0.061342485602960586,0.07934153223746847,0.061342485602960586,0.15,0.15,0.0,0.10137255844745022,0.0878341218683392,0.10137255844745022,0.0878341218683392,0.15,0.15,0.0,0.04775901059804851,0.0534103288951727,0.04775901059804851,0.0534103288951727,0.15,0.15,0.002974781731577545]"
/multi_agv/formal_execution_limiter_state,1788759159.466662,1788759159.466662,formal_execution_limiter_v1:header4+3x7,"[1.0,1788759159.4661207,1.0,0.10110642038348162,0.07794948124386464,0.06220223881270476,0.07794948124386464,0.06220223881270476,0.15,0.15,0.0,0.10110642038348162,0.08790094618096438,0.10110642038348162,0.08790094618096438,0.15,0.15,0.0,0.043970017089446554,0.049130113689507905,0.043970017089446554,0.049130113689507905,0.15,0.15,0.002974781731577545]"
/multi_agv/formal_execution_limiter_state,1788759159.4768157,1788759159.4768157,formal_execution_limiter_v1:header4+3x7,"[1.0,1788759159.476087,1.0,0.10263357284437381,0.07902553129980436,0.06267192306775271,0.07902553129980436,0.06267192306775271,0.15,0.15,0.0,0.10263357284437381,0.08902653677207974,0.10263357284437381,0.08902653677207974,0.15,0.15,0.0,0.04250463697262897,0.047679578549319666,0.04250463697262897,0.047679578549319666,0.15,0.15,0.002974781731577545]"
/multi_agv/formal_execution_limiter_state,1788759159.4869711,1788759159.4869711,formal_execution_limiter_v1:header4+3x7,"[1.0,1788759159.4861228,1.0,0.10423583877935405,0.08016208688692386,0.06319127644437947,0.08016208688692386,0.06319127644437947,0.15,0.15,0.0,0.10423583877935405,0.09021460846115442,0.10423583877935405,0.09021460846115442,0.15,0.15,0.0,0.04106314377239992,0.04625154805579752,0.04106314377239992,0.04625154805579752,0.15,0.15,0.002974781731577545]"
/multi_agv/formal_execution_limiter_state,1788759159.4965518,1788759159.4965518,formal_execution_limiter_v1:header4+3x7,"[1.0,1788759159.4960866,1.0,0.10589027219527378,0.08134266670562106,0.06375279393509688,0.08134266670562106,0.06375279393509688,0.15,0.15,0.0,0.10589027219527378,0.09144796390126408,0.10589027219527378,0.09144796390126408,0.15,0.15,0.0,0.03966566216138534,0.04486588996776243,0.03966566216138534,0.04486588996776243,0.15,0.15,0.002974781731577545]"
/multi_agv/formal_execution_limiter_state,1788759159.5065374,1788759159.5065374,formal_execution_limiter_v1:header4+3x7,"[1.0,1788759159.5060854,1.0,0.10761452292144605,0.0825797330752216,0.06436255940442973,0.0825797330752216,0.06436255940442973,0.15,0.15,0.0,0.10761452292144605,0.09273966053834959,0.10761452292144605,0.09273966053834959,0.15,0.15,0.0,0.038297430856238886,0.043507877943687955,0.038297430856238886,0.043507877943687955,0.15,0.15,0.002974781731577545]"
/multi_agv/formal_execution_limiter_state,1788759159.5167224,1788759159.5167224,formal_execution_limiter_v1:header4+3x7,"[1.0,1788759159.5160863,1.0,0.10940318877213924,0.08386928589361727,0.06501885204352952,0.08386928589361727,0.06501885204352952,0.15,0.15,0.0,0.10940318877213924,0.09408555448220239,0.10940318877213924,0.09408555448220239,0.15,0.15,0.0,0.03696322634680144,0.042182157323798,0.03696322634680144,0.042182157323798,0.15,0.15,0.002974781731577545]"
/multi_agv/formal_execution_limiter_state,1788759159.5267148,1788759159.5267148,formal_execution_limiter_v1:header4+3x7,"[1.0,1788759159.5261276,1.0,0.1112636175638901,0.08521652888447784,0.06572465396048471,0.08521652888447784,0.06572465396048471,0.15,0.15,0.0,0.1112636175638901,0.09549111030950742,0.1112636175638901,0.09549111030950742,0.15,0.15,0.0,0.03565840677886853,0.04088400745096252,0.03565840677886853,0.04088400745096252,0.15,0.15,0.002974781731577545]"
/multi_agv/formal_execution_limiter_state,1788759159.5367131,1788759159.5367131,formal_execution_limiter_v1:header4+3x7,"[1.0,1788759159.5361207,1.0,0.1022646213778322,0.07945250429961141,0.063000008383423,0.07945250429961141,0.063000008383423,0.15,0.15,0.0,0.1022646213778322,0.09185914653678641,0.1022646213778322,0.09185914653678641,0.15,0.15,0.0,0.04654593598403018,0.028685206352301297,0.04654593598403018,0.028685206352301297,0.15,0.15,0.002974781731577545]"
/multi_agv/formal_execution_limiter_state,1788759159.5468993,1788759159.5468993,formal_execution_limiter_v1:header4+3x7,"[1.0,1788759159.546128,1.0,0.10040396688324207,0.0783343028897326,0.06217052619252823,0.0783343028897326,0.06217052619252823,0.15,0.15,0.0,0.10040396688324207,0.09066814482894103,0.10040396688324207,0.09066814482894103,0.15,0.15,0.0,0.04758125380719043,0.02837928437305763,0.04758125380719043,0.02837928437305763,0.15,0.15,0.002974781731577545]"
/multi_agv/formal_execution_limiter_state,1788759159.5571246,1788759159.5571246,formal_execution_limiter_v1:header4+3x7,"[1.0,1788759159.5561275,1.0,0.10153361325208862,0.07966507155617325,0.06288177669601161,0.07966507155617325,0.06288177669601161,0.15,0.15,0.0,0.10153361325208862,0.09142392043799358,0.10153361325208862,0.09142392043799358,0.15,0.15,0.0,0.04874586074649406,0.02933072094373719,0.04874586074649406,0.02933072094373719,0.15,0.15,0.002974781731577545]"
/multi_agv/formal_execution_limiter_state,1788759159.5671537,1788759159.5671537,formal_execution_limiter_v1:header4+3x7,"[1.0,1788759159.566124,1.0,0.09728817600662984,0.08319872923847749,0.0587308990247703,0.08319872923847749,0.0587308990247703,0.15,0.15,0.0,0.0949265655836613,0.09728817600662984,0.0949265655836613,0.09728817600662984,0.15,0.15,0.0,0.047851594160441234,0.03178236364380355,0.047851594160441234,0.03178236364380355,0.15,0.15,0.002974781731577545]"
/multi_agv/formal_execution_limiter_state,1788759159.5772443,1788759159.5772443,formal_execution_limiter_v1:header4+3x7,"[1.0,1788759159.576155,1.0,0.09731008102061627,0.0830547973959972,0.0585742425227173,0.0830547973959972,0.0585742425227173,0.15,0.15,0.0,0.09481856284765404,0.09731008102061627,0.09481856284765404,0.09731008102061627,0.15,0.15,0.0,0.048997927293696654,0.03233635650603559,0.048997927293696654,0.03233635650603559,0.15,0.15,0.002974781731577545]"
/multi_agv/formal_execution_limiter_state,1788759159.5869145,1788759159.5869145,formal_execution_limiter_v1:header4+3x7,"[1.0,1788759159.5862129,1.0,0.09712950618775683,0.08248538875322498,0.05814472242776166,0.08248538875322498,0.05814472242776166,0.15,0.15,0.0,0.09402949042116142,0.09712950618775683,0.09402949042116142,0.09712950618775683,0.15,0.15,0.0,0.05029515088464055,0.032874189493691516,0.05029515088464055,0.032874189493691516,0.15,0.15,0.002974781731577545]"
/multi_agv/formal_execution_limiter_state,1788759159.5967736,1788759159.5967736,formal_execution_limiter_v1:header4+3x7,"[1.0,1788759159.5960906,1.0,0.09711340435153366,0.0822795287312863,0.05795562587193709,0.0822795287312863,0.05795562587193709,0.15,0.15,0.0,0.09379831585323702,0.09711340435153366,0.09379831585323702,0.09711340435153366,0.15,0.15,0.0,0.05173977898784729,0.03365755636073023,0.05173977898784729,0.03365755636073023,0.15,0.15,0.002974781731577545]"
/multi_agv/formal_execution_limiter_state,1788759159.606848,1788759159.606848,formal_execution_limiter_v1:header4+3x7,"[1.0,1788759159.6062183,1.0,0.09650274141593249,0.08257895073209445,0.055088148985295265,0.08257895073209445,0.055088148985295265,0.15,0.15,0.0,0.09304925711675147,0.09650274141593249,0.09304925711675147,0.09650274141593249,0.15,0.15,0.0,0.05079377675839218,0.03690522367265629,0.05079377675839218,0.03690522367265629,0.15,0.15,0.002974781731577545]"
/multi_agv/formal_execution_limiter_state,1788759159.61703,1788759159.61703,formal_execution_limiter_v1:header4+3x7,"[1.0,1788759159.616266,1.0,0.0964059667296558,0.08188720163547321,0.05456844444217039,0.08188720163547321,0.05456844444217039,0.15,0.15,0.0,0.09303169225917655,0.0964059667296558,0.09303169225917655,0.0964059667296558,0.15,0.15,0.0,0.05209420935228108,0.03768393667052668,0.05209420935228108,0.03768393667052668,0.15,0.15,0.002974781731577545]"
/multi_agv/formal_execution_limiter_state,1788759159.6269028,1788759159.6269028,formal_execution_limiter_v1:header4+3x7,"[1.0,1788759159.6262476,1.0,0.09619622296457465,0.07732514368065473,0.05992064669083379,0.07732514368065473,0.05992064669083379,0.15,0.15,0.0,0.08909772956700275,0.09619622296457465,0.08909772956700275,0.09619622296457465,0.15,0.15,0.0,0.045227281273650756,0.040396177636407744,0.045227281273650756,0.040396177636407744,0.15,0.15,0.002974781731577545]"
/multi_agv/formal_execution_limiter_state,1788759159.636917,1788759159.636917,formal_execution_limiter_v1:header4+3x7,"[1.0,1788759159.6362176,1.0,0.09635358665460214,0.07943310934563158,0.06131005228228881,0.07943310934563158,0.06131005228228881,0.15,0.15,0.0,0.08954271898334334,0.09635358665460214,0.08954271898334334,0.09635358665460214,0.15,0.15,0.0,0.04503648067624891,0.04009354123647747,0.04503648067624891,0.04009354123647747,0.15,0.15,0.002974781731577545]"
/multi_agv/formal_execution_limiter_state,1788759159.6466837,1788759159.6466837,formal_execution_limiter_v1:header4+3x7,"[1.0,1788759159.6461778,1.0,0.0955262585283644,0.07985910079588945,0.061941493315870344,0.07985910079588945,0.061941493315870344,0.15,0.15,0.0,0.08884763219572199,0.0955262585283644,0.08884763219572199,0.0955262585283644,0.15,0.15,0.0,0.04456071236566739,0.0396250768406492,0.04456071236566739,0.0396250768406492,0.15,0.15,0.002974781731577545]"
/multi_agv/formal_execution_limiter_state,1788759159.6566923,1788759159.6566923,formal_execution_limiter_v1:header4+3x7,"[1.0,1788759159.656091,1.0,0.09497383405172898,0.0806004764754,0.06279461483767976,0.0806004764754,0.06279461483767976,0.15,0.15,0.0,0.08862181416183436,0.09497383405172898,0.08862181416183436,0.09497383405172898,0.15,0.15,0.0,0.04471966070000778,0.03963158710768465,0.04471966070000778,0.03963158710768465,0.15,0.15,0.002974781731577545]"
/multi_agv/formal_execution_limiter_state,1788759159.6666048,1788759159.6666048,formal_execution_limiter_v1:header4+3x7,"[1.0,1788759159.6660886,1.0,0.09424187392858772,0.08167923415242377,0.06114132592135198,0.08167923415242377,0.06114132592135198,0.15,0.15,0.0,0.08727705534732037,0.09424187392858772,0.08727705534732037,0.09424187392858772,0.15,0.15,0.0,0.052265078284043906,0.032178787554609,0.052265078284043906,0.032178787554609,0.15,0.15,0.002974781731577545]"
/multi_agv/formal_execution_limiter_state,1788759159.6769025,1788759159.6769025,formal_execution_limiter_v1:header4+3x7,"[1.0,1788759159.6762118,1.0,0.09383311624559648,0.08217192286828338,0.061704851926969936,0.08217192286828338,0.061704851926969936,0.15,0.15,0.0,0.08732145578151729,0.09383311624559648,0.08732145578151729,0.09383311624559648,0.15,0.15,0.0,0.052276359058705854,0.03230341336292966,0.052276359058705854,0.03230341336292966,0.15,0.15,0.002974781731577545]"
/multi_agv/formal_execution_limiter_state,1788759159.6868405,1788759159.6868405,formal_execution_limiter_v1:header4+3x7,"[1.0,1788759159.686226,1.0,0.09331759756689616,0.08193152733292247,0.06203702722504972,0.08193152733292247,0.06203702722504972,0.15,0.15,0.0,0.08758079134345402,0.09331759756689616,0.08758079134345402,0.09331759756689616,0.15,0.15,0.0,0.051955091253542335,0.032115657345727425,0.051955091253542335,0.032115657345727425,0.15,0.15,0.002974781731577545]"
/multi_agv/formal_execution_limiter_state,1788759159.69697,1788759159.69697,formal_execution_limiter_v1:header4+3x7,"[1.0,1788759159.6961498,1.0,0.09319561028420709,0.08187414309227689,0.062366646546957345,0.08187414309227689,0.062366646546957345,0.15,0.15,0.0,0.08818172433500696,0.09319561028420709,0.08818172433500696,0.09319561028420709,0.15,0.15,0.0,0.05228424632824169,0.03229965398127335,0.05228424632824169,0.03229965398127335,0.15,0.15,0.002974781731577545]"
/multi_agv/formal_execution_limiter_state,1788759159.7067156,1788759159.7067156,formal_execution_limiter_v1:header4+3x7,"[1.0,1788759159.7061048,1.0,0.09188429065559596,0.0802130260382811,0.06582018182270827,0.0802130260382811,0.06582018182270827,0.15,0.15,0.0,0.08589485161287068,0.09188429065559596,0.08589485161287068,0.09188429065559596,0.15,0.15,0.0,0.05796388869138168,0.030361729814333202,0.05796388869138168,0.030361729814333202,0.15,0.15,0.002974781731577545]"
/multi_agv/formal_execution_limiter_state,1788759159.716867,1788759159.716867,formal_execution_limiter_v1:header4+3x7,"[1.0,1788759159.716168,1.0,0.09099204950900959,0.08099073940691284,0.06676790620129108,0.08099073940691284,0.06676790620129108,0.15,0.15,0.0,0.08564762293792715,0.09099204950900959,0.08564762293792715,0.09099204950900959,0.15,0.15,0.0,0.05904175801363975,0.03139063171255057,0.05904175801363975,0.03139063171255057,0.15,0.15,0.002974781731577545]"
/multi_agv/formal_execution_limiter_state,1788759159.7267103,1788759159.7267103,formal_execution_limiter_v1:header4+3x7,"[1.0,1788759159.7261205,1.0,0.09016876149242964,0.08114072354934644,0.06748570512585565,0.08114072354934644,0.06748570512585565,0.15,0.15,0.0,0.08563163159167406,0.09016876149242964,0.08563163159167406,0.09016876149242964,0.15,0.15,0.0,0.059562007483128114,0.03204163955978522,0.059562007483128114,0.03204163955978522,0.15,0.15,0.002974781731577545]"
/multi_agv/formal_execution_limiter_state,1788759159.7368228,1788759159.7368228,formal_execution_limiter_v1:header4+3x7,"[1.0,1788759159.7362254,1.0,0.0877572868309902,0.0817308946381453,0.06961322990001627,0.0817308946381453,0.06961322990001627,0.15,0.15,0.0,0.0877572868309902,0.08736743087795325,0.0877572868309902,0.08736743087795325,0.15,0.15,0.0,0.05344270661241793,0.03980242881467941,0.05344270661241793,0.03980242881467941,0.15,0.15,0.002974781731577545]"
/multi_agv/formal_execution_limiter_state,1788759159.7466733,1788759159.7466733,formal_execution_limiter_v1:header4+3x7,"[1.0,1788759159.746143,1.0,0.0878263529644379,0.08157903947521464,0.07019835475090269,0.08157903947521464,0.07019835475090269,0.15,0.15,0.0,0.0878263529644379,0.08675113905668395,0.0878263529644379,0.08675113905668395,0.15,0.15,0.0,0.053951394820137694,0.04088152273581594,0.053951394820137694,0.04088152273581594,0.15,0.15,0.002974781731577545]"
/multi_agv/formal_execution_limiter_state,1788759159.756738,1788759159.756738,formal_execution_limiter_v1:header4+3x7,"[1.0,1788759159.7560875,1.0,0.08821469805773444,0.08193123062333776,0.07079128409749916,0.08193123062333776,0.07079128409749916,0.15,0.15,0.0,0.08821469805773444,0.08643632790001293,0.08821469805773444,0.08643632790001293,0.15,0.15,0.0,0.05457072030623307,0.04206421310122983,0.05457072030623307,0.04206421310122983,0.15,0.15,0.002974781731577545]"
/multi_agv/formal_execution_limiter_state,1788759159.7667153,1788759159.7667153,formal_execution_limiter_v1:header4+3x7,"[1.0,1788759159.7661004,1.0,0.08845119493866987,0.08169489206041339,0.07116745936649327,0.08169489206041339,0.07116745936649327,0.15,0.15,0.0,0.08845119493866987,0.08575886505706448,0.08845119493866987,0.08575886505706448,0.15,0.15,0.0,0.05347097467675488,0.040846655158335465,0.05347097467675488,0.040846655158335465,0.15,0.15,0.002974781731577545]"
/multi_agv/formal_execution_limiter_state,1788759159.777065,1788759159.777065,formal_execution_limiter_v1:header4+3x7,"[1.0,1788759159.7761312,1.0,0.08922962218364988,0.08195819753212504,0.0715955657153687,0.08195819753212504,0.0715955657153687,0.15,0.15,0.0,0.08922962218364988,0.08584850154363122,0.08922962218364988,0.08584850154363122,0.15,0.15,0.0,0.05279622339776111,0.04093192910928222,0.05279622339776111,0.04093192910928222,0.15,0.15,0.002974781731577545]"
/multi_agv/formal_execution_limiter_state,1788759159.7868085,1788759159.7868085,formal_execution_limiter_v1:header4+3x7,"[1.0,1788759159.7861538,1.0,0.08899025686829512,0.07989422430640024,0.07075251380113824,0.07989422430640024,0.07075251380113824,0.15,0.15,0.0,0.08899025686829512,0.08473769245788129,0.08899025686829512,0.08473769245788129,0.15,0.15,0.0,0.05143566635181311,0.04184032416079432,0.05143566635181311,0.04184032416079432,0.15,0.15,0.002974781731577545]"
/multi_agv/formal_execution_limiter_state,1788759159.7968698,1788759159.7968698,formal_execution_limiter_v1:header4+3x7,"[1.0,1788759159.7961583,1.0,0.09057090300654289,0.0808012075989191,0.07124070294354798,0.0808012075989191,0.07124070294354798,0.15,0.15,0.0,0.09057090300654289,0.08585473041459835,0.09057090300654289,0.08585473041459835,0.15,0.15,0.0,0.052178045746065334,0.0423256930800654,0.052178045746065334,0.0423256930800654,0.15,0.15,0.002974781731577545]"
/multi_agv/formal_execution_limiter_state,1788759159.8066785,1788759159.8066785,formal_execution_limiter_v1:header4+3x7,"[1.0,1788759159.8061042,1.0,0.0957437845253526,0.0816448066313799,0.06633322456826148,0.0816448066313799,0.06633322456826148,0.15,0.15,0.0,0.0957437845253526,0.08401261154233405,0.0957437845253526,0.08401261154233405,0.15,0.15,0.0,0.05315447227631617,0.042579422860214336,0.05315447227631617,0.042579422860214336,0.15,0.15,0.002974781731577545]"
/multi_agv/formal_execution_limiter_state,1788759159.8169048,1788759159.8169048,formal_execution_limiter_v1:header4+3x7,"[1.0,1788759159.8160996,1.0,0.09749796240150235,0.08083320078341588,0.06566266549413438,0.08083320078341588,0.06566266549413438,0.15,0.15,0.0,0.09749796240150235,0.0850474729732438,0.09749796240150235,0.0850474729732438,0.15,0.15,0.0,0.05304209119391529,0.0430823156104232,0.05304209119391529,0.0430823156104232,0.15,0.15,0.002974781731577545]"
/multi_agv/formal_execution_limiter_state,1788759159.826773,1788759159.826773,formal_execution_limiter_v1:header4+3x7,"[1.0,1788759159.8260968,1.0,0.09870143909659242,0.08435066826943857,0.06830860168530578,0.08435066826943857,0.06830860168530578,0.15,0.15,0.0,0.09870143909659242,0.08132516438320485,0.09870143909659242,0.08132516438320485,0.15,0.15,0.0,0.05142007511287735,0.04326603313132844,0.05142007511287735,0.04326603313132844,0.15,0.15,0.002974781731577545]"
/multi_agv/formal_execution_limiter_state,1788759159.836701,1788759159.836701,formal_execution_limiter_v1:header4+3x7,"[1.0,1788759159.8360918,1.0,0.10059579366702893,0.08740459208377262,0.07063645404348072,0.08740459208377262,0.07063645404348072,0.15,0.15,0.0,0.10059579366702893,0.08269338652572504,0.10059579366702893,0.08269338652572504,0.15,0.15,0.0,0.05213605369445639,0.043714949593403184,0.05213605369445639,0.043714949593403184,0.15,0.15,0.002974781731577545]"
/multi_agv/formal_execution_limiter_state,1788759159.8466911,1788759159.8466911,formal_execution_limiter_v1:header4+3x7,"[1.0,1788759159.8460915,1.0,0.1014520555528653,0.08833581344698496,0.07162292847349555,0.08833581344698496,0.07162292847349555,0.15,0.15,0.0,0.1014520555528653,0.08275076577237989,0.1014520555528653,0.08275076577237989,0.15,0.15,0.0,0.051987073872578296,0.04432722285159095,0.051987073872578296,0.04432722285159095,0.15,0.15,0.002974781731577545]"
/multi_agv/formal_execution_limiter_state,1788759159.8567784,1788759159.8567784,formal_execution_limiter_v1:header4+3x7,"[1.0,1788759159.856089,1.0,0.10251763938988832,0.08957862406253424,0.0726796188738441,0.08957862406253424,0.0726796188738441,0.15,0.15,0.0,0.10251763938988832,0.08325723118881286,0.10251763938988832,0.08325723118881286,0.15,0.15,0.0,0.05229527915731619,0.0449444978044809,0.05229527915731619,0.0449444978044809,0.15,0.15,0.002974781731577545]"
/multi_agv/formal_execution_limiter_state,1788759159.866707,1788759159.866707,formal_execution_limiter_v1:header4+3x7,"[1.0,1788759159.86608,1.0,0.09653252201494816,0.08688675735489616,0.07436706979607376,0.08688675735489616,0.07436706979607376,0.15,0.15,0.0,0.09653252201494816,0.08678888367785084,0.09653252201494816,0.08678888367785084,0.15,0.15,0.0,0.05151109437354143,0.04399810452661031,0.05151109437354143,0.04399810452661031,0.15,0.15,0.002974781731577545]"
/multi_agv/formal_execution_limiter_state,1788759159.8774693,1788759159.8774693,formal_execution_limiter_v1:header4+3x7,"[1.0,1788759159.876157,1.0,0.09772162722937697,0.08869264227410158,0.07566640688574196,0.08869264227410158,0.07566640688574196,0.15,0.15,0.0,0.09772162722937697,0.0875420359589407,0.09772162722937697,0.0875420359589407,0.15,0.15,0.0,0.05208259516715436,0.04430665067235882,0.05208259516715436,0.04430665067235882,0.15,0.15,0.002974781731577545]"
/multi_agv/formal_execution_limiter_state,1788759159.8867939,1788759159.8867939,formal_execution_limiter_v1:header4+3x7,"[1.0,1788759159.886131,1.0,0.09769094016766386,0.08869066726142437,0.07590417603891893,0.08869066726142437,0.07590417603891893,0.15,0.15,0.0,0.09769094016766386,0.0872147977086628,0.09769094016766386,0.0872147977086628,0.15,0.15,0.0,0.05211898488372972,0.04451749415227095,0.05211898488372972,0.04451749415227095,0.15,0.15,0.002974781731577545]"
/multi_agv/formal_execution_limiter_state,1788759159.896921,1788759159.896921,formal_execution_limiter_v1:header4+3x7,"[1.0,1788759159.8961892,1.0,0.09806095304365277,0.08881590428369619,0.07614709010116948,0.08881590428369619,0.07614709010116948,0.15,0.15,0.0,0.09806095304365277,0.08740470176392236,0.09806095304365277,0.08740470176392236,0.15,0.15,0.0,0.053909580146790884,0.04507180850365225,0.053909580146790884,0.04507180850365225,0.15,0.15,0.002974781731577545]"
/multi_agv/formal_execution_limiter_state,1788759159.9068897,1788759159.9068897,formal_execution_limiter_v1:header4+3x7,"[1.0,1788759159.9061005,1.0,0.10741705649721095,0.08668669573030814,0.07724907066975038,0.08668669573030814,0.07724907066975038,0.15,0.15,0.0,0.10741705649721095,0.08214544589507536,0.10741705649721095,0.08214544589507536,0.15,0.15,0.0,0.054072122916147713,0.04588079937503904,0.054072122916147713,0.04588079937503904,0.15,0.15,0.002974781731577545]"
/multi_agv/formal_execution_limiter_state,1788759159.9169333,1788759159.9169333,formal_execution_limiter_v1:header4+3x7,"[1.0,1788759159.9161487,1.0,0.108949314585312,0.08693845585359798,0.07761565421165605,0.08693845585359798,0.07761565421165605,0.15,0.15,0.0,0.108949314585312,0.08340770016340508,0.108949314585312,0.08340770016340508,0.15,0.15,0.0,0.05440002106178611,0.046049532173959226,0.05440002106178611,0.046049532173959226,0.15,0.15,0.002974781731577545]"
/multi_agv/formal_execution_limiter_state,1788759159.9268613,1788759159.9268613,formal_execution_limiter_v1:header4+3x7,"[1.0,1788759159.9260988,1.0,0.10768157093657182,0.08659483408078346,0.0769297325144273,0.08659483408078346,0.0769297325144273,0.15,0.15,0.0,0.10768157093657182,0.0822303829698865,0.10768157093657182,0.0822303829698865,0.15,0.15,0.0,0.04116504655893533,0.054717697358469146,0.04116504655893533,0.054717697358469146,0.15,0.15,0.002974781731577545]"
/multi_agv/formal_execution_limiter_state,1788759159.9368234,1788759159.9368234,formal_execution_limiter_v1:header4+3x7,"[1.0,1788759159.9361486,1.0,0.10826711485486977,0.08581100999703825,0.07653693664416214,0.08581100999703825,0.07653693664416214,0.15,0.15,0.0,0.10826711485486977,0.08268043920204839,0.10826711485486977,0.08268043920204839,0.15,0.15,0.0,0.04060797197570514,0.0541899882363527,0.04060797197570514,0.0541899882363527,0.15,0.15,0.002974781731577545]"
/multi_agv/formal_execution_limiter_state,1788759159.9468458,1788759159.9468458,formal_execution_limiter_v1:header4+3x7,"[1.0,1788759159.9460952,1.0,0.10823317795464368,0.08400374455340029,0.07557243339720368,0.08400374455340029,0.07557243339720368,0.15,0.15,0.0,0.10823317795464368,0.08283075685532496,0.10823317795464368,0.08283075685532496,0.15,0.15,0.0,0.04020657274567838,0.05377263116143189,0.04020657274567838,0.05377263116143189,0.15,0.15,0.002974781731577545]"
/multi_agv/formal_execution_limiter_state,1788759159.9567397,1788759159.9567397,formal_execution_limiter_v1:header4+3x7,"[1.0,1788759159.9561515,1.0,0.10868733729218821,0.08299667836456745,0.07501723066294669,0.08299667836456745,0.07501723066294669,0.15,0.15,0.0,0.10868733729218821,0.08320190785387988,0.10868733729218821,0.08320190785387988,0.15,0.15,0.0,0.0398021286889088,0.05321539407602972,0.0398021286889088,0.05321539407602972,0.15,0.15,0.002974781731577545]"
/multi_agv/formal_execution_limiter_state,1788759159.9665682,1788759159.9665682,formal_execution_limiter_v1:header4+3x7,"[1.0,1788759159.9661067,1.0,0.10118214890266497,0.08200611538553783,0.07434056881715152,0.08200611538553783,0.07434056881715152,0.15,0.15,0.0,0.10118214890266497,0.08809891481686966,0.10118214890266497,0.08809891481686966,0.15,0.15,0.0,0.04174063240924483,0.050410365079994635,0.04174063240924483,0.050410365079994635,0.15,0.15,0.002974781731577545]"
/multi_agv/formal_execution_limiter_state,1788759159.976948,1788759159.976948,formal_execution_limiter_v1:header4+3x7,"[1.0,1788759159.9761252,1.0,0.10061198783526681,0.0834926824254814,0.07528924299174018,0.0834926824254814,0.07528924299174018,0.15,0.15,0.0,0.10061198783526681,0.08745588881777619,0.10061198783526681,0.08745588881777619,0.15,0.15,0.0,0.041491316641164205,0.04994654199721758,0.041491316641164205,0.04994654199721758,0.15,0.15,0.002974781731577545]"
/multi_agv/formal_execution_limiter_state,1788759159.9867525,1788759159.9867525,formal_execution_limiter_v1:header4+3x7,"[1.0,1788759159.9861395,1.0,0.09965389660583422,0.08264041901540944,0.07516440387698711,0.08264041901540944,0.07516440387698711,0.15,0.15,0.0,0.09965389660583422,0.0866410053592087,0.09965389660583422,0.0866410053592087,0.15,0.15,0.0,0.04156970065721303,0.04994683360069272,0.04156970065721303,0.04994683360069272,0.15,0.15,0.002974781731577545]"
/multi_agv/formal_execution_limiter_state,1788759159.9967408,1788759159.9967408,formal_execution_limiter_v1:header4+3x7,"[1.0,1788759159.99611,1.0,0.0992059132866655,0.08222490153592142,0.07506571622811946,0.08222490153592142,0.07506571622811946,0.15,0.15,0.0,0.0992059132866655,0.08624644631298817,0.0992059132866655,0.08624644631298817,0.15,0.15,0.0,0.042187128645944344,0.05036388858271852,0.042187128645944344,0.05036388858271852,0.15,0.15,0.002974781731577545]"
/multi_agv/formal_execution_limiter_state,1788759160.0068057,1788759160.0068057,formal_execution_limiter_v1:header4+3x7,"[1.0,1788759160.0060904,1.0,0.09939862607805677,0.08112683635119648,0.07501451296437935,0.08112683635119648,0.07501451296437935,0.15,0.15,0.0,0.09939862607805677,0.08786620070579423,0.09939862607805677,0.08786620070579423,0.15,0.15,0.0,0.04891148054731666,0.04717963104301638,0.04891148054731666,0.04717963104301638,0.15,0.15,0.002974781731577545]"
/multi_agv/formal_execution_limiter_state,1788759160.016965,1788759160.016965,formal_execution_limiter_v1:header4+3x7,"[1.0,1788759160.0160923,1.0,0.09997174627408878,0.08083424031357074,0.07491285850934694,0.08083424031357074,0.07491285850934694,0.15,0.15,0.0,0.09997174627408878,0.08831364066656236,0.09997174627408878,0.08831364066656236,0.15,0.15,0.0,0.0497728849911304,0.04746515519345976,0.0497728849911304,0.04746515519345976,0.15,0.15,0.002974781731577545]"
/multi_agv/formal_execution_limiter_state,1788759160.0268958,1788759160.0268958,formal_execution_limiter_v1:header4+3x7,"[1.0,1788759160.0260935,1.0,0.0997576047413327,0.07995099107295107,0.07475676387661422,0.07995099107295107,0.07475676387661422,0.15,0.15,0.0,0.0997576047413327,0.08329875115234005,0.0997576047413327,0.08329875115234005,0.15,0.15,0.0,0.050446280407800734,0.047642171941054676,0.050446280407800734,0.047642171941054676,0.15,0.15,0.002974781731577545]"
/multi_agv/formal_execution_limiter_state,1788759160.037047,1788759160.037047,formal_execution_limiter_v1:header4+3x7,"[1.0,1788759160.0361238,1.0,0.09926014577390825,0.07889771204982934,0.07434068684853762,0.07889771204982934,0.07434068684853762,0.15,0.15,0.0,0.09926014577390825,0.08279296222031608,0.09926014577390825,0.08279296222031608,0.15,0.15,0.0,0.049666216210393486,0.049717578300627376,0.049666216210393486,0.049717578300627376,0.15,0.15,0.002974781731577545]"
/multi_agv/formal_execution_limiter_state,1788759160.0469217,1788759160.0469217,formal_execution_limiter_v1:header4+3x7,"[1.0,1788759160.046132,1.0,0.09828588434146522,0.07800473965174343,0.0735177599493057,0.07800473965174343,0.0735177599493057,0.15,0.15,0.0,0.09828588434146522,0.08219493196934101,0.09828588434146522,0.08219493196934101,0.15,0.15,0.0,0.05076169464389954,0.04985756218604,0.05076169464389954,0.04985756218604,0.15,0.15,0.002974781731577545]"
/multi_agv/formal_execution_limiter_state,1788759160.0566354,1788759160.0566354,formal_execution_limiter_v1:header4+3x7,"[1.0,1788759160.056093,1.0,0.09905362940924808,0.07843130087511267,0.07371260990065097,0.07843130087511267,0.07371260990065097,0.15,0.15,0.0,0.09905362940924808,0.08255999119560273,0.09905362940924808,0.08255999119560273,0.15,0.15,0.0,0.051990264117688305,0.0506751682173714,0.051990264117688305,0.0506751682173714,0.15,0.15,0.002974781731577545]"
/multi_agv/formal_execution_limiter_state,1788759160.0665617,1788759160.0665617,formal_execution_limiter_v1:header4+3x7,"[1.0,1788759160.0660884,1.0,0.09414381607068438,0.07582741120585133,0.06955117133798462,0.07582741120585133,0.06955117133798462,0.15,0.15,0.0,0.09414381607068438,0.08954884412817483,0.09414381607068438,0.08954884412817483,0.15,0.15,0.0,0.05661829748619157,0.044077559686369755,0.05661829748619157,0.044077559686369755,0.15,0.15,0.002974781731577545]"
/multi_agv/formal_execution_limiter_state,1788759160.0768595,1788759160.0768595,formal_execution_limiter_v1:header4+3x7,"[1.0,1788759160.0761263,1.0,0.09460138514942888,0.07481987083372055,0.06847463403643442,0.07481987083372055,0.06847463403643442,0.15,0.15,0.0,0.09460138514942888,0.09001704133354345,0.09460138514942888,0.09001704133354345,0.15,0.15,0.0,0.05712126781861134,0.0438806530690598,0.05712126781861134,0.0438806530690598,0.15,0.15,0.002974781731577545]"
/multi_agv/formal_execution_limiter_state,1788759160.087006,1788759160.087006,formal_execution_limiter_v1:header4+3x7,"[1.0,1788759160.0861259,1.0,0.09460389656340581,0.07391481900659282,0.06745681973021077,0.07391481900659282,0.06745681973021077,0.15,0.15,0.0,0.09460389656340581,0.09018605966242499,0.09460389656340581,0.09018605966242499,0.15,0.15,0.0,0.057816907787433675,0.04375085017629844,0.057816907787433675,0.04375085017629844,0.15,0.15,0.002974781731577545]"
/multi_agv/formal_execution_limiter_state,1788759160.0966697,1788759160.0966697,formal_execution_limiter_v1:header4+3x7,"[1.0,1788759160.0961077,1.0,0.09526323911342391,0.07332692979141167,0.06664258387746749,0.07332692979141167,0.06664258387746749,0.15,0.15,0.0,0.09526323911342391,0.09063264756050865,0.09526323911342391,0.09063264756050865,0.15,0.15,0.0,0.05867460530073929,0.044032394775571755,0.05867460530073929,0.044032394775571755,0.15,0.15,0.002974781731577545]"
/multi_agv/formal_execution_limiter_state,1788759160.1066475,1788759160.1066475,formal_execution_limiter_v1:header4+3x7,"[1.0,1788759160.1061392,1.0,0.09373076049634789,0.0733133844911495,0.0636529792322645,0.0733133844911495,0.0636529792322645,0.15,0.15,0.0,0.09373076049634789,0.08996539455085571,0.09373076049634789,0.08996539455085571,0.15,0.15,0.0,0.05934534298294367,0.04270247749156108,0.05934534298294367,0.04270247749156108,0.15,0.15,0.002974781731577545]"
/multi_agv/formal_execution_limiter_state,1788759160.1166365,1788759160.1166365,formal_execution_limiter_v1:header4+3x7,"[1.0,1788759160.1161444,1.0,0.09361833415541089,0.07251703389723356,0.06268951364573076,0.07251703389723356,0.06268951364573076,0.15,0.15,0.0,0.09361833415541089,0.08980131458441527,0.09361833415541089,0.08980131458441527,0.15,0.15,0.0,0.05926443051748273,0.042180533410665216,0.05926443051748273,0.042180533410665216,0.15,0.15,0.002974781731577545]"
/multi_agv/formal_execution_limiter_state,1788759160.1266682,1788759160.1266682,formal_execution_limiter_v1:header4+3x7,"[1.0,1788759160.1260898,1.0,0.0931446595533669,0.07169281516449212,0.0618413257548784,0.07169281516449212,0.0618413257548784,0.15,0.15,0.0,0.0931446595533669,0.08945279199433276,0.0931446595533669,0.08945279199433276,0.15,0.15,0.0,0.059094540998876594,0.04149737586168607,0.059094540998876594,0.04149737586168607,0.15,0.15,0.002974781731577545]"
/multi_agv/formal_execution_limiter_state,1788759160.1366606,1788759160.1366606,formal_execution_limiter_v1:header4+3x7,"[1.0,1788759160.1360917,1.0,0.09452004750824905,0.06909321076761567,0.06462218294032261,0.06909321076761567,0.06462218294032261,0.15,0.15,0.0,0.09452004750824905,0.08964598326418916,0.09452004750824905,0.08964598326418916,0.15,0.15,0.0,0.06533592017128771,0.04138641136304953,0.06533592017128771,0.04138641136304953,0.15,0.15,0.002974781731577545]"
/multi_agv/formal_execution_limiter_state,1788759160.1465683,1788759160.1465683,formal_execution_limiter_v1:header4+3x7,"[1.0,1788759160.146122,1.0,0.09465702314297315,0.06900954831855877,0.0644609067454174,0.06900954831855877,0.0644609067454174,0.15,0.15,0.0,0.09465702314297315,0.08933962456101237,0.09465702314297315,0.08933962456101237,0.15,0.15,0.0,0.06696708433404912,0.04285522556252631,0.06696708433404912,0.04285522556252631,0.15,0.15,0.002974781731577545]"
/multi_agv/formal_execution_limiter_state,1788759160.1566415,1788759160.1566415,formal_execution_limiter_v1:header4+3x7,"[1.0,1788759160.1561396,1.0,0.0948387073762147,0.0688881766246575,0.06426058457764529,0.0688881766246575,0.06426058457764529,0.15,0.15,0.0,0.0948387073762147,0.08915208252290084,0.0948387073762147,0.08915208252290084,0.15,0.15,0.0,0.06830637056686484,0.04399584812000961,0.06830637056686484,0.04399584812000961,0.15,0.15,0.002974781731577545]"
/multi_agv/formal_execution_limiter_state,1788759160.1666467,1788759160.1666467,formal_execution_limiter_v1:header4+3x7,"[1.0,1788759160.1661794,1.0,0.0961727210493973,0.06944452853526899,0.06245392903027201,0.06944452853526899,0.06245392903027201,0.15,0.15,0.0,0.0961727210493973,0.08721230429702582,0.0961727210493973,0.08721230429702582,0.15,0.15,0.0,0.06493827970350444,0.04476730384534997,0.06493827970350444,0.04476730384534997,0.15,0.15,0.002974781731577545]"
/multi_agv/formal_execution_limiter_state,1788759160.176672,1788759160.176672,formal_execution_limiter_v1:header4+3x7,"[1.0,1788759160.176113,1.0,0.09696390986896898,0.06956252500795831,0.06256857546676917,0.06956252500795831,0.06256857546676917,0.15,0.15,0.0,0.09696390986896898,0.08753684324757373,0.09696390986896898,0.08753684324757373,0.15,0.15,0.0,0.06486845308305432,0.044745027020017515,0.06486845308305432,0.044745027020017515,0.15,0.15,0.002974781731577545]"
/multi_agv/formal_execution_limiter_state,1788759160.1866906,1788759160.1866906,formal_execution_limiter_v1:header4+3x7,"[1.0,1788759160.186096,1.0,0.09749064865389673,0.06985657438895015,0.0629780170594528,0.06985657438895015,0.0629780170594528,0.15,0.15,0.0,0.09749064865389673,0.08751056096902493,0.09749064865389673,0.08751056096902493,0.15,0.15,0.0,0.06485784574404177,0.04489090199929845,0.06485784574404177,0.04489090199929845,0.15,0.15,0.002974781731577545]"
/multi_agv/formal_execution_limiter_state,1788759160.1968617,1788759160.1968617,formal_execution_limiter_v1:header4+3x7,"[1.0,1788759160.1961443,1.0,0.09793773602728709,0.07040936588560878,0.06350090208256728,0.07040936588560878,0.06350090208256728,0.15,0.15,0.0,0.09793773602728709,0.08746427369975765,0.09793773602728709,0.08746427369975765,0.15,0.15,0.0,0.06500209446412293,0.04489882018160378,0.06500209446412293,0.04489882018160378,0.15,0.15,0.002974781731577545]"
/multi_agv/formal_execution_limiter_state,1788759160.2065973,1788759160.2065973,formal_execution_limiter_v1:header4+3x7,"[1.0,1788759160.2061622,1.0,0.0965262817730185,0.06994604185234682,0.0630632827587983,0.06994604185234682,0.0630632827587983,0.15,0.15,0.0,0.0965262817730185,0.08632492400021421,0.0965262817730185,0.08632492400021421,0.15,0.15,0.0,0.060280395278354666,0.04523016981368306,0.060280395278354666,0.04523016981368306,0.15,0.15,0.002974781731577545]"
/multi_agv/formal_execution_limiter_state,1788759160.216721,1788759160.216721,formal_execution_limiter_v1:header4+3x7,"[1.0,1788759160.2160885,1.0,0.09676696784759456,0.06987263739036116,0.06299379732716069,0.06987263739036116,0.06299379732716069,0.15,0.15,0.0,0.09676696784759456,0.0861970307416946,0.09676696784759456,0.0861970307416946,0.15,0.15,0.0,0.059181430759548355,0.04418088844735365,0.059181430759548355,0.04418088844735365,0.15,0.15,0.002974781731577545]"
/multi_agv/formal_execution_limiter_state,1788759160.2266836,1788759160.2266836,formal_execution_limiter_v1:header4+3x7,"[1.0,1788759160.226145,1.0,0.09707812695771631,0.06985731937371946,0.06304005654804241,0.06985731937371946,0.06304005654804241,0.15,0.15,0.0,0.09707812695771631,0.08613833872109272,0.09707812695771631,0.08613833872109272,0.15,0.15,0.0,0.0579733514924656,0.04339112564281672,0.0579733514924656,0.04339112564281672,0.15,0.15,0.002974781731577545]"
/multi_agv/formal_execution_limiter_state,1788759160.2368863,1788759160.2368863,formal_execution_limiter_v1:header4+3x7,"[1.0,1788759160.2361395,1.0,0.09753352364193489,0.07129523328601767,0.06489124857675585,0.07129523328601767,0.06489124857675585,0.15,0.15,0.0,0.09753352364193489,0.08803911225814083,0.09753352364193489,0.08803911225814083,0.15,0.15,0.0,0.057444437291867094,0.04297173445602646,0.057444437291867094,0.04297173445602646,0.15,0.15,0.002974781731577545]"
/multi_agv/formal_execution_limiter_state,1788759160.2466834,1788759160.2466834,formal_execution_limiter_v1:header4+3x7,"[1.0,1788759160.2461226,1.0,0.09749463858167276,0.07206968740883603,0.06536569650809364,0.07206968740883603,0.06536569650809364,0.15,0.15,0.0,0.09749463858167276,0.08769197149592584,0.09749463858167276,0.08769197149592584,0.15,0.15,0.0,0.05636060886251037,0.04240601565118882,0.05636060886251037,0.04240601565118882,0.15,0.15,0.002974781731577545]"
/multi_agv/formal_execution_limiter_state,1788759160.2567534,1788759160.2567534,formal_execution_limiter_v1:header4+3x7,"[1.0,1788759160.256101,1.0,0.09803227974676526,0.07254211797145078,0.06565858369066958,0.07254211797145078,0.06565858369066958,0.15,0.15,0.0,0.09803227974676526,0.08786390683335796,0.09803227974676526,0.08786390683335796,0.15,0.15,0.0,0.05552572870107386,0.04184978908427914,0.05552572870107386,0.04184978908427914,0.15,0.15,0.002974781731577545]"
/multi_agv/formal_execution_limiter_state,1788759160.2666306,1788759160.2666306,formal_execution_limiter_v1:header4+3x7,"[1.0,1788759160.2661285,1.0,0.10001232847439963,0.07220437330916074,0.06543493529263145,0.07220437330916074,0.06543493529263145,0.15,0.15,0.0,0.10001232847439963,0.08579988505724166,0.10001232847439963,0.08579988505724166,0.15,0.15,0.0,0.05517774844167693,0.04456052652398783,0.05517774844167693,0.04456052652398783,0.15,0.15,0.002974781731577545]"
/multi_agv/formal_execution_limiter_state,1788759160.276672,1788759160.276672,formal_execution_limiter_v1:header4+3x7,"[1.0,1788759160.276138,1.0,0.1008615330875614,0.07269103674628737,0.06591545287606886,0.07269103674628737,0.06591545287606886,0.15,0.15,0.0,0.1008615330875614,0.08637244640533473,0.1008615330875614,0.08637244640533473,0.15,0.15,0.0,0.05561347331722607,0.04515364318282553,0.05561347331722607,0.04515364318282553,0.15,0.15,0.002974781731577545]"
/multi_agv/formal_execution_limiter_state,1788759160.2865348,1788759160.2865348,formal_execution_limiter_v1:header4+3x7,"[1.0,1788759160.2860851,1.0,0.10061972284794216,0.0731285948262285,0.06637538768476142,0.0731285948262285,0.06637538768476142,0.15,0.15,0.0,0.10061972284794216,0.08609698575523736,0.10061972284794216,0.08609698575523736,0.15,0.15,0.0,0.05596133275062512,0.04584491080801993,0.05596133275062512,0.04584491080801993,0.15,0.15,0.002974781731577545]"
/multi_agv/formal_execution_limiter_state,1788759160.2967734,1788759160.2967734,formal_execution_limiter_v1:header4+3x7,"[1.0,1788759160.296236,1.0,0.10084412240375092,0.07378364113174174,0.06693352662393304,0.07378364113174174,0.06693352662393304,0.15,0.15,0.0,0.10084412240375092,0.08606573923693002,0.10084412240375092,0.08606573923693002,0.15,0.15,0.0,0.05639741119512809,0.04626325291946408,0.05639741119512809,0.04626325291946408,0.15,0.15,0.002974781731577545]"
/multi_agv/formal_execution_limiter_state,1788759160.3066401,1788759160.3066401,formal_execution_limiter_v1:header4+3x7,"[1.0,1788759160.3062124,1.0,0.09364652332652601,0.0730236084761921,0.06442062935317547,0.0730236084761921,0.06442062935317547,0.15,0.15,0.0,0.09364652332652601,0.09197100981361783,0.09364652332652601,0.09197100981361783,0.15,0.15,0.0,0.0566854439822158,0.04728608243129491,0.0566854439822158,0.04728608243129491,0.15,0.15,0.002974781731577545]"
/multi_agv/formal_execution_limiter_state,1788759160.3167717,1788759160.3167717,formal_execution_limiter_v1:header4+3x7,"[1.0,1788759160.3162277,1.0,0.09376183192498473,0.07242570455370523,0.06383835563477644,0.07242570455370523,0.06383835563477644,0.15,0.15,0.0,0.09376183192498473,0.09195690377346062,0.09376183192498473,0.09195690377346062,0.15,0.15,0.0,0.05714682265672425,0.04750904772573703,0.05714682265672425,0.04750904772573703,0.15,0.15,0.002974781731577545]"
/multi_agv/formal_execution_limiter_state,1788759160.326605,1788759160.326605,formal_execution_limiter_v1:header4+3x7,"[1.0,1788759160.3261418,1.0,0.09319068891332491,0.07200163202319616,0.06349321223245795,0.07200163202319616,0.06349321223245795,0.15,0.15,0.0,0.09319068891332491,0.09148870574524987,0.09319068891332491,0.09148870574524987,0.15,0.15,0.0,0.05772580713748664,0.047818567804416234,0.05772580713748664,0.047818567804416234,0.15,0.15,0.002974781731577545]"
/multi_agv/formal_execution_limiter_state,1788759160.3366728,1788759160.3366728,formal_execution_limiter_v1:header4+3x7,"[1.0,1788759160.3361466,1.0,0.1008490103917497,0.07248772625848698,0.06671385852835127,0.07248772625848698,0.06671385852835127,0.15,0.15,0.0,0.1008490103917497,0.08592450271047436,0.1008490103917497,0.08592450271047436,0.15,0.15,0.0,0.058993094675079856,0.04843180757304411,0.058993094675079856,0.04843180757304411,0.15,0.15,0.002974781731577545]"
/multi_agv/formal_execution_limiter_state,1788759160.3468986,1788759160.3468986,formal_execution_limiter_v1:header4+3x7,"[1.0,1788759160.3462486,1.0,0.10141307387457019,0.07307695434159116,0.0672811554120706,0.07307695434159116,0.0672811554120706,0.15,0.15,0.0,0.10141307387457019,0.08612373941203058,0.10141307387457019,0.08612373941203058,0.15,0.15,0.0,0.059495113893511864,0.04844475410894264,0.059495113893511864,0.04844475410894264,0.15,0.15,0.002974781731577545]"
/multi_agv/formal_execution_limiter_state,1788759160.357115,1788759160.357115,formal_execution_limiter_v1:header4+3x7,"[1.0,1788759160.356248,1.0,0.10265399871900478,0.07367096504466872,0.06777194830259445,0.07367096504466872,0.06777194830259445,0.15,0.15,0.0,0.10265399871900478,0.08695529069384987,0.10265399871900478,0.08695529069384987,0.15,0.15,0.0,0.059713555923691944,0.048264113428824806,0.059713555923691944,0.048264113428824806,0.15,0.15,0.002974781731577545]"
/multi_agv/formal_execution_limiter_state,1788759160.3669264,1788759160.3669264,formal_execution_limiter_v1:header4+3x7,"[1.0,1788759160.3662174,1.0,0.1047458986161079,0.07512650392971454,0.06655434980268898,0.07512650392971454,0.06655434980268898,0.15,0.15,0.0,0.1047458986161079,0.08615845040357802,0.1047458986161079,0.08615845040357802,0.15,0.15,0.0,0.059457323069988084,0.04817026886555895,0.059457323069988084,0.04817026886555895,0.15,0.15,0.002974781731577545]"
/multi_agv/formal_execution_limiter_state,1788759160.376724,1788759160.376724,formal_execution_limiter_v1:header4+3x7,"[1.0,1788759160.3761466,1.0,0.10564549632516901,0.07578686416622087,0.06718567359086437,0.07578686416622087,0.06718567359086437,0.15,0.15,0.0,0.10564549632516901,0.0866740818568475,0.10564549632516901,0.0866740818568475,0.15,0.15,0.0,0.05996623879865107,0.04838930329061254,0.05996623879865107,0.04838930329061254,0.15,0.15,0.002974781731577545]"
/multi_agv/formal_execution_limiter_state,1788759160.3866138,1788759160.3866138,formal_execution_limiter_v1:header4+3x7,"[1.0,1788759160.386094,1.0,0.1058619459025808,0.07618192360963907,0.06769992994382817,0.07618192360963907,0.06769992994382817,0.15,0.15,0.0,0.1058619459025808,0.08649946464140398,0.1058619459025808,0.08649946464140398,0.15,0.15,0.0,0.060225686956366146,0.04831497957359824,0.060225686956366146,0.04831497957359824,0.15,0.15,0.002974781731577545]"
/multi_agv/formal_execution_limiter_state,1788759160.3966982,1788759160.3966982,formal_execution_limiter_v1:header4+3x7,"[1.0,1788759160.3960853,1.0,0.10653065829175844,0.07632032506927201,0.061171988342730084,0.07632032506927201,0.061171988342730084,0.15,0.15,0.0,0.10653065829175844,0.08692028784825968,0.10653065829175844,0.08692028784825968,0.15,0.15,0.0,0.05790210681758097,0.049727529845401366,0.05790210681758097,0.049727529845401366,0.15,0.15,0.002974781731577545]"
/multi_agv/formal_execution_limiter_state,1788759160.406852,1788759160.406852,formal_execution_limiter_v1:header4+3x7,"[1.0,1788759160.406187,1.0,0.10684054552508879,0.07377728445426358,0.05888474427853667,0.07377728445426358,0.05888474427853667,0.15,0.15,0.0,0.10684054552508879,0.08715267420055839,0.10684054552508879,0.08715267420055839,0.15,0.15,0.0,0.057295931808341596,0.0488380207158043,0.057295931808341596,0.0488380207158043,0.15,0.15,0.002974781731577545]"
/multi_agv/formal_execution_limiter_state,1788759160.4167092,1788759160.4167092,formal_execution_limiter_v1:header4+3x7,"[1.0,1788759160.4160984,1.0,0.10730318903441936,0.07230608074561429,0.057510777370172565,0.07230608074561429,0.057510777370172565,0.15,0.15,0.0,0.10730318903441936,0.08743787856845532,0.10730318903441936,0.08743787856845532,0.15,0.15,0.0,0.057206459368437525,0.048487224602993005,0.057206459368437525,0.048487224602993005,0.15,0.15,0.002974781731577545]"
/multi_agv/formal_execution_limiter_state,1788759160.4267023,1788759160.4267023,formal_execution_limiter_v1:header4+3x7,"[1.0,1788759160.426134,1.0,0.10510018884669031,0.06858060935342003,0.06231903287504539,0.06858060935342003,0.06231903287504539,0.15,0.15,0.0,0.10510018884669031,0.08589498016542532,0.10510018884669031,0.08589498016542532,0.15,0.15,0.0,0.06224524264641247,0.04543862566309596,0.06224524264641247,0.04543862566309596,0.15,0.15,0.002974781731577545]"
/multi_agv/formal_execution_limiter_state,1788759160.4365945,1788759160.4365945,formal_execution_limiter_v1:header4+3x7,"[1.0,1788759160.4361074,1.0,0.10493725563613432,0.06879537952435455,0.06257127762443121,0.06879537952435455,0.06257127762443121,0.15,0.15,0.0,0.10493725563613432,0.08551570920975599,0.10493725563613432,0.08551570920975599,0.15,0.15,0.0,0.06301030010749989,0.04573494765080318,0.06301030010749989,0.04573494765080318,0.15,0.15,0.002974781731577545]"
/multi_agv/formal_execution_limiter_state,1788759160.4465175,1788759160.4465175,formal_execution_limiter_v1:header4+3x7,"[1.0,1788759160.4461203,1.0,0.10431820908509587,0.06833154133546375,0.06230634619518348,0.06833154133546375,0.06230634619518348,0.15,0.15,0.0,0.10431820908509587,0.0849775086756348,0.10431820908509587,0.0849775086756348,0.15,0.15,0.0,0.06339657571748357,0.04566909488003291,0.06339657571748357,0.04566909488003291,0.15,0.15,0.002974781731577545]"
/multi_agv/formal_execution_limiter_state,1788759160.4570255,1788759160.4570255,formal_execution_limiter_v1:header4+3x7,"[1.0,1788759160.4562547,1.0,0.10398657474187904,0.06844365977899639,0.06253549856616972,0.06844365977899639,0.06253549856616972,0.15,0.15,0.0,0.10398657474187904,0.0846573408543143,0.10398657474187904,0.0846573408543143,0.15,0.15,0.0,0.0638709237960306,0.045743357834541434,0.0638709237960306,0.045743357834541434,0.15,0.15,0.002974781731577545]"
/multi_agv/formal_execution_limiter_state,1788759160.4667115,1788759160.4667115,formal_execution_limiter_v1:header4+3x7,"[1.0,1788759160.466117,1.0,0.10424566542180418,0.06985648186842841,0.06273984425372159,0.06985648186842841,0.06273984425372159,0.15,0.15,0.0,0.10424566542180418,0.08148433605313228,0.10424566542180418,0.08148433605313228,0.15,0.15,0.0,0.06025376852589515,0.048098910962912696,0.06025376852589515,0.048098910962912696,0.15,0.15,0.002974781731577545]"
/multi_agv/formal_execution_limiter_state,1788759160.4769297,1788759160.4769297,formal_execution_limiter_v1:header4+3x7,"[1.0,1788759160.476223,1.0,0.10407537356696328,0.07041477900833253,0.06361233405259277,0.07041477900833253,0.06361233405259277,0.15,0.15,0.0,0.10407537356696328,0.0813261935024151,0.10407537356696328,0.0813261935024151,0.15,0.15,0.0,0.06026265807165222,0.04776486003878659,0.06026265807165222,0.04776486003878659,0.15,0.15,0.002974781731577545]"
/multi_agv/formal_execution_limiter_state,1788759160.4869432,1788759160.4869432,formal_execution_limiter_v1:header4+3x7,"[1.0,1788759160.4861333,1.0,0.10343976177061073,0.07032798485980969,0.06423174807901703,0.07032798485980969,0.06423174807901703,0.15,0.15,0.0,0.10343976177061073,0.08100183031874858,0.10343976177061073,0.08100183031874858,0.15,0.15,0.0,0.06022261746734585,0.04721033245059515,0.06022261746734585,0.04721033245059515,0.15,0.15,0.002974781731577545]"
/multi_agv/formal_execution_limiter_state,1788759160.4968736,1788759160.4968736,formal_execution_limiter_v1:header4+3x7,"[1.0,1788759160.4962184,1.0,0.09919279074730791,0.07067455441307309,0.06491037958545127,0.07067455441307309,0.06491037958545127,0.15,0.15,0.0,0.09919279074730791,0.0813872483579664,0.09919279074730791,0.0813872483579664,0.15,0.15,0.0,0.060313953142359676,0.043380865265955255,0.060313953142359676,0.043380865265955255,0.15,0.15,0.002974781731577545]"
/multi_agv/formal_execution_limiter_state,1788759160.5068307,1788759160.5068307,formal_execution_limiter_v1:header4+3x7,"[1.0,1788759160.5061448,1.0,0.09640656702599024,0.06910143704480452,0.06607209458075004,0.06910143704480452,0.06607209458075004,0.15,0.15,0.0,0.09640656702599024,0.07922339760844763,0.09640656702599024,0.07922339760844763,0.15,0.15,0.0,0.05834352102301854,0.041611145670035266,0.05834352102301854,0.041611145670035266,0.15,0.15,0.002974781731577545]"
/multi_agv/formal_execution_limiter_state,1788759160.5166247,1788759160.5166247,formal_execution_limiter_v1:header4+3x7,"[1.0,1788759160.5160873,1.0,0.0964537162239386,0.07047394385796824,0.0673502473504275,0.07047394385796824,0.0673502473504275,0.15,0.15,0.0,0.0964537162239386,0.07894732768239492,0.0964537162239386,0.07894732768239492,0.15,0.15,0.0,0.058029927612509004,0.04102653588099731,0.058029927612509004,0.04102653588099731,0.15,0.15,0.002974781731577545]"
/multi_agv/formal_execution_limiter_state,1788759160.5267944,1788759160.5267944,formal_execution_limiter_v1:header4+3x7,"[1.0,1788759160.5261216,1.0,0.09719548680835992,0.07083215848087858,0.06840576575138223,0.07083215848087858,0.06840576575138223,0.15,0.15,0.0,0.09719548680835992,0.07475344474963734,0.09719548680835992,0.07475344474963734,0.15,0.15,0.0,0.05697274121673246,0.040221239615028714,0.05697274121673246,0.040221239615028714,0.15,0.15,0.002974781731577545]"
/multi_agv/formal_execution_limiter_state,1788759160.5366385,1788759160.5366385,formal_execution_limiter_v1:header4+3x7,"[1.0,1788759160.5361345,1.0,0.0966882114172243,0.07057193921284952,0.0689886134548825,0.07057193921284952,0.0689886134548825,0.15,0.15,0.0,0.0966882114172243,0.07425829283909621,0.0966882114172243,0.07425829283909621,0.15,0.15,0.0,0.0589039236590613,0.0416998748454816,0.0589039236590613,0.0416998748454816,0.15,0.15,0.002974781731577545]"
/multi_agv/formal_execution_limiter_state,1788759160.5466056,1788759160.5466056,formal_execution_limiter_v1:header4+3x7,"[1.0,1788759160.5461185,1.0,0.09563154476217782,0.07009676236076462,0.06898128564092701,0.07009676236076462,0.06898128564092701,0.15,0.15,0.0,0.09563154476217782,0.07347545431686824,0.09563154476217782,0.07347545431686824,0.15,0.15,0.0,0.059306661006305716,0.04200461749520257,0.059306661006305716,0.04200461749520257,0.15,0.15,0.002974781731577545]"
/multi_agv/formal_execution_limiter_state,1788759160.5567827,1788759160.5567827,formal_execution_limiter_v1:header4+3x7,"[1.0,1788759160.5561793,1.0,0.09521456427230762,0.07033844100140704,0.06941534613967593,0.07033844100140704,0.06941534613967593,0.15,0.15,0.0,0.09521456427230762,0.07306140966171504,0.09521456427230762,0.07306140966171504,0.15,0.15,0.0,0.05952693718455404,0.042025166918548754,0.05952693718455404,0.042025166918548754,0.15,0.15,0.002974781731577545]"
/multi_agv/formal_execution_limiter_state,1788759160.566722,1788759160.566722,formal_execution_limiter_v1:header4+3x7,"[1.0,1788759160.5661168,1.0,0.0945259133588517,0.07188124610243708,0.07024613841947035,0.07188124610243708,0.07024613841947035,0.15,0.15,0.0,0.0945259133588517,0.07273745463649227,0.0945259133588517,0.07273745463649227,0.15,0.15,0.0,0.06111058646863585,0.04171093513006649,0.06111058646863585,0.04171093513006649,0.15,0.15,0.002974781731577545]"
/multi_agv/formal_execution_limiter_state,1788759160.5769165,1788759160.5769165,formal_execution_limiter_v1:header4+3x7,"[1.0,1788759160.5762572,1.0,0.09484384068786658,0.07278182696970631,0.07128146684585593,0.07278182696970631,0.07128146684585593,0.15,0.15,0.0,0.09484384068786658,0.07299118656244158,0.09484384068786658,0.07299118656244158,0.15,0.15,0.0,0.06202137100266298,0.04219743208354026,0.06202137100266298,0.04219743208354026,0.15,0.15,0.002974781731577545]"
/multi_agv/formal_execution_limiter_state,1788759160.5869882,1788759160.5869882,formal_execution_limiter_v1:header4+3x7,"[1.0,1788759160.5862412,1.0,0.09472173157328186,0.0727895241979364,0.07157844303058027,0.0727895241979364,0.07157844303058027,0.15,0.15,0.0,0.09472173157328186,0.07300269733055968,0.09472173157328186,0.07300269733055968,0.15,0.15,0.0,0.06251927354030262,0.04259031894500058,0.06251927354030262,0.04259031894500058,0.15,0.15,0.002974781731577545]"
/multi_agv/formal_execution_limiter_state,1788759160.596675,1788759160.596675,formal_execution_limiter_v1:header4+3x7,"[1.0,1788759160.5961196,1.0,0.09453096019134666,0.07306273284798656,0.07190471776843699,0.07306273284798656,0.07190471776843699,0.15,0.15,0.0,0.09453096019134666,0.07398819675036561,0.09453096019134666,0.07398819675036561,0.15,0.15,0.0,0.06302393158146774,0.04279137534927136,0.06302393158146774,0.04279137534927136,0.15,0.15,0.002974781731577545]"
/multi_agv/formal_execution_limiter_state,1788759160.60663,1788759160.60663,formal_execution_limiter_v1:header4+3x7,"[1.0,1788759160.6061008,1.0,0.09444935026612239,0.07315429270351861,0.07155404239933352,0.07315429270351861,0.07155404239933352,0.15,0.15,0.0,0.09444935026612239,0.07409073129404867,0.09444935026612239,0.07409073129404867,0.15,0.15,0.0,0.06111463850860893,0.0402475240519372,0.06111463850860893,0.0402475240519372,0.15,0.15,0.002974781731577545]"
/multi_agv/formal_execution_limiter_state,1788759160.6166923,1788759160.6166923,formal_execution_limiter_v1:header4+3x7,"[1.0,1788759160.616245,1.0,0.09522497710514291,0.07367318533186198,0.07209098761280183,0.07367318533186198,0.07209098761280183,0.15,0.15,0.0,0.09522497710514291,0.07475669632437859,0.09522497710514291,0.07475669632437859,0.15,0.15,0.0,0.06098106399151009,0.03998292962469608,0.06098106399151009,0.03998292962469608,0.15,0.15,0.002974781731577545]"
/multi_agv/formal_execution_limiter_state,1788759160.6267214,1788759160.6267214,formal_execution_limiter_v1:header4+3x7,"[1.0,1788759160.6260874,1.0,0.09022395837534314,0.07176254189456133,0.068681903027901,0.07176254189456133,0.068681903027901,0.15,0.15,0.0,0.09022395837534314,0.07924008885771416,0.09022395837534314,0.07924008885771416,0.15,0.15,0.0,0.05550606616396353,0.04246459744042613,0.05550606616396353,0.04246459744042613,0.15,0.15,0.002974781731577545]"
/multi_agv/formal_execution_limiter_state,1788759160.6365907,1788759160.6365907,formal_execution_limiter_v1:header4+3x7,"[1.0,1788759160.636134,1.0,0.09146313077750928,0.07162352445394202,0.06856636384669137,0.07162352445394202,0.06856636384669137,0.15,0.15,0.0,0.09146313077750928,0.07996280288702748,0.09146313077750928,0.07996280288702748,0.15,0.15,0.0,0.05530128146631188,0.041946270307426446,0.05530128146631188,0.041946270307426446,0.15,0.15,0.002974781731577545]"
/multi_agv/formal_execution_limiter_state,1788759160.646743,1788759160.646743,formal_execution_limiter_v1:header4+3x7,"[1.0,1788759160.6460915,1.0,0.09275324533881497,0.07153455790645093,0.06850123414036356,0.07153455790645093,0.06850123414036356,0.15,0.15,0.0,0.09275324533881497,0.08072975040375448,0.09275324533881497,0.08072975040375448,0.15,0.15,0.0,0.05513829361376382,0.04146264295574059,0.05513829361376382,0.04146264295574059,0.15,0.15,0.002974781731577545]"
/multi_agv/formal_execution_limiter_state,1788759160.656683,1788759160.656683,formal_execution_limiter_v1:header4+3x7,"[1.0,1788759160.6561365,1.0,0.09121100784587377,0.06945613512023703,0.06665000642140319,0.06945613512023703,0.06665000642140319,0.15,0.15,0.0,0.09121100784587377,0.08001920789607508,0.09121100784587377,0.08001920789607508,0.15,0.15,0.0,0.053525167622257765,0.040469293904941826,0.053525167622257765,0.040469293904941826,0.15,0.15,0.002974781731577545]"
/multi_agv/formal_execution_limiter_state,1788759160.6665576,1788759160.6665576,formal_execution_limiter_v1:header4+3x7,"[1.0,1788759160.6661332,1.0,0.08957868220811932,0.06985896850074534,0.06800584894579677,0.06985896850074534,0.06800584894579677,0.15,0.15,0.0,0.08957868220811932,0.08058811821653983,0.08957868220811932,0.08058811821653983,0.15,0.15,0.0,0.05523507216862438,0.03773923275065046,0.05523507216862438,0.03773923275065046,0.15,0.15,0.002974781731577545]"
/multi_agv/formal_execution_limiter_state,1788759160.6766078,1788759160.6766078,formal_execution_limiter_v1:header4+3x7,"[1.0,1788759160.6760957,1.0,0.08997524455984104,0.07030845780199696,0.06858681849314838,0.07030845780199696,0.06858681849314838,0.15,0.15,0.0,0.08997524455984104,0.08102754365672951,0.08997524455984104,0.08102754365672951,0.15,0.15,0.0,0.054853558787603264,0.03743905478307107,0.054853558787603264,0.03743905478307107,0.15,0.15,0.002974781731577545]"
/multi_agv/formal_execution_limiter_state,1788759160.6865544,1788759160.6865544,formal_execution_limiter_v1:header4+3x7,"[1.0,1788759160.686089,1.0,0.08958216257453563,0.07009421610271134,0.06865251577400856,0.07009421610271134,0.06865251577400856,0.15,0.15,0.0,0.08958216257453563,0.08079958875497273,0.08958216257453563,0.08079958875497273,0.15,0.15,0.0,0.05427519467896308,0.03706342009885985,0.05427519467896308,0.03706342009885985,0.15,0.15,0.002974781731577545]"
/multi_agv/formal_execution_limiter_state,1788759160.6967092,1788759160.6967092,formal_execution_limiter_v1:header4+3x7,"[1.0,1788759160.6961093,1.0,0.08981107119020391,0.07012050259758086,0.06884200848431286,0.07012050259758086,0.06884200848431286,0.15,0.15,0.0,0.08981107119020391,0.08077826430735223,0.08981107119020391,0.08077826430735223,0.15,0.15,0.0,0.05439109181992911,0.03702666548073569,0.05439109181992911,0.03702666548073569,0.15,0.15,0.002974781731577545]"
/multi_agv/formal_execution_limiter_state,1788759160.706613,1788759160.706613,formal_execution_limiter_v1:header4+3x7,"[1.0,1788759160.706136,1.0,0.0942548468892013,0.06918031707615101,0.06961911687694401,0.06918031707615101,0.06961911687694401,0.15,0.15,0.0,0.0942548468892013,0.0786631406158366,0.0942548468892013,0.0786631406158366,0.15,0.15,0.0,0.055860026971947044,0.038923644280155684,0.055860026971947044,0.038923644280155684,0.15,0.15,0.002974781731577545]"
/multi_agv/formal_execution_limiter_state,1788759160.716625,1788759160.716625,formal_execution_limiter_v1:header4+3x7,"[1.0,1788759160.7161365,1.0,0.0956997825550593,0.06979684319936819,0.07019044200701938,0.06979684319936819,0.07019044200701938,0.15,0.15,0.0,0.0956997825550593,0.0796913035044839,0.0956997825550593,0.0796913035044839,0.15,0.15,0.0,0.05693153116883895,0.039732342731974596,0.05693153116883895,0.039732342731974596,0.15,0.15,0.002974781731577545]"
/multi_agv/formal_execution_limiter_state,1788759160.7266197,1788759160.7266197,formal_execution_limiter_v1:header4+3x7,"[1.0,1788759160.7261326,1.0,0.09288882764262058,0.0700573611984994,0.06947205999575135,0.0700573611984994,0.06947205999575135,0.15,0.15,0.0,0.09288882764262058,0.0804044857639975,0.09288882764262058,0.0804044857639975,0.15,0.15,0.0,0.04419363733612847,0.04471272550831145,0.04419363733612847,0.04471272550831145,0.15,0.15,0.002974781731577545]"
/multi_agv/formal_execution_limiter_state,1788759160.7366676,1788759160.7366676,formal_execution_limiter_v1:header4+3x7,"[1.0,1788759160.7360969,1.0,0.09422341862238584,0.07114604073517573,0.07059979001308635,0.07114604073517573,0.07059979001308635,0.15,0.15,0.0,0.09422341862238584,0.0812041859240179,0.09422341862238584,0.0812041859240179,0.15,0.15,0.0,0.042579462455890234,0.04309967377924446,0.042579462455890234,0.04309967377924446,0.15,0.15,0.002974781731577545]"
/multi_agv/formal_execution_limiter_state,1788759160.7466733,1788759160.7466733,formal_execution_limiter_v1:header4+3x7,"[1.0,1788759160.7461064,1.0,0.09429756868232701,0.0711036435535742,0.07076637557373743,0.0711036435535742,0.07076637557373743,0.15,0.15,0.0,0.09429756868232701,0.0808922944856817,0.09429756868232701,0.0808922944856817,0.15,0.15,0.0,0.04099461423088438,0.04192811507574715,0.04099461423088438,0.04192811507574715,0.15,0.15,0.002974781731577545]"
/multi_agv/formal_execution_limiter_state,1788759160.7566748,1788759160.7566748,formal_execution_limiter_v1:header4+3x7,"[1.0,1788759160.7561018,1.0,0.09495959998863905,0.07147170602999219,0.0711555322836316,0.07147170602999219,0.0711555322836316,0.15,0.15,0.0,0.09495959998863905,0.08117001277140186,0.09495959998863905,0.08117001277140186,0.15,0.15,0.0,0.040074476100021815,0.041141401577312935,0.040074476100021815,0.041141401577312935,0.15,0.15,0.002974781731577545]"
/multi_agv/formal_execution_limiter_state,1788759160.7667024,1788759160.7667024,formal_execution_limiter_v1:header4+3x7,"[1.0,1788759160.7661037,1.0,0.09231528188368111,0.07131299817276378,0.07250488427852735,0.07131299817276378,0.07250488427852735,0.15,0.15,0.0,0.09231528188368111,0.08407049511934526,0.09231528188368111,0.08407049511934526,0.15,0.15,0.0,0.04781802294145673,0.03781227900391864,0.04781802294145673,0.03781227900391864,0.15,0.15,0.002974781731577545]"
/multi_agv/formal_execution_limiter_state,1788759160.776795,1788759160.776795,formal_execution_limiter_v1:header4+3x7,"[1.0,1788759160.7761173,1.0,0.09262176630064,0.07213861585296417,0.07332483425950505,0.07213861585296417,0.07332483425950505,0.15,0.15,0.0,0.09262176630064,0.0841153902123825,0.09262176630064,0.0841153902123825,0.15,0.15,0.0,0.04897217853518454,0.038448535859678695,0.04897217853518454,0.038448535859678695,0.15,0.15,0.002974781731577545]"
/multi_agv/formal_execution_limiter_state,1788759160.787007,1788759160.787007,formal_execution_limiter_v1:header4+3x7,"[1.0,1788759160.786155,1.0,0.09255204942203249,0.07271846332527322,0.07378092571733276,0.07271846332527322,0.07378092571733276,0.15,0.15,0.0,0.09255204942203249,0.08388490528741196,0.09255204942203249,0.08388490528741196,0.15,0.15,0.0,0.04986547922230658,0.038920922296489024,0.04986547922230658,0.038920922296489024,0.15,0.15,0.002974781731577545]"
/multi_agv/formal_execution_limiter_state,1788759160.7969568,1788759160.7969568,formal_execution_limiter_v1:header4+3x7,"[1.0,1788759160.7961316,1.0,0.09312438308824063,0.07338257816923219,0.07437668707789835,0.07338257816923219,0.07437668707789835,0.15,0.15,0.0,0.09312438308824063,0.08418066536217876,0.09312438308824063,0.08418066536217876,0.15,0.15,0.0,0.050912469464895874,0.03954235570431673,0.050912469464895874,0.03954235570431673,0.15,0.15,0.002974781731577545]"
/multi_agv/formal_execution_limiter_state,1788759160.8070128,1788759160.8070128,formal_execution_limiter_v1:header4+3x7,"[1.0,1788759160.8061488,1.0,0.09319184254446904,0.07553668435358388,0.07304212958502973,0.07553668435358388,0.07304212958502973,0.15,0.15,0.0,0.09319184254446904,0.0842449081519276,0.09319184254446904,0.0842449081519276,0.15,0.15,0.0,0.050066342084313785,0.04116845699782464,0.050066342084313785,0.04116845699782464,0.15,0.15,0.002974781731577545]"
/multi_agv/formal_execution_limiter_state,1788759160.8167472,1788759160.8167472,formal_execution_limiter_v1:header4+3x7,"[1.0,1788759160.8161004,1.0,0.09360525859383031,0.07578896042148471,0.07337933028243042,0.07578896042148471,0.07337933028243042,0.15,0.15,0.0,0.09360525859383031,0.0844947117670144,0.09360525859383031,0.0844947117670144,0.15,0.15,0.0,0.051377829730013654,0.04183221850457041,0.051377829730013654,0.04183221850457041,0.15,0.15,0.002974781731577545]"
/multi_agv/formal_execution_limiter_state,1788759160.8268795,1788759160.8268795,formal_execution_limiter_v1:header4+3x7,"[1.0,1788759160.8261576,1.0,0.0934201849929334,0.07565239780357906,0.07351186156564242,0.07565239780357906,0.07351186156564242,0.15,0.15,0.0,0.0934201849929334,0.08430657841487917,0.0934201849929334,0.08430657841487917,0.15,0.15,0.0,0.05227533721306446,0.0420615329885093,0.05227533721306446,0.0420615329885093,0.15,0.15,0.002974781731577545]"
/multi_agv/formal_execution_limiter_state,1788759160.8370066,1788759160.8370066,formal_execution_limiter_v1:header4+3x7,"[1.0,1788759160.8361928,1.0,0.09480699625409048,0.07704714399675854,0.07378452048220259,0.07704714399675854,0.07378452048220259,0.15,0.15,0.0,0.09480699625409048,0.08038118013810427,0.09480699625409048,0.08038118013810427,0.15,0.15,0.0,0.05193749690593899,0.04257718912073513,0.05193749690593899,0.04257718912073513,0.15,0.15,0.002974781731577545]"
/multi_agv/formal_execution_limiter_state,1788759160.8467126,1788759160.8467126,formal_execution_limiter_v1:header4+3x7,"[1.0,1788759160.846114,1.0,0.09430654903991678,0.076895642991372,0.07367387464796374,0.076895642991372,0.07367387464796374,0.15,0.15,0.0,0.09430654903991678,0.08002764102350146,0.09430654903991678,0.08002764102350146,0.15,0.15,0.0,0.0519674718570835,0.042226413319389935,0.0519674718570835,0.042226413319389935,0.15,0.15,0.002974781731577545]"
/multi_agv/formal_execution_limiter_state,1788759160.8567038,1788759160.8567038,formal_execution_limiter_v1:header4+3x7,"[1.0,1788759160.8561242,1.0,0.09435328324590726,0.07679280493474523,0.07368546073289163,0.07679280493474523,0.07368546073289163,0.15,0.15,0.0,0.09435328324590726,0.07999353071252162,0.09435328324590726,0.07999353071252162,0.15,0.15,0.0,0.05288946337010075,0.042679116751217064,0.05288946337010075,0.042679116751217064,0.15,0.15,0.002974781731577545]"
/multi_agv/formal_execution_limiter_state,1788759160.8666935,1788759160.8666935,formal_execution_limiter_v1:header4+3x7,"[1.0,1788759160.8661184,1.0,0.09155203479378031,0.07698016239485894,0.07641279446093713,0.07698016239485894,0.07641279446093713,0.15,0.15,0.0,0.09155203479378031,0.07925637882851251,0.09155203479378031,0.07925637882851251,0.15,0.15,0.0,0.05310967457201839,0.04234131665828908,0.05310967457201839,0.04234131665828908,0.15,0.15,0.002974781731577545]"
/multi_agv/formal_execution_limiter_state,1788759160.8767233,1788759160.8767233,formal_execution_limiter_v1:header4+3x7,"[1.0,1788759160.8761437,1.0,0.09240075363989156,0.07911278609951652,0.07866498711260811,0.07911278609951652,0.07866498711260811,0.15,0.15,0.0,0.09240075363989156,0.07964673250446569,0.09240075363989156,0.07964673250446569,0.15,0.15,0.0,0.054360361090991904,0.04290061867426177,0.054360361090991904,0.04290061867426177,0.15,0.15,0.002974781731577545]"
/multi_agv/formal_execution_limiter_state,1788759160.8869236,1788759160.8869236,formal_execution_limiter_v1:header4+3x7,"[1.0,1788759160.886169,1.0,0.09209855577285916,0.07999799207775564,0.07998091828103689,0.07999799207775564,0.07998091828103689,0.15,0.15,0.0,0.09209855577285916,0.07909282951650484,0.09209855577285916,0.07909282951650484,0.15,0.15,0.0,0.05468307422956844,0.04264176936482245,0.05468307422956844,0.04264176936482245,0.15,0.15,0.002974781731577545]"
/multi_agv/formal_execution_limiter_state,1788759160.8967788,1788759160.8967788,formal_execution_limiter_v1:header4+3x7,"[1.0,1788759160.8960924,1.0,0.09214882547679945,0.07843887848507848,0.07354483516238107,0.07843887848507848,0.07354483516238107,0.15,0.15,0.0,0.09214882547679945,0.07865339178573333,0.09214882547679945,0.07865339178573333,0.15,0.15,0.0,0.05438593901140178,0.04489551109003258,0.05438593901140178,0.04489551109003258,0.15,0.15,0.002974781731577545]"
/multi_agv/formal_execution_limiter_state,1788759160.9069998,1788759160.9069998,formal_execution_limiter_v1:header4+3x7,"[1.0,1788759160.906253,1.0,0.09174287230009383,0.07592034034978817,0.07126153621731154,0.07592034034978817,0.07126153621731154,0.15,0.15,0.0,0.09174287230009383,0.07822954642686038,0.09174287230009383,0.07822954642686038,0.15,0.15,0.0,0.05540858168310074,0.0452925425127656,0.05540858168310074,0.0452925425127656,0.15,0.15,0.002974781731577545]"
/multi_agv/formal_execution_limiter_state,1788759160.9171736,1788759160.9171736,formal_execution_limiter_v1:header4+3x7,"[1.0,1788759160.9161894,1.0,0.09199680359618836,0.0742360503043112,0.0697796494220869,0.0742360503043112,0.0697796494220869,0.15,0.15,0.0,0.09199680359618836,0.07825633310215854,0.09199680359618836,0.07825633310215854,0.15,0.15,0.0,0.05659779668418783,0.0458703933990152,0.05659779668418783,0.0458703933990152,0.15,0.15,0.002974781731577545]"
/multi_agv/formal_execution_limiter_state,1788759160.9267323,1788759160.9267323,formal_execution_limiter_v1:header4+3x7,"[1.0,1788759160.9261255,1.0,0.09217265552506036,0.072787582399954,0.06857592866108658,0.072787582399954,0.06857592866108658,0.15,0.15,0.0,0.09217265552506036,0.07836593314869088,0.09217265552506036,0.07836593314869088,0.15,0.15,0.0,0.05681957229657636,0.0456691489583714,0.05681957229657636,0.0456691489583714,0.15,0.15,0.002974781731577545]"
/multi_agv/formal_execution_limiter_state,1788759160.9367418,1788759160.9367418,formal_execution_limiter_v1:header4+3x7,"[1.0,1788759160.9361632,1.0,0.09430410529836085,0.07162705847347857,0.06796158806554874,0.07162705847347857,0.06796158806554874,0.15,0.15,0.0,0.09430410529836085,0.07980584275814877,0.09430410529836085,0.07980584275814877,0.15,0.15,0.0,0.06328457199277991,0.04256959945387292,0.06328457199277991,0.04256959945387292,0.15,0.15,0.002974781731577545]"
/multi_agv/formal_execution_limiter_state,1788759160.9465673,1788759160.9465673,formal_execution_limiter_v1:header4+3x7,"[1.0,1788759160.9461293,1.0,0.09490555412628324,0.07250998974854818,0.0723669468269144,0.07250998974854818,0.0723669468269144,0.15,0.15,0.0,0.09490555412628324,0.08015309121381639,0.09490555412628324,0.08015309121381639,0.15,0.15,0.0,0.0646286903364942,0.04335458768453359,0.0646286903364942,0.04335458768453359,0.15,0.15,0.002974781731577545]"
/multi_agv/formal_execution_limiter_state,1788759160.9567282,1788759160.9567282,formal_execution_limiter_v1:header4+3x7,"[1.0,1788759160.956166,1.0,0.09585252996703905,0.07320134411398652,0.07319583844179609,0.07320134411398652,0.07319583844179609,0.15,0.15,0.0,0.09585252996703905,0.08079381634086574,0.09585252996703905,0.08079381634086574,0.15,0.15,0.0,0.06641572422072019,0.044520643523421055,0.06641572422072019,0.044520643523421055,0.15,0.15,0.002974781731577545]"
/multi_agv/formal_execution_limiter_state,1788759160.9666624,1788759160.9666624,formal_execution_limiter_v1:header4+3x7,"[1.0,1788759160.9661155,1.0,0.09833703582232949,0.07166771283241392,0.07386769653007709,0.07166771283241392,0.07386769653007709,0.15,0.15,0.0,0.09833703582232949,0.0806276725099166,0.09833703582232949,0.0806276725099166,0.15,0.15,0.0,0.06863554845256777,0.04160465673685438,0.06863554845256777,0.04160465673685438,0.15,0.15,0.002974781731577545]"
/multi_agv/formal_execution_limiter_state,1788759160.976766,1788759160.976766,formal_execution_limiter_v1:header4+3x7,"[1.0,1788759160.9761474,1.0,0.0997544897972009,0.072303120405957,0.07473170223565083,0.072303120405957,0.07473170223565083,0.15,0.15,0.0,0.0997544897972009,0.08180903325535775,0.0997544897972009,0.08180903325535775,0.15,0.15,0.0,0.06935218716264868,0.0417948940584456,0.06935218716264868,0.0417948940584456,0.15,0.15,0.002974781731577545]"
/multi_agv/formal_execution_limiter_state,1788759160.9866934,1788759160.9866934,formal_execution_limiter_v1:header4+3x7,"[1.0,1788759160.9861257,1.0,0.09886406183438678,0.0696765508366337,0.07438968606425773,0.0696765508366337,0.07438968606425773,0.15,0.15,0.0,0.09886406183438678,0.08151213661945969,0.09886406183438678,0.08151213661945969,0.15,0.15,0.0,0.07284503386830425,0.042878056379977256,0.07284503386830425,0.042878056379977256,0.15,0.15,0.002974781731577545]"
/multi_agv/formal_execution_limiter_state,1788759160.9966803,1788759160.9966803,formal_execution_limiter_v1:header4+3x7,"[1.0,1788759160.9961448,1.0,0.10074450447768854,0.07035794324149916,0.07522651065343525,0.07035794324149916,0.07522651065343525,0.15,0.15,0.0,0.10074450447768854,0.08275207173654894,0.10074450447768854,0.08275207173654894,0.15,0.15,0.0,0.07577021037009168,0.04465180333182637,0.07577021037009168,0.04465180333182637,0.15,0.15,0.002974781731577545]"
/multi_agv/formal_execution_limiter_state,1788759161.0065765,1788759161.0065765,formal_execution_limiter_v1:header4+3x7,"[1.0,1788759161.0060897,1.0,0.10013709348399209,0.06851099330168801,0.0737206001984712,0.06851099330168801,0.0737206001984712,0.15,0.15,0.0,0.10013709348399209,0.08236511496189113,0.10013709348399209,0.08236511496189113,0.15,0.15,0.0,0.07750171151325866,0.04595158130852611,0.07750171151325866,0.04595158130852611,0.15,0.15,0.002974781731577545]"
/multi_agv/formal_execution_limiter_state,1788759161.0168092,1788759161.0168092,formal_execution_limiter_v1:header4+3x7,"[1.0,1788759161.01613,1.0,0.10194698209028766,0.0689299923180713,0.07429766348164456,0.0689299923180713,0.07429766348164456,0.15,0.15,0.0,0.10194698209028766,0.08354532499786907,0.10194698209028766,0.08354532499786907,0.15,0.15,0.0,0.08029212276463765,0.04761300388321879,0.08029212276463765,0.04761300388321879,0.15,0.15,0.002974781731577545]"
/multi_agv/formal_execution_limiter_state,1788759161.0267406,1788759161.0267406,formal_execution_limiter_v1:header4+3x7,"[1.0,1788759161.026092,1.0,0.1020926535280969,0.06861220445192581,0.0740426296135337,0.06861220445192581,0.0740426296135337,0.15,0.15,0.0,0.1020926535280969,0.08381780150945972,0.1020926535280969,0.08381780150945972,0.15,0.15,0.0,0.08161373867416322,0.04830376377492998,0.08161373867416322,0.04830376377492998,0.15,0.15,0.002974781731577545]"
/multi_agv/formal_execution_limiter_state,1788759161.036614,1788759161.036614,formal_execution_limiter_v1:header4+3x7,"[1.0,1788759161.0360942,1.0,0.1024803877016912,0.07027183027028205,0.07503100296743734,0.07027183027028205,0.07503100296743734,0.15,0.15,0.0,0.1024803877016912,0.08404607735421078,0.1024803877016912,0.08404607735421078,0.15,0.15,0.0,0.07924826036475338,0.04751922679791226,0.07924826036475338,0.04751922679791226,0.15,0.15,0.002974781731577545]"
/multi_agv/formal_execution_limiter_state,1788759161.0468569,1788759161.0468569,formal_execution_limiter_v1:header4+3x7,"[1.0,1788759161.0461283,1.0,0.10235569641298375,0.07049544233526435,0.07543751235778316,0.07049544233526435,0.07543751235778316,0.15,0.15,0.0,0.10235569641298375,0.08377929603790146,0.10235569641298375,0.08377929603790146,0.15,0.15,0.0,0.07847254690316977,0.047136619057243284,0.07847254690316977,0.047136619057243284,0.15,0.15,0.002974781731577545]"
/multi_agv/formal_execution_limiter_state,1788759161.057008,1788759161.057008,formal_execution_limiter_v1:header4+3x7,"[1.0,1788759161.0560958,1.0,0.1029055037118544,0.07061276762946239,0.07563473827584283,0.07061276762946239,0.07563473827584283,0.15,0.15,0.0,0.1029055037118544,0.08403431082684389,0.1029055037118544,0.08403431082684389,0.15,0.15,0.0,0.07813206839976387,0.046972453071101414,0.07813206839976387,0.046972453071101414,0.15,0.15,0.002974781731577545]"
/multi_agv/formal_execution_limiter_state,1788759161.066719,1788759161.066719,formal_execution_limiter_v1:header4+3x7,"[1.0,1788759161.0660915,1.0,0.10355688274630077,0.07274236886298872,0.07493521703076984,0.07274236886298872,0.07493521703076984,0.15,0.15,0.0,0.10355688274630077,0.08225934821750693,0.10355688274630077,0.08225934821750693,0.15,0.15,0.0,0.06615413628753447,0.053691373060999824,0.06615413628753447,0.053691373060999824,0.15,0.15,0.002974781731577545]"
/multi_agv/formal_execution_limiter_state,1788759161.0767198,1788759161.0767198,formal_execution_limiter_v1:header4+3x7,"[1.0,1788759161.0760906,1.0,0.10357334625749279,0.07331812051900978,0.07547270532350096,0.07331812051900978,0.07547270532350096,0.15,0.15,0.0,0.10357334625749279,0.08215292844111433,0.10357334625749279,0.08215292844111433,0.15,0.15,0.0,0.06383325637100143,0.05202132941384159,0.06383325637100143,0.05202132941384159,0.15,0.15,0.002974781731577545]"
/multi_agv/formal_execution_limiter_state,1788759161.0867827,1788759161.0867827,formal_execution_limiter_v1:header4+3x7,"[1.0,1788759161.0860925,1.0,0.10277323409296049,0.07369333466765428,0.0758617832317786,0.07369333466765428,0.0758617832317786,0.15,0.15,0.0,0.10277323409296049,0.08144896679455019,0.10277323409296049,0.08144896679455019,0.15,0.15,0.0,0.06118650284170008,0.05048399547393163,0.06118650284170008,0.05048399547393163,0.15,0.15,0.002974781731577545]"
/multi_agv/formal_execution_limiter_state,1788759161.0968316,1788759161.0968316,formal_execution_limiter_v1:header4+3x7,"[1.0,1788759161.096094,1.0,0.09975120708652059,0.07406223851028775,0.07660088981738104,0.07406223851028775,0.07660088981738104,0.15,0.15,0.0,0.09975120708652059,0.08329461240089982,0.09975120708652059,0.08329461240089982,0.15,0.15,0.0,0.06718051873873729,0.0473913517682377,0.06718051873873729,0.0473913517682377,0.15,0.15,0.002974781731577545]"
/multi_agv/formal_execution_limiter_state,1788759161.1067493,1788759161.1067493,formal_execution_limiter_v1:header4+3x7,"[1.0,1788759161.1060936,1.0,0.0991670765524627,0.07346189977382861,0.07669907553683397,0.07346189977382861,0.07669907553683397,0.15,0.15,0.0,0.0991670765524627,0.08296232673105709,0.0991670765524627,0.08296232673105709,0.15,0.15,0.0,0.06713206651680968,0.048020378190352445,0.06713206651680968,0.048020378190352445,0.15,0.15,0.002974781731577545]"
/multi_agv/formal_execution_limiter_state,1788759161.1168797,1788759161.1168797,formal_execution_limiter_v1:header4+3x7,"[1.0,1788759161.1160939,1.0,0.09905698426349129,0.07365097729193311,0.07699813935037388,0.07365097729193311,0.07699813935037388,0.15,0.15,0.0,0.09905698426349129,0.0828912424545324,0.09905698426349129,0.0828912424545324,0.15,0.15,0.0,0.06714250569742322,0.04828684238942241,0.06714250569742322,0.04828684238942241,0.15,0.15,0.002974781731577545]"
/multi_agv/formal_execution_limiter_state,1788759161.1268892,1788759161.1268892,formal_execution_limiter_v1:header4+3x7,"[1.0,1788759161.1261334,1.0,0.1008714269866418,0.07436247465036813,0.077599650556439,0.07436247465036813,0.077599650556439,0.15,0.15,0.0,0.1008714269866418,0.07733768003392537,0.1008714269866418,0.07733768003392537,0.15,0.15,0.0,0.0612741943131006,0.04951426816200078,0.0612741943131006,0.04951426816200078,0.15,0.15,0.002974781731577545]"
/multi_agv/formal_execution_limiter_state,1788759161.1368504,1788759161.1368504,formal_execution_limiter_v1:header4+3x7,"[1.0,1788759161.136095,1.0,0.10202672077237555,0.07592449669671571,0.07941351350531813,0.07592449669671571,0.07941351350531813,0.15,0.15,0.0,0.10202672077237555,0.07797515453161634,0.10202672077237555,0.07797515453161634,0.15,0.15,0.0,0.06132044196986886,0.04911760619473265,0.06132044196986886,0.04911760619473265,0.15,0.15,0.002974781731577545]"
/multi_agv/formal_execution_limiter_state,1788759161.1469219,1788759161.1469219,formal_execution_limiter_v1:header4+3x7,"[1.0,1788759161.146129,1.0,0.10104740817793313,0.07576547178893153,0.07919493187441903,0.07576547178893153,0.07919493187441903,0.15,0.15,0.0,0.10104740817793313,0.07772771866481089,0.10104740817793313,0.07772771866481089,0.15,0.15,0.0,0.060385463992865915,0.04928779168416288,0.060385463992865915,0.04928779168416288,0.15,0.15,0.002974781731577545]"
/multi_agv/formal_execution_limiter_state,1788759161.1568673,1788759161.1568673,formal_execution_limiter_v1:header4+3x7,"[1.0,1788759161.156143,1.0,0.102512254199471,0.07711553117063563,0.08080162455435685,0.07711553117063563,0.08080162455435685,0.15,0.15,0.0,0.102512254199471,0.0786198934710605,0.102512254199471,0.0786198934710605,0.15,0.15,0.0,0.06114638868214853,0.049418730090583396,0.06114638868214853,0.049418730090583396,0.15,0.15,0.002974781731577545]"
/multi_agv/formal_execution_limiter_state,1788759161.1667464,1788759161.1667464,formal_execution_limiter_v1:header4+3x7,"[1.0,1788759161.1660774,1.0,0.09520966642287143,0.07773115062427677,0.08048025984160329,0.07773115062427677,0.08048025984160329,0.15,0.15,0.0,0.09520966642287143,0.0821288910289874,0.09520966642287143,0.0821288910289874,0.15,0.15,0.0,0.05797282510840421,0.05167393877267633,0.05797282510840421,0.05167393877267633,0.15,0.15,0.002974781731577545]"
/multi_agv/formal_execution_limiter_state,1788759161.17685,1788759161.17685,formal_execution_limiter_v1:header4+3x7,"[1.0,1788759161.1760898,1.0,0.09407021303933681,0.07748270760447283,0.0807836859884697,0.07748270760447283,0.0807836859884697,0.15,0.15,0.0,0.09407021303933681,0.08114974750511693,0.09407021303933681,0.08114974750511693,0.15,0.15,0.0,0.05744191455102995,0.051130217831805165,0.05744191455102995,0.051130217831805165,0.15,0.15,0.002974781731577545]"
/multi_agv/formal_execution_limiter_state,1788759161.1867247,1788759161.1867247,formal_execution_limiter_v1:header4+3x7,"[1.0,1788759161.1860702,1.0,0.09258967865440913,0.07740132781309193,0.0805210867695738,0.07740132781309193,0.0805210867695738,0.15,0.15,0.0,0.09258967865440913,0.08004167559344179,0.09258967865440913,0.08004167559344179,0.15,0.15,0.0,0.05673741753889781,0.050634649596570845,0.05673741753889781,0.050634649596570845,0.15,0.15,0.002974781731577545]"
/multi_agv/formal_execution_limiter_state,1788759161.1968417,1788759161.1968417,formal_execution_limiter_v1:header4+3x7,"[1.0,1788759161.1961257,1.0,0.09205268078274131,0.07762028467097107,0.08094449336795681,0.07762028467097107,0.08094449336795681,0.15,0.15,0.0,0.09205268078274131,0.07986596447050948,0.09205268078274131,0.07986596447050948,0.15,0.15,0.0,0.06042107627210829,0.04915973455384275,0.06042107627210829,0.04915973455384275,0.15,0.15,0.002974781731577545]"
/multi_agv/formal_execution_limiter_state,1788759161.206633,1788759161.206633,formal_execution_limiter_v1:header4+3x7,"[1.0,1788759161.206099,1.0,0.08996801369704031,0.07825597832992616,0.07949691644519861,0.07825597832992616,0.07949691644519861,0.15,0.15,0.0,0.08996801369704031,0.078784849113285,0.08996801369704031,0.078784849113285,0.15,0.15,0.0,0.059589149699060956,0.049022533515446734,0.059589149699060956,0.049022533515446734,0.15,0.15,0.002974781731577545]"
/multi_agv/formal_execution_limiter_state,1788759161.2166522,1788759161.2166522,formal_execution_limiter_v1:header4+3x7,"[1.0,1788759161.2160933,1.0,0.09065735601107404,0.07907449916787583,0.08057513295320361,0.07907449916787583,0.08057513295320361,0.15,0.15,0.0,0.09065735601107404,0.07904959018118578,0.09065735601107404,0.07904959018118578,0.15,0.15,0.0,0.06078828883429417,0.04947115567245264,0.06078828883429417,0.04947115567245264,0.15,0.15,0.002974781731577545]"
/multi_agv/formal_execution_limiter_state,1788759161.2266822,1788759161.2266822,formal_execution_limiter_v1:header4+3x7,"[1.0,1788759161.2261233,1.0,0.08968666874269415,0.07836062631637726,0.08007240551812551,0.07836062631637726,0.08007240551812551,0.15,0.15,0.0,0.08968666874269415,0.07829672546392366,0.08968666874269415,0.07829672546392366,0.15,0.15,0.0,0.0611671690680573,0.04840802586591586,0.0611671690680573,0.04840802586591586,0.15,0.15,0.002974781731577545]"
/multi_agv/formal_execution_limiter_state,1788759161.2367287,1788759161.2367287,formal_execution_limiter_v1:header4+3x7,"[1.0,1788759161.2361252,1.0,0.0897236072486981,0.07798832409643289,0.08064432690847845,0.07798832409643289,0.08064432690847845,0.15,0.15,0.0,0.0897236072486981,0.07813877041331704,0.0897236072486981,0.07813877041331704,0.15,0.15,0.0,0.06162174938261606,0.04832884141972751,0.06162174938261606,0.04832884141972751,0.15,0.15,0.002974781731577545]"
/multi_agv/formal_execution_limiter_state,1788759161.246813,1788759161.246813,formal_execution_limiter_v1:header4+3x7,"[1.0,1788759161.2461278,1.0,0.08961009644496808,0.07796813537911829,0.08068880346414437,0.07796813537911829,0.08068880346414437,0.15,0.15,0.0,0.08961009644496808,0.07800623254668805,0.08961009644496808,0.07800623254668805,0.15,0.15,0.0,0.06232349948714286,0.04865373588451029,0.06232349948714286,0.04865373588451029,0.15,0.15,0.002974781731577545]"
/multi_agv/formal_execution_limiter_state,1788759161.2566586,1788759161.2566586,formal_execution_limiter_v1:header4+3x7,"[1.0,1788759161.2561252,1.0,0.08986019229206674,0.0781779479430672,0.0810563146943645,0.0781779479430672,0.0810563146943645,0.15,0.15,0.0,0.08986019229206674,0.07807821510822746,0.08986019229206674,0.07807821510822746,0.15,0.15,0.0,0.0631992925501142,0.049031238033784404,0.0631992925501142,0.049031238033784404,0.15,0.15,0.002974781731577545]"
/multi_agv/formal_execution_limiter_state,1788759161.2666662,1788759161.2666662,formal_execution_limiter_v1:header4+3x7,"[1.0,1788759161.266107,1.0,0.08936788675547844,0.07754336426492263,0.08058095239978348,0.07754336426492263,0.08058095239978348,0.15,0.15,0.0,0.08936788675547844,0.07751933567689887,0.08936788675547844,0.07751933567689887,0.15,0.15,0.0,0.06324935903652268,0.04883402597101725,0.06324935903652268,0.04883402597101725,0.15,0.15,0.002974781731577545]"
/multi_agv/formal_execution_limiter_state,1788759161.2766726,1788759161.2766726,formal_execution_limiter_v1:header4+3x7,"[1.0,1788759161.2761304,1.0,0.09605313713706898,0.07691435659222769,0.0797387841716362,0.07691435659222769,0.0797387841716362,0.15,0.15,0.0,0.09605313713706898,0.0762947760436323,0.09605313713706898,0.0762947760436323,0.15,0.15,0.0,0.061341435794160265,0.05349488053793956,0.061341435794160265,0.05349488053793956,0.15,0.15,0.002974781731577545]"
/multi_agv/formal_execution_limiter_state,1788759161.286701,1788759161.286701,formal_execution_limiter_v1:header4+3x7,"[1.0,1788759161.2860951,1.0,0.09781709314688733,0.07612194257856288,0.07896031244446904,0.07612194257856288,0.07896031244446904,0.15,0.15,0.0,0.09781709314688733,0.07756548067401742,0.09781709314688733,0.07756548067401742,0.15,0.15,0.0,0.06199092181101032,0.05420263176969492,0.06199092181101032,0.05420263176969492,0.15,0.15,0.002974781731577545]"
/multi_agv/formal_execution_limiter_state,1788759161.296867,1788759161.296867,formal_execution_limiter_v1:header4+3x7,"[1.0,1788759161.2961197,1.0,0.09973724620313036,0.07592257626514048,0.07885673836719614,0.07592257626514048,0.07885673836719614,0.15,0.15,0.0,0.09973724620313036,0.07898162671113133,0.09973724620313036,0.07898162671113133,0.15,0.15,0.0,0.06319278652652542,0.05498571890295222,0.06319278652652542,0.05498571890295222,0.15,0.15,0.002974781731577545]"
/multi_agv/formal_execution_limiter_state,1788759161.3069696,1788759161.3069696,formal_execution_limiter_v1:header4+3x7,"[1.0,1788759161.3062289,1.0,0.09549405869021471,0.07382455360522577,0.07712778338608234,0.07382455360522577,0.07712778338608234,0.15,0.15,0.0,0.09549405869021471,0.07947010054948914,0.09549405869021471,0.07947010054948914,0.15,0.15,0.0,0.06422622410933218,0.05528920827759009,0.06422622410933218,0.05528920827759009,0.15,0.15,0.002974781731577545]"
/multi_agv/formal_execution_limiter_state,1788759161.3169873,1788759161.3169873,formal_execution_limiter_v1:header4+3x7,"[1.0,1788759161.3162322,1.0,0.09523241854477571,0.07299731060898457,0.076452698455682,0.07299731060898457,0.076452698455682,0.15,0.15,0.0,0.09523241854477571,0.0789581439575621,0.09523241854477571,0.0789581439575621,0.15,0.15,0.0,0.06461843453487477,0.05524296925824357,0.06461843453487477,0.05524296925824357,0.15,0.15,0.002974781731577545]"
/multi_agv/formal_execution_limiter_state,1788759161.32696,1788759161.32696,formal_execution_limiter_v1:header4+3x7,"[1.0,1788759161.326154,1.0,0.09502930962826878,0.07177199965506151,0.07520917483296233,0.07177199965506151,0.07520917483296233,0.15,0.15,0.0,0.09502930962826878,0.0785936387371835,0.09502930962826878,0.0785936387371835,0.15,0.15,0.0,0.06453192312570487,0.055165574653601966,0.06453192312570487,0.055165574653601966,0.15,0.15,0.002974781731577545]"
/multi_agv/formal_execution_limiter_state,1788759161.3367634,1788759161.3367634,formal_execution_limiter_v1:header4+3x7,"[1.0,1788759161.3361292,1.0,0.09695493373568122,0.07155660065914742,0.07501113848866588,0.07155660065914742,0.07501113848866588,0.15,0.15,0.0,0.09695493373568122,0.07487727702143458,0.09695493373568122,0.07487727702143458,0.15,0.15,0.0,0.0661266689090519,0.05450753070408352,0.0661266689090519,0.05450753070408352,0.15,0.15,0.002974781731577545]"
/multi_agv/formal_execution_limiter_state,1788759161.346746,1788759161.346746,formal_execution_limiter_v1:header4+3x7,"[1.0,1788759161.346117,1.0,0.09493574205200764,0.070363839073195,0.07368384069224072,0.070363839073195,0.07368384069224072,0.15,0.15,0.0,0.09493574205200764,0.07335779339359078,0.09493574205200764,0.07335779339359078,0.15,0.15,0.0,0.06555950748794019,0.054392745566007566,0.06555950748794019,0.054392745566007566,0.15,0.15,0.002974781731577545]"
/multi_agv/formal_execution_limiter_state,1788759161.3568473,1788759161.3568473,formal_execution_limiter_v1:header4+3x7,"[1.0,1788759161.3561928,1.0,0.09564611639113549,0.07071143551847706,0.07431813679325086,0.07071143551847706,0.07431813679325086,0.15,0.15,0.0,0.09564611639113549,0.07363268646387136,0.09564611639113549,0.07363268646387136,0.15,0.15,0.0,0.0668073441344791,0.05485298168379031,0.0668073441344791,0.05485298168379031,0.15,0.15,0.002974781731577545]"
/multi_agv/formal_execution_limiter_state,1788759161.3668349,1788759161.3668349,formal_execution_limiter_v1:header4+3x7,"[1.0,1788759161.3661976,1.0,0.09631052490577084,0.069152294215615,0.07346077672880436,0.069152294215615,0.07346077672880436,0.15,0.15,0.0,0.09631052490577084,0.07350164419941278,0.09631052490577084,0.07350164419941278,0.15,0.15,0.0,0.06944319550891186,0.0502163294620562,0.06944319550891186,0.0502163294620562,0.15,0.15,0.002974781731577545]"
/multi_agv/formal_execution_limiter_state,1788759161.3767936,1788759161.3767936,formal_execution_limiter_v1:header4+3x7,"[1.0,1788759161.3761227,1.0,0.09687783805816039,0.06879877185452701,0.07311376659205046,0.06879877185452701,0.07311376659205046,0.15,0.15,0.0,0.09687783805816039,0.0739985944774681,0.09687783805816039,0.0739985944774681,0.15,0.15,0.0,0.06980094105860443,0.04990736353565762,0.06980094105860443,0.04990736353565762,0.15,0.15,0.002974781731577545]"
/multi_agv/formal_execution_limiter_state,1788759161.3866336,1788759161.3866336,formal_execution_limiter_v1:header4+3x7,"[1.0,1788759161.386134,1.0,0.09561288833158244,0.06763722306435356,0.07148550241628683,0.06763722306435356,0.07148550241628683,0.15,0.15,0.0,0.09561288833158244,0.07340548905998112,0.09561288833158244,0.07340548905998112,0.15,0.15,0.0,0.06998841796354952,0.04958340468945239,0.06998841796354952,0.04958340468945239,0.15,0.15,0.002974781731577545]"
/multi_agv/formal_execution_limiter_state,1788759161.3969707,1788759161.3969707,formal_execution_limiter_v1:header4+3x7,"[1.0,1788759161.3961148,1.0,0.09690999987658887,0.06791343044538638,0.07205336649352663,0.06791343044538638,0.07205336649352663,0.15,0.15,0.0,0.09690999987658887,0.07416821623180343,0.09690999987658887,0.07416821623180343,0.15,0.15,0.0,0.07127748198997239,0.05006820512455485,0.07127748198997239,0.05006820512455485,0.15,0.15,0.002974781731577545]"
/multi_agv/formal_execution_limiter_state,1788759161.4068336,1788759161.4068336,formal_execution_limiter_v1:header4+3x7,"[1.0,1788759161.4060416,1.0,0.09750886195014223,0.06810576781999794,0.07217621614968994,0.06810576781999794,0.07217621614968994,0.15,0.15,0.0,0.09750886195014223,0.06979866203506209,0.09750886195014223,0.06979866203506209,0.15,0.15,0.0,0.06338124133935195,0.05249909659420613,0.06338124133935195,0.05249909659420613,0.15,0.15,0.002974781731577545]"
/multi_agv/formal_execution_limiter_state,1788759161.416929,1788759161.416929,formal_execution_limiter_v1:header4+3x7,"[1.0,1788759161.4160876,1.0,0.09750676520580548,0.06837700695061769,0.07256933057400977,0.06837700695061769,0.07256933057400977,0.15,0.15,0.0,0.09750676520580548,0.0697247083936012,0.09750676520580548,0.0697247083936012,0.15,0.15,0.0,0.062010282522052915,0.051212879775205625,0.062010282522052915,0.051212879775205625,0.15,0.15,0.002974781731577545]"
/multi_agv/formal_execution_limiter_state,1788759161.4270456,1788759161.4270456,formal_execution_limiter_v1:header4+3x7,"[1.0,1788759161.426137,1.0,0.09737451429174741,0.068144640638476,0.07222344839070971,0.068144640638476,0.07222344839070971,0.15,0.15,0.0,0.09737451429174741,0.06970553952882037,0.09737451429174741,0.06970553952882037,0.15,0.15,0.0,0.06073567635464214,0.050143047155290346,0.06073567635464214,0.050143047155290346,0.15,0.15,0.002974781731577545]"
/multi_agv/formal_execution_limiter_state,1788759161.4368966,1788759161.4368966,formal_execution_limiter_v1:header4+3x7,"[1.0,1788759161.4360917,1.0,0.09600303798165527,0.06807695165043891,0.07098083910706575,0.06807695165043891,0.07098083910706575,0.15,0.15,0.0,0.09600303798165527,0.07266205769321316,0.09600303798165527,0.07266205769321316,0.15,0.15,0.0,0.060344601745381456,0.049451294195007385,0.060344601745381456,0.049451294195007385,0.15,0.15,0.002974781731577545]"
/multi_agv/formal_execution_limiter_state,1788759161.4467988,1788759161.4467988,formal_execution_limiter_v1:header4+3x7,"[1.0,1788759161.4460878,1.0,0.09535185916249919,0.0676556199799678,0.07052498750849373,0.0676556199799678,0.07052498750849373,0.15,0.15,0.0,0.09535185916249919,0.07222340823392012,0.09535185916249919,0.07222340823392012,0.15,0.15,0.0,0.05945840878374512,0.048670851901539115,0.05945840878374512,0.048670851901539115,0.15,0.15,0.002974781731577545]"
/multi_agv/formal_execution_limiter_state,1788759161.4570398,1788759161.4570398,formal_execution_limiter_v1:header4+3x7,"[1.0,1788759161.4561768,1.0,0.09550629749830568,0.06787911149618422,0.07085424190773518,0.06787911149618422,0.07085424190773518,0.15,0.15,0.0,0.09550629749830568,0.07238301916270352,0.09550629749830568,0.07238301916270352,0.15,0.15,0.0,0.05858858243659493,0.04766729412377291,0.05858858243659493,0.04766729412377291,0.15,0.15,0.002974781731577545]"
/multi_agv/formal_execution_limiter_state,1788759161.4670033,1788759161.4670033,formal_execution_limiter_v1:header4+3x7,"[1.0,1788759161.4661582,1.0,0.09379927704122502,0.066568726497584,0.07050275632496283,0.066568726497584,0.07050275632496283,0.15,0.15,0.0,0.09379927704122502,0.07405129785762267,0.09379927704122502,0.07405129785762267,0.15,0.15,0.0,0.06324547795700552,0.04401409065555472,0.06324547795700552,0.04401409065555472,0.15,0.15,0.002974781731577545]"
/multi_agv/formal_execution_limiter_state,1788759161.476674,1788759161.476674,formal_execution_limiter_v1:header4+3x7,"[1.0,1788759161.4761298,1.0,0.09536625457329845,0.0672381521966098,0.07152224675001483,0.0672381521966098,0.07152224675001483,0.15,0.15,0.0,0.09536625457329845,0.07504223564599302,0.09536625457329845,0.07504223564599302,0.15,0.15,0.0,0.06478119902751,0.04467312571665356,0.06478119902751,0.04467312571665356,0.15,0.15,0.002974781731577545]"
/multi_agv/formal_execution_limiter_state,1788759161.4869351,1788759161.4869351,formal_execution_limiter_v1:header4+3x7,"[1.0,1788759161.4861982,1.0,0.0950172907099346,0.0666848457002434,0.0709207096599269,0.0666848457002434,0.0709207096599269,0.15,0.15,0.0,0.0950172907099346,0.0749397664280927,0.0950172907099346,0.0749397664280927,0.15,0.15,0.0,0.0655990243756383,0.04502417342109464,0.0655990243756383,0.04502417342109464,0.15,0.15,0.002974781731577545]"
/multi_agv/formal_execution_limiter_state,1788759161.4968116,1788759161.4968116,formal_execution_limiter_v1:header4+3x7,"[1.0,1788759161.4960916,1.0,0.09491157525574967,0.06678782473089087,0.07109327169840471,0.06678782473089087,0.07109327169840471,0.15,0.15,0.0,0.09491157525574967,0.07492948431876628,0.09491157525574967,0.07492948431876628,0.15,0.15,0.0,0.06630634790372661,0.045144579451581165,0.06630634790372661,0.045144579451581165,0.15,0.15,0.002974781731577545]"
/multi_agv/formal_execution_limiter_state,1788759161.5066934,1788759161.5066934,formal_execution_limiter_v1:header4+3x7,"[1.0,1788759161.506093,1.0,0.09545385727768177,0.06888155632038824,0.07224795266765723,0.06888155632038824,0.07224795266765723,0.15,0.15,0.0,0.09545385727768177,0.07535877931149243,0.09545385727768177,0.07535877931149243,0.15,0.15,0.0,0.06192056019323923,0.047727046674125986,0.06192056019323923,0.047727046674125986,0.15,0.15,0.002974781731577545]"
/multi_agv/formal_execution_limiter_state,1788759161.516902,1788759161.516902,formal_execution_limiter_v1:header4+3x7,"[1.0,1788759161.5161378,1.0,0.09624018157750491,0.06975077896462883,0.0733433865895936,0.06975077896462883,0.0733433865895936,0.15,0.15,0.0,0.09624018157750491,0.07622673523571669,0.09624018157750491,0.07622673523571669,0.15,0.15,0.0,0.06212247669634427,0.04746784601492536,0.06212247669634427,0.04746784601492536,0.15,0.15,0.002974781731577545]"
/multi_agv/formal_execution_limiter_state,1788759161.526671,1788759161.526671,formal_execution_limiter_v1:header4+3x7,"[1.0,1788759161.5260928,1.0,0.09611891141455939,0.06973126009675894,0.07352140714805881,0.06973126009675894,0.07352140714805881,0.15,0.15,0.0,0.09611891141455939,0.0764857730754191,0.09611891141455939,0.0764857730754191,0.15,0.15,0.0,0.06264405080363415,0.047568298136112214,0.06264405080363415,0.047568298136112214,0.15,0.15,0.002974781731577545]"
/multi_agv/formal_execution_limiter_state,1788759161.5368128,1788759161.5368128,formal_execution_limiter_v1:header4+3x7,"[1.0,1788759161.536165,1.0,0.09344110380691267,0.06870192834525073,0.07290778946213229,0.06870192834525073,0.07290778946213229,0.15,0.15,0.0,0.09344110380691267,0.07744123775572942,0.09344110380691267,0.07744123775572942,0.15,0.15,0.0,0.05516958892701018,0.05296945210916991,0.05516958892701018,0.05296945210916991,0.15,0.15,0.002974781731577545]"
/multi_agv/formal_execution_limiter_state,1788759161.5468397,1788759161.5468397,formal_execution_limiter_v1:header4+3x7,"[1.0,1788759161.5461235,1.0,0.092243608913672,0.06832050288121123,0.07273245200500479,0.06832050288121123,0.07273245200500479,0.15,0.15,0.0,0.092243608913672,0.0767742355758134,0.092243608913672,0.0767742355758134,0.15,0.15,0.0,0.054002182328589665,0.0519004828633971,0.054002182328589665,0.0519004828633971,0.15,0.15,0.002974781731577545]"
/multi_agv/formal_execution_limiter_state,1788759161.5567229,1788759161.5567229,formal_execution_limiter_v1:header4+3x7,"[1.0,1788759161.5561266,1.0,0.09225451965340807,0.0685832647722824,0.07318371341705181,0.0685832647722824,0.07318371341705181,0.15,0.15,0.0,0.09225451965340807,0.07692109342895333,0.09225451965340807,0.07692109342895333,0.15,0.15,0.0,0.05293061419034128,0.05092670998153485,0.05293061419034128,0.05092670998153485,0.15,0.15,0.002974781731577545]"
/multi_agv/formal_execution_limiter_state,1788759161.5668333,1788759161.5668333,formal_execution_limiter_v1:header4+3x7,"[1.0,1788759161.566167,1.0,0.09165822799731924,0.06803434889729497,0.07162480599414255,0.06803434889729497,0.07162480599414255,0.15,0.15,0.0,0.09165822799731924,0.07748605876487441,0.09165822799731924,0.07748605876487441,0.15,0.15,0.0,0.06235011159944616,0.04504631834975702,0.06235011159944616,0.04504631834975702,0.15,0.15,0.002974781731577545]"
/multi_agv/formal_execution_limiter_state,1788759161.577018,1788759161.577018,formal_execution_limiter_v1:header4+3x7,"[1.0,1788759161.5762544,1.0,0.09168567451969285,0.06748931805892817,0.07129076985082196,0.06748931805892817,0.07129076985082196,0.15,0.15,0.0,0.09168567451969285,0.07747900113546198,0.09168567451969285,0.07747900113546198,0.15,0.15,0.0,0.06375964049381165,0.04606863385783282,0.06375964049381165,0.04606863385783282,0.15,0.15,0.002974781731577545]"
/multi_agv/formal_execution_limiter_state,1788759161.5867171,1788759161.5867171,formal_execution_limiter_v1:header4+3x7,"[1.0,1788759161.586124,1.0,0.09083895147911009,0.06664930270782074,0.07057116105258793,0.06664930270782074,0.07057116105258793,0.15,0.15,0.0,0.09083895147911009,0.07683492464886327,0.09083895147911009,0.07683492464886327,0.15,0.15,0.0,0.06458087634411874,0.04684963957636721,0.06458087634411874,0.04684963957636721,0.15,0.15,0.002974781731577545]"
/multi_agv/formal_execution_limiter_state,1788759161.5966413,1788759161.5966413,formal_execution_limiter_v1:header4+3x7,"[1.0,1788759161.5961328,1.0,0.09447535537025972,0.06666772962824624,0.06991758735636261,0.06666772962824624,0.06991758735636261,0.15,0.15,0.0,0.09447535537025972,0.0727957318739886,0.09447535537025972,0.0727957318739886,0.15,0.15,0.0,0.05902993761424693,0.05164629235704179,0.05902993761424693,0.05164629235704179,0.15,0.15,0.002974781731577545]"
/multi_agv/formal_execution_limiter_state,1788759161.6065667,1788759161.6065667,formal_execution_limiter_v1:header4+3x7,"[1.0,1788759161.606093,1.0,0.09384077284720525,0.0658356046422618,0.06918698963875468,0.0658356046422618,0.06918698963875468,0.15,0.15,0.0,0.09384077284720525,0.07273777803665467,0.09384077284720525,0.07273777803665467,0.15,0.15,0.0,0.05862852707448287,0.05070216793921475,0.05862852707448287,0.05070216793921475,0.15,0.15,0.002974781731577545]"
/multi_agv/formal_execution_limiter_state,1788759161.616818,1788759161.616818,formal_execution_limiter_v1:header4+3x7,"[1.0,1788759161.6161897,1.0,0.09536925009890926,0.06635970155061927,0.07010427217456766,0.06635970155061927,0.07010427217456766,0.15,0.15,0.0,0.09536925009890926,0.07369982198878938,0.09536925009890926,0.07369982198878938,0.15,0.15,0.0,0.05958654319949784,0.0509291091908477,0.05958654319949784,0.0509291091908477,0.15,0.15,0.002974781731577545]"
/multi_agv/formal_execution_limiter_state,1788759161.6266105,1788759161.6266105,formal_execution_limiter_v1:header4+3x7,"[1.0,1788759161.62609,1.0,0.09487237469816862,0.06587464029252266,0.07000430919944114,0.06587464029252266,0.07000430919944114,0.15,0.15,0.0,0.09487237469816862,0.07332559068119329,0.09487237469816862,0.07332559068119329,0.15,0.15,0.0,0.06024804410380952,0.0509983873494638,0.06024804410380952,0.0509983873494638,0.15,0.15,0.002974781731577545]"
/multi_agv/formal_execution_limiter_state,1788759161.6366277,1788759161.6366277,formal_execution_limiter_v1:header4+3x7,"[1.0,1788759161.6360934,1.0,0.08735981597150813,0.06630721377821124,0.06988594017701728,0.06630721377821124,0.06988594017701728,0.15,0.15,0.0,0.08735981597150813,0.08090740304518504,0.08735981597150813,0.08090740304518504,0.15,0.15,0.0,0.05944023617980407,0.050179992562751005,0.05944023617980407,0.050179992562751005,0.15,0.15,0.002974781731577545]"
/multi_agv/formal_execution_limiter_state,1788759161.6467125,1788759161.6467125,formal_execution_limiter_v1:header4+3x7,"[1.0,1788759161.6461215,1.0,0.08665086276455315,0.06690905235654263,0.07296247490743862,0.06690905235654263,0.07296247490743862,0.15,0.15,0.0,0.08665086276455315,0.08037524216368379,0.08665086276455315,0.08037524216368379,0.15,0.15,0.0,0.05905444044241607,0.04950161867676379,0.05905444044241607,0.04950161867676379,0.15,0.15,0.002974781731577545]"
/multi_agv/formal_execution_limiter_state,1788759161.6566284,1788759161.6566284,formal_execution_limiter_v1:header4+3x7,"[1.0,1788759161.6560931,1.0,0.08671082503995937,0.06768883439447992,0.07416766810308129,0.06768883439447992,0.07416766810308129,0.15,0.15,0.0,0.08671082503995937,0.08044381298517476,0.08671082503995937,0.08044381298517476,0.15,0.15,0.0,0.059148107198435836,0.04937017613646671,0.059148107198435836,0.04937017613646671,0.15,0.15,0.002974781731577545]"
/multi_agv/formal_execution_limiter_state,1788759161.666836,1788759161.666836,formal_execution_limiter_v1:header4+3x7,"[1.0,1788759161.6662226,1.0,0.08431151025666071,0.06669262245845738,0.07501722465465467,0.06669262245845738,0.07501722465465467,0.15,0.15,0.0,0.08431151025666071,0.07926224702702177,0.08431151025666071,0.07926224702702177,0.15,0.15,0.0,0.06812704817828666,0.04690089397889722,0.06812704817828666,0.04690089397889722,0.15,0.15,0.002974781731577545]"
/multi_agv/formal_execution_limiter_state,1788759161.6767335,1788759161.6767335,formal_execution_limiter_v1:header4+3x7,"[1.0,1788759161.6761556,1.0,0.08498100735484677,0.06802027376849225,0.07684656949325443,0.06802027376849225,0.07684656949325443,0.15,0.15,0.0,0.08498100735484677,0.07953743419529173,0.08498100735484677,0.07953743419529173,0.15,0.15,0.0,0.07171946032746623,0.049051699396159915,0.07171946032746623,0.049051699396159915,0.15,0.15,0.002974781731577545]"
/multi_agv/formal_execution_limiter_state,1788759161.6866987,1788759161.6866987,formal_execution_limiter_v1:header4+3x7,"[1.0,1788759161.6860938,1.0,0.08413076539979188,0.06837301242418886,0.077469111199644,0.06837301242418886,0.077469111199644,0.15,0.15,0.0,0.08413076539979188,0.07911828736947461,0.08413076539979188,0.07911828736947461,0.15,0.15,0.0,0.07411836131570142,0.049991101726018464,0.07411836131570142,0.049991101726018464,0.15,0.15,0.002974781731577545]"
/multi_agv/formal_execution_limiter_state,1788759161.696736,1788759161.696736,formal_execution_limiter_v1:header4+3x7,"[1.0,1788759161.6961656,1.0,0.09033405237594012,0.06829956789068994,0.07865888839431798,0.06829956789068994,0.07865888839431798,0.15,0.15,0.0,0.09033405237594012,0.06862280199596939,0.09033405237594012,0.06862280199596939,0.15,0.15,0.0,0.07627085463619415,0.05177449472704698,0.07627085463619415,0.05177449472704698,0.15,0.15,0.002974781731577545]"
/multi_agv/formal_execution_limiter_state,1788759161.7066543,1788759161.7066543,formal_execution_limiter_v1:header4+3x7,"[1.0,1788759161.706127,1.0,0.088936577499516,0.06735946877561455,0.07705801413643945,0.06735946877561455,0.07705801413643945,0.15,0.15,0.0,0.088936577499516,0.06758308003591082,0.088936577499516,0.06758308003591082,0.15,0.15,0.0,0.07261575102350012,0.05595389676032118,0.07261575102350012,0.05595389676032118,0.15,0.15,0.002974781731577545]"
/multi_agv/formal_execution_limiter_state,1788759161.7168076,1788759161.7168076,formal_execution_limiter_v1:header4+3x7,"[1.0,1788759161.7161582,1.0,0.08972485449377393,0.06800354246569358,0.07815357940587704,0.06800354246569358,0.07815357940587704,0.15,0.15,0.0,0.08972485449377393,0.06794104549779731,0.08972485449377393,0.06794104549779731,0.15,0.15,0.0,0.07464777423213761,0.0569614403499586,0.07464777423213761,0.0569614403499586,0.15,0.15,0.002974781731577545]"
/multi_agv/formal_execution_limiter_state,1788759161.726642,1788759161.726642,formal_execution_limiter_v1:header4+3x7,"[1.0,1788759161.7260914,1.0,0.08881417243218045,0.06800662934908491,0.07835495856905081,0.06800662934908491,0.07835495856905081,0.15,0.15,0.0,0.08881417243218045,0.06721890364179772,0.08881417243218045,0.06721890364179772,0.15,0.15,0.0,0.0754492411559232,0.05707226267115141,0.0754492411559232,0.05707226267115141,0.15,0.15,0.002974781731577545]"
/multi_agv/formal_execution_limiter_state,1788759161.736789,1788759161.736789,formal_execution_limiter_v1:header4+3x7,"[1.0,1788759161.7362905,1.0,0.08534103450044145,0.07180411753634984,0.07694055714019278,0.07180411753634984,0.07694055714019278,0.15,0.15,0.0,0.08534103450044145,0.07912626894905239,0.08534103450044145,0.07912626894905239,0.15,0.15,0.0,0.07958061040502369,0.05209908618150622,0.07958061040502369,0.05209908618150622,0.15,0.15,0.002974781731577545]"
/multi_agv/formal_execution_limiter_state,1788759161.746641,1788759161.746641,formal_execution_limiter_v1:header4+3x7,"[1.0,1788759161.746161,1.0,0.08653335223535169,0.07159392556489455,0.07668499184717079,0.07159392556489455,0.07668499184717079,0.15,0.15,0.0,0.08653335223535169,0.0799936241712842,0.08653335223535169,0.0799936241712842,0.15,0.15,0.0,0.07969356993237534,0.052200449252289914,0.07969356993237534,0.052200449252289914,0.15,0.15,0.002974781731577545]"
/multi_agv/formal_execution_limiter_state,1788759161.7570515,1788759161.7570515,formal_execution_limiter_v1:header4+3x7,"[1.0,1788759161.7562618,1.0,0.08793116239691542,0.07176279326719824,0.07695124658842205,0.07176279326719824,0.07695124658842205,0.15,0.15,0.0,0.08793116239691542,0.0809078351577848,0.08793116239691542,0.0809078351577848,0.15,0.15,0.0,0.08047358648772894,0.05280062014741611,0.08047358648772894,0.05280062014741611,0.15,0.15,0.002974781731577545]"
/multi_agv/formal_execution_limiter_state,1788759161.766684,1788759161.766684,formal_execution_limiter_v1:header4+3x7,"[1.0,1788759161.766125,1.0,0.09168411611181917,0.07112883151649425,0.07750329182456882,0.07112883151649425,0.07750329182456882,0.15,0.15,0.0,0.09168411611181917,0.07210914999150975,0.09168411611181917,0.07210914999150975,0.15,0.15,0.0,0.07611866256532229,0.059595519525696944,0.07611866256532229,0.059595519525696944,0.15,0.15,0.002974781731577545]"
/multi_agv/formal_execution_limiter_state,1788759161.7765622,1788759161.7765622,formal_execution_limiter_v1:header4+3x7,"[1.0,1788759161.776117,1.0,0.09195047911063077,0.0715471910241743,0.07803133661293966,0.0715471910241743,0.07803133661293966,0.15,0.15,0.0,0.09195047911063077,0.07200866995727111,0.09195047911063077,0.07200866995727111,0.15,0.15,0.0,0.07639217097728154,0.0597312684792523,0.07639217097728154,0.0597312684792523,0.15,0.15,0.002974781731577545]"
/multi_agv/formal_execution_limiter_state,1788759161.7866762,1788759161.7866762,formal_execution_limiter_v1:header4+3x7,"[1.0,1788759161.7861052,1.0,0.0917422657897338,0.07028612945012831,0.07639029950318281,0.07028612945012831,0.07639029950318281,0.15,0.15,0.0,0.0917422657897338,0.07194690516160726,0.0917422657897338,0.07194690516160726,0.15,0.15,0.0,0.07442241299948901,0.058272922651612574,0.07442241299948901,0.058272922651612574,0.15,0.15,0.002974781731577545]"
/multi_agv/formal_execution_limiter_state,1788759161.7966714,1788759161.7966714,formal_execution_limiter_v1:header4+3x7,"[1.0,1788759161.7961395,1.0,0.09327341084064456,0.07066885985972207,0.07722012120329591,0.07066885985972207,0.07722012120329591,0.15,0.15,0.0,0.09327341084064456,0.07292505332490157,0.09327341084064456,0.07292505332490157,0.15,0.15,0.0,0.07503947139187471,0.05824595194055755,0.07503947139187471,0.05824595194055755,0.15,0.15,0.002974781731577545]"
/multi_agv/formal_execution_limiter_state,1788759161.8071094,1788759161.8071094,formal_execution_limiter_v1:header4+3x7,"[1.0,1788759161.806136,1.0,0.09320644656437532,0.06789872125650735,0.07568294094980786,0.06789872125650735,0.07568294094980786,0.15,0.15,0.0,0.09320644656437532,0.07321876844503222,0.09320644656437532,0.07321876844503222,0.15,0.15,0.0,0.07694756299378405,0.055286041651892825,0.07694756299378405,0.055286041651892825,0.15,0.15,0.002974781731577545]"
/multi_agv/formal_execution_limiter_state,1788759161.8169224,1788759161.8169224,formal_execution_limiter_v1:header4+3x7,"[1.0,1788759161.8160877,1.0,0.09331705460576693,0.06746184933470445,0.07541321767952791,0.06746184933470445,0.07541321767952791,0.15,0.15,0.0,0.09331705460576693,0.07324179236623206,0.09331705460576693,0.07324179236623206,0.15,0.15,0.0,0.07693837307298558,0.055134019548459215,0.07693837307298558,0.055134019548459215,0.15,0.15,0.002974781731577545]"
/multi_agv/formal_execution_limiter_state,1788759161.8269308,1788759161.8269308,formal_execution_limiter_v1:header4+3x7,"[1.0,1788759161.8261402,1.0,0.09301288582723381,0.06723088761778907,0.07528129630646964,0.06723088761778907,0.07528129630646964,0.15,0.15,0.0,0.09301288582723381,0.07293339585301513,0.09301288582723381,0.07293339585301513,0.15,0.15,0.0,0.07606608722888156,0.054627216231279196,0.07606608722888156,0.054627216231279196,0.15,0.15,0.002974781731577545]"
/multi_agv/formal_execution_limiter_state,1788759161.837279,1788759161.837279,formal_execution_limiter_v1:header4+3x7,"[1.0,1788759161.8362708,1.0,0.0969080624892483,0.06650955390810177,0.07554249536094772,0.06650955390810177,0.07554249536094772,0.15,0.15,0.0,0.0969080624892483,0.06696155453136893,0.0969080624892483,0.06696155453136893,0.15,0.15,0.0,0.07845417141073104,0.05554801417011103,0.07845417141073104,0.05554801417011103,0.15,0.15,0.002974781731577545]"
/multi_agv/formal_execution_limiter_state,1788759161.8471458,1788759161.8471458,formal_execution_limiter_v1:header4+3x7,"[1.0,1788759161.8462107,1.0,0.09560540063878108,0.06500632291191463,0.07405466840979213,0.06500632291191463,0.07405466840979213,0.15,0.15,0.0,0.09560540063878108,0.06645674881501933,0.09560540063878108,0.06645674881501933,0.15,0.15,0.0,0.07813417197649873,0.055669453772559455,0.07813417197649873,0.055669453772559455,0.15,0.15,0.002974781731577545]"
/multi_agv/formal_execution_limiter_state,1788759161.856988,1788759161.856988,formal_execution_limiter_v1:header4+3x7,"[1.0,1788759161.856091,1.0,0.09675570192441357,0.06525649023361424,0.07474886107139594,0.06525649023361424,0.07474886107139594,0.15,0.15,0.0,0.09675570192441357,0.06712125975987504,0.09675570192441357,0.06712125975987504,0.15,0.15,0.0,0.07992327317492878,0.05650511562949129,0.07992327317492878,0.05650511562949129,0.15,0.15,0.002974781731577545]"
/multi_agv/formal_execution_limiter_state,1788759161.867031,1788759161.867031,formal_execution_limiter_v1:header4+3x7,"[1.0,1788759161.8662379,1.0,0.09224836132406058,0.06605915267013605,0.07603878208777577,0.06605915267013605,0.07603878208777577,0.15,0.15,0.0,0.09224836132406058,0.07302320358042125,0.09224836132406058,0.07302320358042125,0.15,0.15,0.0,0.08244162802858984,0.05500388424214559,0.08244162802858984,0.05500388424214559,0.15,0.15,0.002974781731577545]"
/multi_agv/formal_execution_limiter_state,1788759161.876846,1788759161.876846,formal_execution_limiter_v1:header4+3x7,"[1.0,1788759161.8761802,1.0,0.0923639077839189,0.06654953474294811,0.0768528844600353,0.06654953474294811,0.0768528844600353,0.15,0.15,0.0,0.0923639077839189,0.07310556767144633,0.0923639077839189,0.07310556767144633,0.15,0.15,0.0,0.08302445172376591,0.05532715685933151,0.08302445172376591,0.05532715685933151,0.15,0.15,0.002974781731577545]"
/multi_agv/formal_execution_limiter_state,1788759161.8866932,1788759161.8866932,formal_execution_limiter_v1:header4+3x7,"[1.0,1788759161.886125,1.0,0.09222515392755969,0.06675597134880112,0.0772435783617284,0.06675597134880112,0.0772435783617284,0.15,0.15,0.0,0.09222515392755969,0.07329734116085589,0.09222515392755969,0.07329734116085589,0.15,0.15,0.0,0.0824567403445154,0.05490175710021601,0.0824567403445154,0.05490175710021601,0.15,0.15,0.002974781731577545]"
/multi_agv/formal_execution_limiter_state,1788759161.8970263,1788759161.8970263,formal_execution_limiter_v1:header4+3x7,"[1.0,1788759161.8962865,1.0,0.09175924537144375,0.06720315139391911,0.07773004085566843,0.06720315139391911,0.07773004085566843,0.15,0.15,0.0,0.09175924537144375,0.07208027485866345,0.09175924537144375,0.07208027485866345,0.15,0.15,0.0,0.08073005728918257,0.05708042112854,0.08073005728918257,0.05708042112854,0.15,0.15,0.002974781731577545]"
/multi_agv/formal_execution_limiter_state,1788759161.9068353,1788759161.9068353,formal_execution_limiter_v1:header4+3x7,"[1.0,1788759161.906171,1.0,0.09059548734455013,0.06758511934736745,0.07867461917938358,0.06758511934736745,0.07867461917938358,0.15,0.15,0.0,0.09059548734455013,0.07127958345845574,0.09059548734455013,0.07127958345845574,0.15,0.15,0.0,0.08044038273606363,0.056895305366593485,0.08044038273606363,0.056895305366593485,0.15,0.15,0.002974781731577545]"
/multi_agv/formal_execution_limiter_state,1788759161.916745,1788759161.916745,formal_execution_limiter_v1:header4+3x7,"[1.0,1788759161.9160986,1.0,0.09023406861399076,0.06800763822206515,0.07929618460132243,0.06800763822206515,0.07929618460132243,0.15,0.15,0.0,0.09023406861399076,0.07105321495496718,0.09023406861399076,0.07105321495496718,0.15,0.15,0.0,0.08073949262649181,0.05698697019101652,0.08073949262649181,0.05698697019101652,0.15,0.15,0.002974781731577545]"
/multi_agv/formal_execution_limiter_state,1788759161.9268863,1788759161.9268863,formal_execution_limiter_v1:header4+3x7,"[1.0,1788759161.9261262,1.0,0.09530283110786818,0.06792261663473192,0.07983245809523673,0.06792261663473192,0.07983245809523673,0.15,0.15,0.0,0.09530283110786818,0.06414491730550807,0.09530283110786818,0.06414491730550807,0.15,0.15,0.0,0.07531316295029697,0.057938578067399514,0.07531316295029697,0.057938578067399514,0.15,0.15,0.002974781731577545]"
/multi_agv/formal_execution_limiter_state,1788759161.9367387,1788759161.9367387,formal_execution_limiter_v1:header4+3x7,"[1.0,1788759161.9361482,1.0,0.09543755715346368,0.07030672874379056,0.07669818195197818,0.07030672874379056,0.07669818195197818,0.15,0.15,0.0,0.09543755715346368,0.06472775409837896,0.09543755715346368,0.06472775409837896,0.15,0.15,0.0,0.07378189236351124,0.056931818828632415,0.07378189236351124,0.056931818828632415,0.15,0.15,0.002974781731577545]"
/multi_agv/formal_execution_limiter_state,1788759161.9467278,1788759161.9467278,formal_execution_limiter_v1:header4+3x7,"[1.0,1788759161.9461808,1.0,0.09353742812504903,0.06879611445059057,0.0748183337325199,0.06879611445059057,0.0748183337325199,0.15,0.15,0.0,0.09353742812504903,0.06395853415445171,0.09353742812504903,0.06395853415445171,0.15,0.15,0.0,0.07171239734129231,0.05627373022085345,0.07171239734129231,0.05627373022085345,0.15,0.15,0.002974781731577545]"
/multi_agv/formal_execution_limiter_state,1788759161.9568558,1788759161.9568558,formal_execution_limiter_v1:header4+3x7,"[1.0,1788759161.956187,1.0,0.09448311901388382,0.0688469421038395,0.07532007045700286,0.0688469421038395,0.07532007045700286,0.15,0.15,0.0,0.09448311901388382,0.06445691229071271,0.09448311901388382,0.06445691229071271,0.15,0.15,0.0,0.07200918423014338,0.056013965788501936,0.07200918423014338,0.056013965788501936,0.15,0.15,0.002974781731577545]"
/multi_agv/formal_execution_limiter_state,1788759161.9668498,1788759161.9668498,formal_execution_limiter_v1:header4+3x7,"[1.0,1788759161.9662132,1.0,0.08754434171086416,0.06853777910876507,0.07421683358672573,0.06853777910876507,0.07421683358672573,0.15,0.15,0.0,0.08754434171086416,0.07148100618585203,0.08754434171086416,0.07148100618585203,0.15,0.15,0.0,0.0711161568671975,0.056302584581885924,0.0711161568671975,0.056302584581885924,0.15,0.15,0.002974781731577545]"
/multi_agv/formal_execution_limiter_state,1788759161.9767797,1788759161.9767797,formal_execution_limiter_v1:header4+3x7,"[1.0,1788759161.9761271,1.0,0.08747471848536814,0.067903604625856,0.07775136527399502,0.067903604625856,0.07775136527399502,0.15,0.15,0.0,0.08747471848536814,0.07151494533292027,0.08747471848536814,0.07151494533292027,0.15,0.15,0.0,0.07061301018304163,0.05581242530818882,0.07061301018304163,0.05581242530818882,0.15,0.15,0.002974781731577545]"
/multi_agv/formal_execution_limiter_state,1788759161.9867382,1788759161.9867382,formal_execution_limiter_v1:header4+3x7,"[1.0,1788759161.9861321,1.0,0.08675443387886181,0.06856378400653398,0.07862998565185142,0.06856378400653398,0.07862998565185142,0.15,0.15,0.0,0.08675443387886181,0.07140044590852188,0.08675443387886181,0.07140044590852188,0.15,0.15,0.0,0.06939049299515965,0.055084247298567965,0.06939049299515965,0.055084247298567965,0.15,0.15,0.002974781731577545]"
/multi_agv/formal_execution_limiter_state,1788759161.997073,1788759161.997073,formal_execution_limiter_v1:header4+3x7,"[1.0,1788759161.9962556,1.0,0.08618761518558876,0.06919289383604106,0.07969129762858852,0.06919289383604106,0.07969129762858852,0.15,0.15,0.0,0.08618761518558876,0.07113119662938563,0.08618761518558876,0.07113119662938563,0.15,0.15,0.0,0.06912504232366487,0.054829948021163345,0.06912504232366487,0.054829948021163345,0.15,0.15,0.002974781731577545]"
/multi_agv/formal_execution_limiter_state,1788759162.0068789,1788759162.0068789,formal_execution_limiter_v1:header4+3x7,"[1.0,1788759162.0061734,1.0,0.08592742322776477,0.0661719106962561,0.0804958988295872,0.0661719106962561,0.0804958988295872,0.15,0.15,0.0,0.08592742322776477,0.0718577426316722,0.08592742322776477,0.0718577426316722,0.15,0.15,0.0,0.075010731092457,0.05107544538276525,0.075010731092457,0.05107544538276525,0.15,0.15,0.002974781731577545]"
/multi_agv/formal_execution_limiter_state,1788759162.0170505,1788759162.0170505,formal_execution_limiter_v1:header4+3x7,"[1.0,1788759162.0162551,1.0,0.08700475544012803,0.06678659564244471,0.08167591428135915,0.06678659564244471,0.08167591428135915,0.15,0.15,0.0,0.08700475544012803,0.0724798530464309,0.08700475544012803,0.0724798530464309,0.15,0.15,0.0,0.07693666346518131,0.0520088081831251,0.07693666346518131,0.0520088081831251,0.15,0.15,0.002974781731577545]"
/multi_agv/formal_execution_limiter_state,1788759162.0269356,1788759162.0269356,formal_execution_limiter_v1:header4+3x7,"[1.0,1788759162.0260985,1.0,0.08810835052653496,0.0674278476799552,0.08287897324844266,0.0674278476799552,0.08287897324844266,0.15,0.15,0.0,0.08810835052653496,0.07313047937513023,0.08810835052653496,0.07313047937513023,0.15,0.15,0.0,0.07886653487211595,0.052957170155944505,0.07886653487211595,0.052957170155944505,0.15,0.15,0.002974781731577545]"
/multi_agv/formal_execution_limiter_state,1788759162.0369031,1788759162.0369031,formal_execution_limiter_v1:header4+3x7,"[1.0,1788759162.0361564,1.0,0.08579762291709069,0.0661556357002606,0.08169550809238084,0.0661556357002606,0.08169550809238084,0.15,0.15,0.0,0.08579762291709069,0.07247480889120662,0.08579762291709069,0.07247480889120662,0.15,0.15,0.0,0.07702340985418234,0.052073048303221306,0.07702340985418234,0.052073048303221306,0.15,0.15,0.002974781731577545]"
/multi_agv/formal_execution_limiter_state,1788759162.0468023,1788759162.0468023,formal_execution_limiter_v1:header4+3x7,"[1.0,1788759162.0461242,1.0,0.08692345657438953,0.06932510049280034,0.08283316572835465,0.06932510049280034,0.08283316572835465,0.15,0.15,0.0,0.08692345657438953,0.07146317608744678,0.08692345657438953,0.07146317608744678,0.15,0.15,0.0,0.07163666615689923,0.05835846867529415,0.07163666615689923,0.05835846867529415,0.15,0.15,0.002974781731577545]"
/multi_agv/formal_execution_limiter_state,1788759162.056776,1788759162.056776,formal_execution_limiter_v1:header4+3x7,"[1.0,1788759162.056147,1.0,0.08754763061342127,0.06973027017015992,0.08358329563341915,0.06973027017015992,0.08358329563341915,0.15,0.15,0.0,0.08754763061342127,0.07207541594957359,0.08754763061342127,0.07207541594957359,0.15,0.15,0.0,0.07228186557370568,0.0586867676803088,0.07228186557370568,0.0586867676803088,0.15,0.15,0.002974781731577545]"
/multi_agv/formal_execution_limiter_state,1788759162.0668774,1788759162.0668774,formal_execution_limiter_v1:header4+3x7,"[1.0,1788759162.0661592,1.0,0.08792295380948323,0.0697225411877341,0.08368451130088944,0.0697225411877341,0.08368451130088944,0.15,0.15,0.0,0.08792295380948323,0.07258220119786177,0.08792295380948323,0.07258220119786177,0.15,0.15,0.0,0.07229019152724553,0.05869519085016112,0.07229019152724553,0.05869519085016112,0.15,0.15,0.002974781731577545]"
/multi_agv/formal_execution_limiter_state,1788759162.0768347,1788759162.0768347,formal_execution_limiter_v1:header4+3x7,"[1.0,1788759162.0761278,1.0,0.08867111161826442,0.06922136119443106,0.08362533102481737,0.06922136119443106,0.08362533102481737,0.15,0.15,0.0,0.08867111161826442,0.0713320527716385,0.08867111161826442,0.0713320527716385,0.15,0.15,0.0,0.0683885873256601,0.058019035538798516,0.0683885873256601,0.058019035538798516,0.15,0.15,0.002974781731577545]"
/multi_agv/formal_execution_limiter_state,1788759162.0866575,1788759162.0866575,formal_execution_limiter_v1:header4+3x7,"[1.0,1788759162.0860949,1.0,0.08799947499590707,0.06930445378777032,0.08370393296805519,0.06930445378777032,0.08370393296805519,0.15,0.15,0.0,0.08799947499590707,0.07075630071688027,0.08799947499590707,0.07075630071688027,0.15,0.15,0.0,0.06663345041686233,0.056662255940247146,0.06663345041686233,0.056662255940247146,0.15,0.15,0.002974781731577545]"
/multi_agv/formal_execution_limiter_state,1788759162.0969205,1788759162.0969205,formal_execution_limiter_v1:header4+3x7,"[1.0,1788759162.0962362,1.0,0.08815088385328555,0.06948956181574009,0.08413311716316738,0.06948956181574009,0.08413311716316738,0.15,0.15,0.0,0.08815088385328555,0.07077400219875747,0.08815088385328555,0.07077400219875747,0.15,0.15,0.0,0.06570754022847354,0.05589431520238761,0.06570754022847354,0.05589431520238761,0.15,0.15,0.002974781731577545]"
/multi_agv/formal_execution_limiter_state,1788759162.106999,1788759162.106999,formal_execution_limiter_v1:header4+3x7,"[1.0,1788759162.1061976,1.0,0.09050149075246908,0.06613777966507821,0.08373943891570972,0.06613777966507821,0.08373943891570972,0.15,0.15,0.0,0.09050149075246908,0.06757544014666211,0.09050149075246908,0.06757544014666211,0.15,0.15,0.0,0.07692761178632673,0.05085456468214647,0.07692761178632673,0.05085456468214647,0.15,0.15,0.002974781731577545]"
/multi_agv/formal_execution_limiter_state,1788759162.116728,1788759162.116728,formal_execution_limiter_v1:header4+3x7,"[1.0,1788759162.1161568,1.0,0.09103379662052187,0.06555566043796808,0.0831661101038416,0.06555566043796808,0.0831661101038416,0.15,0.15,0.0,0.09103379662052187,0.06794518694083175,0.09103379662052187,0.06794518694083175,0.15,0.15,0.0,0.0781802405082404,0.05179373548379899,0.0781802405082404,0.05179373548379899,0.15,0.15,0.002974781731577545]"
/multi_agv/formal_execution_limiter_state,1788759162.126652,1788759162.126652,formal_execution_limiter_v1:header4+3x7,"[1.0,1788759162.1260896,1.0,0.08388710235515179,0.06729632231867007,0.08094792465327456,0.06729632231867007,0.08094792465327456,0.15,0.15,0.0,0.08388710235515179,0.07437411282087039,0.08388710235515179,0.07437411282087039,0.15,0.15,0.0,0.07651249819678148,0.04731841859839063,0.07651249819678148,0.04731841859839063,0.15,0.15,0.002974781731577545]"
/multi_agv/formal_execution_limiter_state,1788759162.13661,1788759162.13661,formal_execution_limiter_v1:header4+3x7,"[1.0,1788759162.13609,1.0,0.08335813771450905,0.06733794896016838,0.08105789128732445,0.06733794896016838,0.08105789128732445,0.15,0.15,0.0,0.08335813771450905,0.0739312297690236,0.08335813771450905,0.0739312297690236,0.15,0.15,0.0,0.07624101159576648,0.04681873337874694,0.07624101159576648,0.04681873337874694,0.15,0.15,0.002974781731577545]"
/multi_agv/formal_execution_limiter_state,1788759162.1467395,1788759162.1467395,formal_execution_limiter_v1:header4+3x7,"[1.0,1788759162.1461515,1.0,0.08285527684883244,0.06687246268709468,0.0804996697675151,0.06687246268709468,0.0804996697675151,0.15,0.15,0.0,0.08285527684883244,0.07376188399626403,0.08285527684883244,0.07376188399626403,0.15,0.15,0.0,0.07608636493224027,0.046587068755148106,0.07608636493224027,0.046587068755148106,0.15,0.15,0.002974781731577545]"
/multi_agv/formal_execution_limiter_state,1788759162.1566188,1788759162.1566188,formal_execution_limiter_v1:header4+3x7,"[1.0,1788759162.156112,1.0,0.08302324465652965,0.06641304596067486,0.08008389731973199,0.06641304596067486,0.08008389731973199,0.15,0.15,0.0,0.08302324465652965,0.07405563600645325,0.08302324465652965,0.07405563600645325,0.15,0.15,0.0,0.07643279602257964,0.046649363503157605,0.07643279602257964,0.046649363503157605,0.15,0.15,0.002974781731577545]"
/multi_agv/formal_execution_limiter_state,1788759162.166631,1788759162.166631,formal_execution_limiter_v1:header4+3x7,"[1.0,1788759162.1661007,1.0,0.08883317619919406,0.06566745502775487,0.0792464237446675,0.06566745502775487,0.0792464237446675,0.15,0.15,0.0,0.08883317619919406,0.06750666472051031,0.08883317619919406,0.06750666472051031,0.15,0.15,0.0,0.0700821404748842,0.04725374153287498,0.0700821404748842,0.04725374153287498,0.15,0.15,0.002974781731577545]"
/multi_agv/formal_execution_limiter_state,1788759162.1769128,1788759162.1769128,formal_execution_limiter_v1:header4+3x7,"[1.0,1788759162.1761386,1.0,0.08897486486455299,0.06924679067072195,0.08082982599618405,0.06924679067072195,0.08082982599618405,0.15,0.15,0.0,0.08897486486455299,0.06774258080936886,0.08897486486455299,0.06774258080936886,0.15,0.15,0.0,0.06844585840637148,0.04600604613190157,0.06844585840637148,0.04600604613190157,0.15,0.15,0.002974781731577545]"
/multi_agv/formal_execution_limiter_state,1788759162.1866715,1788759162.1866715,formal_execution_limiter_v1:header4+3x7,"[1.0,1788759162.1861277,1.0,0.08890416578317475,0.07036002251734101,0.08175192044650871,0.07036002251734101,0.08175192044650871,0.15,0.15,0.0,0.08890416578317475,0.0678529980175209,0.08890416578317475,0.0678529980175209,0.15,0.15,0.0,0.06697423500213917,0.04504443314098147,0.06697423500213917,0.04504443314098147,0.15,0.15,0.002974781731577545]"
/multi_agv/formal_execution_limiter_state,1788759162.1967874,1788759162.1967874,formal_execution_limiter_v1:header4+3x7,"[1.0,1788759162.1961625,1.0,0.08386732569944633,0.07150469362187889,0.08264879906065506,0.07150469362187889,0.08264879906065506,0.15,0.15,0.0,0.08386732569944633,0.07168417534173999,0.08386732569944633,0.07168417534173999,0.15,0.15,0.0,0.06676372308551233,0.04442618458906571,0.06676372308551233,0.04442618458906571,0.15,0.15,0.002974781731577545]"
/multi_agv/formal_execution_limiter_state,1788759162.2068062,1788759162.2068062,formal_execution_limiter_v1:header4+3x7,"[1.0,1788759162.2061222,1.0,0.08294826337707754,0.07073234439519933,0.08256619236342631,0.07073234439519933,0.08256619236342631,0.15,0.15,0.0,0.08294826337707754,0.0709807292209624,0.08294826337707754,0.0709807292209624,0.15,0.15,0.0,0.06865832325950158,0.048128197654762686,0.06865832325950158,0.048128197654762686,0.15,0.15,0.002974781731577545]"
/multi_agv/formal_execution_limiter_state,1788759162.2166877,1788759162.2166877,formal_execution_limiter_v1:header4+3x7,"[1.0,1788759162.216092,1.0,0.08293041532789691,0.07097559198043868,0.08293041532789691,0.07097559198043868,0.08293041532789691,0.15,0.15,0.0,0.08234954751570792,0.07048406393055645,0.08234954751570792,0.07048406393055645,0.15,0.15,0.0,0.06954194497352047,0.048677826207282913,0.06954194497352047,0.048677826207282913,0.15,0.15,0.002974781731577545]"
/multi_agv/formal_execution_limiter_state,1788759162.2268722,1788759162.2268722,formal_execution_limiter_v1:header4+3x7,"[1.0,1788759162.226148,1.0,0.08277542498284725,0.07159911108984256,0.08277542498284725,0.07159911108984256,0.08277542498284725,0.15,0.15,0.0,0.07672384626904438,0.07325313411175366,0.07672384626904438,0.07325313411175366,0.15,0.15,0.0,0.06797333347062884,0.04807651062014337,0.06797333347062884,0.04807651062014337,0.15,0.15,0.002974781731577545]"
/multi_agv/formal_execution_limiter_state,1788759162.236817,1788759162.236817,formal_execution_limiter_v1:header4+3x7,"[1.0,1788759162.23623,1.0,0.0845093502918801,0.07191962865909403,0.0845093502918801,0.07191962865909403,0.0845093502918801,0.15,0.15,0.0,0.07603104019242798,0.07264612142383756,0.07603104019242798,0.07264612142383756,0.15,0.15,0.0,0.06825055208130072,0.04808832908303723,0.06825055208130072,0.04808832908303723,0.15,0.15,0.002974781731577545]"
/multi_agv/formal_execution_limiter_state,1788759162.2466872,1788759162.2466872,formal_execution_limiter_v1:header4+3x7,"[1.0,1788759162.246124,1.0,0.08467776846295215,0.0721588202903846,0.08467776846295215,0.0721588202903846,0.08467776846295215,0.15,0.15,0.0,0.07541783454048175,0.07252825997615021,0.07541783454048175,0.07252825997615021,0.15,0.15,0.0,0.06854934906754619,0.04838989518499569,0.06854934906754619,0.04838989518499569,0.15,0.15,0.002974781731577545]"
/multi_agv/formal_execution_limiter_state,1788759162.256812,1788759162.256812,formal_execution_limiter_v1:header4+3x7,"[1.0,1788759162.2560887,1.0,0.0852172008713073,0.07256198373106507,0.0852172008713073,0.07256198373106507,0.0852172008713073,0.15,0.15,0.0,0.07517390797423915,0.07248720739088152,0.07517390797423915,0.07248720739088152,0.15,0.15,0.0,0.06928374548754537,0.04880076896466326,0.06928374548754537,0.04880076896466326,0.15,0.15,0.002974781731577545]"
/multi_agv/formal_execution_limiter_state,1788759162.266895,1788759162.266895,formal_execution_limiter_v1:header4+3x7,"[1.0,1788759162.2662601,1.0,0.08520630288104353,0.07230055777748637,0.08520630288104353,0.07230055777748637,0.08520630288104353,0.15,0.15,0.0,0.07515829820870346,0.0692322134670427,0.07515829820870346,0.0692322134670427,0.15,0.15,0.0,0.07173922727121326,0.04527529664900047,0.07173922727121326,0.04527529664900047,0.15,0.15,0.002974781731577545]"
/multi_agv/formal_execution_limiter_state,1788759162.2766697,1788759162.2766697,formal_execution_limiter_v1:header4+3x7,"[1.0,1788759162.2760878,1.0,0.08534471485739818,0.0735586290030767,0.08534471485739818,0.0735586290030767,0.08534471485739818,0.15,0.15,0.0,0.07455557046383136,0.06881663604602405,0.07455557046383136,0.06881663604602405,0.15,0.15,0.0,0.07186420594642257,0.04519148710875886,0.07186420594642257,0.04519148710875886,0.15,0.15,0.002974781731577545]"
/multi_agv/formal_execution_limiter_state,1788759162.286722,1788759162.286722,formal_execution_limiter_v1:header4+3x7,"[1.0,1788759162.2860672,1.0,0.08527197485932295,0.0735454545626523,0.08527197485932295,0.0735454545626523,0.08527197485932295,0.15,0.15,0.0,0.07407246561099377,0.06865971235151692,0.07407246561099377,0.06865971235151692,0.15,0.15,0.0,0.07194069475784923,0.045223217714542595,0.07194069475784923,0.045223217714542595,0.15,0.15,0.002974781731577545]"
/multi_agv/formal_execution_limiter_state,1788759162.2968962,1788759162.2968962,formal_execution_limiter_v1:header4+3x7,"[1.0,1788759162.2961113,1.0,0.08563686029467167,0.07382977849112064,0.08563686029467167,0.07382977849112064,0.08563686029467167,0.15,0.15,0.0,0.07607831672213942,0.06914021604434568,0.07607831672213942,0.06914021604434568,0.15,0.15,0.0,0.07016572406957608,0.046869238657106155,0.07016572406957608,0.046869238657106155,0.15,0.15,0.002974781731577545]"
/multi_agv/formal_execution_limiter_state,1788759162.3069017,1788759162.3069017,formal_execution_limiter_v1:header4+3x7,"[1.0,1788759162.3060923,1.0,0.08591742520819752,0.0733111822873246,0.08591742520819752,0.0733111822873246,0.08591742520819752,0.15,0.15,0.0,0.07632137791994915,0.06945082200202037,0.07632137791994915,0.06945082200202037,0.15,0.15,0.0,0.07031092289046473,0.046898768037080214,0.07031092289046473,0.046898768037080214,0.15,0.15,0.002974781731577545]"
/multi_agv/formal_execution_limiter_state,1788759162.3167603,1788759162.3167603,formal_execution_limiter_v1:header4+3x7,"[1.0,1788759162.3160937,1.0,0.08581779051324515,0.07306119750234125,0.08581779051324515,0.07306119750234125,0.08581779051324515,0.15,0.15,0.0,0.07680297933374952,0.06964993991405888,0.07680297933374952,0.06964993991405888,0.15,0.15,0.0,0.07033302039419093,0.04663590854670346,0.07033302039419093,0.04663590854670346,0.15,0.15,0.002974781731577545]"
/multi_agv/formal_execution_limiter_state,1788759162.3267145,1788759162.3267145,formal_execution_limiter_v1:header4+3x7,"[1.0,1788759162.3260925,1.0,0.08305479195142558,0.06951320358976322,0.08305479195142558,0.06951320358976322,0.08305479195142558,0.15,0.15,0.0,0.07631022382220921,0.06936939067232394,0.07631022382220921,0.06936939067232394,0.15,0.15,0.0,0.07139716289362844,0.048098357732831505,0.07139716289362844,0.048098357732831505,0.15,0.15,0.002974781731577545]"
/multi_agv/formal_execution_limiter_state,1788759162.3367584,1788759162.3367584,formal_execution_limiter_v1:header4+3x7,"[1.0,1788759162.3360934,1.0,0.08199842358902043,0.06842743331512635,0.08199842358902043,0.06842743331512635,0.08199842358902043,0.15,0.15,0.0,0.07703078672521468,0.06967106971572887,0.07703078672521468,0.06967106971572887,0.15,0.15,0.0,0.07241147156208796,0.0485984136102005,0.07241147156208796,0.0485984136102005,0.15,0.15,0.002974781731577545]"
/multi_agv/formal_execution_limiter_state,1788759162.346753,1788759162.346753,formal_execution_limiter_v1:header4+3x7,"[1.0,1788759162.3460915,1.0,0.08017498531338293,0.06724544741561725,0.08017498531338293,0.06724544741561725,0.08017498531338293,0.15,0.15,0.0,0.0767469484319373,0.06905883772786528,0.0767469484319373,0.06905883772786528,0.15,0.15,0.0,0.0729069817376329,0.049361764788096556,0.0729069817376329,0.049361764788096556,0.15,0.15,0.002974781731577545]"
/multi_agv/formal_execution_limiter_state,1788759162.3571057,1788759162.3571057,formal_execution_limiter_v1:header4+3x7,"[1.0,1788759162.356092,1.0,0.0805670657917769,0.0670956702437976,0.0805670657917769,0.0670956702437976,0.0805670657917769,0.15,0.15,0.0,0.078102393044645,0.06994639201793623,0.078102393044645,0.06994639201793623,0.15,0.15,0.0,0.07500146762226824,0.050465352456686555,0.07500146762226824,0.050465352456686555,0.15,0.15,0.002974781731577545]"
/multi_agv/formal_execution_limiter_state,1788759162.366783,1788759162.366783,formal_execution_limiter_v1:header4+3x7,"[1.0,1788759162.366092,1.0,0.07932515897648432,0.06597734537558578,0.07932515897648432,0.06597734537558578,0.07932515897648432,0.15,0.15,0.0,0.07845104606919966,0.06969385082225586,0.07845104606919966,0.06969385082225586,0.15,0.15,0.0,0.07542685492531184,0.0508773584784906,0.07542685492531184,0.0508773584784906,0.15,0.15,0.002974781731577545]"
/multi_agv/formal_execution_limiter_state,1788759162.3771443,1788759162.3771443,formal_execution_limiter_v1:header4+3x7,"[1.0,1788759162.3761234,1.0,0.08399031684029135,0.0669552883636195,0.07901711900328645,0.0669552883636195,0.07901711900328645,0.15,0.15,0.0,0.08399031684029135,0.06863328968931112,0.08399031684029135,0.06863328968931112,0.15,0.15,0.0,0.07767363755751905,0.050340655631558734,0.07767363755751905,0.050340655631558734,0.15,0.15,0.002974781731577545]"
/multi_agv/formal_execution_limiter_state,1788759162.3868597,1788759162.3868597,formal_execution_limiter_v1:header4+3x7,"[1.0,1788759162.3861942,1.0,0.08564395417288688,0.0664530312699795,0.07852957618079795,0.0664530312699795,0.07852957618079795,0.15,0.15,0.0,0.08564395417288688,0.06971741088413476,0.08564395417288688,0.06971741088413476,0.15,0.15,0.0,0.07828573081112149,0.051228472647806216,0.07828573081112149,0.051228472647806216,0.15,0.15,0.002974781731577545]"
/multi_agv/formal_execution_limiter_state,1788759162.3968349,1788759162.3968349,formal_execution_limiter_v1:header4+3x7,"[1.0,1788759162.3961272,1.0,0.08729323377497654,0.06663544845220545,0.0789809041696806,0.06663544845220545,0.0789809041696806,0.15,0.15,0.0,0.08729323377497654,0.07086018303627313,0.08729323377497654,0.07086018303627313,0.15,0.15,0.0,0.07940202047235043,0.052250347981194545,0.07940202047235043,0.052250347981194545,0.15,0.15,0.002974781731577545]"
/multi_agv/formal_execution_limiter_state,1788759162.4072537,1788759162.4072537,formal_execution_limiter_v1:header4+3x7,"[1.0,1788759162.4062953,1.0,0.0872108445567806,0.06702887686172576,0.07899758075276062,0.06702887686172576,0.07899758075276062,0.15,0.15,0.0,0.0872108445567806,0.0729395888501281,0.0872108445567806,0.0729395888501281,0.15,0.15,0.0,0.07800595054804067,0.05707990578121942,0.07800595054804067,0.05707990578121942,0.15,0.15,0.002974781731577545]"
/multi_agv/formal_execution_limiter_state,1788759162.417191,1788759162.417191,formal_execution_limiter_v1:header4+3x7,"[1.0,1788759162.4161005,1.0,0.08824353959367298,0.0702132720939963,0.0750096568399024,0.0702132720939963,0.0750096568399024,0.15,0.15,0.0,0.08824353959367298,0.07379336102008896,0.08824353959367298,0.07379336102008896,0.15,0.15,0.0,0.07842797576496337,0.05776357158337893,0.07842797576496337,0.05776357158337893,0.15,0.15,0.002974781731577545]"
/multi_agv/formal_execution_limiter_state,1788759162.4269485,1788759162.4269485,formal_execution_limiter_v1:header4+3x7,"[1.0,1788759162.426227,1.0,0.09024072532860629,0.07025904011460726,0.07564634904619003,0.07025904011460726,0.07564634904619003,0.15,0.15,0.0,0.09024072532860629,0.07521770765807519,0.09024072532860629,0.07521770765807519,0.15,0.15,0.0,0.08031823338182348,0.058726495867720024,0.08031823338182348,0.058726495867720024,0.15,0.15,0.002974781731577545]"
/multi_agv/formal_execution_limiter_state,1788759162.436993,1788759162.436993,formal_execution_limiter_v1:header4+3x7,"[1.0,1788759162.4362175,1.0,0.09137986732013201,0.06655452431742277,0.07750817322911883,0.06655452431742277,0.07750817322911883,0.15,0.15,0.0,0.09137986732013201,0.06771183221771404,0.09137986732013201,0.06771183221771404,0.15,0.15,0.0,0.07837526632870181,0.05644621487005233,0.07837526632870181,0.05644621487005233,0.15,0.15,0.002974781731577545]"
/multi_agv/formal_execution_limiter_state,1788759162.446695,1788759162.446695,formal_execution_limiter_v1:header4+3x7,"[1.0,1788759162.4460917,1.0,0.09116087668379318,0.0666535834523032,0.07750670368349404,0.0666535834523032,0.07750670368349404,0.15,0.15,0.0,0.09116087668379318,0.0673223401788376,0.09116087668379318,0.0673223401788376,0.15,0.15,0.0,0.07800132601244272,0.05616966702084561,0.07800132601244272,0.05616966702084561,0.15,0.15,0.002974781731577545]"
/multi_agv/formal_execution_limiter_state,1788759162.4568439,1788759162.4568439,formal_execution_limiter_v1:header4+3x7,"[1.0,1788759162.4561965,1.0,0.09127569451758193,0.06705381341745678,0.0780865537665009,0.06705381341745678,0.0780865537665009,0.15,0.15,0.0,0.09127569451758193,0.0672266037701879,0.09127569451758193,0.0672266037701879,0.15,0.15,0.0,0.07806489368926556,0.05601847868663215,0.07806489368926556,0.05601847868663215,0.15,0.15,0.002974781731577545]"
/multi_agv/formal_execution_limiter_state,1788759162.4667928,1788759162.4667928,formal_execution_limiter_v1:header4+3x7,"[1.0,1788759162.4661474,1.0,0.08805474743896663,0.06495415434279517,0.07638580338779238,0.06495415434279517,0.07638580338779238,0.15,0.15,0.0,0.08805474743896663,0.07280176990144543,0.08805474743896663,0.07280176990144543,0.15,0.15,0.0,0.0741626772048631,0.056631198836016326,0.0741626772048631,0.056631198836016326,0.15,0.15,0.002974781731577545]"
/multi_agv/formal_execution_limiter_state,1788759162.4766889,1788759162.4766889,formal_execution_limiter_v1:header4+3x7,"[1.0,1788759162.4761505,1.0,0.08796934320975804,0.06452998479322504,0.07601508795691507,0.06452998479322504,0.07601508795691507,0.15,0.15,0.0,0.08796934320975804,0.07281237235598852,0.08796934320975804,0.07281237235598852,0.15,0.15,0.0,0.07330512250732754,0.05576619356367063,0.07330512250732754,0.05576619356367063,0.15,0.15,0.002974781731577545]"
/multi_agv/formal_execution_limiter_state,1788759162.4865897,1788759162.4865897,formal_execution_limiter_v1:header4+3x7,"[1.0,1788759162.4861095,1.0,0.0874533323077508,0.06411119600443368,0.0753664448158319,0.06411119600443368,0.0753664448158319,0.15,0.15,0.0,0.0874533323077508,0.07251551212773676,0.0874533323077508,0.07251551212773676,0.15,0.15,0.0,0.07240177525825457,0.05514357958173956,0.07240177525825457,0.05514357958173956,0.15,0.15,0.002974781731577545]"
/multi_agv/formal_execution_limiter_state,1788759162.4967144,1788759162.4967144,formal_execution_limiter_v1:header4+3x7,"[1.0,1788759162.4961653,1.0,0.08741898598466716,0.06395271821108624,0.0753202514492571,0.06395271821108624,0.0753202514492571,0.15,0.15,0.0,0.08741898598466716,0.07242353077030689,0.08741898598466716,0.07242353077030689,0.15,0.15,0.0,0.07236960814363502,0.05519102334736209,0.07236960814363502,0.05519102334736209,0.15,0.15,0.002974781731577545]"
/multi_agv/formal_execution_limiter_state,1788759162.506585,1788759162.506585,formal_execution_limiter_v1:header4+3x7,"[1.0,1788759162.506119,1.0,0.08320299084990275,0.0648980230323463,0.07090507611304085,0.0648980230323463,0.07090507611304085,0.15,0.15,0.0,0.08320299084990275,0.07662422955323674,0.08320299084990275,0.07662422955323674,0.15,0.15,0.0,0.07273147627810495,0.05346190392191116,0.07273147627810495,0.05346190392191116,0.15,0.15,0.002974781731577545]"
/multi_agv/formal_execution_limiter_state,1788759162.5165837,1788759162.5165837,formal_execution_limiter_v1:header4+3x7,"[1.0,1788759162.516142,1.0,0.08283336282867117,0.06427423385615548,0.07046741802902544,0.06427423385615548,0.07046741802902544,0.15,0.15,0.0,0.08283336282867117,0.07645492130820299,0.08283336282867117,0.07645492130820299,0.15,0.15,0.0,0.07254171706011163,0.05339788128567977,0.07254171706011163,0.05339788128567977,0.15,0.15,0.002974781731577545]"
/multi_agv/formal_execution_limiter_state,1788759162.5266433,1788759162.5266433,formal_execution_limiter_v1:header4+3x7,"[1.0,1788759162.5260863,1.0,0.08348403291661526,0.06410265087677551,0.07086023923303995,0.06410265087677551,0.07086023923303995,0.15,0.15,0.0,0.08348403291661526,0.07677103295845188,0.08348403291661526,0.07677103295845188,0.15,0.15,0.0,0.0734675412854336,0.05364984738956059,0.0734675412854336,0.05364984738956059,0.15,0.15,0.002974781731577545]"
/multi_agv/formal_execution_limiter_state,1788759162.5367062,1788759162.5367062,formal_execution_limiter_v1:header4+3x7,"[1.0,1788759162.5361397,1.0,0.08439290009333476,0.06279719328873005,0.06922988255685088,0.06279719328873005,0.06922988255685088,0.15,0.15,0.0,0.08439290009333476,0.07370379100955944,0.08439290009333476,0.07370379100955944,0.15,0.15,0.0,0.07164029779581661,0.05317200282151105,0.07164029779581661,0.05317200282151105,0.15,0.15,0.002974781731577545]"
/multi_agv/formal_execution_limiter_state,1788759162.5467358,1788759162.5467358,formal_execution_limiter_v1:header4+3x7,"[1.0,1788759162.5461366,1.0,0.08372686851947683,0.06391115726791097,0.07446496930780752,0.06391115726791097,0.07446496930780752,0.15,0.15,0.0,0.08372686851947683,0.0730242558954555,0.08372686851947683,0.0730242558954555,0.15,0.15,0.0,0.07439018319050371,0.05677982563405013,0.07439018319050371,0.05677982563405013,0.15,0.15,0.002974781731577545]"
/multi_agv/formal_execution_limiter_state,1788759162.5569131,1788759162.5569131,formal_execution_limiter_v1:header4+3x7,"[1.0,1788759162.5561383,1.0,0.0835967923204459,0.0648400659301956,0.07600478332729473,0.0648400659301956,0.07600478332729473,0.15,0.15,0.0,0.0835967923204459,0.07303452257058385,0.0835967923204459,0.07303452257058385,0.15,0.15,0.0,0.07616819070293761,0.057846368297128206,0.07616819070293761,0.057846368297128206,0.15,0.15,0.002974781731577545]"
/multi_agv/formal_execution_limiter_state,1788759162.5668292,1788759162.5668292,formal_execution_limiter_v1:header4+3x7,"[1.0,1788759162.5661483,1.0,0.08306878506289232,0.06552600765596671,0.07708667603535456,0.06552600765596671,0.07708667603535456,0.15,0.15,0.0,0.08306878506289232,0.0729171367505232,0.08306878506289232,0.0729171367505232,0.15,0.15,0.0,0.0770000543072974,0.05814244085384481,0.0770000543072974,0.05814244085384481,0.15,0.15,0.002974781731577545]"
/multi_agv/formal_execution_limiter_state,1788759162.5766704,1788759162.5766704,formal_execution_limiter_v1:header4+3x7,"[1.0,1788759162.5761096,1.0,0.08641306232919906,0.06540353329139699,0.07902530958760949,0.06540353329139699,0.07902530958760949,0.15,0.15,0.0,0.08641306232919906,0.07202954296711585,0.08641306232919906,0.07202954296711585,0.15,0.15,0.0,0.07651894637544228,0.05701558299873678,0.07651894637544228,0.05701558299873678,0.15,0.15,0.002974781731577545]"
/multi_agv/formal_execution_limiter_state,1788759162.5866313,1788759162.5866313,formal_execution_limiter_v1:header4+3x7,"[1.0,1788759162.5861185,1.0,0.08823093278346036,0.06663081377914822,0.08113415085420238,0.06663081377914822,0.08113415085420238,0.15,0.15,0.0,0.08823093278346036,0.0733243798705411,0.08823093278346036,0.0733243798705411,0.15,0.15,0.0,0.0774838640064564,0.0573043261165673,0.0774838640064564,0.0573043261165673,0.15,0.15,0.002974781731577545]"
/multi_agv/formal_execution_limiter_state,1788759162.596793,1788759162.596793,formal_execution_limiter_v1:header4+3x7,"[1.0,1788759162.5961428,1.0,0.08439163863079603,0.06484586973376336,0.07952859756846223,0.06484586973376336,0.07952859756846223,0.15,0.15,0.0,0.08439163863079603,0.06915356336168817,0.08439163863079603,0.06915356336168817,0.15,0.15,0.0,0.07736625704144312,0.05704788027297594,0.07736625704144312,0.05704788027297594,0.15,0.15,0.002974781731577545]"
/multi_agv/formal_execution_limiter_state,1788759162.6066728,1788759162.6066728,formal_execution_limiter_v1:header4+3x7,"[1.0,1788759162.6060863,1.0,0.08440136169478701,0.0650964307417413,0.08046342075519645,0.0650964307417413,0.08046342075519645,0.15,0.15,0.0,0.08440136169478701,0.06892997751157737,0.08440136169478701,0.06892997751157737,0.15,0.15,0.0,0.07877249214489429,0.057681926457225564,0.07877249214489429,0.057681926457225564,0.15,0.15,0.002974781731577545]"
/multi_agv/formal_execution_limiter_state,1788759162.6168418,1788759162.6168418,formal_execution_limiter_v1:header4+3x7,"[1.0,1788759162.6161392,1.0,0.08324470939918947,0.06478863217779449,0.08028678513225293,0.06478863217779449,0.08028678513225293,0.15,0.15,0.0,0.08324470939918947,0.06794993110796975,0.08324470939918947,0.06794993110796975,0.15,0.15,0.0,0.07922352039646105,0.05821263860519361,0.07922352039646105,0.05821263860519361,0.15,0.15,0.002974781731577545]"
/multi_agv/formal_execution_limiter_state,1788759162.626658,1788759162.626658,formal_execution_limiter_v1:header4+3x7,"[1.0,1788759162.6261268,1.0,0.08178709747201629,0.06434601584494078,0.07943046696959442,0.06434601584494078,0.07943046696959442,0.15,0.15,0.0,0.08178709747201629,0.06677903814171629,0.08178709747201629,0.06677903814171629,0.15,0.15,0.0,0.07782049997809586,0.05761004653842579,0.07782049997809586,0.05761004653842579,0.15,0.15,0.002974781731577545]"
/multi_agv/formal_execution_limiter_state,1788759162.6371706,1788759162.6371706,formal_execution_limiter_v1:header4+3x7,"[1.0,1788759162.6362875,1.0,0.08110229049514532,0.06409218079330774,0.07937801629639603,0.06409218079330774,0.07937801629639603,0.15,0.15,0.0,0.08110229049514532,0.06605846131418323,0.08110229049514532,0.06605846131418323,0.15,0.15,0.0,0.07820420480306225,0.05783455828852869,0.07820420480306225,0.05783455828852869,0.15,0.15,0.002974781731577545]"
/multi_agv/formal_execution_limiter_state,1788759162.64682,1788759162.64682,formal_execution_limiter_v1:header4+3x7,"[1.0,1788759162.646182,1.0,0.081853074615168,0.06362332627913624,0.07911838418822408,0.06362332627913624,0.07911838418822408,0.15,0.15,0.0,0.081853074615168,0.06789451305125227,0.081853074615168,0.06789451305125227,0.15,0.15,0.0,0.08087011755994254,0.058044339590333796,0.08087011755994254,0.058044339590333796,0.15,0.15,0.002974781731577545]"
/multi_agv/formal_execution_limiter_state,1788759162.656726,1788759162.656726,formal_execution_limiter_v1:header4+3x7,"[1.0,1788759162.656227,1.0,0.08250338453208658,0.06383338808027406,0.07968095170587067,0.06383338808027406,0.07968095170587067,0.15,0.15,0.0,0.08250338453208658,0.06839119308262226,0.08250338453208658,0.06839119308262226,0.15,0.15,0.0,0.08201087536241972,0.05895890708843621,0.08201087536241972,0.05895890708843621,0.15,0.15,0.002974781731577545]"
/multi_agv/formal_execution_limiter_state,1788759162.6667523,1788759162.6667523,formal_execution_limiter_v1:header4+3x7,"[1.0,1788759162.6660945,1.0,0.08291097928421484,0.06394568353905662,0.07988385660744131,0.06394568353905662,0.07988385660744131,0.15,0.15,0.0,0.08291097928421484,0.0686970424354143,0.08291097928421484,0.0686970424354143,0.15,0.15,0.0,0.08217581001453676,0.059280537385249646,0.08217581001453676,0.059280537385249646,0.15,0.15,0.002974781731577545]"
/multi_agv/formal_execution_limiter_state,1788759162.6766565,1788759162.6766565,formal_execution_limiter_v1:header4+3x7,"[1.0,1788759162.67612,1.0,0.08326674262119549,0.0640142224598881,0.08023861580338139,0.0640142224598881,0.08023861580338139,0.15,0.15,0.0,0.08326674262119549,0.06885193913688004,0.08326674262119549,0.06885193913688004,0.15,0.15,0.0,0.08262034924321984,0.05950082798159806,0.08262034924321984,0.05950082798159806,0.15,0.15,0.002974781731577545]"
/multi_agv/formal_execution_limiter_state,1788759162.6867263,1788759162.6867263,formal_execution_limiter_v1:header4+3x7,"[1.0,1788759162.6861293,1.0,0.0845170228707869,0.06456567326052161,0.08156802253494226,0.06456567326052161,0.08156802253494226,0.15,0.15,0.0,0.0845170228707869,0.06967817564807376,0.0845170228707869,0.06967817564807376,0.15,0.15,0.0,0.0841427665902736,0.06023887675088342,0.0841427665902736,0.06023887675088342,0.15,0.15,0.002974781731577545]"
/multi_agv/formal_execution_limiter_state,1788759162.6966865,1788759162.6966865,formal_execution_limiter_v1:header4+3x7,"[1.0,1788759162.6960938,1.0,0.08548817557423968,0.06512425425758181,0.08162003556405681,0.06512425425758181,0.08162003556405681,0.15,0.15,0.0,0.08548817557423968,0.06843782919941085,0.08548817557423968,0.06843782919941085,0.15,0.15,0.0,0.0827391950420199,0.06317469203565579,0.0827391950420199,0.06317469203565579,0.15,0.15,0.002974781731577545]"
/multi_agv/formal_execution_limiter_state,1788759162.70693,1788759162.70693,formal_execution_limiter_v1:header4+3x7,"[1.0,1788759162.7062342,1.0,0.09218002811660417,0.06488587427223559,0.08274318939266036,0.06488587427223559,0.08274318939266036,0.15,0.15,0.0,0.09218002811660417,0.059940262034398006,0.09218002811660417,0.059940262034398006,0.15,0.15,0.0,0.08291933211576571,0.061063302491631395,0.08291933211576571,0.061063302491631395,0.15,0.15,0.002974781731577545]"
/multi_agv/formal_execution_limiter_state,1788759162.7169206,1788759162.7169206,formal_execution_limiter_v1:header4+3x7,"[1.0,1788759162.7162516,1.0,0.0931954839571324,0.06555992946096974,0.08377620792563946,0.06555992946096974,0.08377620792563946,0.15,0.15,0.0,0.0931954839571324,0.060713736635295806,0.0931954839571324,0.060713736635295806,0.15,0.15,0.0,0.0828058681615776,0.060957835516954294,0.0828058681615776,0.060957835516954294,0.15,0.15,0.002974781731577545]"
/multi_agv/formal_execution_limiter_state,1788759162.7268674,1788759162.7268674,formal_execution_limiter_v1:header4+3x7,"[1.0,1788759162.7261884,1.0,0.09321250410789707,0.06566863588804983,0.08404454341919693,0.06566863588804983,0.08404454341919693,0.15,0.15,0.0,0.09321250410789707,0.06077927615056235,0.09321250410789707,0.06077927615056235,0.15,0.15,0.0,0.08199680032740807,0.060486844569965566,0.08199680032740807,0.060486844569965566,0.15,0.15,0.002974781731577545]"
/multi_agv/formal_execution_limiter_state,1788759162.7369475,1788759162.7369475,formal_execution_limiter_v1:header4+3x7,"[1.0,1788759162.736269,1.0,0.08510324340925376,0.06701742944169704,0.08028565023704494,0.06701742944169704,0.08028565023704494,0.15,0.15,0.0,0.08510324340925376,0.06881653806190677,0.08510324340925376,0.06881653806190677,0.15,0.15,0.0,0.08178669644843042,0.060530349917737834,0.08178669644843042,0.060530349917737834,0.15,0.15,0.002974781731577545]"
/multi_agv/formal_execution_limiter_state,1788759162.7468321,1788759162.7468321,formal_execution_limiter_v1:header4+3x7,"[1.0,1788759162.7462497,1.0,0.08505064398429922,0.06679808605499435,0.08068619164293098,0.06679808605499435,0.08068619164293098,0.15,0.15,0.0,0.08505064398429922,0.06854714430767543,0.08505064398429922,0.06854714430767543,0.15,0.15,0.0,0.08268805943139092,0.06079965089877405,0.08268805943139092,0.06079965089877405,0.15,0.15,0.002974781731577545]"
/multi_agv/formal_execution_limiter_state,1788759162.7567966,1788759162.7567966,formal_execution_limiter_v1:header4+3x7,"[1.0,1788759162.7561677,1.0,0.0837865972027102,0.06573385477647954,0.07872672233294269,0.06573385477647954,0.07872672233294269,0.15,0.15,0.0,0.0837865972027102,0.06783090106035211,0.0837865972027102,0.06783090106035211,0.15,0.15,0.0,0.08180276501027392,0.06061754059327296,0.08180276501027392,0.06061754059327296,0.15,0.15,0.002974781731577545]"
/multi_agv/formal_execution_limiter_state,1788759162.7667625,1788759162.7667625,formal_execution_limiter_v1:header4+3x7,"[1.0,1788759162.7662232,1.0,0.08271987147579973,0.06545055321238352,0.07822035747719233,0.06545055321238352,0.07822035747719233,0.15,0.15,0.0,0.08271987147579973,0.06716935992762477,0.08271987147579973,0.06716935992762477,0.15,0.15,0.0,0.08112052529242808,0.060099552443985856,0.08112052529242808,0.060099552443985856,0.15,0.15,0.002974781731577545]"
/multi_agv/formal_execution_limiter_state,1788759162.7768433,1788759162.7768433,formal_execution_limiter_v1:header4+3x7,"[1.0,1788759162.7762275,1.0,0.0824895850017637,0.06291508792178804,0.0791530533143188,0.06291508792178804,0.0791530533143188,0.15,0.15,0.0,0.0824895850017637,0.06469473641220835,0.0824895850017637,0.06469473641220835,0.15,0.15,0.0,0.08209043112210541,0.058412229622019356,0.08209043112210541,0.058412229622019356,0.15,0.15,0.002974781731577545]"
/multi_agv/formal_execution_limiter_state,1788759162.7867506,1788759162.7867506,formal_execution_limiter_v1:header4+3x7,"[1.0,1788759162.7862272,1.0,0.08167109427432176,0.06232065051818135,0.07827676414036981,0.06232065051818135,0.07827676414036981,0.15,0.15,0.0,0.08104605631411943,0.06431150411328121,0.08104605631411943,0.06431150411328121,0.15,0.15,0.0,0.08167109427432176,0.05816158173888832,0.08167109427432176,0.05816158173888832,0.15,0.15,0.002974781731577545]"
/multi_agv/formal_execution_limiter_state,1788759162.7969382,1788759162.7969382,formal_execution_limiter_v1:header4+3x7,"[1.0,1788759162.7962594,1.0,0.08204134438589872,0.062026531553905626,0.07792001886628398,0.062026531553905626,0.07792001886628398,0.15,0.15,0.0,0.08051163023532719,0.06437672750546732,0.08051163023532719,0.06437672750546732,0.15,0.15,0.0,0.08204134438589872,0.05847787544902164,0.08204134438589872,0.05847787544902164,0.15,0.15,0.002974781731577545]"
/multi_agv/formal_execution_limiter_state,1788759162.806743,1788759162.806743,formal_execution_limiter_v1:header4+3x7,"[1.0,1788759162.8061905,1.0,0.08174861150250562,0.06170257016352768,0.07718537969686434,0.06170257016352768,0.07718537969686434,0.15,0.15,0.0,0.07950502390902342,0.06435272598983954,0.07950502390902342,0.06435272598983954,0.15,0.15,0.0,0.08174861150250562,0.05858123864880979,0.08174861150250562,0.05858123864880979,0.15,0.15,0.002974781731577545]"
/multi_agv/formal_execution_limiter_state,1788759162.8167334,1788759162.8167334,formal_execution_limiter_v1:header4+3x7,"[1.0,1788759162.8161638,1.0,0.081287513681344,0.06387011181032567,0.07929817914257478,0.06387011181032567,0.07929817914257478,0.15,0.15,0.0,0.07917946840233397,0.06628635017306758,0.07917946840233397,0.06628635017306758,0.15,0.15,0.0,0.081287513681344,0.05924850019011342,0.081287513681344,0.05924850019011342,0.15,0.15,0.002974781731577545]"
/multi_agv/formal_execution_limiter_state,1788759162.8268557,1788759162.8268557,formal_execution_limiter_v1:header4+3x7,"[1.0,1788759162.82619,1.0,0.07888715905820584,0.06364353331204425,0.0774177601758565,0.06364353331204425,0.0774177601758565,0.15,0.15,0.0,0.07888715905820584,0.06637669260150666,0.07888715905820584,0.06637669260150666,0.15,0.15,0.0,0.07382748905934078,0.06029769923073521,0.07382748905934078,0.06029769923073521,0.15,0.15,0.002974781731577545]"
/multi_agv/formal_execution_limiter_state,1788759162.8367202,1788759162.8367202,formal_execution_limiter_v1:header4+3x7,"[1.0,1788759162.8362668,1.0,0.07879822256928803,0.0638856461111022,0.07786370966390457,0.0638856461111022,0.07786370966390457,0.15,0.15,0.0,0.07879822256928803,0.06655747556046362,0.07879822256928803,0.06655747556046362,0.15,0.15,0.0,0.07248901500258259,0.05928744051958878,0.07248901500258259,0.05928744051958878,0.15,0.15,0.002974781731577545]"
/multi_agv/formal_execution_limiter_state,1788759162.846645,1788759162.846645,formal_execution_limiter_v1:header4+3x7,"[1.0,1788759162.8461466,1.0,0.07839129811681246,0.06384494514363612,0.07752719628064961,0.06384494514363612,0.07752719628064961,0.15,0.15,0.0,0.07839129811681246,0.06663170057877478,0.07839129811681246,0.06663170057877478,0.15,0.15,0.0,0.07143591610877204,0.058773194927404904,0.07143591610877204,0.058773194927404904,0.15,0.15,0.002974781731577545]"
/multi_agv/formal_execution_limiter_state,1788759162.8567572,1788759162.8567572,formal_execution_limiter_v1:header4+3x7,"[1.0,1788759162.856121,1.0,0.07933815855641642,0.06432168658460276,0.07881277494322535,0.06432168658460276,0.07881277494322535,0.15,0.15,0.0,0.07933815855641642,0.06721933552442773,0.07933815855641642,0.06721933552442773,0.15,0.15,0.0,0.07162315460845302,0.058500023748189536,0.07162315460845302,0.058500023748189536,0.15,0.15,0.002974781731577545]"
/multi_agv/formal_execution_limiter_state,1788759162.8665433,1788759162.8665433,formal_execution_limiter_v1:header4+3x7,"[1.0,1788759162.8660917,1.0,0.07865689463740691,0.06364471849506642,0.07724300715802981,0.06364471849506642,0.07724300715802981,0.15,0.15,0.0,0.07865689463740691,0.06679865290702613,0.07865689463740691,0.06679865290702613,0.15,0.15,0.0,0.06926725022566883,0.05717796642956561,0.06926725022566883,0.05717796642956561,0.15,0.15,0.002974781731577545]"
/multi_agv/formal_execution_limiter_state,1788759162.8768945,1788759162.8768945,formal_execution_limiter_v1:header4+3x7,"[1.0,1788759162.8761606,1.0,0.07883311249062198,0.07021048557734445,0.07883311249062198,0.07021048557734445,0.07883311249062198,0.15,0.15,0.0,0.07825862368564056,0.06378380112062136,0.07825862368564056,0.06378380112062136,0.15,0.15,0.0,0.07197192098847552,0.05721661131418831,0.07197192098847552,0.05721661131418831,0.15,0.15,0.002974781731577545]"
/multi_agv/formal_execution_limiter_state,1788759162.8867972,1788759162.8867972,formal_execution_limiter_v1:header4+3x7,"[1.0,1788759162.886144,1.0,0.08052512902034131,0.07183248132507228,0.08052512902034131,0.07183248132507228,0.08052512902034131,0.15,0.15,0.0,0.07767651103271038,0.06309058269797686,0.07767651103271038,0.06309058269797686,0.15,0.15,0.0,0.07252936250632479,0.05815555557408757,0.07252936250632479,0.05815555557408757,0.15,0.15,0.002974781731577545]"
/multi_agv/formal_execution_limiter_state,1788759162.8967843,1788759162.8967843,formal_execution_limiter_v1:header4+3x7,"[1.0,1788759162.8961587,1.0,0.08210041044035568,0.0730553356587813,0.08210041044035568,0.0730553356587813,0.08210041044035568,0.15,0.15,0.0,0.07748894204878563,0.06286899142122764,0.07748894204878563,0.06286899142122764,0.15,0.15,0.0,0.07369081466085807,0.05924960025539245,0.07369081466085807,0.05924960025539245,0.15,0.15,0.002974781731577545]"
/multi_agv/formal_execution_limiter_state,1788759162.9066703,1788759162.9066703,formal_execution_limiter_v1:header4+3x7,"[1.0,1788759162.9061615,1.0,0.08011215460729747,0.07406817716647128,0.08011215460729747,0.07406817716647128,0.08011215460729747,0.15,0.15,0.0,0.0753161247373572,0.06500724329117256,0.0753161247373572,0.06500724329117256,0.15,0.15,0.0,0.07445435942950963,0.057675112412728456,0.07445435942950963,0.057675112412728456,0.15,0.15,0.002974781731577545]"
/multi_agv/formal_execution_limiter_state,1788759162.9168725,1788759162.9168725,formal_execution_limiter_v1:header4+3x7,"[1.0,1788759162.91627,1.0,0.08054776791426833,0.07424817608245883,0.08054776791426833,0.07424817608245883,0.08054776791426833,0.15,0.15,0.0,0.07526543537968675,0.06484143921309718,0.07526543537968675,0.06484143921309718,0.15,0.15,0.0,0.07484666950792501,0.05792266315639996,0.07484666950792501,0.05792266315639996,0.15,0.15,0.002974781731577545]"
/multi_agv/formal_execution_limiter_state,1788759162.9269211,1788759162.9269211,formal_execution_limiter_v1:header4+3x7,"[1.0,1788759162.9262466,1.0,0.08205742701796946,0.07489329690307465,0.08205742701796946,0.07489329690307465,0.08205742701796946,0.15,0.15,0.0,0.07596859514061637,0.06522749769095072,0.07596859514061637,0.06522749769095072,0.15,0.15,0.0,0.07624273259189637,0.0586174544885922,0.07624273259189637,0.0586174544885922,0.15,0.15,0.002974781731577545]"
/multi_agv/formal_execution_limiter_state,1788759162.9372177,1788759162.9372177,formal_execution_limiter_v1:header4+3x7,"[1.0,1788759162.9362733,1.0,0.08521122865315954,0.07450121845685423,0.08155631452054948,0.07450121845685423,0.08155631452054948,0.15,0.15,0.0,0.07451057491632729,0.0647111034574914,0.07451057491632729,0.0647111034574914,0.15,0.15,0.0,0.08521122865315954,0.05667296644395718,0.08521122865315954,0.05667296644395718,0.15,0.15,0.002974781731577545]"
/multi_agv/formal_execution_limiter_state,1788759162.94673,1788759162.94673,formal_execution_limiter_v1:header4+3x7,"[1.0,1788759162.9461467,1.0,0.08816220189497483,0.07041400413487162,0.08644738348499031,0.07041400413487162,0.08644738348499031,0.15,0.15,0.0,0.07546342613517275,0.06415305681891455,0.07546342613517275,0.06415305681891455,0.15,0.15,0.0,0.08816220189497483,0.058809511859193794,0.08816220189497483,0.058809511859193794,0.15,0.15,0.002974781731577545]"
/multi_agv/formal_execution_limiter_state,1788759162.956687,1788759162.956687,formal_execution_limiter_v1:header4+3x7,"[1.0,1788759162.9561582,1.0,0.09074593434966484,0.0703322208784767,0.08675066122517767,0.0703322208784767,0.08675066122517767,0.15,0.15,0.0,0.07571022844161812,0.06440261789451951,0.07571022844161812,0.06440261789451951,0.15,0.15,0.0,0.09074593434966484,0.060778868739797806,0.09074593434966484,0.060778868739797806,0.15,0.15,0.002974781731577545]"
/multi_agv/formal_execution_limiter_state,1788759162.96675,1788759162.96675,formal_execution_limiter_v1:header4+3x7,"[1.0,1788759162.9661293,1.0,0.09220711228180037,0.06998133870856756,0.08643582508225937,0.06998133870856756,0.08643582508225937,0.15,0.15,0.0,0.07558317294731694,0.06436762277661155,0.07558317294731694,0.06436762277661155,0.15,0.15,0.0,0.09220711228180037,0.06200252150853891,0.09220711228180037,0.06200252150853891,0.15,0.15,0.002974781731577545]"
/multi_agv/formal_execution_limiter_state,1788759162.9766543,1788759162.9766543,formal_execution_limiter_v1:header4+3x7,"[1.0,1788759162.976159,1.0,0.09402088833489866,0.07044767634665018,0.08529160654869027,0.07044767634665018,0.08529160654869027,0.15,0.15,0.0,0.07358130131801184,0.06481447733386787,0.07358130131801184,0.06481447733386787,0.15,0.15,0.0,0.09402088833489866,0.06341084171319991,0.09402088833489866,0.06341084171319991,0.15,0.15,0.002974781731577545]"
/multi_agv/formal_execution_limiter_state,1788759162.9868052,1788759162.9868052,formal_execution_limiter_v1:header4+3x7,"[1.0,1788759162.986203,1.0,0.09538903891774944,0.0699975694862741,0.08511616667025641,0.0699975694862741,0.08511616667025641,0.15,0.15,0.0,0.07266847802420948,0.06446474335036331,0.07266847802420948,0.06446474335036331,0.15,0.15,0.0,0.09538903891774944,0.06461951688823214,0.09538903891774944,0.06461951688823214,0.15,0.15,0.002974781731577545]"
/multi_agv/formal_execution_limiter_state,1788759162.9968514,1788759162.9968514,formal_execution_limiter_v1:header4+3x7,"[1.0,1788759162.9962225,1.0,0.09702045649742393,0.06932703956467932,0.0848779891767585,0.06932703956467932,0.0848779891767585,0.15,0.15,0.0,0.07229849469745382,0.06429526088117672,0.07229849469745382,0.06429526088117672,0.15,0.15,0.0,0.09702045649742393,0.06578122255248504,0.09702045649742393,0.06578122255248504,0.15,0.15,0.002974781731577545]"
/multi_agv/formal_execution_limiter_state,1788759163.006794,1788759163.006794,formal_execution_limiter_v1:header4+3x7,"[1.0,1788759163.0061495,1.0,0.08659213505970077,0.06614696490782437,0.08213118306305595,0.06614696490782437,0.08213118306305595,0.15,0.15,0.0,0.07137154299699242,0.060342186262090425,0.07137154299699242,0.060342186262090425,0.15,0.15,0.0,0.08659213505970077,0.069718330839964,0.08659213505970077,0.069718330839964,0.15,0.15,0.002974781731577545]"
/multi_agv/formal_execution_limiter_state,1788759163.0166802,1788759163.0166802,formal_execution_limiter_v1:header4+3x7,"[1.0,1788759163.0160918,1.0,0.08660051080440823,0.06560392516851003,0.08219304506767715,0.06560392516851003,0.08219304506767715,0.15,0.15,0.0,0.07146895405620957,0.0602181741227616,0.07146895405620957,0.0602181741227616,0.15,0.15,0.0,0.08660051080440823,0.06933463194644804,0.08660051080440823,0.06933463194644804,0.15,0.15,0.002974781731577545]"
/multi_agv/formal_execution_limiter_state,1788759163.0269039,1788759163.0269039,formal_execution_limiter_v1:header4+3x7,"[1.0,1788759163.0262365,1.0,0.0854974001773476,0.06360796063366536,0.08201765471824976,0.06360796063366536,0.08201765471824976,0.15,0.15,0.0,0.07054590372091157,0.05968846493234173,0.07054590372091157,0.05968846493234173,0.15,0.15,0.0,0.0854974001773476,0.06661922719832368,0.0854974001773476,0.06661922719832368,0.15,0.15,0.002974781731577545]"
/multi_agv/formal_execution_limiter_state,1788759163.0366006,1788759163.0366006,formal_execution_limiter_v1:header4+3x7,"[1.0,1788759163.036091,1.0,0.08461017958354183,0.06302661737590357,0.08181088734308059,0.06302661737590357,0.08181088734308059,0.15,0.15,0.0,0.07003879792094093,0.059343680071708184,0.07003879792094093,0.059343680071708184,0.15,0.15,0.0,0.08461017958354183,0.06611154057416063,0.08461017958354183,0.06611154057416063,0.15,0.15,0.002974781731577545]"
/multi_agv/formal_execution_limiter_state,1788759163.0468564,1788759163.0468564,formal_execution_limiter_v1:header4+3x7,"[1.0,1788759163.0461817,1.0,0.0830427335588158,0.06189640650543731,0.08095604975579618,0.06189640650543731,0.08095604975579618,0.15,0.15,0.0,0.06956329462671126,0.059037686516355714,0.06956329462671126,0.059037686516355714,0.15,0.15,0.0,0.0830427335588158,0.0653482566551902,0.0830427335588158,0.0653482566551902,0.15,0.15,0.002974781731577545]"
/multi_agv/formal_execution_limiter_state,1788759163.0566502,1788759163.0566502,formal_execution_limiter_v1:header4+3x7,"[1.0,1788759163.0560923,1.0,0.08179553041636693,0.061001590658580004,0.08040791744588403,0.061001590658580004,0.08040791744588403,0.15,0.15,0.0,0.06942872234881078,0.058854854207631195,0.06942872234881078,0.058854854207631195,0.15,0.15,0.0,0.08179553041636693,0.06456493101626466,0.08179553041636693,0.06456493101626466,0.15,0.15,0.002974781731577545]"
/multi_agv/formal_execution_limiter_state,1788759163.066842,1788759163.066842,formal_execution_limiter_v1:header4+3x7,"[1.0,1788759163.0662265,1.0,0.08009578750760551,0.06289713683970544,0.08009578750760551,0.06289713683970544,0.08009578750760551,0.15,0.15,0.0,0.06801246442826174,0.05523456464468402,0.06801246442826174,0.05523456464468402,0.15,0.15,0.0,0.07961229029473167,0.06625459670697674,0.07961229029473167,0.06625459670697674,0.15,0.15,0.002974781731577545]"
/multi_agv/formal_execution_limiter_state,1788759163.0766702,1788759163.0766702,formal_execution_limiter_v1:header4+3x7,"[1.0,1788759163.0760903,1.0,0.08199885029736174,0.06381621179416487,0.08199885029736174,0.06381621179416487,0.08199885029736174,0.15,0.15,0.0,0.06825782616679317,0.055240031059844895,0.06825782616679317,0.055240031059844895,0.15,0.15,0.0,0.08084572932881326,0.066871835069549,0.08084572932881326,0.066871835069549,0.15,0.15,0.002974781731577545]"
/multi_agv/formal_execution_limiter_state,1788759163.0866246,1788759163.0866246,formal_execution_limiter_v1:header4+3x7,"[1.0,1788759163.0860918,1.0,0.08257954016994237,0.06414016489829635,0.08257954016994237,0.06414016489829635,0.08257954016994237,0.15,0.15,0.0,0.06781222978476804,0.054930103404899115,0.06781222978476804,0.054930103404899115,0.15,0.15,0.0,0.08071767863474481,0.06730538324333378,0.08071767863474481,0.06730538324333378,0.15,0.15,0.002974781731577545]"
/multi_agv/formal_execution_limiter_state,1788759163.0967484,1788759163.0967484,formal_execution_limiter_v1:header4+3x7,"[1.0,1788759163.096143,1.0,0.08358327468831075,0.0646272080698222,0.08358327468831075,0.0646272080698222,0.08358327468831075,0.15,0.15,0.0,0.06784679132009716,0.05488178387401756,0.06784679132009716,0.05488178387401756,0.15,0.15,0.0,0.08081337365467134,0.06750332352783475,0.08081337365467134,0.06750332352783475,0.15,0.15,0.002974781731577545]"
/multi_agv/formal_execution_limiter_state,1788759163.1065533,1788759163.1065533,formal_execution_limiter_v1:header4+3x7,"[1.0,1788759163.1060915,1.0,0.08198194715217007,0.06467043449323799,0.08198194715217007,0.06467043449323799,0.08198194715217007,0.15,0.15,0.0,0.06565363981401,0.05789176422768509,0.06565363981401,0.05789176422768509,0.15,0.15,0.0,0.07905076321332527,0.06517637958165709,0.07905076321332527,0.06517637958165709,0.15,0.15,0.002974781731577545]"
/multi_agv/formal_execution_limiter_state,1788759163.1167076,1788759163.1167076,formal_execution_limiter_v1:header4+3x7,"[1.0,1788759163.1160915,1.0,0.0834462483716005,0.06522167747308205,0.0834462483716005,0.06522167747308205,0.0834462483716005,0.15,0.15,0.0,0.06671167610303938,0.058597076493246573,0.06671167610303938,0.058597076493246573,0.15,0.15,0.0,0.07975340880587171,0.06536645751766419,0.07975340880587171,0.06536645751766419,0.15,0.15,0.002974781731577545]"
/multi_agv/formal_execution_limiter_state,1788759163.1266572,1788759163.1266572,formal_execution_limiter_v1:header4+3x7,"[1.0,1788759163.1261232,1.0,0.08335023843834784,0.06510740218376275,0.08335023843834784,0.06510740218376275,0.08335023843834784,0.15,0.15,0.0,0.06690227814784505,0.05908853369014164,0.06690227814784505,0.05908853369014164,0.15,0.15,0.0,0.07834334381447282,0.06328886217155823,0.07834334381447282,0.06328886217155823,0.15,0.15,0.002974781731577545]"
/multi_agv/formal_execution_limiter_state,1788759163.1367636,1788759163.1367636,formal_execution_limiter_v1:header4+3x7,"[1.0,1788759163.136121,1.0,0.08409632005560067,0.06602342411568668,0.08409632005560067,0.06602342411568668,0.08409632005560067,0.15,0.15,0.0,0.06755488856866054,0.05965034887695786,0.06755488856866054,0.05965034887695786,0.15,0.15,0.0,0.07788021592246817,0.06294702093758751,0.07788021592246817,0.06294702093758751,0.15,0.15,0.002974781731577545]"
/multi_agv/formal_execution_limiter_state,1788759163.1466491,1788759163.1466491,formal_execution_limiter_v1:header4+3x7,"[1.0,1788759163.146089,1.0,0.08345368459179596,0.06571961912111769,0.08345368459179596,0.06571961912111769,0.08345368459179596,0.15,0.15,0.0,0.06732475651137142,0.05961267470311295,0.06732475651137142,0.05961267470311295,0.15,0.15,0.0,0.0758195594030751,0.06152960250654354,0.0758195594030751,0.06152960250654354,0.15,0.15,0.002974781731577545]"
/multi_agv/formal_execution_limiter_state,1788759163.1566985,1788759163.1566985,formal_execution_limiter_v1:header4+3x7,"[1.0,1788759163.1561248,1.0,0.08504572215256861,0.06635990274558937,0.08504572215256861,0.06635990274558937,0.08504572215256861,0.15,0.15,0.0,0.06866239902913257,0.06056175459927448,0.06866239902913257,0.06056175459927448,0.15,0.15,0.0,0.07627732165606295,0.061522993961167685,0.07627732165606295,0.061522993961167685,0.15,0.15,0.002974781731577545]"
/multi_agv/formal_execution_limiter_state,1788759163.1668124,1788759163.1668124,formal_execution_limiter_v1:header4+3x7,"[1.0,1788759163.1661906,1.0,0.08743899025397664,0.06507096651105207,0.08535426431051985,0.06507096651105207,0.08535426431051985,0.15,0.15,0.0,0.06929962029607091,0.05819691268900084,0.06929962029607091,0.05819691268900084,0.15,0.15,0.0,0.08743899025397664,0.05673523979299744,0.08743899025397664,0.05673523979299744,0.15,0.15,0.002974781731577545]"
/multi_agv/formal_execution_limiter_state,1788759163.17663,1788759163.17663,formal_execution_limiter_v1:header4+3x7,"[1.0,1788759163.1760898,1.0,0.08979597085097256,0.06475340806653838,0.08538520101762752,0.06475340806653838,0.08538520101762752,0.15,0.15,0.0,0.0697058755903606,0.05853921763405973,0.0697058755903606,0.05853921763405973,0.15,0.15,0.0,0.08979597085097256,0.05843610148598917,0.08979597085097256,0.05843610148598917,0.15,0.15,0.002974781731577545]"
/multi_agv/formal_execution_limiter_state,1788759163.1866727,1788759163.1866727,formal_execution_limiter_v1:header4+3x7,"[1.0,1788759163.1860914,1.0,0.09156641926245943,0.06437898340831927,0.0853183079821897,0.06437898340831927,0.0853183079821897,0.15,0.15,0.0,0.07005161760762134,0.05872781341205806,0.07005161760762134,0.05872781341205806,0.15,0.15,0.0,0.09156641926245943,0.05965733942194676,0.09156641926245943,0.05965733942194676,0.15,0.15,0.002974781731577545]"
/multi_agv/formal_execution_limiter_state,1788759163.1966588,1788759163.1966588,formal_execution_limiter_v1:header4+3x7,"[1.0,1788759163.1961436,1.0,0.09307911081376166,0.06445362248918485,0.0856796022377741,0.06445362248918485,0.0856796022377741,0.15,0.15,0.0,0.06930225247284066,0.06134815647512942,0.06930225247284066,0.06134815647512942,0.15,0.15,0.0,0.09307911081376166,0.06041943894607241,0.09307911081376166,0.06041943894607241,0.15,0.15,0.002974781731577545]"
/multi_agv/formal_execution_limiter_state,1788759163.2066972,1788759163.2066972,formal_execution_limiter_v1:header4+3x7,"[1.0,1788759163.2062256,1.0,0.08651836970471294,0.0654623540155228,0.08651836970471294,0.0654623540155228,0.08651836970471294,0.15,0.15,0.0,0.06963947112084884,0.06107745464964096,0.06963947112084884,0.06107745464964096,0.15,0.15,0.0,0.08332318444218126,0.06770700803782409,0.08332318444218126,0.06770700803782409,0.15,0.15,0.002974781731577545]"
/multi_agv/formal_execution_limiter_state,1788759163.2166378,1788759163.2166378,formal_execution_limiter_v1:header4+3x7,"[1.0,1788759163.2161105,1.0,0.0866734991213308,0.06518947688069807,0.0866734991213308,0.06518947688069807,0.0866734991213308,0.15,0.15,0.0,0.07007090079939902,0.06150254700930981,0.07007090079939902,0.06150254700930981,0.15,0.15,0.0,0.08348116231177048,0.06779224240565922,0.08348116231177048,0.06779224240565922,0.15,0.15,0.002974781731577545]"
/multi_agv/formal_execution_limiter_state,1788759163.2266977,1788759163.2266977,formal_execution_limiter_v1:header4+3x7,"[1.0,1788759163.2261493,1.0,0.08636955977248068,0.06456762544850769,0.08636955977248068,0.06456762544850769,0.08636955977248068,0.15,0.15,0.0,0.06883034475377002,0.06144984642376684,0.06883034475377002,0.06144984642376684,0.15,0.15,0.0,0.08594927776439233,0.06549398607119035,0.08594927776439233,0.06549398607119035,0.15,0.15,0.002974781731577545]"
/multi_agv/formal_execution_limiter_state,1788759163.2367475,1788759163.2367475,formal_execution_limiter_v1:header4+3x7,"[1.0,1788759163.236137,1.0,0.08731541033792314,0.06524786351601458,0.08731541033792314,0.06524786351601458,0.08731541033792314,0.15,0.15,0.0,0.06894168274226134,0.061528225976617355,0.06894168274226134,0.061528225976617355,0.15,0.15,0.0,0.08577582157090985,0.06533216471131573,0.08577582157090985,0.06533216471131573,0.15,0.15,0.002974781731577545]"
/multi_agv/formal_execution_limiter_state,1788759163.246905,1788759163.246905,formal_execution_limiter_v1:header4+3x7,"[1.0,1788759163.2462099,1.0,0.08775857630942023,0.06554239804648072,0.08775857630942023,0.06554239804648072,0.08775857630942023,0.15,0.15,0.0,0.06851692706961025,0.06145999325943064,0.06851692706961025,0.06145999325943064,0.15,0.15,0.0,0.08481566320231959,0.06498099074461311,0.08481566320231959,0.06498099074461311,0.15,0.15,0.002974781731577545]"
/multi_agv/formal_execution_limiter_state,1788759163.256829,1788759163.256829,formal_execution_limiter_v1:header4+3x7,"[1.0,1788759163.2561402,1.0,0.088377581537298,0.06576326412208844,0.088377581537298,0.06576326412208844,0.088377581537298,0.15,0.15,0.0,0.06848345499013281,0.0616125899792301,0.06848345499013281,0.0616125899792301,0.15,0.15,0.0,0.08455301410115754,0.06510889236407438,0.08455301410115754,0.06510889236407438,0.15,0.15,0.002974781731577545]"
/multi_agv/formal_execution_limiter_state,1788759163.2670262,1788759163.2670262,formal_execution_limiter_v1:header4+3x7,"[1.0,1788759163.2661803,1.0,0.08658343516436218,0.06432685891122938,0.08658343516436218,0.06432685891122938,0.08658343516436218,0.15,0.15,0.0,0.06978984217012879,0.06055641008193602,0.06978984217012879,0.06055641008193602,0.15,0.15,0.0,0.0810101551179064,0.06838149840602646,0.0810101551179064,0.06838149840602646,0.15,0.15,0.002974781731577545]"
/multi_agv/formal_execution_limiter_state,1788759163.2772071,1788759163.2772071,formal_execution_limiter_v1:header4+3x7,"[1.0,1788759163.2762198,1.0,0.08604230613107317,0.0637230758539552,0.08604230613107317,0.0637230758539552,0.08604230613107317,0.15,0.15,0.0,0.07011800301736912,0.06088326153538187,0.07011800301736912,0.06088326153538187,0.15,0.15,0.0,0.0807269453582408,0.06860256188235807,0.0807269453582408,0.06860256188235807,0.15,0.15,0.002974781731577545]"
/multi_agv/formal_execution_limiter_state,1788759163.2870297,1788759163.2870297,formal_execution_limiter_v1:header4+3x7,"[1.0,1788759163.2861495,1.0,0.08517759403788333,0.06323678150757783,0.08517759403788333,0.06323678150757783,0.08517759403788333,0.15,0.15,0.0,0.0699216779742161,0.060938385527307445,0.0699216779742161,0.060938385527307445,0.15,0.15,0.0,0.07968048056973356,0.0682442348426257,0.07968048056973356,0.0682442348426257,0.15,0.15,0.002974781731577545]"
/multi_agv/formal_execution_limiter_state,1788759163.2968407,1788759163.2968407,formal_execution_limiter_v1:header4+3x7,"[1.0,1788759163.2960873,1.0,0.08504339632887313,0.0629462848599172,0.08504339632887313,0.0629462848599172,0.08504339632887313,0.15,0.15,0.0,0.06937954432588374,0.059918921819410983,0.06937954432588374,0.059918921819410983,0.15,0.15,0.0,0.07926879579268975,0.06799962123404324,0.07926879579268975,0.06799962123404324,0.15,0.15,0.002974781731577545]"
/multi_agv/formal_execution_limiter_state,1788759163.3068845,1788759163.3068845,formal_execution_limiter_v1:header4+3x7,"[1.0,1788759163.3061132,1.0,0.08292846556081929,0.062237153566424196,0.08292846556081929,0.062237153566424196,0.08292846556081929,0.15,0.15,0.0,0.06863008732127573,0.059757952899893274,0.06863008732127573,0.059757952899893274,0.15,0.15,0.0,0.07794859162726431,0.06687358126352896,0.07794859162726431,0.06687358126352896,0.15,0.15,0.002974781731577545]"
/multi_agv/formal_execution_limiter_state,1788759163.31692,1788759163.31692,formal_execution_limiter_v1:header4+3x7,"[1.0,1788759163.3161333,1.0,0.08372457569020081,0.06221769958895255,0.08372457569020081,0.06221769958895255,0.08372457569020081,0.15,0.15,0.0,0.06945979216885917,0.0602853036819932,0.06945979216885917,0.0602853036819932,0.15,0.15,0.0,0.07881051725820921,0.06724128320349786,0.07881051725820921,0.06724128320349786,0.15,0.15,0.002974781731577545]"
/multi_agv/formal_execution_limiter_state,1788759163.3268628,1788759163.3268628,formal_execution_limiter_v1:header4+3x7,"[1.0,1788759163.3261027,1.0,0.0828625681630859,0.061555374444549366,0.0828625681630859,0.061555374444549366,0.0828625681630859,0.15,0.15,0.0,0.069051564460649,0.05997086715472541,0.069051564460649,0.05997086715472541,0.15,0.15,0.0,0.07824552261755953,0.0674110478435843,0.07824552261755953,0.0674110478435843,0.15,0.15,0.002974781731577545]"
/multi_agv/formal_execution_limiter_state,1788759163.3367486,1788759163.3367486,formal_execution_limiter_v1:header4+3x7,"[1.0,1788759163.3360858,1.0,0.0828952200500512,0.061667483321018714,0.0828952200500512,0.061667483321018714,0.0828952200500512,0.15,0.15,0.0,0.06934779855391368,0.06244233023722892,0.06934779855391368,0.06244233023722892,0.15,0.15,0.0,0.07885813233532502,0.06747729466078778,0.07885813233532502,0.06747729466078778,0.15,0.15,0.002974781731577545]"
/multi_agv/formal_execution_limiter_state,1788759163.3467875,1788759163.3467875,formal_execution_limiter_v1:header4+3x7,"[1.0,1788759163.3461263,1.0,0.08243803361750476,0.061213339435185615,0.08243803361750476,0.061213339435185615,0.08243803361750476,0.15,0.15,0.0,0.07009828797797618,0.06314969412064772,0.07009828797797618,0.06314969412064772,0.15,0.15,0.0,0.0784791913044077,0.06763075293746998,0.0784791913044077,0.06763075293746998,0.15,0.15,0.002974781731577545]"
/multi_agv/formal_execution_limiter_state,1788759163.356876,1788759163.356876,formal_execution_limiter_v1:header4+3x7,"[1.0,1788759163.3561373,1.0,0.08261190351849472,0.06099496240753498,0.08261190351849472,0.06099496240753498,0.08261190351849472,0.15,0.15,0.0,0.07107088813864527,0.06393746019833733,0.07107088813864527,0.06393746019833733,0.15,0.15,0.0,0.07903664805217674,0.06809884587924504,0.07903664805217674,0.06809884587924504,0.15,0.15,0.002974781731577545]"
/multi_agv/formal_execution_limiter_state,1788759163.3668065,1788759163.3668065,formal_execution_limiter_v1:header4+3x7,"[1.0,1788759163.366104,1.0,0.08280814065274263,0.06098838809297481,0.08280814065274263,0.06098838809297481,0.08280814065274263,0.15,0.15,0.0,0.06913959096730851,0.06237050585263418,0.06913959096730851,0.06237050585263418,0.15,0.15,0.0,0.07865453219054577,0.06555707225729335,0.07865453219054577,0.06555707225729335,0.15,0.15,0.002974781731577545]"
/multi_agv/formal_execution_limiter_state,1788759163.3769546,1788759163.3769546,formal_execution_limiter_v1:header4+3x7,"[1.0,1788759163.3762543,1.0,0.08245432466130401,0.06116812858746462,0.08245432466130401,0.06116812858746462,0.08245432466130401,0.15,0.15,0.0,0.06875861943820936,0.06215504361586429,0.06875861943820936,0.06215504361586429,0.15,0.15,0.0,0.07867342989231421,0.06546950913217386,0.07867342989231421,0.06546950913217386,0.15,0.15,0.002974781731577545]"
/multi_agv/formal_execution_limiter_state,1788759163.3869004,1788759163.3869004,formal_execution_limiter_v1:header4+3x7,"[1.0,1788759163.3861089,1.0,0.08158345913869164,0.06050699029824927,0.08158345913869164,0.06050699029824927,0.08158345913869164,0.15,0.15,0.0,0.06843673279497649,0.06216517411691013,0.06843673279497649,0.06216517411691013,0.15,0.15,0.0,0.07830973101209503,0.06486614285677612,0.07830973101209503,0.06486614285677612,0.15,0.15,0.002974781731577545]"
/multi_agv/formal_execution_limiter_state,1788759163.3968263,1788759163.3968263,formal_execution_limiter_v1:header4+3x7,"[1.0,1788759163.3961508,1.0,0.0795817854982241,0.05958236022736549,0.07590074592962043,0.05958236022736549,0.07590074592962043,0.15,0.15,0.0,0.07032022774344537,0.06198656451991452,0.07032022774344537,0.06198656451991452,0.15,0.15,0.0,0.0795817854982241,0.06552901114780281,0.0795817854982241,0.06552901114780281,0.15,0.15,0.002974781731577545]"
/multi_agv/formal_execution_limiter_state,1788759163.4067273,1788759163.4067273,formal_execution_limiter_v1:header4+3x7,"[1.0,1788759163.406157,1.0,0.07985872446970407,0.05814280491924771,0.07426620885288963,0.05814280491924771,0.07426620885288963,0.15,0.15,0.0,0.0702321426047904,0.06200872235979153,0.0702321426047904,0.06200872235979153,0.15,0.15,0.0,0.07985872446970407,0.06557055185281119,0.07985872446970407,0.06557055185281119,0.15,0.15,0.002974781731577545]"
/multi_agv/formal_execution_limiter_state,1788759163.4167545,1788759163.4167545,formal_execution_limiter_v1:header4+3x7,"[1.0,1788759163.4161675,1.0,0.08068206933232357,0.05726347351596848,0.07359476350926236,0.05726347351596848,0.07359476350926236,0.15,0.15,0.0,0.07020324491563,0.06200143568578377,0.07020324491563,0.06200143568578377,0.15,0.15,0.0,0.08068206933232357,0.06610493117700143,0.08068206933232357,0.06610493117700143,0.15,0.15,0.002974781731577545]"
/multi_agv/formal_execution_limiter_state,1788759163.4266279,1788759163.4266279,formal_execution_limiter_v1:header4+3x7,"[1.0,1788759163.42613,1.0,0.0826538061106053,0.05217172831676348,0.07418175386630127,0.05217172831676348,0.07418175386630127,0.15,0.15,0.0,0.07122138736701827,0.061165291282386014,0.07122138736701827,0.061165291282386014,0.15,0.15,0.0,0.0826538061106053,0.061075576200293684,0.0826538061106053,0.061075576200293684,0.15,0.15,0.002974781731577545]"
/multi_agv/formal_execution_limiter_state,1788759163.436784,1788759163.436784,formal_execution_limiter_v1:header4+3x7,"[1.0,1788759163.4361506,1.0,0.0826528216884648,0.05072478085835751,0.07291546254867419,0.05072478085835751,0.07291546254867419,0.15,0.15,0.0,0.07185699187705079,0.0618901377988206,0.07185699187705079,0.0618901377988206,0.15,0.15,0.0,0.0826528216884648,0.060821592662953956,0.0826528216884648,0.060821592662953956,0.15,0.15,0.002974781731577545]"
/multi_agv/formal_execution_limiter_state,1788759163.4467773,1788759163.4467773,formal_execution_limiter_v1:header4+3x7,"[1.0,1788759163.4461231,1.0,0.0814956570370643,0.04956898686955945,0.07108746780313988,0.04956898686955945,0.07108746780313988,0.15,0.15,0.0,0.0709366852674914,0.06159658280244075,0.0709366852674914,0.06159658280244075,0.15,0.15,0.0,0.0814956570370643,0.06025713933073409,0.0814956570370643,0.06025713933073409,0.15,0.15,0.002974781731577545]"
/multi_agv/formal_execution_limiter_state,1788759163.4566746,1788759163.4566746,formal_execution_limiter_v1:header4+3x7,"[1.0,1788759163.4560876,1.0,0.08258724206893789,0.04924305468139149,0.07150831829379567,0.04924305468139149,0.07150831829379567,0.15,0.15,0.0,0.07194118120418995,0.062290004833590255,0.07194118120418995,0.062290004833590255,0.15,0.15,0.0,0.08258724206893789,0.060847908795255645,0.08258724206893789,0.060847908795255645,0.15,0.15,0.002974781731577545]"
/multi_agv/formal_execution_limiter_state,1788759163.46672,1788759163.46672,formal_execution_limiter_v1:header4+3x7,"[1.0,1788759163.466113,1.0,0.07822858798301867,0.049936603178799464,0.07399383430258773,0.049936603178799464,0.07399383430258773,0.15,0.15,0.0,0.07066672028520404,0.058776643320871076,0.07066672028520404,0.058776643320871076,0.15,0.15,0.0,0.07822858798301867,0.06281492956967903,0.07822858798301867,0.06281492956967903,0.15,0.15,0.002974781731577545]"
/multi_agv/formal_execution_limiter_state,1788759163.476711,1788759163.476711,formal_execution_limiter_v1:header4+3x7,"[1.0,1788759163.4761434,1.0,0.07903352245932474,0.051154677178865404,0.07642182573234779,0.051154677178865404,0.07642182573234779,0.15,0.15,0.0,0.07107054157174288,0.058946269000984666,0.07107054157174288,0.058946269000984666,0.15,0.15,0.0,0.07903352245932474,0.06317010277353019,0.07903352245932474,0.06317010277353019,0.15,0.15,0.002974781731577545]"
/multi_agv/formal_execution_limiter_state,1788759163.4869313,1788759163.4869313,formal_execution_limiter_v1:header4+3x7,"[1.0,1788759163.4861226,1.0,0.07763865794141118,0.05099660874447105,0.07597415150402285,0.05099660874447105,0.07597415150402285,0.15,0.15,0.0,0.0698062809141257,0.05850447960236095,0.0698062809141257,0.05850447960236095,0.15,0.15,0.0,0.07763865794141118,0.06263205834696921,0.07763865794141118,0.06263205834696921,0.15,0.15,0.002974781731577545]"
/multi_agv/formal_execution_limiter_state,1788759163.4970675,1788759163.4970675,formal_execution_limiter_v1:header4+3x7,"[1.0,1788759163.496232,1.0,0.07867039653243416,0.051858996439826166,0.07795683628915134,0.051858996439826166,0.07795683628915134,0.15,0.15,0.0,0.07039829750866322,0.05883831005406995,0.07039829750866322,0.05883831005406995,0.15,0.15,0.0,0.07867039653243416,0.06318261602616423,0.07867039653243416,0.06318261602616423,0.15,0.15,0.002974781731577545]"
/multi_agv/formal_execution_limiter_state,1788759163.5068622,1788759163.5068622,formal_execution_limiter_v1:header4+3x7,"[1.0,1788759163.5061235,1.0,0.07848753747261225,0.052129661849383224,0.07848753747261225,0.052129661849383224,0.07848753747261225,0.15,0.15,0.0,0.06789592141993428,0.06159625318587508,0.06789592141993428,0.06159625318587508,0.15,0.15,0.0,0.07829372929638653,0.06600692087971752,0.07829372929638653,0.06600692087971752,0.15,0.15,0.002974781731577545]"
/multi_agv/formal_execution_limiter_state,1788759163.5167906,1788759163.5167906,formal_execution_limiter_v1:header4+3x7,"[1.0,1788759163.5160983,1.0,0.0807444684021552,0.05320600639265695,0.0807444684021552,0.05320600639265695,0.0807444684021552,0.15,0.15,0.0,0.06879285643886629,0.06220356475030145,0.06879285643886629,0.06220356475030145,0.15,0.15,0.0,0.08032855585632573,0.0674270915574095,0.08032855585632573,0.0674270915574095,0.15,0.15,0.002974781731577545]"
/multi_agv/formal_execution_limiter_state,1788759163.5267282,1788759163.5267282,formal_execution_limiter_v1:header4+3x7,"[1.0,1788759163.5260923,1.0,0.08197999918323742,0.053709662236955245,0.08197999918323742,0.053709662236955245,0.08197999918323742,0.15,0.15,0.0,0.06897442607284174,0.06261074513653378,0.06897442607284174,0.06261074513653378,0.15,0.15,0.0,0.07974585676002954,0.06554664045589284,0.07974585676002954,0.06554664045589284,0.15,0.15,0.002974781731577545]"
/multi_agv/formal_execution_limiter_state,1788759163.5368836,1788759163.5368836,formal_execution_limiter_v1:header4+3x7,"[1.0,1788759163.5360935,1.0,0.08186751372106818,0.05660116788631398,0.08186751372106818,0.05660116788631398,0.08186751372106818,0.15,0.15,0.0,0.06939155582520343,0.06330147955818397,0.06939155582520343,0.06330147955818397,0.15,0.15,0.0,0.0798965345000672,0.06612863490103693,0.0798965345000672,0.06612863490103693,0.15,0.15,0.002974781731577545]"
/multi_agv/formal_execution_limiter_state,1788759163.5468845,1788759163.5468845,formal_execution_limiter_v1:header4+3x7,"[1.0,1788759163.546095,1.0,0.08269659700638804,0.0572125511601374,0.08269659700638804,0.0572125511601374,0.08269659700638804,0.15,0.15,0.0,0.06921981527039588,0.06349469474160806,0.06921981527039588,0.06349469474160806,0.15,0.15,0.0,0.0800042271083423,0.06666993176362955,0.0800042271083423,0.06666993176362955,0.15,0.15,0.002974781731577545]"
/multi_agv/formal_execution_limiter_state,1788759163.556935,1788759163.556935,formal_execution_limiter_v1:header4+3x7,"[1.0,1788759163.5560935,1.0,0.08379303249948904,0.05793981760510518,0.08379303249948904,0.05793981760510518,0.08379303249948904,0.15,0.15,0.0,0.06914858153524668,0.06356739332129781,0.06914858153524668,0.06356739332129781,0.15,0.15,0.0,0.08028695758292974,0.06700895178032938,0.08028695758292974,0.06700895178032938,0.15,0.15,0.002974781731577545]"
/multi_agv/formal_execution_limiter_state,1788759163.5668218,1788759163.5668218,formal_execution_limiter_v1:header4+3x7,"[1.0,1788759163.566087,1.0,0.08266784322288781,0.05784038459549395,0.08266784322288781,0.05784038459549395,0.08266784322288781,0.15,0.15,0.0,0.06912090352086561,0.06144242563000012,0.06912090352086561,0.06144242563000012,0.15,0.15,0.0,0.07951978633937537,0.06735573458800595,0.07951978633937537,0.06735573458800595,0.15,0.15,0.002974781731577545]"
/multi_agv/formal_execution_limiter_state,1788759163.576846,1788759163.576846,formal_execution_limiter_v1:header4+3x7,"[1.0,1788759163.5760877,1.0,0.08442025535837852,0.05851496682545293,0.08442025535837852,0.05851496682545293,0.08442025535837852,0.15,0.15,0.0,0.06994918079620993,0.06199412324763714,0.06994918079620993,0.06199412324763714,0.15,0.15,0.0,0.08105053334054531,0.06836738092830504,0.08105053334054531,0.06836738092830504,0.15,0.15,0.002974781731577545]"
/multi_agv/formal_execution_limiter_state,1788759163.5868068,1788759163.5868068,formal_execution_limiter_v1:header4+3x7,"[1.0,1788759163.5860865,1.0,0.08436917487127821,0.058685856729106034,0.08436917487127821,0.058685856729106034,0.08436917487127821,0.15,0.15,0.0,0.06976013214517035,0.06226795651661485,0.06976013214517035,0.06226795651661485,0.15,0.15,0.0,0.08139621976311825,0.06887755530031994,0.08139621976311825,0.06887755530031994,0.15,0.15,0.002974781731577545]"
/multi_agv/formal_execution_limiter_state,1788759163.5968716,1788759163.5968716,formal_execution_limiter_v1:header4+3x7,"[1.0,1788759163.596089,1.0,0.08469890273681477,0.0589021429511761,0.08469890273681477,0.0589021429511761,0.08469890273681477,0.15,0.15,0.0,0.06986938271232124,0.06255052321849908,0.06986938271232124,0.06255052321849908,0.15,0.15,0.0,0.08197340597577346,0.06942246317765194,0.08197340597577346,0.06942246317765194,0.15,0.15,0.002974781731577545]"
/multi_agv/formal_execution_limiter_state,1788759163.6069367,1788759163.6069367,formal_execution_limiter_v1:header4+3x7,"[1.0,1788759163.6062768,1.0,0.08695820222395707,0.060224192472422985,0.08695820222395707,0.060224192472422985,0.08695820222395707,0.15,0.15,0.0,0.07046611271760211,0.05993174013286489,0.07046611271760211,0.05993174013286489,0.15,0.15,0.0,0.08062555606715237,0.06944078078499509,0.08062555606715237,0.06944078078499509,0.15,0.15,0.002974781731577545]"
/multi_agv/formal_execution_limiter_state,1788759163.617001,1788759163.617001,formal_execution_limiter_v1:header4+3x7,"[1.0,1788759163.61615,1.0,0.08986358753632816,0.06178207784064278,0.08986358753632816,0.06178207784064278,0.08986358753632816,0.15,0.15,0.0,0.07135753107612065,0.06054325463193687,0.07135753107612065,0.06054325463193687,0.15,0.15,0.0,0.08200978180107536,0.07034593575029842,0.08200978180107536,0.07034593575029842,0.15,0.15,0.002974781731577545]"
/multi_agv/formal_execution_limiter_state,1788759163.626907,1788759163.626907,formal_execution_limiter_v1:header4+3x7,"[1.0,1788759163.6262002,1.0,0.0909583055339069,0.06301914985519962,0.0909583055339069,0.06301914985519962,0.0909583055339069,0.15,0.15,0.0,0.0710856976552863,0.06047083788530381,0.0710856976552863,0.06047083788530381,0.15,0.15,0.0,0.08222778072946355,0.07063023311677621,0.08222778072946355,0.07063023311677621,0.15,0.15,0.002974781731577545]"
/multi_agv/formal_execution_limiter_state,1788759163.6368484,1788759163.6368484,formal_execution_limiter_v1:header4+3x7,"[1.0,1788759163.6361601,1.0,0.09152757132535794,0.06491833112010476,0.09152757132535794,0.06491833112010476,0.09152757132535794,0.15,0.15,0.0,0.07100356056992962,0.0638975968676379,0.07100356056992962,0.0638975968676379,0.15,0.15,0.0,0.08308825252930994,0.07376753837457752,0.08308825252930994,0.07376753837457752,0.15,0.15,0.002974781731577545]"
/multi_agv/formal_execution_limiter_state,1788759163.6468225,1788759163.6468225,formal_execution_limiter_v1:header4+3x7,"[1.0,1788759163.6461463,1.0,0.0920527695392748,0.06551580872730203,0.0920527695392748,0.06551580872730203,0.0920527695392748,0.15,0.15,0.0,0.07154600071712329,0.06434451815230556,0.07154600071712329,0.06434451815230556,0.15,0.15,0.0,0.08379610433629157,0.07421859675562799,0.08379610433629157,0.07421859675562799,0.15,0.15,0.002974781731577545]"
/multi_agv/formal_execution_limiter_state,1788759163.6570551,1788759163.6570551,formal_execution_limiter_v1:header4+3x7,"[1.0,1788759163.656168,1.0,0.09270907894440812,0.06580144668512243,0.09270907894440812,0.06580144668512243,0.09270907894440812,0.15,0.15,0.0,0.07216261311290223,0.06475399342941018,0.07216261311290223,0.06475399342941018,0.15,0.15,0.0,0.0848072050499984,0.07498198557953865,0.0848072050499984,0.07498198557953865,0.15,0.15,0.002974781731577545]"
/multi_agv/formal_execution_limiter_state,1788759163.6668675,1788759163.6668675,formal_execution_limiter_v1:header4+3x7,"[1.0,1788759163.6660957,1.0,0.0935374614204954,0.06531700964221762,0.0935374614204954,0.06531700964221762,0.0935374614204954,0.15,0.15,0.0,0.07336749055861094,0.06215832749083225,0.07336749055861094,0.06215832749083225,0.15,0.15,0.0,0.08654266208928724,0.07367197223596564,0.08654266208928724,0.07367197223596564,0.15,0.15,0.002974781731577545]"
/multi_agv/formal_execution_limiter_state,1788759163.6774254,1788759163.6774254,formal_execution_limiter_v1:header4+3x7,"[1.0,1788759163.676123,1.0,0.09437964509795109,0.06588946442290601,0.09437964509795109,0.06588946442290601,0.09437964509795109,0.15,0.15,0.0,0.07359236012426534,0.06233088782730481,0.07359236012426534,0.06233088782730481,0.15,0.15,0.0,0.08719348751889458,0.0743032798131032,0.08719348751889458,0.0743032798131032,0.15,0.15,0.002974781731577545]"
/multi_agv/formal_execution_limiter_state,1788759163.6870062,1788759163.6870062,formal_execution_limiter_v1:header4+3x7,"[1.0,1788759163.6861253,1.0,0.09438062431559444,0.0662150377356468,0.09438062431559444,0.0662150377356468,0.09438062431559444,0.15,0.15,0.0,0.07379269800083856,0.06251413506106952,0.07379269800083856,0.06251413506106952,0.15,0.15,0.0,0.08696364607562193,0.07443541288245609,0.08696364607562193,0.07443541288245609,0.15,0.15,0.002974781731577545]"
/multi_agv/formal_execution_limiter_state,1788759163.6970859,1788759163.6970859,formal_execution_limiter_v1:header4+3x7,"[1.0,1788759163.696137,1.0,0.09429967998044589,0.06609510083690717,0.09429967998044589,0.06609510083690717,0.09429967998044589,0.15,0.15,0.0,0.07402755764023496,0.06264515212675272,0.07402755764023496,0.06264515212675272,0.15,0.15,0.0,0.08720821156463661,0.07478404681961388,0.08720821156463661,0.07478404681961388,0.15,0.15,0.002974781731577545]"
/multi_agv/formal_execution_limiter_state,1788759163.707004,1788759163.707004,formal_execution_limiter_v1:header4+3x7,"[1.0,1788759163.7061224,1.0,0.08992556603090562,0.06641952625325243,0.08992556603090562,0.06641952625325243,0.08992556603090562,0.15,0.15,0.0,0.06999988697249715,0.06378097479420997,0.06999988697249715,0.06378097479420997,0.15,0.15,0.0,0.08583245861980787,0.07619415877973118,0.08583245861980787,0.07619415877973118,0.15,0.15,0.002974781731577545]"
/multi_agv/formal_execution_limiter_state,1788759163.7167287,1788759163.7167287,formal_execution_limiter_v1:header4+3x7,"[1.0,1788759163.716093,1.0,0.08916305294741914,0.06585072536847517,0.08916305294741914,0.06585072536847517,0.08916305294741914,0.15,0.15,0.0,0.06935655210132802,0.06332702592512748,0.06935655210132802,0.06332702592512748,0.15,0.15,0.0,0.08607600819097114,0.07649900713429839,0.08607600819097114,0.07649900713429839,0.15,0.15,0.002974781731577545]"
/multi_agv/formal_execution_limiter_state,1788759163.7267148,1788759163.7267148,formal_execution_limiter_v1:header4+3x7,"[1.0,1788759163.7261384,1.0,0.08829486670165566,0.06558027869886922,0.08829486670165566,0.06558027869886922,0.08829486670165566,0.15,0.15,0.0,0.06889188108078557,0.06313540079716802,0.06889188108078557,0.06313540079716802,0.15,0.15,0.0,0.0833584102452431,0.07427752017814995,0.0833584102452431,0.07427752017814995,0.15,0.15,0.002974781731577545]"
/multi_agv/formal_execution_limiter_state,1788759163.7369614,1788759163.7369614,formal_execution_limiter_v1:header4+3x7,"[1.0,1788759163.7360919,1.0,0.08889421754842998,0.06522924130024728,0.08889421754842998,0.06522924130024728,0.08889421754842998,0.15,0.15,0.0,0.0685738616426018,0.06284106363697416,0.0685738616426018,0.06284106363697416,0.15,0.15,0.0,0.08257807968906683,0.07351825443576512,0.08257807968906683,0.07351825443576512,0.15,0.15,0.002974781731577545]"
/multi_agv/formal_execution_limiter_state,1788759163.7469077,1788759163.7469077,formal_execution_limiter_v1:header4+3x7,"[1.0,1788759163.746146,1.0,0.08604592618169966,0.0637510401272068,0.08604592618169966,0.0637510401272068,0.08604592618169966,0.15,0.15,0.0,0.06671002611983544,0.06162280183662925,0.06671002611983544,0.06162280183662925,0.15,0.15,0.0,0.08035070013077417,0.0722912617928948,0.08035070013077417,0.0722912617928948,0.15,0.15,0.002974781731577545]"
/multi_agv/formal_execution_limiter_state,1788759163.7569716,1788759163.7569716,formal_execution_limiter_v1:header4+3x7,"[1.0,1788759163.7561638,1.0,0.0865506732896175,0.06344576410111712,0.0865506732896175,0.06344576410111712,0.0865506732896175,0.15,0.15,0.0,0.06694224490553372,0.06166628466769125,0.06694224490553372,0.06166628466769125,0.15,0.15,0.0,0.08073888991330255,0.07236906887568398,0.08073888991330255,0.07236906887568398,0.15,0.15,0.002974781731577545]"
/multi_agv/formal_execution_limiter_state,1788759163.767042,1788759163.767042,formal_execution_limiter_v1:header4+3x7,"[1.0,1788759163.76612,1.0,0.08547709561044825,0.06267514204942085,0.08547709561044825,0.06267514204942085,0.08547709561044825,0.15,0.15,0.0,0.06640123509482097,0.058278770996021224,0.06640123509482097,0.058278770996021224,0.15,0.15,0.0,0.0794513850547978,0.07106519745482522,0.0794513850547978,0.07106519745482522,0.15,0.15,0.002974781731577545]"
/multi_agv/formal_execution_limiter_state,1788759163.7769816,1788759163.7769816,formal_execution_limiter_v1:header4+3x7,"[1.0,1788759163.7760854,1.0,0.08642858639090245,0.06375947948936397,0.08642858639090245,0.06375947948936397,0.08642858639090245,0.15,0.15,0.0,0.06576754311146649,0.05780716200621524,0.06576754311146649,0.05780716200621524,0.15,0.15,0.0,0.07872963891702428,0.0705736316248613,0.07872963891702428,0.0705736316248613,0.15,0.15,0.002974781731577545]"
/multi_agv/formal_execution_limiter_state,1788759163.7869632,1788759163.7869632,formal_execution_limiter_v1:header4+3x7,"[1.0,1788759163.7861283,1.0,0.08524503007651693,0.06375933934501732,0.08524503007651693,0.06375933934501732,0.08524503007651693,0.15,0.15,0.0,0.0616733841518118,0.05890417019015007,0.0616733841518118,0.05890417019015007,0.15,0.15,0.0,0.07706168635741144,0.06978586478876274,0.07706168635741144,0.06978586478876274,0.15,0.15,0.002974781731577545]"
/multi_agv/formal_execution_limiter_state,1788759163.7968602,1788759163.7968602,formal_execution_limiter_v1:header4+3x7,"[1.0,1788759163.796095,1.0,0.0867445225459446,0.06420982639180338,0.0867445225459446,0.06420982639180338,0.0867445225459446,0.15,0.15,0.0,0.06160616230897193,0.058686292929735144,0.06160616230897193,0.058686292929735144,0.15,0.15,0.0,0.07779446052005522,0.07017687758290524,0.07779446052005522,0.07017687758290524,0.15,0.15,0.002974781731577545]"
/multi_agv/formal_execution_limiter_state,1788759163.8071895,1788759163.8071895,formal_execution_limiter_v1:header4+3x7,"[1.0,1788759163.8061955,1.0,0.08624393716306256,0.0630185199425612,0.08530844828363203,0.0630185199425612,0.08530844828363203,0.15,0.15,0.0,0.06017208815682445,0.05801421121863635,0.06017208815682445,0.05801421121863635,0.15,0.15,0.0,0.08624393716306256,0.06780096227731952,0.08624393716306256,0.06780096227731952,0.15,0.15,0.002974781731577545]"
/multi_agv/formal_execution_limiter_state,1788759163.8170612,1788759163.8170612,formal_execution_limiter_v1:header4+3x7,"[1.0,1788759163.816125,1.0,0.0891224072532877,0.06323719442268584,0.08650290264351886,0.06323719442268584,0.08650290264351886,0.15,0.15,0.0,0.060573071527636066,0.05821190444067828,0.060573071527636066,0.05821190444067828,0.15,0.15,0.0,0.0891224072532877,0.07009076823019388,0.0891224072532877,0.07009076823019388,0.15,0.15,0.002974781731577545]"
/multi_agv/formal_execution_limiter_state,1788759163.8269281,1788759163.8269281,formal_execution_limiter_v1:header4+3x7,"[1.0,1788759163.8261232,1.0,0.08556078160701203,0.06266330533863096,0.08556078160701203,0.06266330533863096,0.08556078160701203,0.15,0.15,0.0,0.06223836258186548,0.055045841196173506,0.06223836258186548,0.055045841196173506,0.15,0.15,0.0,0.08363969611138126,0.07153691180042716,0.08363969611138126,0.07153691180042716,0.15,0.15,0.002974781731577545]"
/multi_agv/formal_execution_limiter_state,1788759163.8373125,1788759163.8373125,formal_execution_limiter_v1:header4+3x7,"[1.0,1788759163.836256,1.0,0.08690455758225961,0.06297789528483493,0.08690455758225961,0.06297789528483493,0.08690455758225961,0.15,0.15,0.0,0.06309152664018773,0.05563936422967912,0.06309152664018773,0.05563936422967912,0.15,0.15,0.0,0.08450753311993259,0.07205364651814522,0.08450753311993259,0.07205364651814522,0.15,0.15,0.002974781731577545]"
/multi_agv/formal_execution_limiter_state,1788759163.8469615,1788759163.8469615,formal_execution_limiter_v1:header4+3x7,"[1.0,1788759163.8461096,1.0,0.0865881461952178,0.06276372896918296,0.0865881461952178,0.06276372896918296,0.0865881461952178,0.15,0.15,0.0,0.06307777356084307,0.05537428176730147,0.06307777356084307,0.05537428176730147,0.15,0.15,0.0,0.08424234584904076,0.07224246108145317,0.08424234584904076,0.07224246108145317,0.15,0.15,0.002974781731577545]"
/multi_agv/formal_execution_limiter_state,1788759163.8569808,1788759163.8569808,formal_execution_limiter_v1:header4+3x7,"[1.0,1788759163.856124,1.0,0.08654810581019597,0.06256283253338592,0.08654810581019597,0.06256283253338592,0.08654810581019597,0.15,0.15,0.0,0.06348454100223111,0.055564235353831655,0.06348454100223111,0.055564235353831655,0.15,0.15,0.0,0.08435611621667989,0.07246341333599553,0.08435611621667989,0.07246341333599553,0.15,0.15,0.002974781731577545]"
/multi_agv/formal_execution_limiter_state,1788759163.8669732,1788759163.8669732,formal_execution_limiter_v1:header4+3x7,"[1.0,1788759163.8661482,1.0,0.08579875310970682,0.06227758505037522,0.08579875310970682,0.06227758505037522,0.08579875310970682,0.15,0.15,0.0,0.06116710909227385,0.05453877076615088,0.06116710909227385,0.05453877076615088,0.15,0.15,0.0,0.08204029198191654,0.0702767975211312,0.08204029198191654,0.0702767975211312,0.15,0.15,0.002974781731577545]"
/multi_agv/formal_execution_limiter_state,1788759163.8773086,1788759163.8773086,formal_execution_limiter_v1:header4+3x7,"[1.0,1788759163.8762217,1.0,0.08755676262688109,0.06304858948150463,0.08755676262688109,0.06304858948150463,0.08755676262688109,0.15,0.15,0.0,0.06094001209048373,0.054193470955282874,0.06094001209048373,0.054193470955282874,0.15,0.15,0.0,0.08140116040438103,0.06975306459992162,0.08140116040438103,0.06975306459992162,0.15,0.15,0.002974781731577545]"
/multi_agv/formal_execution_limiter_state,1788759163.887193,1788759163.887193,formal_execution_limiter_v1:header4+3x7,"[1.0,1788759163.8862388,1.0,0.08793887793084125,0.06331310524377583,0.08793887793084125,0.06331310524377583,0.08793887793084125,0.15,0.15,0.0,0.06056538553754592,0.05370508637191076,0.06056538553754592,0.05370508637191076,0.15,0.15,0.0,0.08058707939119425,0.06932417669644744,0.08058707939119425,0.06932417669644744,0.15,0.15,0.002974781731577545]"
/multi_agv/formal_execution_limiter_state,1788759163.8972352,1788759163.8972352,formal_execution_limiter_v1:header4+3x7,"[1.0,1788759163.896147,1.0,0.08861329468581243,0.06358231089239232,0.08861329468581243,0.06358231089239232,0.08861329468581243,0.15,0.15,0.0,0.060321014277441215,0.053348264497169645,0.060321014277441215,0.053348264497169645,0.15,0.15,0.0,0.0802870895963934,0.0690983079452784,0.0802870895963934,0.0690983079452784,0.15,0.15,0.002974781731577545]"
/multi_agv/formal_execution_limiter_state,1788759163.9071848,1788759163.9071848,formal_execution_limiter_v1:header4+3x7,"[1.0,1788759163.9061291,1.0,0.08791593682864368,0.06269842882118618,0.08791593682864368,0.06269842882118618,0.08791593682864368,0.15,0.15,0.0,0.061887952801963554,0.05108784745066176,0.061887952801963554,0.05108784745066176,0.15,0.15,0.0,0.080888771432825,0.06955058142020276,0.080888771432825,0.06955058142020276,0.15,0.15,0.002974781731577545]"
/multi_agv/formal_execution_limiter_state,1788759163.91697,1788759163.91697,formal_execution_limiter_v1:header4+3x7,"[1.0,1788759163.9161222,1.0,0.08758743768497246,0.06219865659572782,0.08758743768497246,0.06219865659572782,0.08758743768497246,0.15,0.15,0.0,0.06237366371638647,0.051491374548146,0.06237366371638647,0.051491374548146,0.15,0.15,0.0,0.08130768927924377,0.06991180220206732,0.08130768927924377,0.06991180220206732,0.15,0.15,0.002974781731577545]"
/multi_agv/formal_execution_limiter_state,1788759163.9271266,1788759163.9271266,formal_execution_limiter_v1:header4+3x7,"[1.0,1788759163.926247,1.0,0.08696659551243645,0.0616461720627937,0.08696659551243645,0.0616461720627937,0.08696659551243645,0.15,0.15,0.0,0.061838762392959594,0.05260989908271906,0.061838762392959594,0.05260989908271906,0.15,0.15,0.0,0.08186356835058439,0.06674402971649648,0.08186356835058439,0.06674402971649648,0.15,0.15,0.002974781731577545]"
/multi_agv/formal_execution_limiter_state,1788759163.9372363,1788759163.9372363,formal_execution_limiter_v1:header4+3x7,"[1.0,1788759163.9362197,1.0,0.08925731042300795,0.06288083209147745,0.08925731042300795,0.06288083209147745,0.08925731042300795,0.15,0.15,0.0,0.06209814310464463,0.05272006853767144,0.06209814310464463,0.05272006853767144,0.15,0.15,0.0,0.08191954679330339,0.0669207833357945,0.08191954679330339,0.0669207833357945,0.15,0.15,0.002974781731577545]"
/multi_agv/formal_execution_limiter_state,1788759163.9469016,1788759163.9469016,formal_execution_limiter_v1:header4+3x7,"[1.0,1788759163.9462419,1.0,0.08993685276592148,0.06350879338318657,0.08993685276592148,0.06350879338318657,0.08993685276592148,0.15,0.15,0.0,0.06180442144102644,0.0525368254623662,0.06180442144102644,0.0525368254623662,0.15,0.15,0.0,0.0813717966493971,0.06687014247661922,0.0813717966493971,0.06687014247661922,0.15,0.15,0.002974781731577545]"
/multi_agv/formal_execution_limiter_state,1788759163.9569335,1788759163.9569335,formal_execution_limiter_v1:header4+3x7,"[1.0,1788759163.9562473,1.0,0.09054345565944974,0.06376646110938256,0.09054345565944974,0.06376646110938256,0.09054345565944974,0.15,0.15,0.0,0.062070101115943584,0.05285679455193814,0.062070101115943584,0.05285679455193814,0.15,0.15,0.0,0.0813799713555056,0.06715781042432391,0.0813799713555056,0.06715781042432391,0.15,0.15,0.002974781731577545]"
/multi_agv/formal_execution_limiter_state,1788759163.966978,1788759163.966978,formal_execution_limiter_v1:header4+3x7,"[1.0,1788759163.9662416,1.0,0.0890887478995127,0.06462593341702895,0.0890887478995127,0.06462593341702895,0.0890887478995127,0.15,0.15,0.0,0.06258966646143159,0.054980430383430694,0.06258966646143159,0.054980430383430694,0.15,0.15,0.0,0.08144763428579298,0.07055885318815601,0.08144763428579298,0.07055885318815601,0.15,0.15,0.002974781731577545]"
/multi_agv/formal_execution_limiter_state,1788759163.9768572,1788759163.9768572,formal_execution_limiter_v1:header4+3x7,"[1.0,1788759163.9761221,1.0,0.0893009014894321,0.06473828962675024,0.0893009014894321,0.06473828962675024,0.0893009014894321,0.15,0.15,0.0,0.06360312379117372,0.055876094187386705,0.06360312379117372,0.055876094187386705,0.15,0.15,0.0,0.08252625229264215,0.07172729795556795,0.08252625229264215,0.07172729795556795,0.15,0.15,0.002974781731577545]"
/multi_agv/formal_execution_limiter_state,1788759163.98672,1788759163.98672,formal_execution_limiter_v1:header4+3x7,"[1.0,1788759163.9861374,1.0,0.08911670802323357,0.06490944328239717,0.08911670802323357,0.06490944328239717,0.08911670802323357,0.15,0.15,0.0,0.06385461205661294,0.05617771237036549,0.06385461205661294,0.05617771237036549,0.15,0.15,0.0,0.08316119105969677,0.07245952789004678,0.08316119105969677,0.07245952789004678,0.15,0.15,0.002974781731577545]"
/multi_agv/formal_execution_limiter_state,1788759163.996722,1788759163.996722,formal_execution_limiter_v1:header4+3x7,"[1.0,1788759163.996113,1.0,0.08925971319877186,0.06494358632644788,0.08925971319877186,0.06494358632644788,0.08925971319877186,0.15,0.15,0.0,0.06315095131206284,0.05656162410497838,0.06315095131206284,0.05656162410497838,0.15,0.15,0.0,0.08408568025621395,0.0731965162492577,0.08408568025621395,0.0731965162492577,0.15,0.15,0.002974781731577545]"
/multi_agv/formal_execution_limiter_state,1788759164.0070329,1788759164.0070329,formal_execution_limiter_v1:header4+3x7,"[1.0,1788759164.0061142,1.0,0.0827485622284832,0.07186783041431213,0.08215016041751877,0.07186783041431213,0.08215016041751877,0.15,0.15,0.0,0.06294652294520788,0.057186413815023894,0.06294652294520788,0.057186413815023894,0.15,0.15,0.0,0.0827485622284832,0.07656586943720348,0.0827485622284832,0.07656586943720348,0.15,0.15,0.002974781731577545]"
/multi_agv/formal_execution_limiter_state,1788759164.0166585,1788759164.0166585,formal_execution_limiter_v1:header4+3x7,"[1.0,1788759164.0160913,1.0,0.08375349370475446,0.07164246696770733,0.08192980138534077,0.07164246696770733,0.08192980138534077,0.15,0.15,0.0,0.06365714148603614,0.05792253454723382,0.06365714148603614,0.05792253454723382,0.15,0.15,0.0,0.08375349370475446,0.07752159082592813,0.08375349370475446,0.07752159082592813,0.15,0.15,0.002974781731577545]"
/multi_agv/formal_execution_limiter_state,1788759164.026796,1788759164.026796,formal_execution_limiter_v1:header4+3x7,"[1.0,1788759164.0261312,1.0,0.08192500003690673,0.07176836989610108,0.0814668234540476,0.07176836989610108,0.0814668234540476,0.15,0.15,0.0,0.061722857286298706,0.057906351306885685,0.061722857286298706,0.057906351306885685,0.15,0.15,0.0,0.08192500003690673,0.07673701030319963,0.08192500003690673,0.07673701030319963,0.15,0.15,0.002974781731577545]"
/multi_agv/formal_execution_limiter_state,1788759164.0367322,1788759164.0367322,formal_execution_limiter_v1:header4+3x7,"[1.0,1788759164.0361454,1.0,0.0852569838254176,0.06692066352307591,0.0852569838254176,0.06692066352307591,0.0852569838254176,0.15,0.15,0.0,0.06128338868263884,0.05719025936445721,0.06128338868263884,0.05719025936445721,0.15,0.15,0.0,0.082213555397215,0.07657988150595696,0.082213555397215,0.07657988150595696,0.15,0.15,0.002974781731577545]"
/multi_agv/formal_execution_limiter_state,1788759164.0470965,1788759164.0470965,formal_execution_limiter_v1:header4+3x7,"[1.0,1788759164.0462844,1.0,0.08338271671143938,0.0656597304083752,0.08338271671143938,0.0656597304083752,0.08338271671143938,0.15,0.15,0.0,0.060397774431747854,0.05691718729931942,0.060397774431747854,0.05691718729931942,0.15,0.15,0.0,0.08125424739153347,0.07606666841471907,0.08125424739153347,0.07606666841471907,0.15,0.15,0.002974781731577545]"
/multi_agv/formal_execution_limiter_state,1788759164.0567558,1788759164.0567558,formal_execution_limiter_v1:header4+3x7,"[1.0,1788759164.0561078,1.0,0.08411432828225282,0.06552087504745502,0.08411432828225282,0.06552087504745502,0.08411432828225282,0.15,0.15,0.0,0.061012493750707886,0.057326046890098736,0.061012493750707886,0.057326046890098736,0.15,0.15,0.0,0.08243274525948935,0.07694867181618045,0.08243274525948935,0.07694867181618045,0.15,0.15,0.002974781731577545]"
/multi_agv/formal_execution_limiter_state,1788759164.0666265,1788759164.0666265,formal_execution_limiter_v1:header4+3x7,"[1.0,1788759164.0661182,1.0,0.08267928464479583,0.061939191650546024,0.08267928464479583,0.061939191650546024,0.08267928464479583,0.15,0.15,0.0,0.06206222275297106,0.054458696840404,0.06206222275297106,0.054458696840404,0.15,0.15,0.0,0.0820918443854129,0.07729242453444016,0.0820918443854129,0.07729242453444016,0.15,0.15,0.002974781731577545]"
/multi_agv/formal_execution_limiter_state,1788759164.0767941,1788759164.0767941,formal_execution_limiter_v1:header4+3x7,"[1.0,1788759164.0761313,1.0,0.08366693997420052,0.0614912740659201,0.08302266501685933,0.0614912740659201,0.08302266501685933,0.15,0.15,0.0,0.06274370196296783,0.054923951317987794,0.06274370196296783,0.054923951317987794,0.15,0.15,0.0,0.08366693997420052,0.07854168838870537,0.08366693997420052,0.07854168838870537,0.15,0.15,0.002974781731577545]"
/multi_agv/formal_execution_limiter_state,1788759164.0867853,1788759164.0867853,formal_execution_limiter_v1:header4+3x7,"[1.0,1788759164.086151,1.0,0.08375562284920524,0.06081450340633751,0.0824245282565795,0.06081450340633751,0.0824245282565795,0.15,0.15,0.0,0.062055853387789614,0.05435612509153166,0.062055853387789614,0.05435612509153166,0.15,0.15,0.0,0.08375562284920524,0.07870851638434725,0.08375562284920524,0.07870851638434725,0.15,0.15,0.002974781731577545]"
/multi_agv/formal_execution_limiter_state,1788759164.0968184,1788759164.0968184,formal_execution_limiter_v1:header4+3x7,"[1.0,1788759164.0961614,1.0,0.08433714223656141,0.060172758579753884,0.08233338691026525,0.060172758579753884,0.08233338691026525,0.15,0.15,0.0,0.06220393658515522,0.05378668527893567,0.06220393658515522,0.05378668527893567,0.15,0.15,0.0,0.08433714223656141,0.07925789540458716,0.08433714223656141,0.07925789540458716,0.15,0.15,0.002974781731577545]"
/multi_agv/formal_execution_limiter_state,1788759164.1067197,1788759164.1067197,formal_execution_limiter_v1:header4+3x7,"[1.0,1788759164.1061237,1.0,0.08418606362138827,0.061108961375546125,0.08107823447641006,0.061108961375546125,0.08107823447641006,0.15,0.15,0.0,0.061949591401841766,0.05370376371960835,0.061949591401841766,0.05370376371960835,0.15,0.15,0.0,0.08418606362138827,0.07890239532444117,0.08418606362138827,0.07890239532444117,0.15,0.15,0.002974781731577545]"
/multi_agv/formal_execution_limiter_state,1788759164.1170092,1788759164.1170092,formal_execution_limiter_v1:header4+3x7,"[1.0,1788759164.1161106,1.0,0.0857786082983385,0.06143430764481858,0.08244872153609695,0.06143430764481858,0.08244872153609695,0.15,0.15,0.0,0.06282963709483137,0.05435100918886695,0.06282963709483137,0.05435100918886695,0.15,0.15,0.0,0.0857786082983385,0.08018528979028461,0.0857786082983385,0.08018528979028461,0.15,0.15,0.002974781731577545]"
/multi_agv/formal_execution_limiter_state,1788759164.1268728,1788759164.1268728,formal_execution_limiter_v1:header4+3x7,"[1.0,1788759164.1262426,1.0,0.08449794086014396,0.06000292094301473,0.08157354034512382,0.06000292094301473,0.08157354034512382,0.15,0.15,0.0,0.06249507820379705,0.053943895120154454,0.06249507820379705,0.053943895120154454,0.15,0.15,0.0,0.08449794086014396,0.07734579981595223,0.08449794086014396,0.07734579981595223,0.15,0.15,0.002974781731577545]"
/multi_agv/formal_execution_limiter_state,1788759164.1369655,1788759164.1369655,formal_execution_limiter_v1:header4+3x7,"[1.0,1788759164.1362152,1.0,0.08428145672745736,0.059574104519049285,0.08158856054741982,0.059574104519049285,0.08158856054741982,0.15,0.15,0.0,0.06251715345720453,0.05382609023379631,0.06251715345720453,0.05382609023379631,0.15,0.15,0.0,0.08428145672745736,0.07702581153164283,0.08428145672745736,0.07702581153164283,0.15,0.15,0.002974781731577545]"
/multi_agv/formal_execution_limiter_state,1788759164.1470797,1788759164.1470797,formal_execution_limiter_v1:header4+3x7,"[1.0,1788759164.1463404,1.0,0.08387497270450159,0.05876076542525688,0.08115911341577628,0.05876076542525688,0.08115911341577628,0.15,0.15,0.0,0.06294934652802654,0.054190315878243696,0.06294934652802654,0.054190315878243696,0.15,0.15,0.0,0.08387497270450159,0.07660335777513466,0.08387497270450159,0.07660335777513466,0.15,0.15,0.002974781731577545]"
/multi_agv/formal_execution_limiter_state,1788759164.1570756,1788759164.1570756,formal_execution_limiter_v1:header4+3x7,"[1.0,1788759164.1562688,1.0,0.08389345769692794,0.058218755786260415,0.08107516326866722,0.058218755786260415,0.08107516326866722,0.15,0.15,0.0,0.06369518548721832,0.054869445969223524,0.06369518548721832,0.054869445969223524,0.15,0.15,0.0,0.08389345769692794,0.07658216196746068,0.08389345769692794,0.07658216196746068,0.15,0.15,0.002974781731577545]"
/multi_agv/formal_execution_limiter_state,1788759164.1666791,1788759164.1666791,formal_execution_limiter_v1:header4+3x7,"[1.0,1788759164.1660905,1.0,0.08418862448664284,0.0565550356993182,0.08323440278489304,0.0565550356993182,0.08323440278489304,0.15,0.15,0.0,0.06371465304830869,0.053627731537308126,0.06371465304830869,0.053627731537308126,0.15,0.15,0.0,0.08418862448664284,0.07706484739681192,0.08418862448664284,0.07706484739681192,0.15,0.15,0.002974781731577545]"
/multi_agv/formal_execution_limiter_state,1788759164.1767454,1788759164.1767454,formal_execution_limiter_v1:header4+3x7,"[1.0,1788759164.1761432,1.0,0.08469843921075249,0.05632350912354584,0.08341392896929062,0.05632350912354584,0.08341392896929062,0.15,0.15,0.0,0.06380445937308495,0.05367400673676156,0.06380445937308495,0.05367400673676156,0.15,0.15,0.0,0.08469843921075249,0.07738672693191775,0.08469843921075249,0.07738672693191775,0.15,0.15,0.002974781731577545]"
/multi_agv/formal_execution_limiter_state,1788759164.186621,1788759164.186621,formal_execution_limiter_v1:header4+3x7,"[1.0,1788759164.1860914,1.0,0.0863672597954388,0.055918600499214835,0.08282512253914091,0.055918600499214835,0.08282512253914091,0.15,0.15,0.0,0.06168918383170349,0.05582905896890744,0.06168918383170349,0.05582905896890744,0.15,0.15,0.0,0.0863672597954388,0.07149739617315698,0.0863672597954388,0.07149739617315698,0.15,0.15,0.002974781731577545]"
/multi_agv/formal_execution_limiter_state,1788759164.1966028,1788759164.1966028,formal_execution_limiter_v1:header4+3x7,"[1.0,1788759164.1961427,1.0,0.08699946780784579,0.05630526012664537,0.08429852550424992,0.05630526012664537,0.08429852550424992,0.15,0.15,0.0,0.06255032418548485,0.05646878386714182,0.06255032418548485,0.05646878386714182,0.15,0.15,0.0,0.08699946780784579,0.07190960514607062,0.08699946780784579,0.07190960514607062,0.15,0.15,0.002974781731577545]"
/multi_agv/formal_execution_limiter_state,1788759164.2066166,1788759164.2066166,formal_execution_limiter_v1:header4+3x7,"[1.0,1788759164.206091,1.0,0.0864293137504878,0.058752517771066715,0.08491799239407663,0.058752517771066715,0.08491799239407663,0.15,0.15,0.0,0.06209598963771911,0.05639942765148153,0.06209598963771911,0.05639942765148153,0.15,0.15,0.0,0.0864293137504878,0.07128248087651433,0.0864293137504878,0.07128248087651433,0.15,0.15,0.002974781731577545]"
/multi_agv/formal_execution_limiter_state,1788759164.216564,1788759164.216564,formal_execution_limiter_v1:header4+3x7,"[1.0,1788759164.216122,1.0,0.0864993816100861,0.059135454370933996,0.08576867689687516,0.059135454370933996,0.08576867689687516,0.15,0.15,0.0,0.06177595844877338,0.05623835600122926,0.06177595844877338,0.05623835600122926,0.15,0.15,0.0,0.0864993816100861,0.07113715898785619,0.0864993816100861,0.07113715898785619,0.15,0.15,0.002974781731577545]"
/multi_agv/formal_execution_limiter_state,1788759164.2268744,1788759164.2268744,formal_execution_limiter_v1:header4+3x7,"[1.0,1788759164.2262156,1.0,0.08445818830286239,0.058025445296159016,0.08445818830286239,0.058025445296159016,0.08445818830286239,0.15,0.15,0.0,0.0593028981348135,0.05712745801546004,0.0593028981348135,0.05712745801546004,0.15,0.15,0.0,0.08422459601975164,0.07282446852722559,0.08422459601975164,0.07282446852722559,0.15,0.15,0.002974781731577545]"
/multi_agv/formal_execution_limiter_state,1788759164.2368429,1788759164.2368429,formal_execution_limiter_v1:header4+3x7,"[1.0,1788759164.2361035,1.0,0.08477946197802332,0.058048712618241974,0.08477946197802332,0.058048712618241974,0.08477946197802332,0.15,0.15,0.0,0.05928321557625069,0.0573336299676464,0.05928321557625069,0.0573336299676464,0.15,0.15,0.0,0.08445786753569612,0.07299651514728364,0.08445786753569612,0.07299651514728364,0.15,0.15,0.002974781731577545]"
/multi_agv/formal_execution_limiter_state,1788759164.247024,1788759164.247024,formal_execution_limiter_v1:header4+3x7,"[1.0,1788759164.2462053,1.0,0.08472511323475211,0.05808369551018798,0.08472511323475211,0.05808369551018798,0.08472511323475211,0.15,0.15,0.0,0.059047140257452786,0.0575515477612624,0.059047140257452786,0.0575515477612624,0.15,0.15,0.0,0.08427403899504829,0.07291203214055664,0.08427403899504829,0.07291203214055664,0.15,0.15,0.002974781731577545]"
/multi_agv/formal_execution_limiter_state,1788759164.2569196,1788759164.2569196,formal_execution_limiter_v1:header4+3x7,"[1.0,1788759164.2561793,1.0,0.08504740655388358,0.058132446330485574,0.08504740655388358,0.058132446330485574,0.08504740655388358,0.15,0.15,0.0,0.058753829236140205,0.05746560200806406,0.058753829236140205,0.05746560200806406,0.15,0.15,0.0,0.08468185973376191,0.07326183739937142,0.08468185973376191,0.07326183739937142,0.15,0.15,0.002974781731577545]"
/multi_agv/formal_execution_limiter_state,1788759164.2667952,1788759164.2667952,formal_execution_limiter_v1:header4+3x7,"[1.0,1788759164.2662325,1.0,0.08319312449540207,0.05966806212261684,0.08173709705880831,0.05966806212261684,0.08173709705880831,0.15,0.15,0.0,0.06037597626058898,0.052682699803340144,0.06037597626058898,0.052682699803340144,0.15,0.15,0.0,0.08319312449540207,0.07415365132705266,0.08319312449540207,0.07415365132705266,0.15,0.15,0.002974781731577545]"
/multi_agv/formal_execution_limiter_state,1788759164.2769542,1788759164.2769542,formal_execution_limiter_v1:header4+3x7,"[1.0,1788759164.2761383,1.0,0.0846050131759564,0.06002700602917253,0.0831550551971119,0.06002700602917253,0.0831550551971119,0.15,0.15,0.0,0.06088881594301385,0.05301536059189022,0.06088881594301385,0.05301536059189022,0.15,0.15,0.0,0.0846050131759564,0.07532719845328767,0.0846050131759564,0.07532719845328767,0.15,0.15,0.002974781731577545]"
/multi_agv/formal_execution_limiter_state,1788759164.2868037,1788759164.2868037,formal_execution_limiter_v1:header4+3x7,"[1.0,1788759164.286214,1.0,0.08432826692447119,0.060007768326617576,0.0828967690662952,0.060007768326617576,0.0828967690662952,0.15,0.15,0.0,0.06112326271533691,0.05324842399605459,0.06112326271533691,0.05324842399605459,0.15,0.15,0.0,0.08432826692447119,0.07553460968588745,0.08432826692447119,0.07553460968588745,0.15,0.15,0.002974781731577545]"
/multi_agv/formal_execution_limiter_state,1788759164.2969618,1788759164.2969618,formal_execution_limiter_v1:header4+3x7,"[1.0,1788759164.2962418,1.0,0.0847678931690806,0.060517608709098954,0.08346643453415187,0.060517608709098954,0.08346643453415187,0.15,0.15,0.0,0.060312462380360345,0.055353467896621066,0.060312462380360345,0.055353467896621066,0.15,0.15,0.0,0.0847678931690806,0.0759360357618766,0.0847678931690806,0.0759360357618766,0.15,0.15,0.002974781731577545]"
/multi_agv/formal_execution_limiter_state,1788759164.3067677,1788759164.3067677,formal_execution_limiter_v1:header4+3x7,"[1.0,1788759164.3061485,1.0,0.08755805778149392,0.05917615636369817,0.08277077961492812,0.05917615636369817,0.08277077961492812,0.15,0.15,0.0,0.06004156913779946,0.055262073343540656,0.06004156913779946,0.055262073343540656,0.15,0.15,0.0,0.08755805778149392,0.07423520130403877,0.08755805778149392,0.07423520130403877,0.15,0.15,0.002974781731577545]"
/multi_agv/formal_execution_limiter_state,1788759164.316768,1788759164.316768,formal_execution_limiter_v1:header4+3x7,"[1.0,1788759164.316114,1.0,0.08801412213320142,0.05869096534282084,0.08243016397357686,0.05869096534282084,0.08243016397357686,0.15,0.15,0.0,0.060249154741928566,0.055284435118767454,0.060249154741928566,0.055284435118767454,0.15,0.15,0.0,0.08801412213320142,0.07498232623835963,0.08801412213320142,0.07498232623835963,0.15,0.15,0.002974781731577545]"
/multi_agv/formal_execution_limiter_state,1788759164.3267646,1788759164.3267646,formal_execution_limiter_v1:header4+3x7,"[1.0,1788759164.3261409,1.0,0.0816517476619147,0.05752460501242207,0.07861532239995198,0.05752460501242207,0.07861532239995198,0.15,0.15,0.0,0.0603220439775879,0.055033713668337154,0.0603220439775879,0.055033713668337154,0.15,0.15,0.0,0.0816517476619147,0.07787668594148285,0.0816517476619147,0.07787668594148285,0.15,0.15,0.002974781731577545]"
/multi_agv/formal_execution_limiter_state,1788759164.3368132,1788759164.3368132,formal_execution_limiter_v1:header4+3x7,"[1.0,1788759164.3361425,1.0,0.08257405397975315,0.057123317277614834,0.0790270394783307,0.057123317277614834,0.0790270394783307,0.15,0.15,0.0,0.061270968851024586,0.055769888313077214,0.061270968851024586,0.055769888313077214,0.15,0.15,0.0,0.08257405397975315,0.078618093804037,0.08257405397975315,0.078618093804037,0.15,0.15,0.002974781731577545]"
/multi_agv/formal_execution_limiter_state,1788759164.346619,1788759164.346619,formal_execution_limiter_v1:header4+3x7,"[1.0,1788759164.3461027,1.0,0.0810760117513618,0.056742620067543784,0.07771800955951767,0.056742620067543784,0.07771800955951767,0.15,0.15,0.0,0.06013369117276661,0.05515637233322292,0.06013369117276661,0.05515637233322292,0.15,0.15,0.0,0.0810760117513618,0.07798904310912992,0.0810760117513618,0.07798904310912992,0.15,0.15,0.002974781731577545]"
/multi_agv/formal_execution_limiter_state,1788759164.3570704,1788759164.3570704,formal_execution_limiter_v1:header4+3x7,"[1.0,1788759164.3562453,1.0,0.08211383038847525,0.05678517908373142,0.07873651095915271,0.05678517908373142,0.07873651095915271,0.15,0.15,0.0,0.06079864243305467,0.05563452276570662,0.06079864243305467,0.05563452276570662,0.15,0.15,0.0,0.08211383038847525,0.07884526888041063,0.08211383038847525,0.07884526888041063,0.15,0.15,0.002974781731577545]"
/multi_agv/formal_execution_limiter_state,1788759164.3667376,1788759164.3667376,formal_execution_limiter_v1:header4+3x7,"[1.0,1788759164.366067,1.0,0.08381001083424226,0.056943530021819205,0.07990663005064255,0.056943530021819205,0.07990663005064255,0.15,0.15,0.0,0.06396146863379401,0.04703762158298634,0.06396146863379401,0.04703762158298634,0.15,0.15,0.0,0.08381001083424226,0.0803337087292856,0.08381001083424226,0.0803337087292856,0.15,0.15,0.002974781731577545]"
/multi_agv/formal_execution_limiter_state,1788759164.376811,1788759164.376811,formal_execution_limiter_v1:header4+3x7,"[1.0,1788759164.3761203,1.0,0.08473761674003218,0.057002031470102896,0.08020550788704302,0.057002031470102896,0.08020550788704302,0.15,0.15,0.0,0.06382534153695436,0.047084307140935894,0.06382534153695436,0.047084307140935894,0.15,0.15,0.0,0.08473761674003218,0.08139157674581603,0.08473761674003218,0.08139157674581603,0.15,0.15,0.002974781731577545]"
/multi_agv/formal_execution_limiter_state,1788759164.386894,1788759164.386894,formal_execution_limiter_v1:header4+3x7,"[1.0,1788759164.386133,1.0,0.08525418019426381,0.05710475300374526,0.0798074503383672,0.05710475300374526,0.0798074503383672,0.15,0.15,0.0,0.0633234067838078,0.04705566932154944,0.0633234067838078,0.04705566932154944,0.15,0.15,0.0,0.08525418019426381,0.08227142392276962,0.08525418019426381,0.08227142392276962,0.15,0.15,0.002974781731577545]"
/multi_agv/formal_execution_limiter_state,1788759164.3969643,1788759164.3969643,formal_execution_limiter_v1:header4+3x7,"[1.0,1788759164.3960965,1.0,0.0860162003365981,0.05745170230714992,0.08021506279817878,0.05745170230714992,0.08021506279817878,0.15,0.15,0.0,0.06292017458742419,0.04686930709391371,0.06292017458742419,0.04686930709391371,0.15,0.15,0.0,0.0860162003365981,0.0832717855418939,0.0860162003365981,0.0832717855418939,0.15,0.15,0.002974781731577545]"
/multi_agv/formal_execution_limiter_state,1788759164.406658,1788759164.406658,formal_execution_limiter_v1:header4+3x7,"[1.0,1788759164.4060965,1.0,0.08644084475888202,0.057419003221770785,0.08178959113317157,0.057419003221770785,0.08178959113317157,0.15,0.15,0.0,0.059833775378948885,0.0514169297498361,0.059833775378948885,0.0514169297498361,0.15,0.15,0.0,0.08644084475888202,0.08353226980777735,0.08644084475888202,0.08353226980777735,0.15,0.15,0.002974781731577545]"
/multi_agv/formal_execution_limiter_state,1788759164.4165905,1788759164.4165905,formal_execution_limiter_v1:header4+3x7,"[1.0,1788759164.4161503,1.0,0.08714921145846392,0.05783425255267903,0.08246010396524932,0.05783425255267903,0.08246010396524932,0.15,0.15,0.0,0.06028056697984873,0.05182506351738093,0.06028056697984873,0.05182506351738093,0.15,0.15,0.0,0.08714921145846392,0.08423012028189662,0.08714921145846392,0.08423012028189662,0.15,0.15,0.002974781731577545]"
/multi_agv/formal_execution_limiter_state,1788759164.42674,1788759164.42674,formal_execution_limiter_v1:header4+3x7,"[1.0,1788759164.4260936,1.0,0.08885398270400946,0.05861114766404601,0.08169344834779127,0.05861114766404601,0.08169344834779127,0.15,0.15,0.0,0.05928467848805131,0.05352984493805108,0.05928467848805131,0.05352984493805108,0.15,0.15,0.0,0.08885398270400946,0.08333990068955693,0.08885398270400946,0.08333990068955693,0.15,0.15,0.002974781731577545]"
/multi_agv/formal_execution_limiter_state,1788759164.4367423,1788759164.4367423,formal_execution_limiter_v1:header4+3x7,"[1.0,1788759164.4361181,1.0,0.0909993447945509,0.059478265513849875,0.08380477052626704,0.059478265513849875,0.08380477052626704,0.15,0.15,0.0,0.06046090378561567,0.05448592892295625,0.06046090378561567,0.05448592892295625,0.15,0.15,0.0,0.0909993447945509,0.08528763422488332,0.0909993447945509,0.08528763422488332,0.15,0.15,0.002974781731577545]"
/multi_agv/formal_execution_limiter_state,1788759164.4468353,1788759164.4468353,formal_execution_limiter_v1:header4+3x7,"[1.0,1788759164.4461832,1.0,0.09172206503588647,0.060136870243180374,0.08432306085523303,0.060136870243180374,0.08432306085523303,0.15,0.15,0.0,0.060530686333560436,0.054685124605754594,0.060530686333560436,0.054685124605754594,0.15,0.15,0.0,0.09172206503588647,0.08618523397160778,0.09172206503588647,0.08618523397160778,0.15,0.15,0.002974781731577545]"
/multi_agv/formal_execution_limiter_state,1788759164.4567518,1788759164.4567518,formal_execution_limiter_v1:header4+3x7,"[1.0,1788759164.456136,1.0,0.09263077052869632,0.06075782999134437,0.08531286363464795,0.06075782999134437,0.08531286363464795,0.15,0.15,0.0,0.0611546816492565,0.05537558058608251,0.0611546816492565,0.05537558058608251,0.15,0.15,0.0,0.09263077052869632,0.08698650435844317,0.09263077052869632,0.08698650435844317,0.15,0.15,0.002974781731577545]"
/multi_agv/formal_execution_limiter_state,1788759164.4666011,1788759164.4666011,formal_execution_limiter_v1:header4+3x7,"[1.0,1788759164.4661002,1.0,0.09178834090605062,0.06216788006669296,0.08494509157146071,0.06216788006669296,0.08494509157146071,0.15,0.15,0.0,0.06164297287106201,0.056422440288405686,0.06164297287106201,0.056422440288405686,0.15,0.15,0.0,0.09178834090605062,0.08724768778734301,0.09178834090605062,0.08724768778734301,0.15,0.15,0.002974781731577545]"
/multi_agv/formal_execution_limiter_state,1788759164.476752,1788759164.476752,formal_execution_limiter_v1:header4+3x7,"[1.0,1788759164.4761403,1.0,0.09234658218668093,0.06251483703013871,0.0855587125326325,0.06251483703013871,0.0855587125326325,0.15,0.15,0.0,0.06211298720237684,0.057033797256618744,0.06211298720237684,0.057033797256618744,0.15,0.15,0.0,0.09234658218668093,0.0878256726931878,0.09234658218668093,0.0878256726931878,0.15,0.15,0.002974781731577545]"
/multi_agv/formal_execution_limiter_state,1788759164.486887,1788759164.486887,formal_execution_limiter_v1:header4+3x7,"[1.0,1788759164.486092,1.0,0.09234979740472457,0.0624663639111952,0.08530299010483172,0.0624663639111952,0.08530299010483172,0.15,0.15,0.0,0.06177516910742372,0.05701637189139693,0.06177516910742372,0.05701637189139693,0.15,0.15,0.0,0.09234979740472457,0.08797686938273633,0.09234979740472457,0.08797686938273633,0.15,0.15,0.002974781731577545]"
/multi_agv/formal_execution_limiter_state,1788759164.4968388,1788759164.4968388,formal_execution_limiter_v1:header4+3x7,"[1.0,1788759164.4962358,1.0,0.09034423259278428,0.06268126378231684,0.08570909411806207,0.06268126378231684,0.08570909411806207,0.15,0.15,0.0,0.06186782601301041,0.05725878633376354,0.06186782601301041,0.05725878633376354,0.15,0.15,0.0,0.09034423259278428,0.08651545994322872,0.09034423259278428,0.08651545994322872,0.15,0.15,0.002974781731577545]"
/multi_agv/formal_execution_limiter_state,1788759164.5071461,1788759164.5071461,formal_execution_limiter_v1:header4+3x7,"[1.0,1788759164.5061586,1.0,0.08909453383990645,0.06495452760742089,0.08515250934663389,0.06495452760742089,0.08515250934663389,0.15,0.15,0.0,0.06069206556715783,0.06077404494829971,0.06069206556715783,0.06077404494829971,0.15,0.15,0.0,0.08909453383990645,0.08528928167212818,0.08909453383990645,0.08528928167212818,0.15,0.15,0.002974781731577545]"
/multi_agv/formal_execution_limiter_state,1788759164.5170965,1788759164.5170965,formal_execution_limiter_v1:header4+3x7,"[1.0,1788759164.5161293,1.0,0.0884945378493021,0.06550462233939397,0.08585906817102987,0.06550462233939397,0.08585906817102987,0.15,0.15,0.0,0.061428276884688666,0.061724122788677664,0.061428276884688666,0.061724122788677664,0.15,0.15,0.0,0.0884945378493021,0.08490024800415717,0.0884945378493021,0.08490024800415717,0.15,0.15,0.002974781731577545]"
/multi_agv/formal_execution_limiter_state,1788759164.5271666,1788759164.5271666,formal_execution_limiter_v1:header4+3x7,"[1.0,1788759164.5261285,1.0,0.08746599736586522,0.06563711101685822,0.0856447638059006,0.06563711101685822,0.0856447638059006,0.15,0.15,0.0,0.059639333418863495,0.05961883577366956,0.059639333418863495,0.05961883577366956,0.15,0.15,0.0,0.08746599736586522,0.08391401335152057,0.08746599736586522,0.08391401335152057,0.15,0.15,0.002974781731577545]"
/multi_agv/formal_execution_limiter_state,1788759164.5369546,1788759164.5369546,formal_execution_limiter_v1:header4+3x7,"[1.0,1788759164.5360901,1.0,0.08691217967856572,0.06351781503883304,0.08482082239384177,0.06351781503883304,0.08482082239384177,0.15,0.15,0.0,0.058880594248877954,0.05892510913120469,0.058880594248877954,0.05892510913120469,0.15,0.15,0.0,0.08691217967856572,0.08342700095798057,0.08691217967856572,0.08342700095798057,0.15,0.15,0.002974781731577545]"
/multi_agv/formal_execution_limiter_state,1788759164.5469623,1788759164.5469623,formal_execution_limiter_v1:header4+3x7,"[1.0,1788759164.5461109,1.0,0.08589854741317572,0.06263846947074718,0.08351435662768068,0.06263846947074718,0.08351435662768068,0.15,0.15,0.0,0.05818536537680897,0.058398394202632715,0.05818536537680897,0.058398394202632715,0.15,0.15,0.0,0.08589854741317572,0.08259256070658287,0.08589854741317572,0.08259256070658287,0.15,0.15,0.002974781731577545]"
/multi_agv/formal_execution_limiter_state,1788759164.556875,1788759164.556875,formal_execution_limiter_v1:header4+3x7,"[1.0,1788759164.5561686,1.0,0.08558244555229262,0.06223581556465121,0.08320074801950933,0.06223581556465121,0.08320074801950933,0.15,0.15,0.0,0.05835527373676748,0.05862730543459678,0.05835527373676748,0.05862730543459678,0.15,0.15,0.0,0.08558244555229262,0.08238531166956008,0.08558244555229262,0.08238531166956008,0.15,0.15,0.002974781731577545]"
/multi_agv/formal_execution_limiter_state,1788759164.5669594,1788759164.5669594,formal_execution_limiter_v1:header4+3x7,"[1.0,1788759164.5661461,1.0,0.08419174445023912,0.061863389785262846,0.08262453648524001,0.061863389785262846,0.08262453648524001,0.15,0.15,0.0,0.059338010543637874,0.05553850514087679,0.059338010543637874,0.05553850514087679,0.15,0.15,0.0,0.08392642594923606,0.08419174445023912,0.08392642594923606,0.08419174445023912,0.15,0.15,0.002974781731577545]"
/multi_agv/formal_execution_limiter_state,1788759164.577098,1788759164.577098,formal_execution_limiter_v1:header4+3x7,"[1.0,1788759164.5761242,1.0,0.0854800806983152,0.06222182922891364,0.0854800806983152,0.06222182922891364,0.0854800806983152,0.15,0.15,0.0,0.058737873193084406,0.05486736428283051,0.058737873193084406,0.05486736428283051,0.15,0.15,0.0,0.08391888086138193,0.08418083539064712,0.08391888086138193,0.08418083539064712,0.15,0.15,0.002974781731577545]"
/multi_agv/formal_execution_limiter_state,1788759164.5870752,1788759164.5870752,formal_execution_limiter_v1:header4+3x7,"[1.0,1788759164.5861466,1.0,0.08507331531363316,0.061865384857370066,0.08507331531363316,0.061865384857370066,0.08507331531363316,0.15,0.15,0.0,0.05806640532438168,0.05421983676825392,0.05806640532438168,0.05421983676825392,0.15,0.15,0.0,0.08362808981919839,0.0840179404435546,0.08362808981919839,0.0840179404435546,0.15,0.15,0.002974781731577545]"
/multi_agv/formal_execution_limiter_state,1788759164.5969071,1788759164.5969071,formal_execution_limiter_v1:header4+3x7,"[1.0,1788759164.5961275,1.0,0.08523744709119489,0.0617811102834326,0.08523744709119489,0.0617811102834326,0.08523744709119489,0.15,0.15,0.0,0.05827827877852819,0.05437128881640842,0.05827827877852819,0.05437128881640842,0.15,0.15,0.0,0.08391336327587232,0.08437587341335678,0.08391336327587232,0.08437587341335678,0.15,0.15,0.002974781731577545]"
/multi_agv/formal_execution_limiter_state,1788759164.6067474,1788759164.6067474,formal_execution_limiter_v1:header4+3x7,"[1.0,1788759164.6060953,1.0,0.08731892258466284,0.0619241594496209,0.08533796481084213,0.0619241594496209,0.08533796481084213,0.15,0.15,0.0,0.057308783514955636,0.05916303435139253,0.057308783514955636,0.05916303435139253,0.15,0.15,0.0,0.08731892258466284,0.08376271747433484,0.08731892258466284,0.08376271747433484,0.15,0.15,0.002974781731577545]"
/multi_agv/formal_execution_limiter_state,1788759164.616705,1788759164.616705,formal_execution_limiter_v1:header4+3x7,"[1.0,1788759164.6161847,1.0,0.08822520961659515,0.06237588758728996,0.08616173192728985,0.06237588758728996,0.08616173192728985,0.15,0.15,0.0,0.05779038715500293,0.05963624352639151,0.05779038715500293,0.05963624352639151,0.15,0.15,0.0,0.08822520961659515,0.08481430902983396,0.08822520961659515,0.08481430902983396,0.15,0.15,0.002974781731577545]"
/multi_agv/formal_execution_limiter_state,1788759164.62656,1788759164.62656,formal_execution_limiter_v1:header4+3x7,"[1.0,1788759164.6261234,1.0,0.08706627015628012,0.059526558482049345,0.08457816610871279,0.059526558482049345,0.08457816610871279,0.15,0.15,0.0,0.05840834792017461,0.05511735859559714,0.05840834792017461,0.05511735859559714,0.15,0.15,0.0,0.08706627015628012,0.08520515993373597,0.08706627015628012,0.08520515993373597,0.15,0.15,0.002974781731577545]"
/multi_agv/formal_execution_limiter_state,1788759164.6369717,1788759164.6369717,formal_execution_limiter_v1:header4+3x7,"[1.0,1788759164.6361876,1.0,0.08753139836889082,0.05835317379880328,0.08340183269007498,0.05835317379880328,0.08340183269007498,0.15,0.15,0.0,0.05824949154486399,0.05504766127294561,0.05824949154486399,0.05504766127294561,0.15,0.15,0.0,0.08753139836889082,0.08576826415063535,0.08753139836889082,0.08576826415063535,0.15,0.15,0.002974781731577545]"
/multi_agv/formal_execution_limiter_state,1788759164.6467104,1788759164.6467104,formal_execution_limiter_v1:header4+3x7,"[1.0,1788759164.6460862,1.0,0.0875510740827257,0.05681586887941223,0.08145811800716407,0.05681586887941223,0.08145811800716407,0.15,0.15,0.0,0.05824098712426373,0.05539202869323112,0.05824098712426373,0.05539202869323112,0.15,0.15,0.0,0.0875510740827257,0.08603826037482445,0.0875510740827257,0.08603826037482445,0.15,0.15,0.002974781731577545]"
/multi_agv/formal_execution_limiter_state,1788759164.656585,1788759164.656585,formal_execution_limiter_v1:header4+3x7,"[1.0,1788759164.6560862,1.0,0.08793968845879767,0.05616600053405278,0.08088892672420546,0.05616600053405278,0.08088892672420546,0.15,0.15,0.0,0.05835643501601743,0.05575543270611543,0.05835643501601743,0.05575543270611543,0.15,0.15,0.0,0.08793968845879767,0.08650026449620345,0.08793968845879767,0.08650026449620345,0.15,0.15,0.002974781731577545]"
/multi_agv/formal_execution_limiter_state,1788759164.6666253,1788759164.6666253,formal_execution_limiter_v1:header4+3x7,"[1.0,1788759164.6661015,1.0,0.08784577574614356,0.05567099900528033,0.08024607618258961,0.05567099900528033,0.08024607618258961,0.15,0.15,0.0,0.05788507885811908,0.05523001312070738,0.05788507885811908,0.05523001312070738,0.15,0.15,0.0,0.08784577574614356,0.08637293477857806,0.08784577574614356,0.08637293477857806,0.15,0.15,0.002974781731577545]"
/multi_agv/formal_execution_limiter_state,1788759164.676704,1788759164.676704,formal_execution_limiter_v1:header4+3x7,"[1.0,1788759164.6760848,1.0,0.09163729158379666,0.05742701800101488,0.07682210433588463,0.05742701800101488,0.07682210433588463,0.15,0.15,0.0,0.05738644979321836,0.05536360774287556,0.05738644979321836,0.05536360774287556,0.15,0.15,0.0,0.09163729158379666,0.08739351362675288,0.09163729158379666,0.08739351362675288,0.15,0.15,0.002974781731577545]"
/multi_agv/formal_execution_limiter_state,1788759164.6866112,1788759164.6866112,formal_execution_limiter_v1:header4+3x7,"[1.0,1788759164.686113,1.0,0.09235824785131962,0.05629328400965629,0.0755253374154793,0.05629328400965629,0.0755253374154793,0.15,0.15,0.0,0.05725124902335929,0.05551314371189198,0.05725124902335929,0.05551314371189198,0.15,0.15,0.0,0.09235824785131962,0.08825281465277206,0.09235824785131962,0.08825281465277206,0.15,0.15,0.002974781731577545]"
/multi_agv/formal_execution_limiter_state,1788759164.6966333,1788759164.6966333,formal_execution_limiter_v1:header4+3x7,"[1.0,1788759164.6961567,1.0,0.09334509897043926,0.05559507687464817,0.07491039472975124,0.05559507687464817,0.07491039472975124,0.15,0.15,0.0,0.05674760072786142,0.05609955686330577,0.05674760072786142,0.05609955686330577,0.15,0.15,0.0,0.09334509897043926,0.08926832589774951,0.09334509897043926,0.08926832589774951,0.15,0.15,0.002974781731577545]"
/multi_agv/formal_execution_limiter_state,1788759164.7066567,1788759164.7066567,formal_execution_limiter_v1:header4+3x7,"[1.0,1788759164.7061124,1.0,0.09177616078005954,0.059000950544877064,0.06821623975539473,0.059000950544877064,0.06821623975539473,0.15,0.15,0.0,0.05536251711010217,0.0556942071702231,0.05536251711010217,0.0556942071702231,0.15,0.15,0.0,0.09177616078005954,0.09068088958658627,0.09177616078005954,0.09068088958658627,0.15,0.15,0.002974781731577545]"
/multi_agv/formal_execution_limiter_state,1788759164.716673,1788759164.716673,formal_execution_limiter_v1:header4+3x7,"[1.0,1788759164.7161477,1.0,0.09357633982821581,0.05890000255862846,0.06899077677342032,0.05890000255862846,0.06899077677342032,0.15,0.15,0.0,0.055780884582531616,0.05598891805933314,0.055780884582531616,0.05598891805933314,0.15,0.15,0.0,0.09357633982821581,0.09243677679766452,0.09357633982821581,0.09243677679766452,0.15,0.15,0.002974781731577545]"
/multi_agv/formal_execution_limiter_state,1788759164.7267945,1788759164.7267945,formal_execution_limiter_v1:header4+3x7,"[1.0,1788759164.726119,1.0,0.09372771381006831,0.05833369387532788,0.06841839798936729,0.05833369387532788,0.06841839798936729,0.15,0.15,0.0,0.05563248615184032,0.0558165774150076,0.05563248615184032,0.0558165774150076,0.15,0.15,0.0,0.09372771381006831,0.09292148865204455,0.09372771381006831,0.09292148865204455,0.15,0.15,0.002974781731577545]"
/multi_agv/formal_execution_limiter_state,1788759164.737081,1788759164.737081,formal_execution_limiter_v1:header4+3x7,"[1.0,1788759164.7361445,1.0,0.0931005825180701,0.053355944694693104,0.07433118485238727,0.053355944694693104,0.07433118485238727,0.15,0.15,0.0,0.05671057957842523,0.05479341600076008,0.05671057957842523,0.05479341600076008,0.15,0.15,0.0,0.0931005825180701,0.09265462453277182,0.0931005825180701,0.09265462453277182,0.15,0.15,0.002974781731577545]"
/multi_agv/formal_execution_limiter_state,1788759164.746754,1788759164.746754,formal_execution_limiter_v1:header4+3x7,"[1.0,1788759164.7461283,1.0,0.09162691498160896,0.052798896142964846,0.07346442339069473,0.052798896142964846,0.07346442339069473,0.15,0.15,0.0,0.05586262043898963,0.05413660672425457,0.05586262043898963,0.05413660672425457,0.15,0.15,0.0,0.09162691498160896,0.09151870284334837,0.09162691498160896,0.09151870284334837,0.15,0.15,0.002974781731577545]"
/multi_agv/formal_execution_limiter_state,1788759164.7567306,1788759164.7567306,formal_execution_limiter_v1:header4+3x7,"[1.0,1788759164.7560923,1.0,0.09259569124395974,0.053106551244040234,0.07478950575545978,0.053106551244040234,0.07478950575545978,0.15,0.15,0.0,0.05642405192285169,0.05456969544533266,0.05642405192285169,0.05456969544533266,0.15,0.15,0.0,0.09259569124395974,0.09247152853212175,0.09259569124395974,0.09247152853212175,0.15,0.15,0.002974781731577545]"
/multi_agv/formal_execution_limiter_state,1788759164.7668579,1788759164.7668579,formal_execution_limiter_v1:header4+3x7,"[1.0,1788759164.7661297,1.0,0.09166536865753908,0.05556217135433841,0.07421078151046676,0.05556217135433841,0.07421078151046676,0.15,0.15,0.0,0.05549706363023552,0.056584266251138125,0.05549706363023552,0.056584266251138125,0.15,0.15,0.0,0.09166536865753908,0.08993246573791322,0.09166536865753908,0.08993246573791322,0.15,0.15,0.002974781731577545]"
/multi_agv/formal_execution_limiter_state,1788759164.7770426,1788759164.7770426,formal_execution_limiter_v1:header4+3x7,"[1.0,1788759164.7761207,1.0,0.09091495663108028,0.05599584887256271,0.07540353443120767,0.05599584887256271,0.07540353443120767,0.15,0.15,0.0,0.056050934932633294,0.0569369533330013,0.056050934932633294,0.0569369533330013,0.15,0.15,0.0,0.09091495663108028,0.08945501026692142,0.09091495663108028,0.08945501026692142,0.15,0.15,0.002974781731577545]"
/multi_agv/formal_execution_limiter_state,1788759164.7868192,1788759164.7868192,formal_execution_limiter_v1:header4+3x7,"[1.0,1788759164.7860932,1.0,0.08974919559396455,0.056067240461483064,0.07614747706380587,0.056067240461483064,0.07614747706380587,0.15,0.15,0.0,0.05621253855299369,0.057016158156301754,0.05621253855299369,0.057016158156301754,0.15,0.15,0.0,0.08974919559396455,0.08842481708934799,0.08974919559396455,0.08842481708934799,0.15,0.15,0.002974781731577545]"
/multi_agv/formal_execution_limiter_state,1788759164.7967951,1788759164.7967951,formal_execution_limiter_v1:header4+3x7,"[1.0,1788759164.7960896,1.0,0.09007517873016488,0.05620191867248898,0.07745616295948554,0.05620191867248898,0.07745616295948554,0.15,0.15,0.0,0.057939022347778375,0.05427365362315668,0.057939022347778375,0.05427365362315668,0.15,0.15,0.0,0.09007517873016488,0.08718669439693638,0.09007517873016488,0.08718669439693638,0.15,0.15,0.002974781731577545]"
/multi_agv/formal_execution_limiter_state,1788759164.8067884,1788759164.8067884,formal_execution_limiter_v1:header4+3x7,"[1.0,1788759164.80609,1.0,0.08779889795812057,0.057111022483557455,0.08173307465589941,0.057111022483557455,0.08173307465589941,0.15,0.15,0.0,0.057608422635298875,0.053481451160064225,0.057608422635298875,0.053481451160064225,0.15,0.15,0.0,0.08779889795812057,0.08540884374554136,0.08779889795812057,0.08540884374554136,0.15,0.15,0.002974781731577545]"
/multi_agv/formal_execution_limiter_state,1788759164.8167272,1788759164.8167272,formal_execution_limiter_v1:header4+3x7,"[1.0,1788759164.8160884,1.0,0.08826520614759611,0.05872842420126202,0.08479114011889595,0.05872842420126202,0.08479114011889595,0.15,0.15,0.0,0.05831852711553723,0.05406082884078982,0.05831852711553723,0.05406082884078982,0.15,0.15,0.0,0.08826520614759611,0.08587614336593552,0.08826520614759611,0.08587614336593552,0.15,0.15,0.002974781731577545]"
/multi_agv/formal_execution_limiter_state,1788759164.8268018,1788759164.8268018,formal_execution_limiter_v1:header4+3x7,"[1.0,1788759164.8260896,1.0,0.08722164326056854,0.05957467043771428,0.08636550364392384,0.05957467043771428,0.08636550364392384,0.15,0.15,0.0,0.05844086819303418,0.05409189797558754,0.05844086819303418,0.05409189797558754,0.15,0.15,0.0,0.08722164326056854,0.08502795588608035,0.08722164326056854,0.08502795588608035,0.15,0.15,0.002974781731577545]"
/multi_agv/formal_execution_limiter_state,1788759164.8367665,1788759164.8367665,formal_execution_limiter_v1:header4+3x7,"[1.0,1788759164.8360898,1.0,0.08936390021483406,0.05981354398745763,0.08936390021483406,0.05981354398745763,0.08936390021483406,0.15,0.15,0.0,0.05785287168573169,0.05249422393670972,0.05785287168573169,0.05249422393670972,0.15,0.15,0.0,0.08544771176844401,0.08489216089911564,0.08544771176844401,0.08489216089911564,0.15,0.15,0.002974781731577545]"
/multi_agv/formal_execution_limiter_state,1788759164.8469431,1788759164.8469431,formal_execution_limiter_v1:header4+3x7,"[1.0,1788759164.846183,1.0,0.08889234469520979,0.05975084523048387,0.08889234469520979,0.05975084523048387,0.08889234469520979,0.15,0.15,0.0,0.056922029986007754,0.05138170062330045,0.056922029986007754,0.05138170062330045,0.15,0.15,0.0,0.08371927804557738,0.08377714131176628,0.08371927804557738,0.08377714131176628,0.15,0.15,0.002974781731577545]"
/multi_agv/formal_execution_limiter_state,1788759164.8567758,1788759164.8567758,formal_execution_limiter_v1:header4+3x7,"[1.0,1788759164.85614,1.0,0.09095013018460323,0.060622558319331485,0.09095013018460323,0.060622558319331485,0.09095013018460323,0.15,0.15,0.0,0.05717585493159302,0.051536189359745854,0.05717585493159302,0.051536189359745854,0.15,0.15,0.0,0.08432823440948309,0.08440044847711292,0.08432823440948309,0.08440044847711292,0.15,0.15,0.002974781731577545]"
/multi_agv/formal_execution_limiter_state,1788759164.8669016,1788759164.8669016,formal_execution_limiter_v1:header4+3x7,"[1.0,1788759164.8661292,1.0,0.09004268312126347,0.05710799477376345,0.09004268312126347,0.05710799477376345,0.09004268312126347,0.15,0.15,0.0,0.054424217595931544,0.0533824082622831,0.054424217595931544,0.0533824082622831,0.15,0.15,0.0,0.08500173826204666,0.0825994967371384,0.08500173826204666,0.0825994967371384,0.15,0.15,0.002974781731577545]"
/multi_agv/formal_execution_limiter_state,1788759164.8767593,1788759164.8767593,formal_execution_limiter_v1:header4+3x7,"[1.0,1788759164.8760905,1.0,0.09097197913361099,0.05712685804195358,0.09097197913361099,0.05712685804195358,0.09097197913361099,0.15,0.15,0.0,0.05482076150374225,0.053675948283047184,0.05482076150374225,0.053675948283047184,0.15,0.15,0.0,0.0861001681285141,0.08371821180219412,0.0861001681285141,0.08371821180219412,0.15,0.15,0.002974781731577545]"
/multi_agv/formal_execution_limiter_state,1788759164.8870034,1788759164.8870034,formal_execution_limiter_v1:header4+3x7,"[1.0,1788759164.8861427,1.0,0.09070462662050613,0.05704549037489906,0.09070462662050613,0.05704549037489906,0.09070462662050613,0.15,0.15,0.0,0.05423816432918359,0.05313761810521293,0.05423816432918359,0.05313761810521293,0.15,0.15,0.0,0.08602372386500369,0.08401872904069042,0.08602372386500369,0.08401872904069042,0.15,0.15,0.002974781731577545]"
/multi_agv/formal_execution_limiter_state,1788759164.896887,1788759164.896887,formal_execution_limiter_v1:header4+3x7,"[1.0,1788759164.8960934,1.0,0.0913514790217217,0.05865232830718924,0.0913514790217217,0.05865232830718924,0.0913514790217217,0.15,0.15,0.0,0.05576716773640737,0.05178580209612317,0.05576716773640737,0.05178580209612317,0.15,0.15,0.0,0.08620482892203866,0.085060411716962,0.08620482892203866,0.085060411716962,0.15,0.15,0.002974781731577545]"
/multi_agv/formal_execution_limiter_state,1788759164.9068737,1788759164.9068737,formal_execution_limiter_v1:header4+3x7,"[1.0,1788759164.906092,1.0,0.09085273100624708,0.05831915636861895,0.09085273100624708,0.05831915636861895,0.09085273100624708,0.15,0.15,0.0,0.05614060911575118,0.05212284951272156,0.05614060911575118,0.05212284951272156,0.15,0.15,0.0,0.08635715999996925,0.08535654988518786,0.08635715999996925,0.08535654988518786,0.15,0.15,0.002974781731577545]"
/multi_agv/formal_execution_limiter_state,1788759164.9167078,1788759164.9167078,formal_execution_limiter_v1:header4+3x7,"[1.0,1788759164.9160907,1.0,0.09061185744383346,0.05801430693788959,0.09061185744383346,0.05801430693788959,0.09061185744383346,0.15,0.15,0.0,0.056630456254540794,0.0526288748398118,0.056630456254540794,0.0526288748398118,0.15,0.15,0.0,0.0869165065449336,0.08590135923458628,0.0869165065449336,0.08590135923458628,0.15,0.15,0.002974781731577545]"
/multi_agv/formal_execution_limiter_state,1788759164.9267876,1788759164.9267876,formal_execution_limiter_v1:header4+3x7,"[1.0,1788759164.9261026,1.0,0.08649889727764326,0.06348068657905998,0.08649889727764326,0.06348068657905998,0.08649889727764326,0.15,0.15,0.0,0.054967348727463096,0.05384118566365726,0.054967348727463096,0.05384118566365726,0.15,0.15,0.0,0.08532095226670594,0.08641077445498915,0.08532095226670594,0.08641077445498915,0.15,0.15,0.002974781731577545]"
/multi_agv/formal_execution_limiter_state,1788759164.9367106,1788759164.9367106,formal_execution_limiter_v1:header4+3x7,"[1.0,1788759164.9360883,1.0,0.08737303278257372,0.06435274017746132,0.08737303278257372,0.06435274017746132,0.08737303278257372,0.15,0.15,0.0,0.05485893941380471,0.05381175566390364,0.05485893941380471,0.05381175566390364,0.15,0.15,0.0,0.08558723388881082,0.08675533241193278,0.08558723388881082,0.08675533241193278,0.15,0.15,0.002974781731577545]"
/multi_agv/formal_execution_limiter_state,1788759164.9470458,1788759164.9470458,formal_execution_limiter_v1:header4+3x7,"[1.0,1788759164.9460924,1.0,0.08721005166219853,0.06489621824662051,0.08721005166219853,0.06489621824662051,0.08721005166219853,0.15,0.15,0.0,0.054826303822084047,0.053900712285346625,0.054826303822084047,0.053900712285346625,0.15,0.15,0.0,0.08553300290559943,0.08687887739622963,0.08553300290559943,0.08687887739622963,0.15,0.15,0.002974781731577545]"
/multi_agv/formal_execution_limiter_state,1788759164.9567537,1788759164.9567537,formal_execution_limiter_v1:header4+3x7,"[1.0,1788759164.9561021,1.0,0.08728848415251744,0.06511137883063278,0.08723095477178627,0.06511137883063278,0.08723095477178627,0.15,0.15,0.0,0.055383833983913715,0.05454063019266631,0.055383833983913715,0.05454063019266631,0.15,0.15,0.0,0.08587831111703112,0.08728848415251744,0.08587831111703112,0.08728848415251744,0.15,0.15,0.002974781731577545]"
/multi_agv/formal_execution_limiter_state,1788759164.9666555,1788759164.9666555,formal_execution_limiter_v1:header4+3x7,"[1.0,1788759164.9661214,1.0,0.08640175159243438,0.07144519701908102,0.0836993563109928,0.07144519701908102,0.0836993563109928,0.15,0.15,0.0,0.052054470415057265,0.055814992773203724,0.052054470415057265,0.055814992773203724,0.15,0.15,0.0,0.08640175159243438,0.0855369684973789,0.08640175159243438,0.0855369684973789,0.15,0.15,0.002974781731577545]"
/multi_agv/formal_execution_limiter_state,1788759164.9765959,1788759164.9765959,formal_execution_limiter_v1:header4+3x7,"[1.0,1788759164.9760857,1.0,0.08770983831368322,0.07312871496496519,0.08676798426319797,0.07312871496496519,0.08676798426319797,0.15,0.15,0.0,0.0524803213389042,0.0561520771076044,0.0524803213389042,0.0561520771076044,0.15,0.15,0.0,0.08770983831368322,0.08690627241989761,0.08770983831368322,0.08690627241989761,0.15,0.15,0.002974781731577545]"
/multi_agv/formal_execution_limiter_state,1788759164.9866781,1788759164.9866781,formal_execution_limiter_v1:header4+3x7,"[1.0,1788759164.9860868,1.0,0.08681442487422691,0.07427735230723283,0.08599814325275508,0.07427735230723283,0.08599814325275508,0.15,0.15,0.0,0.05176707088819532,0.05579844670657341,0.05176707088819532,0.05579844670657341,0.15,0.15,0.0,0.08681442487422691,0.08623606112137691,0.08681442487422691,0.08623606112137691,0.15,0.15,0.002974781731577545]"
/multi_agv/formal_execution_limiter_state,1788759164.9966054,1788759164.9966054,formal_execution_limiter_v1:header4+3x7,"[1.0,1788759164.9961216,1.0,0.08854673992615533,0.07556940907737397,0.08854673992615533,0.07556940907737397,0.08854673992615533,0.15,0.15,0.0,0.05236323397449022,0.056300304836969295,0.05236323397449022,0.056300304836969295,0.15,0.15,0.0,0.08811979534827835,0.08761188210805557,0.08811979534827835,0.08761188210805557,0.15,0.15,0.002974781731577545]"
/multi_agv/formal_execution_limiter_state,1788759165.006881,1788759165.006881,formal_execution_limiter_v1:header4+3x7,"[1.0,1788759165.0061512,1.0,0.09091061769705913,0.07447210520349004,0.08593020157918888,0.07447210520349004,0.08593020157918888,0.15,0.15,0.0,0.05686276543408924,0.055626754299657195,0.05686276543408924,0.055626754299657195,0.15,0.15,0.0,0.08754780337487597,0.09091061769705913,0.08754780337487597,0.09091061769705913,0.15,0.15,0.002974781731577545]"
/multi_agv/formal_execution_limiter_state,1788759165.0166862,1788759165.0166862,formal_execution_limiter_v1:header4+3x7,"[1.0,1788759165.0161347,1.0,0.09187246978938725,0.07433828845608063,0.08550148580025983,0.07433828845608063,0.08550148580025983,0.15,0.15,0.0,0.05751955729353449,0.05641633409118536,0.05751955729353449,0.05641633409118536,0.15,0.15,0.0,0.08839255652338736,0.09187246978938725,0.08839255652338736,0.09187246978938725,0.15,0.15,0.002974781731577545]"
/multi_agv/formal_execution_limiter_state,1788759165.0266855,1788759165.0266855,formal_execution_limiter_v1:header4+3x7,"[1.0,1788759165.0261414,1.0,0.09061473868733752,0.07420297155383457,0.08371851257531823,0.07420297155383457,0.08371851257531823,0.15,0.15,0.0,0.054743862430406846,0.05691675149643186,0.054743862430406846,0.05691675149643186,0.15,0.15,0.0,0.08876841092271401,0.09061473868733752,0.08876841092271401,0.09061473868733752,0.15,0.15,0.002974781731577545]"
/multi_agv/formal_execution_limiter_state,1788759165.0366795,1788759165.0366795,formal_execution_limiter_v1:header4+3x7,"[1.0,1788759165.036178,1.0,0.0923183903863068,0.07449956772808317,0.08494383348006751,0.07449956772808317,0.08494383348006751,0.15,0.15,0.0,0.05523299685951715,0.05732300806752486,0.05523299685951715,0.05732300806752486,0.15,0.15,0.0,0.09037364114731535,0.0923183903863068,0.09037364114731535,0.0923183903863068,0.15,0.15,0.002974781731577545]"
/multi_agv/formal_execution_limiter_state,1788759165.046857,1788759165.046857,formal_execution_limiter_v1:header4+3x7,"[1.0,1788759165.0461109,1.0,0.09152362207505318,0.07318743089651455,0.08234774916504511,0.07318743089651455,0.08234774916504511,0.15,0.15,0.0,0.05475665850740987,0.05705881214651088,0.05475665850740987,0.05705881214651088,0.15,0.15,0.0,0.08937975682744126,0.09152362207505318,0.08937975682744126,0.09152362207505318,0.15,0.15,0.002974781731577545]"
/multi_agv/formal_execution_limiter_state,1788759165.0566962,1788759165.0566962,formal_execution_limiter_v1:header4+3x7,"[1.0,1788759165.05612,1.0,0.09296403233497123,0.07309560395718429,0.08305675607628929,0.07309560395718429,0.08305675607628929,0.15,0.15,0.0,0.05538735914222563,0.057603994563017166,0.05538735914222563,0.057603994563017166,0.15,0.15,0.0,0.0907181400515054,0.09296403233497123,0.0907181400515054,0.09296403233497123,0.15,0.15,0.002974781731577545]"
/multi_agv/formal_execution_limiter_state,1788759165.0666685,1788759165.0666685,formal_execution_limiter_v1:header4+3x7,"[1.0,1788759165.0661018,1.0,0.09320140109350963,0.07034422420962212,0.08334366674511214,0.07034422420962212,0.08334366674511214,0.15,0.15,0.0,0.054583266618561214,0.0543928589210556,0.054583266618561214,0.0543928589210556,0.15,0.15,0.0,0.08869798427569048,0.09320140109350963,0.08869798427569048,0.09320140109350963,0.15,0.15,0.002974781731577545]"
/multi_agv/formal_execution_limiter_state,1788759165.0766828,1788759165.0766828,formal_execution_limiter_v1:header4+3x7,"[1.0,1788759165.07614,1.0,0.09355886577192957,0.06969424087053859,0.08271584400806893,0.06969424087053859,0.08271584400806893,0.15,0.15,0.0,0.05388343527525133,0.05364880171028982,0.05388343527525133,0.05364880171028982,0.15,0.15,0.0,0.08886390382084328,0.09355886577192957,0.08886390382084328,0.09355886577192957,0.15,0.15,0.002974781731577545]"
/multi_agv/formal_execution_limiter_state,1788759165.0867608,1788759165.0867608,formal_execution_limiter_v1:header4+3x7,"[1.0,1788759165.086148,1.0,0.09343899709901943,0.06855626113267667,0.08147442188072689,0.06855626113267667,0.08147442188072689,0.15,0.15,0.0,0.05328411430928044,0.05293387391777386,0.05328411430928044,0.05293387391777386,0.15,0.15,0.0,0.08864514208947644,0.09343899709901943,0.08864514208947644,0.09343899709901943,0.15,0.15,0.002974781731577545]"
/multi_agv/formal_execution_limiter_state,1788759165.0967784,1788759165.0967784,formal_execution_limiter_v1:header4+3x7,"[1.0,1788759165.0961173,1.0,0.09184428862477009,0.0661802707193697,0.08322596016480317,0.0661802707193697,0.08322596016480317,0.15,0.15,0.0,0.05328766031000513,0.05347922972605032,0.05328766031000513,0.05347922972605032,0.15,0.15,0.0,0.09071497838182802,0.09184428862477009,0.09071497838182802,0.09184428862477009,0.15,0.15,0.002974781731577545]"
/multi_agv/formal_execution_limiter_state,1788759165.1068618,1788759165.1068618,formal_execution_limiter_v1:header4+3x7,"[1.0,1788759165.106164,1.0,0.09041582715814694,0.06470879663229584,0.08129874044078911,0.06470879663229584,0.08129874044078911,0.15,0.15,0.0,0.05270661048099453,0.052898488308058815,0.05270661048099453,0.052898488308058815,0.15,0.15,0.0,0.08939833592912289,0.09041582715814694,0.08939833592912289,0.09041582715814694,0.15,0.15,0.002974781731577545]"
/multi_agv/formal_execution_limiter_state,1788759165.1166341,1788759165.1166341,formal_execution_limiter_v1:header4+3x7,"[1.0,1788759165.11609,1.0,0.09145767724498297,0.06455170539486696,0.08191343483804112,0.06455170539486696,0.08191343483804112,0.15,0.15,0.0,0.05324121424158992,0.0533591438177233,0.05324121424158992,0.0533591438177233,0.15,0.15,0.0,0.09032733588476666,0.09145767724498297,0.09032733588476666,0.09145767724498297,0.15,0.15,0.002974781731577545]"
/multi_agv/formal_execution_limiter_state,1788759165.1268342,1788759165.1268342,formal_execution_limiter_v1:header4+3x7,"[1.0,1788759165.1261525,1.0,0.09143618561932405,0.06375355924535832,0.08135094967982857,0.06375355924535832,0.08135094967982857,0.15,0.15,0.0,0.053314400779453354,0.05316822661079262,0.053314400779453354,0.05316822661079262,0.15,0.15,0.0,0.09027096600636271,0.09143618561932405,0.09027096600636271,0.09143618561932405,0.15,0.15,0.002974781731577545]"
/multi_agv/formal_execution_limiter_state,1788759165.136835,1788759165.136835,formal_execution_limiter_v1:header4+3x7,"[1.0,1788759165.136123,1.0,0.09219954205811746,0.06567201181354616,0.08129901924182607,0.06567201181354616,0.08129901924182607,0.15,0.15,0.0,0.052715778610734204,0.05361473943248235,0.052715778610734204,0.05361473943248235,0.15,0.15,0.0,0.09000632207905886,0.09219954205811746,0.09000632207905886,0.09219954205811746,0.15,0.15,0.002974781731577545]"
/multi_agv/formal_execution_limiter_state,1788759165.146865,1788759165.146865,formal_execution_limiter_v1:header4+3x7,"[1.0,1788759165.1461527,1.0,0.09170365324355595,0.0652785732094263,0.08164612078726331,0.0652785732094263,0.08164612078726331,0.15,0.15,0.0,0.05249145455602549,0.05333564095907083,0.05249145455602549,0.05333564095907083,0.15,0.15,0.0,0.08958315872662798,0.09170365324355595,0.08958315872662798,0.09170365324355595,0.15,0.15,0.002974781731577545]"
/multi_agv/formal_execution_limiter_state,1788759165.1567712,1788759165.1567712,formal_execution_limiter_v1:header4+3x7,"[1.0,1788759165.1561263,1.0,0.09173273156151436,0.0650376758988474,0.0821628781221542,0.0650376758988474,0.0821628781221542,0.15,0.15,0.0,0.052674705565676855,0.053446364153500875,0.052674705565676855,0.053446364153500875,0.15,0.15,0.0,0.08963567639347773,0.09173273156151436,0.08963567639347773,0.09173273156151436,0.15,0.15,0.002974781731577545]"
/multi_agv/formal_execution_limiter_state,1788759165.1667287,1788759165.1667287,formal_execution_limiter_v1:header4+3x7,"[1.0,1788759165.1661747,1.0,0.09202585870832238,0.060276682445621635,0.0863334247798271,0.060276682445621635,0.0863334247798271,0.15,0.15,0.0,0.053802010511982634,0.05189395549173523,0.053802010511982634,0.05189395549173523,0.15,0.15,0.0,0.08886652046557587,0.09202585870832238,0.08886652046557587,0.09202585870832238,0.15,0.15,0.002974781731577545]"
/multi_agv/formal_execution_limiter_state,1788759165.1767273,1788759165.1767273,formal_execution_limiter_v1:header4+3x7,"[1.0,1788759165.1761384,1.0,0.09244621871032996,0.05980154325735701,0.0866455624110965,0.05980154325735701,0.0866455624110965,0.15,0.15,0.0,0.05403376531409271,0.05196067838710358,0.05403376531409271,0.05196067838710358,0.15,0.15,0.0,0.08924124862926541,0.09244621871032996,0.08924124862926541,0.09244621871032996,0.15,0.15,0.002974781731577545]"
/multi_agv/formal_execution_limiter_state,1788759165.1866806,1788759165.1866806,formal_execution_limiter_v1:header4+3x7,"[1.0,1788759165.186102,1.0,0.09217878601210493,0.058939994350677045,0.08665102314482173,0.058939994350677045,0.08665102314482173,0.15,0.15,0.0,0.05388155355982169,0.051726202498573765,0.05388155355982169,0.051726202498573765,0.15,0.15,0.0,0.0889666128863388,0.09217878601210493,0.0889666128863388,0.09217878601210493,0.15,0.15,0.002974781731577545]"
/multi_agv/formal_execution_limiter_state,1788759165.196897,1788759165.196897,formal_execution_limiter_v1:header4+3x7,"[1.0,1788759165.1962214,1.0,0.09235694758776565,0.058359578850420805,0.0867694340840015,0.058359578850420805,0.0867694340840015,0.15,0.15,0.0,0.0540292653592085,0.05187347094078473,0.0540292653592085,0.05187347094078473,0.15,0.15,0.0,0.08906847356058158,0.09235694758776565,0.08906847356058158,0.09235694758776565,0.15,0.15,0.002974781731577545]"
/multi_agv/formal_execution_limiter_state,1788759165.2070177,1788759165.2070177,formal_execution_limiter_v1:header4+3x7,"[1.0,1788759165.20625,1.0,0.09027071354066034,0.060451797295559245,0.08105546939816216,0.060451797295559245,0.08105546939816216,0.15,0.15,0.0,0.053549360178901724,0.05188318776649695,0.053549360178901724,0.05188318776649695,0.15,0.15,0.0,0.08882415676173554,0.09027071354066034,0.08882415676173554,0.09027071354066034,0.15,0.15,0.002974781731577545]"
/multi_agv/formal_execution_limiter_state,1788759165.2169073,1788759165.2169073,formal_execution_limiter_v1:header4+3x7,"[1.0,1788759165.2161388,1.0,0.09136966711044386,0.06046353093998125,0.08186430265433231,0.06046353093998125,0.08186430265433231,0.15,0.15,0.0,0.05421756450595875,0.05249049365075236,0.05421756450595875,0.05249049365075236,0.15,0.15,0.0,0.08977269842286545,0.09136966711044386,0.08977269842286545,0.09136966711044386,0.15,0.15,0.002974781731577545]"
/multi_agv/formal_execution_limiter_state,1788759165.226733,1788759165.226733,formal_execution_limiter_v1:header4+3x7,"[1.0,1788759165.226139,1.0,0.0909845243756987,0.06000869567615422,0.08174281191146238,0.06000869567615422,0.08174281191146238,0.15,0.15,0.0,0.05405501172251932,0.052191212427306066,0.05405501172251932,0.052191212427306066,0.15,0.15,0.0,0.08950182185550229,0.0909845243756987,0.08950182185550229,0.0909845243756987,0.15,0.15,0.002974781731577545]"
/multi_agv/formal_execution_limiter_state,1788759165.236649,1788759165.236649,formal_execution_limiter_v1:header4+3x7,"[1.0,1788759165.2361457,1.0,0.09095558812796375,0.060001558442203715,0.08214403887718451,0.060001558442203715,0.08214403887718451,0.15,0.15,0.0,0.05336763828537337,0.0512181753207383,0.05336763828537337,0.0512181753207383,0.15,0.15,0.0,0.08954725310900638,0.09095558812796375,0.08954725310900638,0.09095558812796375,0.15,0.15,0.002974781731577545]"
/multi_agv/formal_execution_limiter_state,1788759165.2468174,1788759165.2468174,formal_execution_limiter_v1:header4+3x7,"[1.0,1788759165.2461634,1.0,0.0906601338135153,0.06122972157862637,0.07717847115275041,0.06122972157862637,0.07717847115275041,0.15,0.15,0.0,0.05297323186982419,0.05119990274966591,0.05297323186982419,0.05119990274966591,0.15,0.15,0.0,0.08908199101121385,0.0906601338135153,0.08908199101121385,0.0906601338135153,0.15,0.15,0.002974781731577545]"
/multi_agv/formal_execution_limiter_state,1788759165.2565763,1788759165.2565763,formal_execution_limiter_v1:header4+3x7,"[1.0,1788759165.256086,1.0,0.09082702976440798,0.060473305229788346,0.07635180336438792,0.060473305229788346,0.07635180336438792,0.15,0.15,0.0,0.053060572518083535,0.051205071294262425,0.053060572518083535,0.051205071294262425,0.15,0.15,0.0,0.08916728030693669,0.09082702976440798,0.08916728030693669,0.09082702976440798,0.15,0.15,0.002974781731577545]"
/multi_agv/formal_execution_limiter_state,1788759165.266732,1788759165.266732,formal_execution_limiter_v1:header4+3x7,"[1.0,1788759165.2661572,1.0,0.09047463908362093,0.058604863214955755,0.07507484403538203,0.058604863214955755,0.07507484403538203,0.15,0.15,0.0,0.05142468779316654,0.05154232446721396,0.05142468779316654,0.05154232446721396,0.15,0.15,0.0,0.0889798222710906,0.09047463908362093,0.0889798222710906,0.09047463908362093,0.15,0.15,0.002974781731577545]"
/multi_agv/formal_execution_limiter_state,1788759165.2766917,1788759165.2766917,formal_execution_limiter_v1:header4+3x7,"[1.0,1788759165.276135,1.0,0.09050457263555742,0.058283610766329236,0.07476461601159834,0.058283610766329236,0.07476461601159834,0.15,0.15,0.0,0.05099347333828749,0.051110212496286084,0.05099347333828749,0.051110212496286084,0.15,0.15,0.0,0.08892526824781147,0.09050457263555742,0.08892526824781147,0.09050457263555742,0.15,0.15,0.002974781731577545]"
/multi_agv/formal_execution_limiter_state,1788759165.2866986,1788759165.2866986,formal_execution_limiter_v1:header4+3x7,"[1.0,1788759165.286134,1.0,0.09021735819044119,0.0577802452072024,0.07407793535083165,0.0577802452072024,0.07407793535083165,0.15,0.15,0.0,0.05048667937349716,0.05076116885897664,0.05048667937349716,0.05076116885897664,0.15,0.15,0.0,0.08851029086888085,0.09021735819044119,0.08851029086888085,0.09021735819044119,0.15,0.15,0.002974781731577545]"
/multi_agv/formal_execution_limiter_state,1788759165.296838,1788759165.296838,formal_execution_limiter_v1:header4+3x7,"[1.0,1788759165.296124,1.0,0.09051434211117987,0.05736860173105765,0.07383765739807568,0.05736860173105765,0.07383765739807568,0.15,0.15,0.0,0.05053963548494204,0.05080595420219328,0.05053963548494204,0.05080595420219328,0.15,0.15,0.0,0.08856788703675686,0.09051434211117987,0.08856788703675686,0.09051434211117987,0.15,0.15,0.002974781731577545]"
/multi_agv/formal_execution_limiter_state,1788759165.3066032,1788759165.3066032,formal_execution_limiter_v1:header4+3x7,"[1.0,1788759165.3061209,1.0,0.09170532760421626,0.057410809970340676,0.07466498527769658,0.057410809970340676,0.07466498527769658,0.15,0.15,0.0,0.05096974144183447,0.05119636206592769,0.05096974144183447,0.05119636206592769,0.15,0.15,0.0,0.08957183010306585,0.09170532760421626,0.08957183010306585,0.09170532760421626,0.15,0.15,0.002974781731577545]"
/multi_agv/formal_execution_limiter_state,1788759165.3167868,1788759165.3167868,formal_execution_limiter_v1:header4+3x7,"[1.0,1788759165.3162239,1.0,0.09309631903427068,0.055011403082046814,0.07783251902277445,0.055011403082046814,0.07783251902277445,0.15,0.15,0.0,0.052341250803072316,0.05076139083758779,0.052341250803072316,0.05076139083758779,0.15,0.15,0.0,0.08835034731289676,0.09309631903427068,0.08835034731289676,0.09309631903427068,0.15,0.15,0.002974781731577545]"
/multi_agv/formal_execution_limiter_state,1788759165.326732,1788759165.326732,formal_execution_limiter_v1:header4+3x7,"[1.0,1788759165.3261461,1.0,0.08985416460730371,0.05483240210982218,0.07699233147768073,0.05483240210982218,0.07699233147768073,0.15,0.15,0.0,0.05183132798131471,0.050427194329926456,0.05183132798131471,0.050427194329926456,0.15,0.15,0.0,0.08354020555303944,0.08985416460730371,0.08354020555303944,0.08985416460730371,0.15,0.15,0.002974781731577545]"
/multi_agv/formal_execution_limiter_state,1788759165.3367076,1788759165.3367076,formal_execution_limiter_v1:header4+3x7,"[1.0,1788759165.3360894,1.0,0.08943594815068012,0.05987335858414225,0.07371261233023693,0.05987335858414225,0.07371261233023693,0.15,0.15,0.0,0.05284103135264048,0.050102978395676234,0.05284103135264048,0.050102978395676234,0.15,0.15,0.0,0.0824699914774093,0.08943594815068012,0.0824699914774093,0.08943594815068012,0.15,0.15,0.002974781731577545]"
/multi_agv/formal_execution_limiter_state,1788759165.3465924,1788759165.3465924,formal_execution_limiter_v1:header4+3x7,"[1.0,1788759165.3461277,1.0,0.08757959280167081,0.059527398296012744,0.07346413808317907,0.059527398296012744,0.07346413808317907,0.15,0.15,0.0,0.05257820422403854,0.04964816082865153,0.05257820422403854,0.04964816082865153,0.15,0.15,0.0,0.08052339041301017,0.08757959280167081,0.08052339041301017,0.08757959280167081,0.15,0.15,0.002974781731577545]"
/multi_agv/formal_execution_limiter_state,1788759165.356643,1788759165.356643,formal_execution_limiter_v1:header4+3x7,"[1.0,1788759165.3560874,1.0,0.08805293580208562,0.06035258824441474,0.07527051812373477,0.06035258824441474,0.07527051812373477,0.15,0.15,0.0,0.05326207814086676,0.050297334319182756,0.05326207814086676,0.050297334319182756,0.15,0.15,0.0,0.08082640038842331,0.08805293580208562,0.08082640038842331,0.08805293580208562,0.15,0.15,0.002974781731577545]"
/multi_agv/formal_execution_limiter_state,1788759165.3667078,1788759165.3667078,formal_execution_limiter_v1:header4+3x7,"[1.0,1788759165.3661351,1.0,0.08859781600006983,0.061230263083909435,0.07714652343946028,0.061230263083909435,0.07714652343946028,0.15,0.15,0.0,0.05398464432829763,0.05098686767665803,0.05398464432829763,0.05098686767665803,0.15,0.15,0.0,0.08119341579731587,0.08859781600006983,0.08119341579731587,0.08859781600006983,0.15,0.15,0.002974781731577545]"
/multi_agv/formal_execution_limiter_state,1788759165.376829,1788759165.376829,formal_execution_limiter_v1:header4+3x7,"[1.0,1788759165.3761263,1.0,0.08920690631149629,0.06214823075832786,0.07906589917157751,0.06214823075832786,0.07906589917157751,0.15,0.15,0.0,0.054735670521544294,0.051707124265930215,0.054735670521544294,0.051707124265930215,0.15,0.15,0.0,0.08161938383850607,0.08920690631149629,0.08161938383850607,0.08920690631149629,0.15,0.15,0.002974781731577545]"
/multi_agv/formal_execution_limiter_state,1788759165.3866491,1788759165.3866491,formal_execution_limiter_v1:header4+3x7,"[1.0,1788759165.3860893,1.0,0.08988106775462423,0.06310805166551327,0.0810321930789024,0.06310805166551327,0.0810321930789024,0.15,0.15,0.0,0.05551631033877668,0.05245928610414286,0.05551631033877668,0.05245928610414286,0.15,0.15,0.0,0.0821046377291278,0.08988106775462423,0.0821046377291278,0.08988106775462423,0.15,0.15,0.002974781731577545]"
/multi_agv/formal_execution_limiter_state,1788759165.3967483,1788759165.3967483,formal_execution_limiter_v1:header4+3x7,"[1.0,1788759165.396087,1.0,0.08245444052865704,0.06112466560140449,0.08187338451649533,0.06112466560140449,0.08187338451649533,0.15,0.15,0.0,0.0520251034412867,0.052413856379658515,0.0520251034412867,0.052413856379658515,0.15,0.15,0.0,0.07545770612996662,0.08245444052865704,0.07545770612996662,0.08245444052865704,0.15,0.15,0.002974781731577545]"
/multi_agv/formal_execution_limiter_state,1788759165.4066656,1788759165.4066656,formal_execution_limiter_v1:header4+3x7,"[1.0,1788759165.4061418,1.0,0.08416790144789636,0.06114847316554099,0.08416790144789636,0.06114847316554099,0.08416790144789636,0.15,0.15,0.0,0.05201067994448334,0.0509471511125302,0.05201067994448334,0.0509471511125302,0.15,0.15,0.0,0.07440358436379546,0.08138841258545793,0.07440358436379546,0.08138841258545793,0.15,0.15,0.002974781731577545]"
/multi_agv/formal_execution_limiter_state,1788759165.416585,1788759165.416585,formal_execution_limiter_v1:header4+3x7,"[1.0,1788759165.416088,1.0,0.08514453458831509,0.061732914474872974,0.08514453458831509,0.061732914474872974,0.08514453458831509,0.15,0.15,0.0,0.05161957885192696,0.05055264929297715,0.05161957885192696,0.05055264929297715,0.15,0.15,0.0,0.07406140083615248,0.08116344775979736,0.07406140083615248,0.08116344775979736,0.15,0.15,0.002974781731577545]"
/multi_agv/formal_execution_limiter_state,1788759165.4268162,1788759165.4268162,formal_execution_limiter_v1:header4+3x7,"[1.0,1788759165.4260862,1.0,0.08410319041219802,0.06622119954362644,0.07982743588858242,0.06622119954362644,0.07982743588858242,0.15,0.15,0.0,0.05084019020175725,0.05004342254724791,0.05084019020175725,0.05004342254724791,0.15,0.15,0.0,0.07815163410258952,0.08410319041219802,0.07815163410258952,0.08410319041219802,0.15,0.15,0.002974781731577545]"
/multi_agv/formal_execution_limiter_state,1788759165.4370923,1788759165.4370923,formal_execution_limiter_v1:header4+3x7,"[1.0,1788759165.43611,1.0,0.08582856372172247,0.06666217676315839,0.08053981474676325,0.06666217676315839,0.08053981474676325,0.15,0.15,0.0,0.05099104992338695,0.05014026848742356,0.05099104992338695,0.05014026848742356,0.15,0.15,0.0,0.07959812377690088,0.08582856372172247,0.07959812377690088,0.08582856372172247,0.15,0.15,0.002974781731577545]"
/multi_agv/formal_execution_limiter_state,1788759165.4469485,1788759165.4469485,formal_execution_limiter_v1:header4+3x7,"[1.0,1788759165.446122,1.0,0.08696683954085586,0.06687160915059223,0.08051410920445579,0.06687160915059223,0.08051410920445579,0.15,0.15,0.0,0.05067769943307613,0.04971724511094643,0.05067769943307613,0.04971724511094643,0.15,0.15,0.0,0.08060507721663958,0.08696683954085586,0.08060507721663958,0.08696683954085586,0.15,0.15,0.002974781731577545]"
/multi_agv/formal_execution_limiter_state,1788759165.4567063,1788759165.4567063,formal_execution_limiter_v1:header4+3x7,"[1.0,1788759165.4560857,1.0,0.08848494263570682,0.06689305511973616,0.08056826807498994,0.06689305511973616,0.08056826807498994,0.15,0.15,0.0,0.05034176476064284,0.04946179714936419,0.05034176476064284,0.04946179714936419,0.15,0.15,0.0,0.08202866136063648,0.08848494263570682,0.08202866136063648,0.08848494263570682,0.15,0.15,0.002974781731577545]"
/multi_agv/formal_execution_limiter_state,1788759165.4670367,1788759165.4670367,formal_execution_limiter_v1:header4+3x7,"[1.0,1788759165.4661314,1.0,0.0911817725483435,0.06731881966200257,0.07996359629309283,0.06731881966200257,0.07996359629309283,0.15,0.15,0.0,0.050715515004503144,0.04824544384985218,0.050715515004503144,0.04824544384985218,0.15,0.15,0.0,0.08361876333177445,0.0911817725483435,0.08361876333177445,0.0911817725483435,0.15,0.15,0.002974781731577545]"
/multi_agv/formal_execution_limiter_state,1788759165.4768941,1788759165.4768941,formal_execution_limiter_v1:header4+3x7,"[1.0,1788759165.4761598,1.0,0.09298153300215316,0.06746668813517964,0.08018447708472634,0.06746668813517964,0.08018447708472634,0.15,0.15,0.0,0.05106600103716678,0.0486191015474801,0.05106600103716678,0.0486191015474801,0.15,0.15,0.0,0.08524845810042352,0.09298153300215316,0.08524845810042352,0.09298153300215316,0.15,0.15,0.002974781731577545]"
/multi_agv/formal_execution_limiter_state,1788759165.486634,1788759165.486634,formal_execution_limiter_v1:header4+3x7,"[1.0,1788759165.4861307,1.0,0.09389040363678479,0.06768219588372433,0.08010966533843804,0.06768219588372433,0.08010966533843804,0.15,0.15,0.0,0.05115765058530676,0.048600685483617206,0.05115765058530676,0.048600685483617206,0.15,0.15,0.0,0.08617010605428031,0.09389040363678479,0.08617010605428031,0.09389040363678479,0.15,0.15,0.002974781731577545]"
/multi_agv/formal_execution_limiter_state,1788759165.496792,1788759165.496792,formal_execution_limiter_v1:header4+3x7,"[1.0,1788759165.4961357,1.0,0.09511854818502928,0.06806816571791308,0.0806562468380626,0.06806816571791308,0.0806562468380626,0.15,0.15,0.0,0.050982607048083994,0.04837393509248451,0.050982607048083994,0.04837393509248451,0.15,0.15,0.0,0.08738164609340836,0.09511854818502928,0.08738164609340836,0.09511854818502928,0.15,0.15,0.002974781731577545]"
/multi_agv/formal_execution_limiter_state,1788759165.5066035,1788759165.5066035,formal_execution_limiter_v1:header4+3x7,"[1.0,1788759165.506117,1.0,0.09717450692644168,0.06515831182692342,0.0801868122901121,0.06515831182692342,0.0801868122901121,0.15,0.15,0.0,0.0511094068263313,0.045597851317602044,0.0511094068263313,0.045597851317602044,0.15,0.15,0.0,0.08846234057920267,0.09717450692644168,0.08846234057920267,0.09717450692644168,0.15,0.15,0.002974781731577545]"
/multi_agv/formal_execution_limiter_state,1788759165.5166175,1788759165.5166175,formal_execution_limiter_v1:header4+3x7,"[1.0,1788759165.516087,1.0,0.09850042719544456,0.0641951418035805,0.07923855330571032,0.0641951418035805,0.07923855330571032,0.15,0.15,0.0,0.051026789028222386,0.045523723792813386,0.051026789028222386,0.045523723792813386,0.15,0.15,0.0,0.08970436113852774,0.09850042719544456,0.08970436113852774,0.09850042719544456,0.15,0.15,0.002974781731577545]"
/multi_agv/formal_execution_limiter_state,1788759165.5266707,1788759165.5266707,formal_execution_limiter_v1:header4+3x7,"[1.0,1788759165.5260866,1.0,0.0990719202163653,0.06302470509212234,0.07787437507190599,0.06302470509212234,0.07787437507190599,0.15,0.15,0.0,0.05131713437559232,0.045681124364471304,0.05131713437559232,0.045681124364471304,0.15,0.15,0.0,0.090273066260664,0.0990719202163653,0.090273066260664,0.0990719202163653,0.15,0.15,0.002974781731577545]"
/multi_agv/formal_execution_limiter_state,1788759165.5366971,1788759165.5366971,formal_execution_limiter_v1:header4+3x7,"[1.0,1788759165.5360873,1.0,0.09849831369617046,0.06639844938730505,0.0782445390605633,0.06639844938730505,0.0782445390605633,0.15,0.15,0.0,0.04861394743089956,0.04822376178354054,0.04861394743089956,0.04822376178354054,0.15,0.15,0.0,0.09299731156885377,0.09849831369617046,0.09299731156885377,0.09849831369617046,0.15,0.15,0.002974781731577545]"
/multi_agv/formal_execution_limiter_state,1788759165.5467541,1788759165.5467541,formal_execution_limiter_v1:header4+3x7,"[1.0,1788759165.5461674,1.0,0.09784618540435364,0.06611852071995274,0.07764632214010415,0.06611852071995274,0.07764632214010415,0.15,0.15,0.0,0.04732559716600926,0.04691032768703918,0.04732559716600926,0.04691032768703918,0.15,0.15,0.0,0.09259024794542689,0.09784618540435364,0.09259024794542689,0.09784618540435364,0.15,0.15,0.002974781731577545]"
/multi_agv/formal_execution_limiter_state,1788759165.5567467,1788759165.5567467,formal_execution_limiter_v1:header4+3x7,"[1.0,1788759165.5561225,1.0,0.099648796239261,0.06693438986480194,0.07933277974863451,0.06693438986480194,0.07933277974863451,0.15,0.15,0.0,0.04743573140317774,0.047018718112001874,0.04743573140317774,0.047018718112001874,0.15,0.15,0.0,0.09407211391812469,0.099648796239261,0.09407211391812469,0.099648796239261,0.15,0.15,0.002974781731577545]"
/multi_agv/formal_execution_limiter_state,1788759165.5667324,1788759165.5667324,formal_execution_limiter_v1:header4+3x7,"[1.0,1788759165.5661466,1.0,0.0998818349858814,0.0636650504043131,0.082229197310433,0.0636650504043131,0.082229197310433,0.15,0.15,0.0,0.048101810988635814,0.04742409018968801,0.048101810988635814,0.04742409018968801,0.15,0.15,0.0,0.09482350455568563,0.0998818349858814,0.09482350455568563,0.0998818349858814,0.15,0.15,0.002974781731577545]"
/multi_agv/formal_execution_limiter_state,1788759165.5768287,1788759165.5768287,formal_execution_limiter_v1:header4+3x7,"[1.0,1788759165.5762074,1.0,0.10048072983905186,0.06355176256746317,0.08244255678801707,0.06355176256746317,0.08244255678801707,0.15,0.15,0.0,0.048633084727082825,0.047952897957428374,0.048633084727082825,0.047952897957428374,0.15,0.15,0.0,0.09524193247458686,0.10048072983905186,0.09524193247458686,0.10048072983905186,0.15,0.15,0.002974781731577545]"
/multi_agv/formal_execution_limiter_state,1788759165.5867097,1788759165.5867097,formal_execution_limiter_v1:header4+3x7,"[1.0,1788759165.5860991,1.0,0.09931430830581754,0.06317048590835136,0.08199372884092818,0.06317048590835136,0.08199372884092818,0.15,0.15,0.0,0.04769439987962943,0.04706585187013213,0.04769439987962943,0.04706585187013213,0.15,0.15,0.0,0.09407178251201835,0.09931430830581754,0.09407178251201835,0.09931430830581754,0.15,0.15,0.002974781731577545]"
/multi_agv/formal_execution_limiter_state,1788759165.5968974,1788759165.5968974,formal_execution_limiter_v1:header4+3x7,"[1.0,1788759165.5961275,1.0,0.10073821569468813,0.06378728420206659,0.08342541512872287,0.06378728420206659,0.08342541512872287,0.15,0.15,0.0,0.0481277889874842,0.04750874827899677,0.0481277889874842,0.04750874827899677,0.15,0.15,0.0,0.09518382112161397,0.10073821569468813,0.09518382112161397,0.10073821569468813,0.15,0.15,0.002974781731577545]"
/multi_agv/formal_execution_limiter_state,1788759165.6068928,1788759165.6068928,formal_execution_limiter_v1:header4+3x7,"[1.0,1788759165.6061375,1.0,0.10171856774920057,0.06456002770557107,0.07704710038374862,0.06456002770557107,0.07704710038374862,0.15,0.15,0.0,0.048293653777143807,0.04798411194786307,0.048293653777143807,0.04798411194786307,0.15,0.15,0.0,0.0928322997962785,0.10171856774920057,0.0928322997962785,0.10171856774920057,0.15,0.15,0.002974781731577545]"
/multi_agv/formal_execution_limiter_state,1788759165.6172194,1788759165.6172194,formal_execution_limiter_v1:header4+3x7,"[1.0,1788759165.6162813,1.0,0.10171453049774493,0.06330739169689205,0.07604326314341821,0.06330739169689205,0.07604326314341821,0.15,0.15,0.0,0.04892382704803547,0.048606999052550906,0.04892382704803547,0.048606999052550906,0.15,0.15,0.0,0.09268032412149882,0.10171453049774493,0.09268032412149882,0.10171453049774493,0.15,0.15,0.002974781731577545]"
/multi_agv/formal_execution_limiter_state,1788759165.626654,1788759165.626654,formal_execution_limiter_v1:header4+3x7,"[1.0,1788759165.6261272,1.0,0.1011019601994666,0.062113213829602464,0.07477532874633296,0.062113213829602464,0.07477532874633296,0.15,0.15,0.0,0.04931920173475655,0.04895612107097857,0.04931920173475655,0.04895612107097857,0.15,0.15,0.0,0.09191725602108067,0.1011019601994666,0.09191725602108067,0.1011019601994666,0.15,0.15,0.002974781731577545]"
/multi_agv/formal_execution_limiter_state,1788759165.6367207,1788759165.6367207,formal_execution_limiter_v1:header4+3x7,"[1.0,1788759165.6360915,1.0,0.10172018373109215,0.06157897672158422,0.08029688688316194,0.06157897672158422,0.08029688688316194,0.15,0.15,0.0,0.050867281635360875,0.043032145227349425,0.050867281635360875,0.043032145227349425,0.15,0.15,0.0,0.09042206723081644,0.10172018373109215,0.09042206723081644,0.10172018373109215,0.15,0.15,0.002974781731577545]"
/multi_agv/formal_execution_limiter_state,1788759165.6471944,1788759165.6471944,formal_execution_limiter_v1:header4+3x7,"[1.0,1788759165.6461835,1.0,0.10139424797125833,0.06191529041830592,0.08092572389425023,0.06191529041830592,0.08092572389425023,0.15,0.15,0.0,0.04989257838873489,0.04193776600100806,0.04989257838873489,0.04193776600100806,0.15,0.15,0.0,0.08963888629274268,0.10139424797125833,0.08963888629274268,0.10139424797125833,0.15,0.15,0.002974781731577545]"
/multi_agv/formal_execution_limiter_state,1788759165.6569974,1788759165.6569974,formal_execution_limiter_v1:header4+3x7,"[1.0,1788759165.6560955,1.0,0.10152091057881887,0.06213570945341075,0.08161753465638964,0.06213570945341075,0.08161753465638964,0.15,0.15,0.0,0.04971515653764466,0.041759274480891034,0.04971515653764466,0.041759274480891034,0.15,0.15,0.0,0.08942957470325685,0.10152091057881887,0.08942957470325685,0.10152091057881887,0.15,0.15,0.002974781731577545]"
/multi_agv/formal_execution_limiter_state,1788759165.6670105,1788759165.6670105,formal_execution_limiter_v1:header4+3x7,"[1.0,1788759165.6661265,1.0,0.09973340576494273,0.061852754588966385,0.07921386879892486,0.061852754588966385,0.07921386879892486,0.15,0.15,0.0,0.04630120726167691,0.04683599026570866,0.04630120726167691,0.04683599026570866,0.15,0.15,0.0,0.0897654385906708,0.09973340576494273,0.0897654385906708,0.09973340576494273,0.15,0.15,0.002974781731577545]"
/multi_agv/formal_execution_limiter_state,1788759165.67675,1788759165.67675,formal_execution_limiter_v1:header4+3x7,"[1.0,1788759165.676095,1.0,0.09944533574979725,0.06168042441171507,0.07922546874333568,0.06168042441171507,0.07922546874333568,0.15,0.15,0.0,0.04627833302070388,0.04692279152186602,0.04627833302070388,0.04692279152186602,0.15,0.15,0.0,0.08930051254782287,0.09944533574979725,0.08930051254782287,0.09944533574979725,0.15,0.15,0.002974781731577545]"
/multi_agv/formal_execution_limiter_state,1788759165.6866467,1788759165.6866467,formal_execution_limiter_v1:header4+3x7,"[1.0,1788759165.6861274,1.0,0.09808251484339599,0.06109877716236505,0.07835221834632453,0.06109877716236505,0.07835221834632453,0.15,0.15,0.0,0.04546367923239875,0.046116716699009984,0.04546367923239875,0.046116716699009984,0.15,0.15,0.0,0.08796361009341643,0.09808251484339599,0.08796361009341643,0.09808251484339599,0.15,0.15,0.002974781731577545]"
/multi_agv/formal_execution_limiter_state,1788759165.6967466,1788759165.6967466,formal_execution_limiter_v1:header4+3x7,"[1.0,1788759165.6961327,1.0,0.09912700458728164,0.061558510748680906,0.07953713522055889,0.061558510748680906,0.07953713522055889,0.15,0.15,0.0,0.04584859438324854,0.04653254497770021,0.04584859438324854,0.04653254497770021,0.15,0.15,0.0,0.08869045003793437,0.09912700458728164,0.08869045003793437,0.09912700458728164,0.15,0.15,0.002974781731577545]"
/multi_agv/formal_execution_limiter_state,1788759165.7067127,1788759165.7067127,formal_execution_limiter_v1:header4+3x7,"[1.0,1788759165.706145,1.0,0.09469132084821581,0.05958222867418476,0.07596000436762723,0.05958222867418476,0.07596000436762723,0.15,0.15,0.0,0.04866462889838957,0.044237624844599616,0.04866462889838957,0.044237624844599616,0.15,0.15,0.0,0.08832452423459398,0.09469132084821581,0.08832452423459398,0.09469132084821581,0.15,0.15,0.002974781731577545]"
/multi_agv/formal_execution_limiter_state,1788759165.717019,1788759165.717019,formal_execution_limiter_v1:header4+3x7,"[1.0,1788759165.7161534,1.0,0.09522492957065684,0.05936248654841266,0.07629581928185573,0.05936248654841266,0.07629581928185573,0.15,0.15,0.0,0.049496531571040045,0.04511325184315096,0.049496531571040045,0.04511325184315096,0.15,0.15,0.0,0.08858118110026636,0.09522492957065684,0.08858118110026636,0.09522492957065684,0.15,0.15,0.002974781731577545]"
/multi_agv/formal_execution_limiter_state,1788759165.7267501,1788759165.7267501,formal_execution_limiter_v1:header4+3x7,"[1.0,1788759165.7261345,1.0,0.09399296871300533,0.05876755666206375,0.07561189665117139,0.05876755666206375,0.07561189665117139,0.15,0.15,0.0,0.04921068573870173,0.04514715859240791,0.04921068573870173,0.04514715859240791,0.15,0.15,0.0,0.08742772516296923,0.09399296871300533,0.08742772516296923,0.09399296871300533,0.15,0.15,0.002974781731577545]"
/multi_agv/formal_execution_limiter_state,1788759165.7367308,1788759165.7367308,formal_execution_limiter_v1:header4+3x7,"[1.0,1788759165.736124,1.0,0.08910786262477723,0.05963320201969372,0.08277132817845165,0.05963320201969372,0.08277132817845165,0.15,0.15,0.0,0.04690709002016562,0.04740105328447236,0.04690709002016562,0.04740105328447236,0.15,0.15,0.0,0.08910786262477723,0.08799920804312288,0.08910786262477723,0.08799920804312288,0.15,0.15,0.002974781731577545]"
/multi_agv/formal_execution_limiter_state,1788759165.7466133,1788759165.7466133,formal_execution_limiter_v1:header4+3x7,"[1.0,1788759165.7460856,1.0,0.08809364899821746,0.060594251146199055,0.08406282314515513,0.060594251146199055,0.08406282314515513,0.15,0.15,0.0,0.04689109830224401,0.04749798869280105,0.04689109830224401,0.04749798869280105,0.15,0.15,0.0,0.08809364899821746,0.08673689434536853,0.08809364899821746,0.08673689434536853,0.15,0.15,0.002974781731577545]"
/multi_agv/formal_execution_limiter_state,1788759165.7568684,1788759165.7568684,formal_execution_limiter_v1:header4+3x7,"[1.0,1788759165.7561595,1.0,0.08757762860676668,0.06174450142129584,0.08578642992494001,0.06174450142129584,0.08578642992494001,0.15,0.15,0.0,0.047125218921058774,0.047934118695267904,0.047125218921058774,0.047934118695267904,0.15,0.15,0.0,0.08757762860676668,0.08614242611464443,0.08757762860676668,0.08614242611464443,0.15,0.15,0.002974781731577545]"
/multi_agv/formal_execution_limiter_state,1788759165.7668662,1788759165.7668662,formal_execution_limiter_v1:header4+3x7,"[1.0,1788759165.7661612,1.0,0.08791775483505057,0.06577715143646097,0.08432069853328421,0.06577715143646097,0.08432069853328421,0.15,0.15,0.0,0.04565692991809045,0.04734784607813071,0.04565692991809045,0.04734784607813071,0.15,0.15,0.0,0.08349587929608907,0.08791775483505057,0.08349587929608907,0.08791775483505057,0.15,0.15,0.002974781731577545]"
/multi_agv/formal_execution_limiter_state,1788759165.7768064,1788759165.7768064,formal_execution_limiter_v1:header4+3x7,"[1.0,1788759165.7761214,1.0,0.08735504573439277,0.06674683842777747,0.08555864648724922,0.06674683842777747,0.08555864648724922,0.15,0.15,0.0,0.04524152691412927,0.047096372141338765,0.04524152691412927,0.047096372141338765,0.15,0.15,0.0,0.08289167679753197,0.08735504573439277,0.08289167679753197,0.08735504573439277,0.15,0.15,0.002974781731577545]"
/multi_agv/formal_execution_limiter_state,1788759165.78666,1788759165.78666,formal_execution_limiter_v1:header4+3x7,"[1.0,1788759165.7861187,1.0,0.08682684166655025,0.06709980792071113,0.08586551390460681,0.06709980792071113,0.08586551390460681,0.15,0.15,0.0,0.04498051757667371,0.04702032168299062,0.04498051757667371,0.04702032168299062,0.15,0.15,0.0,0.0823444274249985,0.08682684166655025,0.0823444274249985,0.08682684166655025,0.15,0.15,0.002974781731577545]"
/multi_agv/formal_execution_limiter_state,1788759165.796661,1788759165.796661,formal_execution_limiter_v1:header4+3x7,"[1.0,1788759165.796148,1.0,0.08723038413392599,0.06768095868501162,0.08678805752427166,0.06768095868501162,0.08678805752427166,0.15,0.15,0.0,0.04519902311346794,0.047500854813634065,0.04519902311346794,0.047500854813634065,0.15,0.15,0.0,0.08255010510077475,0.08723038413392599,0.08255010510077475,0.08723038413392599,0.15,0.15,0.002974781731577545]"
/multi_agv/formal_execution_limiter_state,1788759165.8066623,1788759165.8066623,formal_execution_limiter_v1:header4+3x7,"[1.0,1788759165.8061235,1.0,0.08903036482496351,0.0695821904526512,0.08690340663401742,0.0695821904526512,0.08690340663401742,0.15,0.15,0.0,0.04515871127535844,0.04637676138390804,0.04515871127535844,0.04637676138390804,0.15,0.15,0.0,0.08289310321831489,0.08903036482496351,0.08289310321831489,0.08903036482496351,0.15,0.15,0.002974781731577545]"
/multi_agv/formal_execution_limiter_state,1788759165.816805,1788759165.816805,formal_execution_limiter_v1:header4+3x7,"[1.0,1788759165.8161678,1.0,0.08984915532739868,0.07018356424761421,0.08763980179918457,0.07018356424761421,0.08763980179918457,0.15,0.15,0.0,0.04492236538856006,0.04637318104108428,0.04492236538856006,0.04637318104108428,0.15,0.15,0.0,0.08327805689176596,0.08984915532739868,0.08327805689176596,0.08984915532739868,0.15,0.15,0.002974781731577545]"
/multi_agv/formal_execution_limiter_state,1788759165.8265731,1788759165.8265731,formal_execution_limiter_v1:header4+3x7,"[1.0,1788759165.8260872,1.0,0.09019883382878173,0.07022013325058098,0.08712104324403343,0.07022013325058098,0.08712104324403343,0.15,0.15,0.0,0.04361943783679934,0.047353449605385754,0.04361943783679934,0.047353449605385754,0.15,0.15,0.0,0.08065107724123198,0.09019883382878173,0.08065107724123198,0.09019883382878173,0.15,0.15,0.002974781731577545]"
/multi_agv/formal_execution_limiter_state,1788759165.836662,1788759165.836662,formal_execution_limiter_v1:header4+3x7,"[1.0,1788759165.8360896,1.0,0.09071060951049954,0.06805528939486612,0.0895776377654426,0.06805528939486612,0.0895776377654426,0.15,0.15,0.0,0.04387567595775642,0.04754305378919872,0.04387567595775642,0.04754305378919872,0.15,0.15,0.0,0.08086485094890443,0.09071060951049954,0.08086485094890443,0.09071060951049954,0.15,0.15,0.002974781731577545]"
/multi_agv/formal_execution_limiter_state,1788759165.8466609,1788759165.8466609,formal_execution_limiter_v1:header4+3x7,"[1.0,1788759165.84613,1.0,0.09107516562827205,0.06797217396614244,0.08907278587374917,0.06797217396614244,0.08907278587374917,0.15,0.15,0.0,0.043907981547697976,0.047932471928265864,0.043907981547697976,0.047932471928265864,0.15,0.15,0.0,0.08067148136718856,0.09107516562827205,0.08067148136718856,0.09107516562827205,0.15,0.15,0.002974781731577545]"
/multi_agv/formal_execution_limiter_state,1788759165.8566124,1788759165.8566124,formal_execution_limiter_v1:header4+3x7,"[1.0,1788759165.8560607,1.0,0.09144849231180453,0.06839374737550502,0.08942882194214705,0.06839374737550502,0.08942882194214705,0.15,0.15,0.0,0.04401218556618799,0.04815508478061937,0.04401218556618799,0.04815508478061937,0.15,0.15,0.0,0.08065055252302296,0.09144849231180453,0.08065055252302296,0.09144849231180453,0.15,0.15,0.002974781731577545]"
/multi_agv/formal_execution_limiter_state,1788759165.8666801,1788759165.8666801,formal_execution_limiter_v1:header4+3x7,"[1.0,1788759165.8661408,1.0,0.09035955360944158,0.06909260128269432,0.08179284302586104,0.06909260128269432,0.08179284302586104,0.15,0.15,0.0,0.04505129535029339,0.045955406533407635,0.04505129535029339,0.045955406533407635,0.15,0.15,0.0,0.080271390265938,0.09035955360944158,0.080271390265938,0.09035955360944158,0.15,0.15,0.002974781731577545]"
/multi_agv/formal_execution_limiter_state,1788759165.8770485,1788759165.8770485,formal_execution_limiter_v1:header4+3x7,"[1.0,1788759165.8762133,1.0,0.09061037886088451,0.06783715450378144,0.08024723132986558,0.06783715450378144,0.08024723132986558,0.15,0.15,0.0,0.04514116275850313,0.04598499735357576,0.04514116275850313,0.04598499735357576,0.15,0.15,0.0,0.08024289937922653,0.09061037886088451,0.08024289937922653,0.09061037886088451,0.15,0.15,0.002974781731577545]"
/multi_agv/formal_execution_limiter_state,1788759165.8869374,1788759165.8869374,formal_execution_limiter_v1:header4+3x7,"[1.0,1788759165.886136,1.0,0.09078971114993854,0.06612539801633854,0.07796375165234942,0.06612539801633854,0.07796375165234942,0.15,0.15,0.0,0.045065779801521114,0.04599262482613514,0.045065779801521114,0.04599262482613514,0.15,0.15,0.0,0.08026328944684984,0.09078971114993854,0.08026328944684984,0.09078971114993854,0.15,0.15,0.002974781731577545]"
/multi_agv/formal_execution_limiter_state,1788759165.8967361,1788759165.8967361,formal_execution_limiter_v1:header4+3x7,"[1.0,1788759165.896092,1.0,0.09148987169893426,0.0652806186994903,0.07687743148473973,0.0652806186994903,0.07687743148473973,0.15,0.15,0.0,0.04518422805424989,0.04621162498637005,0.04518422805424989,0.04621162498637005,0.15,0.15,0.0,0.08069671218887818,0.09148987169893426,0.08069671218887818,0.09148987169893426,0.15,0.15,0.002974781731577545]"
/multi_agv/formal_execution_limiter_state,1788759165.9069786,1788759165.9069786,formal_execution_limiter_v1:header4+3x7,"[1.0,1788759165.9061332,1.0,0.09254190703299556,0.06610106795633049,0.0819693768713428,0.06610106795633049,0.0819693768713428,0.15,0.15,0.0,0.04468505185962502,0.04764312831676549,0.04468505185962502,0.04764312831676549,0.15,0.15,0.0,0.08187443482559773,0.09254190703299556,0.08187443482559773,0.09254190703299556,0.15,0.15,0.002974781731577545]"
/multi_agv/formal_execution_limiter_state,1788759165.9168603,1788759165.9168603,formal_execution_limiter_v1:header4+3x7,"[1.0,1788759165.9160955,1.0,0.09354106750822415,0.06680721712364432,0.08266608389971905,0.06680721712364432,0.08266608389971905,0.15,0.15,0.0,0.04504375130461881,0.04806381128233908,0.04504375130461881,0.04806381128233908,0.15,0.15,0.0,0.08255386626942969,0.09354106750822415,0.08255386626942969,0.09354106750822415,0.15,0.15,0.002974781731577545]"
/multi_agv/formal_execution_limiter_state,1788759165.9271479,1788759165.9271479,formal_execution_limiter_v1:header4+3x7,"[1.0,1788759165.9260933,1.0,0.09431778489078138,0.06678669603322693,0.08236362942158953,0.06678669603322693,0.08236362942158953,0.15,0.15,0.0,0.04461648602422093,0.04722514179217453,0.04461648602422093,0.04722514179217453,0.15,0.15,0.0,0.08301249014581505,0.09431778489078138,0.08301249014581505,0.09431778489078138,0.15,0.15,0.002974781731577545]"
/multi_agv/formal_execution_limiter_state,1788759165.9370077,1788759165.9370077,formal_execution_limiter_v1:header4+3x7,"[1.0,1788759165.936095,1.0,0.09483407707560684,0.06959565365685948,0.08295882373815396,0.06959565365685948,0.08295882373815396,0.15,0.15,0.0,0.04423157443462812,0.047437556948363116,0.04423157443462812,0.047437556948363116,0.15,0.15,0.0,0.08799920523605476,0.09483407707560684,0.08799920523605476,0.09483407707560684,0.15,0.15,0.002974781731577545]"
/multi_agv/formal_execution_limiter_state,1788759165.9469724,1788759165.9469724,formal_execution_limiter_v1:header4+3x7,"[1.0,1788759165.9460948,1.0,0.09449043411920305,0.07032729394360614,0.08279538682733699,0.07032729394360614,0.08279538682733699,0.15,0.15,0.0,0.04387029315769502,0.04721152519364035,0.04387029315769502,0.04721152519364035,0.15,0.15,0.0,0.08787827530421163,0.09449043411920305,0.08787827530421163,0.09449043411920305,0.15,0.15,0.002974781731577545]"
/multi_agv/formal_execution_limiter_state,1788759165.957039,1788759165.957039,formal_execution_limiter_v1:header4+3x7,"[1.0,1788759165.9560947,1.0,0.0967943333161296,0.07175133627614003,0.08498252711458143,0.07175133627614003,0.08498252711458143,0.15,0.15,0.0,0.04439896175336837,0.04784634630438968,0.04439896175336837,0.04784634630438968,0.15,0.15,0.0,0.08967429878045122,0.0967943333161296,0.08967429878045122,0.0967943333161296,0.15,0.15,0.002974781731577545]"
/multi_agv/formal_execution_limiter_state,1788759165.9669433,1788759165.9669433,formal_execution_limiter_v1:header4+3x7,"[1.0,1788759165.966093,1.0,0.0966537317263848,0.07262743535013826,0.08555051220149888,0.07262743535013826,0.08555051220149888,0.15,0.15,0.0,0.044349477428128135,0.04782057919482715,0.044349477428128135,0.04782057919482715,0.15,0.15,0.0,0.08688770175607971,0.0966537317263848,0.08688770175607971,0.0966537317263848,0.15,0.15,0.002974781731577545]"
/multi_agv/formal_execution_limiter_state,1788759165.9769297,1788759165.9769297,formal_execution_limiter_v1:header4+3x7,"[1.0,1788759165.9760926,1.0,0.09717243394765054,0.07295324711580159,0.08245461525410772,0.07295324711580159,0.08245461525410772,0.15,0.15,0.0,0.04532567937141618,0.04859065408658966,0.04532567937141618,0.04859065408658966,0.15,0.15,0.0,0.08711714911300955,0.09717243394765054,0.08711714911300955,0.09717243394765054,0.15,0.15,0.002974781731577545]"
/multi_agv/formal_execution_limiter_state,1788759165.9869428,1788759165.9869428,formal_execution_limiter_v1:header4+3x7,"[1.0,1788759165.9861202,1.0,0.09714479303561926,0.07205211107445275,0.08126602069590602,0.07205211107445275,0.08126602069590602,0.15,0.15,0.0,0.04550463858122651,0.04917102601824176,0.04550463858122651,0.04917102601824176,0.15,0.15,0.0,0.08722035617182641,0.09714479303561926,0.08722035617182641,0.09714479303561926,0.15,0.15,0.002974781731577545]"
/multi_agv/formal_execution_limiter_state,1788759165.9968736,1788759165.9968736,formal_execution_limiter_v1:header4+3x7,"[1.0,1788759165.996092,1.0,0.09758275292232454,0.07181533354519976,0.08097593909988593,0.07181533354519976,0.08097593909988593,0.15,0.15,0.0,0.045181794873577596,0.04886198967602971,0.045181794873577596,0.04886198967602971,0.15,0.15,0.0,0.08758432180543152,0.09758275292232454,0.08758432180543152,0.09758275292232454,0.15,0.15,0.002974781731577545]"
/multi_agv/formal_execution_limiter_state,1788759166.0069284,1788759166.0069284,formal_execution_limiter_v1:header4+3x7,"[1.0,1788759166.0061278,1.0,0.09865640787419798,0.0725573243250121,0.08356135750463492,0.0725573243250121,0.08356135750463492,0.15,0.15,0.0,0.044855303288795285,0.04840554178100769,0.044855303288795285,0.04840554178100769,0.15,0.15,0.0,0.08746603681653774,0.09865640787419798,0.08746603681653774,0.09865640787419798,0.15,0.15,0.002974781731577545]"
/multi_agv/formal_execution_limiter_state,1788759166.0170395,1788759166.0170395,formal_execution_limiter_v1:header4+3x7,"[1.0,1788759166.0160947,1.0,0.0992615862477289,0.07287617936990934,0.08410525321598153,0.07287617936990934,0.08410525321598153,0.15,0.15,0.0,0.044763641985026,0.04841806355946267,0.044763641985026,0.04841806355946267,0.15,0.15,0.0,0.087905355833227,0.0992615862477289,0.087905355833227,0.0992615862477289,0.15,0.15,0.002974781731577545]"
/multi_agv/formal_execution_limiter_state,1788759166.0270946,1788759166.0270946,formal_execution_limiter_v1:header4+3x7,"[1.0,1788759166.0261328,1.0,0.09961770607497979,0.07249794526252679,0.08379963766330564,0.07249794526252679,0.08379963766330564,0.15,0.15,0.0,0.04497927737763076,0.048717162493767896,0.04497927737763076,0.048717162493767896,0.15,0.15,0.0,0.08819660824224772,0.09961770607497979,0.08819660824224772,0.09961770607497979,0.15,0.15,0.002974781731577545]"
/multi_agv/formal_execution_limiter_state,1788759166.0370722,1788759166.0370722,formal_execution_limiter_v1:header4+3x7,"[1.0,1788759166.0360954,1.0,0.10215454479283825,0.07404589667823135,0.08358401791799745,0.07404589667823135,0.08358401791799745,0.15,0.15,0.0,0.048765828042913045,0.047376496723347636,0.048765828042913045,0.047376496723347636,0.15,0.15,0.0,0.09099167709398578,0.10215454479283825,0.09099167709398578,0.10215454479283825,0.15,0.15,0.002974781731577545]"
/multi_agv/formal_execution_limiter_state,1788759166.0469415,1788759166.0469415,formal_execution_limiter_v1:header4+3x7,"[1.0,1788759166.046097,1.0,0.1029243278295362,0.07425755286089897,0.08369113041254184,0.07425755286089897,0.08369113041254184,0.15,0.15,0.0,0.049261650795485584,0.047827372378662594,0.049261650795485584,0.047827372378662594,0.15,0.15,0.0,0.09167542798495679,0.1029243278295362,0.09167542798495679,0.1029243278295362,0.15,0.15,0.002974781731577545]"
/multi_agv/formal_execution_limiter_state,1788759166.0570078,1788759166.0570078,formal_execution_limiter_v1:header4+3x7,"[1.0,1788759166.056135,1.0,0.10385630156658346,0.07428616706049901,0.0838707627887369,0.07428616706049901,0.0838707627887369,0.15,0.15,0.0,0.049480345706171935,0.04810988014166723,0.049480345706171935,0.04810988014166723,0.15,0.15,0.0,0.0923914799206575,0.10385630156658346,0.0923914799206575,0.10385630156658346,0.15,0.15,0.002974781731577545]"
/multi_agv/formal_execution_limiter_state,1788759166.0667753,1788759166.0667753,formal_execution_limiter_v1:header4+3x7,"[1.0,1788759166.0661979,1.0,0.10374504587594198,0.07125934329708272,0.07940798541651836,0.07125934329708272,0.07940798541651836,0.15,0.15,0.0,0.04788963111135212,0.05093902754778477,0.04788963111135212,0.05093902754778477,0.15,0.15,0.0,0.090937290108333,0.10374504587594198,0.090937290108333,0.10374504587594198,0.15,0.15,0.002974781731577545]"
/multi_agv/formal_execution_limiter_state,1788759166.0767763,1788759166.0767763,formal_execution_limiter_v1:header4+3x7,"[1.0,1788759166.0760925,1.0,0.10516592352777737,0.07042725168426049,0.0788467138767407,0.07042725168426049,0.0788467138767407,0.15,0.15,0.0,0.048632378503137313,0.051841279724084324,0.048632378503137313,0.051841279724084324,0.15,0.15,0.0,0.09189827277297857,0.10516592352777737,0.09189827277297857,0.10516592352777737,0.15,0.15,0.002974781731577545]"
/multi_agv/formal_execution_limiter_state,1788759166.0869856,1788759166.0869856,formal_execution_limiter_v1:header4+3x7,"[1.0,1788759166.086185,1.0,0.10453508385814723,0.06830063304211123,0.07600842003162131,0.06830063304211123,0.07600842003162131,0.15,0.15,0.0,0.049116344203807984,0.05217979775413325,0.049116344203807984,0.05217979775413325,0.15,0.15,0.0,0.09153520143436682,0.10453508385814723,0.09153520143436682,0.10453508385814723,0.15,0.15,0.002974781731577545]"
/multi_agv/formal_execution_limiter_state,1788759166.0970066,1788759166.0970066,formal_execution_limiter_v1:header4+3x7,"[1.0,1788759166.0962675,1.0,0.10489888135353984,0.06729644817265251,0.07492499735273192,0.06729644817265251,0.07492499735273192,0.15,0.15,0.0,0.049398045199311465,0.052539077284463644,0.049398045199311465,0.052539077284463644,0.15,0.15,0.0,0.09171334563239847,0.10489888135353984,0.09171334563239847,0.10489888135353984,0.15,0.15,0.002974781731577545]"
/multi_agv/formal_execution_limiter_state,1788759166.106849,1788759166.106849,formal_execution_limiter_v1:header4+3x7,"[1.0,1788759166.1062737,1.0,0.10228649922086944,0.0679191759111702,0.0698324598638492,0.0679191759111702,0.0698324598638492,0.15,0.15,0.0,0.04855784064045516,0.051253950213762674,0.04855784064045516,0.051253950213762674,0.15,0.15,0.0,0.09031521597069225,0.10228649922086944,0.09031521597069225,0.10228649922086944,0.15,0.15,0.002974781731577545]"
/multi_agv/formal_execution_limiter_state,1788759166.1168218,1788759166.1168218,formal_execution_limiter_v1:header4+3x7,"[1.0,1788759166.1161091,1.0,0.1032228877896698,0.06765720045036153,0.06992154544465709,0.06765720045036153,0.06992154544465709,0.15,0.15,0.0,0.04887365618437026,0.051711034505207115,0.04887365618437026,0.051711034505207115,0.15,0.15,0.0,0.09083806372624821,0.1032228877896698,0.09083806372624821,0.1032228877896698,0.15,0.15,0.002974781731577545]"
/multi_agv/formal_execution_limiter_state,1788759166.1271756,1788759166.1271756,formal_execution_limiter_v1:header4+3x7,"[1.0,1788759166.126199,1.0,0.10284338437669885,0.066654192927414,0.06888761208903911,0.066654192927414,0.06888761208903911,0.15,0.15,0.0,0.04872937420453824,0.05199075561206755,0.04872937420453824,0.05199075561206755,0.15,0.15,0.0,0.09078039778751407,0.10284338437669885,0.09078039778751407,0.10284338437669885,0.15,0.15,0.002974781731577545]"
/multi_agv/formal_execution_limiter_state,1788759166.1371117,1788759166.1371117,formal_execution_limiter_v1:header4+3x7,"[1.0,1788759166.136133,1.0,0.10214858162625838,0.06570852381136195,0.06971378104014771,0.06570852381136195,0.06971378104014771,0.15,0.15,0.0,0.0477018765813195,0.05109216445744523,0.0477018765813195,0.05109216445744523,0.15,0.15,0.0,0.09036618169508408,0.10214858162625838,0.09036618169508408,0.10214858162625838,0.15,0.15,0.002974781731577545]"
/multi_agv/formal_execution_limiter_state,1788759166.1469128,1788759166.1469128,formal_execution_limiter_v1:header4+3x7,"[1.0,1788759166.146092,1.0,0.10093403930937205,0.06518502222424404,0.06924614589480367,0.06518502222424404,0.06924614589480367,0.15,0.15,0.0,0.0466567711122599,0.0502636887162709,0.0466567711122599,0.0502636887162709,0.15,0.15,0.0,0.08929069558450974,0.10093403930937205,0.08929069558450974,0.10093403930937205,0.15,0.15,0.002974781731577545]"
/multi_agv/formal_execution_limiter_state,1788759166.156879,1788759166.156879,formal_execution_limiter_v1:header4+3x7,"[1.0,1788759166.1561456,1.0,0.10019275182559201,0.06500127256083812,0.06937723682747468,0.06500127256083812,0.06937723682747468,0.15,0.15,0.0,0.045986585105279976,0.04977669837160431,0.045986585105279976,0.04977669837160431,0.15,0.15,0.0,0.08847950371010777,0.10019275182559201,0.08847950371010777,0.10019275182559201,0.15,0.15,0.002974781731577545]"
/multi_agv/formal_execution_limiter_state,1788759166.1668565,1788759166.1668565,formal_execution_limiter_v1:header4+3x7,"[1.0,1788759166.166152,1.0,0.1000041433502351,0.05967323000148373,0.07528754160357512,0.05967323000148373,0.07528754160357512,0.15,0.15,0.0,0.04311078180557604,0.05260729856683444,0.04311078180557604,0.05260729856683444,0.15,0.15,0.0,0.08631339076452325,0.1000041433502351,0.08631339076452325,0.1000041433502351,0.15,0.15,0.002974781731577545]"
/multi_agv/formal_execution_limiter_state,1788759166.1771312,1788759166.1771312,formal_execution_limiter_v1:header4+3x7,"[1.0,1788759166.176142,1.0,0.10117388015764545,0.06036760706152055,0.07649131284166671,0.06036760706152055,0.07649131284166671,0.15,0.15,0.0,0.04351308130155599,0.053179207931882515,0.04351308130155599,0.053179207931882515,0.15,0.15,0.0,0.08702329687092358,0.10117388015764545,0.08702329687092358,0.10117388015764545,0.15,0.15,0.002974781731577545]"
/multi_agv/formal_execution_limiter_state,1788759166.1870313,1788759166.1870313,formal_execution_limiter_v1:header4+3x7,"[1.0,1788759166.186124,1.0,0.1007851407844968,0.06018864717331247,0.07658457151503316,0.06018864717331247,0.07658457151503316,0.15,0.15,0.0,0.04319206965287264,0.05331574695462992,0.04319206965287264,0.05331574695462992,0.15,0.15,0.0,0.08655731634908173,0.1007851407844968,0.08655731634908173,0.1007851407844968,0.15,0.15,0.002974781731577545]"
/multi_agv/formal_execution_limiter_state,1788759166.1968546,1788759166.1968546,formal_execution_limiter_v1:header4+3x7,"[1.0,1788759166.1960928,1.0,0.10044721154799627,0.060275586637701314,0.07722693941844035,0.060275586637701314,0.07722693941844035,0.15,0.15,0.0,0.042984298418919833,0.05328680741401241,0.042984298418919833,0.05328680741401241,0.15,0.15,0.0,0.08610261208869796,0.10044721154799627,0.08610261208869796,0.10044721154799627,0.15,0.15,0.002974781731577545]"
/multi_agv/formal_execution_limiter_state,1788759166.2068508,1788759166.2068508,formal_execution_limiter_v1:header4+3x7,"[1.0,1788759166.2061493,1.0,0.09734067469073274,0.05889238989580662,0.08160528135231673,0.05889238989580662,0.08160528135231673,0.15,0.15,0.0,0.04478384327204734,0.050415788119339174,0.04478384327204734,0.050415788119339174,0.15,0.15,0.0,0.0858973103191237,0.09734067469073274,0.0858973103191237,0.09734067469073274,0.15,0.15,0.002974781731577545]"
/multi_agv/formal_execution_limiter_state,1788759166.2165926,1788759166.2165926,formal_execution_limiter_v1:header4+3x7,"[1.0,1788759166.2160902,1.0,0.09698443205827922,0.05936112218143054,0.08262877047833504,0.05936112218143054,0.08262877047833504,0.15,0.15,0.0,0.044932595173057435,0.05077292715255029,0.044932595173057435,0.05077292715255029,0.15,0.15,0.0,0.08555260105647841,0.09698443205827922,0.08555260105647841,0.09698443205827922,0.15,0.15,0.002974781731577545]"
/multi_agv/formal_execution_limiter_state,1788759166.22671,1788759166.22671,formal_execution_limiter_v1:header4+3x7,"[1.0,1788759166.2261257,1.0,0.09658215523385763,0.05947723170554056,0.0830929831707927,0.05947723170554056,0.0830929831707927,0.15,0.15,0.0,0.04476275515297329,0.05103232800608326,0.04476275515297329,0.05103232800608326,0.15,0.15,0.0,0.08524652053668938,0.09658215523385763,0.08524652053668938,0.09658215523385763,0.15,0.15,0.002974781731577545]"
/multi_agv/formal_execution_limiter_state,1788759166.2372816,1788759166.2372816,formal_execution_limiter_v1:header4+3x7,"[1.0,1788759166.236145,1.0,0.09645880436879511,0.0645558263113062,0.07936552649507163,0.0645558263113062,0.07936552649507163,0.15,0.15,0.0,0.04377983610394212,0.05336131396791646,0.04377983610394212,0.05336131396791646,0.15,0.15,0.0,0.08452348778234522,0.09645880436879511,0.08452348778234522,0.09645880436879511,0.15,0.15,0.002974781731577545]"
/multi_agv/formal_execution_limiter_state,1788759166.2468243,1788759166.2468243,formal_execution_limiter_v1:header4+3x7,"[1.0,1788759166.2461576,1.0,0.09534707207739253,0.06503184545232274,0.08035340682630485,0.06503184545232274,0.08035340682630485,0.15,0.15,0.0,0.043774307360838254,0.05335589305060693,0.043774307360838254,0.05335589305060693,0.15,0.15,0.0,0.08347234080532943,0.09534707207739253,0.08347234080532943,0.09534707207739253,0.15,0.15,0.002974781731577545]"
/multi_agv/formal_execution_limiter_state,1788759166.2570117,1788759166.2570117,formal_execution_limiter_v1:header4+3x7,"[1.0,1788759166.256105,1.0,0.09493120713963556,0.06569882785595597,0.08133017710896377,0.06569882785595597,0.08133017710896377,0.15,0.15,0.0,0.04382883003818198,0.05344394028773252,0.04382883003818198,0.05344394028773252,0.15,0.15,0.0,0.0830146046633058,0.09493120713963556,0.0830146046633058,0.09493120713963556,0.15,0.15,0.002974781731577545]"
/multi_agv/formal_execution_limiter_state,1788759166.2670093,1788759166.2670093,formal_execution_limiter_v1:header4+3x7,"[1.0,1788759166.266248,1.0,0.09400462063313253,0.06591365647332394,0.07734246581300537,0.06591365647332394,0.07734246581300537,0.15,0.15,0.0,0.04543775851620567,0.04918843247431297,0.04543775851620567,0.04918843247431297,0.15,0.15,0.0,0.08316745137902748,0.09400462063313253,0.08316745137902748,0.09400462063313253,0.15,0.15,0.002974781731577545]"
/multi_agv/formal_execution_limiter_state,1788759166.2770426,1788759166.2770426,formal_execution_limiter_v1:header4+3x7,"[1.0,1788759166.2762492,1.0,0.09538891899316361,0.0664537999982157,0.07829691768249396,0.0664537999982157,0.07829691768249396,0.15,0.15,0.0,0.045542188004090454,0.04946061035514059,0.045542188004090454,0.04946061035514059,0.15,0.15,0.0,0.08405059453254578,0.09538891899316361,0.08405059453254578,0.09538891899316361,0.15,0.15,0.002974781731577545]"
/multi_agv/formal_execution_limiter_state,1788759166.287215,1788759166.287215,formal_execution_limiter_v1:header4+3x7,"[1.0,1788759166.286269,1.0,0.09503995189239553,0.06653599224355453,0.07803403848544355,0.06653599224355453,0.07803403848544355,0.15,0.15,0.0,0.045407339383703414,0.04924078660577081,0.045407339383703414,0.04924078660577081,0.15,0.15,0.0,0.0837174107387913,0.09503995189239553,0.0837174107387913,0.09503995189239553,0.15,0.15,0.002974781731577545]"
/multi_agv/formal_execution_limiter_state,1788759166.2966897,1788759166.2966897,formal_execution_limiter_v1:header4+3x7,"[1.0,1788759166.2960932,1.0,0.0949540525489172,0.06703672283713505,0.07833446968362182,0.06703672283713505,0.07833446968362182,0.15,0.15,0.0,0.04516314770829941,0.04895426215266128,0.04516314770829941,0.04895426215266128,0.15,0.15,0.0,0.08351661517613124,0.0949540525489172,0.08351661517613124,0.0949540525489172,0.15,0.15,0.002974781731577545]"
/multi_agv/formal_execution_limiter_state,1788759166.3068979,1788759166.3068979,formal_execution_limiter_v1:header4+3x7,"[1.0,1788759166.3062503,1.0,0.09504568680096231,0.06734703483689247,0.07568255425704873,0.06734703483689247,0.07568255425704873,0.15,0.15,0.0,0.04279913250674523,0.05041362170960795,0.04279913250674523,0.05041362170960795,0.15,0.15,0.0,0.08302587510617959,0.09504568680096231,0.08302587510617959,0.09504568680096231,0.15,0.15,0.002974781731577545]"
/multi_agv/formal_execution_limiter_state,1788759166.3165858,1788759166.3165858,formal_execution_limiter_v1:header4+3x7,"[1.0,1788759166.3160913,1.0,0.09679340300302526,0.06792900833160384,0.07665509953039143,0.06792900833160384,0.07665509953039143,0.15,0.15,0.0,0.0431645168859161,0.050983173267890224,0.0431645168859161,0.050983173267890224,0.15,0.15,0.0,0.08422439549115189,0.09679340300302526,0.08422439549115189,0.09679340300302526,0.15,0.15,0.002974781731577545]"
/multi_agv/formal_execution_limiter_state,1788759166.3267138,1788759166.3267138,formal_execution_limiter_v1:header4+3x7,"[1.0,1788759166.3262286,1.0,0.0952837350427392,0.06477474178066567,0.07624917889932731,0.06477474178066567,0.07624917889932731,0.15,0.15,0.0,0.04259232349930084,0.05016813906053033,0.04259232349930084,0.05016813906053033,0.15,0.15,0.0,0.08316767992283845,0.0952837350427392,0.08316767992283845,0.0952837350427392,0.15,0.15,0.002974781731577545]"
/multi_agv/formal_execution_limiter_state,1788759166.33678,1788759166.33678,formal_execution_limiter_v1:header4+3x7,"[1.0,1788759166.3360877,1.0,0.09522803800645,0.06461682779326675,0.07599744282006657,0.06461682779326675,0.07599744282006657,0.15,0.15,0.0,0.04247548030126299,0.0501781424690852,0.04247548030126299,0.0501781424690852,0.15,0.15,0.0,0.08297300366087224,0.09522803800645,0.08297300366087224,0.09522803800645,0.15,0.15,0.002974781731577545]"
/multi_agv/formal_execution_limiter_state,1788759166.3466027,1788759166.3466027,formal_execution_limiter_v1:header4+3x7,"[1.0,1788759166.3461244,1.0,0.0944114619687348,0.06430828094843577,0.0755080986706902,0.06430828094843577,0.0755080986706902,0.15,0.15,0.0,0.04182507648461962,0.04959107138634603,0.04182507648461962,0.04959107138634603,0.15,0.15,0.0,0.08219716539824244,0.0944114619687348,0.08219716539824244,0.0944114619687348,0.15,0.15,0.002974781731577545]"
/multi_agv/formal_execution_limiter_state,1788759166.3570094,1788759166.3570094,formal_execution_limiter_v1:header4+3x7,"[1.0,1788759166.356137,1.0,0.0943503563580621,0.06395345451732129,0.07517490491096274,0.06395345451732129,0.07517490491096274,0.15,0.15,0.0,0.041320610243168215,0.049177338857414724,0.041320610243168215,0.049177338857414724,0.15,0.15,0.0,0.08201090091266086,0.0943503563580621,0.08201090091266086,0.0943503563580621,0.15,0.15,0.002974781731577545]"
/multi_agv/formal_execution_limiter_state,1788759166.3670678,1788759166.3670678,formal_execution_limiter_v1:header4+3x7,"[1.0,1788759166.3661227,1.0,0.09559398764674948,0.06297266295107518,0.07428190836812473,0.06297266295107518,0.07428190836812473,0.15,0.15,0.0,0.04287923576109154,0.04896307231217498,0.04287923576109154,0.04896307231217498,0.15,0.15,0.0,0.0816610973579534,0.09559398764674948,0.0816610973579534,0.09559398764674948,0.15,0.15,0.002974781731577545]"
/multi_agv/formal_execution_limiter_state,1788759166.3768969,1788759166.3768969,formal_execution_limiter_v1:header4+3x7,"[1.0,1788759166.3760877,1.0,0.09622469012659346,0.06268981644493615,0.07406833177228625,0.06268981644493615,0.07406833177228625,0.15,0.15,0.0,0.04334203596386075,0.0498199566004024,0.04334203596386075,0.0498199566004024,0.15,0.15,0.0,0.08209997619120876,0.09622469012659346,0.08209997619120876,0.09622469012659346,0.15,0.15,0.002974781731577545]"
/multi_agv/formal_execution_limiter_state,1788759166.3871174,1788759166.3871174,formal_execution_limiter_v1:header4+3x7,"[1.0,1788759166.386134,1.0,0.09457970315418741,0.061887648891455135,0.07312549380374912,0.061887648891455135,0.07312549380374912,0.15,0.15,0.0,0.04274798252980532,0.049743130953483865,0.04274798252980532,0.049743130953483865,0.15,0.15,0.0,0.08105338166809233,0.09457970315418741,0.08105338166809233,0.09457970315418741,0.15,0.15,0.002974781731577545]"
/multi_agv/formal_execution_limiter_state,1788759166.3970459,1788759166.3970459,formal_execution_limiter_v1:header4+3x7,"[1.0,1788759166.3961477,1.0,0.09592392607537391,0.06240736483817441,0.07399622309589016,0.06240736483817441,0.07399622309589016,0.15,0.15,0.0,0.0433200926045261,0.05057068226437646,0.0433200926045261,0.05057068226437646,0.15,0.15,0.0,0.08187345095315253,0.09592392607537391,0.08187345095315253,0.09592392607537391,0.15,0.15,0.002974781731577545]"
/multi_agv/formal_execution_limiter_state,1788759166.4070513,1788759166.4070513,formal_execution_limiter_v1:header4+3x7,"[1.0,1788759166.406139,1.0,0.09653053671827627,0.06468728506944876,0.07206283514576942,0.06468728506944876,0.07206283514576942,0.15,0.15,0.0,0.039331668559586565,0.05453248120540744,0.039331668559586565,0.05453248120540744,0.15,0.15,0.0,0.08257769179849289,0.09653053671827627,0.08257769179849289,0.09653053671827627,0.15,0.15,0.002974781731577545]"
/multi_agv/formal_execution_limiter_state,1788759166.4166534,1788759166.4166534,formal_execution_limiter_v1:header4+3x7,"[1.0,1788759166.4160886,1.0,0.09740137619898474,0.06478522312879276,0.0722268318878028,0.06478522312879276,0.0722268318878028,0.15,0.15,0.0,0.039433715006021136,0.05491766543989074,0.039433715006021136,0.05491766543989074,0.15,0.15,0.0,0.08323600607608002,0.09740137619898474,0.08323600607608002,0.09740137619898474,0.15,0.15,0.002974781731577545]"
/multi_agv/formal_execution_limiter_state,1788759166.4269214,1788759166.4269214,formal_execution_limiter_v1:header4+3x7,"[1.0,1788759166.426208,1.0,0.09785425819668064,0.06490784394985384,0.07217100901850936,0.06490784394985384,0.07217100901850936,0.15,0.15,0.0,0.03936803317091428,0.05533343853373643,0.03936803317091428,0.05533343853373643,0.15,0.15,0.0,0.08355737128216376,0.09785425819668064,0.08355737128216376,0.09785425819668064,0.15,0.15,0.002974781731577545]"
/multi_agv/formal_execution_limiter_state,1788759166.4369063,1788759166.4369063,formal_execution_limiter_v1:header4+3x7,"[1.0,1788759166.4361663,1.0,0.10027805655785377,0.06095789381182362,0.0742764077386728,0.06095789381182362,0.0742764077386728,0.15,0.15,0.0,0.040661215104266415,0.054305241624558034,0.040661215104266415,0.054305241624558034,0.15,0.15,0.0,0.082359989024967,0.10027805655785377,0.082359989024967,0.10027805655785377,0.15,0.15,0.002974781731577545]"
/multi_agv/formal_execution_limiter_state,1788759166.446865,1788759166.446865,formal_execution_limiter_v1:header4+3x7,"[1.0,1788759166.446224,1.0,0.1003468389694301,0.0604591599732041,0.07372930440457291,0.0604591599732041,0.07372930440457291,0.15,0.15,0.0,0.04065192002781575,0.054343659743001045,0.04065192002781575,0.054343659743001045,0.15,0.15,0.0,0.08233695640487447,0.1003468389694301,0.08233695640487447,0.1003468389694301,0.15,0.15,0.002974781731577545]"
/multi_agv/formal_execution_limiter_state,1788759166.456679,1788759166.456679,formal_execution_limiter_v1:header4+3x7,"[1.0,1788759166.4560869,1.0,0.10213246715127511,0.060687527992260785,0.07424378087829313,0.060687527992260785,0.07424378087829313,0.15,0.15,0.0,0.041162391902574244,0.05512513099711695,0.041162391902574244,0.05512513099711695,0.15,0.15,0.0,0.08352998556955726,0.10213246715127511,0.08352998556955726,0.10213246715127511,0.15,0.15,0.002974781731577545]"
/multi_agv/formal_execution_limiter_state,1788759166.4667535,1788759166.4667535,formal_execution_limiter_v1:header4+3x7,"[1.0,1788759166.4661438,1.0,0.09857413412817605,0.06342178062386487,0.06849056991426387,0.06342178062386487,0.06849056991426387,0.15,0.15,0.0,0.042597689133008584,0.04978657340324327,0.042597689133008584,0.04978657340324327,0.15,0.15,0.0,0.08133741430794937,0.09857413412817605,0.08133741430794937,0.09857413412817605,0.15,0.15,0.002974781731577545]"
/multi_agv/formal_execution_limiter_state,1788759166.476586,1788759166.476586,formal_execution_limiter_v1:header4+3x7,"[1.0,1788759166.4760864,1.0,0.09955767106798195,0.06415667586644552,0.06955015763663633,0.06415667586644552,0.06955015763663633,0.15,0.15,0.0,0.042566993484339455,0.04996062525785272,0.042566993484339455,0.04996062525785272,0.15,0.15,0.0,0.08182587069659793,0.09955767106798195,0.08182587069659793,0.09955767106798195,0.15,0.15,0.002974781731577545]"
/multi_agv/formal_execution_limiter_state,1788759166.486634,1788759166.486634,formal_execution_limiter_v1:header4+3x7,"[1.0,1788759166.4861178,1.0,0.09877761054795212,0.06443301221817435,0.06953717778462523,0.06443301221817435,0.06953717778462523,0.15,0.15,0.0,0.04237205242214709,0.049830801995221705,0.04237205242214709,0.049830801995221705,0.15,0.15,0.0,0.08116566614729581,0.09877761054795212,0.08116566614729581,0.09877761054795212,0.15,0.15,0.002974781731577545]"
/multi_agv/formal_execution_limiter_state,1788759166.4966822,1788759166.4966822,formal_execution_limiter_v1:header4+3x7,"[1.0,1788759166.4960902,1.0,0.0984140822956959,0.06495345950061646,0.07005858279686866,0.06495345950061646,0.07005858279686866,0.15,0.15,0.0,0.04216453457830272,0.04974742035760712,0.04216453457830272,0.04974742035760712,0.15,0.15,0.0,0.0807401574536104,0.0984140822956959,0.0807401574536104,0.0984140822956959,0.15,0.15,0.002974781731577545]"
/multi_agv/formal_execution_limiter_state,1788759166.506617,1788759166.506617,formal_execution_limiter_v1:header4+3x7,"[1.0,1788759166.5061417,1.0,0.09799407665833411,0.06783170884653772,0.06741111509158623,0.06783170884653772,0.06741111509158623,0.15,0.15,0.0,0.040925244259540784,0.046019951595717055,0.040925244259540784,0.046019951595717055,0.15,0.15,0.0,0.08081375879137527,0.09799407665833411,0.08081375879137527,0.09799407665833411,0.15,0.15,0.002974781731577545]"
/multi_agv/formal_execution_limiter_state,1788759166.5167007,1788759166.5167007,formal_execution_limiter_v1:header4+3x7,"[1.0,1788759166.5161333,1.0,0.09957413689117861,0.06908546362910678,0.06901424973398734,0.06908546362910678,0.06901424973398734,0.15,0.15,0.0,0.04039724341594177,0.04563654925016434,0.04039724341594177,0.04563654925016434,0.15,0.15,0.0,0.08181435189415326,0.09957413689117861,0.08181435189415326,0.09957413689117861,0.15,0.15,0.002974781731577545]"
/multi_agv/formal_execution_limiter_state,1788759166.526972,1788759166.526972,formal_execution_limiter_v1:header4+3x7,"[1.0,1788759166.526251,1.0,0.10034975362097621,0.0695498121787633,0.06899108898236639,0.0695498121787633,0.06899108898236639,0.15,0.15,0.0,0.040048679187309276,0.04501257808793533,0.040048679187309276,0.04501257808793533,0.15,0.15,0.0,0.08060078698822289,0.10034975362097621,0.08060078698822289,0.10034975362097621,0.15,0.15,0.002974781731577545]"
/multi_agv/formal_execution_limiter_state,1788759166.5368283,1788759166.5368283,formal_execution_limiter_v1:header4+3x7,"[1.0,1788759166.5361776,1.0,0.0999738527087527,0.0655123765287822,0.07927549116078123,0.0655123765287822,0.07927549116078123,0.15,0.15,0.0,0.039879737982721396,0.044080226640408636,0.039879737982721396,0.044080226640408636,0.15,0.15,0.0,0.0809643873528266,0.0999738527087527,0.0809643873528266,0.0999738527087527,0.15,0.15,0.002974781731577545]"
/multi_agv/formal_execution_limiter_state,1788759166.5468082,1788759166.5468082,formal_execution_limiter_v1:header4+3x7,"[1.0,1788759166.5462544,1.0,0.09947065397606637,0.06658401991166982,0.08042566697602072,0.06658401991166982,0.08042566697602072,0.15,0.15,0.0,0.03922520241877417,0.043443970485371616,0.03922520241877417,0.043443970485371616,0.15,0.15,0.0,0.08068181539557441,0.09947065397606637,0.08068181539557441,0.09947065397606637,0.15,0.15,0.002974781731577545]"
/multi_agv/formal_execution_limiter_state,1788759166.5568426,1788759166.5568426,formal_execution_limiter_v1:header4+3x7,"[1.0,1788759166.5562124,1.0,0.09961053595693344,0.06768982424049776,0.08161447593659789,0.06768982424049776,0.08161447593659789,0.15,0.15,0.0,0.03882940349895234,0.04307014077885724,0.03882940349895234,0.04307014077885724,0.15,0.15,0.0,0.08075267317152825,0.09961053595693344,0.08075267317152825,0.09961053595693344,0.15,0.15,0.002974781731577545]"
/multi_agv/formal_execution_limiter_state,1788759166.567173,1788759166.567173,formal_execution_limiter_v1:header4+3x7,"[1.0,1788759166.5661912,1.0,0.09827516389479365,0.06468468541921758,0.08448880156204104,0.06468468541921758,0.08448880156204104,0.15,0.15,0.0,0.039158816534322106,0.04596583920242852,0.039158816534322106,0.04596583920242852,0.15,0.15,0.0,0.08627292861818373,0.09827516389479365,0.08627292861818373,0.09827516389479365,0.15,0.15,0.002974781731577545]"
/multi_agv/formal_execution_limiter_state,1788759166.5768504,1788759166.5768504,formal_execution_limiter_v1:header4+3x7,"[1.0,1788759166.5761178,1.0,0.09940354806352825,0.06489523495815282,0.08494375893279295,0.06489523495815282,0.08494375893279295,0.15,0.15,0.0,0.0402420168421573,0.04727182859653025,0.0402420168421573,0.04727182859653025,0.15,0.15,0.0,0.08726729689839474,0.09940354806352825,0.08726729689839474,0.09940354806352825,0.15,0.15,0.002974781731577545]"
/multi_agv/formal_execution_limiter_state,1788759166.5867732,1788759166.5867732,formal_execution_limiter_v1:header4+3x7,"[1.0,1788759166.5860887,1.0,0.09937811530519203,0.06470008417690158,0.08521705123678706,0.06470008417690158,0.08521705123678706,0.15,0.15,0.0,0.041141885616807886,0.04835016686084456,0.041141885616807886,0.04835016686084456,0.15,0.15,0.0,0.08749325062365526,0.09937811530519203,0.08749325062365526,0.09937811530519203,0.15,0.15,0.002974781731577545]"
/multi_agv/formal_execution_limiter_state,1788759166.5971227,1788759166.5971227,formal_execution_limiter_v1:header4+3x7,"[1.0,1788759166.5961185,1.0,0.10079727256162675,0.06382373554767827,0.08733943930530642,0.06382373554767827,0.08733943930530642,0.15,0.15,0.0,0.04055496192373702,0.048596287138714014,0.04055496192373702,0.048596287138714014,0.15,0.15,0.0,0.08717272903871616,0.10079727256162675,0.08717272903871616,0.10079727256162675,0.15,0.15,0.002974781731577545]"
/multi_agv/formal_execution_limiter_state,1788759166.6069539,1788759166.6069539,formal_execution_limiter_v1:header4+3x7,"[1.0,1788759166.6061246,1.0,0.10079931887612217,0.06353487504165693,0.08734211137922664,0.06353487504165693,0.08734211137922664,0.15,0.15,0.0,0.04058821575333402,0.04876244205232723,0.04058821575333402,0.04876244205232723,0.15,0.15,0.0,0.08760418235415562,0.10079931887612217,0.08760418235415562,0.10079931887612217,0.15,0.15,0.002974781731577545]"
/multi_agv/formal_execution_limiter_state,1788759166.6171463,1788759166.6171463,formal_execution_limiter_v1:header4+3x7,"[1.0,1788759166.616195,1.0,0.10145973571992462,0.0632799594346578,0.08725143575993968,0.0632799594346578,0.08725143575993968,0.15,0.15,0.0,0.04108818723554211,0.04964133492383184,0.04108818723554211,0.04964133492383184,0.15,0.15,0.0,0.08836442567225813,0.10145973571992462,0.08836442567225813,0.10145973571992462,0.15,0.15,0.002974781731577545]"
/multi_agv/formal_execution_limiter_state,1788759166.6268396,1788759166.6268396,formal_execution_limiter_v1:header4+3x7,"[1.0,1788759166.6261263,1.0,0.10118147754457517,0.06280741247878248,0.08687020325589136,0.06280741247878248,0.08687020325589136,0.15,0.15,0.0,0.04138575431424406,0.050519281658496104,0.04138575431424406,0.050519281658496104,0.15,0.15,0.0,0.0886013110853484,0.10118147754457517,0.0886013110853484,0.10118147754457517,0.15,0.15,0.002974781731577545]"
/multi_agv/formal_execution_limiter_state,1788759166.6368558,1788759166.6368558,formal_execution_limiter_v1:header4+3x7,"[1.0,1788759166.636109,1.0,0.09873736114187696,0.06778522482738988,0.0857038972929843,0.06778522482738988,0.0857038972929843,0.15,0.15,0.0,0.041101668643864823,0.05178191359822123,0.041101668643864823,0.05178191359822123,0.15,0.15,0.0,0.0883776697111693,0.09873736114187696,0.0883776697111693,0.09873736114187696,0.15,0.15,0.002974781731577545]"
/multi_agv/formal_execution_limiter_state,1788759166.6466863,1788759166.6466863,formal_execution_limiter_v1:header4+3x7,"[1.0,1788759166.646132,1.0,0.09739616969313783,0.0685382648784265,0.08634863394613466,0.0685382648784265,0.08634863394613466,0.15,0.15,0.0,0.04145058113430841,0.05226258500369445,0.04145058113430841,0.05226258500369445,0.15,0.15,0.0,0.08753835458113957,0.09739616969313783,0.08753835458113957,0.09739616969313783,0.15,0.15,0.002974781731577545]"
/multi_agv/formal_execution_limiter_state,1788759166.6566832,1788759166.6566832,formal_execution_limiter_v1:header4+3x7,"[1.0,1788759166.6560907,1.0,0.09714656772411592,0.06900546539919873,0.08666627561327368,0.06900546539919873,0.08666627561327368,0.15,0.15,0.0,0.04175700566462043,0.05270960005445868,0.04175700566462043,0.05270960005445868,0.15,0.15,0.0,0.0872648668042634,0.09714656772411592,0.0872648668042634,0.09714656772411592,0.15,0.15,0.002974781731577545]"
/multi_agv/formal_execution_limiter_state,1788759166.6668584,1788759166.6668584,formal_execution_limiter_v1:header4+3x7,"[1.0,1788759166.6662576,1.0,0.09476157561576017,0.06600699278044003,0.08743639390302255,0.06600699278044003,0.08743639390302255,0.15,0.15,0.0,0.041136046842008396,0.0514957919979892,0.041136046842008396,0.0514957919979892,0.15,0.15,0.0,0.08673357268094951,0.09476157561576017,0.08673357268094951,0.09476157561576017,0.15,0.15,0.002974781731577545]"
/multi_agv/formal_execution_limiter_state,1788759166.67681,1788759166.67681,formal_execution_limiter_v1:header4+3x7,"[1.0,1788759166.6762502,1.0,0.0939635259902768,0.06584777444113636,0.08672989524237505,0.06584777444113636,0.08672989524237505,0.15,0.15,0.0,0.04119553150753143,0.0518684952650353,0.04119553150753143,0.0518684952650353,0.15,0.15,0.0,0.08597256057693037,0.0939635259902768,0.08597256057693037,0.0939635259902768,0.15,0.15,0.002974781731577545]"
/multi_agv/formal_execution_limiter_state,1788759166.6868758,1788759166.6868758,formal_execution_limiter_v1:header4+3x7,"[1.0,1788759166.6861272,1.0,0.09266768586266651,0.06582988364352503,0.08586331887653494,0.06582988364352503,0.08586331887653494,0.15,0.15,0.0,0.041039926648578265,0.05187231901707219,0.041039926648578265,0.05187231901707219,0.15,0.15,0.0,0.08486346678269528,0.09266768586266651,0.08486346678269528,0.09266768586266651,0.15,0.15,0.002974781731577545]"
/multi_agv/formal_execution_limiter_state,1788759166.6970482,1788759166.6970482,formal_execution_limiter_v1:header4+3x7,"[1.0,1788759166.6960921,1.0,0.09446234808898474,0.06620838557109482,0.08559819688606102,0.06620838557109482,0.08559819688606102,0.15,0.15,0.0,0.0407304263214798,0.05368930916771514,0.0407304263214798,0.05368930916771514,0.15,0.15,0.0,0.08363378375086722,0.09446234808898474,0.08363378375086722,0.09446234808898474,0.15,0.15,0.002974781731577545]"
/multi_agv/formal_execution_limiter_state,1788759166.707188,1788759166.707188,formal_execution_limiter_v1:header4+3x7,"[1.0,1788759166.70629,1.0,0.09461531404331354,0.06948869793154208,0.07816436901033536,0.06948869793154208,0.07816436901033536,0.15,0.15,0.0,0.040557444867038064,0.05434262464223348,0.040557444867038064,0.05434262464223348,0.15,0.15,0.0,0.08320789093660118,0.09461531404331354,0.08320789093660118,0.09461531404331354,0.15,0.15,0.002974781731577545]"
/multi_agv/formal_execution_limiter_state,1788759166.7171867,1788759166.7171867,formal_execution_limiter_v1:header4+3x7,"[1.0,1788759166.7161562,1.0,0.09463478990911851,0.06872353633005351,0.07705109791435,0.06872353633005351,0.07705109791435,0.15,0.15,0.0,0.040983849219606336,0.055035141453623274,0.040983849219606336,0.055035141453623274,0.15,0.15,0.0,0.08309252413675029,0.09463478990911851,0.08309252413675029,0.09463478990911851,0.15,0.15,0.002974781731577545]"
/multi_agv/formal_execution_limiter_state,1788759166.727144,1788759166.727144,formal_execution_limiter_v1:header4+3x7,"[1.0,1788759166.7261555,1.0,0.09400282261031954,0.06876282527016503,0.07647508992335464,0.06876282527016503,0.07647508992335464,0.15,0.15,0.0,0.04072463886235322,0.054181182098483,0.04072463886235322,0.054181182098483,0.15,0.15,0.0,0.08264694338006608,0.09400282261031954,0.08264694338006608,0.09400282261031954,0.15,0.15,0.002974781731577545]"
/multi_agv/formal_execution_limiter_state,1788759166.7369573,1788759166.7369573,formal_execution_limiter_v1:header4+3x7,"[1.0,1788759166.736144,1.0,0.09561300197833919,0.06971849175874414,0.07762083248481014,0.06971849175874414,0.07762083248481014,0.15,0.15,0.0,0.041087038662826966,0.054889392854978986,0.041087038662826966,0.054889392854978986,0.15,0.15,0.0,0.08364438028834278,0.09561300197833919,0.08364438028834278,0.09561300197833919,0.15,0.15,0.002974781731577545]"
/multi_agv/formal_execution_limiter_state,1788759166.7467651,1788759166.7467651,formal_execution_limiter_v1:header4+3x7,"[1.0,1788759166.7461545,1.0,0.0957910102116405,0.0701092937780233,0.07755622758182582,0.0701092937780233,0.07755622758182582,0.15,0.15,0.0,0.040449439540297324,0.05427225184969321,0.040449439540297324,0.05427225184969321,0.15,0.15,0.0,0.08352883463439724,0.0957910102116405,0.08352883463439724,0.0957910102116405,0.15,0.15,0.002974781731577545]"
/multi_agv/formal_execution_limiter_state,1788759166.7567031,1788759166.7567031,formal_execution_limiter_v1:header4+3x7,"[1.0,1788759166.756126,1.0,0.09624349886168111,0.07026093611703543,0.07750852137259787,0.07026093611703543,0.07750852137259787,0.15,0.15,0.0,0.04021251305016589,0.05409496351547015,0.04021251305016589,0.05409496351547015,0.15,0.15,0.0,0.08365523592272169,0.09624349886168111,0.08365523592272169,0.09624349886168111,0.15,0.15,0.002974781731577545]"
/multi_agv/formal_execution_limiter_state,1788759166.7666423,1788759166.7666423,formal_execution_limiter_v1:header4+3x7,"[1.0,1788759166.7661295,1.0,0.09514874038057312,0.07231240136338475,0.0749859274842133,0.07231240136338475,0.0749859274842133,0.15,0.15,0.0,0.04020904714593715,0.05538949138613172,0.04020904714593715,0.05538949138613172,0.15,0.15,0.0,0.0825352236108144,0.09514874038057312,0.0825352236108144,0.09514874038057312,0.15,0.15,0.002974781731577545]"
/multi_agv/formal_execution_limiter_state,1788759166.7768235,1788759166.7768235,formal_execution_limiter_v1:header4+3x7,"[1.0,1788759166.7761774,1.0,0.09526645800942249,0.07259788394023897,0.07507825136836138,0.07259788394023897,0.07507825136836138,0.15,0.15,0.0,0.04071319493647611,0.055989010176448986,0.04071319493647611,0.055989010176448986,0.15,0.15,0.0,0.08236767418463678,0.09526645800942249,0.08236767418463678,0.09526645800942249,0.15,0.15,0.002974781731577545]"
/multi_agv/formal_execution_limiter_state,1788759166.7868533,1788759166.7868533,formal_execution_limiter_v1:header4+3x7,"[1.0,1788759166.786127,1.0,0.09398019522995907,0.07213967627838398,0.07416900204936226,0.07213967627838398,0.07416900204936226,0.15,0.15,0.0,0.04071560220167,0.055338260759527864,0.04071560220167,0.055338260759527864,0.15,0.15,0.0,0.08125711250744647,0.09398019522995907,0.08125711250744647,0.09398019522995907,0.15,0.15,0.002974781731577545]"
/multi_agv/formal_execution_limiter_state,1788759166.797009,1788759166.797009,formal_execution_limiter_v1:header4+3x7,"[1.0,1788759166.7960892,1.0,0.09521374326621936,0.0730281301829488,0.07520218099656066,0.0730281301829488,0.07520218099656066,0.15,0.15,0.0,0.041253190033067634,0.05627317882640372,0.041253190033067634,0.05627317882640372,0.15,0.15,0.0,0.08192314874225075,0.09521374326621936,0.08192314874225075,0.09521374326621936,0.15,0.15,0.002974781731577545]"
/multi_agv/formal_execution_limiter_state,1788759166.8069363,1788759166.8069363,formal_execution_limiter_v1:header4+3x7,"[1.0,1788759166.8061585,1.0,0.0879360559628159,0.07186209345703164,0.0719155499049944,0.07186209345703164,0.0719155499049944,0.15,0.15,0.0,0.040705787739574006,0.054430437566884274,0.040705787739574006,0.054430437566884274,0.15,0.15,0.0,0.08482766462857991,0.0879360559628159,0.08482766462857991,0.0879360559628159,0.15,0.15,0.002974781731577545]"
/multi_agv/formal_execution_limiter_state,1788759166.8169556,1788759166.8169556,formal_execution_limiter_v1:header4+3x7,"[1.0,1788759166.8161438,1.0,0.08702755758066814,0.07104404292653001,0.07096211628251024,0.07104404292653001,0.07096211628251024,0.15,0.15,0.0,0.04034555074698205,0.05408910777099095,0.04034555074698205,0.05408910777099095,0.15,0.15,0.0,0.0839170552775327,0.08702755758066814,0.0839170552775327,0.08702755758066814,0.15,0.15,0.002974781731577545]"
/multi_agv/formal_execution_limiter_state,1788759166.8270538,1788759166.8270538,formal_execution_limiter_v1:header4+3x7,"[1.0,1788759166.8261373,1.0,0.08599967816922145,0.07026680340564605,0.06975806248927764,0.07026680340564605,0.06975806248927764,0.15,0.15,0.0,0.03987938970074795,0.0536615336593467,0.03987938970074795,0.0536615336593467,0.15,0.15,0.0,0.08299991513661191,0.08599967816922145,0.08299991513661191,0.08599967816922145,0.15,0.15,0.002974781731577545]"
/multi_agv/formal_execution_limiter_state,1788759166.837288,1788759166.837288,formal_execution_limiter_v1:header4+3x7,"[1.0,1788759166.836237,1.0,0.09284442678529625,0.07373261782723377,0.07090155111094422,0.07373261782723377,0.07090155111094422,0.15,0.15,0.0,0.04057544776863714,0.054265536714220214,0.04057544776863714,0.054265536714220214,0.15,0.15,0.0,0.08092503235328383,0.09284442678529625,0.08092503235328383,0.09284442678529625,0.15,0.15,0.002974781731577545]"
/multi_agv/formal_execution_limiter_state,1788759166.8469896,1788759166.8469896,formal_execution_limiter_v1:header4+3x7,"[1.0,1788759166.8461235,1.0,0.09336504874990506,0.07408990164020178,0.07140355060082933,0.07408990164020178,0.07140355060082933,0.15,0.15,0.0,0.04088527031493524,0.05448631210322046,0.04088527031493524,0.05448631210322046,0.15,0.15,0.0,0.08137576155992784,0.09336504874990506,0.08137576155992784,0.09336504874990506,0.15,0.15,0.002974781731577545]"
/multi_agv/formal_execution_limiter_state,1788759166.8570738,1788759166.8570738,formal_execution_limiter_v1:header4+3x7,"[1.0,1788759166.8562353,1.0,0.09435969818930437,0.07448278376910054,0.07195277479866664,0.07448278376910054,0.07195277479866664,0.15,0.15,0.0,0.04090462022903834,0.05461166236221116,0.04090462022903834,0.05461166236221116,0.15,0.15,0.0,0.08204418417779222,0.09435969818930437,0.08204418417779222,0.09435969818930437,0.15,0.15,0.002974781731577545]"
/multi_agv/formal_execution_limiter_state,1788759166.866952,1788759166.866952,formal_execution_limiter_v1:header4+3x7,"[1.0,1788759166.8661258,1.0,0.09850424813704503,0.07225553124920407,0.07431208570778881,0.07225553124920407,0.07431208570778881,0.15,0.15,0.0,0.04229044430336208,0.04639238895506853,0.04229044430336208,0.04639238895506853,0.15,0.15,0.0,0.08068004699366785,0.09850424813704503,0.08068004699366785,0.09850424813704503,0.15,0.15,0.002974781731577545]"
/multi_agv/formal_execution_limiter_state,1788759166.8770552,1788759166.8770552,formal_execution_limiter_v1:header4+3x7,"[1.0,1788759166.876123,1.0,0.10028557865744686,0.07258819740013779,0.07454261852774381,0.07258819740013779,0.07454261852774381,0.15,0.15,0.0,0.04130106874783646,0.0454288625271374,0.04130106874783646,0.0454288625271374,0.15,0.15,0.0,0.08189469981828984,0.10028557865744686,0.08189469981828984,0.10028557865744686,0.15,0.15,0.002974781731577545]"
/multi_agv/formal_execution_limiter_state,1788759166.8869433,1788759166.8869433,formal_execution_limiter_v1:header4+3x7,"[1.0,1788759166.8861341,1.0,0.10004637660165687,0.0717788966806779,0.07369580809348518,0.0717788966806779,0.07369580809348518,0.15,0.15,0.0,0.04050380944618995,0.04417959858535592,0.04050380944618995,0.04417959858535592,0.15,0.15,0.0,0.08129320804476674,0.10004637660165687,0.08129320804476674,0.10004637660165687,0.15,0.15,0.002974781731577545]"
/multi_agv/formal_execution_limiter_state,1788759166.8969908,1788759166.8969908,formal_execution_limiter_v1:header4+3x7,"[1.0,1788759166.8961127,1.0,0.10219661987983078,0.07263060740040718,0.07463620249900942,0.07263060740040718,0.07463620249900942,0.15,0.15,0.0,0.0402442709849799,0.0441836296667983,0.0402442709849799,0.0441836296667983,0.15,0.15,0.0,0.08272625822789714,0.10219661987983078,0.08272625822789714,0.10219661987983078,0.15,0.15,0.002974781731577545]"
/multi_agv/formal_execution_limiter_state,1788759166.9067671,1788759166.9067671,formal_execution_limiter_v1:header4+3x7,"[1.0,1788759166.9060965,1.0,0.10024275290188613,0.07247302258155655,0.07402562779341534,0.07247302258155655,0.07402562779341534,0.15,0.15,0.0,0.03614291116951357,0.05010501744098071,0.03614291116951357,0.05010501744098071,0.15,0.15,0.0,0.08454678971397205,0.10024275290188613,0.08454678971397205,0.10024275290188613,0.15,0.15,0.002974781731577545]"
/multi_agv/formal_execution_limiter_state,1788759166.916751,1788759166.916751,formal_execution_limiter_v1:header4+3x7,"[1.0,1788759166.9160922,1.0,0.10112914289438968,0.07234096857669092,0.07402272532326107,0.07234096857669092,0.07402272532326107,0.15,0.15,0.0,0.03632136055489931,0.05046264864937449,0.03632136055489931,0.05046264864937449,0.15,0.15,0.0,0.08492394297633993,0.10112914289438968,0.08492394297633993,0.10112914289438968,0.15,0.15,0.002974781731577545]"
/multi_agv/formal_execution_limiter_state,1788759166.926686,1788759166.926686,formal_execution_limiter_v1:header4+3x7,"[1.0,1788759166.9261022,1.0,0.1010542519920725,0.07219549287080496,0.07389270962623717,0.07219549287080496,0.07389270962623717,0.15,0.15,0.0,0.03704387615641529,0.05123971737925502,0.03704387615641529,0.05123971737925502,0.15,0.15,0.0,0.08472780416457072,0.1010542519920725,0.08472780416457072,0.1010542519920725,0.15,0.15,0.002974781731577545]"
/multi_agv/formal_execution_limiter_state,1788759166.9369097,1788759166.9369097,formal_execution_limiter_v1:header4+3x7,"[1.0,1788759166.9361646,1.0,0.1006215202041872,0.0691714649618548,0.08100145239543063,0.0691714649618548,0.08100145239543063,0.15,0.15,0.0,0.04012497235903013,0.051304753286137185,0.04012497235903013,0.051304753286137185,0.15,0.15,0.0,0.08454725733045719,0.1006215202041872,0.08454725733045719,0.1006215202041872,0.15,0.15,0.002974781731577545]"
/multi_agv/formal_execution_limiter_state,1788759166.9466581,1788759166.9466581,formal_execution_limiter_v1:header4+3x7,"[1.0,1788759166.9461167,1.0,0.09988118496388436,0.06907726454639919,0.08123899440764103,0.06907726454639919,0.08123899440764103,0.15,0.15,0.0,0.040630561331083496,0.05190974666134494,0.040630561331083496,0.05190974666134494,0.15,0.15,0.0,0.08413818788382572,0.09988118496388436,0.08413818788382572,0.09988118496388436,0.15,0.15,0.002974781731577545]"
/multi_agv/formal_execution_limiter_state,1788759166.9567385,1788759166.9567385,formal_execution_limiter_v1:header4+3x7,"[1.0,1788759166.9561234,1.0,0.09995191936328898,0.06918810165949016,0.0815968027604912,0.06918810165949016,0.0815968027604912,0.15,0.15,0.0,0.040820933973224616,0.052297830543227244,0.040820933973224616,0.052297830543227244,0.15,0.15,0.0,0.08424464906859491,0.09995191936328898,0.08424464906859491,0.09995191936328898,0.15,0.15,0.002974781731577545]"
/multi_agv/formal_execution_limiter_state,1788759166.9670024,1788759166.9670024,formal_execution_limiter_v1:header4+3x7,"[1.0,1788759166.9661267,1.0,0.0993804494725614,0.06868600762909713,0.08054125897694989,0.06868600762909713,0.08054125897694989,0.15,0.15,0.0,0.04193270446953787,0.05077924499090222,0.04193270446953787,0.05077924499090222,0.15,0.15,0.0,0.08279281174165058,0.0993804494725614,0.08279281174165058,0.0993804494725614,0.15,0.15,0.002974781731577545]"
/multi_agv/formal_execution_limiter_state,1788759166.9768584,1788759166.9768584,formal_execution_limiter_v1:header4+3x7,"[1.0,1788759166.976151,1.0,0.09883819335020097,0.06881023997474392,0.08065160495157547,0.06881023997474392,0.08065160495157547,0.15,0.15,0.0,0.042574795008311496,0.05158635841372714,0.042574795008311496,0.05158635841372714,0.15,0.15,0.0,0.08239690282292506,0.09883819335020097,0.08239690282292506,0.09883819335020097,0.15,0.15,0.002974781731577545]"
/multi_agv/formal_execution_limiter_state,1788759166.9866176,1788759166.9866176,formal_execution_limiter_v1:header4+3x7,"[1.0,1788759166.9861286,1.0,0.09678646450544391,0.067388134640047,0.07939264090911391,0.067388134640047,0.07939264090911391,0.15,0.15,0.0,0.04260724127065681,0.05135389766531455,0.04260724127065681,0.05135389766531455,0.15,0.15,0.0,0.080902751492102,0.09678646450544391,0.080902751492102,0.09678646450544391,0.15,0.15,0.002974781731577545]"
/multi_agv/formal_execution_limiter_state,1788759166.9969268,1788759166.9969268,formal_execution_limiter_v1:header4+3x7,"[1.0,1788759166.9961667,1.0,0.09764128144745841,0.06795741589126192,0.08000082902356953,0.06795741589126192,0.08000082902356953,0.15,0.15,0.0,0.04318057371935048,0.052399690124810286,0.04318057371935048,0.052399690124810286,0.15,0.15,0.0,0.08121970982379663,0.09764128144745841,0.08121970982379663,0.09764128144745841,0.15,0.15,0.002974781731577545]"
/multi_agv/formal_execution_limiter_state,1788759167.006812,1788759167.006812,formal_execution_limiter_v1:header4+3x7,"[1.0,1788759167.0062056,1.0,0.09919762396030041,0.07248790592734959,0.07600552146550592,0.07248790592734959,0.07600552146550592,0.15,0.15,0.0,0.04172177889380945,0.051154736115267115,0.04172177889380945,0.051154736115267115,0.15,0.15,0.0,0.0820178468721239,0.09919762396030041,0.0820178468721239,0.09919762396030041,0.15,0.15,0.002974781731577545]"
/multi_agv/formal_execution_limiter_state,1788759167.0167196,1788759167.0167196,formal_execution_limiter_v1:header4+3x7,"[1.0,1788759167.0161326,1.0,0.09959639261290706,0.07280704472079139,0.07595243142445765,0.07280704472079139,0.07595243142445765,0.15,0.15,0.0,0.04142928159451063,0.05095609385824063,0.04142928159451063,0.05095609385824063,0.15,0.15,0.0,0.08210022819144219,0.09959639261290706,0.08210022819144219,0.09959639261290706,0.15,0.15,0.002974781731577545]"
/multi_agv/formal_execution_limiter_state,1788759167.0266597,1788759167.0266597,formal_execution_limiter_v1:header4+3x7,"[1.0,1788759167.0261586,1.0,0.09696646907291404,0.06784902276071654,0.07773729459755578,0.06784902276071654,0.07773729459755578,0.15,0.15,0.0,0.03928382954260335,0.05349504708110985,0.03928382954260335,0.05349504708110985,0.15,0.15,0.0,0.07782393228232543,0.09696646907291404,0.07782393228232543,0.09696646907291404,0.15,0.15,0.002974781731577545]"
/multi_agv/formal_execution_limiter_state,1788759167.037067,1788759167.037067,formal_execution_limiter_v1:header4+3x7,"[1.0,1788759167.0362668,1.0,0.0975535351620851,0.06801426314469673,0.07791168933634289,0.06801426314469673,0.07791168933634289,0.15,0.15,0.0,0.03984888650282222,0.05455054987048067,0.03984888650282222,0.05455054987048067,0.15,0.15,0.0,0.07790268763698181,0.0975535351620851,0.07790268763698181,0.0975535351620851,0.15,0.15,0.002974781731577545]"
/multi_agv/formal_execution_limiter_state,1788759167.0467772,1788759167.0467772,formal_execution_limiter_v1:header4+3x7,"[1.0,1788759167.0461056,1.0,0.09689154284735177,0.0675001163751489,0.0771227698526366,0.0675001163751489,0.0771227698526366,0.15,0.15,0.0,0.03980914290782434,0.05460089761378325,0.03980914290782434,0.05460089761378325,0.15,0.15,0.0,0.07726567435321138,0.09689154284735177,0.07726567435321138,0.09689154284735177,0.15,0.15,0.002974781731577545]"
/multi_agv/formal_execution_limiter_state,1788759167.0566769,1788759167.0566769,formal_execution_limiter_v1:header4+3x7,"[1.0,1788759167.0560904,1.0,0.0965994991188461,0.06725932344752267,0.07658589072805891,0.06725932344752267,0.07658589072805891,0.15,0.15,0.0,0.040036828926306535,0.055065562762236585,0.040036828926306535,0.055065562762236585,0.15,0.15,0.0,0.07687694419274901,0.0965994991188461,0.07687694419274901,0.0965994991188461,0.15,0.15,0.002974781731577545]"
/multi_agv/formal_execution_limiter_state,1788759167.0667403,1788759167.0667403,formal_execution_limiter_v1:header4+3x7,"[1.0,1788759167.0660691,1.0,0.09441526824938137,0.06923241419037718,0.07473559683725808,0.06923241419037718,0.07473559683725808,0.15,0.15,0.0,0.03994195696857599,0.05320090672516232,0.03994195696857599,0.05320090672516232,0.15,0.15,0.0,0.0750409641039094,0.09441526824938137,0.0750409641039094,0.09441526824938137,0.15,0.15,0.002974781731577545]"
/multi_agv/formal_execution_limiter_state,1788759167.0767052,1788759167.0767052,formal_execution_limiter_v1:header4+3x7,"[1.0,1788759167.07616,1.0,0.09511266380472787,0.07067728295948476,0.07619631137728751,0.07067728295948476,0.07619631137728751,0.15,0.15,0.0,0.04016554639346487,0.05384982671466043,0.04016554639346487,0.05384982671466043,0.15,0.15,0.0,0.0752136034820567,0.09511266380472787,0.0752136034820567,0.09511266380472787,0.15,0.15,0.002974781731577545]"
/multi_agv/formal_execution_limiter_state,1788759167.086662,1788759167.086662,formal_execution_limiter_v1:header4+3x7,"[1.0,1788759167.0860934,1.0,0.09380293410364285,0.07047969058091252,0.07561064214108792,0.07047969058091252,0.07561064214108792,0.15,0.15,0.0,0.03935536376100078,0.05340224584210507,0.03935536376100078,0.05340224584210507,0.15,0.15,0.0,0.07453759460562243,0.09380293410364285,0.07453759460562243,0.09380293410364285,0.15,0.15,0.002974781731577545]"
/multi_agv/formal_execution_limiter_state,1788759167.096856,1788759167.096856,formal_execution_limiter_v1:header4+3x7,"[1.0,1788759167.0961268,1.0,0.09497292366273158,0.07182216693784668,0.07695373518187737,0.07182216693784668,0.07695373518187737,0.15,0.15,0.0,0.03962203441158649,0.05410789238466614,0.03962203441158649,0.05410789238466614,0.15,0.15,0.0,0.07511371376086334,0.09497292366273158,0.07511371376086334,0.09497292366273158,0.15,0.15,0.002974781731577545]"
/multi_agv/formal_execution_limiter_state,1788759167.1069942,1788759167.1069942,formal_execution_limiter_v1:header4+3x7,"[1.0,1788759167.1062114,1.0,0.09437667044832398,0.0715093682289202,0.07291472539272986,0.0715093682289202,0.07291472539272986,0.15,0.15,0.0,0.03919368769278317,0.057480199370317175,0.03919368769278317,0.057480199370317175,0.15,0.15,0.0,0.07520889760768695,0.09437667044832398,0.07520889760768695,0.09437667044832398,0.15,0.15,0.002974781731577545]"
/multi_agv/formal_execution_limiter_state,1788759167.117149,1788759167.117149,formal_execution_limiter_v1:header4+3x7,"[1.0,1788759167.1161613,1.0,0.09593996770812102,0.07211907064423019,0.0734985292284782,0.07211907064423019,0.0734985292284782,0.15,0.15,0.0,0.04023955085339459,0.059151458930667006,0.04023955085339459,0.059151458930667006,0.15,0.15,0.0,0.07612165016195746,0.09593996770812102,0.07612165016195746,0.09593996770812102,0.15,0.15,0.002974781731577545]"
/multi_agv/formal_execution_limiter_state,1788759167.1267836,1788759167.1267836,formal_execution_limiter_v1:header4+3x7,"[1.0,1788759167.1261344,1.0,0.09840546812408404,0.07277564471286273,0.07317119654638561,0.07277564471286273,0.07317119654638561,0.15,0.15,0.0,0.042147325096773484,0.052328508416553086,0.042147325096773484,0.052328508416553086,0.15,0.15,0.0,0.07640797669088467,0.09840546812408404,0.07640797669088467,0.09840546812408404,0.15,0.15,0.002974781731577545]"
/multi_agv/formal_execution_limiter_state,1788759167.136623,1788759167.136623,formal_execution_limiter_v1:header4+3x7,"[1.0,1788759167.1360939,1.0,0.10132521601626972,0.07422758184148479,0.07459687132830997,0.07422758184148479,0.07459687132830997,0.15,0.15,0.0,0.04160738581428791,0.05204534438513325,0.04160738581428791,0.05204534438513325,0.15,0.15,0.0,0.078468824481349,0.10132521601626972,0.078468824481349,0.10132521601626972,0.15,0.15,0.002974781731577545]"
/multi_agv/formal_execution_limiter_state,1788759167.1467988,1788759167.1467988,formal_execution_limiter_v1:header4+3x7,"[1.0,1788759167.1461272,1.0,0.1024416694011637,0.0747748358762825,0.07486177002361405,0.0747748358762825,0.07486177002361405,0.15,0.15,0.0,0.04072650140318506,0.05077321996186084,0.04072650140318506,0.05077321996186084,0.15,0.15,0.0,0.0795890417777001,0.1024416694011637,0.0795890417777001,0.1024416694011637,0.15,0.15,0.002974781731577545]"
/multi_agv/formal_execution_limiter_state,1788759167.1568196,1788759167.1568196,formal_execution_limiter_v1:header4+3x7,"[1.0,1788759167.1561494,1.0,0.10343368975615262,0.07540784445462019,0.07518063968574014,0.07540784445462019,0.07518063968574014,0.15,0.15,0.0,0.03998573165960465,0.04992293755236837,0.03998573165960465,0.04992293755236837,0.15,0.15,0.0,0.08039205857264968,0.10343368975615262,0.08039205857264968,0.10343368975615262,0.15,0.15,0.002974781731577545]"
/multi_agv/formal_execution_limiter_state,1788759167.1668422,1788759167.1668422,formal_execution_limiter_v1:header4+3x7,"[1.0,1788759167.1660967,1.0,0.10289368198423053,0.07129745859933725,0.07577629480935652,0.07129745859933725,0.07577629480935652,0.15,0.15,0.0,0.039655621149157085,0.05258322448349705,0.039655621149157085,0.05258322448349705,0.15,0.15,0.0,0.0787568260897759,0.10289368198423053,0.0787568260897759,0.10289368198423053,0.15,0.15,0.002974781731577545]"
/multi_agv/formal_execution_limiter_state,1788759167.176799,1788759167.176799,formal_execution_limiter_v1:header4+3x7,"[1.0,1788759167.176093,1.0,0.10325829997048513,0.07068064759303402,0.07498848368256777,0.07068064759303402,0.07498848368256777,0.15,0.15,0.0,0.0401770593460435,0.05335474360674228,0.0401770593460435,0.05335474360674228,0.15,0.15,0.0,0.07909387788257197,0.10325829997048513,0.07909387788257197,0.10325829997048513,0.15,0.15,0.002974781731577545]"
/multi_agv/formal_execution_limiter_state,1788759167.1867888,1788759167.1867888,formal_execution_limiter_v1:header4+3x7,"[1.0,1788759167.1861007,1.0,0.10308806870780199,0.06986653030065636,0.07401677685074713,0.06986653030065636,0.07401677685074713,0.15,0.15,0.0,0.0404221010041873,0.053771923833425515,0.0404221010041873,0.053771923833425515,0.15,0.15,0.0,0.07930554161617212,0.10308806870780199,0.07930554161617212,0.10308806870780199,0.15,0.15,0.002974781731577545]"
/multi_agv/formal_execution_limiter_state,1788759167.1967826,1788759167.1967826,formal_execution_limiter_v1:header4+3x7,"[1.0,1788759167.19611,1.0,0.10297055022346481,0.069554708130568,0.07352456611841462,0.069554708130568,0.07352456611841462,0.15,0.15,0.0,0.04055818226411584,0.05427241032944971,0.04055818226411584,0.05427241032944971,0.15,0.15,0.0,0.07933215616833826,0.10297055022346481,0.07933215616833826,0.10297055022346481,0.15,0.15,0.002974781731577545]"
/multi_agv/formal_execution_limiter_state,1788759167.2067096,1788759167.2067096,formal_execution_limiter_v1:header4+3x7,"[1.0,1788759167.206093,1.0,0.09653283689773812,0.07100416038832842,0.07057584590079548,0.07100416038832842,0.07057584590079548,0.15,0.15,0.0,0.03772128226932658,0.05676573454831046,0.03772128226932658,0.05676573454831046,0.15,0.15,0.0,0.08112716821475172,0.09653283689773812,0.08112716821475172,0.09653283689773812,0.15,0.15,0.002974781731577545]"
/multi_agv/formal_execution_limiter_state,1788759167.216663,1788759167.216663,formal_execution_limiter_v1:header4+3x7,"[1.0,1788759167.216091,1.0,0.0953433719912283,0.07071098347864387,0.07012411365855799,0.07071098347864387,0.07012411365855799,0.15,0.15,0.0,0.038292836179692834,0.05779466517344311,0.038292836179692834,0.05779466517344311,0.15,0.15,0.0,0.08022294083175507,0.0953433719912283,0.08022294083175507,0.0953433719912283,0.15,0.15,0.002974781731577545]"
/multi_agv/formal_execution_limiter_state,1788759167.2268288,1788759167.2268288,formal_execution_limiter_v1:header4+3x7,"[1.0,1788759167.226137,1.0,0.09402197100023675,0.06994341172343137,0.06928864660756774,0.06994341172343137,0.06928864660756774,0.15,0.15,0.0,0.03908434610330394,0.05928439773787049,0.03908434610330394,0.05928439773787049,0.15,0.15,0.0,0.07946151828779906,0.09402197100023675,0.07946151828779906,0.09402197100023675,0.15,0.15,0.002974781731577545]"
/multi_agv/formal_execution_limiter_state,1788759167.2369227,1788759167.2369227,formal_execution_limiter_v1:header4+3x7,"[1.0,1788759167.236141,1.0,0.09289832796895457,0.07507600855692677,0.06855293901734151,0.07507600855692677,0.06855293901734151,0.15,0.15,0.0,0.03923286365167007,0.06047919293663426,0.03923286365167007,0.06047919293663426,0.15,0.15,0.0,0.0830347299381617,0.09289832796895457,0.0830347299381617,0.09289832796895457,0.15,0.15,0.002974781731577545]"
/multi_agv/formal_execution_limiter_state,1788759167.2467382,1788759167.2467382,formal_execution_limiter_v1:header4+3x7,"[1.0,1788759167.246124,1.0,0.09188824075227008,0.076023920083579,0.06916335274011293,0.076023920083579,0.06916335274011293,0.15,0.15,0.0,0.03905665910700047,0.06060199821400143,0.03905665910700047,0.06060199821400143,0.15,0.15,0.0,0.08244188282639615,0.09188824075227008,0.08244188282639615,0.09188824075227008,0.15,0.15,0.002974781731577545]"
/multi_agv/formal_execution_limiter_state,1788759167.256802,1788759167.256802,formal_execution_limiter_v1:header4+3x7,"[1.0,1788759167.2561467,1.0,0.09135281226306509,0.07714437386903554,0.06994428593834189,0.07714437386903554,0.06994428593834189,0.15,0.15,0.0,0.039367978378080565,0.06115268523997197,0.039367978378080565,0.06115268523997197,0.15,0.15,0.0,0.08202400671332673,0.09135281226306509,0.08202400671332673,0.09135281226306509,0.15,0.15,0.002974781731577545]"
/multi_agv/formal_execution_limiter_state,1788759167.2668226,1788759167.2668226,formal_execution_limiter_v1:header4+3x7,"[1.0,1788759167.2661176,1.0,0.09049127936328892,0.07756137292288293,0.07002659534409233,0.07756137292288293,0.07002659534409233,0.15,0.15,0.0,0.03977752623936348,0.061574508924895174,0.03977752623936348,0.061574508924895174,0.15,0.15,0.0,0.08158127901898028,0.09049127936328892,0.08158127901898028,0.09049127936328892,0.15,0.15,0.002974781731577545]"
/multi_agv/formal_execution_limiter_state,1788759167.2768826,1788759167.2768826,formal_execution_limiter_v1:header4+3x7,"[1.0,1788759167.2761297,1.0,0.09081703469413585,0.07810562465210721,0.07040690670872399,0.07810562465210721,0.07040690670872399,0.15,0.15,0.0,0.04012754943186941,0.06213397496236118,0.04012754943186941,0.06213397496236118,0.15,0.15,0.0,0.0819354435771383,0.09081703469413585,0.0819354435771383,0.09081703469413585,0.15,0.15,0.002974781731577545]"
/multi_agv/formal_execution_limiter_state,1788759167.2868438,1788759167.2868438,formal_execution_limiter_v1:header4+3x7,"[1.0,1788759167.2861323,1.0,0.09355893107980097,0.07924811653663226,0.07257408268042063,0.07924811653663226,0.07257408268042063,0.15,0.15,0.0,0.04157657200137532,0.06196882769672124,0.04157657200137532,0.06196882769672124,0.15,0.15,0.0,0.08248429051315302,0.09355893107980097,0.08248429051315302,0.09355893107980097,0.15,0.15,0.002974781731577545]"
/multi_agv/formal_execution_limiter_state,1788759167.2966373,1788759167.2966373,formal_execution_limiter_v1:header4+3x7,"[1.0,1788759167.296125,1.0,0.09425665329131487,0.0803100219951328,0.07334771309937328,0.0803100219951328,0.07334771309937328,0.15,0.15,0.0,0.04191861665237238,0.06241516836372161,0.04191861665237238,0.06241516836372161,0.15,0.15,0.0,0.08301626472921735,0.09425665329131487,0.08301626472921735,0.09425665329131487,0.15,0.15,0.002974781731577545]"
/multi_agv/formal_execution_limiter_state,1788759167.3066921,1788759167.3066921,formal_execution_limiter_v1:header4+3x7,"[1.0,1788759167.306106,1.0,0.09260044683695164,0.07931356785282564,0.07099645695366122,0.07931356785282564,0.07099645695366122,0.15,0.15,0.0,0.04110969820802802,0.06206013827336201,0.04110969820802802,0.06206013827336201,0.15,0.15,0.0,0.08029128548266413,0.09260044683695164,0.08029128548266413,0.09260044683695164,0.15,0.15,0.002974781731577545]"
/multi_agv/formal_execution_limiter_state,1788759167.316699,1788759167.316699,formal_execution_limiter_v1:header4+3x7,"[1.0,1788759167.316092,1.0,0.0936878750939962,0.08017514565601155,0.07171350921808745,0.08017514565601155,0.07171350921808745,0.15,0.15,0.0,0.04153138468838126,0.06302518671396022,0.04153138468838126,0.06302518671396022,0.15,0.15,0.0,0.0807987044523471,0.0936878750939962,0.0807987044523471,0.0936878750939962,0.15,0.15,0.002974781731577545]"
/multi_agv/formal_execution_limiter_state,1788759167.3266664,1788759167.3266664,formal_execution_limiter_v1:header4+3x7,"[1.0,1788759167.3261495,1.0,0.0923459808734179,0.07977835372629301,0.07149337660005346,0.07977835372629301,0.07149337660005346,0.15,0.15,0.0,0.041669265895792076,0.06068503904785619,0.041669265895792076,0.06068503904785619,0.15,0.15,0.0,0.07994395492917968,0.0923459808734179,0.07994395492917968,0.0923459808734179,0.15,0.15,0.002974781731577545]"
/multi_agv/formal_execution_limiter_state,1788759167.3366435,1788759167.3366435,formal_execution_limiter_v1:header4+3x7,"[1.0,1788759167.336112,1.0,0.09218437182908923,0.07937238431208209,0.07149829818665983,0.07937238431208209,0.07149829818665983,0.15,0.15,0.0,0.04146312190789005,0.060506151396185336,0.04146312190789005,0.060506151396185336,0.15,0.15,0.0,0.07949892402921829,0.09218437182908923,0.07949892402921829,0.09218437182908923,0.15,0.15,0.002974781731577545]"
/multi_agv/formal_execution_limiter_state,1788759167.3466532,1788759167.3466532,formal_execution_limiter_v1:header4+3x7,"[1.0,1788759167.3461487,1.0,0.09097218906192447,0.07897640584705927,0.07094122165717466,0.07897640584705927,0.07094122165717466,0.15,0.15,0.0,0.04098126878106742,0.05995362925678065,0.04098126878106742,0.05995362925678065,0.15,0.15,0.0,0.07824133660610313,0.09097218906192447,0.07824133660610313,0.09097218906192447,0.15,0.15,0.002974781731577545]"
/multi_agv/formal_execution_limiter_state,1788759167.3566282,1788759167.3566282,formal_execution_limiter_v1:header4+3x7,"[1.0,1788759167.3560903,1.0,0.09026610650479268,0.07877021255901395,0.07070660148867869,0.07877021255901395,0.07070660148867869,0.15,0.15,0.0,0.04047235573086691,0.059494209723579466,0.04047235573086691,0.059494209723579466,0.15,0.15,0.0,0.07742542981276813,0.09026610650479268,0.07742542981276813,0.09026610650479268,0.15,0.15,0.002974781731577545]"
/multi_agv/formal_execution_limiter_state,1788759167.3667126,1788759167.3667126,formal_execution_limiter_v1:header4+3x7,"[1.0,1788759167.366138,1.0,0.08579685233117444,0.07682654945498117,0.06997872495317038,0.07682654945498117,0.06997872495317038,0.15,0.15,0.0,0.039026222179103925,0.061644752364782535,0.039026222179103925,0.061644752364782535,0.15,0.15,0.0,0.08524842164303108,0.08579685233117444,0.08524842164303108,0.08579685233117444,0.15,0.15,0.002974781731577545]"
/multi_agv/formal_execution_limiter_state,1788759167.3767176,1788759167.3767176,formal_execution_limiter_v1:header4+3x7,"[1.0,1788759167.3761628,1.0,0.08651782756677785,0.07627509380896366,0.06953338986414215,0.07627509380896366,0.06953338986414215,0.15,0.15,0.0,0.039570379665349896,0.062331477971503034,0.039570379665349896,0.062331477971503034,0.15,0.15,0.0,0.08568365951519934,0.08651782756677785,0.08568365951519934,0.08651782756677785,0.15,0.15,0.002974781731577545]"
/multi_agv/formal_execution_limiter_state,1788759167.3867562,1788759167.3867562,formal_execution_limiter_v1:header4+3x7,"[1.0,1788759167.386163,1.0,0.0894892765752329,0.07304011172435093,0.07029145216164862,0.07304011172435093,0.07029145216164862,0.15,0.15,0.0,0.03992498274417745,0.05900766077405537,0.03992498274417745,0.05900766077405537,0.15,0.15,0.0,0.07770220597541241,0.0894892765752329,0.07770220597541241,0.0894892765752329,0.15,0.15,0.002974781731577545]"
/multi_agv/formal_execution_limiter_state,1788759167.3971214,1788759167.3971214,formal_execution_limiter_v1:header4+3x7,"[1.0,1788759167.3962762,1.0,0.09045175693449059,0.0734378678901473,0.0705290860682712,0.0734378678901473,0.0705290860682712,0.15,0.15,0.0,0.03972067411759324,0.059202751578957435,0.03972067411759324,0.059202751578957435,0.15,0.15,0.0,0.07809745157897413,0.09045175693449059,0.07809745157897413,0.09045175693449059,0.15,0.15,0.002974781731577545]"
/multi_agv/formal_execution_limiter_state,1788759167.4069338,1788759167.4069338,formal_execution_limiter_v1:header4+3x7,"[1.0,1788759167.406143,1.0,0.08989865442524657,0.07247116968968063,0.07006163278015039,0.07247116968968063,0.07006163278015039,0.15,0.15,0.0,0.03923334189004028,0.05837086139542916,0.03923334189004028,0.05837086139542916,0.15,0.15,0.0,0.07744152193274569,0.08989865442524657,0.07744152193274569,0.08989865442524657,0.15,0.15,0.002974781731577545]"
/multi_agv/formal_execution_limiter_state,1788759167.4167693,1788759167.4167693,formal_execution_limiter_v1:header4+3x7,"[1.0,1788759167.4161384,1.0,0.0902528356519582,0.07211691078101294,0.07002262688215811,0.07211691078101294,0.07002262688215811,0.15,0.15,0.0,0.03924799275653467,0.058334800600678686,0.03924799275653467,0.058334800600678686,0.15,0.15,0.0,0.0774865046391373,0.0902528356519582,0.0774865046391373,0.0902528356519582,0.15,0.15,0.002974781731577545]"
/multi_agv/formal_execution_limiter_state,1788759167.426827,1788759167.426827,formal_execution_limiter_v1:header4+3x7,"[1.0,1788759167.4261098,1.0,0.09218107109175423,0.07202917255607226,0.06815188960175698,0.07202917255607226,0.06815188960175698,0.15,0.15,0.0,0.03890433527451666,0.050188771134289406,0.03890433527451666,0.050188771134289406,0.15,0.15,0.0,0.0745928744022177,0.09218107109175423,0.0745928744022177,0.09218107109175423,0.15,0.15,0.002974781731577545]"
/multi_agv/formal_execution_limiter_state,1788759167.4367266,1788759167.4367266,formal_execution_limiter_v1:header4+3x7,"[1.0,1788759167.4360912,1.0,0.09238292552497007,0.07177371805750851,0.06795161649476347,0.07177371805750851,0.06795161649476347,0.15,0.15,0.0,0.03735351828440809,0.04819628697628597,0.03735351828440809,0.04819628697628597,0.15,0.15,0.0,0.07433297267824937,0.09238292552497007,0.07433297267824937,0.09238292552497007,0.15,0.15,0.002974781731577545]"
/multi_agv/formal_execution_limiter_state,1788759167.4468179,1788759167.4468179,formal_execution_limiter_v1:header4+3x7,"[1.0,1788759167.4462173,1.0,0.09192185328509259,0.07109225384834061,0.0676068084233323,0.07109225384834061,0.0676068084233323,0.15,0.15,0.0,0.03590377801413208,0.045918883406739996,0.03590377801413208,0.045918883406739996,0.15,0.15,0.0,0.07337507581160743,0.09192185328509259,0.07337507581160743,0.09192185328509259,0.15,0.15,0.002974781731577545]"
/multi_agv/formal_execution_limiter_state,1788759167.4568784,1788759167.4568784,formal_execution_limiter_v1:header4+3x7,"[1.0,1788759167.4562109,1.0,0.09215437059077078,0.07092615644831214,0.06767941800791812,0.07092615644831214,0.06767941800791812,0.15,0.15,0.0,0.034963761014756824,0.04452231376152351,0.034963761014756824,0.04452231376152351,0.15,0.15,0.0,0.07303585539070048,0.09215437059077078,0.07303585539070048,0.09215437059077078,0.15,0.15,0.002974781731577545]"
/multi_agv/formal_execution_limiter_state,1788759167.4666803,1788759167.4666803,formal_execution_limiter_v1:header4+3x7,"[1.0,1788759167.466091,1.0,0.09296062766418171,0.07131651001056519,0.06537510068780397,0.07131651001056519,0.06537510068780397,0.15,0.15,0.0,0.034539883809930276,0.04921254376896402,0.034539883809930276,0.04921254376896402,0.15,0.15,0.0,0.0719622910201136,0.09296062766418171,0.0719622910201136,0.09296062766418171,0.15,0.15,0.002974781731577545]"
/multi_agv/formal_execution_limiter_state,1788759167.4767623,1788759167.4767623,formal_execution_limiter_v1:header4+3x7,"[1.0,1788759167.4761653,1.0,0.09477028635711603,0.07226524582790878,0.06611722995588543,0.07226524582790878,0.06611722995588543,0.15,0.15,0.0,0.035469278821915855,0.050859372686703076,0.035469278821915855,0.050859372686703076,0.15,0.15,0.0,0.07306483657680067,0.09477028635711603,0.07306483657680067,0.09477028635711603,0.15,0.15,0.002974781731577545]"
/multi_agv/formal_execution_limiter_state,1788759167.4866958,1788759167.4866958,formal_execution_limiter_v1:header4+3x7,"[1.0,1788759167.4861364,1.0,0.09459664224388654,0.07197475004609194,0.06580326595504249,0.07197475004609194,0.06580326595504249,0.15,0.15,0.0,0.035999025008173154,0.051369584045636914,0.035999025008173154,0.051369584045636914,0.15,0.15,0.0,0.07267863147554536,0.09459664224388654,0.07267863147554536,0.09459664224388654,0.15,0.15,0.002974781731577545]"
/multi_agv/formal_execution_limiter_state,1788759167.496896,1788759167.496896,formal_execution_limiter_v1:header4+3x7,"[1.0,1788759167.4962523,1.0,0.0947071713804093,0.06788861912986488,0.07345153776434385,0.06788861912986488,0.07345153776434385,0.15,0.15,0.0,0.03666327100934569,0.051622934161345585,0.03666327100934569,0.051622934161345585,0.15,0.15,0.0,0.07417083393475174,0.0947071713804093,0.07417083393475174,0.0947071713804093,0.15,0.15,0.002974781731577545]"
/multi_agv/formal_execution_limiter_state,1788759167.5069253,1788759167.5069253,formal_execution_limiter_v1:header4+3x7,"[1.0,1788759167.5062058,1.0,0.09417290200684673,0.06741960738741029,0.07325054370621042,0.06741960738741029,0.07325054370621042,0.15,0.15,0.0,0.03715751593684657,0.05195615324214337,0.03715751593684657,0.05195615324214337,0.15,0.15,0.0,0.0740282133483781,0.09417290200684673,0.0740282133483781,0.09417290200684673,0.15,0.15,0.002974781731577545]"
/multi_agv/formal_execution_limiter_state,1788759167.51665,1788759167.51665,formal_execution_limiter_v1:header4+3x7,"[1.0,1788759167.5162125,1.0,0.096054543939015,0.06876790099949981,0.074373686667696,0.06876790099949981,0.074373686667696,0.15,0.15,0.0,0.038056589675882956,0.05357518167488858,0.038056589675882956,0.05357518167488858,0.15,0.15,0.0,0.07519417232471756,0.096054543939015,0.07519417232471756,0.096054543939015,0.15,0.15,0.002974781731577545]"
/multi_agv/formal_execution_limiter_state,1788759167.5267186,1788759167.5267186,formal_execution_limiter_v1:header4+3x7,"[1.0,1788759167.5261626,1.0,0.09341454498969848,0.0684767609979427,0.07551318417258257,0.0684767609979427,0.07551318417258257,0.15,0.15,0.0,0.0386740586401141,0.056108271162600934,0.0386740586401141,0.056108271162600934,0.15,0.15,0.0,0.07485827022661304,0.09341454498969848,0.07485827022661304,0.09341454498969848,0.15,0.15,0.002974781731577545]"
/multi_agv/formal_execution_limiter_state,1788759167.5368161,1788759167.5368161,formal_execution_limiter_v1:header4+3x7,"[1.0,1788759167.536089,1.0,0.09454506799535196,0.07025139501234667,0.07703635821547336,0.07025139501234667,0.07703635821547336,0.15,0.15,0.0,0.040168548445931845,0.05849646322454237,0.040168548445931845,0.05849646322454237,0.15,0.15,0.0,0.07539558373802797,0.09454506799535196,0.07539558373802797,0.09454506799535196,0.15,0.15,0.002974781731577545]"
/multi_agv/formal_execution_limiter_state,1788759167.5468018,1788759167.5468018,formal_execution_limiter_v1:header4+3x7,"[1.0,1788759167.546136,1.0,0.09289109140609589,0.07039589723294577,0.07724408941014292,0.07039589723294577,0.07724408941014292,0.15,0.15,0.0,0.04052616233536621,0.05855762757761891,0.04052616233536621,0.05855762757761891,0.15,0.15,0.0,0.0741143558132398,0.09289109140609589,0.0741143558132398,0.09289109140609589,0.15,0.15,0.002974781731577545]"
/multi_agv/formal_execution_limiter_state,1788759167.5566704,1788759167.5566704,formal_execution_limiter_v1:header4+3x7,"[1.0,1788759167.5560904,1.0,0.09397174441613704,0.07213260818115458,0.07871790409673723,0.07213260818115458,0.07871790409673723,0.15,0.15,0.0,0.04159003622547116,0.060402055891265675,0.04159003622547116,0.060402055891265675,0.15,0.15,0.0,0.0746083546963254,0.09397174441613704,0.0746083546963254,0.09397174441613704,0.15,0.15,0.002974781731577545]"
/multi_agv/formal_execution_limiter_state,1788759167.5668166,1788759167.5668166,formal_execution_limiter_v1:header4+3x7,"[1.0,1788759167.5661476,1.0,0.09414288987938532,0.06929251099958743,0.07958184853556134,0.06929251099958743,0.07958184853556134,0.15,0.15,0.0,0.04277806623666306,0.06019356725772478,0.04277806623666306,0.06019356725772478,0.15,0.15,0.0,0.07482873919081148,0.09414288987938532,0.07482873919081148,0.09414288987938532,0.15,0.15,0.002974781731577545]"
/multi_agv/formal_execution_limiter_state,1788759167.5769494,1788759167.5769494,formal_execution_limiter_v1:header4+3x7,"[1.0,1788759167.5762274,1.0,0.0959659915848579,0.07037168370019298,0.08042043247027952,0.07037168370019298,0.08042043247027952,0.15,0.15,0.0,0.04378988611153685,0.061983534008077185,0.04378988611153685,0.061983534008077185,0.15,0.15,0.0,0.0759432052115759,0.0959659915848579,0.0759432052115759,0.0959659915848579,0.15,0.15,0.002974781731577545]"
/multi_agv/formal_execution_limiter_state,1788759167.5867255,1788759167.5867255,formal_execution_limiter_v1:header4+3x7,"[1.0,1788759167.5861187,1.0,0.09538358246019928,0.07016691515910041,0.08012614354359966,0.07016691515910041,0.08012614354359966,0.15,0.15,0.0,0.04427777487692605,0.06260995792547469,0.04427777487692605,0.06260995792547469,0.15,0.15,0.0,0.07569705074719661,0.09538358246019928,0.07569705074719661,0.09538358246019928,0.15,0.15,0.002974781731577545]"
/multi_agv/formal_execution_limiter_state,1788759167.5965626,1788759167.5965626,formal_execution_limiter_v1:header4+3x7,"[1.0,1788759167.5960853,1.0,0.0967599572492009,0.077192657124108,0.07685328346300921,0.077192657124108,0.07685328346300921,0.15,0.15,0.0,0.04412029105749114,0.06450884899018135,0.04412029105749114,0.06450884899018135,0.15,0.15,0.0,0.07486622933939586,0.0967599572492009,0.07486622933939586,0.0967599572492009,0.15,0.15,0.002974781731577545]"
/multi_agv/formal_execution_limiter_state,1788759167.606611,1788759167.606611,formal_execution_limiter_v1:header4+3x7,"[1.0,1788759167.606116,1.0,0.0965178829932393,0.0783049136367228,0.07781644725245294,0.0783049136367228,0.07781644725245294,0.15,0.15,0.0,0.04458868716524089,0.06497478524385104,0.04458868716524089,0.06497478524385104,0.15,0.15,0.0,0.07511560362155817,0.0965178829932393,0.07511560362155817,0.0965178829932393,0.15,0.15,0.002974781731577545]"
/multi_agv/formal_execution_limiter_state,1788759167.6165948,1788759167.6165948,formal_execution_limiter_v1:header4+3x7,"[1.0,1788759167.6160917,1.0,0.09709409437353293,0.07923579161811335,0.07847647710521428,0.07923579161811335,0.07847647710521428,0.15,0.15,0.0,0.045395832442340814,0.06603893299930304,0.045395832442340814,0.06603893299930304,0.15,0.15,0.0,0.075709412261862,0.09709409437353293,0.075709412261862,0.09709409437353293,0.15,0.15,0.002974781731577545]"
/multi_agv/formal_execution_limiter_state,1788759167.6267161,1788759167.6267161,formal_execution_limiter_v1:header4+3x7,"[1.0,1788759167.6261313,1.0,0.09058634332597637,0.07932773113795148,0.07890752663615615,0.07932773113795148,0.07890752663615615,0.15,0.15,0.0,0.045938078251337444,0.06431830075869238,0.045938078251337444,0.06431830075869238,0.15,0.15,0.0,0.07917524974760598,0.09058634332597637,0.07917524974760598,0.09058634332597637,0.15,0.15,0.002974781731577545]"
/multi_agv/formal_execution_limiter_state,1788759167.6367497,1788759167.6367497,formal_execution_limiter_v1:header4+3x7,"[1.0,1788759167.6362228,1.0,0.08942218476443224,0.07996268802898732,0.08078230988855895,0.07996268802898732,0.08078230988855895,0.15,0.15,0.0,0.04583331967267338,0.06422506855802185,0.04583331967267338,0.06422506855802185,0.15,0.15,0.0,0.0782186088880817,0.08942218476443224,0.0782186088880817,0.08942218476443224,0.15,0.15,0.002974781731577545]"
/multi_agv/formal_execution_limiter_state,1788759167.6465535,1788759167.6465535,formal_execution_limiter_v1:header4+3x7,"[1.0,1788759167.6460922,1.0,0.08717736156801562,0.07964996848105045,0.07991137785547246,0.07964996848105045,0.07991137785547246,0.15,0.15,0.0,0.04513278301935203,0.06258217436244604,0.04513278301935203,0.06258217436244604,0.15,0.15,0.0,0.07693162985064228,0.08717736156801562,0.07693162985064228,0.08717736156801562,0.15,0.15,0.002974781731577545]"
/multi_agv/formal_execution_limiter_state,1788759167.6567311,1788759167.6567311,formal_execution_limiter_v1:header4+3x7,"[1.0,1788759167.6561255,1.0,0.08772124701668683,0.08103332880016391,0.0809852796686187,0.08103332880016391,0.0809852796686187,0.15,0.15,0.0,0.04520220090168914,0.06317110059170236,0.04520220090168914,0.06317110059170236,0.15,0.15,0.0,0.07698077505676061,0.08772124701668683,0.07698077505676061,0.08772124701668683,0.15,0.15,0.002974781731577545]"
/multi_agv/formal_execution_limiter_state,1788759167.6667106,1788759167.6667106,formal_execution_limiter_v1:header4+3x7,"[1.0,1788759167.666137,1.0,0.08827591968141457,0.08078178614114877,0.08007628186961703,0.08078178614114877,0.08007628186961703,0.15,0.15,0.0,0.046148775163908244,0.06258228949175122,0.046148775163908244,0.06258228949175122,0.15,0.15,0.0,0.07299296949523068,0.08827591968141457,0.07299296949523068,0.08827591968141457,0.15,0.15,0.002974781731577545]"
/multi_agv/formal_execution_limiter_state,1788759167.6766987,1788759167.6766987,formal_execution_limiter_v1:header4+3x7,"[1.0,1788759167.676087,1.0,0.0875649244890169,0.08202324598473373,0.07961810350773799,0.08202324598473373,0.07961810350773799,0.15,0.15,0.0,0.04609211653526987,0.06274635909761495,0.04609211653526987,0.06274635909761495,0.15,0.15,0.0,0.07238053323684107,0.0875649244890169,0.07238053323684107,0.0875649244890169,0.15,0.15,0.002974781731577545]"
/multi_agv/formal_execution_limiter_state,1788759167.6865711,1788759167.6865711,formal_execution_limiter_v1:header4+3x7,"[1.0,1788759167.6861305,1.0,0.08612469971157596,0.08197762458886193,0.0793001100151394,0.08197762458886193,0.0793001100151394,0.15,0.15,0.0,0.04584154425604817,0.06230442249586214,0.04584154425604817,0.06230442249586214,0.15,0.15,0.0,0.07147861213470214,0.08612469971157596,0.07147861213470214,0.08612469971157596,0.15,0.15,0.002974781731577545]"
/multi_agv/formal_execution_limiter_state,1788759167.6967466,1788759167.6967466,formal_execution_limiter_v1:header4+3x7,"[1.0,1788759167.6961372,1.0,0.08309192559548145,0.08225271065250395,0.07984248188859869,0.08225271065250395,0.07984248188859869,0.15,0.15,0.0,0.045352491700521136,0.062312167676529195,0.045352491700521136,0.062312167676529195,0.15,0.15,0.0,0.07918487525519502,0.08309192559548145,0.07918487525519502,0.08309192559548145,0.15,0.15,0.002974781731577545]"
/multi_agv/formal_execution_limiter_state,1788759167.7065663,1788759167.7065663,formal_execution_limiter_v1:header4+3x7,"[1.0,1788759167.7061133,1.0,0.08249318730411256,0.08077512307206684,0.07719186808199517,0.08077512307206684,0.07719186808199517,0.15,0.15,0.0,0.04238441394105122,0.06650221023389465,0.04238441394105122,0.06650221023389465,0.15,0.15,0.0,0.07921975665488742,0.08249318730411256,0.07921975665488742,0.08249318730411256,0.15,0.15,0.002974781731577545]"
/multi_agv/formal_execution_limiter_state,1788759167.7168062,1788759167.7168062,formal_execution_limiter_v1:header4+3x7,"[1.0,1788759167.7161655,1.0,0.08432901849143003,0.0812921360491679,0.07742743040937164,0.0812921360491679,0.07742743040937164,0.15,0.15,0.0,0.04317127452669493,0.06803685210391669,0.04317127452669493,0.06803685210391669,0.15,0.15,0.0,0.08036568042665167,0.08432901849143003,0.08036568042665167,0.08432901849143003,0.15,0.15,0.002974781731577545]"
/multi_agv/formal_execution_limiter_state,1788759167.726813,1788759167.726813,formal_execution_limiter_v1:header4+3x7,"[1.0,1788759167.7261722,1.0,0.08578667161593254,0.08033713689821248,0.07629464865954957,0.08033713689821248,0.07629464865954957,0.15,0.15,0.0,0.0442400643684606,0.06349759049830439,0.0442400643684606,0.06349759049830439,0.15,0.15,0.0,0.0779504227596553,0.08578667161593254,0.0779504227596553,0.08578667161593254,0.15,0.15,0.002974781731577545]"
/multi_agv/formal_execution_limiter_state,1788759167.736593,1788759167.736593,formal_execution_limiter_v1:header4+3x7,"[1.0,1788759167.736086,1.0,0.08604710278374436,0.08028467116452917,0.07793912899447611,0.08028467116452917,0.07793912899447611,0.15,0.15,0.0,0.043825871860428425,0.06309461813185777,0.043825871860428425,0.06309461813185777,0.15,0.15,0.0,0.07800596786728808,0.08604710278374436,0.07800596786728808,0.08604710278374436,0.15,0.15,0.002974781731577545]"
/multi_agv/formal_execution_limiter_state,1788759167.7468035,1788759167.7468035,formal_execution_limiter_v1:header4+3x7,"[1.0,1788759167.746232,1.0,0.08615252436101187,0.08048327143237717,0.07795623882604079,0.08048327143237717,0.07795623882604079,0.15,0.15,0.0,0.04337785902403808,0.06267099417247596,0.04337785902403808,0.06267099417247596,0.15,0.15,0.0,0.07794561916579903,0.08615252436101187,0.07794561916579903,0.08615252436101187,0.15,0.15,0.002974781731577545]"
/multi_agv/formal_execution_limiter_state,1788759167.7567792,1788759167.7567792,formal_execution_limiter_v1:header4+3x7,"[1.0,1788759167.75615,1.0,0.08669862442818604,0.08064706858856734,0.07786302391594675,0.08064706858856734,0.07786302391594675,0.15,0.15,0.0,0.04312177610381561,0.06274450633824186,0.04312177610381561,0.06274450633824186,0.15,0.15,0.0,0.07810576744135331,0.08669862442818604,0.07810576744135331,0.08669862442818604,0.15,0.15,0.002974781731577545]"
/multi_agv/formal_execution_limiter_state,1788759167.7668242,1788759167.7668242,formal_execution_limiter_v1:header4+3x7,"[1.0,1788759167.7662191,1.0,0.0902593944700897,0.08176618703825884,0.07521622347296143,0.08176618703825884,0.07521622347296143,0.15,0.15,0.0,0.04183829318923945,0.06526997547420432,0.04183829318923945,0.06526997547420432,0.15,0.15,0.0,0.07563768195994948,0.0902593944700897,0.07563768195994948,0.0902593944700897,0.15,0.15,0.002974781731577545]"
/multi_agv/formal_execution_limiter_state,1788759167.7767231,1788759167.7767231,formal_execution_limiter_v1:header4+3x7,"[1.0,1788759167.776146,1.0,0.09086243890164596,0.08163072831829815,0.07486781134156772,0.08163072831829815,0.07486781134156772,0.15,0.15,0.0,0.04215275734077892,0.06590300227824918,0.04215275734077892,0.06590300227824918,0.15,0.15,0.0,0.07585115278423575,0.09086243890164596,0.07585115278423575,0.09086243890164596,0.15,0.15,0.002974781731577545]"
/multi_agv/formal_execution_limiter_state,1788759167.7867653,1788759167.7867653,formal_execution_limiter_v1:header4+3x7,"[1.0,1788759167.7861497,1.0,0.0910119685913232,0.08147293690993758,0.07469614926811148,0.08147293690993758,0.07469614926811148,0.15,0.15,0.0,0.042143506233563666,0.06595250529378582,0.042143506233563666,0.06595250529378582,0.15,0.15,0.0,0.07549597110746804,0.0910119685913232,0.07549597110746804,0.0910119685913232,0.15,0.15,0.002974781731577545]"
/multi_agv/formal_execution_limiter_state,1788759167.7965987,1788759167.7965987,formal_execution_limiter_v1:header4+3x7,"[1.0,1788759167.7960894,1.0,0.09179537250275785,0.08173960766282873,0.07484663522967111,0.08173960766282873,0.07484663522967111,0.15,0.15,0.0,0.04228705848812715,0.06635894914175065,0.04228705848812715,0.06635894914175065,0.15,0.15,0.0,0.07559433276675068,0.09179537250275785,0.07559433276675068,0.09179537250275785,0.15,0.15,0.002974781731577545]"
/multi_agv/formal_execution_limiter_state,1788759167.8068035,1788759167.8068035,formal_execution_limiter_v1:header4+3x7,"[1.0,1788759167.8062282,1.0,0.09505140351408295,0.07608912176520591,0.07998492067204546,0.07608912176520591,0.07998492067204546,0.15,0.15,0.0,0.044434970218811085,0.06631955549951042,0.044434970218811085,0.06631955549951042,0.15,0.15,0.0,0.07432616171023138,0.09505140351408295,0.07432616171023138,0.09505140351408295,0.15,0.15,0.002974781731577545]"
/multi_agv/formal_execution_limiter_state,1788759167.8169875,1788759167.8169875,formal_execution_limiter_v1:header4+3x7,"[1.0,1788759167.8162708,1.0,0.09730291643752376,0.0768008502279076,0.08038174384953979,0.0768008502279076,0.08038174384953979,0.15,0.15,0.0,0.045327753672747134,0.06800811610223192,0.045327753672747134,0.06800811610223192,0.15,0.15,0.0,0.07580893333829702,0.09730291643752376,0.07580893333829702,0.09730291643752376,0.15,0.15,0.002974781731577545]"
/multi_agv/formal_execution_limiter_state,1788759167.8269699,1788759167.8269699,formal_execution_limiter_v1:header4+3x7,"[1.0,1788759167.826296,1.0,0.09081129653202422,0.07500830345501665,0.07908663447059967,0.07500830345501665,0.07908663447059967,0.15,0.15,0.0,0.04284273834175045,0.06639843126237452,0.04284273834175045,0.06639843126237452,0.15,0.15,0.0,0.07360671083192649,0.09081129653202422,0.07360671083192649,0.09081129653202422,0.15,0.15,0.002974781731577545]"
/multi_agv/formal_execution_limiter_state,1788759167.8366516,1788759167.8366516,formal_execution_limiter_v1:header4+3x7,"[1.0,1788759167.8361225,1.0,0.090323396850637,0.08107098508166978,0.07601540004461103,0.08107098508166978,0.07601540004461103,0.15,0.15,0.0,0.042237651844657845,0.06620693517250384,0.042237651844657845,0.06620693517250384,0.15,0.15,0.0,0.07242829288809222,0.090323396850637,0.07242829288809222,0.090323396850637,0.15,0.15,0.002974781731577545]"
/multi_agv/formal_execution_limiter_state,1788759167.8468363,1788759167.8468363,formal_execution_limiter_v1:header4+3x7,"[1.0,1788759167.846089,1.0,0.08927055032530067,0.08168742599866162,0.07683712609109218,0.08168742599866162,0.07683712609109218,0.15,0.15,0.0,0.042015068865014854,0.06566260943424793,0.042015068865014854,0.06566260943424793,0.15,0.15,0.0,0.07136071037858806,0.08927055032530067,0.07136071037858806,0.08927055032530067,0.15,0.15,0.002974781731577545]"
/multi_agv/formal_execution_limiter_state,1788759167.8569133,1788759167.8569133,formal_execution_limiter_v1:header4+3x7,"[1.0,1788759167.856141,1.0,0.08859242080882966,0.08213754966444062,0.07725522800694484,0.08213754966444062,0.07725522800694484,0.15,0.15,0.0,0.04226111297936502,0.06598283593927692,0.04226111297936502,0.06598283593927692,0.15,0.15,0.0,0.07049561323356877,0.08859242080882966,0.07049561323356877,0.08859242080882966,0.15,0.15,0.002974781731577545]"
/multi_agv/formal_execution_limiter_state,1788759167.866891,1788759167.866891,formal_execution_limiter_v1:header4+3x7,"[1.0,1788759167.8661127,1.0,0.0894083408285669,0.08159788720339302,0.0754280236958189,0.08159788720339302,0.0754280236958189,0.15,0.15,0.0,0.04441890964839865,0.06359055193899928,0.04441890964839865,0.06359055193899928,0.15,0.15,0.0,0.06938197466996605,0.0894083408285669,0.06938197466996605,0.0894083408285669,0.15,0.15,0.002974781731577545]"
/multi_agv/formal_execution_limiter_state,1788759167.8769908,1788759167.8769908,formal_execution_limiter_v1:header4+3x7,"[1.0,1788759167.8760846,1.0,0.08907667764539322,0.08144982771499124,0.07509665447541575,0.08144982771499124,0.07509665447541575,0.15,0.15,0.0,0.04420837513177252,0.06335126017920552,0.04420837513177252,0.06335126017920552,0.15,0.15,0.0,0.06887761449770398,0.08907667764539322,0.06887761449770398,0.08907667764539322,0.15,0.15,0.002974781731577545]"
/multi_agv/formal_execution_limiter_state,1788759167.8869262,1788759167.8869262,formal_execution_limiter_v1:header4+3x7,"[1.0,1788759167.8861108,1.0,0.08990247984312807,0.08219954045292133,0.07549300872493764,0.08219954045292133,0.07549300872493764,0.15,0.15,0.0,0.044308508710318766,0.06401108733844849,0.044308508710318766,0.06401108733844849,0.15,0.15,0.0,0.06916316771933806,0.08990247984312807,0.06916316771933806,0.08990247984312807,0.15,0.15,0.002974781731577545]"
/multi_agv/formal_execution_limiter_state,1788759167.8969827,1788759167.8969827,formal_execution_limiter_v1:header4+3x7,"[1.0,1788759167.8961043,1.0,0.09078814572229611,0.08300068967434988,0.0759340358596896,0.08300068967434988,0.0759340358596896,0.15,0.15,0.0,0.044441227410980874,0.06471345682580977,0.044441227410980874,0.06471345682580977,0.15,0.15,0.0,0.06950013491967698,0.09078814572229611,0.06950013491967698,0.09078814572229611,0.15,0.15,0.002974781731577545]"
/multi_agv/formal_execution_limiter_state,1788759167.9069583,1788759167.9069583,formal_execution_limiter_v1:header4+3x7,"[1.0,1788759167.9061332,1.0,0.08835037904890976,0.07795727578703145,0.07726099710275729,0.07795727578703145,0.07726099710275729,0.15,0.15,0.0,0.04105169445337513,0.062059548613486476,0.04105169445337513,0.062059548613486476,0.15,0.15,0.0,0.06593212046610379,0.08835037904890976,0.06593212046610379,0.08835037904890976,0.15,0.15,0.002974781731577545]"
/multi_agv/formal_execution_limiter_state,1788759167.9168978,1788759167.9168978,formal_execution_limiter_v1:header4+3x7,"[1.0,1788759167.916201,1.0,0.08779879404077456,0.07767996341003308,0.07676126884586329,0.07767996341003308,0.07676126884586329,0.15,0.15,0.0,0.040768785615830264,0.061933309475273465,0.040768785615830264,0.061933309475273465,0.15,0.15,0.0,0.06527418383331252,0.08779879404077456,0.06527418383331252,0.08779879404077456,0.15,0.15,0.002974781731577545]"
/multi_agv/formal_execution_limiter_state,1788759167.9268203,1788759167.9268203,formal_execution_limiter_v1:header4+3x7,"[1.0,1788759167.9260848,1.0,0.08554365708167477,0.07634982727605662,0.0727004690874392,0.07634982727605662,0.0727004690874392,0.15,0.15,0.0,0.041843972506553286,0.0630821681965241,0.041843972506553286,0.0630821681965241,0.15,0.15,0.0,0.06819434333827451,0.08554365708167477,0.06819434333827451,0.08554365708167477,0.15,0.15,0.002974781731577545]"
/multi_agv/formal_execution_limiter_state,1788759167.9370942,1788759167.9370942,formal_execution_limiter_v1:header4+3x7,"[1.0,1788759167.936261,1.0,0.08589904260838788,0.07573095746533891,0.07174719420365712,0.07573095746533891,0.07174719420365712,0.15,0.15,0.0,0.0419421257533159,0.06341927744024303,0.0419421257533159,0.06341927744024303,0.15,0.15,0.0,0.06834197572049872,0.08589904260838788,0.06834197572049872,0.08589904260838788,0.15,0.15,0.002974781731577545]"
/multi_agv/formal_execution_limiter_state,1788759167.9468954,1788759167.9468954,formal_execution_limiter_v1:header4+3x7,"[1.0,1788759167.9462159,1.0,0.08588939887785509,0.07441771198684195,0.07037421080787866,0.07441771198684195,0.07037421080787866,0.15,0.15,0.0,0.04176013601781977,0.06334057483496287,0.04176013601781977,0.06334057483496287,0.15,0.15,0.0,0.06836388048601381,0.08588939887785509,0.06836388048601381,0.08588939887785509,0.15,0.15,0.002974781731577545]"
/multi_agv/formal_execution_limiter_state,1788759167.9567635,1788759167.9567635,formal_execution_limiter_v1:header4+3x7,"[1.0,1788759167.9561706,1.0,0.0859365922982768,0.07349275104270873,0.06939620573276888,0.07349275104270873,0.06939620573276888,0.15,0.15,0.0,0.0419689359685005,0.06387517555877753,0.0419689359685005,0.06387517555877753,0.15,0.15,0.0,0.06828848291708436,0.0859365922982768,0.06828848291708436,0.0859365922982768,0.15,0.15,0.002974781731577545]"
/multi_agv/formal_execution_limiter_state,1788759167.9668715,1788759167.9668715,formal_execution_limiter_v1:header4+3x7,"[1.0,1788759167.9661245,1.0,0.08419274358431941,0.07250075572132803,0.06810377855266217,0.07250075572132803,0.06810377855266217,0.15,0.15,0.0,0.041728447056280704,0.06222840577908682,0.041728447056280704,0.06222840577908682,0.15,0.15,0.0,0.06296936176709778,0.08419274358431941,0.06296936176709778,0.08419274358431941,0.15,0.15,0.002974781731577545]"
/multi_agv/formal_execution_limiter_state,1788759167.976803,1788759167.976803,formal_execution_limiter_v1:header4+3x7,"[1.0,1788759167.976091,1.0,0.08323013980566804,0.07815247374595581,0.06872946453800748,0.07815247374595581,0.06872946453800748,0.15,0.15,0.0,0.04142564415778292,0.06227303171424613,0.04142564415778292,0.06227303171424613,0.15,0.15,0.0,0.061939251046915084,0.08323013980566804,0.061939251046915084,0.08323013980566804,0.15,0.15,0.002974781731577545]"
/multi_agv/formal_execution_limiter_state,1788759167.986944,1788759167.986944,formal_execution_limiter_v1:header4+3x7,"[1.0,1788759167.986141,1.0,0.08243956827693659,0.07931123662168364,0.06937692101241967,0.07931123662168364,0.06937692101241967,0.15,0.15,0.0,0.040769784049384694,0.06151236897452979,0.040769784049384694,0.06151236897452979,0.15,0.15,0.0,0.061440947594375725,0.08243956827693659,0.061440947594375725,0.08243956827693659,0.15,0.15,0.002974781731577545]"
/multi_agv/formal_execution_limiter_state,1788759167.9968197,1788759167.9968197,formal_execution_limiter_v1:header4+3x7,"[1.0,1788759167.9961255,1.0,0.08212195414476979,0.0804107094282072,0.07016999839152903,0.0804107094282072,0.07016999839152903,0.15,0.15,0.0,0.04047929096037934,0.06136981004541223,0.04047929096037934,0.06136981004541223,0.15,0.15,0.0,0.06221872689952015,0.08212195414476979,0.06221872689952015,0.08212195414476979,0.15,0.15,0.002974781731577545]"
/multi_agv/formal_execution_limiter_state,1788759168.0067215,1788759168.0067215,formal_execution_limiter_v1:header4+3x7,"[1.0,1788759168.0061972,1.0,0.08124884356515989,0.08052863644467165,0.06932425141170628,0.08052863644467165,0.06932425141170628,0.15,0.15,0.0,0.041006529914397065,0.06621574549092979,0.041006529914397065,0.06621574549092979,0.15,0.15,0.0,0.06165840762967158,0.08124884356515989,0.06165840762967158,0.08124884356515989,0.15,0.15,0.002974781731577545]"
/multi_agv/formal_execution_limiter_state,1788759168.0167432,1788759168.0167432,formal_execution_limiter_v1:header4+3x7,"[1.0,1788759168.0161061,1.0,0.08114803120608555,0.08114803120608555,0.06962027660964637,0.08114803120608555,0.06962027660964637,0.15,0.15,0.0,0.04209091460502153,0.067833432679724,0.04209091460502153,0.067833432679724,0.15,0.15,0.0,0.061194859601979436,0.08088801519389999,0.061194859601979436,0.08088801519389999,0.15,0.15,0.002974781731577545]"
/multi_agv/formal_execution_limiter_state,1788759168.026658,1788759168.026658,formal_execution_limiter_v1:header4+3x7,"[1.0,1788759168.0261188,1.0,0.08134929732749324,0.07925091656445882,0.06796637750311602,0.07925091656445882,0.06796637750311602,0.15,0.15,0.0,0.042319430701011615,0.06598276482294134,0.042319430701011615,0.06598276482294134,0.15,0.15,0.0,0.0633077366464207,0.08134929732749324,0.0633077366464207,0.08134929732749324,0.15,0.15,0.002974781731577545]"
/multi_agv/formal_execution_limiter_state,1788759168.0368571,1788759168.0368571,formal_execution_limiter_v1:header4+3x7,"[1.0,1788759168.03618,1.0,0.08256706926716563,0.07903716568358854,0.0675293193695691,0.07903716568358854,0.0675293193695691,0.15,0.15,0.0,0.042492609948362764,0.06630896904646282,0.042492609948362764,0.06630896904646282,0.15,0.15,0.0,0.06434678404416087,0.08256706926716563,0.06434678404416087,0.08256706926716563,0.15,0.15,0.002974781731577545]"
/multi_agv/formal_execution_limiter_state,1788759168.04681,1788759168.04681,formal_execution_limiter_v1:header4+3x7,"[1.0,1788759168.0461438,1.0,0.08321887024785611,0.07841040122873486,0.06690104017891721,0.07841040122873486,0.06690104017891721,0.15,0.15,0.0,0.04238399224831515,0.06611353336133075,0.04238399224831515,0.06611353336133075,0.15,0.15,0.0,0.06517021014468528,0.08321887024785611,0.06517021014468528,0.08321887024785611,0.15,0.15,0.002974781731577545]"
/multi_agv/formal_execution_limiter_state,1788759168.056601,1788759168.056601,formal_execution_limiter_v1:header4+3x7,"[1.0,1788759168.0560918,1.0,0.08378783263326416,0.07815621273629252,0.06648792557082013,0.07815621273629252,0.06648792557082013,0.15,0.15,0.0,0.0424109940502716,0.06646604588479972,0.0424109940502716,0.06646604588479972,0.15,0.15,0.0,0.06574418219736332,0.08378783263326416,0.06574418219736332,0.08378783263326416,0.15,0.15,0.002974781731577545]"
/multi_agv/formal_execution_limiter_state,1788759168.0666664,1788759168.0666664,formal_execution_limiter_v1:header4+3x7,"[1.0,1788759168.0660937,1.0,0.0808426391488575,0.07840231652005678,0.0665125271380595,0.07840231652005678,0.0665125271380595,0.15,0.15,0.0,0.04304899775380662,0.06667857767254627,0.04304899775380662,0.06667857767254627,0.15,0.15,0.0,0.06608391539544434,0.0808426391488575,0.06608391539544434,0.0808426391488575,0.15,0.15,0.002974781731577545]"
/multi_agv/formal_execution_limiter_state,1788759168.0767689,1788759168.0767689,formal_execution_limiter_v1:header4+3x7,"[1.0,1788759168.0762322,1.0,0.08087885725228326,0.07879061866357323,0.06653572969110261,0.07879061866357323,0.06653572969110261,0.15,0.15,0.0,0.043523916034842326,0.0674924326908975,0.043523916034842326,0.0674924326908975,0.15,0.15,0.0,0.06632084454475438,0.08087885725228326,0.06632084454475438,0.08087885725228326,0.15,0.15,0.002974781731577545]"
/multi_agv/formal_execution_limiter_state,1788759168.0867274,1788759168.0867274,formal_execution_limiter_v1:header4+3x7,"[1.0,1788759168.0861218,1.0,0.0809887993097555,0.07843256915158393,0.06612523141205899,0.07843256915158393,0.06612523141205899,0.15,0.15,0.0,0.04377985721937775,0.06771409707130384,0.04377985721937775,0.06771409707130384,0.15,0.15,0.0,0.06683608158347557,0.0809887993097555,0.06683608158347557,0.0809887993097555,0.15,0.15,0.002974781731577545]"
/multi_agv/formal_execution_limiter_state,1788759168.0968015,1788759168.0968015,formal_execution_limiter_v1:header4+3x7,"[1.0,1788759168.0961633,1.0,0.08311394872848331,0.07954698555516665,0.06637342133557353,0.07954698555516665,0.06637342133557353,0.15,0.15,0.0,0.042583378718704504,0.06975836060034353,0.042583378718704504,0.06975836060034353,0.15,0.15,0.0,0.06498908114293096,0.08311394872848331,0.06498908114293096,0.08311394872848331,0.15,0.15,0.002974781731577545]"
/multi_agv/formal_execution_limiter_state,1788759168.106837,1788759168.106837,formal_execution_limiter_v1:header4+3x7,"[1.0,1788759168.1061385,1.0,0.08267383967369683,0.07944811559572448,0.06622036478493404,0.07944811559572448,0.06622036478493404,0.15,0.15,0.0,0.0426637192611862,0.06989512649566432,0.0426637192611862,0.06989512649566432,0.15,0.15,0.0,0.06480960203185206,0.08267383967369683,0.06480960203185206,0.08267383967369683,0.15,0.15,0.002974781731577545]"
/multi_agv/formal_execution_limiter_state,1788759168.1168115,1788759168.1168115,formal_execution_limiter_v1:header4+3x7,"[1.0,1788759168.1161041,1.0,0.08271284990368376,0.0798530320029702,0.06644461117854153,0.0798530320029702,0.06644461117854153,0.15,0.15,0.0,0.043346591949446345,0.07086345135307008,0.043346591949446345,0.07086345135307008,0.15,0.15,0.0,0.06485900708731883,0.08271284990368376,0.06485900708731883,0.08271284990368376,0.15,0.15,0.002974781731577545]"
/multi_agv/formal_execution_limiter_state,1788759168.1267917,1788759168.1267917,formal_execution_limiter_v1:header4+3x7,"[1.0,1788759168.1261675,1.0,0.0804846111711449,0.07884399217116334,0.0665249277206573,0.07884399217116334,0.0665249277206573,0.15,0.15,0.0,0.0432346835175177,0.06952263061441454,0.0432346835175177,0.06952263061441454,0.15,0.15,0.0,0.0705954163107917,0.0804846111711449,0.0705954163107917,0.0804846111711449,0.15,0.15,0.002974781731577545]"
/multi_agv/formal_execution_limiter_state,1788759168.1372297,1788759168.1372297,formal_execution_limiter_v1:header4+3x7,"[1.0,1788759168.136136,1.0,0.08296536693739212,0.08021567079883196,0.0674006375662351,0.08021567079883196,0.0674006375662351,0.15,0.15,0.0,0.04361320390161154,0.07056829023934265,0.04361320390161154,0.07056829023934265,0.15,0.15,0.0,0.0723032688561652,0.08296536693739212,0.0723032688561652,0.08296536693739212,0.15,0.15,0.002974781731577545]"
/multi_agv/formal_execution_limiter_state,1788759168.1470215,1788759168.1470215,formal_execution_limiter_v1:header4+3x7,"[1.0,1788759168.1460912,1.0,0.0838521552119837,0.07987707688844935,0.06741078783232403,0.07987707688844935,0.06741078783232403,0.15,0.15,0.0,0.04337896275671534,0.07023462427161814,0.04337896275671534,0.07023462427161814,0.15,0.15,0.0,0.07343376302909467,0.0838521552119837,0.07343376302909467,0.0838521552119837,0.15,0.15,0.002974781731577545]"
/multi_agv/formal_execution_limiter_state,1788759168.1567836,1788759168.1567836,formal_execution_limiter_v1:header4+3x7,"[1.0,1788759168.156139,1.0,0.08456389757554236,0.08000500795117108,0.067556142664391,0.08000500795117108,0.067556142664391,0.15,0.15,0.0,0.04360752861054837,0.07062408290471613,0.04360752861054837,0.07062408290471613,0.15,0.15,0.0,0.07408520271219532,0.08456389757554236,0.07408520271219532,0.08456389757554236,0.15,0.15,0.002974781731577545]"
/multi_agv/formal_execution_limiter_state,1788759168.1666815,1788759168.1666815,formal_execution_limiter_v1:header4+3x7,"[1.0,1788759168.1660879,1.0,0.08286786729610252,0.07425279051895789,0.0731004581066414,0.07425279051895789,0.0731004581066414,0.15,0.15,0.0,0.04359166045258263,0.06872494096532519,0.04359166045258263,0.06872494096532519,0.15,0.15,0.0,0.07735342093424871,0.08286786729610252,0.07735342093424871,0.08286786729610252,0.15,0.15,0.002974781731577545]"
/multi_agv/formal_execution_limiter_state,1788759168.1765814,1788759168.1765814,formal_execution_limiter_v1:header4+3x7,"[1.0,1788759168.1761243,1.0,0.0837871567261879,0.07440052401012975,0.07328720756315757,0.07440052401012975,0.07328720756315757,0.15,0.15,0.0,0.043432724041952905,0.06850302819821602,0.043432724041952905,0.06850302819821602,0.15,0.15,0.0,0.0782230875536125,0.0837871567261879,0.0782230875536125,0.0837871567261879,0.15,0.15,0.002974781731577545]"
/multi_agv/formal_execution_limiter_state,1788759168.1866074,1788759168.1866074,formal_execution_limiter_v1:header4+3x7,"[1.0,1788759168.186086,1.0,0.08438869207558358,0.07381020320124965,0.0731566108832423,0.07381020320124965,0.0731566108832423,0.15,0.15,0.0,0.04303953024906686,0.06733021108335248,0.04303953024906686,0.06733021108335248,0.15,0.15,0.0,0.0789906840895829,0.08438869207558358,0.0789906840895829,0.08438869207558358,0.15,0.15,0.002974781731577545]"
/multi_agv/formal_execution_limiter_state,1788759168.1965818,1788759168.1965818,formal_execution_limiter_v1:header4+3x7,"[1.0,1788759168.196138,1.0,0.08401189070447128,0.0780035764452426,0.07503480731232685,0.0780035764452426,0.07503480731232685,0.15,0.15,0.0,0.04404931830108136,0.06434690587773907,0.04404931830108136,0.06434690587773907,0.15,0.15,0.0,0.07955833840299704,0.08401189070447128,0.07955833840299704,0.08401189070447128,0.15,0.15,0.002974781731577545]"
/multi_agv/formal_execution_limiter_state,1788759168.206666,1788759168.206666,formal_execution_limiter_v1:header4+3x7,"[1.0,1788759168.2061226,1.0,0.08217799463174803,0.07819878623909929,0.07549589435445903,0.07819878623909929,0.07549589435445903,0.15,0.15,0.0,0.04420331228520699,0.06290493873559269,0.04420331228520699,0.06290493873559269,0.15,0.15,0.0,0.078184349656464,0.08217799463174803,0.078184349656464,0.08217799463174803,0.15,0.15,0.002974781731577545]"
/multi_agv/formal_execution_limiter_state,1788759168.216863,1788759168.216863,formal_execution_limiter_v1:header4+3x7,"[1.0,1788759168.2161381,1.0,0.08311569638338656,0.08046203994252417,0.07713656451095767,0.08046203994252417,0.07713656451095767,0.15,0.15,0.0,0.0443026891142944,0.06358398830347801,0.0443026891142944,0.06358398830347801,0.15,0.15,0.0,0.07860040047907321,0.08311569638338656,0.07860040047907321,0.08311569638338656,0.15,0.15,0.002974781731577545]"
/multi_agv/formal_execution_limiter_state,1788759168.2267892,1788759168.2267892,formal_execution_limiter_v1:header4+3x7,"[1.0,1788759168.2261367,1.0,0.08289892588168235,0.08121951854299798,0.07784736759606352,0.08121951854299798,0.07784736759606352,0.15,0.15,0.0,0.04418788865309184,0.06294243591543462,0.04418788865309184,0.06294243591543462,0.15,0.15,0.0,0.07837515973965356,0.08289892588168235,0.07837515973965356,0.08289892588168235,0.15,0.15,0.002974781731577545]"
/multi_agv/formal_execution_limiter_state,1788759168.2370079,1788759168.2370079,formal_execution_limiter_v1:header4+3x7,"[1.0,1788759168.2361937,1.0,0.09096938967422763,0.08519645819625828,0.07877923173691508,0.08519645819625828,0.07877923173691508,0.15,0.15,0.0,0.04338465186949076,0.05861787486608896,0.04338465186949076,0.05861787486608896,0.15,0.15,0.0,0.07420482292420286,0.09096938967422763,0.07420482292420286,0.09096938967422763,0.15,0.15,0.002974781731577545]"
/multi_agv/formal_execution_limiter_state,1788759168.2469773,1788759168.2469773,formal_execution_limiter_v1:header4+3x7,"[1.0,1788759168.2461388,1.0,0.09019007458114511,0.08494747365360426,0.07857524857264815,0.08494747365360426,0.07857524857264815,0.15,0.15,0.0,0.04236256840640502,0.05593791479893941,0.04236256840640502,0.05593791479893941,0.15,0.15,0.0,0.07308145375138655,0.09019007458114511,0.07308145375138655,0.09019007458114511,0.15,0.15,0.002974781731577545]"
/multi_agv/formal_execution_limiter_state,1788759168.2568696,1788759168.2568696,formal_execution_limiter_v1:header4+3x7,"[1.0,1788759168.2560873,1.0,0.09186747621798837,0.08692781899174643,0.07994843762388573,0.08692781899174643,0.07994843762388573,0.15,0.15,0.0,0.041653549327373085,0.05555064745033898,0.041653549327373085,0.05555064745033898,0.15,0.15,0.0,0.0741162468349212,0.09186747621798837,0.0741162468349212,0.09186747621798837,0.15,0.15,0.002974781731577545]"
/multi_agv/formal_execution_limiter_state,1788759168.267001,1788759168.267001,formal_execution_limiter_v1:header4+3x7,"[1.0,1788759168.26612,1.0,0.08843468237853866,0.08843468237853866,0.07966673062186477,0.08843468237853866,0.07966673062186477,0.15,0.15,0.0,0.04131955905394031,0.050702466629808964,0.04131955905394031,0.050702466629808964,0.15,0.15,0.0,0.07548994539711074,0.08705331449337783,0.07548994539711074,0.08705331449337783,0.15,0.15,0.002974781731577545]"
/multi_agv/formal_execution_limiter_state,1788759168.2770443,1788759168.2770443,formal_execution_limiter_v1:header4+3x7,"[1.0,1788759168.2760868,1.0,0.08915072008420756,0.08915072008420756,0.08016141052889807,0.08915072008420756,0.08016141052889807,0.15,0.15,0.0,0.04039775804050075,0.04958659741633019,0.04039775804050075,0.04958659741633019,0.15,0.15,0.0,0.07505677540447961,0.08699355070565093,0.07505677540447961,0.08699355070565093,0.15,0.15,0.002974781731577545]"
/multi_agv/formal_execution_limiter_state,1788759168.2869456,1788759168.2869456,formal_execution_limiter_v1:header4+3x7,"[1.0,1788759168.2860875,1.0,0.08920916970510334,0.08920916970510334,0.08004995187494934,0.08920916970510334,0.08004995187494934,0.15,0.15,0.0,0.03958547653413179,0.048280333957885405,0.03958547653413179,0.048280333957885405,0.15,0.15,0.0,0.07443011532423961,0.08682932797847086,0.07443011532423961,0.08682932797847086,0.15,0.15,0.002974781731577545]"
/multi_agv/formal_execution_limiter_state,1788759168.297155,1788759168.297155,formal_execution_limiter_v1:header4+3x7,"[1.0,1788759168.2961063,1.0,0.08933130664832564,0.08933130664832564,0.07974934943098647,0.08933130664832564,0.07974934943098647,0.15,0.15,0.0,0.03912406367670646,0.04770103922188831,0.03912406367670646,0.04770103922188831,0.15,0.15,0.0,0.07391504118444749,0.08680596721988999,0.07391504118444749,0.08680596721988999,0.15,0.15,0.002974781731577545]"
/multi_agv/formal_execution_limiter_state,1788759168.3071332,1788759168.3071332,formal_execution_limiter_v1:header4+3x7,"[1.0,1788759168.306116,1.0,0.08835452223226606,0.08523165256612639,0.08102809944680966,0.08523165256612639,0.08102809944680966,0.15,0.15,0.0,0.03627233761641879,0.05506915257586019,0.03627233761641879,0.05506915257586019,0.15,0.15,0.0,0.07314666012866014,0.08835452223226606,0.07314666012866014,0.08835452223226606,0.15,0.15,0.002974781731577545]"
/multi_agv/formal_execution_limiter_state,1788759168.316949,1788759168.316949,formal_execution_limiter_v1:header4+3x7,"[1.0,1788759168.3160858,1.0,0.08878918001860392,0.08470978358341914,0.08028252330574016,0.08470978358341914,0.08028252330574016,0.15,0.15,0.0,0.03725295459545998,0.05665832182015258,0.03725295459545998,0.05665832182015258,0.15,0.15,0.0,0.07313248354899246,0.08878918001860392,0.07313248354899246,0.08878918001860392,0.15,0.15,0.002974781731577545]"
/multi_agv/formal_execution_limiter_state,1788759168.3268874,1788759168.3268874,formal_execution_limiter_v1:header4+3x7,"[1.0,1788759168.3261352,1.0,0.08800373767485,0.08429762208804363,0.07789916169853907,0.08429762208804363,0.07789916169853907,0.15,0.15,0.0,0.03827896163249975,0.0554435360938388,0.03827896163249975,0.0554435360938388,0.15,0.15,0.0,0.07268516152446007,0.08800373767485,0.07268516152446007,0.08800373767485,0.15,0.15,0.002974781731577545]"
/multi_agv/formal_execution_limiter_state,1788759168.3371072,1788759168.3371072,formal_execution_limiter_v1:header4+3x7,"[1.0,1788759168.3361053,1.0,0.08832791705756056,0.08360430449604095,0.07691714245549855,0.08360430449604095,0.07691714245549855,0.15,0.15,0.0,0.03894765319243157,0.05665562541330672,0.03894765319243157,0.05665562541330672,0.15,0.15,0.0,0.07269673665821628,0.08832791705756056,0.07269673665821628,0.08832791705756056,0.15,0.15,0.002974781731577545]"
/multi_agv/formal_execution_limiter_state,1788759168.347158,1788759168.347158,formal_execution_limiter_v1:header4+3x7,"[1.0,1788759168.3461807,1.0,0.08778323515862851,0.08216929190746391,0.07518928837225078,0.08216929190746391,0.07518928837225078,0.15,0.15,0.0,0.03962565851987909,0.057799641688298375,0.03962565851987909,0.057799641688298375,0.15,0.15,0.0,0.07201308544143728,0.08778323515862851,0.07201308544143728,0.08778323515862851,0.15,0.15,0.002974781731577545]"
/multi_agv/formal_execution_limiter_state,1788759168.3569026,1788759168.3569026,formal_execution_limiter_v1:header4+3x7,"[1.0,1788759168.3560884,1.0,0.0872601065436394,0.08125749937441001,0.07407188418838478,0.08125749937441001,0.07407188418838478,0.15,0.15,0.0,0.040170897582219936,0.0590077878030221,0.040170897582219936,0.0590077878030221,0.15,0.15,0.0,0.0713455912503871,0.0872601065436394,0.0713455912503871,0.0872601065436394,0.15,0.15,0.002974781731577545]"
/multi_agv/formal_execution_limiter_state,1788759168.3671763,1788759168.3671763,formal_execution_limiter_v1:header4+3x7,"[1.0,1788759168.366197,1.0,0.08895812231939855,0.08252918548996599,0.07359196928398981,0.08252918548996599,0.07359196928398981,0.15,0.15,0.0,0.04204566923389156,0.062277823943116505,0.04204566923389156,0.062277823943116505,0.15,0.15,0.0,0.07114295472202532,0.08895812231939855,0.07114295472202532,0.08895812231939855,0.15,0.15,0.002974781731577545]"
/multi_agv/formal_execution_limiter_state,1788759168.3772805,1788759168.3772805,formal_execution_limiter_v1:header4+3x7,"[1.0,1788759168.3762455,1.0,0.0896471461872195,0.08268172144115486,0.07344823746953234,0.08268172144115486,0.07344823746953234,0.15,0.15,0.0,0.043487792164879135,0.06466394162297709,0.043487792164879135,0.06466394162297709,0.15,0.15,0.0,0.07164045679049447,0.0896471461872195,0.07164045679049447,0.0896471461872195,0.15,0.15,0.002974781731577545]"
/multi_agv/formal_execution_limiter_state,1788759168.387086,1788759168.387086,formal_execution_limiter_v1:header4+3x7,"[1.0,1788759168.3861802,1.0,0.08987970880096395,0.08198138141434276,0.07246220615358588,0.08198138141434276,0.07246220615358588,0.15,0.15,0.0,0.04484728633105735,0.06667547611112135,0.04484728633105735,0.06667547611112135,0.15,0.15,0.0,0.07185564633329518,0.08987970880096395,0.07185564633329518,0.08987970880096395,0.15,0.15,0.002974781731577545]"
/multi_agv/formal_execution_limiter_state,1788759168.3971128,1788759168.3971128,formal_execution_limiter_v1:header4+3x7,"[1.0,1788759168.396144,1.0,0.0900931398359745,0.08147900480304088,0.0716706970500409,0.08147900480304088,0.0716706970500409,0.15,0.15,0.0,0.046003250721494186,0.0685901289980716,0.046003250721494186,0.0685901289980716,0.15,0.15,0.0,0.07186787618689028,0.0900931398359745,0.07186787618689028,0.0900931398359745,0.15,0.15,0.002974781731577545]"
/multi_agv/formal_execution_limiter_state,1788759168.4068182,1788759168.4068182,formal_execution_limiter_v1:header4+3x7,"[1.0,1788759168.4060934,1.0,0.08885766361425435,0.08069150002566346,0.07244127883358199,0.08069150002566346,0.07244127883358199,0.15,0.15,0.0,0.047393977295883315,0.06893754143356311,0.047393977295883315,0.06893754143356311,0.15,0.15,0.0,0.0711862583664557,0.08885766361425435,0.0711862583664557,0.08885766361425435,0.15,0.15,0.002974781731577545]"
/multi_agv/formal_execution_limiter_state,1788759168.4167738,1788759168.4167738,formal_execution_limiter_v1:header4+3x7,"[1.0,1788759168.4160943,1.0,0.08874053716174284,0.08095319434284345,0.07239946000615216,0.08095319434284345,0.07239946000615216,0.15,0.15,0.0,0.04852749685697719,0.07056786079681657,0.04852749685697719,0.07056786079681657,0.15,0.15,0.0,0.070919894857176,0.08874053716174284,0.070919894857176,0.08874053716174284,0.15,0.15,0.002974781731577545]"
/multi_agv/formal_execution_limiter_state,1788759168.4267294,1788759168.4267294,formal_execution_limiter_v1:header4+3x7,"[1.0,1788759168.4261,1.0,0.08938380891656889,0.0808882376446775,0.07142258636382758,0.0808882376446775,0.07142258636382758,0.15,0.15,0.0,0.04552844951494915,0.07443079731660932,0.04552844951494915,0.07443079731660932,0.15,0.15,0.0,0.06759993257389904,0.08938380891656889,0.06759993257389904,0.08938380891656889,0.15,0.15,0.002974781731577545]"
/multi_agv/formal_execution_limiter_state,1788759168.4366906,1788759168.4366906,formal_execution_limiter_v1:header4+3x7,"[1.0,1788759168.4360933,1.0,0.0894528919229764,0.07975275183484526,0.07077429484738304,0.07975275183484526,0.07077429484738304,0.15,0.15,0.0,0.046216272229190294,0.07530464288993649,0.046216272229190294,0.07530464288993649,0.15,0.15,0.0,0.06750182291153792,0.0894528919229764,0.06750182291153792,0.0894528919229764,0.15,0.15,0.002974781731577545]"
/multi_agv/formal_execution_limiter_state,1788759168.4466796,1788759168.4466796,formal_execution_limiter_v1:header4+3x7,"[1.0,1788759168.4460955,1.0,0.0884136180664984,0.07862829142210985,0.06956726422944305,0.07862829142210985,0.06956726422944305,0.15,0.15,0.0,0.046552267838853245,0.07539344233862383,0.046552267838853245,0.07539344233862383,0.15,0.15,0.0,0.0664970307603888,0.0884136180664984,0.0664970307603888,0.0884136180664984,0.15,0.15,0.002974781731577545]"
/multi_agv/formal_execution_limiter_state,1788759168.4567645,1788759168.4567645,formal_execution_limiter_v1:header4+3x7,"[1.0,1788759168.4560938,1.0,0.0877949620544726,0.07843605781992966,0.06920305946967201,0.07843605781992966,0.06920305946967201,0.15,0.15,0.0,0.04713872110854508,0.07611603743372396,0.04713872110854508,0.07611603743372396,0.15,0.15,0.0,0.06578764101262521,0.0877949620544726,0.06578764101262521,0.0877949620544726,0.15,0.15,0.002974781731577545]"
/multi_agv/formal_execution_limiter_state,1788759168.46687,1788759168.46687,formal_execution_limiter_v1:header4+3x7,"[1.0,1788759168.4661074,1.0,0.08707663567947257,0.07805956414875555,0.06879620532621993,0.07805956414875555,0.06879620532621993,0.15,0.15,0.0,0.04936704043248128,0.07532693302372506,0.04936704043248128,0.07532693302372506,0.15,0.15,0.0,0.0649923699580347,0.08707663567947257,0.0649923699580347,0.08707663567947257,0.15,0.15,0.002974781731577545]"
/multi_agv/formal_execution_limiter_state,1788759168.476999,1788759168.476999,formal_execution_limiter_v1:header4+3x7,"[1.0,1788759168.4761581,1.0,0.08963192658433672,0.08115007529648341,0.07006019425052623,0.08115007529648341,0.07006019425052623,0.15,0.15,0.0,0.049608347820628174,0.0758099182136952,0.049608347820628174,0.0758099182136952,0.15,0.15,0.0,0.06690789442302122,0.08963192658433672,0.06690789442302122,0.08963192658433672,0.15,0.15,0.002974781731577545]"
/multi_agv/formal_execution_limiter_state,1788759168.4867508,1788759168.4867508,formal_execution_limiter_v1:header4+3x7,"[1.0,1788759168.486076,1.0,0.09029511241508072,0.08141411319234866,0.06995140380485444,0.08141411319234866,0.06995140380485444,0.15,0.15,0.0,0.04964894047198511,0.07545481491755326,0.04964894047198511,0.07545481491755326,0.15,0.15,0.0,0.06744018613707083,0.09029511241508072,0.06744018613707083,0.09029511241508072,0.15,0.15,0.002974781731577545]"
/multi_agv/formal_execution_limiter_state,1788759168.4969323,1788759168.4969323,formal_execution_limiter_v1:header4+3x7,"[1.0,1788759168.49611,1.0,0.09088048761902832,0.08190675484993411,0.07007640999357158,0.08190675484993411,0.07007640999357158,0.15,0.15,0.0,0.0498081912909591,0.07544871163706343,0.0498081912909591,0.07544871163706343,0.15,0.15,0.0,0.06776722310002366,0.09088048761902832,0.06776722310002366,0.09088048761902832,0.15,0.15,0.002974781731577545]"
/multi_agv/formal_execution_limiter_state,1788759168.5068142,1788759168.5068142,formal_execution_limiter_v1:header4+3x7,"[1.0,1788759168.5061178,1.0,0.09091153452532279,0.08114537684638741,0.07052448500544338,0.08114537684638741,0.07052448500544338,0.15,0.15,0.0,0.04985840462280569,0.07530197746107611,0.04985840462280569,0.07530197746107611,0.15,0.15,0.0,0.06655151687640355,0.09091153452532279,0.06655151687640355,0.09091153452532279,0.15,0.15,0.002974781731577545]"
/multi_agv/formal_execution_limiter_state,1788759168.5167885,1788759168.5167885,formal_execution_limiter_v1:header4+3x7,"[1.0,1788759168.5160973,1.0,0.09112372151269649,0.08173913607632341,0.07084614009992302,0.08173913607632341,0.07084614009992302,0.15,0.15,0.0,0.05016544285074818,0.07564570067671446,0.05016544285074818,0.07564570067671446,0.15,0.15,0.0,0.06670118883060158,0.09112372151269649,0.06670118883060158,0.09112372151269649,0.15,0.15,0.002974781731577545]"
/multi_agv/formal_execution_limiter_state,1788759168.5269778,1788759168.5269778,formal_execution_limiter_v1:header4+3x7,"[1.0,1788759168.5261006,1.0,0.08911457082083546,0.08067845922894633,0.07001990613412166,0.08067845922894633,0.07001990613412166,0.15,0.15,0.0,0.05478666503975495,0.06527819885521524,0.05478666503975495,0.06527819885521524,0.15,0.15,0.0,0.06637276764044828,0.08911457082083546,0.06637276764044828,0.08911457082083546,0.15,0.15,0.002974781731577545]"
/multi_agv/formal_execution_limiter_state,1788759168.536908,1788759168.536908,formal_execution_limiter_v1:header4+3x7,"[1.0,1788759168.5360973,1.0,0.08883973900589619,0.0800594956398125,0.06926426386968197,0.0800594956398125,0.06926426386968197,0.15,0.15,0.0,0.053719690670792755,0.0636478159402314,0.053719690670792755,0.0636478159402314,0.15,0.15,0.0,0.06609365411042718,0.08883973900589619,0.06609365411042718,0.08883973900589619,0.15,0.15,0.002974781731577545]"
/multi_agv/formal_execution_limiter_state,1788759168.546823,1788759168.546823,formal_execution_limiter_v1:header4+3x7,"[1.0,1788759168.5461006,1.0,0.08762537942116473,0.07914008298063738,0.068363708955606,0.07914008298063738,0.068363708955606,0.15,0.15,0.0,0.052598413345292576,0.061541836021012035,0.052598413345292576,0.061541836021012035,0.15,0.15,0.0,0.06513832160300802,0.08762537942116473,0.06513832160300802,0.08762537942116473,0.15,0.15,0.002974781731577545]"
/multi_agv/formal_execution_limiter_state,1788759168.5566869,1788759168.5566869,formal_execution_limiter_v1:header4+3x7,"[1.0,1788759168.5560908,1.0,0.08676990491546017,0.07904488104162159,0.06818168544813998,0.07904488104162159,0.06818168544813998,0.15,0.15,0.0,0.05167406287778427,0.06021389301175699,0.05167406287778427,0.06021389301175699,0.15,0.15,0.0,0.06442044723114855,0.08676990491546017,0.06442044723114855,0.08676990491546017,0.15,0.15,0.002974781731577545]"
/multi_agv/formal_execution_limiter_state,1788759168.5666857,1788759168.5666857,formal_execution_limiter_v1:header4+3x7,"[1.0,1788759168.5661411,1.0,0.09078095437184468,0.0823908118339044,0.06957075673260177,0.0823908118339044,0.06957075673260177,0.15,0.15,0.0,0.0477517804158014,0.061685673202939245,0.0477517804158014,0.061685673202939245,0.15,0.15,0.0,0.05959944354850127,0.09078095437184468,0.05959944354850127,0.09078095437184468,0.15,0.15,0.002974781731577545]"
/multi_agv/formal_execution_limiter_state,1788759168.5767982,1788759168.5767982,formal_execution_limiter_v1:header4+3x7,"[1.0,1788759168.5760925,1.0,0.0910719894061938,0.08308739005530763,0.07013484792375987,0.08308739005530763,0.07013484792375987,0.15,0.15,0.0,0.04760712725088842,0.06131494251418594,0.04760712725088842,0.06131494251418594,0.15,0.15,0.0,0.0599865698423951,0.0910719894061938,0.0599865698423951,0.0910719894061938,0.15,0.15,0.002974781731577545]"
/multi_agv/formal_execution_limiter_state,1788759168.5867026,1788759168.5867026,formal_execution_limiter_v1:header4+3x7,"[1.0,1788759168.5861466,1.0,0.09062733347163471,0.08292876077332476,0.07007712760458762,0.08292876077332476,0.07007712760458762,0.15,0.15,0.0,0.047290666771491754,0.06042088840853278,0.047290666771491754,0.06042088840853278,0.15,0.15,0.0,0.059948969572803414,0.09062733347163471,0.059948969572803414,0.09062733347163471,0.15,0.15,0.002974781731577545]"
/multi_agv/formal_execution_limiter_state,1788759168.596776,1788759168.596776,formal_execution_limiter_v1:header4+3x7,"[1.0,1788759168.596094,1.0,0.09033442785659461,0.08339050523613822,0.07037536244516568,0.08339050523613822,0.07037536244516568,0.15,0.15,0.0,0.04680431087238242,0.05980006541312996,0.04680431087238242,0.05980006541312996,0.15,0.15,0.0,0.05979574301002895,0.09033442785659461,0.05979574301002895,0.09033442785659461,0.15,0.15,0.002974781731577545]"
/multi_agv/formal_execution_limiter_state,1788759168.6067805,1788759168.6067805,formal_execution_limiter_v1:header4+3x7,"[1.0,1788759168.6061468,1.0,0.08565116071637177,0.08307989356681214,0.07391370489467272,0.08307989356681214,0.07391370489467272,0.15,0.15,0.0,0.04575709356061382,0.06227812702896461,0.04575709356061382,0.06227812702896461,0.15,0.15,0.0,0.0627111507307882,0.08565116071637177,0.0627111507307882,0.08565116071637177,0.15,0.15,0.002974781731577545]"
/multi_agv/formal_execution_limiter_state,1788759168.61674,1788759168.61674,formal_execution_limiter_v1:header4+3x7,"[1.0,1788759168.6161363,1.0,0.08514690241066672,0.08413289539854983,0.07484472261973947,0.08413289539854983,0.07484472261973947,0.15,0.15,0.0,0.04647505903835465,0.06336230064941585,0.04647505903835465,0.06336230064941585,0.15,0.15,0.0,0.062450477400453376,0.08514690241066672,0.062450477400453376,0.08514690241066672,0.15,0.15,0.002974781731577545]"
/multi_agv/formal_execution_limiter_state,1788759168.6267052,1788759168.6267052,formal_execution_limiter_v1:header4+3x7,"[1.0,1788759168.6261342,1.0,0.08311537824396795,0.08311537824396795,0.07106193632655874,0.08311537824396795,0.07106193632655874,0.15,0.15,0.0,0.04664262890694672,0.06556359251342878,0.04664262890694672,0.06556359251342878,0.15,0.15,0.0,0.0627978339475663,0.08161717657548379,0.0627978339475663,0.08161717657548379,0.15,0.15,0.002974781731577545]"
/multi_agv/formal_execution_limiter_state,1788759168.6366215,1788759168.6366215,formal_execution_limiter_v1:header4+3x7,"[1.0,1788759168.6361551,1.0,0.08369951514444292,0.08369951514444292,0.0711678375367502,0.08369951514444292,0.0711678375367502,0.15,0.15,0.0,0.047984944233020195,0.06784660152805498,0.047984944233020195,0.06784660152805498,0.15,0.15,0.0,0.06266534096274942,0.08188401560747516,0.06266534096274942,0.08188401560747516,0.15,0.15,0.002974781731577545]"
/multi_agv/formal_execution_limiter_state,1788759168.6470428,1788759168.6470428,formal_execution_limiter_v1:header4+3x7,"[1.0,1788759168.646157,1.0,0.08228441732571427,0.08228441732571427,0.07001774143371241,0.08228441732571427,0.07001774143371241,0.15,0.15,0.0,0.04804395138953094,0.06809541172637301,0.04804395138953094,0.06809541172637301,0.15,0.15,0.0,0.061615754449935944,0.07931357302390107,0.061615754449935944,0.07931357302390107,0.15,0.15,0.002974781731577545]"
/multi_agv/formal_execution_limiter_state,1788759168.657226,1788759168.657226,formal_execution_limiter_v1:header4+3x7,"[1.0,1788759168.6561584,1.0,0.08300845194404169,0.08300845194404169,0.07024496112351608,0.08300845194404169,0.07024496112351608,0.15,0.15,0.0,0.04917317903989339,0.07009728550551818,0.04917317903989339,0.07009728550551818,0.15,0.15,0.0,0.061551240647308485,0.07965667354638489,0.061551240647308485,0.07965667354638489,0.15,0.15,0.002974781731577545]"
/multi_agv/formal_execution_limiter_state,1788759168.6666908,1788759168.6666908,formal_execution_limiter_v1:header4+3x7,"[1.0,1788759168.6661422,1.0,0.08326820406118018,0.08326820406118018,0.06823911456087109,0.08326820406118018,0.06823911456087109,0.15,0.15,0.0,0.047986480068824486,0.07272570544427094,0.047986480068824486,0.07272570544427094,0.15,0.15,0.0,0.06438657471983834,0.0755233626026441,0.06438657471983834,0.0755233626026441,0.15,0.15,0.002974781731577545]"
/multi_agv/formal_execution_limiter_state,1788759168.6769161,1788759168.6769161,formal_execution_limiter_v1:header4+3x7,"[1.0,1788759168.6761007,1.0,0.08265486188835541,0.08265486188835541,0.06758141616229338,0.08265486188835541,0.06758141616229338,0.15,0.15,0.0,0.04892291996619042,0.07428195700948388,0.04892291996619042,0.07428195700948388,0.15,0.15,0.0,0.06440663624664675,0.07518813372461036,0.06440663624664675,0.07518813372461036,0.15,0.15,0.002974781731577545]"
/multi_agv/formal_execution_limiter_state,1788759168.6867166,1788759168.6867166,formal_execution_limiter_v1:header4+3x7,"[1.0,1788759168.6861281,1.0,0.08075550429241424,0.08075550429241424,0.0659370763747597,0.08075550429241424,0.0659370763747597,0.15,0.15,0.0,0.04860164785884,0.0738554699533052,0.04860164785884,0.0738554699533052,0.15,0.15,0.0,0.06394754515595623,0.07306733285631185,0.06394754515595623,0.07306733285631185,0.15,0.15,0.002974781731577545]"
/multi_agv/formal_execution_limiter_state,1788759168.6968064,1788759168.6968064,formal_execution_limiter_v1:header4+3x7,"[1.0,1788759168.6961288,1.0,0.0811959079837305,0.0811959079837305,0.06592481022407862,0.0811959079837305,0.06592481022407862,0.15,0.15,0.0,0.04944454327040769,0.07548189124469314,0.04944454327040769,0.07548189124469314,0.15,0.15,0.0,0.06419953925697923,0.07376828191805214,0.06419953925697923,0.07376828191805214,0.15,0.15,0.002974781731577545]"
/multi_agv/formal_execution_limiter_state,1788759168.7067473,1788759168.7067473,formal_execution_limiter_v1:header4+3x7,"[1.0,1788759168.7061293,1.0,0.08007745043470602,0.08007745043470602,0.06856136523689593,0.08007745043470602,0.06856136523689593,0.15,0.15,0.0,0.050940807782619266,0.07516396796446688,0.050940807782619266,0.07516396796446688,0.15,0.15,0.0,0.06812038072716807,0.06386766199703826,0.06812038072716807,0.06386766199703826,0.15,0.15,0.002974781731577545]"
/multi_agv/formal_execution_limiter_state,1788759168.7169533,1788759168.7169533,formal_execution_limiter_v1:header4+3x7,"[1.0,1788759168.716155,1.0,0.0803177088822881,0.0803177088822881,0.06876094734076642,0.0803177088822881,0.06876094734076642,0.15,0.15,0.0,0.051761171829080216,0.07635425047580041,0.051761171829080216,0.07635425047580041,0.15,0.15,0.0,0.06720218660990006,0.06261034708798045,0.06720218660990006,0.06261034708798045,0.15,0.15,0.002974781731577545]"
/multi_agv/formal_execution_limiter_state,1788759168.72688,1788759168.72688,formal_execution_limiter_v1:header4+3x7,"[1.0,1788759168.7261488,1.0,0.07961848476582305,0.07961848476582305,0.06824145721166376,0.07961848476582305,0.06824145721166376,0.15,0.15,0.0,0.052412066744216744,0.0769841867387454,0.052412066744216744,0.0769841867387454,0.15,0.15,0.0,0.06636582938048291,0.061265081170662074,0.06636582938048291,0.061265081170662074,0.15,0.15,0.002974781731577545]"
/multi_agv/formal_execution_limiter_state,1788759168.7368982,1788759168.7368982,formal_execution_limiter_v1:header4+3x7,"[1.0,1788759168.7360902,1.0,0.08256305830852083,0.08256305830852083,0.06585200495172967,0.08256305830852083,0.06585200495172967,0.15,0.15,0.0,0.05243511605638502,0.07659433750520679,0.05243511605638502,0.07659433750520679,0.15,0.15,0.0,0.06216834387734365,0.06991074596967391,0.06216834387734365,0.06991074596967391,0.15,0.15,0.002974781731577545]"
/multi_agv/formal_execution_limiter_state,1788759168.7470503,1788759168.7470503,formal_execution_limiter_v1:header4+3x7,"[1.0,1788759168.7461636,1.0,0.0826925171768378,0.0826925171768378,0.06597197173453324,0.0826925171768378,0.06597197173453324,0.15,0.15,0.0,0.052201958532826054,0.07584164404364588,0.052201958532826054,0.07584164404364588,0.15,0.15,0.0,0.06290966903957483,0.0705272337034533,0.06290966903957483,0.0705272337034533,0.15,0.15,0.002974781731577545]"
/multi_agv/formal_execution_limiter_state,1788759168.7570615,1788759168.7570615,formal_execution_limiter_v1:header4+3x7,"[1.0,1788759168.756125,1.0,0.08339015208240394,0.08339015208240394,0.06649802660963389,0.08339015208240394,0.06649802660963389,0.15,0.15,0.0,0.052082304342417174,0.07561386729870101,0.052082304342417174,0.07561386729870101,0.15,0.15,0.0,0.06376776558725371,0.07158219951300075,0.06376776558725371,0.07158219951300075,0.15,0.15,0.002974781731577545]"
/multi_agv/formal_execution_limiter_state,1788759168.7669322,1788759168.7669322,formal_execution_limiter_v1:header4+3x7,"[1.0,1788759168.766232,1.0,0.08053485836448657,0.08053485836448657,0.06420476505515307,0.08053485836448657,0.06420476505515307,0.15,0.15,0.0,0.05304351778927948,0.07470510570246577,0.05304351778927948,0.07470510570246577,0.15,0.15,0.0,0.06469280639629077,0.07093331361382585,0.06469280639629077,0.07093331361382585,0.15,0.15,0.002974781731577545]"
/multi_agv/formal_execution_limiter_state,1788759168.7765987,1788759168.7765987,formal_execution_limiter_v1:header4+3x7,"[1.0,1788759168.7760878,1.0,0.08096802543423345,0.08096802543423345,0.06420695446096608,0.08096802543423345,0.06420695446096608,0.15,0.15,0.0,0.053671308976939704,0.07602882538047911,0.053671308976939704,0.07602882538047911,0.15,0.15,0.0,0.06584518160954426,0.07267151229023129,0.06584518160954426,0.07267151229023129,0.15,0.15,0.002974781731577545]"
/multi_agv/formal_execution_limiter_state,1788759168.786763,1788759168.786763,formal_execution_limiter_v1:header4+3x7,"[1.0,1788759168.7861307,1.0,0.08003609620760274,0.08003609620760274,0.06323587773055017,0.08003609620760274,0.06323587773055017,0.15,0.15,0.0,0.05383083906911962,0.07568848952523352,0.05383083906911962,0.07568848952523352,0.15,0.15,0.0,0.06640591655741226,0.07336606457537184,0.06640591655741226,0.07336606457537184,0.15,0.15,0.002974781731577545]"
/multi_agv/formal_execution_limiter_state,1788759168.7966807,1788759168.7966807,formal_execution_limiter_v1:header4+3x7,"[1.0,1788759168.7961159,1.0,0.07997358157870088,0.07997358157870088,0.06299822942327757,0.07997358157870088,0.06299822942327757,0.15,0.15,0.0,0.05371287838532082,0.07550705458391208,0.05371287838532082,0.07550705458391208,0.15,0.15,0.0,0.06631965163536052,0.07310737627998787,0.06631965163536052,0.07310737627998787,0.15,0.15,0.002974781731577545]"
/multi_agv/formal_execution_limiter_state,1788759168.8066273,1788759168.8066273,formal_execution_limiter_v1:header4+3x7,"[1.0,1788759168.8061287,1.0,0.08234288942866873,0.08234288942866873,0.06552405558419137,0.08234288942866873,0.06552405558419137,0.15,0.15,0.0,0.05297723714484412,0.07764653439552696,0.05297723714484412,0.07764653439552696,0.15,0.15,0.0,0.06591829754355585,0.07312386771717441,0.06591829754355585,0.07312386771717441,0.15,0.15,0.002974781731577545]"
/multi_agv/formal_execution_limiter_state,1788759168.8170476,1788759168.8170476,formal_execution_limiter_v1:header4+3x7,"[1.0,1788759168.8161538,1.0,0.08327521450847043,0.08327521450847043,0.06632102830986981,0.08327521450847043,0.06632102830986981,0.15,0.15,0.0,0.053955544739483295,0.0787130109261883,0.053955544739483295,0.0787130109261883,0.15,0.15,0.0,0.06598281278745326,0.07373620683647318,0.06598281278745326,0.07373620683647318,0.15,0.15,0.002974781731577545]"
/multi_agv/formal_execution_limiter_state,1788759168.8268766,1788759168.8268766,formal_execution_limiter_v1:header4+3x7,"[1.0,1788759168.826112,1.0,0.08313791497798663,0.08313791497798663,0.06628428683664474,0.08313791497798663,0.06628428683664474,0.15,0.15,0.0,0.054855427011491355,0.07934340673271323,0.054855427011491355,0.07934340673271323,0.15,0.15,0.0,0.06560988559321532,0.07373692084552028,0.06560988559321532,0.07373692084552028,0.15,0.15,0.002974781731577545]"
/multi_agv/formal_execution_limiter_state,1788759168.8365843,1788759168.8365843,formal_execution_limiter_v1:header4+3x7,"[1.0,1788759168.8361287,1.0,0.08154666135586361,0.08154666135586361,0.06742714787973039,0.08154666135586361,0.06742714787973039,0.15,0.15,0.0,0.053330289649080896,0.07653315049434627,0.053330289649080896,0.07653315049434627,0.15,0.15,0.0,0.06513304864838404,0.08111523669027973,0.06513304864838404,0.08111523669027973,0.15,0.15,0.002974781731577545]"
/multi_agv/formal_execution_limiter_state,1788759168.8470397,1788759168.8470397,formal_execution_limiter_v1:header4+3x7,"[1.0,1788759168.8461602,1.0,0.08218458302475462,0.08058654309929383,0.06730401454642168,0.08058654309929383,0.06730401454642168,0.15,0.15,0.0,0.05248995237104025,0.07445433916912518,0.05248995237104025,0.07445433916912518,0.15,0.15,0.0,0.0654559418741851,0.08218458302475462,0.0654559418741851,0.08218458302475462,0.15,0.15,0.002974781731577545]"
/multi_agv/formal_execution_limiter_state,1788759168.8570237,1788759168.8570237,formal_execution_limiter_v1:header4+3x7,"[1.0,1788759168.8561218,1.0,0.08480927649813172,0.08174700175010823,0.06796302399796943,0.08174700175010823,0.06796302399796943,0.15,0.15,0.0,0.052412986582762625,0.0748668789908191,0.052412986582762625,0.0748668789908191,0.15,0.15,0.0,0.06736633628676672,0.08480927649813172,0.06736633628676672,0.08480927649813172,0.15,0.15,0.002974781731577545]"
/multi_agv/formal_execution_limiter_state,1788759168.8669753,1788759168.8669753,formal_execution_limiter_v1:header4+3x7,"[1.0,1788759168.8661575,1.0,0.08534689675444224,0.08036037801897712,0.07151440270881197,0.08036037801897712,0.07151440270881197,0.15,0.15,0.0,0.05340966011168079,0.07167967814141173,0.05340966011168079,0.07167967814141173,0.15,0.15,0.0,0.0658024912629658,0.08534689675444224,0.0658024912629658,0.08534689675444224,0.15,0.15,0.002974781731577545]"
/multi_agv/formal_execution_limiter_state,1788759168.8771555,1788759168.8771555,formal_execution_limiter_v1:header4+3x7,"[1.0,1788759168.8761804,1.0,0.08617679131625018,0.08034494630953658,0.07165404308635352,0.08034494630953658,0.07165404308635352,0.15,0.15,0.0,0.052800942513401436,0.07078306897285219,0.052800942513401436,0.07078306897285219,0.15,0.15,0.0,0.06618007575353525,0.08617679131625018,0.06618007575353525,0.08617679131625018,0.15,0.15,0.002974781731577545]"
/multi_agv/formal_execution_limiter_state,1788759168.8868551,1788759168.8868551,formal_execution_limiter_v1:header4+3x7,"[1.0,1788759168.8861468,1.0,0.08672570982726364,0.07977772503449336,0.0715936090434414,0.07977772503449336,0.0715936090434414,0.15,0.15,0.0,0.05189148769920118,0.06920813395878338,0.05189148769920118,0.06920813395878338,0.15,0.15,0.0,0.06634126797858404,0.08672570982726364,0.06634126797858404,0.08672570982726364,0.15,0.15,0.002974781731577545]"
/multi_agv/formal_execution_limiter_state,1788759168.8969233,1788759168.8969233,formal_execution_limiter_v1:header4+3x7,"[1.0,1788759168.8960915,1.0,0.07898005896371522,0.07898005896371522,0.07561473406760931,0.07898005896371522,0.07561473406760931,0.15,0.15,0.0,0.04934277589213125,0.07361298913546176,0.04934277589213125,0.07361298913546176,0.15,0.15,0.0,0.07167288454941909,0.0776848652875157,0.07167288454941909,0.0776848652875157,0.15,0.15,0.002974781731577545]"
/multi_agv/formal_execution_limiter_state,1788759168.906939,1788759168.906939,formal_execution_limiter_v1:header4+3x7,"[1.0,1788759168.9060903,1.0,0.07927996625731819,0.07927996625731819,0.0763023632050542,0.07927996625731819,0.0763023632050542,0.15,0.15,0.0,0.05006193412617324,0.07420064513033858,0.05006193412617324,0.07420064513033858,0.15,0.15,0.0,0.07003544614486619,0.07594701717826817,0.07003544614486619,0.07594701717826817,0.15,0.15,0.002974781731577545]"
/multi_agv/formal_execution_limiter_state,1788759168.916976,1788759168.916976,formal_execution_limiter_v1:header4+3x7,"[1.0,1788759168.9161143,1.0,0.07951630405152163,0.07951630405152163,0.07662628350347622,0.07951630405152163,0.07662628350347622,0.15,0.15,0.0,0.05080012497501568,0.0751968892205439,0.05080012497501568,0.0751968892205439,0.15,0.15,0.0,0.06874913403755468,0.07463363261284107,0.06874913403755468,0.07463363261284107,0.15,0.15,0.002974781731577545]"
/multi_agv/formal_execution_limiter_state,1788759168.9268234,1788759168.9268234,formal_execution_limiter_v1:header4+3x7,"[1.0,1788759168.926149,1.0,0.07777046527480067,0.07777046527480067,0.07573626072219916,0.07777046527480067,0.07573626072219916,0.15,0.15,0.0,0.05113520250744981,0.07191852599114366,0.05113520250744981,0.07191852599114366,0.15,0.15,0.0,0.06791258586692546,0.07522576277300054,0.06791258586692546,0.07522576277300054,0.15,0.15,0.002974781731577545]"
/multi_agv/formal_execution_limiter_state,1788759168.9372869,1788759168.9372869,formal_execution_limiter_v1:header4+3x7,"[1.0,1788759168.9361532,1.0,0.07871804177404333,0.07871804177404333,0.07628730519800818,0.07871804177404333,0.07628730519800818,0.15,0.15,0.0,0.051336675384881694,0.0726787674851389,0.051336675384881694,0.0726787674851389,0.15,0.15,0.0,0.06856144987345017,0.07635614641368627,0.06856144987345017,0.07635614641368627,0.15,0.15,0.002974781731577545]"
/multi_agv/formal_execution_limiter_state,1788759168.9469302,1788759168.9469302,formal_execution_limiter_v1:header4+3x7,"[1.0,1788759168.9461215,1.0,0.08177292521645602,0.08177292521645602,0.07605577145265274,0.08177292521645602,0.07605577145265274,0.15,0.15,0.0,0.05112318636264878,0.07212061651410193,0.05112318636264878,0.07212061651410193,0.15,0.15,0.0,0.06749356887197488,0.0747665246855756,0.06749356887197488,0.0747665246855756,0.15,0.15,0.002974781731577545]"
/multi_agv/formal_execution_limiter_state,1788759168.9567215,1788759168.9567215,formal_execution_limiter_v1:header4+3x7,"[1.0,1788759168.9561527,1.0,0.08377868524821318,0.08377868524821318,0.07754600078824801,0.08377868524821318,0.07754600078824801,0.15,0.15,0.0,0.05169829974710283,0.07335437400398592,0.05169829974710283,0.07335437400398592,0.15,0.15,0.0,0.06791626801263684,0.07563081795855928,0.06791626801263684,0.07563081795855928,0.15,0.15,0.002974781731577545]"
/multi_agv/formal_execution_limiter_state,1788759168.9666507,1788759168.9666507,formal_execution_limiter_v1:header4+3x7,"[1.0,1788759168.9661145,1.0,0.08154116302860281,0.08154116302860281,0.07609589063065719,0.08154116302860281,0.07609589063065719,0.15,0.15,0.0,0.05267773951945785,0.07004271398015222,0.05267773951945785,0.07004271398015222,0.15,0.15,0.0,0.06608251240989296,0.07473747194042565,0.06608251240989296,0.07473747194042565,0.15,0.15,0.002974781731577545]"
/multi_agv/formal_execution_limiter_state,1788759168.97691,1788759168.97691,formal_execution_limiter_v1:header4+3x7,"[1.0,1788759168.9762206,1.0,0.08110943070291397,0.08110943070291397,0.07565822959608055,0.08110943070291397,0.07565822959608055,0.15,0.15,0.0,0.05247284423634713,0.06970764021570945,0.05247284423634713,0.06970764021570945,0.15,0.15,0.0,0.06571482933135833,0.07440480252107695,0.06571482933135833,0.07440480252107695,0.15,0.15,0.002974781731577545]"
/multi_agv/formal_execution_limiter_state,1788759168.9870167,1788759168.9870167,formal_execution_limiter_v1:header4+3x7,"[1.0,1788759168.9861195,1.0,0.0806100653638635,0.0806100653638635,0.07511157756709605,0.0806100653638635,0.07511157756709605,0.15,0.15,0.0,0.05210068399988674,0.06886371388501954,0.05210068399988674,0.06886371388501954,0.15,0.15,0.0,0.06560827256068316,0.07425291116565391,0.06560827256068316,0.07425291116565391,0.15,0.15,0.002974781731577545]"
/multi_agv/formal_execution_limiter_state,1788759168.9969735,1788759168.9969735,formal_execution_limiter_v1:header4+3x7,"[1.0,1788759168.9960961,1.0,0.08168034533866578,0.08168034533866578,0.07326703892420489,0.08168034533866578,0.07326703892420489,0.15,0.15,0.0,0.052000726800710766,0.07140850906059285,0.052000726800710766,0.07140850906059285,0.15,0.15,0.0,0.06465176456982165,0.078030149663626,0.06465176456982165,0.078030149663626,0.15,0.15,0.002974781731577545]"
/multi_agv/formal_execution_limiter_state,1788759169.0070932,1788759169.0070932,formal_execution_limiter_v1:header4+3x7,"[1.0,1788759169.0061488,1.0,0.08084325029507569,0.08084325029507569,0.0725879446184147,0.08084325029507569,0.0725879446184147,0.15,0.15,0.0,0.05286676592710864,0.0721311739419592,0.05286676592710864,0.0721311739419592,0.15,0.15,0.0,0.06456138423607877,0.07802892879322695,0.06456138423607877,0.07802892879322695,0.15,0.15,0.002974781731577545]"
