topic,bag_stamp,header_stamp,confidence
/camera/world/agv1_confidence,1789464775.7444365,1789464775.7444365,0.588
/camera/world/agv3_confidence,1789464775.7444918,1789464775.7444918,0.5444
/camera/world/agv2_confidence,1789464775.744503,1789464775.744503,0.574
/camera/world/agv1_confidence,1789464775.75815,1789464775.75815,0.5805
/camera/world/agv2_confidence,1789464775.7581801,1789464775.7581801,0.5771
/camera/world/agv3_confidence,1789464775.7587144,1789464775.7587144,0.5705
/camera/world/agv1_confidence,1789464775.7949352,1789464775.7949352,0.5832
/camera/world/agv3_confidence,1789464775.794955,1789464775.794955,0.5696
/camera/world/agv2_confidence,1789464775.794964,1789464775.794964,0.5724
/camera/world/agv1_confidence,1789464775.8220103,1789464775.8220103,0.5738
/camera/world/agv3_confidence,1789464775.8221357,1789464775.8221357,0.5691
/camera/world/agv2_confidence,1789464775.8221557,1789464775.8221557,0.5774
/camera/world/agv2_confidence,1789464775.8562896,1789464775.8562896,0.5764
/camera/world/agv1_confidence,1789464775.8563058,1789464775.8563058,0.5904
/camera/world/agv3_confidence,1789464775.8563955,1789464775.8563955,0.5705
/camera/world/agv2_confidence,1789464775.895028,1789464775.895028,0.579
/camera/world/agv1_confidence,1789464775.8952272,1789464775.8952272,0.5769
/camera/world/agv3_confidence,1789464775.895264,1789464775.895264,0.5705
/camera/world/agv1_confidence,1789464775.9259567,1789464775.9259567,0.5829
/camera/world/agv2_confidence,1789464775.9260068,1789464775.9260068,0.5463
/camera/world/agv3_confidence,1789464775.9264133,1789464775.9264133,0.5814
/camera/world/agv1_confidence,1789464775.9625514,1789464775.9625514,0.593
/camera/world/agv2_confidence,1789464775.9626043,1789464775.9626043,0.5783
/camera/world/agv3_confidence,1789464775.9630446,1789464775.9630446,0.5696
/camera/world/agv2_confidence,1789464775.9882767,1789464775.9882767,0.5763
/camera/world/agv1_confidence,1789464775.9883025,1789464775.9883025,0.5829
/camera/world/agv3_confidence,1789464775.988358,1789464775.988358,0.54
/camera/world/agv1_confidence,1789464776.022327,1789464776.022327,0.5904
/camera/world/agv3_confidence,1789464776.0226896,1789464776.0226896,0.5701
/camera/world/agv2_confidence,1789464776.022693,1789464776.022693,0.5732
/camera/world/agv1_confidence,1789464776.057781,1789464776.057781,0.5872
/camera/world/agv3_confidence,1789464776.0578291,1789464776.0578291,0.5713
/camera/world/agv2_confidence,1789464776.0578387,1789464776.0578387,0.5771
/camera/world/agv1_confidence,1789464776.1016016,1789464776.1016016,0.5826
/camera/world/agv2_confidence,1789464776.1017687,1789464776.1017687,0.578
/camera/world/agv3_confidence,1789464776.1020124,1789464776.1020124,0.5701
/camera/world/agv1_confidence,1789464776.1325521,1789464776.1325521,0.5909
/camera/world/agv3_confidence,1789464776.1328,1789464776.1328,0.5684
/camera/world/agv2_confidence,1789464776.1328201,1789464776.1328201,0.5762
/camera/world/agv1_confidence,1789464776.1615078,1789464776.1615078,0.596
/camera/world/agv3_confidence,1789464776.1615527,1789464776.1615527,0.5434
/camera/world/agv2_confidence,1789464776.1615932,1789464776.1615932,0.5769
/camera/world/agv1_confidence,1789464776.1917403,1789464776.1917403,0.5904
/camera/world/agv2_confidence,1789464776.1921144,1789464776.1921144,0.574
/camera/world/agv3_confidence,1789464776.1921718,1789464776.1921718,0.552
/camera/world/agv1_confidence,1789464776.222912,1789464776.222912,0.5695
/camera/world/agv2_confidence,1789464776.223134,1789464776.223134,0.5762
/camera/world/agv3_confidence,1789464776.2231545,1789464776.2231545,0.5805
/camera/world/agv1_confidence,1789464776.256902,1789464776.256902,0.5918
/camera/world/agv2_confidence,1789464776.257076,1789464776.257076,0.5781
/camera/world/agv3_confidence,1789464776.2570963,1789464776.2570963,0.5746
/camera/world/agv1_confidence,1789464776.2924533,1789464776.2924533,0.5815
/camera/world/agv2_confidence,1789464776.2926686,1789464776.2926686,0.5746
/camera/world/agv3_confidence,1789464776.2928514,1789464776.2928514,0.5679
/camera/world/agv1_confidence,1789464776.32031,1789464776.32031,0.5841
/camera/world/agv3_confidence,1789464776.3203218,1789464776.3203218,0.5675
/camera/world/agv2_confidence,1789464776.320333,1789464776.320333,0.5757
/camera/world/agv1_confidence,1789464776.3559697,1789464776.3559697,0.5677
/camera/world/agv2_confidence,1789464776.3560624,1789464776.3560624,0.5752
/camera/world/agv3_confidence,1789464776.3560658,1789464776.3560658,0.5342
/camera/world/agv2_confidence,1789464776.3911643,1789464776.3911643,0.5728
/camera/world/agv1_confidence,1789464776.3911886,1789464776.3911886,0.573
/camera/world/agv3_confidence,1789464776.3914216,1789464776.3914216,0.5814
/camera/world/agv2_confidence,1789464776.4302733,1789464776.4302733,0.5789
/camera/world/agv3_confidence,1789464776.430349,1789464776.430349,0.5816
/camera/world/agv1_confidence,1789464776.4303782,1789464776.4303782,0.5361
/camera/world/agv1_confidence,1789464776.4563193,1789464776.4563193,0.589
/camera/world/agv2_confidence,1789464776.4564471,1789464776.4564471,0.5692
/camera/world/agv3_confidence,1789464776.4566276,1789464776.4566276,0.5548
/camera/world/agv1_confidence,1789464776.4911997,1789464776.4911997,0.5555
/camera/world/agv2_confidence,1789464776.491456,1789464776.491456,0.5767
/camera/world/agv3_confidence,1789464776.4917977,1789464776.4917977,0.5644
/camera/world/agv1_confidence,1789464776.5327077,1789464776.5327077,0.5489
/camera/world/agv2_confidence,1789464776.532758,1789464776.532758,0.5728
/camera/world/agv3_confidence,1789464776.53298,1789464776.53298,0.5506
/camera/world/agv1_confidence,1789464776.565622,1789464776.565622,0.5896
/camera/world/agv2_confidence,1789464776.5656588,1789464776.5656588,0.5685
/camera/world/agv3_confidence,1789464776.5657864,1789464776.5657864,0.5646
/camera/world/agv2_confidence,1789464776.5940924,1789464776.5940924,0.5539
/camera/world/agv3_confidence,1789464776.5942333,1789464776.5942333,0.5743
/camera/world/agv1_confidence,1789464776.594236,1789464776.594236,0.5949
/camera/world/agv1_confidence,1789464776.6287575,1789464776.6287575,0.5887
/camera/world/agv2_confidence,1789464776.6289084,1789464776.6289084,0.5747
/camera/world/agv3_confidence,1789464776.62914,1789464776.62914,0.5758
/camera/world/agv2_confidence,1789464776.654179,1789464776.654179,0.5786
/camera/world/agv3_confidence,1789464776.6542187,1789464776.6542187,0.576
/camera/world/agv1_confidence,1789464776.6542337,1789464776.6542337,0.5886
/camera/world/agv3_confidence,1789464776.6921844,1789464776.6921844,0.5759
/camera/world/agv2_confidence,1789464776.6921933,1789464776.6921933,0.5619
/camera/world/agv1_confidence,1789464776.6922426,1789464776.6922426,0.5663
/camera/world/agv1_confidence,1789464776.729717,1789464776.729717,0.5482
/camera/world/agv3_confidence,1789464776.729724,1789464776.729724,0.5751
/camera/world/agv2_confidence,1789464776.7297654,1789464776.7297654,0.5788
/camera/world/agv2_confidence,1789464776.7551687,1789464776.7551687,0.5711
/camera/world/agv1_confidence,1789464776.755193,1789464776.755193,0.6018
/camera/world/agv3_confidence,1789464776.7552176,1789464776.7552176,0.5612
/camera/world/agv1_confidence,1789464776.7898777,1789464776.7898777,0.5511
/camera/world/agv2_confidence,1789464776.7898986,1789464776.7898986,0.5547
/camera/world/agv3_confidence,1789464776.7899108,1789464776.7899108,0.5756
/camera/world/agv2_confidence,1789464776.8230278,1789464776.8230278,0.5735
/camera/world/agv1_confidence,1789464776.8230915,1789464776.8230915,0.5699
/camera/world/agv3_confidence,1789464776.8231041,1789464776.8231041,0.5756
/camera/world/agv1_confidence,1789464776.8577619,1789464776.8577619,0.5748
/camera/world/agv2_confidence,1789464776.8578904,1789464776.8578904,0.5719
/camera/world/agv3_confidence,1789464776.8580637,1789464776.8580637,0.4712
/camera/world/agv1_confidence,1789464776.8921926,1789464776.8921926,0.5496
/camera/world/agv2_confidence,1789464776.8923295,1789464776.8923295,0.5766
/camera/world/agv3_confidence,1789464776.8924644,1789464776.8924644,0.5528
/camera/world/agv2_confidence,1789464776.9210591,1789464776.9210591,0.5762
/camera/world/agv1_confidence,1789464776.921156,1789464776.921156,0.5814
/camera/world/agv3_confidence,1789464776.9211955,1789464776.9211955,0.5832
/camera/world/agv1_confidence,1789464776.9612043,1789464776.9612043,0.5839
/camera/world/agv2_confidence,1789464776.9613945,1789464776.9613945,0.563
/camera/world/agv3_confidence,1789464776.9615388,1789464776.9615388,0.5759
/camera/world/agv1_confidence,1789464776.9905672,1789464776.9905672,0.5875
/camera/world/agv3_confidence,1789464776.9907744,1789464776.9907744,0.5768
/camera/world/agv2_confidence,1789464776.9908874,1789464776.9908874,0.5642
/camera/world/agv1_confidence,1789464777.028223,1789464777.028223,0.5793
/camera/world/agv3_confidence,1789464777.0282903,1789464777.0282903,0.575
/camera/world/agv2_confidence,1789464777.0283139,1789464777.0283139,0.4921
/camera/world/agv1_confidence,1789464777.055484,1789464777.055484,0.5608
/camera/world/agv3_confidence,1789464777.0557253,1789464777.0557253,0.5768
/camera/world/agv2_confidence,1789464777.0557938,1789464777.0557938,0.577
/camera/world/agv1_confidence,1789464777.0900533,1789464777.0900533,0.5818
/camera/world/agv3_confidence,1789464777.0900824,1789464777.0900824,0.5775
/camera/world/agv2_confidence,1789464777.090114,1789464777.090114,0.576
/camera/world/agv3_confidence,1789464777.1253355,1789464777.1253355,0.5658
/camera/world/agv2_confidence,1789464777.1253443,1789464777.1253443,0.5597
/camera/world/agv1_confidence,1789464777.1253722,1789464777.1253722,0.5874
/camera/world/agv1_confidence,1789464777.1579752,1789464777.1579752,0.5897
/camera/world/agv2_confidence,1789464777.1581838,1789464777.1581838,0.5687
/camera/world/agv3_confidence,1789464777.1582057,1789464777.1582057,0.5763
/camera/world/agv1_confidence,1789464777.1945055,1789464777.1945055,0.5861
/camera/world/agv2_confidence,1789464777.1945076,1789464777.1945076,0.5764
/camera/world/agv3_confidence,1789464777.1947427,1789464777.1947427,0.5767
/camera/world/agv1_confidence,1789464777.229595,1789464777.229595,0.5574
/camera/world/agv2_confidence,1789464777.2297206,1789464777.2297206,0.5484
/camera/world/agv3_confidence,1789464777.229939,1789464777.229939,0.5778
/camera/world/agv1_confidence,1789464777.2554185,1789464777.2554185,0.5611
/camera/world/agv3_confidence,1789464777.2555184,1789464777.2555184,0.5796
/camera/world/agv2_confidence,1789464777.2555246,1789464777.2555246,0.5563
/camera/world/agv1_confidence,1789464777.2962713,1789464777.2962713,0.5477
/camera/world/agv2_confidence,1789464777.2962744,1789464777.2962744,0.5541
/camera/world/agv3_confidence,1789464777.296286,1789464777.296286,0.5781
/camera/world/agv1_confidence,1789464777.330421,1789464777.330421,0.5733
/camera/world/agv3_confidence,1789464777.330592,1789464777.330592,0.5783
/camera/world/agv2_confidence,1789464777.3306494,1789464777.3306494,0.5709
/camera/world/agv1_confidence,1789464777.3546808,1789464777.3546808,0.5943
/camera/world/agv3_confidence,1789464777.3546877,1789464777.3546877,0.5776
/camera/world/agv2_confidence,1789464777.3547094,1789464777.3547094,0.5519
/camera/world/agv1_confidence,1789464777.3887491,1789464777.3887491,0.6007
/camera/world/agv2_confidence,1789464777.3888292,1789464777.3888292,0.5774
/camera/world/agv3_confidence,1789464777.389081,1789464777.389081,0.5733
/camera/world/agv1_confidence,1789464777.4242504,1789464777.4242504,0.5934
/camera/world/agv3_confidence,1789464777.42429,1789464777.42429,0.5779
/camera/world/agv2_confidence,1789464777.4243126,1789464777.4243126,0.5161
/camera/world/agv1_confidence,1789464777.457931,1789464777.457931,0.5867
/camera/world/agv3_confidence,1789464777.4579418,1789464777.4579418,0.5778
/camera/world/agv2_confidence,1789464777.4579675,1789464777.4579675,0.5788
/camera/world/agv1_confidence,1789464777.4952545,1789464777.4952545,0.5826
/camera/world/agv2_confidence,1789464777.4954207,1789464777.4954207,0.5777
/camera/world/agv3_confidence,1789464777.4955618,1789464777.4955618,0.578
/camera/world/agv1_confidence,1789464777.529893,1789464777.529893,0.571
/camera/world/agv2_confidence,1789464777.5300431,1789464777.5300431,0.5217
/camera/world/agv3_confidence,1789464777.5300846,1789464777.5300846,0.5773
/camera/world/agv2_confidence,1789464777.5553453,1789464777.5553453,0.5762
/camera/world/agv3_confidence,1789464777.555369,1789464777.555369,0.5659
/camera/world/agv1_confidence,1789464777.5554416,1789464777.5554416,0.557
/camera/world/agv3_confidence,1789464777.5916421,1789464777.5916421,0.5767
/camera/world/agv1_confidence,1789464777.591661,1789464777.591661,0.5812
/camera/world/agv2_confidence,1789464777.5917926,1789464777.5917926,0.5109
/camera/world/agv1_confidence,1789464777.6243956,1789464777.6243956,0.6026
/camera/world/agv2_confidence,1789464777.6245453,1789464777.6245453,0.5752
/camera/world/agv3_confidence,1789464777.6247008,1789464777.6247008,0.5793
/camera/world/agv1_confidence,1789464777.6569915,1789464777.6569915,0.5697
/camera/world/agv3_confidence,1789464777.6570315,1789464777.6570315,0.5674
/camera/world/agv2_confidence,1789464777.6570323,1789464777.6570323,0.5778
/camera/world/agv1_confidence,1789464777.701404,1789464777.701404,0.594
/camera/world/agv2_confidence,1789464777.7014704,1789464777.7014704,0.5759
/camera/world/agv3_confidence,1789464777.7018015,1789464777.7018015,0.5621
/camera/world/agv2_confidence,1789464777.727605,1789464777.727605,0.5753
/camera/world/agv1_confidence,1789464777.727666,1789464777.727666,0.5399
/camera/world/agv3_confidence,1789464777.7278798,1789464777.7278798,0.5764
/camera/world/agv1_confidence,1789464777.7545092,1789464777.7545092,0.5612
/camera/world/agv3_confidence,1789464777.7545712,1789464777.7545712,0.5741
/camera/world/agv2_confidence,1789464777.7545872,1789464777.7545872,0.563
/camera/world/agv2_confidence,1789464777.789996,1789464777.789996,0.4788
/camera/world/agv1_confidence,1789464777.7900567,1789464777.7900567,0.5638
/camera/world/agv3_confidence,1789464777.7903328,1789464777.7903328,0.5397
/camera/world/agv1_confidence,1789464777.8303404,1789464777.8303404,0.6027
/camera/world/agv3_confidence,1789464777.8304877,1789464777.8304877,0.5626
/camera/world/agv2_confidence,1789464777.8305025,1789464777.8305025,0.5599
/camera/world/agv1_confidence,1789464777.862537,1789464777.862537,0.6018
/camera/world/agv3_confidence,1789464777.862554,1789464777.862554,0.5559
/camera/world/agv2_confidence,1789464777.8625739,1789464777.8625739,0.5076
/camera/world/agv3_confidence,1789464777.8891582,1789464777.8891582,0.5478
/camera/world/agv1_confidence,1789464777.8891642,1789464777.8891642,0.5851
/camera/world/agv2_confidence,1789464777.8891788,1789464777.8891788,0.5794
/camera/world/agv2_confidence,1789464777.9230642,1789464777.9230642,0.5735
/camera/world/agv1_confidence,1789464777.9231696,1789464777.9231696,0.5841
/camera/world/agv3_confidence,1789464777.9233584,1789464777.9233584,0.5714
/camera/world/agv1_confidence,1789464777.9575396,1789464777.9575396,0.5411
/camera/world/agv3_confidence,1789464777.9575975,1789464777.9575975,0.468
/camera/world/agv2_confidence,1789464777.9576936,1789464777.9576936,0.5754
/camera/world/agv1_confidence,1789464777.9924932,1789464777.9924932,0.5678
/camera/world/agv2_confidence,1789464777.9924963,1789464777.9924963,0.5716
/camera/world/agv3_confidence,1789464777.9927979,1789464777.9927979,0.5464
/camera/world/agv1_confidence,1789464778.0261624,1789464778.0261624,0.5643
/camera/world/agv2_confidence,1789464778.026283,1789464778.026283,0.5757
/camera/world/agv3_confidence,1789464778.026363,1789464778.026363,0.572
/camera/world/agv2_confidence,1789464778.0605915,1789464778.0605915,0.5654
/camera/world/agv1_confidence,1789464778.0605927,1789464778.0605927,0.5979
/camera/world/agv3_confidence,1789464778.0607972,1789464778.0607972,0.5739
/camera/world/agv2_confidence,1789464778.094911,1789464778.094911,0.5638
/camera/world/agv1_confidence,1789464778.0949225,1789464778.0949225,0.5604
/camera/world/agv3_confidence,1789464778.09509,1789464778.09509,0.5752
/camera/world/agv3_confidence,1789464778.1281524,1789464778.1281524,0.5745
/camera/world/agv2_confidence,1789464778.128174,1789464778.128174,0.5763
/camera/world/agv1_confidence,1789464778.1281826,1789464778.1281826,0.5927
/camera/world/agv1_confidence,1789464778.1544566,1789464778.1544566,0.5408
/camera/world/agv3_confidence,1789464778.154549,1789464778.154549,0.5754
/camera/world/agv2_confidence,1789464778.1547086,1789464778.1547086,0.5569
/camera/world/agv3_confidence,1789464778.1954756,1789464778.1954756,0.5766
/camera/world/agv1_confidence,1789464778.1954796,1789464778.1954796,0.5435
/camera/world/agv2_confidence,1789464778.1954913,1789464778.1954913,0.5546
/camera/world/agv2_confidence,1789464778.2224424,1789464778.2224424,0.5718
/camera/world/agv1_confidence,1789464778.2224536,1789464778.2224536,0.592
/camera/world/agv3_confidence,1789464778.222817,1789464778.222817,0.5848
/camera/world/agv1_confidence,1789464778.2551193,1789464778.2551193,0.5934
/camera/world/agv2_confidence,1789464778.25541,1789464778.25541,0.5542
/camera/world/agv3_confidence,1789464778.2554173,1789464778.2554173,0.5758
/camera/world/agv3_confidence,1789464778.29028,1789464778.29028,0.5771
/camera/world/agv2_confidence,1789464778.2903419,1789464778.2903419,0.5753
/camera/world/agv1_confidence,1789464778.290364,1789464778.290364,0.6036
/camera/world/agv1_confidence,1789464778.324734,1789464778.324734,0.5808
/camera/world/agv3_confidence,1789464778.32474,1789464778.32474,0.5875
/camera/world/agv2_confidence,1789464778.3248005,1789464778.3248005,0.5783
/camera/world/agv1_confidence,1789464778.3580203,1789464778.3580203,0.6025
/camera/world/agv3_confidence,1789464778.3581922,1789464778.3581922,0.5786
/camera/world/agv2_confidence,1789464778.3582969,1789464778.3582969,0.5792
/camera/world/agv1_confidence,1789464778.3963726,1789464778.3963726,0.5817
/camera/world/agv2_confidence,1789464778.396678,1789464778.396678,0.5739
/camera/world/agv3_confidence,1789464778.3967228,1789464778.3967228,0.5761
/camera/world/agv1_confidence,1789464778.4212122,1789464778.4212122,0.6023
/camera/world/agv2_confidence,1789464778.421361,1789464778.421361,0.5696
/camera/world/agv3_confidence,1789464778.421485,1789464778.421485,0.521
/camera/world/agv1_confidence,1789464778.4552474,1789464778.4552474,0.6032
/camera/world/agv2_confidence,1789464778.4552479,1789464778.4552479,0.5684
/camera/world/agv3_confidence,1789464778.4554005,1789464778.4554005,0.5768
/camera/world/agv1_confidence,1789464778.4917207,1789464778.4917207,0.601
/camera/world/agv2_confidence,1789464778.491951,1789464778.491951,0.5775
/camera/world/agv3_confidence,1789464778.4920037,1789464778.4920037,0.5248
/camera/world/agv1_confidence,1789464778.5253808,1789464778.5253808,0.5633
/camera/world/agv3_confidence,1789464778.5256438,1789464778.5256438,0.578
/camera/world/agv2_confidence,1789464778.5256763,1789464778.5256763,0.4933
/camera/world/agv1_confidence,1789464778.5646152,1789464778.5646152,0.5951
/camera/world/agv2_confidence,1789464778.5646412,1789464778.5646412,0.5744
/camera/world/agv3_confidence,1789464778.564647,1789464778.564647,0.5278
/camera/world/agv2_confidence,1789464778.592939,1789464778.592939,0.5728
/camera/world/agv1_confidence,1789464778.5929787,1789464778.5929787,0.5817
/camera/world/agv3_confidence,1789464778.5930443,1789464778.5930443,0.5813
/camera/world/agv1_confidence,1789464778.6267872,1789464778.6267872,0.5955
/camera/world/agv3_confidence,1789464778.6270971,1789464778.6270971,0.5772
/camera/world/agv2_confidence,1789464778.6271608,1789464778.6271608,0.5766
/camera/world/agv2_confidence,1789464778.6617565,1789464778.6617565,0.5756
/camera/world/agv1_confidence,1789464778.662032,1789464778.662032,0.5388
/camera/world/agv3_confidence,1789464778.6620736,1789464778.6620736,0.5786
/camera/world/agv3_confidence,1789464778.6921217,1789464778.6921217,0.5846
/camera/world/agv1_confidence,1789464778.6921246,1789464778.6921246,0.5812
/camera/world/agv2_confidence,1789464778.6921852,1789464778.6921852,0.5537
/camera/world/agv1_confidence,1789464778.731191,1789464778.731191,0.6038
/camera/world/agv3_confidence,1789464778.7315187,1789464778.7315187,0.5672
/camera/world/agv2_confidence,1789464778.731524,1789464778.731524,0.5783
/camera/world/agv1_confidence,1789464778.7574165,1789464778.7574165,0.561
/camera/world/agv3_confidence,1789464778.7574244,1789464778.7574244,0.5738
/camera/world/agv2_confidence,1789464778.7574582,1789464778.7574582,0.5783
/camera/world/agv2_confidence,1789464778.7910483,1789464778.7910483,0.4728
/camera/world/agv1_confidence,1789464778.7911272,1789464778.7911272,0.5805
/camera/world/agv3_confidence,1789464778.7912772,1789464778.7912772,0.5808
/camera/world/agv3_confidence,1789464778.8251307,1789464778.8251307,0.5798
/camera/world/agv2_confidence,1789464778.8251743,1789464778.8251743,0.5486
/camera/world/agv1_confidence,1789464778.8252063,1789464778.8252063,0.5365
/camera/world/agv1_confidence,1789464778.8595467,1789464778.8595467,0.537
/camera/world/agv3_confidence,1789464778.859892,1789464778.859892,0.5673
/camera/world/agv2_confidence,1789464778.8599837,1789464778.8599837,0.5826
/camera/world/agv2_confidence,1789464778.892909,1789464778.892909,0.5808
/camera/world/agv3_confidence,1789464778.892978,1789464778.892978,0.5767
/camera/world/agv1_confidence,1789464778.8930297,1789464778.8930297,0.511
/camera/world/agv1_confidence,1789464778.9311717,1789464778.9311717,0.5829
/camera/world/agv3_confidence,1789464778.9312549,1789464778.9312549,0.5797
/camera/world/agv2_confidence,1789464778.9312952,1789464778.9312952,0.5723
/camera/world/agv1_confidence,1789464778.9535234,1789464778.9535234,0.5863
/camera/world/agv2_confidence,1789464778.95353,1789464778.95353,0.5795
/camera/world/agv3_confidence,1789464778.9536042,1789464778.9536042,0.5864
/camera/world/agv2_confidence,1789464778.9957616,1789464778.9957616,0.5262
/camera/world/agv1_confidence,1789464778.9958847,1789464778.9958847,0.5947
/camera/world/agv3_confidence,1789464778.9959428,1789464778.9959428,0.5889
/camera/world/agv1_confidence,1789464779.0217688,1789464779.0217688,0.5946
/camera/world/agv2_confidence,1789464779.0218992,1789464779.0218992,0.5833
/camera/world/agv3_confidence,1789464779.0220606,1789464779.0220606,0.5734
/camera/world/agv1_confidence,1789464779.0629086,1789464779.0629086,0.4531
/camera/world/agv3_confidence,1789464779.0632863,1789464779.0632863,0.5653
/camera/world/agv2_confidence,1789464779.0633085,1789464779.0633085,0.5762
/camera/world/agv1_confidence,1789464779.0951874,1789464779.0951874,0.5899
/camera/world/agv2_confidence,1789464779.0953631,1789464779.0953631,0.5797
/camera/world/agv3_confidence,1789464779.0956526,1789464779.0956526,0.5794
/camera/world/agv1_confidence,1789464779.1206498,1789464779.1206498,0.5883
/camera/world/agv2_confidence,1789464779.1206622,1789464779.1206622,0.5125
/camera/world/agv3_confidence,1789464779.120888,1789464779.120888,0.5767
/camera/world/agv2_confidence,1789464779.1563096,1789464779.1563096,0.5853
/camera/world/agv1_confidence,1789464779.1563132,1789464779.1563132,0.5899
/camera/world/agv3_confidence,1789464779.1563709,1789464779.1563709,0.5273
/camera/world/agv2_confidence,1789464779.1962478,1789464779.1962478,0.469
/camera/world/agv1_confidence,1789464779.1962547,1789464779.1962547,0.5856
/camera/world/agv3_confidence,1789464779.1966436,1789464779.1966436,0.5762
/camera/world/agv1_confidence,1789464779.2283962,1789464779.2283962,0.5846
/camera/world/agv2_confidence,1789464779.228634,1789464779.228634,0.5588
/camera/world/agv3_confidence,1789464779.2288227,1789464779.2288227,0.5784
/camera/world/agv2_confidence,1789464779.262317,1789464779.262317,0.5604
/camera/world/agv1_confidence,1789464779.2623284,1789464779.2623284,0.5629
/camera/world/agv3_confidence,1789464779.2625854,1789464779.2625854,0.5799
/camera/world/agv1_confidence,1789464779.2903876,1789464779.2903876,0.5386
/camera/world/agv2_confidence,1789464779.2905905,1789464779.2905905,0.5752
/camera/world/agv3_confidence,1789464779.290648,1789464779.290648,0.5872
/camera/world/agv1_confidence,1789464779.3252232,1789464779.3252232,0.5821
/camera/world/agv2_confidence,1789464779.3252668,1789464779.3252668,0.5757
/camera/world/agv3_confidence,1789464779.3254385,1789464779.3254385,0.5257
/camera/world/agv2_confidence,1789464779.357465,1789464779.357465,0.5774
/camera/world/agv1_confidence,1789464779.3574932,1789464779.3574932,0.5507
/camera/world/agv3_confidence,1789464779.3576422,1789464779.3576422,0.5745
/camera/world/agv1_confidence,1789464779.3919191,1789464779.3919191,0.5814
/camera/world/agv2_confidence,1789464779.3921854,1789464779.3921854,0.5738
/camera/world/agv3_confidence,1789464779.392189,1789464779.392189,0.562
/camera/world/agv1_confidence,1789464779.4257202,1789464779.4257202,0.6038
/camera/world/agv2_confidence,1789464779.425814,1789464779.425814,0.5805
/camera/world/agv3_confidence,1789464779.4258792,1789464779.4258792,0.5819
/camera/world/agv2_confidence,1789464779.4640272,1789464779.4640272,0.569
/camera/world/agv1_confidence,1789464779.4641027,1789464779.4641027,0.6036
/camera/world/agv3_confidence,1789464779.4642909,1789464779.4642909,0.5772
/camera/world/agv2_confidence,1789464779.490187,1789464779.490187,0.5668
/camera/world/agv1_confidence,1789464779.490244,1789464779.490244,0.5806
/camera/world/agv3_confidence,1789464779.490274,1789464779.490274,0.5808
/camera/world/agv1_confidence,1789464779.524411,1789464779.524411,0.5938
/camera/world/agv2_confidence,1789464779.5245457,1789464779.5245457,0.5845
/camera/world/agv3_confidence,1789464779.524684,1789464779.524684,0.5735
/camera/world/agv3_confidence,1789464779.5599692,1789464779.5599692,0.5853
/camera/world/agv2_confidence,1789464779.559973,1789464779.559973,0.5864
/camera/world/agv1_confidence,1789464779.560068,1789464779.560068,0.5591
/camera/world/agv3_confidence,1789464779.5894508,1789464779.5894508,0.5267
/camera/world/agv2_confidence,1789464779.5894773,1789464779.5894773,0.5816
/camera/world/agv1_confidence,1789464779.5895154,1789464779.5895154,0.4802
/camera/world/agv1_confidence,1789464779.6285403,1789464779.6285403,0.604
/camera/world/agv2_confidence,1789464779.6288314,1789464779.6288314,0.5795
/camera/world/agv3_confidence,1789464779.6288855,1789464779.6288855,0.5855
/camera/world/agv2_confidence,1789464779.6598873,1789464779.6598873,0.5705
/camera/world/agv3_confidence,1789464779.660037,1789464779.660037,0.5896
/camera/world/agv1_confidence,1789464779.660052,1789464779.660052,0.6026
/camera/world/agv1_confidence,1789464779.6966963,1789464779.6966963,0.5816
/camera/world/agv2_confidence,1789464779.6967037,1789464779.6967037,0.5801
/camera/world/agv3_confidence,1789464779.6968563,1789464779.6968563,0.5512
/camera/world/agv1_confidence,1789464779.7213607,1789464779.7213607,0.5745
/camera/world/agv3_confidence,1789464779.7216742,1789464779.7216742,0.5893
/camera/world/agv2_confidence,1789464779.7217298,1789464779.7217298,0.5404
/camera/world/agv2_confidence,1789464779.7567778,1789464779.7567778,0.579
/camera/world/agv3_confidence,1789464779.756811,1789464779.756811,0.545
/camera/world/agv1_confidence,1789464779.7568626,1789464779.7568626,0.6006
/camera/world/agv2_confidence,1789464779.7910588,1789464779.7910588,0.5664
/camera/world/agv3_confidence,1789464779.7910845,1789464779.7910845,0.5817
/camera/world/agv1_confidence,1789464779.7912078,1789464779.7912078,0.5893
/camera/world/agv2_confidence,1789464779.8249881,1789464779.8249881,0.5679
/camera/world/agv3_confidence,1789464779.8251758,1789464779.8251758,0.583
/camera/world/agv1_confidence,1789464779.8251982,1789464779.8251982,0.564
/camera/world/agv2_confidence,1789464779.8611262,1789464779.8611262,0.5799
/camera/world/agv1_confidence,1789464779.8611584,1789464779.8611584,0.5847
/camera/world/agv3_confidence,1789464779.8611777,1789464779.8611777,0.5717
/camera/world/agv1_confidence,1789464779.8899806,1789464779.8899806,0.6034
/camera/world/agv2_confidence,1789464779.890119,1789464779.890119,0.5855
/camera/world/agv3_confidence,1789464779.8901787,1789464779.8901787,0.5676
/camera/world/agv1_confidence,1789464779.9236145,1789464779.9236145,0.5735
/camera/world/agv3_confidence,1789464779.9238353,1789464779.9238353,0.4944
/camera/world/agv2_confidence,1789464779.9238377,1789464779.9238377,0.5816
/camera/world/agv1_confidence,1789464779.964412,1789464779.964412,0.6065
/camera/world/agv3_confidence,1789464779.964484,1789464779.964484,0.5046
/camera/world/agv2_confidence,1789464779.9645,1789464779.9645,0.5854
/camera/world/agv1_confidence,1789464779.989539,1789464779.989539,0.6069
/camera/world/agv3_confidence,1789464779.9895906,1789464779.9895906,0.5679
/camera/world/agv2_confidence,1789464779.9895997,1789464779.9895997,0.5804
/camera/world/agv1_confidence,1789464780.02522,1789464780.02522,0.5993
/camera/world/agv2_confidence,1789464780.025369,1789464780.025369,0.5786
/camera/world/agv3_confidence,1789464780.025539,1789464780.025539,0.5735
/camera/world/agv1_confidence,1789464780.06106,1789464780.06106,0.6043
/camera/world/agv2_confidence,1789464780.0614357,1789464780.0614357,0.5746
/camera/world/agv3_confidence,1789464780.061461,1789464780.061461,0.538
/camera/world/agv3_confidence,1789464780.0909233,1789464780.0909233,0.5695
/camera/world/agv1_confidence,1789464780.090944,1789464780.090944,0.6041
/camera/world/agv2_confidence,1789464780.09095,1789464780.09095,0.5685
/camera/world/agv1_confidence,1789464780.1311162,1789464780.1311162,0.5934
/camera/world/agv3_confidence,1789464780.1313245,1789464780.1313245,0.5914
/camera/world/agv2_confidence,1789464780.1313467,1789464780.1313467,0.577
/camera/world/agv3_confidence,1789464780.1551728,1789464780.1551728,0.5909
/camera/world/agv2_confidence,1789464780.1552074,1789464780.1552074,0.5501
/camera/world/agv1_confidence,1789464780.1553423,1789464780.1553423,0.5357
/camera/world/agv1_confidence,1789464780.2031815,1789464780.2031815,0.5876
/camera/world/agv2_confidence,1789464780.2032106,1789464780.2032106,0.5826
/camera/world/agv3_confidence,1789464780.2032206,1789464780.2032206,0.5893
/camera/world/agv1_confidence,1789464780.22587,1789464780.22587,0.5833
/camera/world/agv2_confidence,1789464780.2260487,1789464780.2260487,0.588
/camera/world/agv3_confidence,1789464780.226182,1789464780.226182,0.5831
/camera/world/agv3_confidence,1789464780.2626026,1789464780.2626026,0.5774
/camera/world/agv1_confidence,1789464780.2626128,1789464780.2626128,0.585
/camera/world/agv2_confidence,1789464780.2626228,1789464780.2626228,0.5341
/camera/world/agv2_confidence,1789464780.2917802,1789464780.2917802,0.5763
/camera/world/agv3_confidence,1789464780.2919588,1789464780.2919588,0.5775
/camera/world/agv1_confidence,1789464780.29198,1789464780.29198,0.5714
/camera/world/agv3_confidence,1789464780.330997,1789464780.330997,0.5881
/camera/world/agv2_confidence,1789464780.331005,1789464780.331005,0.5827
/camera/world/agv1_confidence,1789464780.3310866,1789464780.3310866,0.6029
/camera/world/agv1_confidence,1789464780.356067,1789464780.356067,0.5445
/camera/world/agv2_confidence,1789464780.3561804,1789464780.3561804,0.5789
/camera/world/agv3_confidence,1789464780.3562307,1789464780.3562307,0.5715
/camera/world/agv1_confidence,1789464780.3892536,1789464780.3892536,0.6054
/camera/world/agv3_confidence,1789464780.3892696,1789464780.3892696,0.5805
/camera/world/agv2_confidence,1789464780.3892796,1789464780.3892796,0.5786
/camera/world/agv1_confidence,1789464780.4241388,1789464780.4241388,0.6039
/camera/world/agv3_confidence,1789464780.4241755,1789464780.4241755,0.5356
/camera/world/agv2_confidence,1789464780.4241781,1789464780.4241781,0.5808
/camera/world/agv1_confidence,1789464780.4578385,1789464780.4578385,0.5727
/camera/world/agv3_confidence,1789464780.4582546,1789464780.4582546,0.5893
/camera/world/agv2_confidence,1789464780.4582794,1789464780.4582794,0.5308
/camera/world/agv1_confidence,1789464780.4910438,1789464780.4910438,0.6044
/camera/world/agv2_confidence,1789464780.491275,1789464780.491275,0.5837
/camera/world/agv3_confidence,1789464780.4912848,1789464780.4912848,0.5211
/camera/world/agv2_confidence,1789464780.5283344,1789464780.5283344,0.5755
/camera/world/agv1_confidence,1789464780.5284033,1789464780.5284033,0.5796
/camera/world/agv3_confidence,1789464780.5285761,1789464780.5285761,0.5825
/camera/world/agv1_confidence,1789464780.5549767,1789464780.5549767,0.5828
/camera/world/agv2_confidence,1789464780.555086,1789464780.555086,0.5317
/camera/world/agv3_confidence,1789464780.5552638,1789464780.5552638,0.5799
/camera/world/agv2_confidence,1789464780.5875797,1789464780.5875797,0.5671
/camera/world/agv3_confidence,1789464780.587605,1789464780.587605,0.579
/camera/world/agv1_confidence,1789464780.5878003,1789464780.5878003,0.6001
/camera/world/agv2_confidence,1789464780.6216662,1789464780.6216662,0.5789
/camera/world/agv1_confidence,1789464780.6216707,1789464780.6216707,0.5953
/camera/world/agv3_confidence,1789464780.6217358,1789464780.6217358,0.5729
/camera/world/agv1_confidence,1789464780.6556306,1789464780.6556306,0.6039
/camera/world/agv2_confidence,1789464780.6556349,1789464780.6556349,0.5707
/camera/world/agv3_confidence,1789464780.6558034,1789464780.6558034,0.5867
/camera/world/agv1_confidence,1789464780.69259,1789464780.69259,0.6065
/camera/world/agv2_confidence,1789464780.692763,1789464780.692763,0.5847
/camera/world/agv3_confidence,1789464780.6927783,1789464780.6927783,0.5827
/camera/world/agv2_confidence,1789464780.7222736,1789464780.7222736,0.5786
/camera/world/agv1_confidence,1789464780.7223525,1789464780.7223525,0.6074
/camera/world/agv3_confidence,1789464780.7224002,1789464780.7224002,0.5792
/camera/world/agv1_confidence,1789464780.7564685,1789464780.7564685,0.6061
/camera/world/agv3_confidence,1789464780.7566493,1789464780.7566493,0.5907
/camera/world/agv2_confidence,1789464780.75681,1789464780.75681,0.5766
/camera/world/agv1_confidence,1789464780.7953377,1789464780.7953377,0.5598
/camera/world/agv2_confidence,1789464780.7953742,1789464780.7953742,0.5718
/camera/world/agv3_confidence,1789464780.795417,1789464780.795417,0.5885
/camera/world/agv1_confidence,1789464780.8229096,1789464780.8229096,0.6055
/camera/world/agv3_confidence,1789464780.823023,1789464780.823023,0.5369
/camera/world/agv2_confidence,1789464780.8230371,1789464780.8230371,0.5694
/camera/world/agv1_confidence,1789464780.8650343,1789464780.8650343,0.6053
/camera/world/agv2_confidence,1789464780.8652327,1789464780.8652327,0.574
/camera/world/agv3_confidence,1789464780.865448,1789464780.865448,0.5835
/camera/world/agv2_confidence,1789464780.8935025,1789464780.8935025,0.5832
/camera/world/agv3_confidence,1789464780.8935163,1789464780.8935163,0.5898
/camera/world/agv1_confidence,1789464780.8935342,1789464780.8935342,0.6056
/camera/world/agv1_confidence,1789464780.9227479,1789464780.9227479,0.5073
/camera/world/agv3_confidence,1789464780.9228494,1789464780.9228494,0.5892
/camera/world/agv2_confidence,1789464780.9228528,1789464780.9228528,0.5802
/camera/world/agv1_confidence,1789464780.9608097,1789464780.9608097,0.5709
/camera/world/agv2_confidence,1789464780.9609156,1789464780.9609156,0.5652
/camera/world/agv3_confidence,1789464780.9610696,1789464780.9610696,0.5904
/camera/world/agv2_confidence,1789464780.992721,1789464780.992721,0.5865
/camera/world/agv1_confidence,1789464780.9927676,1789464780.9927676,0.6059
/camera/world/agv3_confidence,1789464780.992832,1789464780.992832,0.5889
/camera/world/agv1_confidence,1789464781.0296934,1789464781.0296934,0.6062
/camera/world/agv3_confidence,1789464781.0297537,1789464781.0297537,0.5873
/camera/world/agv2_confidence,1789464781.0297937,1789464781.0297937,0.5776
/camera/world/agv2_confidence,1789464781.060829,1789464781.060829,0.5799
/camera/world/agv3_confidence,1789464781.0608401,1789464781.0608401,0.5393
/camera/world/agv1_confidence,1789464781.060875,1789464781.060875,0.6051
/camera/world/agv1_confidence,1789464781.0975041,1789464781.0975041,0.5935
/camera/world/agv3_confidence,1789464781.09756,1789464781.09756,0.4979
/camera/world/agv2_confidence,1789464781.097592,1789464781.097592,0.5878
/camera/world/agv1_confidence,1789464781.1249194,1789464781.1249194,0.6053
/camera/world/agv3_confidence,1789464781.125031,1789464781.125031,0.5175
/camera/world/agv2_confidence,1789464781.1251092,1789464781.1251092,0.5767
/camera/world/agv1_confidence,1789464781.158266,1789464781.158266,0.5756
/camera/world/agv3_confidence,1789464781.1583362,1789464781.1583362,0.5811
/camera/world/agv2_confidence,1789464781.158347,1789464781.158347,0.5859
/camera/world/agv3_confidence,1789464781.19763,1789464781.19763,0.585
/camera/world/agv1_confidence,1789464781.1976469,1789464781.1976469,0.5359
/camera/world/agv2_confidence,1789464781.1976907,1789464781.1976907,0.5786
/camera/world/agv1_confidence,1789464781.225531,1789464781.225531,0.5885
/camera/world/agv2_confidence,1789464781.2256036,1789464781.2256036,0.5753
/camera/world/agv3_confidence,1789464781.2257652,1789464781.2257652,0.5907
/camera/world/agv1_confidence,1789464781.260593,1789464781.260593,0.5784
/camera/world/agv2_confidence,1789464781.2607663,1789464781.2607663,0.5755
/camera/world/agv3_confidence,1789464781.2609487,1789464781.2609487,0.5909
/camera/world/agv1_confidence,1789464781.2940195,1789464781.2940195,0.6076
/camera/world/agv2_confidence,1789464781.2940378,1789464781.2940378,0.5849
/camera/world/agv3_confidence,1789464781.2941875,1789464781.2941875,0.5911
/camera/world/agv3_confidence,1789464781.3241827,1789464781.3241827,0.5883
/camera/world/agv2_confidence,1789464781.3242612,1789464781.3242612,0.5898
/camera/world/agv1_confidence,1789464781.324278,1789464781.324278,0.605
/camera/world/agv1_confidence,1789464781.3564444,1789464781.3564444,0.6068
/camera/world/agv3_confidence,1789464781.3564568,1789464781.3564568,0.5918
/camera/world/agv2_confidence,1789464781.3564677,1789464781.3564677,0.5867
/camera/world/agv2_confidence,1789464781.387803,1789464781.387803,0.5885
/camera/world/agv1_confidence,1789464781.3878882,1789464781.3878882,0.6063
/camera/world/agv3_confidence,1789464781.3878958,1789464781.3878958,0.5799
/camera/world/agv2_confidence,1789464781.4225535,1789464781.4225535,0.5377
/camera/world/agv3_confidence,1789464781.4225645,1789464781.4225645,0.5817
/camera/world/agv1_confidence,1789464781.4226537,1789464781.4226537,0.6069
/camera/world/agv1_confidence,1789464781.4686518,1789464781.4686518,0.6
/camera/world/agv2_confidence,1789464781.4689095,1789464781.4689095,0.5805
/camera/world/agv3_confidence,1789464781.469049,1789464781.469049,0.5916
/camera/world/agv1_confidence,1789464781.4898148,1789464781.4898148,0.6079
/camera/world/agv2_confidence,1789464781.4899013,1789464781.4899013,0.5326
/camera/world/agv3_confidence,1789464781.4900672,1789464781.4900672,0.5795
/camera/world/agv1_confidence,1789464781.5295627,1789464781.5295627,0.5773
/camera/world/agv3_confidence,1789464781.5297942,1789464781.5297942,0.5742
/camera/world/agv2_confidence,1789464781.5298116,1789464781.5298116,0.5871
/camera/world/agv2_confidence,1789464781.5605338,1789464781.5605338,0.561
/camera/world/agv1_confidence,1789464781.5606802,1789464781.5606802,0.5925
/camera/world/agv3_confidence,1789464781.560752,1789464781.560752,0.581
/camera/world/agv1_confidence,1789464781.5891533,1789464781.5891533,0.5677
/camera/world/agv3_confidence,1789464781.5891623,1789464781.5891623,0.5925
/camera/world/agv2_confidence,1789464781.589296,1789464781.589296,0.5624
/camera/world/agv1_confidence,1789464781.6301796,1789464781.6301796,0.5629
/camera/world/agv3_confidence,1789464781.6303422,1789464781.6303422,0.5922
/camera/world/agv2_confidence,1789464781.630351,1789464781.630351,0.5918
/camera/world/agv1_confidence,1789464781.654704,1789464781.654704,0.5909
/camera/world/agv2_confidence,1789464781.6547315,1789464781.6547315,0.5508
/camera/world/agv3_confidence,1789464781.6547334,1789464781.6547334,0.5923
/camera/world/agv3_confidence,1789464781.695135,1789464781.695135,0.5596
/camera/world/agv1_confidence,1789464781.6951385,1789464781.6951385,0.6068
/camera/world/agv2_confidence,1789464781.6952004,1789464781.6952004,0.5516
/camera/world/agv1_confidence,1789464781.7246985,1789464781.7246985,0.5909
/camera/world/agv2_confidence,1789464781.7247374,1789464781.7247374,0.574
/camera/world/agv3_confidence,1789464781.7250166,1789464781.7250166,0.5926
/camera/world/agv1_confidence,1789464781.761188,1789464781.761188,0.5866
/camera/world/agv3_confidence,1789464781.7612085,1789464781.7612085,0.5911
/camera/world/agv2_confidence,1789464781.7612226,1789464781.7612226,0.5167
/camera/world/agv1_confidence,1789464781.801858,1789464781.801858,0.5992
/camera/world/agv3_confidence,1789464781.8021364,1789464781.8021364,0.5797
/camera/world/agv2_confidence,1789464781.802166,1789464781.802166,0.5846
/camera/world/agv2_confidence,1789464781.8234038,1789464781.8234038,0.5855
/camera/world/agv1_confidence,1789464781.8235435,1789464781.8235435,0.5839
/camera/world/agv3_confidence,1789464781.8237178,1789464781.8237178,0.5824
/camera/world/agv1_confidence,1789464781.8558176,1789464781.8558176,0.5899
/camera/world/agv3_confidence,1789464781.8559635,1789464781.8559635,0.5854
/camera/world/agv2_confidence,1789464781.856092,1789464781.856092,0.5881
/camera/world/agv2_confidence,1789464781.8912137,1789464781.8912137,0.5911
/camera/world/agv1_confidence,1789464781.8912246,1789464781.8912246,0.5982
/camera/world/agv3_confidence,1789464781.8913627,1789464781.8913627,0.588
/camera/world/agv3_confidence,1789464781.9298143,1789464781.9298143,0.5887
/camera/world/agv2_confidence,1789464781.929826,1789464781.929826,0.5688
/camera/world/agv1_confidence,1789464781.9298532,1789464781.9298532,0.5864
/camera/world/agv1_confidence,1789464781.955032,1789464781.955032,0.5891
/camera/world/agv3_confidence,1789464781.9550874,1789464781.9550874,0.5878
/camera/world/agv2_confidence,1789464781.9551542,1789464781.9551542,0.5812
/camera/world/agv1_confidence,1789464781.9969318,1789464781.9969318,0.5736
/camera/world/agv3_confidence,1789464781.997019,1789464781.997019,0.5665
/camera/world/agv2_confidence,1789464781.9970222,1789464781.9970222,0.5812
/camera/world/agv2_confidence,1789464782.029802,1789464782.029802,0.59
/camera/world/agv1_confidence,1789464782.0298347,1789464782.0298347,0.6085
/camera/world/agv3_confidence,1789464782.029906,1789464782.029906,0.5827
/camera/world/agv1_confidence,1789464782.0544088,1789464782.0544088,0.5968
/camera/world/agv2_confidence,1789464782.0545037,1789464782.0545037,0.5858
/camera/world/agv3_confidence,1789464782.054777,1789464782.054777,0.5709
/camera/world/agv1_confidence,1789464782.0908003,1789464782.0908003,0.5813
/camera/world/agv2_confidence,1789464782.0909197,1789464782.0909197,0.5904
/camera/world/agv3_confidence,1789464782.0911062,1789464782.0911062,0.5905
/camera/world/agv1_confidence,1789464782.122194,1789464782.122194,0.6078
/camera/world/agv2_confidence,1789464782.1225383,1789464782.1225383,0.5909
/camera/world/agv3_confidence,1789464782.1226974,1789464782.1226974,0.5918
/camera/world/agv2_confidence,1789464782.1553493,1789464782.1553493,0.5602
/camera/world/agv1_confidence,1789464782.1553547,1789464782.1553547,0.5955
/camera/world/agv3_confidence,1789464782.1555285,1789464782.1555285,0.5696
/camera/world/agv1_confidence,1789464782.1905015,1789464782.1905015,0.5946
/camera/world/agv2_confidence,1789464782.1906703,1789464782.1906703,0.5625
/camera/world/agv3_confidence,1789464782.1908274,1789464782.1908274,0.5939
/camera/world/agv3_confidence,1789464782.2226636,1789464782.2226636,0.5711
/camera/world/agv1_confidence,1789464782.2227812,1789464782.2227812,0.6095
/camera/world/agv2_confidence,1789464782.2229528,1789464782.2229528,0.5858
/camera/world/agv1_confidence,1789464782.2565548,1789464782.2565548,0.5837
/camera/world/agv2_confidence,1789464782.2565572,1789464782.2565572,0.5868
/camera/world/agv3_confidence,1789464782.2567577,1789464782.2567577,0.5925
/camera/world/agv1_confidence,1789464782.2918708,1789464782.2918708,0.6096
/camera/world/agv2_confidence,1789464782.2919066,1789464782.2919066,0.5873
/camera/world/agv3_confidence,1789464782.2920141,1789464782.2920141,0.5937
/camera/world/agv1_confidence,1789464782.3241973,1789464782.3241973,0.6084
/camera/world/agv3_confidence,1789464782.324519,1789464782.324519,0.5676
/camera/world/agv2_confidence,1789464782.3245356,1789464782.3245356,0.5899
/camera/world/agv1_confidence,1789464782.3561924,1789464782.3561924,0.6035
/camera/world/agv2_confidence,1789464782.3563807,1789464782.3563807,0.5876
/camera/world/agv3_confidence,1789464782.3567324,1789464782.3567324,0.5905
/camera/world/agv2_confidence,1789464782.393967,1789464782.393967,0.5905
/camera/world/agv3_confidence,1789464782.3941119,1789464782.3941119,0.5796
/camera/world/agv1_confidence,1789464782.3941243,1789464782.3941243,0.57
/camera/world/agv1_confidence,1789464782.4255328,1789464782.4255328,0.6103
/camera/world/agv3_confidence,1789464782.4257636,1789464782.4257636,0.5798
/camera/world/agv2_confidence,1789464782.4257915,1789464782.4257915,0.5842
/camera/world/agv1_confidence,1789464782.4658284,1789464782.4658284,0.5991
/camera/world/agv2_confidence,1789464782.4658833,1789464782.4658833,0.5776
/camera/world/agv3_confidence,1789464782.4661996,1789464782.4661996,0.5896
/camera/world/agv1_confidence,1789464782.490398,1789464782.490398,0.5753
/camera/world/agv3_confidence,1789464782.4904249,1789464782.4904249,0.5866
/camera/world/agv2_confidence,1789464782.4904277,1789464782.4904277,0.5804
/camera/world/agv3_confidence,1789464782.530918,1789464782.530918,0.5074
/camera/world/agv2_confidence,1789464782.5309582,1789464782.5309582,0.5848
/camera/world/agv1_confidence,1789464782.5309608,1789464782.5309608,0.6114
/camera/world/agv1_confidence,1789464782.5602715,1789464782.5602715,0.6061
/camera/world/agv3_confidence,1789464782.5604851,1789464782.5604851,0.5853
/camera/world/agv2_confidence,1789464782.5604882,1789464782.5604882,0.5865
/camera/world/agv2_confidence,1789464782.600267,1789464782.600267,0.591
/camera/world/agv1_confidence,1789464782.600287,1789464782.600287,0.595
/camera/world/agv3_confidence,1789464782.600622,1789464782.600622,0.5845
/camera/world/agv2_confidence,1789464782.6211655,1789464782.6211655,0.5925
/camera/world/agv1_confidence,1789464782.621167,1789464782.621167,0.5683
/camera/world/agv3_confidence,1789464782.6212099,1789464782.6212099,0.5925
/camera/world/agv1_confidence,1789464782.6570928,1789464782.6570928,0.5985
/camera/world/agv2_confidence,1789464782.657095,1789464782.657095,0.5833
/camera/world/agv3_confidence,1789464782.6571507,1789464782.6571507,0.5903
/camera/world/agv2_confidence,1789464782.695476,1789464782.695476,0.5544
/camera/world/agv1_confidence,1789464782.6955376,1789464782.6955376,0.6111
/camera/world/agv3_confidence,1789464782.6956391,1789464782.6956391,0.5912
/camera/world/agv1_confidence,1789464782.7205243,1789464782.7205243,0.601
/camera/world/agv2_confidence,1789464782.7205513,1789464782.7205513,0.5871
/camera/world/agv3_confidence,1789464782.7206135,1789464782.7206135,0.5935
/camera/world/agv1_confidence,1789464782.7564535,1789464782.7564535,0.6103
/camera/world/agv2_confidence,1789464782.7564683,1789464782.7564683,0.5825
/camera/world/agv3_confidence,1789464782.7565165,1789464782.7565165,0.5607
/camera/world/agv1_confidence,1789464782.796411,1789464782.796411,0.6105
/camera/world/agv2_confidence,1789464782.7964191,1789464782.7964191,0.5769
/camera/world/agv3_confidence,1789464782.7965608,1789464782.7965608,0.5929
/camera/world/agv1_confidence,1789464782.8252547,1789464782.8252547,0.601
/camera/world/agv2_confidence,1789464782.825271,1789464782.825271,0.5703
/camera/world/agv3_confidence,1789464782.8253784,1789464782.8253784,0.583
/camera/world/agv1_confidence,1789464782.8615031,1789464782.8615031,0.6104
/camera/world/agv2_confidence,1789464782.8616662,1789464782.8616662,0.5794
/camera/world/agv3_confidence,1789464782.861862,1789464782.861862,0.5826
/camera/world/agv1_confidence,1789464782.8888566,1789464782.8888566,0.6025
/camera/world/agv2_confidence,1789464782.889092,1789464782.889092,0.5903
/camera/world/agv3_confidence,1789464782.889227,1789464782.889227,0.5783
/camera/world/agv2_confidence,1789464782.9238787,1789464782.9238787,0.591
/camera/world/agv1_confidence,1789464782.9239943,1789464782.9239943,0.6092
/camera/world/agv3_confidence,1789464782.92421,1789464782.92421,0.591
/camera/world/agv1_confidence,1789464782.9552135,1789464782.9552135,0.6004
/camera/world/agv2_confidence,1789464782.9553225,1789464782.9553225,0.5382
/camera/world/agv3_confidence,1789464782.955497,1789464782.955497,0.5849
/camera/world/agv2_confidence,1789464782.9911635,1789464782.9911635,0.5915
/camera/world/agv3_confidence,1789464782.991183,1789464782.991183,0.5793
/camera/world/agv1_confidence,1789464782.9912868,1789464782.9912868,0.6031
/camera/world/agv1_confidence,1789464783.028007,1789464783.028007,0.5804
/camera/world/agv3_confidence,1789464783.0281913,1789464783.0281913,0.5812
/camera/world/agv2_confidence,1789464783.028302,1789464783.028302,0.585
/camera/world/agv1_confidence,1789464783.0546587,1789464783.0546587,0.6097
/camera/world/agv2_confidence,1789464783.0546672,1789464783.0546672,0.5823
/camera/world/agv3_confidence,1789464783.0547419,1789464783.0547419,0.5906
/camera/world/agv2_confidence,1789464783.0924351,1789464783.0924351,0.5918
/camera/world/agv1_confidence,1789464783.0924492,1789464783.0924492,0.5982
/camera/world/agv3_confidence,1789464783.092636,1789464783.092636,0.5904
/camera/world/agv1_confidence,1789464783.129041,1789464783.129041,0.6103
/camera/world/agv3_confidence,1789464783.1291924,1789464783.1291924,0.5882
/camera/world/agv2_confidence,1789464783.1292484,1789464783.1292484,0.5884
/camera/world/agv1_confidence,1789464783.1566591,1789464783.1566591,0.6117
/camera/world/agv3_confidence,1789464783.1566622,1789464783.1566622,0.5906
/camera/world/agv2_confidence,1789464783.156696,1789464783.156696,0.5872
/camera/world/agv2_confidence,1789464783.190514,1789464783.190514,0.5602
/camera/world/agv1_confidence,1789464783.1905386,1789464783.1905386,0.6104
/camera/world/agv3_confidence,1789464783.1905398,1789464783.1905398,0.5884
/camera/world/agv3_confidence,1789464783.227725,1789464783.227725,0.5915
/camera/world/agv2_confidence,1789464783.227778,1789464783.227778,0.5904
/camera/world/agv1_confidence,1789464783.227803,1789464783.227803,0.6104
/camera/world/agv1_confidence,1789464783.2561016,1789464783.2561016,0.6071
/camera/world/agv2_confidence,1789464783.2562692,1789464783.2562692,0.5773
/camera/world/agv3_confidence,1789464783.256372,1789464783.256372,0.596
/camera/world/agv1_confidence,1789464783.2942684,1789464783.2942684,0.608
/camera/world/agv2_confidence,1789464783.2942815,1789464783.2942815,0.5742
/camera/world/agv3_confidence,1789464783.2943203,1789464783.2943203,0.5838
/camera/world/agv1_confidence,1789464783.3235953,1789464783.3235953,0.5752
/camera/world/agv3_confidence,1789464783.3238826,1789464783.3238826,0.5958
/camera/world/agv2_confidence,1789464783.3239334,1789464783.3239334,0.5883
/camera/world/agv1_confidence,1789464783.3617115,1789464783.3617115,0.6053
/camera/world/agv2_confidence,1789464783.3618202,1789464783.3618202,0.5823
/camera/world/agv3_confidence,1789464783.3621085,1789464783.3621085,0.5855
/camera/world/agv1_confidence,1789464783.392247,1789464783.392247,0.6111
/camera/world/agv3_confidence,1789464783.3922546,1789464783.3922546,0.5932
/camera/world/agv2_confidence,1789464783.392268,1789464783.392268,0.569
/camera/world/agv1_confidence,1789464783.4299653,1789464783.4299653,0.608
/camera/world/agv3_confidence,1789464783.4299955,1789464783.4299955,0.5928
/camera/world/agv2_confidence,1789464783.4300153,1789464783.4300153,0.5821
/camera/world/agv1_confidence,1789464783.456354,1789464783.456354,0.6096
/camera/world/agv2_confidence,1789464783.4564574,1789464783.4564574,0.5909
/camera/world/agv3_confidence,1789464783.4566493,1789464783.4566493,0.5804
/camera/world/agv2_confidence,1789464783.4889858,1789464783.4889858,0.5887
/camera/world/agv3_confidence,1789464783.4890697,1789464783.4890697,0.5909
/camera/world/agv1_confidence,1789464783.48908,1789464783.48908,0.6068
/camera/world/agv1_confidence,1789464783.5301812,1789464783.5301812,0.6076
/camera/world/agv2_confidence,1789464783.5302758,1789464783.5302758,0.5893
/camera/world/agv3_confidence,1789464783.5304523,1789464783.5304523,0.5952
/camera/world/agv1_confidence,1789464783.557608,1789464783.557608,0.608
/camera/world/agv3_confidence,1789464783.5576155,1789464783.5576155,0.5936
/camera/world/agv2_confidence,1789464783.5577004,1789464783.5577004,0.5888
/camera/world/agv2_confidence,1789464783.5919883,1789464783.5919883,0.5897
/camera/world/agv1_confidence,1789464783.5921865,1789464783.5921865,0.6108
/camera/world/agv3_confidence,1789464783.5921957,1789464783.5921957,0.5912
/camera/world/agv1_confidence,1789464783.628672,1789464783.628672,0.6061
/camera/world/agv3_confidence,1789464783.6288757,1789464783.6288757,0.5958
/camera/world/agv2_confidence,1789464783.6289012,1789464783.6289012,0.5793
/camera/world/agv1_confidence,1789464783.6543965,1789464783.6543965,0.6057
/camera/world/agv3_confidence,1789464783.6544614,1789464783.6544614,0.5928
/camera/world/agv2_confidence,1789464783.6544702,1789464783.6544702,0.5886
/camera/world/agv1_confidence,1789464783.6948526,1789464783.6948526,0.6119
/camera/world/agv2_confidence,1789464783.694935,1789464783.694935,0.5892
/camera/world/agv3_confidence,1789464783.6951768,1789464783.6951768,0.5798
/camera/world/agv1_confidence,1789464783.7321877,1789464783.7321877,0.6133
/camera/world/agv2_confidence,1789464783.7323902,1789464783.7323902,0.5824
/camera/world/agv3_confidence,1789464783.7326598,1789464783.7326598,0.5935
/camera/world/agv3_confidence,1789464783.760432,1789464783.760432,0.5936
/camera/world/agv1_confidence,1789464783.7604473,1789464783.7604473,0.6115
/camera/world/agv2_confidence,1789464783.76058,1789464783.76058,0.5857
/camera/world/agv2_confidence,1789464783.7950428,1789464783.7950428,0.5918
/camera/world/agv1_confidence,1789464783.795097,1789464783.795097,0.6109
/camera/world/agv3_confidence,1789464783.795186,1789464783.795186,0.5931
/camera/world/agv1_confidence,1789464783.8214023,1789464783.8214023,0.6097
/camera/world/agv2_confidence,1789464783.821514,1789464783.821514,0.5861
/camera/world/agv3_confidence,1789464783.821744,1789464783.821744,0.5855
/camera/world/agv2_confidence,1789464783.8633137,1789464783.8633137,0.5844
/camera/world/agv3_confidence,1789464783.8633254,1789464783.8633254,0.5847
/camera/world/agv1_confidence,1789464783.8633375,1789464783.8633375,0.613
/camera/world/agv2_confidence,1789464783.8919947,1789464783.8919947,0.5657
/camera/world/agv1_confidence,1789464783.8920574,1789464783.8920574,0.6063
/camera/world/agv3_confidence,1789464783.8921473,1789464783.8921473,0.5856
/camera/world/agv1_confidence,1789464783.9248435,1789464783.9248435,0.6084
/camera/world/agv3_confidence,1789464783.925042,1789464783.925042,0.5922
/camera/world/agv2_confidence,1789464783.9251983,1789464783.9251983,0.5859
/camera/world/agv3_confidence,1789464783.962335,1789464783.962335,0.5927
/camera/world/agv2_confidence,1789464783.9623454,1789464783.9623454,0.5565
/camera/world/agv1_confidence,1789464783.9624064,1789464783.9624064,0.5929
/camera/world/agv1_confidence,1789464783.9921594,1789464783.9921594,0.6089
/camera/world/agv2_confidence,1789464783.9921856,1789464783.9921856,0.591
/camera/world/agv3_confidence,1789464783.9921973,1789464783.9921973,0.5965
/camera/world/agv1_confidence,1789464784.0306814,1789464784.0306814,0.6096
/camera/world/agv2_confidence,1789464784.030835,1789464784.030835,0.5821
/camera/world/agv3_confidence,1789464784.0309768,1789464784.0309768,0.5915
/camera/world/agv2_confidence,1789464784.060581,1789464784.060581,0.5893
/camera/world/agv1_confidence,1789464784.0606792,1789464784.0606792,0.6113
/camera/world/agv3_confidence,1789464784.0608382,1789464784.0608382,0.5667
/camera/world/agv1_confidence,1789464784.09106,1789464784.09106,0.614
/camera/world/agv2_confidence,1789464784.091077,1789464784.091077,0.5844
/camera/world/agv3_confidence,1789464784.0915487,1789464784.0915487,0.5926
/camera/world/agv1_confidence,1789464784.1227245,1789464784.1227245,0.5673
/camera/world/agv2_confidence,1789464784.122726,1789464784.122726,0.5832
/camera/world/agv3_confidence,1789464784.123078,1789464784.123078,0.5911
/camera/world/agv1_confidence,1789464784.1603942,1789464784.1603942,0.6128
/camera/world/agv2_confidence,1789464784.1606073,1789464784.1606073,0.587
/camera/world/agv3_confidence,1789464784.160611,1789464784.160611,0.5907
/camera/world/agv1_confidence,1789464784.188666,1789464784.188666,0.6124
/camera/world/agv3_confidence,1789464784.1887445,1789464784.1887445,0.5899
/camera/world/agv2_confidence,1789464784.1887467,1789464784.1887467,0.5836
/camera/world/agv1_confidence,1789464784.2243712,1789464784.2243712,0.6152
/camera/world/agv2_confidence,1789464784.2245157,1789464784.2245157,0.5824
/camera/world/agv3_confidence,1789464784.2247868,1789464784.2247868,0.5906
/camera/world/agv1_confidence,1789464784.2555256,1789464784.2555256,0.6133
/camera/world/agv3_confidence,1789464784.2556396,1789464784.2556396,0.5918
/camera/world/agv2_confidence,1789464784.255647,1789464784.255647,0.5867
/camera/world/agv3_confidence,1789464784.2909665,1789464784.2909665,0.5919
/camera/world/agv1_confidence,1789464784.290985,1789464784.290985,0.6144
/camera/world/agv2_confidence,1789464784.291019,1789464784.291019,0.5928
/camera/world/agv2_confidence,1789464784.3214185,1789464784.3214185,0.5858
/camera/world/agv1_confidence,1789464784.321478,1789464784.321478,0.6112
/camera/world/agv3_confidence,1789464784.321734,1789464784.321734,0.5864
/camera/world/agv2_confidence,1789464784.3620694,1789464784.3620694,0.5604
/camera/world/agv1_confidence,1789464784.3622026,1789464784.3622026,0.6134
/camera/world/agv3_confidence,1789464784.3623152,1789464784.3623152,0.5884
/camera/world/agv1_confidence,1789464784.3971403,1789464784.3971403,0.6134
/camera/world/agv3_confidence,1789464784.3971457,1789464784.3971457,0.5877
/camera/world/agv2_confidence,1789464784.3972151,1789464784.3972151,0.5816
/camera/world/agv1_confidence,1789464784.4331243,1789464784.4331243,0.6098
/camera/world/agv3_confidence,1789464784.4331603,1789464784.4331603,0.5923
/camera/world/agv2_confidence,1789464784.433185,1789464784.433185,0.5902
/camera/world/agv1_confidence,1789464784.4616466,1789464784.4616466,0.6104
/camera/world/agv2_confidence,1789464784.4617152,1789464784.4617152,0.5646
/camera/world/agv3_confidence,1789464784.461994,1789464784.461994,0.5773
/camera/world/agv1_confidence,1789464784.4892263,1789464784.4892263,0.6133
/camera/world/agv2_confidence,1789464784.4893773,1789464784.4893773,0.5865
/camera/world/agv3_confidence,1789464784.4894638,1789464784.4894638,0.4729
/camera/world/agv1_confidence,1789464784.5258918,1789464784.5258918,0.6081
/camera/world/agv3_confidence,1789464784.5259738,1789464784.5259738,0.5953
/camera/world/agv2_confidence,1789464784.5259838,1789464784.5259838,0.5809
/camera/world/agv1_confidence,1789464784.5581532,1789464784.5581532,0.614
/camera/world/agv3_confidence,1789464784.5583866,1789464784.5583866,0.5973
/camera/world/agv2_confidence,1789464784.5584352,1789464784.5584352,0.5913
/camera/world/agv1_confidence,1789464784.5897298,1789464784.5897298,0.6136
/camera/world/agv2_confidence,1789464784.5898829,1789464784.5898829,0.5695
/camera/world/agv3_confidence,1789464784.5900617,1789464784.5900617,0.5984
/camera/world/agv2_confidence,1789464784.6316457,1789464784.6316457,0.5906
/camera/world/agv3_confidence,1789464784.631651,1789464784.631651,0.5913
/camera/world/agv1_confidence,1789464784.6318069,1789464784.6318069,0.6145
/camera/world/agv1_confidence,1789464784.6604435,1789464784.6604435,0.6082
/camera/world/agv2_confidence,1789464784.660603,1789464784.660603,0.5866
/camera/world/agv3_confidence,1789464784.660789,1789464784.660789,0.6027
/camera/world/agv2_confidence,1789464784.6902747,1789464784.6902747,0.5499
/camera/world/agv1_confidence,1789464784.690312,1789464784.690312,0.6157
/camera/world/agv3_confidence,1789464784.6903164,1789464784.6903164,0.5745
/camera/world/agv1_confidence,1789464784.7301056,1789464784.7301056,0.607
/camera/world/agv2_confidence,1789464784.73026,1789464784.73026,0.5714
/camera/world/agv3_confidence,1789464784.7305198,1789464784.7305198,0.59
/camera/world/agv2_confidence,1789464784.7612622,1789464784.7612622,0.569
/camera/world/agv3_confidence,1789464784.7613308,1789464784.7613308,0.5958
/camera/world/agv1_confidence,1789464784.7614992,1789464784.7614992,0.6141
/camera/world/agv1_confidence,1789464784.7908976,1789464784.7908976,0.6135
/camera/world/agv2_confidence,1789464784.790899,1789464784.790899,0.5541
/camera/world/agv3_confidence,1789464784.7910936,1789464784.7910936,0.5834
/camera/world/agv1_confidence,1789464784.8243022,1789464784.8243022,0.6049
/camera/world/agv2_confidence,1789464784.8243415,1789464784.8243415,0.5794
/camera/world/agv3_confidence,1789464784.8243895,1789464784.8243895,0.5971
/camera/world/agv1_confidence,1789464784.8573532,1789464784.8573532,0.6167
/camera/world/agv2_confidence,1789464784.8575373,1789464784.8575373,0.5839
/camera/world/agv3_confidence,1789464784.8575397,1789464784.8575397,0.5927
/camera/world/agv2_confidence,1789464784.893589,1789464784.893589,0.5655
/camera/world/agv3_confidence,1789464784.8936327,1789464784.8936327,0.5812
/camera/world/agv1_confidence,1789464784.8936434,1789464784.8936434,0.6129
/camera/world/agv2_confidence,1789464784.92338,1789464784.92338,0.5837
/camera/world/agv1_confidence,1789464784.923411,1789464784.923411,0.617
/camera/world/agv3_confidence,1789464784.9234185,1789464784.9234185,0.5932
/camera/world/agv1_confidence,1789464784.9578815,1789464784.9578815,0.6107
/camera/world/agv3_confidence,1789464784.9579325,1789464784.9579325,0.5925
/camera/world/agv2_confidence,1789464784.9579701,1789464784.9579701,0.5692
/camera/world/agv1_confidence,1789464784.9922144,1789464784.9922144,0.6144
/camera/world/agv3_confidence,1789464784.9923558,1789464784.9923558,0.5905
/camera/world/agv2_confidence,1789464784.9924276,1789464784.9924276,0.5869
/camera/world/agv1_confidence,1789464785.0271955,1789464785.0271955,0.613
/camera/world/agv3_confidence,1789464785.0272512,1789464785.0272512,0.5935
/camera/world/agv2_confidence,1789464785.027321,1789464785.027321,0.5915
/camera/world/agv1_confidence,1789464785.0552957,1789464785.0552957,0.6094
/camera/world/agv2_confidence,1789464785.0554335,1789464785.0554335,0.5867
/camera/world/agv3_confidence,1789464785.0554504,1789464785.0554504,0.5973
/camera/world/agv1_confidence,1789464785.0916429,1789464785.0916429,0.6171
/camera/world/agv3_confidence,1789464785.092023,1789464785.092023,0.5785
/camera/world/agv2_confidence,1789464785.092033,1789464785.092033,0.585
/camera/world/agv1_confidence,1789464785.1300206,1789464785.1300206,0.6141
/camera/world/agv2_confidence,1789464785.1302252,1789464785.1302252,0.5887
/camera/world/agv3_confidence,1789464785.1302319,1789464785.1302319,0.5987
/camera/world/agv1_confidence,1789464785.1578944,1789464785.1578944,0.587
/camera/world/agv3_confidence,1789464785.1580517,1789464785.1580517,0.5766
/camera/world/agv2_confidence,1789464785.1580734,1789464785.1580734,0.5867
/camera/world/agv2_confidence,1789464785.197312,1789464785.197312,0.5579
/camera/world/agv3_confidence,1789464785.197337,1789464785.197337,0.5647
/camera/world/agv1_confidence,1789464785.1973433,1789464785.1973433,0.6136
/camera/world/agv1_confidence,1789464785.223524,1789464785.223524,0.6148
/camera/world/agv2_confidence,1789464785.223552,1789464785.223552,0.5674
/camera/world/agv3_confidence,1789464785.2235923,1789464785.2235923,0.5929
/camera/world/agv2_confidence,1789464785.2554796,1789464785.2554796,0.591
/camera/world/agv1_confidence,1789464785.2554858,1789464785.2554858,0.6121
/camera/world/agv3_confidence,1789464785.2555041,1789464785.2555041,0.5798
/camera/world/agv1_confidence,1789464785.3030725,1789464785.3030725,0.6137
/camera/world/agv3_confidence,1789464785.3034003,1789464785.3034003,0.5965
/camera/world/agv2_confidence,1789464785.3034728,1789464785.3034728,0.5905
/camera/world/agv1_confidence,1789464785.3407512,1789464785.3407512,0.6112
/camera/world/agv3_confidence,1789464785.340819,1789464785.340819,0.5986
/camera/world/agv2_confidence,1789464785.3408244,1789464785.3408244,0.5895
/camera/world/agv1_confidence,1789464785.3581126,1789464785.3581126,0.6164
/camera/world/agv2_confidence,1789464785.3582888,1789464785.3582888,0.591
/camera/world/agv3_confidence,1789464785.3583014,1789464785.3583014,0.5969
/camera/world/agv1_confidence,1789464785.4035497,1789464785.4035497,0.6146
/camera/world/agv2_confidence,1789464785.4036276,1789464785.4036276,0.5856
/camera/world/agv3_confidence,1789464785.403767,1789464785.403767,0.5963
/camera/world/agv1_confidence,1789464785.4217727,1789464785.4217727,0.6134
/camera/world/agv2_confidence,1789464785.4218574,1789464785.4218574,0.5511
/camera/world/agv3_confidence,1789464785.4219627,1789464785.4219627,0.5949
/camera/world/agv1_confidence,1789464785.4616535,1789464785.4616535,0.6142
/camera/world/agv2_confidence,1789464785.4617755,1789464785.4617755,0.5745
/camera/world/agv3_confidence,1789464785.4618764,1789464785.4618764,0.5983
/camera/world/agv2_confidence,1789464785.4907238,1789464785.4907238,0.5861
/camera/world/agv1_confidence,1789464785.4908059,1789464785.4908059,0.6077
/camera/world/agv3_confidence,1789464785.4910223,1789464785.4910223,0.5864
/camera/world/agv3_confidence,1789464785.5304413,1789464785.5304413,0.5686
/camera/world/agv2_confidence,1789464785.5304925,1789464785.5304925,0.5915
/camera/world/agv1_confidence,1789464785.5306282,1789464785.5306282,0.6168
/camera/world/agv2_confidence,1789464785.5570352,1789464785.5570352,0.5795
/camera/world/agv1_confidence,1789464785.557056,1789464785.557056,0.6132
/camera/world/agv3_confidence,1789464785.5571563,1789464785.5571563,0.5859
/camera/world/agv1_confidence,1789464785.6254847,1789464785.6254847,0.6127
/camera/world/agv2_confidence,1789464785.625771,1789464785.625771,0.5849
/camera/world/agv3_confidence,1789464785.6257782,1789464785.6257782,0.5692
/camera/world/agv1_confidence,1789464785.6262574,1789464785.6262574,0.6176
/camera/world/agv3_confidence,1789464785.6262887,1789464785.6262887,0.5936
/camera/world/agv2_confidence,1789464785.6263573,1789464785.6263573,0.5736
/camera/world/agv2_confidence,1789464785.6942067,1789464785.6942067,0.5864
/camera/world/agv1_confidence,1789464785.6942363,1789464785.6942363,0.6137
/camera/world/agv3_confidence,1789464785.694256,1789464785.694256,0.5994
/camera/world/agv1_confidence,1789464785.694719,1789464785.694719,0.616
/camera/world/agv2_confidence,1789464785.694728,1789464785.694728,0.5952
/camera/world/agv3_confidence,1789464785.6949866,1789464785.6949866,0.5989
/camera/world/agv2_confidence,1789464785.7621017,1789464785.7621017,0.5746
/camera/world/agv1_confidence,1789464785.7621348,1789464785.7621348,0.6139
/camera/world/agv3_confidence,1789464785.762147,1789464785.762147,0.5828
/camera/world/agv1_confidence,1789464785.7625062,1789464785.7625062,0.6154
/camera/world/agv3_confidence,1789464785.762564,1789464785.762564,0.5907
/camera/world/agv2_confidence,1789464785.7625728,1789464785.7625728,0.5767
/camera/world/agv1_confidence,1789464785.8321197,1789464785.8321197,0.6175
/camera/world/agv2_confidence,1789464785.832358,1789464785.832358,0.5874
/camera/world/agv3_confidence,1789464785.832575,1789464785.832575,0.5909
/camera/world/agv1_confidence,1789464785.832978,1789464785.832978,0.6148
/camera/world/agv2_confidence,1789464785.8332396,1789464785.8332396,0.5915
/camera/world/agv3_confidence,1789464785.8333218,1789464785.8333218,0.5918
/camera/world/agv1_confidence,1789464785.8563292,1789464785.8563292,0.6183
/camera/world/agv2_confidence,1789464785.8566587,1789464785.8566587,0.5955
/camera/world/agv3_confidence,1789464785.8569226,1789464785.8569226,0.5956
/camera/world/agv2_confidence,1789464785.9019794,1789464785.9019794,0.5959
/camera/world/agv1_confidence,1789464785.9020295,1789464785.9020295,0.6172
/camera/world/agv3_confidence,1789464785.9022183,1789464785.9022183,0.5967
/camera/world/agv2_confidence,1789464785.9698381,1789464785.9698381,0.5938
/camera/world/agv1_confidence,1789464785.9698865,1789464785.9698865,0.6115
/camera/world/agv3_confidence,1789464785.969933,1789464785.969933,0.5621
/camera/world/agv1_confidence,1789464785.9702756,1789464785.9702756,0.6144
/camera/world/agv2_confidence,1789464785.9705343,1789464785.9705343,0.5353
/camera/world/agv3_confidence,1789464785.9705365,1789464785.9705365,0.5709
/camera/world/agv1_confidence,1789464785.9913967,1789464785.9913967,0.6122
/camera/world/agv2_confidence,1789464785.9914794,1789464785.9914794,0.5942
/camera/world/agv3_confidence,1789464785.9916987,1789464785.9916987,0.5946
/camera/world/agv1_confidence,1789464786.0353246,1789464786.0353246,0.6113
/camera/world/agv2_confidence,1789464786.0355275,1789464786.0355275,0.5961
/camera/world/agv3_confidence,1789464786.0356965,1789464786.0356965,0.5847
/camera/world/agv1_confidence,1789464786.0576403,1789464786.0576403,0.6185
/camera/world/agv3_confidence,1789464786.05767,1789464786.05767,0.5932
/camera/world/agv2_confidence,1789464786.05768,1789464786.05768,0.596
/camera/world/agv1_confidence,1789464786.1156025,1789464786.1156025,0.6186
/camera/world/agv3_confidence,1789464786.1156585,1789464786.1156585,0.5764
/camera/world/agv2_confidence,1789464786.1158063,1789464786.1158063,0.5926
/camera/world/agv2_confidence,1789464786.1232474,1789464786.1232474,0.5912
/camera/world/agv1_confidence,1789464786.1232584,1789464786.1232584,0.6143
/camera/world/agv3_confidence,1789464786.123321,1789464786.123321,0.6025
/camera/world/agv2_confidence,1789464786.1772475,1789464786.1772475,0.5777
/camera/world/agv1_confidence,1789464786.1772685,1789464786.1772685,0.6172
/camera/world/agv3_confidence,1789464786.1772838,1789464786.1772838,0.5927
/camera/world/agv1_confidence,1789464786.1905386,1789464786.1905386,0.6117
/camera/world/agv2_confidence,1789464786.1905646,1789464786.1905646,0.5946
/camera/world/agv3_confidence,1789464786.1908555,1789464786.1908555,0.5725
/camera/world/agv1_confidence,1789464786.2378712,1789464786.2378712,0.6151
/camera/world/agv3_confidence,1789464786.2380323,1789464786.2380323,0.5862
/camera/world/agv2_confidence,1789464786.2380977,1789464786.2380977,0.5934
/camera/world/agv2_confidence,1789464786.2631621,1789464786.2631621,0.5954
/camera/world/agv1_confidence,1789464786.2632473,1789464786.2632473,0.6108
/camera/world/agv3_confidence,1789464786.2633402,1789464786.2633402,0.5932
/camera/world/agv1_confidence,1789464786.3209586,1789464786.3209586,0.6144
/camera/world/agv2_confidence,1789464786.3212934,1789464786.3212934,0.5937
/camera/world/agv3_confidence,1789464786.321457,1789464786.321457,0.5964
/camera/world/agv1_confidence,1789464786.324565,1789464786.324565,0.6186
/camera/world/agv2_confidence,1789464786.324635,1789464786.324635,0.5971
/camera/world/agv3_confidence,1789464786.3247406,1789464786.3247406,0.5978
/camera/world/agv1_confidence,1789464786.3813384,1789464786.3813384,0.6108
/camera/world/agv3_confidence,1789464786.3816514,1789464786.3816514,0.5979
/camera/world/agv2_confidence,1789464786.381762,1789464786.381762,0.5983
/camera/world/agv1_confidence,1789464786.3918927,1789464786.3918927,0.6181
/camera/world/agv2_confidence,1789464786.392145,1789464786.392145,0.5938
/camera/world/agv3_confidence,1789464786.3921561,1789464786.3921561,0.5981
/camera/world/agv1_confidence,1789464786.4501016,1789464786.4501016,0.6185
/camera/world/agv2_confidence,1789464786.450382,1789464786.450382,0.6003
/camera/world/agv3_confidence,1789464786.4503953,1789464786.4503953,0.5428
/camera/world/agv2_confidence,1789464786.4536762,1789464786.4536762,0.5995
/camera/world/agv1_confidence,1789464786.4536967,1789464786.4536967,0.6097
/camera/world/agv3_confidence,1789464786.4539547,1789464786.4539547,0.5829
/camera/world/agv1_confidence,1789464786.5245366,1789464786.5245366,0.6185
/camera/world/agv3_confidence,1789464786.5247023,1789464786.5247023,0.5734
/camera/world/agv2_confidence,1789464786.524785,1789464786.524785,0.5976
/camera/world/agv1_confidence,1789464786.5250854,1789464786.5250854,0.616
/camera/world/agv2_confidence,1789464786.5253055,1789464786.5253055,0.5846
/camera/world/agv3_confidence,1789464786.525322,1789464786.525322,0.6034
/camera/world/agv2_confidence,1789464786.5558019,1789464786.5558019,0.5992
/camera/world/agv3_confidence,1789464786.5558517,1789464786.5558517,0.6028
/camera/world/agv1_confidence,1789464786.5559537,1789464786.5559537,0.6202
/camera/world/agv2_confidence,1789464786.5902798,1789464786.5902798,0.5943
/camera/world/agv1_confidence,1789464786.5904248,1789464786.5904248,0.6145
/camera/world/agv3_confidence,1789464786.590436,1789464786.590436,0.6003
/camera/world/agv1_confidence,1789464786.6464512,1789464786.6464512,0.6199
/camera/world/agv2_confidence,1789464786.6464708,1789464786.6464708,0.5625
/camera/world/agv3_confidence,1789464786.646575,1789464786.646575,0.6019
/camera/world/agv2_confidence,1789464786.6582642,1789464786.6582642,0.5965
/camera/world/agv1_confidence,1789464786.6582837,1789464786.6582837,0.618
/camera/world/agv3_confidence,1789464786.6582987,1789464786.6582987,0.601
/camera/world/agv2_confidence,1789464786.7157912,1789464786.7157912,0.5963
/camera/world/agv1_confidence,1789464786.7158544,1789464786.7158544,0.615
/camera/world/agv3_confidence,1789464786.7158732,1789464786.7158732,0.6017
/camera/world/agv2_confidence,1789464786.725308,1789464786.725308,0.5981
/camera/world/agv3_confidence,1789464786.7254183,1789464786.7254183,0.5876
/camera/world/agv1_confidence,1789464786.7254612,1789464786.7254612,0.6166
/camera/world/agv1_confidence,1789464786.7859576,1789464786.7859576,0.617
/camera/world/agv2_confidence,1789464786.7859607,1789464786.7859607,0.5722
/camera/world/agv3_confidence,1789464786.7861896,1789464786.7861896,0.5568
/camera/world/agv1_confidence,1789464786.7929711,1789464786.7929711,0.6162
/camera/world/agv2_confidence,1789464786.7929935,1789464786.7929935,0.5975
/camera/world/agv3_confidence,1789464786.7931578,1789464786.7931578,0.6043
/camera/world/agv1_confidence,1789464786.8523457,1789464786.8523457,0.617
/camera/world/agv3_confidence,1789464786.8523624,1789464786.8523624,0.6053
/camera/world/agv2_confidence,1789464786.8524299,1789464786.8524299,0.5997
/camera/world/agv1_confidence,1789464786.855179,1789464786.855179,0.6201
/camera/world/agv3_confidence,1789464786.8551922,1789464786.8551922,0.5761
/camera/world/agv2_confidence,1789464786.8553047,1789464786.8553047,0.5688
/camera/world/agv2_confidence,1789464786.9216444,1789464786.9216444,0.5767
/camera/world/agv3_confidence,1789464786.9217746,1789464786.9217746,0.6069
/camera/world/agv1_confidence,1789464786.921781,1789464786.921781,0.6151
/camera/world/agv1_confidence,1789464786.924375,1789464786.924375,0.6186
/camera/world/agv2_confidence,1789464786.9244766,1789464786.9244766,0.5315
/camera/world/agv3_confidence,1789464786.924537,1789464786.924537,0.6069
/camera/world/agv1_confidence,1789464786.9900258,1789464786.9900258,0.6161
/camera/world/agv2_confidence,1789464786.9900281,1789464786.9900281,0.5992
/camera/world/agv3_confidence,1789464786.990413,1789464786.990413,0.5937
/camera/world/agv2_confidence,1789464786.9909523,1789464786.9909523,0.5961
/camera/world/agv1_confidence,1789464786.990995,1789464786.990995,0.6158
/camera/world/agv3_confidence,1789464786.9910066,1789464786.9910066,0.6048
/camera/world/agv1_confidence,1789464787.0601475,1789464787.0601475,0.6175
/camera/world/agv2_confidence,1789464787.0601797,1789464787.0601797,0.5979
/camera/world/agv3_confidence,1789464787.0603578,1789464787.0603578,0.5783
/camera/world/agv1_confidence,1789464787.0618627,1789464787.0618627,0.6194
/camera/world/agv2_confidence,1789464787.0620112,1789464787.0620112,0.5981
/camera/world/agv3_confidence,1789464787.0622447,1789464787.0622447,0.6041
/camera/world/agv1_confidence,1789464787.1264672,1789464787.1264672,0.62
/camera/world/agv2_confidence,1789464787.1264784,1789464787.1264784,0.5993
/camera/world/agv3_confidence,1789464787.126696,1789464787.126696,0.6001
/camera/world/agv2_confidence,1789464787.1271148,1789464787.1271148,0.5976
/camera/world/agv3_confidence,1789464787.1271183,1789464787.1271183,0.5749
/camera/world/agv1_confidence,1789464787.1271229,1789464787.1271229,0.6159
/camera/world/agv1_confidence,1789464787.1952887,1789464787.1952887,0.5886
/camera/world/agv2_confidence,1789464787.1954348,1789464787.1954348,0.6014
/camera/world/agv3_confidence,1789464787.1955664,1789464787.1955664,0.605
/camera/world/agv1_confidence,1789464787.19591,1789464787.19591,0.6209
/camera/world/agv2_confidence,1789464787.1959143,1789464787.1959143,0.6002
/camera/world/agv3_confidence,1789464787.196101,1789464787.196101,0.6061
/camera/world/agv1_confidence,1789464787.2652156,1789464787.2652156,0.6182
/camera/world/agv2_confidence,1789464787.2653754,1789464787.2653754,0.6023
/camera/world/agv1_confidence,1789464787.2657647,1789464787.2657647,0.6194
/camera/world/agv3_confidence,1789464787.2657692,1789464787.2657692,0.6058
/camera/world/agv2_confidence,1789464787.265892,1789464787.265892,0.601
/camera/world/agv3_confidence,1789464787.2659638,1789464787.2659638,0.595
/camera/world/agv1_confidence,1789464787.3329298,1789464787.3329298,0.62
/camera/world/agv2_confidence,1789464787.333008,1789464787.333008,0.6011
/camera/world/agv3_confidence,1789464787.3331645,1789464787.3331645,0.6035
/camera/world/agv1_confidence,1789464787.3334682,1789464787.3334682,0.6204
/camera/world/agv2_confidence,1789464787.33366,1789464787.33366,0.6005
/camera/world/agv3_confidence,1789464787.3337939,1789464787.3337939,0.6066
/camera/world/agv1_confidence,1789464787.4022176,1789464787.4022176,0.6152
/camera/world/agv3_confidence,1789464787.4022417,1789464787.4022417,0.603
/camera/world/agv2_confidence,1789464787.4022784,1789464787.4022784,0.6031
/camera/world/agv1_confidence,1789464787.4026732,1789464787.4026732,0.6176
/camera/world/agv2_confidence,1789464787.4027944,1789464787.4027944,0.602
/camera/world/agv3_confidence,1789464787.402933,1789464787.402933,0.6029
/camera/world/agv3_confidence,1789464787.4249172,1789464787.4249172,0.602
/camera/world/agv1_confidence,1789464787.4250214,1789464787.4250214,0.6194
/camera/world/agv2_confidence,1789464787.4250908,1789464787.4250908,0.6008
/camera/world/agv2_confidence,1789464787.4704072,1789464787.4704072,0.5978
/camera/world/agv1_confidence,1789464787.470418,1789464787.470418,0.6181
/camera/world/agv3_confidence,1789464787.4705966,1789464787.4705966,0.5862
/camera/world/agv1_confidence,1789464787.4924972,1789464787.4924972,0.6177
/camera/world/agv3_confidence,1789464787.4925892,1789464787.4925892,0.5997
/camera/world/agv2_confidence,1789464787.4927332,1789464787.4927332,0.6017
/camera/world/agv1_confidence,1789464787.5390077,1789464787.5390077,0.6196
/camera/world/agv2_confidence,1789464787.5391467,1789464787.5391467,0.6005
/camera/world/agv3_confidence,1789464787.5392802,1789464787.5392802,0.5989
/camera/world/agv1_confidence,1789464787.554845,1789464787.554845,0.6179
/camera/world/agv3_confidence,1789464787.555032,1789464787.555032,0.6024
/camera/world/agv2_confidence,1789464787.5550342,1789464787.5550342,0.6037
/camera/world/agv1_confidence,1789464787.607707,1789464787.607707,0.6178
/camera/world/agv2_confidence,1789464787.6078904,1789464787.6078904,0.6037
/camera/world/agv3_confidence,1789464787.607892,1789464787.607892,0.604
/camera/world/agv2_confidence,1789464787.6236608,1789464787.6236608,0.6016
/camera/world/agv1_confidence,1789464787.6236923,1789464787.6236923,0.6181
/camera/world/agv3_confidence,1789464787.623831,1789464787.623831,0.6016
/camera/world/agv2_confidence,1789464787.6754072,1789464787.6754072,0.6034
/camera/world/agv1_confidence,1789464787.6754093,1789464787.6754093,0.6199
/camera/world/agv3_confidence,1789464787.6754613,1789464787.6754613,0.6058
/camera/world/agv1_confidence,1789464787.6906204,1789464787.6906204,0.6177
/camera/world/agv2_confidence,1789464787.6906676,1789464787.6906676,0.5817
/camera/world/agv3_confidence,1789464787.6907644,1789464787.6907644,0.5998
/camera/world/agv2_confidence,1789464787.7454717,1789464787.7454717,0.6034
/camera/world/agv1_confidence,1789464787.745574,1789464787.745574,0.6179
/camera/world/agv3_confidence,1789464787.7457044,1789464787.7457044,0.5803
/camera/world/agv1_confidence,1789464787.7574782,1789464787.7574782,0.6152
/camera/world/agv3_confidence,1789464787.7575083,1789464787.7575083,0.6019
/camera/world/agv2_confidence,1789464787.7576382,1789464787.7576382,0.5526
/camera/world/agv2_confidence,1789464787.8123627,1789464787.8123627,0.5571
/camera/world/agv3_confidence,1789464787.812407,1789464787.812407,0.6015
/camera/world/agv1_confidence,1789464787.8125236,1789464787.8125236,0.6198
/camera/world/agv2_confidence,1789464787.8271406,1789464787.8271406,0.605
/camera/world/agv1_confidence,1789464787.8272285,1789464787.8272285,0.6184
/camera/world/agv3_confidence,1789464787.8272936,1789464787.8272936,0.6038
/camera/world/agv2_confidence,1789464787.8766143,1789464787.8766143,0.6011
/camera/world/agv1_confidence,1789464787.8766203,1789464787.8766203,0.6188
/camera/world/agv3_confidence,1789464787.876738,1789464787.876738,0.605
/camera/world/agv1_confidence,1789464787.8916147,1789464787.8916147,0.6194
/camera/world/agv2_confidence,1789464787.8916605,1789464787.8916605,0.6038
/camera/world/agv3_confidence,1789464787.8920462,1789464787.8920462,0.6047
/camera/world/agv1_confidence,1789464787.9229538,1789464787.9229538,0.6204
/camera/world/agv2_confidence,1789464787.9231815,1789464787.9231815,0.603
/camera/world/agv3_confidence,1789464787.9233224,1789464787.9233224,0.6037
/camera/world/agv3_confidence,1789464787.9572623,1789464787.9572623,0.6033
/camera/world/agv2_confidence,1789464787.9572883,1789464787.9572883,0.5503
/camera/world/agv1_confidence,1789464787.9573452,1789464787.9573452,0.6181
/camera/world/agv1_confidence,1789464787.9914644,1789464787.9914644,0.6206
/camera/world/agv3_confidence,1789464787.9915032,1789464787.9915032,0.5852
/camera/world/agv2_confidence,1789464787.9915407,1789464787.9915407,0.603
/camera/world/agv1_confidence,1789464788.0263796,1789464788.0263796,0.6182
/camera/world/agv3_confidence,1789464788.0264273,1789464788.0264273,0.6034
/camera/world/agv2_confidence,1789464788.0264456,1789464788.0264456,0.6055
/camera/world/agv1_confidence,1789464788.0608344,1789464788.0608344,0.6178
/camera/world/agv2_confidence,1789464788.060983,1789464788.060983,0.6052
/camera/world/agv3_confidence,1789464788.0609918,1789464788.0609918,0.6093
/camera/world/agv2_confidence,1789464788.087572,1789464788.087572,0.6036
/camera/world/agv1_confidence,1789464788.08759,1789464788.08759,0.6188
/camera/world/agv3_confidence,1789464788.0876245,1789464788.0876245,0.5749
/camera/world/agv1_confidence,1789464788.123565,1789464788.123565,0.6198
/camera/world/agv3_confidence,1789464788.123574,1789464788.123574,0.5873
/camera/world/agv2_confidence,1789464788.1235843,1789464788.1235843,0.6057
/camera/world/agv2_confidence,1789464788.1553571,1789464788.1553571,0.6056
/camera/world/agv3_confidence,1789464788.1554163,1789464788.1554163,0.6005
/camera/world/agv1_confidence,1789464788.1554518,1789464788.1554518,0.6188
/camera/world/agv2_confidence,1789464788.1937182,1789464788.1937182,0.6036
/camera/world/agv1_confidence,1789464788.1937227,1789464788.1937227,0.6144
/camera/world/agv3_confidence,1789464788.1937442,1789464788.1937442,0.6043
/camera/world/agv2_confidence,1789464788.2254121,1789464788.2254121,0.607
/camera/world/agv1_confidence,1789464788.2254195,1789464788.2254195,0.6173
/camera/world/agv3_confidence,1789464788.2254665,1789464788.2254665,0.6038
/camera/world/agv3_confidence,1789464788.2649927,1789464788.2649927,0.5893
/camera/world/agv1_confidence,1789464788.2649984,1789464788.2649984,0.6177
/camera/world/agv2_confidence,1789464788.2650108,1789464788.2650108,0.6059
/camera/world/agv1_confidence,1789464788.2917929,1789464788.2917929,0.6179
/camera/world/agv2_confidence,1789464788.2921455,1789464788.2921455,0.6047
/camera/world/agv3_confidence,1789464788.2923145,1789464788.2923145,0.6064
/camera/world/agv3_confidence,1789464788.332277,1789464788.332277,0.577
/camera/world/agv2_confidence,1789464788.332316,1789464788.332316,0.6043
/camera/world/agv1_confidence,1789464788.3327203,1789464788.3327203,0.6178
/camera/world/agv1_confidence,1789464788.3609264,1789464788.3609264,0.6195
/camera/world/agv2_confidence,1789464788.3610263,1789464788.3610263,0.6051
/camera/world/agv3_confidence,1789464788.3612018,1789464788.3612018,0.607
/camera/world/agv1_confidence,1789464788.390694,1789464788.390694,0.6194
/camera/world/agv2_confidence,1789464788.3908293,1789464788.3908293,0.6054
/camera/world/agv3_confidence,1789464788.3910367,1789464788.3910367,0.6059
/camera/world/agv1_confidence,1789464788.4255195,1789464788.4255195,0.6166
/camera/world/agv3_confidence,1789464788.4255626,1789464788.4255626,0.6072
/camera/world/agv2_confidence,1789464788.4255664,1789464788.4255664,0.6046
/camera/world/agv2_confidence,1789464788.4548259,1789464788.4548259,0.606
/camera/world/agv3_confidence,1789464788.4550216,1789464788.4550216,0.6055
/camera/world/agv1_confidence,1789464788.455042,1789464788.455042,0.6184
/camera/world/agv1_confidence,1789464788.4910958,1789464788.4910958,0.6178
/camera/world/agv3_confidence,1789464788.4914045,1789464788.4914045,0.6114
/camera/world/agv2_confidence,1789464788.4915078,1789464788.4915078,0.602
/camera/world/agv2_confidence,1789464788.5259523,1789464788.5259523,0.6068
/camera/world/agv1_confidence,1789464788.5262027,1789464788.5262027,0.6177
/camera/world/agv3_confidence,1789464788.5262053,1789464788.5262053,0.6063
/camera/world/agv2_confidence,1789464788.554778,1789464788.554778,0.5814
/camera/world/agv1_confidence,1789464788.5547838,1789464788.5547838,0.618
/camera/world/agv3_confidence,1789464788.5550652,1789464788.5550652,0.6062
/camera/world/agv3_confidence,1789464788.5898051,1789464788.5898051,0.6096
/camera/world/agv1_confidence,1789464788.5898855,1789464788.5898855,0.6197
/camera/world/agv2_confidence,1789464788.589914,1789464788.589914,0.6068
/camera/world/agv1_confidence,1789464788.6325674,1789464788.6325674,0.6193
/camera/world/agv2_confidence,1789464788.6326253,1789464788.6326253,0.6067
/camera/world/agv3_confidence,1789464788.6327193,1789464788.6327193,0.5772
/camera/world/agv2_confidence,1789464788.6576874,1789464788.6576874,0.6062
/camera/world/agv3_confidence,1789464788.6578336,1789464788.6578336,0.6078
/camera/world/agv1_confidence,1789464788.6579387,1789464788.6579387,0.6193
/camera/world/agv2_confidence,1789464788.6952298,1789464788.6952298,0.6067
/camera/world/agv3_confidence,1789464788.6953175,1789464788.6953175,0.6067
/camera/world/agv1_confidence,1789464788.695371,1789464788.695371,0.6183
/camera/world/agv3_confidence,1789464788.7293727,1789464788.7293727,0.6129
/camera/world/agv1_confidence,1789464788.729393,1789464788.729393,0.6177
/camera/world/agv2_confidence,1789464788.729394,1789464788.729394,0.5971
/camera/world/agv2_confidence,1789464788.7564218,1789464788.7564218,0.6066
/camera/world/agv3_confidence,1789464788.7566054,1789464788.7566054,0.6048
/camera/world/agv1_confidence,1789464788.756648,1789464788.756648,0.6183
/camera/world/agv3_confidence,1789464788.789095,1789464788.789095,0.5884
/camera/world/agv2_confidence,1789464788.789107,1789464788.789107,0.6077
/camera/world/agv1_confidence,1789464788.7892957,1789464788.7892957,0.6182
/camera/world/agv1_confidence,1789464788.8226333,1789464788.8226333,0.6187
/camera/world/agv2_confidence,1789464788.8227382,1789464788.8227382,0.6062
/camera/world/agv3_confidence,1789464788.8227642,1789464788.8227642,0.6119
/camera/world/agv2_confidence,1789464788.8607354,1789464788.8607354,0.6065
/camera/world/agv1_confidence,1789464788.860738,1789464788.860738,0.619
/camera/world/agv3_confidence,1789464788.860832,1789464788.860832,0.6081
/camera/world/agv2_confidence,1789464788.8927026,1789464788.8927026,0.6015
/camera/world/agv1_confidence,1789464788.892775,1789464788.892775,0.619
/camera/world/agv3_confidence,1789464788.8929145,1789464788.8929145,0.6082
/camera/world/agv2_confidence,1789464788.9253433,1789464788.9253433,0.605
/camera/world/agv1_confidence,1789464788.9254394,1789464788.9254394,0.619
/camera/world/agv3_confidence,1789464788.9254816,1789464788.9254816,0.6072
/camera/world/agv1_confidence,1789464788.9605188,1789464788.9605188,0.6186
/camera/world/agv2_confidence,1789464788.9605372,1789464788.9605372,0.5816
/camera/world/agv3_confidence,1789464788.9605565,1789464788.9605565,0.608
/camera/world/agv1_confidence,1789464788.9931555,1789464788.9931555,0.6197
/camera/world/agv3_confidence,1789464788.9932773,1789464788.9932773,0.6076
/camera/world/agv2_confidence,1789464788.9933167,1789464788.9933167,0.5873
/camera/world/agv1_confidence,1789464789.0286765,1789464789.0286765,0.6177
/camera/world/agv2_confidence,1789464789.0286796,1789464789.0286796,0.6048
/camera/world/agv3_confidence,1789464789.0288525,1789464789.0288525,0.6032
/camera/world/agv2_confidence,1789464789.061349,1789464789.061349,0.6081
/camera/world/agv3_confidence,1789464789.0614607,1789464789.0614607,0.6087
/camera/world/agv1_confidence,1789464789.0615282,1789464789.0615282,0.6169
/camera/world/agv1_confidence,1789464789.087436,1789464789.087436,0.6179
/camera/world/agv2_confidence,1789464789.0874555,1789464789.0874555,0.6073
/camera/world/agv3_confidence,1789464789.0874672,1789464789.0874672,0.6105
/camera/world/agv2_confidence,1789464789.1260796,1789464789.1260796,0.6077
/camera/world/agv1_confidence,1789464789.1262214,1789464789.1262214,0.6189
/camera/world/agv3_confidence,1789464789.1262507,1789464789.1262507,0.6068
/camera/world/agv1_confidence,1789464789.1614594,1789464789.1614594,0.6193
/camera/world/agv2_confidence,1789464789.1615136,1789464789.1615136,0.5996
/camera/world/agv3_confidence,1789464789.1616528,1789464789.1616528,0.6058
/camera/world/agv1_confidence,1789464789.1915045,1789464789.1915045,0.6185
/camera/world/agv2_confidence,1789464789.191692,1789464789.191692,0.5757
/camera/world/agv3_confidence,1789464789.1918187,1789464789.1918187,0.6079
/camera/world/agv1_confidence,1789464789.2304304,1789464789.2304304,0.6211
/camera/world/agv2_confidence,1789464789.2304466,1789464789.2304466,0.6108
/camera/world/agv3_confidence,1789464789.2304633,1789464789.2304633,0.6073
/camera/world/agv3_confidence,1789464789.2537835,1789464789.2537835,0.612
/camera/world/agv2_confidence,1789464789.2538006,1789464789.2538006,0.6069
/camera/world/agv1_confidence,1789464789.253962,1789464789.253962,0.6205
/camera/world/agv2_confidence,1789464789.2977235,1789464789.2977235,0.5744
/camera/world/agv1_confidence,1789464789.297911,1789464789.297911,0.6185
/camera/world/agv3_confidence,1789464789.2979348,1789464789.2979348,0.6112
/camera/world/agv1_confidence,1789464789.3250256,1789464789.3250256,0.6181
/camera/world/agv3_confidence,1789464789.3250492,1789464789.3250492,0.6077
/camera/world/agv2_confidence,1789464789.325119,1789464789.325119,0.5859
/camera/world/agv2_confidence,1789464789.3690493,1789464789.3690493,0.6058
/camera/world/agv1_confidence,1789464789.3691514,1789464789.3691514,0.6197
/camera/world/agv3_confidence,1789464789.3692412,1789464789.3692412,0.6068
/camera/world/agv2_confidence,1789464789.3917925,1789464789.3917925,0.6072
/camera/world/agv3_confidence,1789464789.3918746,1789464789.3918746,0.6071
/camera/world/agv1_confidence,1789464789.391918,1789464789.391918,0.6188
/camera/world/agv3_confidence,1789464789.4209895,1789464789.4209895,0.6096
/camera/world/agv1_confidence,1789464789.4209907,1789464789.4209907,0.6198
/camera/world/agv2_confidence,1789464789.4210188,1789464789.4210188,0.6072
/camera/world/agv1_confidence,1789464789.4559965,1789464789.4559965,0.6186
/camera/world/agv2_confidence,1789464789.4560785,1789464789.4560785,0.6069
/camera/world/agv3_confidence,1789464789.456145,1789464789.456145,0.6099
/camera/world/agv1_confidence,1789464789.4920297,1789464789.4920297,0.6182
/camera/world/agv2_confidence,1789464789.4923415,1789464789.4923415,0.6082
/camera/world/agv3_confidence,1789464789.4923418,1789464789.4923418,0.6086
/camera/world/agv1_confidence,1789464789.5277312,1789464789.5277312,0.619
/camera/world/agv2_confidence,1789464789.5277867,1789464789.5277867,0.6085
/camera/world/agv3_confidence,1789464789.528113,1789464789.528113,0.6073
/camera/world/agv1_confidence,1789464789.5549827,1789464789.5549827,0.6173
/camera/world/agv2_confidence,1789464789.555531,1789464789.555531,0.5977
/camera/world/agv3_confidence,1789464789.5555336,1789464789.5555336,0.6111
/camera/world/agv2_confidence,1789464789.591385,1789464789.591385,0.6068
/camera/world/agv1_confidence,1789464789.591415,1789464789.591415,0.6181
/camera/world/agv3_confidence,1789464789.5914457,1789464789.5914457,0.5808
/camera/world/agv2_confidence,1789464789.6256921,1789464789.6256921,0.608
/camera/world/agv1_confidence,1789464789.6256979,1789464789.6256979,0.6176
/camera/world/agv3_confidence,1789464789.6257713,1789464789.6257713,0.6104
/camera/world/agv1_confidence,1789464789.6638262,1789464789.6638262,0.6189
/camera/world/agv3_confidence,1789464789.6638374,1789464789.6638374,0.6092
/camera/world/agv2_confidence,1789464789.6638575,1789464789.6638575,0.6082
/camera/world/agv1_confidence,1789464789.6923046,1789464789.6923046,0.6175
/camera/world/agv3_confidence,1789464789.692484,1789464789.692484,0.6108
/camera/world/agv2_confidence,1789464789.6925209,1789464789.6925209,0.6014
/camera/world/agv2_confidence,1789464789.7234855,1789464789.7234855,0.6063
/camera/world/agv1_confidence,1789464789.7234945,1789464789.7234945,0.6165
/camera/world/agv3_confidence,1789464789.7236543,1789464789.7236543,0.5843
/camera/world/agv1_confidence,1789464789.7552576,1789464789.7552576,0.6133
/camera/world/agv3_confidence,1789464789.7553532,1789464789.7553532,0.6077
/camera/world/agv2_confidence,1789464789.7554414,1789464789.7554414,0.604
/camera/world/agv1_confidence,1789464789.7886856,1789464789.7886856,0.6185
/camera/world/agv2_confidence,1789464789.7888722,1789464789.7888722,0.5898
/camera/world/agv3_confidence,1789464789.789065,1789464789.789065,0.6082
/camera/world/agv1_confidence,1789464789.8214684,1789464789.8214684,0.618
/camera/world/agv2_confidence,1789464789.821586,1789464789.821586,0.6018
/camera/world/agv3_confidence,1789464789.8217378,1789464789.8217378,0.6121
/camera/world/agv2_confidence,1789464789.8558285,1789464789.8558285,0.6039
/camera/world/agv3_confidence,1789464789.8558903,1789464789.8558903,0.6099
/camera/world/agv1_confidence,1789464789.8559947,1789464789.8559947,0.6178
/camera/world/agv1_confidence,1789464789.8903186,1789464789.8903186,0.6165
/camera/world/agv2_confidence,1789464789.8904474,1789464789.8904474,0.592
/camera/world/agv3_confidence,1789464789.8906467,1789464789.8906467,0.5859
/camera/world/agv2_confidence,1789464789.9217124,1789464789.9217124,0.6105
/camera/world/agv1_confidence,1789464789.92195,1789464789.92195,0.6178
/camera/world/agv3_confidence,1789464789.9219632,1789464789.9219632,0.6084
/camera/world/agv3_confidence,1789464789.956862,1789464789.956862,0.6047
/camera/world/agv1_confidence,1789464789.9570267,1789464789.9570267,0.6198
/camera/world/agv2_confidence,1789464789.9570718,1789464789.9570718,0.6089
/camera/world/agv3_confidence,1789464789.9913964,1789464789.9913964,0.574
/camera/world/agv2_confidence,1789464789.991468,1789464789.991468,0.6094
/camera/world/agv1_confidence,1789464789.991489,1789464789.991489,0.6168
/camera/world/agv1_confidence,1789464790.0239258,1789464790.0239258,0.616
/camera/world/agv3_confidence,1789464790.0241,1789464790.0241,0.6132
/camera/world/agv2_confidence,1789464790.0241086,1789464790.0241086,0.6112
/camera/world/agv1_confidence,1789464790.0555496,1789464790.0555496,0.6149
/camera/world/agv3_confidence,1789464790.0555544,1789464790.0555544,0.6137
/camera/world/agv2_confidence,1789464790.0555594,1789464790.0555594,0.6042
/camera/world/agv1_confidence,1789464790.091153,1789464790.091153,0.6166
/camera/world/agv2_confidence,1789464790.0911531,1789464790.0911531,0.6054
/camera/world/agv3_confidence,1789464790.091159,1789464790.091159,0.6074
/camera/world/agv1_confidence,1789464790.1249716,1789464790.1249716,0.6174
/camera/world/agv3_confidence,1789464790.1249945,1789464790.1249945,0.6074
/camera/world/agv2_confidence,1789464790.1250317,1789464790.1250317,0.6081
/camera/world/agv2_confidence,1789464790.1568592,1789464790.1568592,0.6117
/camera/world/agv1_confidence,1789464790.157051,1789464790.157051,0.6154
/camera/world/agv3_confidence,1789464790.1572657,1789464790.1572657,0.6093
/camera/world/agv1_confidence,1789464790.1907012,1789464790.1907012,0.6162
/camera/world/agv3_confidence,1789464790.1908112,1789464790.1908112,0.6077
/camera/world/agv2_confidence,1789464790.1909406,1789464790.1909406,0.6092
/camera/world/agv1_confidence,1789464790.2256458,1789464790.2256458,0.6168
/camera/world/agv2_confidence,1789464790.2256527,1789464790.2256527,0.608
/camera/world/agv3_confidence,1789464790.2258484,1789464790.2258484,0.6074
/camera/world/agv1_confidence,1789464790.255415,1789464790.255415,0.6201
/camera/world/agv2_confidence,1789464790.2554219,1789464790.2554219,0.6032
/camera/world/agv3_confidence,1789464790.2555819,1789464790.2555819,0.5844
/camera/world/agv1_confidence,1789464790.2960224,1789464790.2960224,0.6177
/camera/world/agv2_confidence,1789464790.2961066,1789464790.2961066,0.6062
/camera/world/agv3_confidence,1789464790.2962875,1789464790.2962875,0.6093
/camera/world/agv1_confidence,1789464790.3248484,1789464790.3248484,0.6169
/camera/world/agv2_confidence,1789464790.3250203,1789464790.3250203,0.6075
/camera/world/agv3_confidence,1789464790.3251076,1789464790.3251076,0.6115
/camera/world/agv2_confidence,1789464790.3596275,1789464790.3596275,0.6
/camera/world/agv1_confidence,1789464790.3597414,1789464790.3597414,0.6178
/camera/world/agv3_confidence,1789464790.3598628,1789464790.3598628,0.6096
/camera/world/agv2_confidence,1789464790.392754,1789464790.392754,0.608
/camera/world/agv3_confidence,1789464790.3929782,1789464790.3929782,0.6072
/camera/world/agv1_confidence,1789464790.3929806,1789464790.3929806,0.6175
/camera/world/agv1_confidence,1789464790.4217858,1789464790.4217858,0.6199
/camera/world/agv2_confidence,1789464790.4220927,1789464790.4220927,0.61
/camera/world/agv3_confidence,1789464790.4221044,1789464790.4221044,0.6119
/camera/world/agv1_confidence,1789464790.4603186,1789464790.4603186,0.618
/camera/world/agv2_confidence,1789464790.460472,1789464790.460472,0.6108
/camera/world/agv3_confidence,1789464790.4606023,1789464790.4606023,0.6137
/camera/world/agv2_confidence,1789464790.4951649,1789464790.4951649,0.6102
/camera/world/agv1_confidence,1789464790.4951727,1789464790.4951727,0.615
/camera/world/agv3_confidence,1789464790.49519,1789464790.49519,0.6126
/camera/world/agv1_confidence,1789464790.5221786,1789464790.5221786,0.6185
/camera/world/agv2_confidence,1789464790.5223272,1789464790.5223272,0.6056
/camera/world/agv3_confidence,1789464790.5225248,1789464790.5225248,0.6087
/camera/world/agv2_confidence,1789464790.5583644,1789464790.5583644,0.6069
/camera/world/agv3_confidence,1789464790.5583844,1789464790.5583844,0.6146
/camera/world/agv1_confidence,1789464790.5583909,1789464790.5583909,0.6194
/camera/world/agv2_confidence,1789464790.595939,1789464790.595939,0.6095
/camera/world/agv1_confidence,1789464790.595953,1789464790.595953,0.6186
/camera/world/agv3_confidence,1789464790.5959759,1789464790.5959759,0.6084
/camera/world/agv2_confidence,1789464790.6250012,1789464790.6250012,0.6089
/camera/world/agv1_confidence,1789464790.6250832,1789464790.6250832,0.6188
/camera/world/agv3_confidence,1789464790.6251602,1789464790.6251602,0.6118
/camera/world/agv1_confidence,1789464790.654771,1789464790.654771,0.6177
/camera/world/agv2_confidence,1789464790.6548235,1789464790.6548235,0.6131
/camera/world/agv3_confidence,1789464790.6549284,1789464790.6549284,0.6112
/camera/world/agv1_confidence,1789464790.6914623,1789464790.6914623,0.6172
/camera/world/agv2_confidence,1789464790.691891,1789464790.691891,0.6074
/camera/world/agv3_confidence,1789464790.69197,1789464790.69197,0.6109
/camera/world/agv1_confidence,1789464790.7357426,1789464790.7357426,0.6182
/camera/world/agv2_confidence,1789464790.7357922,1789464790.7357922,0.6094
/camera/world/agv3_confidence,1789464790.735897,1789464790.735897,0.6126
/camera/world/agv1_confidence,1789464790.762494,1789464790.762494,0.6177
/camera/world/agv2_confidence,1789464790.7626362,1789464790.7626362,0.6102
/camera/world/agv3_confidence,1789464790.7626832,1789464790.7626832,0.6111
/camera/world/agv1_confidence,1789464790.792299,1789464790.792299,0.6161
/camera/world/agv2_confidence,1789464790.7923546,1789464790.7923546,0.6085
/camera/world/agv3_confidence,1789464790.792493,1789464790.792493,0.61
/camera/world/agv2_confidence,1789464790.8303378,1789464790.8303378,0.588
/camera/world/agv3_confidence,1789464790.83046,1789464790.83046,0.61
/camera/world/agv1_confidence,1789464790.8305736,1789464790.8305736,0.6172
/camera/world/agv1_confidence,1789464790.8570516,1789464790.8570516,0.616
/camera/world/agv2_confidence,1789464790.8572204,1789464790.8572204,0.6069
/camera/world/agv3_confidence,1789464790.857369,1789464790.857369,0.5872
/camera/world/agv2_confidence,1789464790.8901703,1789464790.8901703,0.6126
/camera/world/agv1_confidence,1789464790.8901815,1789464790.8901815,0.6189
/camera/world/agv3_confidence,1789464790.8902411,1789464790.8902411,0.6118
/camera/world/agv1_confidence,1789464790.9255753,1789464790.9255753,0.6174
/camera/world/agv2_confidence,1789464790.925621,1789464790.925621,0.6091
/camera/world/agv3_confidence,1789464790.9256678,1789464790.9256678,0.6111
/camera/world/agv1_confidence,1789464790.9549723,1789464790.9549723,0.618
/camera/world/agv3_confidence,1789464790.9550388,1789464790.9550388,0.6112
/camera/world/agv2_confidence,1789464790.9552853,1789464790.9552853,0.5866
/camera/world/agv1_confidence,1789464790.991968,1789464790.991968,0.6181
/camera/world/agv3_confidence,1789464790.991984,1789464790.991984,0.6128
/camera/world/agv2_confidence,1789464790.9920788,1789464790.9920788,0.6099
/camera/world/agv2_confidence,1789464791.0237746,1789464791.0237746,0.6066
/camera/world/agv3_confidence,1789464791.0238543,1789464791.0238543,0.6084
/camera/world/agv1_confidence,1789464791.0239403,1789464791.0239403,0.6172
/camera/world/agv2_confidence,1789464791.0579484,1789464791.0579484,0.6085
/camera/world/agv1_confidence,1789464791.0580163,1789464791.0580163,0.6176
/camera/world/agv3_confidence,1789464791.0580275,1789464791.0580275,0.6089
/camera/world/agv1_confidence,1789464791.0915325,1789464791.0915325,0.6179
/camera/world/agv2_confidence,1789464791.0915866,1789464791.0915866,0.6087
/camera/world/agv3_confidence,1789464791.0917766,1789464791.0917766,0.6138
/camera/world/agv1_confidence,1789464791.125711,1789464791.125711,0.6183
/camera/world/agv2_confidence,1789464791.125964,1789464791.125964,0.6106
/camera/world/agv3_confidence,1789464791.1259885,1789464791.1259885,0.6128
/camera/world/agv1_confidence,1789464791.161908,1789464791.161908,0.618
/camera/world/agv2_confidence,1789464791.1620464,1789464791.1620464,0.607
/camera/world/agv3_confidence,1789464791.1622555,1789464791.1622555,0.6123
/camera/world/agv2_confidence,1789464791.1901655,1789464791.1901655,0.6107
/camera/world/agv1_confidence,1789464791.1902564,1789464791.1902564,0.6188
/camera/world/agv3_confidence,1789464791.1903327,1789464791.1903327,0.6142
/camera/world/agv1_confidence,1789464791.222825,1789464791.222825,0.616
/camera/world/agv2_confidence,1789464791.2229428,1789464791.2229428,0.6112
/camera/world/agv3_confidence,1789464791.2231884,1789464791.2231884,0.606
/camera/world/agv2_confidence,1789464791.2563193,1789464791.2563193,0.6133
/camera/world/agv3_confidence,1789464791.2563512,1789464791.2563512,0.6121
/camera/world/agv1_confidence,1789464791.2564101,1789464791.2564101,0.6181
/camera/world/agv1_confidence,1789464791.3027854,1789464791.3027854,0.6177
/camera/world/agv3_confidence,1789464791.3028355,1789464791.3028355,0.6115
/camera/world/agv2_confidence,1789464791.3029175,1789464791.3029175,0.6085
/camera/world/agv1_confidence,1789464791.3214898,1789464791.3214898,0.618
/camera/world/agv2_confidence,1789464791.3214927,1789464791.3214927,0.611
/camera/world/agv3_confidence,1789464791.3217404,1789464791.3217404,0.591
/camera/world/agv1_confidence,1789464791.3556006,1789464791.3556006,0.6176
/camera/world/agv3_confidence,1789464791.3556263,1789464791.3556263,0.6146
/camera/world/agv2_confidence,1789464791.3557413,1789464791.3557413,0.6075
/camera/world/agv2_confidence,1789464791.3903995,1789464791.3903995,0.6092
/camera/world/agv1_confidence,1789464791.3904114,1789464791.3904114,0.6164
/camera/world/agv3_confidence,1789464791.3904676,1789464791.3904676,0.6145
/camera/world/agv1_confidence,1789464791.4248912,1789464791.4248912,0.6164
/camera/world/agv2_confidence,1789464791.4250116,1789464791.4250116,0.6072
/camera/world/agv3_confidence,1789464791.4251485,1789464791.4251485,0.6088
/camera/world/agv1_confidence,1789464791.4593213,1789464791.4593213,0.6176
/camera/world/agv3_confidence,1789464791.4593918,1789464791.4593918,0.6107
/camera/world/agv2_confidence,1789464791.4594076,1789464791.4594076,0.5789
/camera/world/agv1_confidence,1789464791.4926486,1789464791.4926486,0.6173
/camera/world/agv2_confidence,1789464791.4927819,1789464791.4927819,0.6117
/camera/world/agv3_confidence,1789464791.4929128,1789464791.4929128,0.6132
/camera/world/agv2_confidence,1789464791.5261006,1789464791.5261006,0.6091
/camera/world/agv1_confidence,1789464791.5261145,1789464791.5261145,0.6175
/camera/world/agv3_confidence,1789464791.5263276,1789464791.5263276,0.61
/camera/world/agv2_confidence,1789464791.5596156,1789464791.5596156,0.6122
/camera/world/agv1_confidence,1789464791.559626,1789464791.559626,0.618
/camera/world/agv3_confidence,1789464791.5597866,1789464791.5597866,0.6122
/camera/world/agv1_confidence,1789464791.5896063,1789464791.5896063,0.617
/camera/world/agv3_confidence,1789464791.5896354,1789464791.5896354,0.614
/camera/world/agv2_confidence,1789464791.5896623,1789464791.5896623,0.6083
/camera/world/agv2_confidence,1789464791.625749,1789464791.625749,0.6136
/camera/world/agv1_confidence,1789464791.625756,1789464791.625756,0.6181
/camera/world/agv3_confidence,1789464791.625761,1789464791.625761,0.6113
/camera/world/agv1_confidence,1789464791.658193,1789464791.658193,0.6174
/camera/world/agv2_confidence,1789464791.658197,1789464791.658197,0.6123
/camera/world/agv3_confidence,1789464791.6583145,1789464791.6583145,0.6124
/camera/world/agv1_confidence,1789464791.6921105,1789464791.6921105,0.617
/camera/world/agv2_confidence,1789464791.69212,1789464791.69212,0.6055
/camera/world/agv3_confidence,1789464791.6923692,1789464791.6923692,0.6126
/camera/world/agv2_confidence,1789464791.7237313,1789464791.7237313,0.6065
/camera/world/agv1_confidence,1789464791.723742,1789464791.723742,0.6182
/camera/world/agv3_confidence,1789464791.7240565,1789464791.7240565,0.61
/camera/world/agv2_confidence,1789464791.7573636,1789464791.7573636,0.6126
/camera/world/agv3_confidence,1789464791.7573714,1789464791.7573714,0.6079
/camera/world/agv1_confidence,1789464791.7574077,1789464791.7574077,0.6177
/camera/world/agv1_confidence,1789464791.7905796,1789464791.7905796,0.6172
/camera/world/agv2_confidence,1789464791.7906578,1789464791.7906578,0.613
/camera/world/agv3_confidence,1789464791.7906718,1789464791.7906718,0.6142
/camera/world/agv3_confidence,1789464791.8275666,1789464791.8275666,0.6148
/camera/world/agv2_confidence,1789464791.827613,1789464791.827613,0.6111
/camera/world/agv1_confidence,1789464791.8276877,1789464791.8276877,0.6186
/camera/world/agv2_confidence,1789464791.859543,1789464791.859543,0.6099
/camera/world/agv3_confidence,1789464791.8596802,1789464791.8596802,0.6105
/camera/world/agv1_confidence,1789464791.859682,1789464791.859682,0.6183
/camera/world/agv3_confidence,1789464791.8929925,1789464791.8929925,0.6128
/camera/world/agv1_confidence,1789464791.8930833,1789464791.8930833,0.6181
/camera/world/agv2_confidence,1789464791.8931034,1789464791.8931034,0.6142
/camera/world/agv1_confidence,1789464791.9231143,1789464791.9231143,0.6177
/camera/world/agv2_confidence,1789464791.9231982,1789464791.9231982,0.6115
/camera/world/agv3_confidence,1789464791.9232264,1789464791.9232264,0.6158
/camera/world/agv1_confidence,1789464791.9561787,1789464791.9561787,0.619
/camera/world/agv2_confidence,1789464791.9564388,1789464791.9564388,0.6072
/camera/world/agv3_confidence,1789464791.9565308,1789464791.9565308,0.6108
/camera/world/agv2_confidence,1789464791.9923356,1789464791.9923356,0.6123
/camera/world/agv3_confidence,1789464791.9924989,1789464791.9924989,0.6107
/camera/world/agv1_confidence,1789464791.99255,1789464791.99255,0.6187
/camera/world/agv1_confidence,1789464792.0240197,1789464792.0240197,0.6179
/camera/world/agv2_confidence,1789464792.0243673,1789464792.0243673,0.6096
/camera/world/agv3_confidence,1789464792.024383,1789464792.024383,0.6087
/camera/world/agv1_confidence,1789464792.0640934,1789464792.0640934,0.617
/camera/world/agv2_confidence,1789464792.0643072,1789464792.0643072,0.6117
/camera/world/agv3_confidence,1789464792.0644364,1789464792.0644364,0.6098
/camera/world/agv1_confidence,1789464792.0878356,1789464792.0878356,0.6172
/camera/world/agv2_confidence,1789464792.0879927,1789464792.0879927,0.6103
/camera/world/agv3_confidence,1789464792.0882158,1789464792.0882158,0.6133
/camera/world/agv1_confidence,1789464792.1306272,1789464792.1306272,0.6184
/camera/world/agv3_confidence,1789464792.1306844,1789464792.1306844,0.6142
/camera/world/agv2_confidence,1789464792.1307411,1789464792.1307411,0.6143
/camera/world/agv2_confidence,1789464792.1579685,1789464792.1579685,0.613
/camera/world/agv1_confidence,1789464792.1579947,1789464792.1579947,0.6184
/camera/world/agv3_confidence,1789464792.158112,1789464792.158112,0.6122
/camera/world/agv1_confidence,1789464792.1957858,1789464792.1957858,0.6161
/camera/world/agv2_confidence,1789464792.1958942,1789464792.1958942,0.6119
/camera/world/agv3_confidence,1789464792.1960747,1789464792.1960747,0.6115
/camera/world/agv2_confidence,1789464792.222596,1789464792.222596,0.5804
/camera/world/agv3_confidence,1789464792.222603,1789464792.222603,0.6141
/camera/world/agv1_confidence,1789464792.2226334,1789464792.2226334,0.6186
/camera/world/agv2_confidence,1789464792.2569141,1789464792.2569141,0.6127
/camera/world/agv1_confidence,1789464792.2569199,1789464792.2569199,0.6182
/camera/world/agv3_confidence,1789464792.2569392,1789464792.2569392,0.6097
/camera/world/agv1_confidence,1789464792.292682,1789464792.292682,0.6165
/camera/world/agv3_confidence,1789464792.2927258,1789464792.2927258,0.6134
/camera/world/agv2_confidence,1789464792.292738,1789464792.292738,0.6128
/camera/world/agv2_confidence,1789464792.321355,1789464792.321355,0.6107
/camera/world/agv1_confidence,1789464792.3213694,1789464792.3213694,0.6175
/camera/world/agv3_confidence,1789464792.321609,1789464792.321609,0.6141
/camera/world/agv1_confidence,1789464792.3554633,1789464792.3554633,0.6157
/camera/world/agv2_confidence,1789464792.3555496,1789464792.3555496,0.6139
/camera/world/agv3_confidence,1789464792.355639,1789464792.355639,0.613
/camera/world/agv1_confidence,1789464792.390584,1789464792.390584,0.6188
/camera/world/agv2_confidence,1789464792.3906302,1789464792.3906302,0.6113
/camera/world/agv3_confidence,1789464792.3907285,1789464792.3907285,0.6124
/camera/world/agv1_confidence,1789464792.4226847,1789464792.4226847,0.6197
/camera/world/agv2_confidence,1789464792.4229183,1789464792.4229183,0.6072
/camera/world/agv3_confidence,1789464792.4229465,1789464792.4229465,0.6113
/camera/world/agv2_confidence,1789464792.4576664,1789464792.4576664,0.6141
/camera/world/agv1_confidence,1789464792.4577024,1789464792.4577024,0.6176
/camera/world/agv3_confidence,1789464792.4577065,1789464792.4577065,0.6107
/camera/world/agv1_confidence,1789464792.4904552,1789464792.4904552,0.6182
/camera/world/agv3_confidence,1789464792.4905043,1789464792.4905043,0.6155
/camera/world/agv2_confidence,1789464792.4905653,1789464792.4905653,0.6136
/camera/world/agv2_confidence,1789464792.52512,1789464792.52512,0.6135
/camera/world/agv1_confidence,1789464792.525133,1789464792.525133,0.6205
/camera/world/agv3_confidence,1789464792.525146,1789464792.525146,0.6145
/camera/world/agv1_confidence,1789464792.5611043,1789464792.5611043,0.6172
/camera/world/agv2_confidence,1789464792.5611293,1789464792.5611293,0.6138
/camera/world/agv3_confidence,1789464792.561187,1789464792.561187,0.6125
/camera/world/agv1_confidence,1789464792.5945692,1789464792.5945692,0.6167
/camera/world/agv2_confidence,1789464792.5945897,1789464792.5945897,0.6124
/camera/world/agv3_confidence,1789464792.5947974,1789464792.5947974,0.6138
/camera/world/agv1_confidence,1789464792.619968,1789464792.619968,0.6162
/camera/world/agv2_confidence,1789464792.6199965,1789464792.6199965,0.6132
/camera/world/agv3_confidence,1789464792.6200378,1789464792.6200378,0.6154
/camera/world/agv3_confidence,1789464792.6549397,1789464792.6549397,0.6129
/camera/world/agv2_confidence,1789464792.6549523,1789464792.6549523,0.6115
/camera/world/agv1_confidence,1789464792.65498,1789464792.65498,0.6179
/camera/world/agv1_confidence,1789464792.6885529,1789464792.6885529,0.6142
/camera/world/agv3_confidence,1789464792.6885605,1789464792.6885605,0.6132
/camera/world/agv2_confidence,1789464792.6887667,1789464792.6887667,0.6123
/camera/world/agv2_confidence,1789464792.7228322,1789464792.7228322,0.6164
/camera/world/agv1_confidence,1789464792.722866,1789464792.722866,0.6169
/camera/world/agv3_confidence,1789464792.7229764,1789464792.7229764,0.6111
/camera/world/agv1_confidence,1789464792.7596886,1789464792.7596886,0.6198
/camera/world/agv3_confidence,1789464792.759693,1789464792.759693,0.5861
/camera/world/agv2_confidence,1789464792.7598994,1789464792.7598994,0.6112
/camera/world/agv1_confidence,1789464792.7936287,1789464792.7936287,0.6182
/camera/world/agv3_confidence,1789464792.7937546,1789464792.7937546,0.6141
/camera/world/agv2_confidence,1789464792.793848,1789464792.793848,0.6126
/camera/world/agv1_confidence,1789464792.8213255,1789464792.8213255,0.6187
/camera/world/agv2_confidence,1789464792.821391,1789464792.821391,0.6131
/camera/world/agv3_confidence,1789464792.8215406,1789464792.8215406,0.6125
/camera/world/agv3_confidence,1789464792.854319,1789464792.854319,0.6128
/camera/world/agv2_confidence,1789464792.8543372,1789464792.8543372,0.6125
/camera/world/agv1_confidence,1789464792.8543468,1789464792.8543468,0.6191
/camera/world/agv2_confidence,1789464792.8913321,1789464792.8913321,0.6139
/camera/world/agv1_confidence,1789464792.8915064,1789464792.8915064,0.6162
/camera/world/agv3_confidence,1789464792.8917112,1789464792.8917112,0.6135
/camera/world/agv2_confidence,1789464792.930991,1789464792.930991,0.612
/camera/world/agv1_confidence,1789464792.9310234,1789464792.9310234,0.6154
/camera/world/agv3_confidence,1789464792.931338,1789464792.931338,0.6131
/camera/world/agv1_confidence,1789464792.957768,1789464792.957768,0.6148
/camera/world/agv2_confidence,1789464792.9578931,1789464792.9578931,0.6133
/camera/world/agv3_confidence,1789464792.9581065,1789464792.9581065,0.6137
/camera/world/agv2_confidence,1789464792.99414,1789464792.99414,0.6143
/camera/world/agv1_confidence,1789464792.9942517,1789464792.9942517,0.6151
/camera/world/agv3_confidence,1789464792.9942975,1789464792.9942975,0.6123
/camera/world/agv1_confidence,1789464793.0214458,1789464793.0214458,0.6154
/camera/world/agv2_confidence,1789464793.0215797,1789464793.0215797,0.6127
/camera/world/agv3_confidence,1789464793.021821,1789464793.021821,0.6149
/camera/world/agv2_confidence,1789464793.0567117,1789464793.0567117,0.6138
/camera/world/agv1_confidence,1789464793.0568726,1789464793.0568726,0.6169
/camera/world/agv3_confidence,1789464793.056938,1789464793.056938,0.612
/camera/world/agv1_confidence,1789464793.0981617,1789464793.0981617,0.6185
/camera/world/agv2_confidence,1789464793.0983095,1789464793.0983095,0.6149
/camera/world/agv3_confidence,1789464793.0983872,1789464793.0983872,0.6131
/camera/world/agv2_confidence,1789464793.122147,1789464793.122147,0.6123
/camera/world/agv1_confidence,1789464793.1221972,1789464793.1221972,0.6183
/camera/world/agv3_confidence,1789464793.1224582,1789464793.1224582,0.6135
/camera/world/agv1_confidence,1789464793.1700566,1789464793.1700566,0.6188
/camera/world/agv2_confidence,1789464793.170245,1789464793.170245,0.612
/camera/world/agv3_confidence,1789464793.170617,1789464793.170617,0.6139
/camera/world/agv1_confidence,1789464793.1900225,1789464793.1900225,0.6186
/camera/world/agv2_confidence,1789464793.190115,1789464793.190115,0.6079
/camera/world/agv3_confidence,1789464793.1903038,1789464793.1903038,0.6154
/camera/world/agv1_confidence,1789464793.230589,1789464793.230589,0.6185
/camera/world/agv2_confidence,1789464793.2307086,1789464793.2307086,0.6143
/camera/world/agv3_confidence,1789464793.2309687,1789464793.2309687,0.6144
/camera/world/agv1_confidence,1789464793.2579215,1789464793.2579215,0.6184
/camera/world/agv2_confidence,1789464793.2582617,1789464793.2582617,0.6125
/camera/world/agv3_confidence,1789464793.2585487,1789464793.2585487,0.6159
/camera/world/agv1_confidence,1789464793.292578,1789464793.292578,0.617
/camera/world/agv2_confidence,1789464793.29268,1789464793.29268,0.5966
/camera/world/agv3_confidence,1789464793.2931483,1789464793.2931483,0.6131
/camera/world/agv1_confidence,1789464793.3261595,1789464793.3261595,0.6187
/camera/world/agv2_confidence,1789464793.3262718,1789464793.3262718,0.6155
/camera/world/agv3_confidence,1789464793.3264263,1789464793.3264263,0.611
/camera/world/agv1_confidence,1789464793.3703206,1789464793.3703206,0.6183
/camera/world/agv2_confidence,1789464793.3703694,1789464793.3703694,0.6133
/camera/world/agv3_confidence,1789464793.3705156,1789464793.3705156,0.614
/camera/world/agv1_confidence,1789464793.400903,1789464793.400903,0.6177
/camera/world/agv2_confidence,1789464793.4009407,1789464793.4009407,0.6144
/camera/world/agv3_confidence,1789464793.4011626,1789464793.4011626,0.6141
/camera/world/agv1_confidence,1789464793.4311662,1789464793.4311662,0.6173
/camera/world/agv2_confidence,1789464793.431343,1789464793.431343,0.6135
/camera/world/agv3_confidence,1789464793.4315104,1789464793.4315104,0.6143
/camera/world/agv1_confidence,1789464793.4572387,1789464793.4572387,0.6166
/camera/world/agv2_confidence,1789464793.4574203,1789464793.4574203,0.608
/camera/world/agv3_confidence,1789464793.4575136,1789464793.4575136,0.6117
/camera/world/agv1_confidence,1789464793.490914,1789464793.490914,0.617
/camera/world/agv2_confidence,1789464793.4909174,1789464793.4909174,0.6129
/camera/world/agv3_confidence,1789464793.4910436,1789464793.4910436,0.6128
/camera/world/agv1_confidence,1789464793.5337355,1789464793.5337355,0.6159
/camera/world/agv2_confidence,1789464793.53375,1789464793.53375,0.6119
/camera/world/agv3_confidence,1789464793.5338821,1789464793.5338821,0.6121
/camera/world/agv2_confidence,1789464793.568804,1789464793.568804,0.6126
/camera/world/agv1_confidence,1789464793.568809,1789464793.568809,0.6199
/camera/world/agv3_confidence,1789464793.5690277,1789464793.5690277,0.6117
/camera/world/agv1_confidence,1789464793.5909753,1789464793.5909753,0.6166
/camera/world/agv2_confidence,1789464793.590989,1789464793.590989,0.6149
/camera/world/agv3_confidence,1789464793.5912294,1789464793.5912294,0.6156
/camera/world/agv1_confidence,1789464793.6226737,1789464793.6226737,0.6179
/camera/world/agv3_confidence,1789464793.6227353,1789464793.6227353,0.6138
/camera/world/agv2_confidence,1789464793.6227713,1789464793.6227713,0.6142
/camera/world/agv3_confidence,1789464793.6580553,1789464793.6580553,0.6109
/camera/world/agv1_confidence,1789464793.658081,1789464793.658081,0.6171
/camera/world/agv2_confidence,1789464793.6581116,1789464793.6581116,0.5797
/camera/world/agv1_confidence,1789464793.6920469,1789464793.6920469,0.6178
/camera/world/agv2_confidence,1789464793.6921704,1789464793.6921704,0.5811
/camera/world/agv3_confidence,1789464793.6923373,1789464793.6923373,0.615
/camera/world/agv1_confidence,1789464793.7299035,1789464793.7299035,0.6183
/camera/world/agv2_confidence,1789464793.7299514,1789464793.7299514,0.6139
/camera/world/agv3_confidence,1789464793.730254,1789464793.730254,0.6137
/camera/world/agv2_confidence,1789464793.7615225,1789464793.7615225,0.6145
/camera/world/agv1_confidence,1789464793.761675,1789464793.761675,0.6184
/camera/world/agv3_confidence,1789464793.7618017,1789464793.7618017,0.6142
/camera/world/agv1_confidence,1789464793.7929645,1789464793.7929645,0.6187
/camera/world/agv2_confidence,1789464793.793003,1789464793.793003,0.6107
/camera/world/agv3_confidence,1789464793.7930307,1789464793.7930307,0.6123
/camera/world/agv2_confidence,1789464793.8217638,1789464793.8217638,0.6149
/camera/world/agv3_confidence,1789464793.8218434,1789464793.8218434,0.6057
/camera/world/agv1_confidence,1789464793.8218813,1789464793.8218813,0.6179
/camera/world/agv3_confidence,1789464793.856451,1789464793.856451,0.6137
/camera/world/agv2_confidence,1789464793.8565881,1789464793.8565881,0.6137
/camera/world/agv1_confidence,1789464793.8566449,1789464793.8566449,0.6186
/camera/world/agv2_confidence,1789464793.8941808,1789464793.8941808,0.5863
/camera/world/agv3_confidence,1789464793.8942225,1789464793.8942225,0.6137
/camera/world/agv1_confidence,1789464793.8942757,1789464793.8942757,0.6193
/camera/world/agv3_confidence,1789464793.9231308,1789464793.9231308,0.6146
/camera/world/agv1_confidence,1789464793.9231415,1789464793.9231415,0.6188
/camera/world/agv2_confidence,1789464793.9231527,1789464793.9231527,0.616
/camera/world/agv2_confidence,1789464793.9553034,1789464793.9553034,0.6131
/camera/world/agv3_confidence,1789464793.9556596,1789464793.9556596,0.611
/camera/world/agv1_confidence,1789464793.9558682,1789464793.9558682,0.6191
/camera/world/agv1_confidence,1789464793.9896865,1789464793.9896865,0.6171
/camera/world/agv2_confidence,1789464793.9898407,1789464793.9898407,0.6143
/camera/world/agv3_confidence,1789464793.989979,1789464793.989979,0.6128
/camera/world/agv1_confidence,1789464794.0249367,1789464794.0249367,0.6179
/camera/world/agv2_confidence,1789464794.0250657,1789464794.0250657,0.6122
/camera/world/agv3_confidence,1789464794.0253167,1789464794.0253167,0.6128
/camera/world/agv1_confidence,1789464794.0551963,1789464794.0551963,0.6174
/camera/world/agv3_confidence,1789464794.0556953,1789464794.0556953,0.6132
/camera/world/agv2_confidence,1789464794.0558105,1789464794.0558105,0.6144
/camera/world/agv2_confidence,1789464794.0912879,1789464794.0912879,0.6127
/camera/world/agv3_confidence,1789464794.0916939,1789464794.0916939,0.6122
/camera/world/agv1_confidence,1789464794.091703,1789464794.091703,0.6174
/camera/world/agv1_confidence,1789464794.123079,1789464794.123079,0.6169
/camera/world/agv2_confidence,1789464794.1231775,1789464794.1231775,0.613
/camera/world/agv3_confidence,1789464794.1233606,1789464794.1233606,0.6129
/camera/world/agv2_confidence,1789464794.1564777,1789464794.1564777,0.6154
/camera/world/agv1_confidence,1789464794.1565044,1789464794.1565044,0.6181
/camera/world/agv3_confidence,1789464794.1565077,1789464794.1565077,0.6109
/camera/world/agv1_confidence,1789464794.1895375,1789464794.1895375,0.6171
/camera/world/agv2_confidence,1789464794.1896472,1789464794.1896472,0.6124
/camera/world/agv3_confidence,1789464794.1897001,1789464794.1897001,0.6132
/camera/world/agv1_confidence,1789464794.2236338,1789464794.2236338,0.6176
/camera/world/agv2_confidence,1789464794.2236383,1789464794.2236383,0.6142
/camera/world/agv3_confidence,1789464794.2237585,1789464794.2237585,0.6178
/camera/world/agv1_confidence,1789464794.257188,1789464794.257188,0.6197
/camera/world/agv2_confidence,1789464794.257193,1789464794.257193,0.6148
/camera/world/agv3_confidence,1789464794.2573717,1789464794.2573717,0.6152
/camera/world/agv1_confidence,1789464794.2909482,1789464794.2909482,0.6172
/camera/world/agv2_confidence,1789464794.2912436,1789464794.2912436,0.6111
/camera/world/agv3_confidence,1789464794.2915323,1789464794.2915323,0.6163
/camera/world/agv1_confidence,1789464794.330462,1789464794.330462,0.6171
/camera/world/agv2_confidence,1789464794.330586,1789464794.330586,0.6155
/camera/world/agv3_confidence,1789464794.3306212,1789464794.3306212,0.615
/camera/world/agv1_confidence,1789464794.3578482,1789464794.3578482,0.6181
/camera/world/agv2_confidence,1789464794.3578513,1789464794.3578513,0.6143
/camera/world/agv3_confidence,1789464794.3580863,1789464794.3580863,0.6119
/camera/world/agv3_confidence,1789464794.3928373,1789464794.3928373,0.6121
/camera/world/agv1_confidence,1789464794.3929062,1789464794.3929062,0.6199
/camera/world/agv2_confidence,1789464794.3929255,1789464794.3929255,0.6132
/camera/world/agv2_confidence,1789464794.4209425,1789464794.4209425,0.6111
/camera/world/agv1_confidence,1789464794.4209466,1789464794.4209466,0.6188
/camera/world/agv3_confidence,1789464794.4210691,1789464794.4210691,0.6128
/camera/world/agv1_confidence,1789464794.4551892,1789464794.4551892,0.6196
/camera/world/agv3_confidence,1789464794.4552484,1789464794.4552484,0.6145
/camera/world/agv2_confidence,1789464794.4553688,1789464794.4553688,0.6141
/camera/world/agv1_confidence,1789464794.491304,1789464794.491304,0.6195
/camera/world/agv2_confidence,1789464794.4914305,1789464794.4914305,0.6149
/camera/world/agv3_confidence,1789464794.4914718,1789464794.4914718,0.6121
/camera/world/agv1_confidence,1789464794.5255487,1789464794.5255487,0.6188
/camera/world/agv2_confidence,1789464794.525703,1789464794.525703,0.6132
/camera/world/agv3_confidence,1789464794.52604,1789464794.52604,0.6124
/camera/world/agv1_confidence,1789464794.5629911,1789464794.5629911,0.6175
/camera/world/agv3_confidence,1789464794.5630047,1789464794.5630047,0.6113
/camera/world/agv2_confidence,1789464794.56313,1789464794.56313,0.6147
/camera/world/agv1_confidence,1789464794.588988,1789464794.588988,0.6198
/camera/world/agv2_confidence,1789464794.5892828,1789464794.5892828,0.6145
/camera/world/agv3_confidence,1789464794.5893521,1789464794.5893521,0.6161
/camera/world/agv1_confidence,1789464794.6239746,1789464794.6239746,0.6191
/camera/world/agv2_confidence,1789464794.624012,1789464794.624012,0.614
/camera/world/agv3_confidence,1789464794.6242166,1789464794.6242166,0.6174
/camera/world/agv1_confidence,1789464794.6578064,1789464794.6578064,0.6167
/camera/world/agv2_confidence,1789464794.6579986,1789464794.6579986,0.6147
/camera/world/agv3_confidence,1789464794.6580389,1789464794.6580389,0.6149
/camera/world/agv3_confidence,1789464794.6925602,1789464794.6925602,0.6133
/camera/world/agv2_confidence,1789464794.6926186,1789464794.6926186,0.616
/camera/world/agv1_confidence,1789464794.6926332,1789464794.6926332,0.6125
/camera/world/agv3_confidence,1789464794.729969,1789464794.729969,0.6121
/camera/world/agv2_confidence,1789464794.7299716,1789464794.7299716,0.6147
/camera/world/agv1_confidence,1789464794.7301874,1789464794.7301874,0.6133
/camera/world/agv1_confidence,1789464794.7560844,1789464794.7560844,0.6173
/camera/world/agv3_confidence,1789464794.7560968,1789464794.7560968,0.6142
/camera/world/agv2_confidence,1789464794.756119,1789464794.756119,0.6147
/camera/world/agv1_confidence,1789464794.7957988,1789464794.7957988,0.6172
/camera/world/agv3_confidence,1789464794.7958493,1789464794.7958493,0.6145
/camera/world/agv2_confidence,1789464794.7959676,1789464794.7959676,0.6144
/camera/world/agv1_confidence,1789464794.8258872,1789464794.8258872,0.6193
/camera/world/agv3_confidence,1789464794.826066,1789464794.826066,0.6148
/camera/world/agv2_confidence,1789464794.8260837,1789464794.8260837,0.6153
/camera/world/agv1_confidence,1789464794.8566656,1789464794.8566656,0.6184
/camera/world/agv2_confidence,1789464794.8566825,1789464794.8566825,0.6132
/camera/world/agv3_confidence,1789464794.856798,1789464794.856798,0.6145
/camera/world/agv2_confidence,1789464794.892181,1789464794.892181,0.6152
/camera/world/agv1_confidence,1789464794.8922708,1789464794.8922708,0.613
/camera/world/agv3_confidence,1789464794.892385,1789464794.892385,0.6144
/camera/world/agv1_confidence,1789464794.9294,1789464794.9294,0.6146
/camera/world/agv2_confidence,1789464794.9296672,1789464794.9296672,0.6123
/camera/world/agv3_confidence,1789464794.9297788,1789464794.9297788,0.6158
/camera/world/agv1_confidence,1789464794.9582477,1789464794.9582477,0.6153
/camera/world/agv3_confidence,1789464794.9583695,1789464794.9583695,0.6135
/camera/world/agv2_confidence,1789464794.9584322,1789464794.9584322,0.6149
/camera/world/agv3_confidence,1789464794.993025,1789464794.993025,0.6141
/camera/world/agv1_confidence,1789464794.993029,1789464794.993029,0.5995
/camera/world/agv2_confidence,1789464794.9930615,1789464794.9930615,0.6155
/camera/world/agv2_confidence,1789464795.021641,1789464795.021641,0.615
/camera/world/agv1_confidence,1789464795.021705,1789464795.021705,0.6133
/camera/world/agv3_confidence,1789464795.0217445,1789464795.0217445,0.6135
/camera/world/agv2_confidence,1789464795.056283,1789464795.056283,0.6113
/camera/world/agv1_confidence,1789464795.0563242,1789464795.0563242,0.6132
/camera/world/agv3_confidence,1789464795.056552,1789464795.056552,0.6106
/camera/world/agv1_confidence,1789464795.0899055,1789464795.0899055,0.6202
/camera/world/agv2_confidence,1789464795.0900192,1789464795.0900192,0.6134
/camera/world/agv3_confidence,1789464795.0901852,1789464795.0901852,0.6148
/camera/world/agv3_confidence,1789464795.1243768,1789464795.1243768,0.6156
/camera/world/agv1_confidence,1789464795.1244898,1789464795.1244898,0.6186
/camera/world/agv2_confidence,1789464795.1245205,1789464795.1245205,0.6138
/camera/world/agv1_confidence,1789464795.1571527,1789464795.1571527,0.6186
/camera/world/agv3_confidence,1789464795.1574416,1789464795.1574416,0.6146
/camera/world/agv2_confidence,1789464795.1574624,1789464795.1574624,0.6152
/camera/world/agv1_confidence,1789464795.1913655,1789464795.1913655,0.6174
/camera/world/agv3_confidence,1789464795.1913984,1789464795.1913984,0.6137
/camera/world/agv2_confidence,1789464795.1914852,1789464795.1914852,0.6133
/camera/world/agv1_confidence,1789464795.2256095,1789464795.2256095,0.6179
/camera/world/agv2_confidence,1789464795.2256367,1789464795.2256367,0.6145
/camera/world/agv3_confidence,1789464795.2258186,1789464795.2258186,0.614
/camera/world/agv3_confidence,1789464795.2557611,1789464795.2557611,0.6146
/camera/world/agv2_confidence,1789464795.2557642,1789464795.2557642,0.6144
/camera/world/agv1_confidence,1789464795.2557714,1789464795.2557714,0.6177
/camera/world/agv2_confidence,1789464795.297086,1789464795.297086,0.6131
/camera/world/agv3_confidence,1789464795.2972653,1789464795.2972653,0.6146
/camera/world/agv1_confidence,1789464795.2972758,1789464795.2972758,0.6172
/camera/world/agv1_confidence,1789464795.337476,1789464795.337476,0.6177
/camera/world/agv2_confidence,1789464795.3376029,1789464795.3376029,0.6152
/camera/world/agv3_confidence,1789464795.3376148,1789464795.3376148,0.6146
/camera/world/agv1_confidence,1789464795.3655078,1789464795.3655078,0.6141
/camera/world/agv2_confidence,1789464795.365628,1789464795.365628,0.6143
/camera/world/agv3_confidence,1789464795.3657894,1789464795.3657894,0.6157
/camera/world/agv2_confidence,1789464795.42688,1789464795.42688,0.5847
/camera/world/agv1_confidence,1789464795.4269786,1789464795.4269786,0.6163
/camera/world/agv3_confidence,1789464795.4270654,1789464795.4270654,0.615
/camera/world/agv2_confidence,1789464795.42752,1789464795.42752,0.6151
/camera/world/agv1_confidence,1789464795.4275565,1789464795.4275565,0.6194
/camera/world/agv3_confidence,1789464795.4275942,1789464795.4275942,0.6149
/camera/world/agv1_confidence,1789464795.453767,1789464795.453767,0.6175
/camera/world/agv2_confidence,1789464795.4538698,1789464795.4538698,0.6151
/camera/world/agv3_confidence,1789464795.454215,1789464795.454215,0.6155
/camera/world/agv1_confidence,1789464795.4895806,1789464795.4895806,0.617
/camera/world/agv2_confidence,1789464795.4897466,1789464795.4897466,0.616
/camera/world/agv3_confidence,1789464795.4897616,1789464795.4897616,0.6149
/camera/world/agv1_confidence,1789464795.5214171,1789464795.5214171,0.6179
/camera/world/agv2_confidence,1789464795.5217168,1789464795.5217168,0.613
/camera/world/agv3_confidence,1789464795.5219388,1789464795.5219388,0.6157
/camera/world/agv3_confidence,1789464795.5562499,1789464795.5562499,0.6142
/camera/world/agv1_confidence,1789464795.5563178,1789464795.5563178,0.6206
/camera/world/agv2_confidence,1789464795.5563848,1789464795.5563848,0.6172
/camera/world/agv1_confidence,1789464795.5916378,1789464795.5916378,0.6184
/camera/world/agv3_confidence,1789464795.5919783,1789464795.5919783,0.6141
/camera/world/agv2_confidence,1789464795.5920434,1789464795.5920434,0.6157
/camera/world/agv3_confidence,1789464795.6251452,1789464795.6251452,0.6137
/camera/world/agv2_confidence,1789464795.625176,1789464795.625176,0.6173
/camera/world/agv1_confidence,1789464795.6253278,1789464795.6253278,0.6172
/camera/world/agv1_confidence,1789464795.6579697,1789464795.6579697,0.5996
/camera/world/agv3_confidence,1789464795.6580882,1789464795.6580882,0.6135
/camera/world/agv2_confidence,1789464795.6580975,1789464795.6580975,0.6126
/camera/world/agv1_confidence,1789464795.6919649,1789464795.6919649,0.6171
/camera/world/agv3_confidence,1789464795.6920426,1789464795.6920426,0.6151
/camera/world/agv2_confidence,1789464795.692063,1789464795.692063,0.6151
/camera/world/agv1_confidence,1789464795.7246895,1789464795.7246895,0.6179
/camera/world/agv2_confidence,1789464795.7248592,1789464795.7248592,0.6125
/camera/world/agv3_confidence,1789464795.7249343,1789464795.7249343,0.6146
/camera/world/agv1_confidence,1789464795.7576206,1789464795.7576206,0.6199
/camera/world/agv2_confidence,1789464795.757714,1789464795.757714,0.616
/camera/world/agv3_confidence,1789464795.7578604,1789464795.7578604,0.6142
/camera/world/agv1_confidence,1789464795.7905476,1789464795.7905476,0.619
/camera/world/agv2_confidence,1789464795.7906542,1789464795.7906542,0.613
/camera/world/agv3_confidence,1789464795.7907844,1789464795.7907844,0.6153
/camera/world/agv2_confidence,1789464795.839255,1789464795.839255,0.6164
/camera/world/agv3_confidence,1789464795.839272,1789464795.839272,0.6151
/camera/world/agv1_confidence,1789464795.8392866,1789464795.8392866,0.5977
/camera/world/agv2_confidence,1789464795.8564122,1789464795.8564122,0.6119
/camera/world/agv1_confidence,1789464795.8565137,1789464795.8565137,0.6117
/camera/world/agv3_confidence,1789464795.856517,1789464795.856517,0.6143
/camera/world/agv1_confidence,1789464795.8894804,1789464795.8894804,0.6166
/camera/world/agv2_confidence,1789464795.889531,1789464795.889531,0.6153
/camera/world/agv3_confidence,1789464795.889946,1789464795.889946,0.6124
/camera/world/agv1_confidence,1789464795.9296553,1789464795.9296553,0.6183
/camera/world/agv3_confidence,1789464795.9297118,1789464795.9297118,0.6158
/camera/world/agv2_confidence,1789464795.9297516,1789464795.9297516,0.6091
/camera/world/agv2_confidence,1789464795.9559343,1789464795.9559343,0.6155
/camera/world/agv1_confidence,1789464795.9559999,1789464795.9559999,0.6176
/camera/world/agv3_confidence,1789464795.9560983,1789464795.9560983,0.6144
/camera/world/agv2_confidence,1789464795.9906108,1789464795.9906108,0.6153
/camera/world/agv3_confidence,1789464795.9906683,1789464795.9906683,0.6126
/camera/world/agv1_confidence,1789464795.9906688,1789464795.9906688,0.6173
/camera/world/agv1_confidence,1789464796.0304854,1789464796.0304854,0.6188
/camera/world/agv2_confidence,1789464796.0305526,1789464796.0305526,0.6125
/camera/world/agv3_confidence,1789464796.0305843,1789464796.0305843,0.6135
/camera/world/agv3_confidence,1789464796.0656614,1789464796.0656614,0.6132
/camera/world/agv1_confidence,1789464796.06568,1789464796.06568,0.6144
/camera/world/agv2_confidence,1789464796.065712,1789464796.065712,0.6153
/camera/world/agv1_confidence,1789464796.0914645,1789464796.0914645,0.6168
/camera/world/agv2_confidence,1789464796.0914674,1789464796.0914674,0.6124
/camera/world/agv3_confidence,1789464796.091639,1789464796.091639,0.6145
/camera/world/agv1_confidence,1789464796.133292,1789464796.133292,0.6149
/camera/world/agv2_confidence,1789464796.133433,1789464796.133433,0.616
/camera/world/agv3_confidence,1789464796.1334348,1789464796.1334348,0.611
/camera/world/agv2_confidence,1789464796.159805,1789464796.159805,0.6166
/camera/world/agv1_confidence,1789464796.1599114,1789464796.1599114,0.6152
/camera/world/agv3_confidence,1789464796.1599379,1789464796.1599379,0.6138
/camera/world/agv1_confidence,1789464796.188444,1789464796.188444,0.6182
/camera/world/agv2_confidence,1789464796.1885521,1789464796.1885521,0.6141
/camera/world/agv3_confidence,1789464796.1889746,1789464796.1889746,0.6148
/camera/world/agv2_confidence,1789464796.22973,1789464796.22973,0.6149
/camera/world/agv3_confidence,1789464796.2298117,1789464796.2298117,0.616
/camera/world/agv1_confidence,1789464796.2298734,1789464796.2298734,0.6175
/camera/world/agv3_confidence,1789464796.2631986,1789464796.2631986,0.6149
/camera/world/agv1_confidence,1789464796.263207,1789464796.263207,0.6152
/camera/world/agv2_confidence,1789464796.2632291,1789464796.2632291,0.6156
/camera/world/agv1_confidence,1789464796.2898417,1789464796.2898417,0.62
/camera/world/agv3_confidence,1789464796.2898576,1789464796.2898576,0.6143
/camera/world/agv2_confidence,1789464796.2899098,1789464796.2899098,0.6164
/camera/world/agv2_confidence,1789464796.3217008,1789464796.3217008,0.6153
/camera/world/agv1_confidence,1789464796.3217592,1789464796.3217592,0.6164
/camera/world/agv3_confidence,1789464796.3219314,1789464796.3219314,0.614
/camera/world/agv2_confidence,1789464796.3549023,1789464796.3549023,0.6045
/camera/world/agv3_confidence,1789464796.3551018,1789464796.3551018,0.6142
/camera/world/agv1_confidence,1789464796.355107,1789464796.355107,0.6167
/camera/world/agv3_confidence,1789464796.389165,1789464796.389165,0.6122
/camera/world/agv2_confidence,1789464796.3891668,1789464796.3891668,0.6158
/camera/world/agv1_confidence,1789464796.3891687,1789464796.3891687,0.6156
/camera/world/agv1_confidence,1789464796.4238946,1789464796.4238946,0.6158
/camera/world/agv3_confidence,1789464796.4240654,1789464796.4240654,0.6108
/camera/world/agv2_confidence,1789464796.4241757,1789464796.4241757,0.6134
/camera/world/agv2_confidence,1789464796.4587955,1789464796.4587955,0.6162
/camera/world/agv3_confidence,1789464796.458847,1789464796.458847,0.6131
/camera/world/agv1_confidence,1789464796.4589157,1789464796.4589157,0.6137
/camera/world/agv1_confidence,1789464796.4931633,1789464796.4931633,0.6181
/camera/world/agv3_confidence,1789464796.4932046,1789464796.4932046,0.6141
/camera/world/agv2_confidence,1789464796.493215,1789464796.493215,0.6123
/camera/world/agv1_confidence,1789464796.5212824,1789464796.5212824,0.6167
/camera/world/agv3_confidence,1789464796.5212836,1789464796.5212836,0.6161
/camera/world/agv2_confidence,1789464796.5213084,1789464796.5213084,0.6164
/camera/world/agv1_confidence,1789464796.5572708,1789464796.5572708,0.6172
/camera/world/agv2_confidence,1789464796.557318,1789464796.557318,0.6162
/camera/world/agv3_confidence,1789464796.5574977,1789464796.5574977,0.6167
/camera/world/agv2_confidence,1789464796.590983,1789464796.590983,0.6149
/camera/world/agv1_confidence,1789464796.5909941,1789464796.5909941,0.6174
/camera/world/agv3_confidence,1789464796.5912943,1789464796.5912943,0.6173
/camera/world/agv2_confidence,1789464796.6313047,1789464796.6313047,0.6145
/camera/world/agv1_confidence,1789464796.6314094,1789464796.6314094,0.6133
/camera/world/agv3_confidence,1789464796.63148,1789464796.63148,0.6169
/camera/world/agv2_confidence,1789464796.6565304,1789464796.6565304,0.6154
/camera/world/agv3_confidence,1789464796.65654,1789464796.65654,0.6148
/camera/world/agv1_confidence,1789464796.6565642,1789464796.6565642,0.6186
/camera/world/agv1_confidence,1789464796.691141,1789464796.691141,0.6166
/camera/world/agv3_confidence,1789464796.6912518,1789464796.6912518,0.6153
/camera/world/agv2_confidence,1789464796.6913822,1789464796.6913822,0.615
/camera/world/agv1_confidence,1789464796.7295372,1789464796.7295372,0.6125
/camera/world/agv2_confidence,1789464796.7296298,1789464796.7296298,0.6141
/camera/world/agv3_confidence,1789464796.7297926,1789464796.7297926,0.6178
/camera/world/agv1_confidence,1789464796.75813,1789464796.75813,0.6132
/camera/world/agv3_confidence,1789464796.7581353,1789464796.7581353,0.6113
/camera/world/agv2_confidence,1789464796.7582324,1789464796.7582324,0.6158
/camera/world/agv2_confidence,1789464796.7897284,1789464796.7897284,0.6165
/camera/world/agv3_confidence,1789464796.7897317,1789464796.7897317,0.6112
/camera/world/agv1_confidence,1789464796.7897878,1789464796.7897878,0.6107
/camera/world/agv3_confidence,1789464796.8235393,1789464796.8235393,0.6144
/camera/world/agv2_confidence,1789464796.8235493,1789464796.8235493,0.6159
/camera/world/agv1_confidence,1789464796.8235955,1789464796.8235955,0.6177
/camera/world/agv1_confidence,1789464796.8565917,1789464796.8565917,0.6125
/camera/world/agv2_confidence,1789464796.8566246,1789464796.8566246,0.6121
/camera/world/agv3_confidence,1789464796.8568404,1789464796.8568404,0.6106
/camera/world/agv1_confidence,1789464796.8921733,1789464796.8921733,0.614
/camera/world/agv2_confidence,1789464796.8924034,1789464796.8924034,0.6152
/camera/world/agv3_confidence,1789464796.892662,1789464796.892662,0.6126
/camera/world/agv1_confidence,1789464796.9256697,1789464796.9256697,0.6159
/camera/world/agv2_confidence,1789464796.9257624,1789464796.9257624,0.6165
/camera/world/agv3_confidence,1789464796.9259956,1789464796.9259956,0.6119
/camera/world/agv2_confidence,1789464796.9536002,1789464796.9536002,0.6155
/camera/world/agv1_confidence,1789464796.9538004,1789464796.9538004,0.6129
/camera/world/agv3_confidence,1789464796.953901,1789464796.953901,0.6136
/camera/world/agv1_confidence,1789464796.9869175,1789464796.9869175,0.6115
/camera/world/agv3_confidence,1789464796.9871647,1789464796.9871647,0.6138
/camera/world/agv2_confidence,1789464796.9872057,1789464796.9872057,0.6161
/camera/world/agv1_confidence,1789464797.0201895,1789464797.0201895,0.6167
/camera/world/agv2_confidence,1789464797.020378,1789464797.020378,0.6145
/camera/world/agv3_confidence,1789464797.020652,1789464797.020652,0.6145
/camera/world/agv1_confidence,1789464797.0557146,1789464797.0557146,0.6128
/camera/world/agv2_confidence,1789464797.0559845,1789464797.0559845,0.617
/camera/world/agv3_confidence,1789464797.0560157,1789464797.0560157,0.6142
/camera/world/agv1_confidence,1789464797.0889056,1789464797.0889056,0.6127
/camera/world/agv2_confidence,1789464797.088915,1789464797.088915,0.6068
/camera/world/agv3_confidence,1789464797.089167,1789464797.089167,0.6186
/camera/world/agv1_confidence,1789464797.1245952,1789464797.1245952,0.5908
/camera/world/agv2_confidence,1789464797.1247053,1789464797.1247053,0.613
/camera/world/agv3_confidence,1789464797.1248734,1789464797.1248734,0.6188
/camera/world/agv2_confidence,1789464797.1563115,1789464797.1563115,0.6172
/camera/world/agv3_confidence,1789464797.1563323,1789464797.1563323,0.6164
/camera/world/agv1_confidence,1789464797.1563358,1789464797.1563358,0.6172
/camera/world/agv2_confidence,1789464797.1903853,1789464797.1903853,0.6146
/camera/world/agv1_confidence,1789464797.190524,1789464797.190524,0.6137
/camera/world/agv3_confidence,1789464797.190528,1789464797.190528,0.6163
/camera/world/agv1_confidence,1789464797.2234342,1789464797.2234342,0.5914
/camera/world/agv2_confidence,1789464797.2236464,1789464797.2236464,0.6174
/camera/world/agv3_confidence,1789464797.2236657,1789464797.2236657,0.6164
/camera/world/agv1_confidence,1789464797.2580266,1789464797.2580266,0.6148
/camera/world/agv2_confidence,1789464797.2582524,1789464797.2582524,0.6137
/camera/world/agv3_confidence,1789464797.258336,1789464797.258336,0.6165
/camera/world/agv2_confidence,1789464797.289542,1789464797.289542,0.6167
/camera/world/agv3_confidence,1789464797.2895505,1789464797.2895505,0.6165
/camera/world/agv1_confidence,1789464797.289635,1789464797.289635,0.6083
/camera/world/agv1_confidence,1789464797.322784,1789464797.322784,0.6186
/camera/world/agv2_confidence,1789464797.323045,1789464797.323045,0.6152
/camera/world/agv3_confidence,1789464797.3230472,1789464797.3230472,0.6165
/camera/world/agv3_confidence,1789464797.3556907,1789464797.3556907,0.6151
/camera/world/agv1_confidence,1789464797.3557036,1789464797.3557036,0.6091
/camera/world/agv2_confidence,1789464797.3557806,1789464797.3557806,0.6176
/camera/world/agv1_confidence,1789464797.3904254,1789464797.3904254,0.6161
/camera/world/agv2_confidence,1789464797.3904293,1789464797.3904293,0.6157
/camera/world/agv3_confidence,1789464797.3904314,1789464797.3904314,0.6158
/camera/world/agv1_confidence,1789464797.423691,1789464797.423691,0.6121
/camera/world/agv2_confidence,1789464797.423866,1789464797.423866,0.6161
/camera/world/agv3_confidence,1789464797.4239817,1789464797.4239817,0.6166
/camera/world/agv1_confidence,1789464797.457663,1789464797.457663,0.613
/camera/world/agv3_confidence,1789464797.4576726,1789464797.4576726,0.6156
/camera/world/agv2_confidence,1789464797.4576805,1789464797.4576805,0.6168
/camera/world/agv3_confidence,1789464797.4891493,1789464797.4891493,0.6162
/camera/world/agv2_confidence,1789464797.4891746,1789464797.4891746,0.615
/camera/world/agv1_confidence,1789464797.4892569,1789464797.4892569,0.6144
/camera/world/agv1_confidence,1789464797.5219326,1789464797.5219326,0.6177
/camera/world/agv2_confidence,1789464797.5221245,1789464797.5221245,0.6182
/camera/world/agv3_confidence,1789464797.5221276,1789464797.5221276,0.616
/camera/world/agv2_confidence,1789464797.555923,1789464797.555923,0.6158
/camera/world/agv1_confidence,1789464797.555931,1789464797.555931,0.6168
/camera/world/agv3_confidence,1789464797.5559855,1789464797.5559855,0.617
/camera/world/agv1_confidence,1789464797.5900376,1789464797.5900376,0.5923
/camera/world/agv2_confidence,1789464797.5901344,1789464797.5901344,0.6165
/camera/world/agv3_confidence,1789464797.5902169,1789464797.5902169,0.6163
/camera/world/agv2_confidence,1789464797.6232774,1789464797.6232774,0.6145
/camera/world/agv1_confidence,1789464797.623326,1789464797.623326,0.6123
/camera/world/agv3_confidence,1789464797.6234248,1789464797.6234248,0.6172
/camera/world/agv2_confidence,1789464797.6572878,1789464797.6572878,0.6176
/camera/world/agv1_confidence,1789464797.6572983,1789464797.6572983,0.6126
/camera/world/agv3_confidence,1789464797.6573203,1789464797.6573203,0.6175
/camera/world/agv3_confidence,1789464797.6911707,1789464797.6911707,0.6191
/camera/world/agv2_confidence,1789464797.6911743,1789464797.6911743,0.6169
/camera/world/agv1_confidence,1789464797.6911895,1789464797.6911895,0.6113
/camera/world/agv2_confidence,1789464797.72483,1789464797.72483,0.6131
/camera/world/agv1_confidence,1789464797.7248352,1789464797.7248352,0.6114
/camera/world/agv3_confidence,1789464797.7248986,1789464797.7248986,0.6176
/camera/world/agv3_confidence,1789464797.7576854,1789464797.7576854,0.6167
/camera/world/agv1_confidence,1789464797.7576904,1789464797.7576904,0.6145
/camera/world/agv2_confidence,1789464797.7578418,1789464797.7578418,0.6175
/camera/world/agv1_confidence,1789464797.7919137,1789464797.7919137,0.6131
/camera/world/agv3_confidence,1789464797.7919548,1789464797.7919548,0.6172
/camera/world/agv2_confidence,1789464797.7919931,1789464797.7919931,0.6078
/camera/world/agv1_confidence,1789464797.8257732,1789464797.8257732,0.6147
/camera/world/agv2_confidence,1789464797.8259254,1789464797.8259254,0.6158
/camera/world/agv3_confidence,1789464797.8259456,1789464797.8259456,0.6158
/camera/world/agv2_confidence,1789464797.85987,1789464797.85987,0.6161
/camera/world/agv1_confidence,1789464797.8598876,1789464797.8598876,0.6113
/camera/world/agv3_confidence,1789464797.8600414,1789464797.8600414,0.6167
/camera/world/agv2_confidence,1789464797.888474,1789464797.888474,0.6143
/camera/world/agv1_confidence,1789464797.8884916,1789464797.8884916,0.6097
/camera/world/agv3_confidence,1789464797.8886857,1789464797.8886857,0.6152
/camera/world/agv3_confidence,1789464797.925714,1789464797.925714,0.6135
/camera/world/agv2_confidence,1789464797.9257436,1789464797.9257436,0.6129
/camera/world/agv1_confidence,1789464797.9257643,1789464797.9257643,0.6137
/camera/world/agv2_confidence,1789464797.9616015,1789464797.9616015,0.6163
/camera/world/agv1_confidence,1789464797.9617426,1789464797.9617426,0.6124
/camera/world/agv3_confidence,1789464797.9618044,1789464797.9618044,0.6151
/camera/world/agv1_confidence,1789464797.9957492,1789464797.9957492,0.6141
/camera/world/agv2_confidence,1789464797.9959292,1789464797.9959292,0.612
/camera/world/agv3_confidence,1789464797.9960587,1789464797.9960587,0.6167
/camera/world/agv3_confidence,1789464798.0214639,1789464798.0214639,0.6169
/camera/world/agv2_confidence,1789464798.0215042,1789464798.0215042,0.615
/camera/world/agv1_confidence,1789464798.0215867,1789464798.0215867,0.6151
/camera/world/agv1_confidence,1789464798.0552554,1789464798.0552554,0.6159
/camera/world/agv3_confidence,1789464798.0552783,1789464798.0552783,0.6184
/camera/world/agv2_confidence,1789464798.055284,1789464798.055284,0.5915
/camera/world/agv1_confidence,1789464798.0909958,1789464798.0909958,0.6117
/camera/world/agv2_confidence,1789464798.0910716,1789464798.0910716,0.6176
/camera/world/agv3_confidence,1789464798.0911515,1789464798.0911515,0.6175
/camera/world/agv3_confidence,1789464798.1288977,1789464798.1288977,0.6159
/camera/world/agv2_confidence,1789464798.1289368,1789464798.1289368,0.6157
/camera/world/agv1_confidence,1789464798.1289554,1789464798.1289554,0.6156
/camera/world/agv1_confidence,1789464798.15722,1789464798.15722,0.6137
/camera/world/agv2_confidence,1789464798.1574092,1789464798.1574092,0.6114
/camera/world/agv3_confidence,1789464798.1576133,1789464798.1576133,0.6157
/camera/world/agv2_confidence,1789464798.196145,1789464798.196145,0.6171
/camera/world/agv3_confidence,1789464798.1962082,1789464798.1962082,0.6173
/camera/world/agv1_confidence,1789464798.1963315,1789464798.1963315,0.6155
/camera/world/agv1_confidence,1789464798.223635,1789464798.223635,0.6138
/camera/world/agv3_confidence,1789464798.22365,1789464798.22365,0.6177
/camera/world/agv2_confidence,1789464798.2236614,1789464798.2236614,0.6153
/camera/world/agv2_confidence,1789464798.2604907,1789464798.2604907,0.6176
/camera/world/agv1_confidence,1789464798.2605364,1789464798.2605364,0.6152
/camera/world/agv3_confidence,1789464798.2607076,1789464798.2607076,0.6164
/camera/world/agv2_confidence,1789464798.2885227,1789464798.2885227,0.6126
/camera/world/agv1_confidence,1789464798.288555,1789464798.288555,0.5923
/camera/world/agv3_confidence,1789464798.288582,1789464798.288582,0.6176
/camera/world/agv1_confidence,1789464798.32228,1789464798.32228,0.6104
/camera/world/agv2_confidence,1789464798.3223307,1789464798.3223307,0.615
/camera/world/agv3_confidence,1789464798.3225207,1789464798.3225207,0.6177
/camera/world/agv1_confidence,1789464798.3567636,1789464798.3567636,0.616
/camera/world/agv2_confidence,1789464798.3568661,1789464798.3568661,0.6152
/camera/world/agv3_confidence,1789464798.3568988,1789464798.3568988,0.6172
/camera/world/agv3_confidence,1789464798.3932393,1789464798.3932393,0.6137
/camera/world/agv2_confidence,1789464798.3932416,1789464798.3932416,0.6187
/camera/world/agv1_confidence,1789464798.3933055,1789464798.3933055,0.6133
/camera/world/agv1_confidence,1789464798.422052,1789464798.422052,0.5522
/camera/world/agv3_confidence,1789464798.4222817,1789464798.4222817,0.6161
/camera/world/agv2_confidence,1789464798.4223921,1789464798.4223921,0.6179
/camera/world/agv1_confidence,1789464798.4582613,1789464798.4582613,0.6128
/camera/world/agv3_confidence,1789464798.4583127,1789464798.4583127,0.6181
/camera/world/agv2_confidence,1789464798.4584455,1789464798.4584455,0.5629
/camera/world/agv1_confidence,1789464798.4913962,1789464798.4913962,0.6
/camera/world/agv3_confidence,1789464798.4914246,1789464798.4914246,0.6167
/camera/world/agv2_confidence,1789464798.4914467,1789464798.4914467,0.5852
/camera/world/agv2_confidence,1789464798.5247476,1789464798.5247476,0.6173
/camera/world/agv3_confidence,1789464798.5247774,1789464798.5247774,0.6179
/camera/world/agv1_confidence,1789464798.5248637,1789464798.5248637,0.6127
/camera/world/agv2_confidence,1789464798.556538,1789464798.556538,0.6171
/camera/world/agv1_confidence,1789464798.556555,1789464798.556555,0.611
/camera/world/agv3_confidence,1789464798.556668,1789464798.556668,0.6168
/camera/world/agv1_confidence,1789464798.5902998,1789464798.5902998,0.611
/camera/world/agv3_confidence,1789464798.5903265,1789464798.5903265,0.6162
/camera/world/agv2_confidence,1789464798.5903492,1789464798.5903492,0.6155
/camera/world/agv1_confidence,1789464798.6230865,1789464798.6230865,0.6078
/camera/world/agv3_confidence,1789464798.623115,1789464798.623115,0.6163
/camera/world/agv2_confidence,1789464798.6232874,1789464798.6232874,0.5757
/camera/world/agv2_confidence,1789464798.6566675,1789464798.6566675,0.6175
/camera/world/agv3_confidence,1789464798.656751,1789464798.656751,0.6158
/camera/world/agv1_confidence,1789464798.65688,1789464798.65688,0.6133
/camera/world/agv1_confidence,1789464798.691335,1789464798.691335,0.6102
/camera/world/agv2_confidence,1789464798.6913466,1789464798.6913466,0.6127
/camera/world/agv3_confidence,1789464798.6914792,1789464798.6914792,0.6158
/camera/world/agv1_confidence,1789464798.7296221,1789464798.7296221,0.6023
/camera/world/agv3_confidence,1789464798.72969,1789464798.72969,0.6188
/camera/world/agv2_confidence,1789464798.7297077,1789464798.7297077,0.6165
/camera/world/agv3_confidence,1789464798.753392,1789464798.753392,0.6161
/camera/world/agv1_confidence,1789464798.7533956,1789464798.7533956,0.6114
/camera/world/agv2_confidence,1789464798.753446,1789464798.753446,0.6148
/camera/world/agv1_confidence,1789464798.792147,1789464798.792147,0.6071
/camera/world/agv3_confidence,1789464798.7921586,1789464798.7921586,0.618
/camera/world/agv2_confidence,1789464798.7921677,1789464798.7921677,0.6167
/camera/world/agv1_confidence,1789464798.82086,1789464798.82086,0.6082
/camera/world/agv2_confidence,1789464798.8208663,1789464798.8208663,0.6147
/camera/world/agv3_confidence,1789464798.8210824,1789464798.8210824,0.6157
/camera/world/agv1_confidence,1789464798.8634114,1789464798.8634114,0.6114
/camera/world/agv2_confidence,1789464798.8634727,1789464798.8634727,0.6154
/camera/world/agv3_confidence,1789464798.8636894,1789464798.8636894,0.6173
/camera/world/agv1_confidence,1789464798.892474,1789464798.892474,0.6128
/camera/world/agv3_confidence,1789464798.892538,1789464798.892538,0.6169
/camera/world/agv2_confidence,1789464798.8925574,1789464798.8925574,0.6183
/camera/world/agv1_confidence,1789464798.92555,1789464798.92555,0.6078
/camera/world/agv2_confidence,1789464798.9256876,1789464798.9256876,0.6159
/camera/world/agv3_confidence,1789464798.9257936,1789464798.9257936,0.6173
/camera/world/agv1_confidence,1789464798.9600177,1789464798.9600177,0.578
/camera/world/agv2_confidence,1789464798.96002,1789464798.96002,0.6146
/camera/world/agv3_confidence,1789464798.9601755,1789464798.9601755,0.6198
/camera/world/agv1_confidence,1789464798.9891822,1789464798.9891822,0.6119
/camera/world/agv2_confidence,1789464798.9895022,1789464798.9895022,0.6167
/camera/world/agv3_confidence,1789464798.989504,1789464798.989504,0.6172
/camera/world/agv2_confidence,1789464799.0258906,1789464799.0258906,0.6165
/camera/world/agv3_confidence,1789464799.0259192,1789464799.0259192,0.6159
/camera/world/agv1_confidence,1789464799.0260615,1789464799.0260615,0.6111
/camera/world/agv1_confidence,1789464799.0618792,1789464799.0618792,0.6098
/camera/world/agv3_confidence,1789464799.0619013,1789464799.0619013,0.6175
/camera/world/agv2_confidence,1789464799.0619693,1789464799.0619693,0.6174
/camera/world/agv3_confidence,1789464799.0883741,1789464799.0883741,0.6156
/camera/world/agv2_confidence,1789464799.0885315,1789464799.0885315,0.5961
/camera/world/agv1_confidence,1789464799.0885317,1789464799.0885317,0.6075
/camera/world/agv2_confidence,1789464799.1299684,1789464799.1299684,0.6179
/camera/world/agv1_confidence,1789464799.1300516,1789464799.1300516,0.6097
/camera/world/agv3_confidence,1789464799.1301203,1789464799.1301203,0.6182
/camera/world/agv1_confidence,1789464799.1556954,1789464799.1556954,0.6117
/camera/world/agv2_confidence,1789464799.1558766,1789464799.1558766,0.6161
/camera/world/agv3_confidence,1789464799.1558855,1789464799.1558855,0.6176
/camera/world/agv2_confidence,1789464799.1881814,1789464799.1881814,0.6139
/camera/world/agv1_confidence,1789464799.1882014,1789464799.1882014,0.6033
/camera/world/agv3_confidence,1789464799.1884742,1789464799.1884742,0.6195
/camera/world/agv2_confidence,1789464799.2255764,1789464799.2255764,0.6126
/camera/world/agv3_confidence,1789464799.2255962,1789464799.2255962,0.6187
/camera/world/agv1_confidence,1789464799.2256222,1789464799.2256222,0.5876
/camera/world/agv1_confidence,1789464799.2623582,1789464799.2623582,0.6113
/camera/world/agv2_confidence,1789464799.2625453,1789464799.2625453,0.6162
/camera/world/agv3_confidence,1789464799.262653,1789464799.262653,0.6198
/camera/world/agv3_confidence,1789464799.2903788,1789464799.2903788,0.6178
/camera/world/agv2_confidence,1789464799.290418,1789464799.290418,0.6135
/camera/world/agv1_confidence,1789464799.2904584,1789464799.2904584,0.6069
/camera/world/agv2_confidence,1789464799.3221238,1789464799.3221238,0.6148
/camera/world/agv1_confidence,1789464799.3221462,1789464799.3221462,0.6085
/camera/world/agv3_confidence,1789464799.322356,1789464799.322356,0.6176
/camera/world/agv3_confidence,1789464799.3574965,1789464799.3574965,0.6186
/camera/world/agv2_confidence,1789464799.3575583,1789464799.3575583,0.6139
/camera/world/agv1_confidence,1789464799.357605,1789464799.357605,0.6065
/camera/world/agv1_confidence,1789464799.3904788,1789464799.3904788,0.6065
/camera/world/agv2_confidence,1789464799.3907077,1789464799.3907077,0.612
/camera/world/agv3_confidence,1789464799.3907504,1789464799.3907504,0.6166
/camera/world/agv2_confidence,1789464799.4308424,1789464799.4308424,0.6145
/camera/world/agv1_confidence,1789464799.430948,1789464799.430948,0.6055
/camera/world/agv3_confidence,1789464799.4313624,1789464799.4313624,0.6192
/camera/world/agv1_confidence,1789464799.4642775,1789464799.4642775,0.6071
/camera/world/agv2_confidence,1789464799.464509,1789464799.464509,0.6165
/camera/world/agv3_confidence,1789464799.464515,1789464799.464515,0.6184
/camera/world/agv3_confidence,1789464799.4968085,1789464799.4968085,0.6192
/camera/world/agv2_confidence,1789464799.4968133,1789464799.4968133,0.6165
/camera/world/agv1_confidence,1789464799.4968336,1789464799.4968336,0.6046
/camera/world/agv2_confidence,1789464799.5241914,1789464799.5241914,0.6101
/camera/world/agv1_confidence,1789464799.5242887,1789464799.5242887,0.6096
/camera/world/agv3_confidence,1789464799.5243018,1789464799.5243018,0.6184
/camera/world/agv1_confidence,1789464799.5570374,1789464799.5570374,0.571
/camera/world/agv2_confidence,1789464799.5572195,1789464799.5572195,0.6154
/camera/world/agv3_confidence,1789464799.5572333,1789464799.5572333,0.6202
/camera/world/agv1_confidence,1789464799.5922713,1789464799.5922713,0.6087
/camera/world/agv2_confidence,1789464799.5922763,1789464799.5922763,0.5933
/camera/world/agv3_confidence,1789464799.5922766,1789464799.5922766,0.6193
/camera/world/agv1_confidence,1789464799.623213,1789464799.623213,0.609
/camera/world/agv2_confidence,1789464799.6234503,1789464799.6234503,0.6153
/camera/world/agv3_confidence,1789464799.623475,1789464799.623475,0.6195
/camera/world/agv2_confidence,1789464799.6657915,1789464799.6657915,0.6146
/camera/world/agv3_confidence,1789464799.6658022,1789464799.6658022,0.6176
/camera/world/agv1_confidence,1789464799.6658297,1789464799.6658297,0.6048
/camera/world/agv2_confidence,1789464799.693121,1789464799.693121,0.6135
/camera/world/agv1_confidence,1789464799.6931715,1789464799.6931715,0.6101
/camera/world/agv3_confidence,1789464799.6932995,1789464799.6932995,0.616
/camera/world/agv2_confidence,1789464799.7218933,1789464799.7218933,0.6144
/camera/world/agv1_confidence,1789464799.7219412,1789464799.7219412,0.6133
/camera/world/agv3_confidence,1789464799.721976,1789464799.721976,0.6166
/camera/world/agv1_confidence,1789464799.7578294,1789464799.7578294,0.6102
/camera/world/agv3_confidence,1789464799.7580764,1789464799.7580764,0.6169
/camera/world/agv2_confidence,1789464799.7581003,1789464799.7581003,0.6155
/camera/world/agv1_confidence,1789464799.8046155,1789464799.8046155,0.6106
/camera/world/agv2_confidence,1789464799.8047636,1789464799.8047636,0.6126
/camera/world/agv3_confidence,1789464799.8049672,1789464799.8049672,0.6184
/camera/world/agv1_confidence,1789464799.8241549,1789464799.8241549,0.6032
/camera/world/agv3_confidence,1789464799.8242517,1789464799.8242517,0.6168
/camera/world/agv2_confidence,1789464799.8243957,1789464799.8243957,0.602
/camera/world/agv2_confidence,1789464799.8597155,1789464799.8597155,0.6133
/camera/world/agv1_confidence,1789464799.8597727,1789464799.8597727,0.6046
/camera/world/agv3_confidence,1789464799.859909,1789464799.859909,0.6183
/camera/world/agv1_confidence,1789464799.8904564,1789464799.8904564,0.6107
/camera/world/agv3_confidence,1789464799.8905935,1789464799.8905935,0.6201
/camera/world/agv2_confidence,1789464799.8906133,1789464799.8906133,0.6168
/camera/world/agv1_confidence,1789464799.9222414,1789464799.9222414,0.6098
/camera/world/agv2_confidence,1789464799.9222822,1789464799.9222822,0.6165
/camera/world/agv3_confidence,1789464799.9223797,1789464799.9223797,0.6198
/camera/world/agv2_confidence,1789464799.9642222,1789464799.9642222,0.6192
/camera/world/agv1_confidence,1789464799.9642632,1789464799.9642632,0.6106
/camera/world/agv3_confidence,1789464799.9643145,1789464799.9643145,0.6209
/camera/world/agv2_confidence,1789464799.9925456,1789464799.9925456,0.617
/camera/world/agv3_confidence,1789464799.992567,1789464799.992567,0.6192
/camera/world/agv1_confidence,1789464799.9926298,1789464799.9926298,0.6099
/camera/world/agv2_confidence,1789464800.0215206,1789464800.0215206,0.6157
/camera/world/agv1_confidence,1789464800.0215564,1789464800.0215564,0.6092
/camera/world/agv3_confidence,1789464800.0217972,1789464800.0217972,0.6181
/camera/world/agv1_confidence,1789464800.0564556,1789464800.0564556,0.6038
/camera/world/agv2_confidence,1789464800.056536,1789464800.056536,0.6131
/camera/world/agv3_confidence,1789464800.0566025,1789464800.0566025,0.6173
/camera/world/agv1_confidence,1789464800.1035473,1789464800.1035473,0.6097
/camera/world/agv3_confidence,1789464800.1035757,1789464800.1035757,0.6202
/camera/world/agv2_confidence,1789464800.1035783,1789464800.1035783,0.6134
/camera/world/agv1_confidence,1789464800.1343958,1789464800.1343958,0.5982
/camera/world/agv3_confidence,1789464800.134405,1789464800.134405,0.6187
/camera/world/agv2_confidence,1789464800.1344233,1789464800.1344233,0.6165
/camera/world/agv2_confidence,1789464800.1539676,1789464800.1539676,0.6113
/camera/world/agv3_confidence,1789464800.154234,1789464800.154234,0.6174
/camera/world/agv1_confidence,1789464800.1542487,1789464800.1542487,0.6091
/camera/world/agv2_confidence,1789464800.1899436,1789464800.1899436,0.6128
/camera/world/agv1_confidence,1789464800.1899753,1789464800.1899753,0.5842
/camera/world/agv3_confidence,1789464800.190006,1789464800.190006,0.6211
/camera/world/agv1_confidence,1789464800.2399137,1789464800.2399137,0.6
/camera/world/agv2_confidence,1789464800.2399173,1789464800.2399173,0.6131
/camera/world/agv3_confidence,1789464800.2402506,1789464800.2402506,0.6206
/camera/world/agv1_confidence,1789464800.2604792,1789464800.2604792,0.5974
/camera/world/agv2_confidence,1789464800.2606518,1789464800.2606518,0.6119
/camera/world/agv3_confidence,1789464800.260793,1789464800.260793,0.6224
/camera/world/agv1_confidence,1789464800.2919803,1789464800.2919803,0.6079
/camera/world/agv2_confidence,1789464800.2921212,1789464800.2921212,0.612
/camera/world/agv3_confidence,1789464800.292219,1789464800.292219,0.618
/camera/world/agv3_confidence,1789464800.3257005,1789464800.3257005,0.617
/camera/world/agv1_confidence,1789464800.3257098,1789464800.3257098,0.5985
/camera/world/agv2_confidence,1789464800.325723,1789464800.325723,0.6148
/camera/world/agv1_confidence,1789464800.357303,1789464800.357303,0.5352
/camera/world/agv3_confidence,1789464800.357553,1789464800.357553,0.6179
/camera/world/agv2_confidence,1789464800.3575613,1789464800.3575613,0.6152
/camera/world/agv1_confidence,1789464800.3903728,1789464800.3903728,0.6056
/camera/world/agv3_confidence,1789464800.3904784,1789464800.3904784,0.6207
/camera/world/agv2_confidence,1789464800.39056,1789464800.39056,0.6126
/camera/world/agv1_confidence,1789464800.4259462,1789464800.4259462,0.5427
/camera/world/agv2_confidence,1789464800.426162,1789464800.426162,0.6132
/camera/world/agv3_confidence,1789464800.4262576,1789464800.4262576,0.62
/camera/world/agv1_confidence,1789464800.4579587,1789464800.4579587,0.5977
/camera/world/agv2_confidence,1789464800.4581425,1789464800.4581425,0.6146
/camera/world/agv3_confidence,1789464800.4581447,1789464800.4581447,0.6185
/camera/world/agv1_confidence,1789464800.495481,1789464800.495481,0.6111
/camera/world/agv2_confidence,1789464800.495673,1789464800.495673,0.6134
/camera/world/agv3_confidence,1789464800.495684,1789464800.495684,0.6171
/camera/world/agv1_confidence,1789464800.521234,1789464800.521234,0.608
/camera/world/agv2_confidence,1789464800.5212476,1789464800.5212476,0.6148
/camera/world/agv3_confidence,1789464800.5213792,1789464800.5213792,0.6202
/camera/world/agv1_confidence,1789464800.5551267,1789464800.5551267,0.6084
/camera/world/agv2_confidence,1789464800.5551562,1789464800.5551562,0.6147
/camera/world/agv3_confidence,1789464800.5553493,1789464800.5553493,0.616
/camera/world/agv1_confidence,1789464800.5900881,1789464800.5900881,0.6018
/camera/world/agv3_confidence,1789464800.590159,1789464800.590159,0.6207
/camera/world/agv2_confidence,1789464800.590165,1789464800.590165,0.6154
/camera/world/agv3_confidence,1789464800.6268265,1789464800.6268265,0.6195
/camera/world/agv2_confidence,1789464800.6268923,1789464800.6268923,0.6142
/camera/world/agv1_confidence,1789464800.6269212,1789464800.6269212,0.6028
/camera/world/agv2_confidence,1789464800.6585765,1789464800.6585765,0.6099
/camera/world/agv3_confidence,1789464800.65859,1789464800.65859,0.6205
/camera/world/agv1_confidence,1789464800.658642,1789464800.658642,0.6022
/camera/world/agv1_confidence,1789464800.6920536,1789464800.6920536,0.6054
/camera/world/agv2_confidence,1789464800.6923225,1789464800.6923225,0.6126
/camera/world/agv3_confidence,1789464800.692339,1789464800.692339,0.6205
/camera/world/agv1_confidence,1789464800.7305555,1789464800.7305555,0.5971
/camera/world/agv3_confidence,1789464800.7308927,1789464800.7308927,0.6187
/camera/world/agv2_confidence,1789464800.7309222,1789464800.7309222,0.6143
/camera/world/agv2_confidence,1789464800.7556522,1789464800.7556522,0.6104
/camera/world/agv3_confidence,1789464800.7556684,1789464800.7556684,0.621
/camera/world/agv1_confidence,1789464800.755672,1789464800.755672,0.6017
/camera/world/agv1_confidence,1789464800.7905548,1789464800.7905548,0.5899
/camera/world/agv2_confidence,1789464800.7906032,1789464800.7906032,0.612
/camera/world/agv3_confidence,1789464800.7906373,1789464800.7906373,0.6166
/camera/world/agv1_confidence,1789464800.8253887,1789464800.8253887,0.5775
/camera/world/agv3_confidence,1789464800.825566,1789464800.825566,0.6171
/camera/world/agv2_confidence,1789464800.825596,1789464800.825596,0.6142
/camera/world/agv1_confidence,1789464800.8567996,1789464800.8567996,0.6076
/camera/world/agv2_confidence,1789464800.8569393,1789464800.8569393,0.6117
/camera/world/agv3_confidence,1789464800.8571327,1789464800.8571327,0.6205
/camera/world/agv2_confidence,1789464800.8922148,1789464800.8922148,0.61
/camera/world/agv3_confidence,1789464800.8922749,1789464800.8922749,0.6158
/camera/world/agv1_confidence,1789464800.8922951,1789464800.8922951,0.6052
/camera/world/agv2_confidence,1789464800.93073,1789464800.93073,0.6083
/camera/world/agv3_confidence,1789464800.9307435,1789464800.9307435,0.6198
/camera/world/agv1_confidence,1789464800.9307926,1789464800.9307926,0.606
/camera/world/agv1_confidence,1789464800.9724004,1789464800.9724004,0.5786
/camera/world/agv2_confidence,1789464800.9724326,1789464800.9724326,0.6128
/camera/world/agv3_confidence,1789464800.9725332,1789464800.9725332,0.6182
/camera/world/agv1_confidence,1789464800.992027,1789464800.992027,0.6032
/camera/world/agv3_confidence,1789464800.992189,1789464800.992189,0.6187
/camera/world/agv2_confidence,1789464800.9922059,1789464800.9922059,0.5708
/camera/world/agv1_confidence,1789464801.0376475,1789464801.0376475,0.5975
/camera/world/agv2_confidence,1789464801.0376558,1789464801.0376558,0.6108
/camera/world/agv3_confidence,1789464801.037909,1789464801.037909,0.6163
/camera/world/agv1_confidence,1789464801.056674,1789464801.056674,0.5918
/camera/world/agv3_confidence,1789464801.0568664,1789464801.0568664,0.6174
/camera/world/agv2_confidence,1789464801.0568745,1789464801.0568745,0.6125
/camera/world/agv2_confidence,1789464801.102965,1789464801.102965,0.6135
/camera/world/agv1_confidence,1789464801.1030774,1789464801.1030774,0.5876
/camera/world/agv3_confidence,1789464801.1031437,1789464801.1031437,0.6182
/camera/world/agv1_confidence,1789464801.1305466,1789464801.1305466,0.5922
/camera/world/agv3_confidence,1789464801.1305816,1789464801.1305816,0.6186
/camera/world/agv2_confidence,1789464801.1306493,1789464801.1306493,0.6134
/camera/world/agv2_confidence,1789464801.167474,1789464801.167474,0.6079
/camera/world/agv1_confidence,1789464801.1674778,1789464801.1674778,0.5931
/camera/world/agv3_confidence,1789464801.1675396,1789464801.1675396,0.6202
/camera/world/agv2_confidence,1789464801.2018373,1789464801.2018373,0.5798
/camera/world/agv1_confidence,1789464801.2018428,1789464801.2018428,0.5921
/camera/world/agv3_confidence,1789464801.2020338,1789464801.2020338,0.6193
/camera/world/agv1_confidence,1789464801.2293892,1789464801.2293892,0.607
/camera/world/agv2_confidence,1789464801.2295136,1789464801.2295136,0.6108
/camera/world/agv3_confidence,1789464801.2296963,1789464801.2296963,0.6164
/camera/world/agv3_confidence,1789464801.257185,1789464801.257185,0.6155
/camera/world/agv1_confidence,1789464801.257234,1789464801.257234,0.5652
/camera/world/agv2_confidence,1789464801.257273,1789464801.257273,0.6139
/camera/world/agv2_confidence,1789464801.2897239,1789464801.2897239,0.6131
/camera/world/agv1_confidence,1789464801.2898386,1789464801.2898386,0.6057
/camera/world/agv3_confidence,1789464801.2899277,1789464801.2899277,0.6181
/camera/world/agv2_confidence,1789464801.33653,1789464801.33653,0.5757
/camera/world/agv1_confidence,1789464801.3365874,1789464801.3365874,0.5956
/camera/world/agv3_confidence,1789464801.3366032,1789464801.3366032,0.6205
/camera/world/agv1_confidence,1789464801.364739,1789464801.364739,0.5865
/camera/world/agv2_confidence,1789464801.364895,1789464801.364895,0.5658
/camera/world/agv3_confidence,1789464801.3650582,1789464801.3650582,0.618
/camera/world/agv1_confidence,1789464801.3915637,1789464801.3915637,0.5813
/camera/world/agv2_confidence,1789464801.391622,1789464801.391622,0.6098
/camera/world/agv3_confidence,1789464801.391883,1789464801.391883,0.6181
/camera/world/agv1_confidence,1789464801.422191,1789464801.422191,0.5967
/camera/world/agv2_confidence,1789464801.422333,1789464801.422333,0.6078
/camera/world/agv3_confidence,1789464801.4224558,1789464801.4224558,0.619
/camera/world/agv1_confidence,1789464801.460493,1789464801.460493,0.5947
/camera/world/agv2_confidence,1789464801.4607134,1789464801.4607134,0.6084
/camera/world/agv3_confidence,1789464801.4608083,1789464801.4608083,0.6162
/camera/world/agv1_confidence,1789464801.4890227,1789464801.4890227,0.5607
/camera/world/agv2_confidence,1789464801.489172,1789464801.489172,0.6107
/camera/world/agv3_confidence,1789464801.4892957,1789464801.4892957,0.6175
/camera/world/agv2_confidence,1789464801.5242844,1789464801.5242844,0.6121
/camera/world/agv3_confidence,1789464801.5243325,1789464801.5243325,0.6156
/camera/world/agv1_confidence,1789464801.5244567,1789464801.5244567,0.5809
/camera/world/agv1_confidence,1789464801.5631812,1789464801.5631812,0.5947
/camera/world/agv3_confidence,1789464801.5632915,1789464801.5632915,0.6189
/camera/world/agv2_confidence,1789464801.5633724,1789464801.5633724,0.6108
/camera/world/agv3_confidence,1789464801.590523,1789464801.590523,0.62
/camera/world/agv2_confidence,1789464801.5905335,1789464801.5905335,0.6132
/camera/world/agv1_confidence,1789464801.590571,1789464801.590571,0.5732
/camera/world/agv1_confidence,1789464801.6253898,1789464801.6253898,0.5823
/camera/world/agv2_confidence,1789464801.6254642,1789464801.6254642,0.6096
/camera/world/agv3_confidence,1789464801.6256235,1789464801.6256235,0.5921
/camera/world/agv2_confidence,1789464801.665177,1789464801.665177,0.6098
/camera/world/agv1_confidence,1789464801.6652796,1789464801.6652796,0.6079
/camera/world/agv3_confidence,1789464801.6653235,1789464801.6653235,0.6154
/camera/world/agv1_confidence,1789464801.6922858,1789464801.6922858,0.6041
/camera/world/agv2_confidence,1789464801.6925108,1789464801.6925108,0.61
/camera/world/agv3_confidence,1789464801.692536,1789464801.692536,0.62
/camera/world/agv1_confidence,1789464801.7242908,1789464801.7242908,0.5429
/camera/world/agv3_confidence,1789464801.7244084,1789464801.7244084,0.6171
/camera/world/agv2_confidence,1789464801.7244313,1789464801.7244313,0.6095
/camera/world/agv2_confidence,1789464801.7595892,1789464801.7595892,0.6108
/camera/world/agv1_confidence,1789464801.7596068,1789464801.7596068,0.5969
/camera/world/agv3_confidence,1789464801.759651,1789464801.759651,0.592
/camera/world/agv3_confidence,1789464801.795552,1789464801.795552,0.618
/camera/world/agv2_confidence,1789464801.795574,1789464801.795574,0.606
/camera/world/agv1_confidence,1789464801.7956104,1789464801.7956104,0.5794
/camera/world/agv2_confidence,1789464801.8283877,1789464801.8283877,0.612
/camera/world/agv1_confidence,1789464801.8284461,1789464801.8284461,0.5852
/camera/world/agv3_confidence,1789464801.8286572,1789464801.8286572,0.6181
/camera/world/agv1_confidence,1789464801.865813,1789464801.865813,0.5936
/camera/world/agv2_confidence,1789464801.8661914,1789464801.8661914,0.6075
/camera/world/agv3_confidence,1789464801.8662481,1789464801.8662481,0.6197
/camera/world/agv2_confidence,1789464801.88936,1789464801.88936,0.5767
/camera/world/agv1_confidence,1789464801.8894224,1789464801.8894224,0.588
/camera/world/agv3_confidence,1789464801.8894534,1789464801.8894534,0.6177
/camera/world/agv1_confidence,1789464801.9303572,1789464801.9303572,0.6056
/camera/world/agv3_confidence,1789464801.930503,1789464801.930503,0.6154
/camera/world/agv2_confidence,1789464801.9306233,1789464801.9306233,0.6132
/camera/world/agv1_confidence,1789464801.957681,1789464801.957681,0.5366
/camera/world/agv3_confidence,1789464801.9576948,1789464801.9576948,0.6163
/camera/world/agv2_confidence,1789464801.957724,1789464801.957724,0.6126
/camera/world/agv1_confidence,1789464801.9922144,1789464801.9922144,0.5945
/camera/world/agv2_confidence,1789464801.992416,1789464801.992416,0.607
/camera/world/agv3_confidence,1789464801.9924603,1789464801.9924603,0.6202
/camera/world/agv1_confidence,1789464802.0258985,1789464802.0258985,0.5969
/camera/world/agv2_confidence,1789464802.0259771,1789464802.0259771,0.6098
/camera/world/agv3_confidence,1789464802.0261188,1789464802.0261188,0.617
/camera/world/agv1_confidence,1789464802.0668504,1789464802.0668504,0.6047
/camera/world/agv2_confidence,1789464802.0670633,1789464802.0670633,0.6131
/camera/world/agv3_confidence,1789464802.0671334,1789464802.0671334,0.6169
/camera/world/agv2_confidence,1789464802.092179,1789464802.092179,0.6113
/camera/world/agv3_confidence,1789464802.0922315,1789464802.0922315,0.6182
/camera/world/agv1_confidence,1789464802.0922482,1789464802.0922482,0.5413
/camera/world/agv1_confidence,1789464802.1249266,1789464802.1249266,0.5758
/camera/world/agv2_confidence,1789464802.1249428,1789464802.1249428,0.6122
/camera/world/agv3_confidence,1789464802.12496,1789464802.12496,0.6168
/camera/world/agv1_confidence,1789464802.1633384,1789464802.1633384,0.5176
/camera/world/agv3_confidence,1789464802.1633773,1789464802.1633773,0.6164
/camera/world/agv2_confidence,1789464802.1633892,1789464802.1633892,0.6098
/camera/world/agv1_confidence,1789464802.1894624,1789464802.1894624,0.6012
/camera/world/agv2_confidence,1789464802.189498,1789464802.189498,0.6127
/camera/world/agv3_confidence,1789464802.189502,1789464802.189502,0.6162
/camera/world/agv1_confidence,1789464802.2248108,1789464802.2248108,0.5771
/camera/world/agv2_confidence,1789464802.2248352,1789464802.2248352,0.6079
/camera/world/agv3_confidence,1789464802.224873,1789464802.224873,0.6177
/camera/world/agv1_confidence,1789464802.2586863,1789464802.2586863,0.6035
/camera/world/agv3_confidence,1789464802.2588592,1789464802.2588592,0.6139
/camera/world/agv2_confidence,1789464802.2589033,1789464802.2589033,0.6105
/camera/world/agv2_confidence,1789464802.2960796,1789464802.2960796,0.6132
/camera/world/agv1_confidence,1789464802.2960873,1789464802.2960873,0.6026
/camera/world/agv3_confidence,1789464802.296109,1789464802.296109,0.616
/camera/world/agv2_confidence,1789464802.3261425,1789464802.3261425,0.6094
/camera/world/agv1_confidence,1789464802.3261538,1789464802.3261538,0.5791
/camera/world/agv3_confidence,1789464802.3262136,1789464802.3262136,0.6157
/camera/world/agv1_confidence,1789464802.3653357,1789464802.3653357,0.6045
/camera/world/agv2_confidence,1789464802.3655016,1789464802.3655016,0.6105
/camera/world/agv3_confidence,1789464802.3655245,1789464802.3655245,0.6174
/camera/world/agv1_confidence,1789464802.3904548,1789464802.3904548,0.5805
/camera/world/agv3_confidence,1789464802.390489,1789464802.390489,0.6161
/camera/world/agv2_confidence,1789464802.3906226,1789464802.3906226,0.6098
/camera/world/agv1_confidence,1789464802.424907,1789464802.424907,0.6046
/camera/world/agv3_confidence,1789464802.424945,1789464802.424945,0.6151
/camera/world/agv2_confidence,1789464802.4249663,1789464802.4249663,0.6124
/camera/world/agv1_confidence,1789464802.4547327,1789464802.4547327,0.5967
/camera/world/agv2_confidence,1789464802.4548104,1789464802.4548104,0.6112
/camera/world/agv3_confidence,1789464802.4549663,1789464802.4549663,0.6169
/camera/world/agv3_confidence,1789464802.4895377,1789464802.4895377,0.6184
/camera/world/agv1_confidence,1789464802.4896302,1789464802.4896302,0.5978
/camera/world/agv2_confidence,1789464802.4897177,1789464802.4897177,0.6051
/camera/world/agv3_confidence,1789464802.523081,1789464802.523081,0.6177
/camera/world/agv1_confidence,1789464802.5230982,1789464802.5230982,0.6015
/camera/world/agv2_confidence,1789464802.5232406,1789464802.5232406,0.5826
/camera/world/agv1_confidence,1789464802.561424,1789464802.561424,0.5729
/camera/world/agv3_confidence,1789464802.5614498,1789464802.5614498,0.6145
/camera/world/agv2_confidence,1789464802.5615807,1789464802.5615807,0.6099
/camera/world/agv1_confidence,1789464802.590015,1789464802.590015,0.5258
/camera/world/agv2_confidence,1789464802.5901546,1789464802.5901546,0.608
/camera/world/agv3_confidence,1789464802.5902994,1789464802.5902994,0.6189
/camera/world/agv2_confidence,1789464802.6243608,1789464802.6243608,0.6096
/camera/world/agv1_confidence,1789464802.6243732,1789464802.6243732,0.588
/camera/world/agv3_confidence,1789464802.624464,1789464802.624464,0.6133
/camera/world/agv2_confidence,1789464802.661852,1789464802.661852,0.6082
/camera/world/agv3_confidence,1789464802.6619396,1789464802.6619396,0.6161
/camera/world/agv1_confidence,1789464802.6620462,1789464802.6620462,0.5935
/camera/world/agv1_confidence,1789464802.688526,1789464802.688526,0.5906
/camera/world/agv3_confidence,1789464802.6886063,1789464802.6886063,0.6174
/camera/world/agv2_confidence,1789464802.6886213,1789464802.6886213,0.6105
/camera/world/agv1_confidence,1789464802.7235808,1789464802.7235808,0.5821
/camera/world/agv3_confidence,1789464802.7236128,1789464802.7236128,0.6192
/camera/world/agv2_confidence,1789464802.723737,1789464802.723737,0.6121
/camera/world/agv2_confidence,1789464802.759109,1789464802.759109,0.6081
/camera/world/agv1_confidence,1789464802.7591848,1789464802.7591848,0.6039
/camera/world/agv3_confidence,1789464802.7591884,1789464802.7591884,0.6171
/camera/world/agv1_confidence,1789464802.7959201,1789464802.7959201,0.5859
/camera/world/agv2_confidence,1789464802.7960014,1789464802.7960014,0.6118
/camera/world/agv3_confidence,1789464802.7960315,1789464802.7960315,0.6153
/camera/world/agv1_confidence,1789464802.8260717,1789464802.8260717,0.595
/camera/world/agv3_confidence,1789464802.8261406,1789464802.8261406,0.6167
/camera/world/agv2_confidence,1789464802.8261545,1789464802.8261545,0.6039
/camera/world/agv2_confidence,1789464802.8610842,1789464802.8610842,0.6065
/camera/world/agv1_confidence,1789464802.8610902,1789464802.8610902,0.5781
/camera/world/agv3_confidence,1789464802.8612247,1789464802.8612247,0.6159
/camera/world/agv2_confidence,1789464802.892037,1789464802.892037,0.6091
/camera/world/agv1_confidence,1789464802.8921065,1789464802.8921065,0.5675
/camera/world/agv3_confidence,1789464802.8921962,1789464802.8921962,0.6132
/camera/world/agv2_confidence,1789464802.9299402,1789464802.9299402,0.6107
/camera/world/agv1_confidence,1789464802.9300392,1789464802.9300392,0.5479
/camera/world/agv3_confidence,1789464802.9300487,1789464802.9300487,0.6174
/camera/world/agv2_confidence,1789464802.9562445,1789464802.9562445,0.6123
/camera/world/agv1_confidence,1789464802.9563255,1789464802.9563255,0.5789
/camera/world/agv3_confidence,1789464802.9563847,1789464802.9563847,0.6142
/camera/world/agv1_confidence,1789464802.99143,1789464802.99143,0.5862
/camera/world/agv3_confidence,1789464802.9914856,1789464802.9914856,0.614
/camera/world/agv2_confidence,1789464802.9917006,1789464802.9917006,0.6065
/camera/world/agv1_confidence,1789464803.0250406,1789464803.0250406,0.5811
/camera/world/agv2_confidence,1789464803.025203,1789464803.025203,0.6093
/camera/world/agv3_confidence,1789464803.0252469,1789464803.0252469,0.6156
/camera/world/agv2_confidence,1789464803.0583277,1789464803.0583277,0.6076
/camera/world/agv1_confidence,1789464803.058372,1789464803.058372,0.5474
/camera/world/agv3_confidence,1789464803.0583754,1789464803.0583754,0.6168
/camera/world/agv1_confidence,1789464803.0925777,1789464803.0925777,0.5961
/camera/world/agv2_confidence,1789464803.0925841,1789464803.0925841,0.6093
/camera/world/agv3_confidence,1789464803.0927887,1789464803.0927887,0.6122
/camera/world/agv1_confidence,1789464803.1258125,1789464803.1258125,0.6047
/camera/world/agv2_confidence,1789464803.1261108,1789464803.1261108,0.6031
/camera/world/agv3_confidence,1789464803.1262386,1789464803.1262386,0.6134
/camera/world/agv2_confidence,1789464803.1622324,1789464803.1622324,0.6123
/camera/world/agv1_confidence,1789464803.162264,1789464803.162264,0.5793
/camera/world/agv3_confidence,1789464803.1624334,1789464803.1624334,0.6148
/camera/world/agv1_confidence,1789464803.1888392,1789464803.1888392,0.5805
/camera/world/agv3_confidence,1789464803.188923,1789464803.188923,0.6151
/camera/world/agv2_confidence,1789464803.1889355,1789464803.1889355,0.6072
/camera/world/agv1_confidence,1789464803.2231164,1789464803.2231164,0.5652
/camera/world/agv2_confidence,1789464803.223303,1789464803.223303,0.6086
/camera/world/agv3_confidence,1789464803.2233307,1789464803.2233307,0.6162
/camera/world/agv1_confidence,1789464803.2583718,1789464803.2583718,0.5596
/camera/world/agv2_confidence,1789464803.258601,1789464803.258601,0.5914
/camera/world/agv3_confidence,1789464803.2586138,1789464803.2586138,0.6131
/camera/world/agv1_confidence,1789464803.2893608,1789464803.2893608,0.5699
/camera/world/agv2_confidence,1789464803.2895296,1789464803.2895296,0.6101
/camera/world/agv3_confidence,1789464803.2897253,1789464803.2897253,0.6122
/camera/world/agv3_confidence,1789464803.324589,1789464803.324589,0.6133
/camera/world/agv2_confidence,1789464803.3246355,1789464803.3246355,0.6102
/camera/world/agv1_confidence,1789464803.3248184,1789464803.3248184,0.5602
/camera/world/agv1_confidence,1789464803.358471,1789464803.358471,0.5627
/camera/world/agv2_confidence,1789464803.3585684,1789464803.3585684,0.6043
/camera/world/agv3_confidence,1789464803.3586633,1789464803.3586633,0.6174
/camera/world/agv2_confidence,1789464803.3904219,1789464803.3904219,0.6042
/camera/world/agv1_confidence,1789464803.3904314,1789464803.3904314,0.5849
/camera/world/agv3_confidence,1789464803.3904343,1789464803.3904343,0.6149
/camera/world/agv2_confidence,1789464803.4261,1789464803.4261,0.5836
/camera/world/agv1_confidence,1789464803.426133,1789464803.426133,0.569
/camera/world/agv3_confidence,1789464803.4261744,1789464803.4261744,0.6161
/camera/world/agv1_confidence,1789464803.4522457,1789464803.4522457,0.5924
/camera/world/agv3_confidence,1789464803.4522943,1789464803.4522943,0.6149
/camera/world/agv2_confidence,1789464803.4524014,1789464803.4524014,0.6114
/camera/world/agv2_confidence,1789464803.4881067,1789464803.4881067,0.6086
/camera/world/agv1_confidence,1789464803.4881406,1789464803.4881406,0.5664
/camera/world/agv3_confidence,1789464803.488157,1789464803.488157,0.6142
/camera/world/agv2_confidence,1789464803.5257237,1789464803.5257237,0.5892
/camera/world/agv3_confidence,1789464803.5257916,1789464803.5257916,0.6156
/camera/world/agv1_confidence,1789464803.5258126,1789464803.5258126,0.5863
/camera/world/agv1_confidence,1789464803.5569508,1789464803.5569508,0.5918
/camera/world/agv3_confidence,1789464803.5571854,1789464803.5571854,0.6161
/camera/world/agv2_confidence,1789464803.557192,1789464803.557192,0.6069
/camera/world/agv1_confidence,1789464803.6033676,1789464803.6033676,0.5802
/camera/world/agv2_confidence,1789464803.6036386,1789464803.6036386,0.6051
/camera/world/agv3_confidence,1789464803.6036878,1789464803.6036878,0.6162
/camera/world/agv1_confidence,1789464803.6288095,1789464803.6288095,0.5846
/camera/world/agv3_confidence,1789464803.6289368,1789464803.6289368,0.576
/camera/world/agv2_confidence,1789464803.628959,1789464803.628959,0.6009
/camera/world/agv1_confidence,1789464803.6566265,1789464803.6566265,0.5241
/camera/world/agv3_confidence,1789464803.6566343,1789464803.6566343,0.6144
/camera/world/agv2_confidence,1789464803.6566844,1789464803.6566844,0.6041
/camera/world/agv1_confidence,1789464803.694427,1789464803.694427,0.5768
/camera/world/agv3_confidence,1789464803.694507,1789464803.694507,0.6162
/camera/world/agv2_confidence,1789464803.6945095,1789464803.6945095,0.6092
/camera/world/agv1_confidence,1789464803.7225103,1789464803.7225103,0.6043
/camera/world/agv2_confidence,1789464803.7225595,1789464803.7225595,0.609
/camera/world/agv3_confidence,1789464803.72256,1789464803.72256,0.6141
/camera/world/agv2_confidence,1789464803.7557425,1789464803.7557425,0.5758
/camera/world/agv1_confidence,1789464803.7557433,1789464803.7557433,0.5814
/camera/world/agv3_confidence,1789464803.7558851,1789464803.7558851,0.6147
/camera/world/agv2_confidence,1789464803.7927682,1789464803.7927682,0.6047
/camera/world/agv1_confidence,1789464803.7927725,1789464803.7927725,0.587
/camera/world/agv3_confidence,1789464803.7928648,1789464803.7928648,0.615
/camera/world/agv1_confidence,1789464803.8241382,1789464803.8241382,0.5768
/camera/world/agv3_confidence,1789464803.8242815,1789464803.8242815,0.6144
/camera/world/agv2_confidence,1789464803.824293,1789464803.824293,0.61
/camera/world/agv1_confidence,1789464803.85851,1789464803.85851,0.5864
/camera/world/agv2_confidence,1789464803.8585362,1789464803.8585362,0.6028
/camera/world/agv3_confidence,1789464803.8587482,1789464803.8587482,0.6143
/camera/world/agv1_confidence,1789464803.9053593,1789464803.9053593,0.5895
/camera/world/agv2_confidence,1789464803.90558,1789464803.90558,0.6017
/camera/world/agv3_confidence,1789464803.9056056,1789464803.9056056,0.6149
/camera/world/agv2_confidence,1789464803.923269,1789464803.923269,0.6074
/camera/world/agv1_confidence,1789464803.9232693,1789464803.9232693,0.5886
/camera/world/agv3_confidence,1789464803.923499,1789464803.923499,0.6132
/camera/world/agv1_confidence,1789464803.9565442,1789464803.9565442,0.589
/camera/world/agv2_confidence,1789464803.9567823,1789464803.9567823,0.6089
/camera/world/agv3_confidence,1789464803.956799,1789464803.956799,0.6154
/camera/world/agv2_confidence,1789464803.9928966,1789464803.9928966,0.599
/camera/world/agv3_confidence,1789464803.9930007,1789464803.9930007,0.6124
/camera/world/agv1_confidence,1789464803.9930084,1789464803.9930084,0.5958
/camera/world/agv2_confidence,1789464804.0220597,1789464804.0220597,0.5789
/camera/world/agv3_confidence,1789464804.0221303,1789464804.0221303,0.6095
/camera/world/agv1_confidence,1789464804.0221436,1789464804.0221436,0.587
/camera/world/agv1_confidence,1789464804.0552673,1789464804.0552673,0.5853
/camera/world/agv2_confidence,1789464804.0553777,1789464804.0553777,0.6085
/camera/world/agv3_confidence,1789464804.0555804,1789464804.0555804,0.6141
/camera/world/agv1_confidence,1789464804.0899427,1789464804.0899427,0.5938
/camera/world/agv2_confidence,1789464804.0900426,1789464804.0900426,0.6091
/camera/world/agv3_confidence,1789464804.090196,1789464804.090196,0.6124
/camera/world/agv2_confidence,1789464804.1295354,1789464804.1295354,0.5997
/camera/world/agv1_confidence,1789464804.129589,1789464804.129589,0.5903
/camera/world/agv3_confidence,1789464804.1295998,1789464804.1295998,0.6148
/camera/world/agv2_confidence,1789464804.1635003,1789464804.1635003,0.5522
/camera/world/agv3_confidence,1789464804.1635401,1789464804.1635401,0.6141
/camera/world/agv1_confidence,1789464804.163551,1789464804.163551,0.5854
/camera/world/agv3_confidence,1789464804.1952221,1789464804.1952221,0.6126
/camera/world/agv2_confidence,1789464804.1952248,1789464804.1952248,0.6027
/camera/world/agv1_confidence,1789464804.1952798,1789464804.1952798,0.5888
/camera/world/agv2_confidence,1789464804.2234957,1789464804.2234957,0.6089
/camera/world/agv1_confidence,1789464804.223537,1789464804.223537,0.5862
/camera/world/agv3_confidence,1789464804.2236538,1789464804.2236538,0.6149
/camera/world/agv1_confidence,1789464804.2563202,1789464804.2563202,0.5927
/camera/world/agv2_confidence,1789464804.2564905,1789464804.2564905,0.5994
/camera/world/agv3_confidence,1789464804.256779,1789464804.256779,0.6153
/camera/world/agv1_confidence,1789464804.2914176,1789464804.2914176,0.5859
/camera/world/agv2_confidence,1789464804.2914226,1789464804.2914226,0.5998
/camera/world/agv3_confidence,1789464804.291439,1789464804.291439,0.6127
/camera/world/agv2_confidence,1789464804.3270764,1789464804.3270764,0.5938
/camera/world/agv1_confidence,1789464804.327123,1789464804.327123,0.5882
/camera/world/agv3_confidence,1789464804.3272638,1789464804.3272638,0.6086
/camera/world/agv1_confidence,1789464804.3562706,1789464804.3562706,0.5905
/camera/world/agv2_confidence,1789464804.3566558,1789464804.3566558,0.6084
/camera/world/agv3_confidence,1789464804.356681,1789464804.356681,0.6155
/camera/world/agv1_confidence,1789464804.3986762,1789464804.3986762,0.5533
/camera/world/agv2_confidence,1789464804.398685,1789464804.398685,0.6061
/camera/world/agv3_confidence,1789464804.3989,1789464804.3989,0.6131
/camera/world/agv1_confidence,1789464804.4265575,1789464804.4265575,0.5937
/camera/world/agv3_confidence,1789464804.426564,1789464804.426564,0.6149
/camera/world/agv2_confidence,1789464804.4266405,1789464804.4266405,0.5574
/camera/world/agv1_confidence,1789464804.4552279,1789464804.4552279,0.5819
/camera/world/agv2_confidence,1789464804.455496,1789464804.455496,0.6067
/camera/world/agv3_confidence,1789464804.455558,1789464804.455558,0.6137
/camera/world/agv1_confidence,1789464804.4974236,1789464804.4974236,0.5486
/camera/world/agv2_confidence,1789464804.4974344,1789464804.4974344,0.6034
/camera/world/agv3_confidence,1789464804.4974363,1789464804.4974363,0.6139
/camera/world/agv2_confidence,1789464804.5235333,1789464804.5235333,0.5983
/camera/world/agv1_confidence,1789464804.5235374,1789464804.5235374,0.5815
/camera/world/agv3_confidence,1789464804.5237715,1789464804.5237715,0.6117
/camera/world/agv3_confidence,1789464804.5634663,1789464804.5634663,0.6118
/camera/world/agv1_confidence,1789464804.5635352,1789464804.5635352,0.5917
/camera/world/agv2_confidence,1789464804.5635912,1789464804.5635912,0.5351
/camera/world/agv3_confidence,1789464804.5939615,1789464804.5939615,0.6146
/camera/world/agv1_confidence,1789464804.593986,1789464804.593986,0.5851
/camera/world/agv2_confidence,1789464804.594014,1789464804.594014,0.5994
/camera/world/agv1_confidence,1789464804.6253698,1789464804.6253698,0.5437
/camera/world/agv3_confidence,1789464804.62566,1789464804.62566,0.6145
/camera/world/agv2_confidence,1789464804.625662,1789464804.625662,0.6055
/camera/world/agv1_confidence,1789464804.6555765,1789464804.6555765,0.5912
/camera/world/agv2_confidence,1789464804.655588,1789464804.655588,0.6016
/camera/world/agv3_confidence,1789464804.6557941,1789464804.6557941,0.6125
/camera/world/agv1_confidence,1789464804.6865666,1789464804.6865666,0.5804
/camera/world/agv2_confidence,1789464804.6865892,1789464804.6865892,0.6011
/camera/world/agv3_confidence,1789464804.6867878,1789464804.6867878,0.6132
/camera/world/agv1_confidence,1789464804.7256258,1789464804.7256258,0.5799
/camera/world/agv2_confidence,1789464804.7256799,1789464804.7256799,0.572
/camera/world/agv3_confidence,1789464804.7258515,1789464804.7258515,0.6147
/camera/world/agv1_confidence,1789464804.7613177,1789464804.7613177,0.593
/camera/world/agv3_confidence,1789464804.7614388,1789464804.7614388,0.6137
/camera/world/agv2_confidence,1789464804.7615027,1789464804.7615027,0.6016
/camera/world/agv1_confidence,1789464804.791367,1789464804.791367,0.5888
/camera/world/agv2_confidence,1789464804.791481,1789464804.791481,0.6006
/camera/world/agv3_confidence,1789464804.7916222,1789464804.7916222,0.6126
/camera/world/agv1_confidence,1789464804.8230312,1789464804.8230312,0.5766
/camera/world/agv3_confidence,1789464804.823115,1789464804.823115,0.6128
/camera/world/agv2_confidence,1789464804.8232245,1789464804.8232245,0.6012
/camera/world/agv1_confidence,1789464804.856255,1789464804.856255,0.5815
/camera/world/agv3_confidence,1789464804.8565156,1789464804.8565156,0.6015
/camera/world/agv2_confidence,1789464804.8565612,1789464804.8565612,0.5981
/camera/world/agv1_confidence,1789464804.896231,1789464804.896231,0.5949
/camera/world/agv3_confidence,1789464804.8962815,1789464804.8962815,0.6134
/camera/world/agv2_confidence,1789464804.8964381,1789464804.8964381,0.5955
/camera/world/agv1_confidence,1789464804.925542,1789464804.925542,0.5933
/camera/world/agv3_confidence,1789464804.925625,1789464804.925625,0.613
/camera/world/agv2_confidence,1789464804.9256787,1789464804.9256787,0.5971
/camera/world/agv1_confidence,1789464804.9595077,1789464804.9595077,0.5931
/camera/world/agv3_confidence,1789464804.9595954,1789464804.9595954,0.6116
/camera/world/agv2_confidence,1789464804.9597218,1789464804.9597218,0.6067
/camera/world/agv3_confidence,1789464804.990009,1789464804.990009,0.6116
/camera/world/agv2_confidence,1789464804.990037,1789464804.990037,0.5966
/camera/world/agv1_confidence,1789464804.9900475,1789464804.9900475,0.5946
/camera/world/agv2_confidence,1789464805.0324306,1789464805.0324306,0.6004
/camera/world/agv1_confidence,1789464805.032459,1789464805.032459,0.5799
/camera/world/agv3_confidence,1789464805.0324686,1789464805.0324686,0.6058
/camera/world/agv1_confidence,1789464805.0579054,1789464805.0579054,0.5808
/camera/world/agv3_confidence,1789464805.0579796,1789464805.0579796,0.6133
/camera/world/agv2_confidence,1789464805.0581887,1789464805.0581887,0.5861
/camera/world/agv1_confidence,1789464805.0926244,1789464805.0926244,0.5832
/camera/world/agv2_confidence,1789464805.0927806,1789464805.0927806,0.5985
/camera/world/agv3_confidence,1789464805.0928867,1789464805.0928867,0.6112
/camera/world/agv2_confidence,1789464805.1226122,1789464805.1226122,0.5936
/camera/world/agv1_confidence,1789464805.1226594,1789464805.1226594,0.5917
/camera/world/agv3_confidence,1789464805.1226726,1789464805.1226726,0.6133
/camera/world/agv1_confidence,1789464805.1561651,1789464805.1561651,0.5875
/camera/world/agv2_confidence,1789464805.1561735,1789464805.1561735,0.5939
/camera/world/agv3_confidence,1789464805.156182,1789464805.156182,0.6018
/camera/world/agv3_confidence,1789464805.189681,1789464805.189681,0.5966
/camera/world/agv1_confidence,1789464805.189695,1789464805.189695,0.5968
/camera/world/agv2_confidence,1789464805.189762,1789464805.189762,0.5944
/camera/world/agv1_confidence,1789464805.2278547,1789464805.2278547,0.5955
/camera/world/agv3_confidence,1789464805.2278569,1789464805.2278569,0.6122
/camera/world/agv2_confidence,1789464805.2278771,1789464805.2278771,0.5949
/camera/world/agv1_confidence,1789464805.269281,1789464805.269281,0.5969
/camera/world/agv3_confidence,1789464805.2694619,1789464805.2694619,0.6125
/camera/world/agv2_confidence,1789464805.269489,1789464805.269489,0.5832
/camera/world/agv3_confidence,1789464805.2934232,1789464805.2934232,0.615
/camera/world/agv2_confidence,1789464805.293563,1789464805.293563,0.5879
/camera/world/agv1_confidence,1789464805.2935731,1789464805.2935731,0.5966
/camera/world/agv2_confidence,1789464805.3236122,1789464805.3236122,0.5934
/camera/world/agv1_confidence,1789464805.323709,1789464805.323709,0.5937
/camera/world/agv3_confidence,1789464805.3238163,1789464805.3238163,0.6081
/camera/world/agv1_confidence,1789464805.363864,1789464805.363864,0.5875
/camera/world/agv2_confidence,1789464805.3638673,1789464805.3638673,0.6003
/camera/world/agv3_confidence,1789464805.364051,1789464805.364051,0.6122
/camera/world/agv1_confidence,1789464805.3918746,1789464805.3918746,0.5515
/camera/world/agv3_confidence,1789464805.392171,1789464805.392171,0.6113
/camera/world/agv2_confidence,1789464805.392173,1789464805.392173,0.5945
/camera/world/agv2_confidence,1789464805.4295173,1789464805.4295173,0.6036
/camera/world/agv1_confidence,1789464805.4295578,1789464805.4295578,0.5792
/camera/world/agv3_confidence,1789464805.4297063,1789464805.4297063,0.6082
/camera/world/agv1_confidence,1789464805.4560552,1789464805.4560552,0.5873
/camera/world/agv3_confidence,1789464805.456164,1789464805.456164,0.6139
/camera/world/agv2_confidence,1789464805.4561775,1789464805.4561775,0.5847
/camera/world/agv2_confidence,1789464805.4920244,1789464805.4920244,0.5904
/camera/world/agv1_confidence,1789464805.492109,1789464805.492109,0.5911
/camera/world/agv3_confidence,1789464805.4921346,1789464805.4921346,0.612
/camera/world/agv1_confidence,1789464805.5258508,1789464805.5258508,0.5943
/camera/world/agv2_confidence,1789464805.5258625,1789464805.5258625,0.5956
/camera/world/agv3_confidence,1789464805.525875,1789464805.525875,0.5946
/camera/world/agv1_confidence,1789464805.5549567,1789464805.5549567,0.594
/camera/world/agv2_confidence,1789464805.555067,1789464805.555067,0.5953
/camera/world/agv3_confidence,1789464805.555246,1789464805.555246,0.6073
/camera/world/agv1_confidence,1789464805.589557,1789464805.589557,0.5957
/camera/world/agv2_confidence,1789464805.589577,1789464805.589577,0.5952
/camera/world/agv3_confidence,1789464805.5898185,1789464805.5898185,0.5779
/camera/world/agv1_confidence,1789464805.6253657,1789464805.6253657,0.5964
/camera/world/agv3_confidence,1789464805.625606,1789464805.625606,0.6112
/camera/world/agv2_confidence,1789464805.6256297,1789464805.6256297,0.5975
/camera/world/agv1_confidence,1789464805.6606088,1789464805.6606088,0.5966
/camera/world/agv3_confidence,1789464805.6606965,1789464805.6606965,0.6098
/camera/world/agv2_confidence,1789464805.6607244,1789464805.6607244,0.5921
/camera/world/agv1_confidence,1789464805.6902878,1789464805.6902878,0.5943
/camera/world/agv3_confidence,1789464805.690333,1789464805.690333,0.6084
/camera/world/agv2_confidence,1789464805.6903808,1789464805.6903808,0.5984
/camera/world/agv1_confidence,1789464805.7344182,1789464805.7344182,0.5971
/camera/world/agv3_confidence,1789464805.7345135,1789464805.7345135,0.6149
/camera/world/agv2_confidence,1789464805.7345412,1789464805.7345412,0.603
/camera/world/agv2_confidence,1789464805.756139,1789464805.756139,0.5964
/camera/world/agv1_confidence,1789464805.7561584,1789464805.7561584,0.5967
/camera/world/agv3_confidence,1789464805.7562704,1789464805.7562704,0.6109
/camera/world/agv1_confidence,1789464805.790549,1789464805.790549,0.5986
/camera/world/agv2_confidence,1789464805.7906725,1789464805.7906725,0.5935
/camera/world/agv3_confidence,1789464805.790745,1789464805.790745,0.593
/camera/world/agv2_confidence,1789464805.8248205,1789464805.8248205,0.5991
/camera/world/agv3_confidence,1789464805.8249023,1789464805.8249023,0.6059
/camera/world/agv1_confidence,1789464805.825004,1789464805.825004,0.5926
/camera/world/agv1_confidence,1789464805.864394,1789464805.864394,0.5942
/camera/world/agv2_confidence,1789464805.8645823,1789464805.8645823,0.5952
/camera/world/agv3_confidence,1789464805.8646073,1789464805.8646073,0.5968
/camera/world/agv2_confidence,1789464805.8905687,1789464805.8905687,0.5935
/camera/world/agv1_confidence,1789464805.8905706,1789464805.8905706,0.5569
/camera/world/agv3_confidence,1789464805.8908525,1789464805.8908525,0.6116
/camera/world/agv1_confidence,1789464805.9233706,1789464805.9233706,0.5898
/camera/world/agv3_confidence,1789464805.923413,1789464805.923413,0.6115
/camera/world/agv2_confidence,1789464805.9234188,1789464805.9234188,0.6012
/camera/world/agv1_confidence,1789464805.957856,1789464805.957856,0.5945
/camera/world/agv2_confidence,1789464805.9578588,1789464805.9578588,0.587
/camera/world/agv3_confidence,1789464805.9580584,1789464805.9580584,0.6103
/camera/world/agv2_confidence,1789464805.992138,1789464805.992138,0.5933
/camera/world/agv1_confidence,1789464805.992163,1789464805.992163,0.5956
/camera/world/agv3_confidence,1789464805.9923027,1789464805.9923027,0.6121
/camera/world/agv2_confidence,1789464806.0253563,1789464806.0253563,0.5877
/camera/world/agv1_confidence,1789464806.0253592,1789464806.0253592,0.5917
/camera/world/agv3_confidence,1789464806.0255475,1789464806.0255475,0.6071
/camera/world/agv2_confidence,1789464806.0597203,1789464806.0597203,0.5949
/camera/world/agv3_confidence,1789464806.059732,1789464806.059732,0.6072
/camera/world/agv1_confidence,1789464806.0599105,1789464806.0599105,0.5938
/camera/world/agv1_confidence,1789464806.0912888,1789464806.0912888,0.5943
/camera/world/agv3_confidence,1789464806.0913146,1789464806.0913146,0.6102
/camera/world/agv2_confidence,1789464806.091339,1789464806.091339,0.5978
/camera/world/agv1_confidence,1789464806.123566,1789464806.123566,0.5743
/camera/world/agv2_confidence,1789464806.1237192,1789464806.1237192,0.5951
/camera/world/agv3_confidence,1789464806.1237342,1789464806.1237342,0.6096
/camera/world/agv1_confidence,1789464806.157693,1789464806.157693,0.5957
/camera/world/agv2_confidence,1789464806.1577482,1789464806.1577482,0.5967
/camera/world/agv3_confidence,1789464806.1577897,1789464806.1577897,0.6101
/camera/world/agv1_confidence,1789464806.1919658,1789464806.1919658,0.5977
/camera/world/agv2_confidence,1789464806.1923075,1789464806.1923075,0.6024
/camera/world/agv3_confidence,1789464806.1923153,1789464806.1923153,0.6127
/camera/world/agv2_confidence,1789464806.2216148,1789464806.2216148,0.5955
/camera/world/agv1_confidence,1789464806.2217295,1789464806.2217295,0.5812
/camera/world/agv3_confidence,1789464806.221815,1789464806.221815,0.6111
/camera/world/agv1_confidence,1789464806.2560651,1789464806.2560651,0.5976
/camera/world/agv2_confidence,1789464806.256073,1789464806.256073,0.5906
/camera/world/agv3_confidence,1789464806.2560842,1789464806.2560842,0.6103
/camera/world/agv1_confidence,1789464806.2962532,1789464806.2962532,0.5973
/camera/world/agv2_confidence,1789464806.2963753,1789464806.2963753,0.5967
/camera/world/agv3_confidence,1789464806.2965324,1789464806.2965324,0.6127
/camera/world/agv2_confidence,1789464806.322479,1789464806.322479,0.5967
/camera/world/agv1_confidence,1789464806.32256,1789464806.32256,0.5995
/camera/world/agv3_confidence,1789464806.3225617,1789464806.3225617,0.6097
/camera/world/agv1_confidence,1789464806.3625329,1789464806.3625329,0.5989
/camera/world/agv2_confidence,1789464806.3625748,1789464806.3625748,0.6004
/camera/world/agv3_confidence,1789464806.3625922,1789464806.3625922,0.6086
/camera/world/agv1_confidence,1789464806.3956892,1789464806.3956892,0.5995
/camera/world/agv2_confidence,1789464806.3959513,1789464806.3959513,0.592
/camera/world/agv3_confidence,1789464806.3959599,1789464806.3959599,0.6065
/camera/world/agv2_confidence,1789464806.4236863,1789464806.4236863,0.5839
/camera/world/agv1_confidence,1789464806.4236987,1789464806.4236987,0.599
/camera/world/agv3_confidence,1789464806.424016,1789464806.424016,0.6121
/camera/world/agv2_confidence,1789464806.4651883,1789464806.4651883,0.5707
/camera/world/agv1_confidence,1789464806.4653285,1789464806.4653285,0.5998
/camera/world/agv3_confidence,1789464806.4653723,1789464806.4653723,0.6089
/camera/world/agv1_confidence,1789464806.4916985,1789464806.4916985,0.5969
/camera/world/agv2_confidence,1789464806.4918087,1789464806.4918087,0.5459
/camera/world/agv3_confidence,1789464806.4918811,1789464806.4918811,0.6089
/camera/world/agv2_confidence,1789464806.5302906,1789464806.5302906,0.5868
/camera/world/agv3_confidence,1789464806.5303278,1789464806.5303278,0.6132
/camera/world/agv1_confidence,1789464806.5303864,1789464806.5303864,0.5961
/camera/world/agv1_confidence,1789464806.5589733,1789464806.5589733,0.5969
/camera/world/agv2_confidence,1789464806.5590122,1789464806.5590122,0.5949
/camera/world/agv3_confidence,1789464806.5590622,1789464806.5590622,0.6082
/camera/world/agv1_confidence,1789464806.5890067,1789464806.5890067,0.5986
/camera/world/agv3_confidence,1789464806.5890598,1789464806.5890598,0.609
/camera/world/agv2_confidence,1789464806.5891037,1789464806.5891037,0.5699
/camera/world/agv1_confidence,1789464806.6266522,1789464806.6266522,0.5998
/camera/world/agv3_confidence,1789464806.6268132,1789464806.6268132,0.609
/camera/world/agv2_confidence,1789464806.626819,1789464806.626819,0.5575
/camera/world/agv1_confidence,1789464806.6567569,1789464806.6567569,0.6007
/camera/world/agv3_confidence,1789464806.6568012,1789464806.6568012,0.6094
/camera/world/agv2_confidence,1789464806.6568143,1789464806.6568143,0.5846
/camera/world/agv1_confidence,1789464806.6866925,1789464806.6866925,0.5985
/camera/world/agv3_confidence,1789464806.6868403,1789464806.6868403,0.613
/camera/world/agv2_confidence,1789464806.6868646,1789464806.6868646,0.5765
/camera/world/agv2_confidence,1789464806.7304292,1789464806.7304292,0.583
/camera/world/agv1_confidence,1789464806.73045,1789464806.73045,0.5979
/camera/world/agv3_confidence,1789464806.7304714,1789464806.7304714,0.6107
/camera/world/agv2_confidence,1789464806.7565663,1789464806.7565663,0.5979
/camera/world/agv1_confidence,1789464806.7565835,1789464806.7565835,0.5788
/camera/world/agv3_confidence,1789464806.7567987,1789464806.7567987,0.6086
/camera/world/agv1_confidence,1789464806.7897637,1789464806.7897637,0.5965
/camera/world/agv2_confidence,1789464806.789895,1789464806.789895,0.587
/camera/world/agv3_confidence,1789464806.7900035,1789464806.7900035,0.6078
/camera/world/agv3_confidence,1789464806.8225842,1789464806.8225842,0.6115
/camera/world/agv2_confidence,1789464806.8227203,1789464806.8227203,0.5565
/camera/world/agv1_confidence,1789464806.8227806,1789464806.8227806,0.5975
/camera/world/agv1_confidence,1789464806.854901,1789464806.854901,0.5975
/camera/world/agv2_confidence,1789464806.85499,1789464806.85499,0.5667
/camera/world/agv3_confidence,1789464806.8550422,1789464806.8550422,0.6117
/camera/world/agv1_confidence,1789464806.892748,1789464806.892748,0.5973
/camera/world/agv3_confidence,1789464806.8929439,1789464806.8929439,0.6093
/camera/world/agv2_confidence,1789464806.8929775,1789464806.8929775,0.5931
/camera/world/agv1_confidence,1789464806.9230003,1789464806.9230003,0.597
/camera/world/agv2_confidence,1789464806.9233081,1789464806.9233081,0.5902
/camera/world/agv3_confidence,1789464806.9233217,1789464806.9233217,0.5943
/camera/world/agv3_confidence,1789464806.9662611,1789464806.9662611,0.6108
/camera/world/agv1_confidence,1789464806.9664154,1789464806.9664154,0.5977
/camera/world/agv2_confidence,1789464806.9664392,1789464806.9664392,0.5883
/camera/world/agv1_confidence,1789464806.9896197,1789464806.9896197,0.5995
/camera/world/agv2_confidence,1789464806.9897566,1789464806.9897566,0.5952
/camera/world/agv3_confidence,1789464806.9898956,1789464806.9898956,0.6091
/camera/world/agv3_confidence,1789464807.02549,1789464807.02549,0.609
/camera/world/agv1_confidence,1789464807.0254927,1789464807.0254927,0.5777
/camera/world/agv2_confidence,1789464807.0255089,1789464807.0255089,0.5814
/camera/world/agv1_confidence,1789464807.0644336,1789464807.0644336,0.5982
/camera/world/agv3_confidence,1789464807.0644727,1789464807.0644727,0.5976
/camera/world/agv2_confidence,1789464807.0645142,1789464807.0645142,0.5875
/camera/world/agv1_confidence,1789464807.0941577,1789464807.0941577,0.5993
/camera/world/agv3_confidence,1789464807.0944397,1789464807.0944397,0.6109
/camera/world/agv2_confidence,1789464807.0945096,1789464807.0945096,0.5934
/camera/world/agv1_confidence,1789464807.1226346,1789464807.1226346,0.5987
/camera/world/agv3_confidence,1789464807.1226978,1789464807.1226978,0.612
/camera/world/agv2_confidence,1789464807.1227012,1789464807.1227012,0.5906
/camera/world/agv2_confidence,1789464807.1647773,1789464807.1647773,0.589
/camera/world/agv1_confidence,1789464807.1648655,1789464807.1648655,0.5992
/camera/world/agv3_confidence,1789464807.1649013,1789464807.1649013,0.6105
/camera/world/agv2_confidence,1789464807.1923046,1789464807.1923046,0.5619
/camera/world/agv3_confidence,1789464807.1923423,1789464807.1923423,0.6086
/camera/world/agv1_confidence,1789464807.192359,1789464807.192359,0.5975
/camera/world/agv1_confidence,1789464807.2299082,1789464807.2299082,0.5952
/camera/world/agv3_confidence,1789464807.2299416,1789464807.2299416,0.6041
/camera/world/agv2_confidence,1789464807.2299504,1789464807.2299504,0.592
/camera/world/agv1_confidence,1789464807.258227,1789464807.258227,0.5991
/camera/world/agv2_confidence,1789464807.258429,1789464807.258429,0.5846
/camera/world/agv3_confidence,1789464807.2585423,1789464807.2585423,0.6087
/camera/world/agv3_confidence,1789464807.2971973,1789464807.2971973,0.6095
/camera/world/agv2_confidence,1789464807.2972066,1789464807.2972066,0.5897
/camera/world/agv1_confidence,1789464807.2972732,1789464807.2972732,0.597
/camera/world/agv3_confidence,1789464807.325826,1789464807.325826,0.5931
/camera/world/agv2_confidence,1789464807.3258402,1789464807.3258402,0.5789
/camera/world/agv1_confidence,1789464807.3258634,1789464807.3258634,0.5965
/camera/world/agv1_confidence,1789464807.3550348,1789464807.3550348,0.5973
/camera/world/agv2_confidence,1789464807.3552117,1789464807.3552117,0.5876
/camera/world/agv3_confidence,1789464807.3552418,1789464807.3552418,0.6083
/camera/world/agv2_confidence,1789464807.4017117,1789464807.4017117,0.5862
/camera/world/agv1_confidence,1789464807.4017339,1789464807.4017339,0.5965
/camera/world/agv3_confidence,1789464807.401945,1789464807.401945,0.5749
/camera/world/agv1_confidence,1789464807.4225762,1789464807.4225762,0.5984
/camera/world/agv2_confidence,1789464807.4226577,1789464807.4226577,0.5857
/camera/world/agv3_confidence,1789464807.4227011,1789464807.4227011,0.6081
/camera/world/agv1_confidence,1789464807.463335,1789464807.463335,0.5976
/camera/world/agv2_confidence,1789464807.463412,1789464807.463412,0.5815
/camera/world/agv3_confidence,1789464807.4634233,1789464807.4634233,0.5654
/camera/world/agv1_confidence,1789464807.4921553,1789464807.4921553,0.5977
/camera/world/agv2_confidence,1789464807.4922063,1789464807.4922063,0.5623
/camera/world/agv3_confidence,1789464807.4923048,1789464807.4923048,0.6008
/camera/world/agv3_confidence,1789464807.525269,1789464807.525269,0.5922
/camera/world/agv2_confidence,1789464807.5253203,1789464807.5253203,0.5912
/camera/world/agv1_confidence,1789464807.5253499,1789464807.5253499,0.598
/camera/world/agv2_confidence,1789464807.5817184,1789464807.5817184,0.5651
/camera/world/agv3_confidence,1789464807.5817473,1789464807.5817473,0.6089
/camera/world/agv1_confidence,1789464807.5818586,1789464807.5818586,0.5979
/camera/world/agv1_confidence,1789464807.5913472,1789464807.5913472,0.5963
/camera/world/agv2_confidence,1789464807.5913846,1789464807.5913846,0.5951
/camera/world/agv3_confidence,1789464807.5914316,1789464807.5914316,0.5819
/camera/world/agv1_confidence,1789464807.6236408,1789464807.6236408,0.5967
/camera/world/agv2_confidence,1789464807.6236436,1789464807.6236436,0.594
/camera/world/agv3_confidence,1789464807.6238604,1789464807.6238604,0.6031
/camera/world/agv1_confidence,1789464807.6589367,1789464807.6589367,0.5778
/camera/world/agv3_confidence,1789464807.659232,1789464807.659232,0.5975
/camera/world/agv2_confidence,1789464807.6592522,1789464807.6592522,0.5877
/camera/world/agv2_confidence,1789464807.6926215,1789464807.6926215,0.5939
/camera/world/agv1_confidence,1789464807.6927884,1789464807.6927884,0.5977
/camera/world/agv3_confidence,1789464807.6927967,1789464807.6927967,0.6025
/camera/world/agv2_confidence,1789464807.7256746,1789464807.7256746,0.5962
/camera/world/agv1_confidence,1789464807.7257118,1789464807.7257118,0.5975
/camera/world/agv3_confidence,1789464807.725868,1789464807.725868,0.6083
/camera/world/agv1_confidence,1789464807.7585483,1789464807.7585483,0.5978
/camera/world/agv2_confidence,1789464807.7586093,1789464807.7586093,0.5805
/camera/world/agv3_confidence,1789464807.7587636,1789464807.7587636,0.6088
/camera/world/agv1_confidence,1789464807.7930713,1789464807.7930713,0.597
/camera/world/agv3_confidence,1789464807.7932556,1789464807.7932556,0.6082
/camera/world/agv2_confidence,1789464807.7932565,1789464807.7932565,0.5734
/camera/world/agv2_confidence,1789464807.8212852,1789464807.8212852,0.5908
/camera/world/agv1_confidence,1789464807.8213358,1789464807.8213358,0.5977
/camera/world/agv3_confidence,1789464807.8214867,1789464807.8214867,0.6109
/camera/world/agv1_confidence,1789464807.853722,1789464807.853722,0.5972
/camera/world/agv3_confidence,1789464807.8537683,1789464807.8537683,0.6096
/camera/world/agv2_confidence,1789464807.8537898,1789464807.8537898,0.5899
/camera/world/agv2_confidence,1789464807.886806,1789464807.886806,0.5899
/camera/world/agv3_confidence,1789464807.886821,1789464807.886821,0.6075
/camera/world/agv1_confidence,1789464807.8869045,1789464807.8869045,0.5983
/camera/world/agv1_confidence,1789464807.9266188,1789464807.9266188,0.5977
/camera/world/agv3_confidence,1789464807.9268281,1789464807.9268281,0.5985
/camera/world/agv2_confidence,1789464807.9268494,1789464807.9268494,0.5886
/camera/world/agv2_confidence,1789464807.9545114,1789464807.9545114,0.5907
/camera/world/agv3_confidence,1789464807.9545314,1789464807.9545314,0.5927
/camera/world/agv1_confidence,1789464807.954572,1789464807.954572,0.5982
/camera/world/agv1_confidence,1789464807.9937806,1789464807.9937806,0.5677
/camera/world/agv3_confidence,1789464807.9938164,1789464807.9938164,0.61
/camera/world/agv2_confidence,1789464807.9939005,1789464807.9939005,0.5912
/camera/world/agv1_confidence,1789464808.0258477,1789464808.0258477,0.5978
/camera/world/agv2_confidence,1789464808.0261476,1789464808.0261476,0.5924
/camera/world/agv3_confidence,1789464808.0263188,1789464808.0263188,0.6092
/camera/world/agv1_confidence,1789464808.0603094,1789464808.0603094,0.5976
/camera/world/agv2_confidence,1789464808.0603595,1789464808.0603595,0.5759
/camera/world/agv3_confidence,1789464808.0604975,1789464808.0604975,0.6089
/camera/world/agv2_confidence,1789464808.0964818,1789464808.0964818,0.5823
/camera/world/agv3_confidence,1789464808.0965183,1789464808.0965183,0.6097
/camera/world/agv1_confidence,1789464808.0965643,1789464808.0965643,0.5956
/camera/world/agv1_confidence,1789464808.1212535,1789464808.1212535,0.5972
/camera/world/agv2_confidence,1789464808.1215572,1789464808.1215572,0.5921
/camera/world/agv3_confidence,1789464808.1215732,1789464808.1215732,0.5901
/camera/world/agv1_confidence,1789464808.157982,1789464808.157982,0.599
/camera/world/agv2_confidence,1789464808.158344,1789464808.158344,0.5823
/camera/world/agv3_confidence,1789464808.1584363,1789464808.1584363,0.5965
/camera/world/agv1_confidence,1789464808.192715,1789464808.192715,0.5997
/camera/world/agv3_confidence,1789464808.1927755,1789464808.1927755,0.5948
/camera/world/agv2_confidence,1789464808.1928036,1789464808.1928036,0.5868
/camera/world/agv1_confidence,1789464808.2227986,1789464808.2227986,0.5977
/camera/world/agv2_confidence,1789464808.2229803,1789464808.2229803,0.5912
/camera/world/agv3_confidence,1789464808.2230453,1789464808.2230453,0.5945
/camera/world/agv1_confidence,1789464808.2658496,1789464808.2658496,0.5971
/camera/world/agv2_confidence,1789464808.265915,1789464808.265915,0.5798
/camera/world/agv3_confidence,1789464808.2661667,1789464808.2661667,0.5981
/camera/world/agv1_confidence,1789464808.296635,1789464808.296635,0.5978
/camera/world/agv2_confidence,1789464808.296773,1789464808.296773,0.5933
/camera/world/agv3_confidence,1789464808.2970045,1789464808.2970045,0.5956
/camera/world/agv1_confidence,1789464808.3245826,1789464808.3245826,0.5971
/camera/world/agv2_confidence,1789464808.3246024,1789464808.3246024,0.5941
/camera/world/agv3_confidence,1789464808.324961,1789464808.324961,0.6094
/camera/world/agv3_confidence,1789464808.3603954,1789464808.3603954,0.61
/camera/world/agv2_confidence,1789464808.3604026,1789464808.3604026,0.5639
/camera/world/agv1_confidence,1789464808.3605564,1789464808.3605564,0.5954
/camera/world/agv2_confidence,1789464808.3872302,1789464808.3872302,0.5932
/camera/world/agv1_confidence,1789464808.387266,1789464808.387266,0.5972
/camera/world/agv3_confidence,1789464808.3874376,1789464808.3874376,0.6098
/camera/world/agv1_confidence,1789464808.433066,1789464808.433066,0.595
/camera/world/agv2_confidence,1789464808.4330738,1789464808.4330738,0.575
/camera/world/agv3_confidence,1789464808.4332213,1789464808.4332213,0.5605
/camera/world/agv1_confidence,1789464808.4584038,1789464808.4584038,0.5964
/camera/world/agv2_confidence,1789464808.4586558,1789464808.4586558,0.593
/camera/world/agv3_confidence,1789464808.4586596,1789464808.4586596,0.6081
/camera/world/agv1_confidence,1789464808.4960997,1789464808.4960997,0.5969
/camera/world/agv2_confidence,1789464808.4961638,1789464808.4961638,0.5641
/camera/world/agv3_confidence,1789464808.4961658,1789464808.4961658,0.5989
/camera/world/agv1_confidence,1789464808.5221531,1789464808.5221531,0.5962
/camera/world/agv3_confidence,1789464808.5221682,1789464808.5221682,0.6072
/camera/world/agv2_confidence,1789464808.5221717,1789464808.5221717,0.5904
/camera/world/agv1_confidence,1789464808.556535,1789464808.556535,0.5982
/camera/world/agv3_confidence,1789464808.5567124,1789464808.5567124,0.6083
/camera/world/agv2_confidence,1789464808.5568366,1789464808.5568366,0.5938
/camera/world/agv2_confidence,1789464808.5911846,1789464808.5911846,0.591
/camera/world/agv1_confidence,1789464808.5912101,1789464808.5912101,0.5971
/camera/world/agv3_confidence,1789464808.5913088,1789464808.5913088,0.596
/camera/world/agv1_confidence,1789464808.6248527,1789464808.6248527,0.5747
/camera/world/agv2_confidence,1789464808.6250026,1789464808.6250026,0.5937
/camera/world/agv3_confidence,1789464808.6250436,1789464808.6250436,0.5682
/camera/world/agv1_confidence,1789464808.662408,1789464808.662408,0.5971
/camera/world/agv2_confidence,1789464808.662684,1789464808.662684,0.5905
/camera/world/agv3_confidence,1789464808.6627269,1789464808.6627269,0.6011
/camera/world/agv1_confidence,1789464808.6898086,1789464808.6898086,0.5951
/camera/world/agv3_confidence,1789464808.6898842,1789464808.6898842,0.5989
/camera/world/agv2_confidence,1789464808.6898925,1789464808.6898925,0.5926
/camera/world/agv1_confidence,1789464808.7239823,1789464808.7239823,0.5984
/camera/world/agv2_confidence,1789464808.7240462,1789464808.7240462,0.5924
/camera/world/agv3_confidence,1789464808.724067,1789464808.724067,0.602
/camera/world/agv1_confidence,1789464808.7566257,1789464808.7566257,0.5956
/camera/world/agv3_confidence,1789464808.756971,1789464808.756971,0.6021
/camera/world/agv2_confidence,1789464808.7570336,1789464808.7570336,0.5938
/camera/world/agv2_confidence,1789464808.791687,1789464808.791687,0.592
/camera/world/agv1_confidence,1789464808.791745,1789464808.791745,0.5983
/camera/world/agv3_confidence,1789464808.7917874,1789464808.7917874,0.5895
/camera/world/agv1_confidence,1789464808.8253665,1789464808.8253665,0.5975
/camera/world/agv2_confidence,1789464808.8253706,1789464808.8253706,0.5945
/camera/world/agv3_confidence,1789464808.8254673,1789464808.8254673,0.6091
/camera/world/agv2_confidence,1789464808.8653123,1789464808.8653123,0.5911
/camera/world/agv1_confidence,1789464808.8653321,1789464808.8653321,0.5971
/camera/world/agv3_confidence,1789464808.8654773,1789464808.8654773,0.6103
/camera/world/agv2_confidence,1789464808.8909194,1789464808.8909194,0.5932
/camera/world/agv1_confidence,1789464808.8910663,1789464808.8910663,0.5962
/camera/world/agv3_confidence,1789464808.891106,1789464808.891106,0.601
/camera/world/agv1_confidence,1789464808.929924,1789464808.929924,0.5968
/camera/world/agv2_confidence,1789464808.93009,1789464808.93009,0.5715
/camera/world/agv3_confidence,1789464808.9301436,1789464808.9301436,0.6095
/camera/world/agv3_confidence,1789464808.9558046,1789464808.9558046,0.5914
/camera/world/agv2_confidence,1789464808.955825,1789464808.955825,0.5947
/camera/world/agv1_confidence,1789464808.9559343,1789464808.9559343,0.5957
/camera/world/agv1_confidence,1789464808.9955094,1789464808.9955094,0.5967
/camera/world/agv2_confidence,1789464808.9955769,1789464808.9955769,0.5917
/camera/world/agv3_confidence,1789464808.995622,1789464808.995622,0.6082
/camera/world/agv1_confidence,1789464809.022385,1789464809.022385,0.5946
/camera/world/agv3_confidence,1789464809.0226052,1789464809.0226052,0.6029
/camera/world/agv2_confidence,1789464809.022721,1789464809.022721,0.5943
/camera/world/agv3_confidence,1789464809.0563772,1789464809.0563772,0.6066
/camera/world/agv1_confidence,1789464809.056381,1789464809.056381,0.5979
/camera/world/agv2_confidence,1789464809.0564506,1789464809.0564506,0.5896
/camera/world/agv1_confidence,1789464809.0882351,1789464809.0882351,0.5942
/camera/world/agv3_confidence,1789464809.0882492,1789464809.0882492,0.6039
/camera/world/agv2_confidence,1789464809.0883214,1789464809.0883214,0.5929
/camera/world/agv2_confidence,1789464809.1210537,1789464809.1210537,0.5923
/camera/world/agv1_confidence,1789464809.1210563,1789464809.1210563,0.5702
/camera/world/agv3_confidence,1789464809.12133,1789464809.12133,0.6079
/camera/world/agv1_confidence,1789464809.1565044,1789464809.1565044,0.5951
/camera/world/agv3_confidence,1789464809.1565108,1789464809.1565108,0.6026
/camera/world/agv2_confidence,1789464809.1565325,1789464809.1565325,0.5911
/camera/world/agv1_confidence,1789464809.191487,1789464809.191487,0.5956
/camera/world/agv2_confidence,1789464809.1915429,1789464809.1915429,0.593
/camera/world/agv3_confidence,1789464809.191794,1789464809.191794,0.5892
/camera/world/agv3_confidence,1789464809.2228675,1789464809.2228675,0.6062
/camera/world/agv2_confidence,1789464809.2228713,1789464809.2228713,0.5709
/camera/world/agv1_confidence,1789464809.2229779,1789464809.2229779,0.5957
/camera/world/agv1_confidence,1789464809.2635372,1789464809.2635372,0.5944
/camera/world/agv2_confidence,1789464809.263668,1789464809.263668,0.593
/camera/world/agv3_confidence,1789464809.2637353,1789464809.2637353,0.6025
/camera/world/agv1_confidence,1789464809.298909,1789464809.298909,0.5975
/camera/world/agv2_confidence,1789464809.298954,1789464809.298954,0.5925
/camera/world/agv3_confidence,1789464809.299087,1789464809.299087,0.6021
/camera/world/agv1_confidence,1789464809.3252802,1789464809.3252802,0.598
/camera/world/agv2_confidence,1789464809.3255808,1789464809.3255808,0.5933
/camera/world/agv3_confidence,1789464809.3257952,1789464809.3257952,0.6038
/camera/world/agv2_confidence,1789464809.3543334,1789464809.3543334,0.5927
/camera/world/agv3_confidence,1789464809.3543499,1789464809.3543499,0.6038
/camera/world/agv1_confidence,1789464809.354377,1789464809.354377,0.5954
/camera/world/agv1_confidence,1789464809.3893,1789464809.3893,0.5963
/camera/world/agv2_confidence,1789464809.3893082,1789464809.3893082,0.5945
/camera/world/agv3_confidence,1789464809.3895304,1789464809.3895304,0.6023
/camera/world/agv3_confidence,1789464809.4261293,1789464809.4261293,0.6074
/camera/world/agv1_confidence,1789464809.4261441,1789464809.4261441,0.5949
/camera/world/agv2_confidence,1789464809.4261758,1789464809.4261758,0.5676
/camera/world/agv1_confidence,1789464809.4670165,1789464809.4670165,0.5705
/camera/world/agv3_confidence,1789464809.467082,1789464809.467082,0.6001
/camera/world/agv2_confidence,1789464809.467128,1789464809.467128,0.574
/camera/world/agv1_confidence,1789464809.491573,1789464809.491573,0.5938
/camera/world/agv2_confidence,1789464809.4919891,1789464809.4919891,0.5913
/camera/world/agv3_confidence,1789464809.4921238,1789464809.4921238,0.5922
/camera/world/agv1_confidence,1789464809.523988,1789464809.523988,0.5943
/camera/world/agv3_confidence,1789464809.524058,1789464809.524058,0.594
/camera/world/agv2_confidence,1789464809.524075,1789464809.524075,0.5952
/camera/world/agv1_confidence,1789464809.55762,1789464809.55762,0.567
/camera/world/agv2_confidence,1789464809.5576613,1789464809.5576613,0.5918
/camera/world/agv3_confidence,1789464809.5577059,1789464809.5577059,0.5924
/camera/world/agv3_confidence,1789464809.5901573,1789464809.5901573,0.6087
/camera/world/agv1_confidence,1789464809.5901942,1789464809.5901942,0.5971
/camera/world/agv2_confidence,1789464809.5902343,1789464809.5902343,0.5926
/camera/world/agv1_confidence,1789464809.623266,1789464809.623266,0.5955
/camera/world/agv2_confidence,1789464809.6232746,1789464809.6232746,0.5921
/camera/world/agv3_confidence,1789464809.6233065,1789464809.6233065,0.6082
/camera/world/agv2_confidence,1789464809.6585236,1789464809.6585236,0.5934
/camera/world/agv3_confidence,1789464809.6585462,1789464809.6585462,0.6045
/camera/world/agv1_confidence,1789464809.6586437,1789464809.6586437,0.5405
/camera/world/agv3_confidence,1789464809.694501,1789464809.694501,0.5767
/camera/world/agv2_confidence,1789464809.6945498,1789464809.6945498,0.5908
/camera/world/agv1_confidence,1789464809.6945643,1789464809.6945643,0.5947
/camera/world/agv1_confidence,1789464809.72669,1789464809.72669,0.5715
/camera/world/agv2_confidence,1789464809.726712,1789464809.726712,0.569
/camera/world/agv3_confidence,1789464809.7267883,1789464809.7267883,0.599
/camera/world/agv2_confidence,1789464809.76277,1789464809.76277,0.5932
/camera/world/agv1_confidence,1789464809.7627923,1789464809.7627923,0.5771
/camera/world/agv3_confidence,1789464809.7630398,1789464809.7630398,0.6035
/camera/world/agv1_confidence,1789464809.7946632,1789464809.7946632,0.5925
/camera/world/agv2_confidence,1789464809.7946944,1789464809.7946944,0.5941
/camera/world/agv3_confidence,1789464809.7949173,1789464809.7949173,0.6019
/camera/world/agv1_confidence,1789464809.8216903,1789464809.8216903,0.5936
/camera/world/agv3_confidence,1789464809.8217213,1789464809.8217213,0.6062
/camera/world/agv2_confidence,1789464809.8217304,1789464809.8217304,0.5926
/camera/world/agv2_confidence,1789464809.8546321,1789464809.8546321,0.5956
/camera/world/agv1_confidence,1789464809.8547034,1789464809.8547034,0.592
/camera/world/agv3_confidence,1789464809.85474,1789464809.85474,0.6018
/camera/world/agv1_confidence,1789464809.8893626,1789464809.8893626,0.5953
/camera/world/agv3_confidence,1789464809.889426,1789464809.889426,0.6052
/camera/world/agv2_confidence,1789464809.889535,1789464809.889535,0.5906
/camera/world/agv1_confidence,1789464809.9231737,1789464809.9231737,0.5926
/camera/world/agv3_confidence,1789464809.923271,1789464809.923271,0.6042
/camera/world/agv2_confidence,1789464809.9232984,1789464809.9232984,0.5942
/camera/world/agv1_confidence,1789464809.9557314,1789464809.9557314,0.5917
/camera/world/agv3_confidence,1789464809.9557776,1789464809.9557776,0.6041
/camera/world/agv2_confidence,1789464809.9558833,1789464809.9558833,0.5921
/camera/world/agv1_confidence,1789464809.99639,1789464809.99639,0.5942
/camera/world/agv2_confidence,1789464809.9963942,1789464809.9963942,0.592
/camera/world/agv3_confidence,1789464809.996439,1789464809.996439,0.6036
/camera/world/agv2_confidence,1789464810.023326,1789464810.023326,0.5924
/camera/world/agv1_confidence,1789464810.0233424,1789464810.0233424,0.5944
/camera/world/agv3_confidence,1789464810.023448,1789464810.023448,0.5704
/camera/world/agv1_confidence,1789464810.0556757,1789464810.0556757,0.5887
/camera/world/agv2_confidence,1789464810.0557861,1789464810.0557861,0.5937
/camera/world/agv3_confidence,1789464810.0558121,1789464810.0558121,0.5743
/camera/world/agv1_confidence,1789464810.0921667,1789464810.0921667,0.5913
/camera/world/agv2_confidence,1789464810.0923316,1789464810.0923316,0.593
/camera/world/agv3_confidence,1789464810.0925992,1789464810.0925992,0.6055
/camera/world/agv1_confidence,1789464810.1263354,1789464810.1263354,0.5915
/camera/world/agv3_confidence,1789464810.126358,1789464810.126358,0.6025
/camera/world/agv2_confidence,1789464810.1263618,1789464810.1263618,0.5923
/camera/world/agv2_confidence,1789464810.1613321,1789464810.1613321,0.5943
/camera/world/agv1_confidence,1789464810.1615608,1789464810.1615608,0.5949
/camera/world/agv3_confidence,1789464810.161693,1789464810.161693,0.5988
/camera/world/agv1_confidence,1789464810.1901748,1789464810.1901748,0.5937
/camera/world/agv3_confidence,1789464810.190214,1789464810.190214,0.6053
/camera/world/agv2_confidence,1789464810.1902285,1789464810.1902285,0.5952
/camera/world/agv1_confidence,1789464810.2252135,1789464810.2252135,0.5916
/camera/world/agv2_confidence,1789464810.2253895,1789464810.2253895,0.5453
/camera/world/agv3_confidence,1789464810.2255213,1789464810.2255213,0.6072
/camera/world/agv1_confidence,1789464810.2584507,1789464810.2584507,0.5732
/camera/world/agv3_confidence,1789464810.2585783,1789464810.2585783,0.6074
/camera/world/agv2_confidence,1789464810.2585995,1789464810.2585995,0.5926
/camera/world/agv1_confidence,1789464810.2962744,1789464810.2962744,0.5657
/camera/world/agv2_confidence,1789464810.296278,1789464810.296278,0.595
/camera/world/agv3_confidence,1789464810.2964447,1789464810.2964447,0.5558
/camera/world/agv2_confidence,1789464810.3267198,1789464810.3267198,0.5934
/camera/world/agv1_confidence,1789464810.32682,1789464810.32682,0.5915
/camera/world/agv3_confidence,1789464810.32698,1789464810.32698,0.6056
/camera/world/agv2_confidence,1789464810.356713,1789464810.356713,0.5928
/camera/world/agv1_confidence,1789464810.35672,1789464810.35672,0.593
/camera/world/agv3_confidence,1789464810.3568568,1789464810.3568568,0.6038
/camera/world/agv2_confidence,1789464810.3981235,1789464810.3981235,0.5924
/camera/world/agv1_confidence,1789464810.3983812,1789464810.3983812,0.5907
/camera/world/agv3_confidence,1789464810.3985226,1789464810.3985226,0.6039
/camera/world/agv1_confidence,1789464810.4238458,1789464810.4238458,0.5874
/camera/world/agv3_confidence,1789464810.4240973,1789464810.4240973,0.6037
/camera/world/agv2_confidence,1789464810.4241145,1789464810.4241145,0.5928
/camera/world/agv1_confidence,1789464810.4579477,1789464810.4579477,0.5647
/camera/world/agv3_confidence,1789464810.45801,1789464810.45801,0.6031
/camera/world/agv2_confidence,1789464810.4580448,1789464810.4580448,0.5647
/camera/world/agv1_confidence,1789464810.490917,1789464810.490917,0.5907
/camera/world/agv2_confidence,1789464810.4910595,1789464810.4910595,0.5702
/camera/world/agv3_confidence,1789464810.4911132,1789464810.4911132,0.571
/camera/world/agv1_confidence,1789464810.5256748,1789464810.5256748,0.5871
/camera/world/agv2_confidence,1789464810.5257928,1789464810.5257928,0.5934
/camera/world/agv3_confidence,1789464810.5259497,1789464810.5259497,0.5866
/camera/world/agv1_confidence,1789464810.5567265,1789464810.5567265,0.5904
/camera/world/agv2_confidence,1789464810.5568588,1789464810.5568588,0.5933
/camera/world/agv3_confidence,1789464810.5569484,1789464810.5569484,0.5796
/camera/world/agv1_confidence,1789464810.5960426,1789464810.5960426,0.5921
/camera/world/agv2_confidence,1789464810.5962467,1789464810.5962467,0.5939
/camera/world/agv3_confidence,1789464810.5962908,1789464810.5962908,0.6045
/camera/world/agv1_confidence,1789464810.6254237,1789464810.6254237,0.5896
/camera/world/agv3_confidence,1789464810.6257327,1789464810.6257327,0.6033
/camera/world/agv2_confidence,1789464810.6258264,1789464810.6258264,0.5939
/camera/world/agv2_confidence,1789464810.6649299,1789464810.6649299,0.5915
/camera/world/agv1_confidence,1789464810.6649866,1789464810.6649866,0.5934
/camera/world/agv3_confidence,1789464810.6649897,1789464810.6649897,0.6054
/camera/world/agv3_confidence,1789464810.692511,1789464810.692511,0.6059
/camera/world/agv1_confidence,1789464810.6925142,1789464810.6925142,0.5897
/camera/world/agv2_confidence,1789464810.6925886,1789464810.6925886,0.5921
/camera/world/agv2_confidence,1789464810.7255828,1789464810.7255828,0.5934
/camera/world/agv3_confidence,1789464810.725616,1789464810.725616,0.6052
/camera/world/agv1_confidence,1789464810.7256188,1789464810.7256188,0.5725
/camera/world/agv2_confidence,1789464810.7545595,1789464810.7545595,0.593
/camera/world/agv3_confidence,1789464810.754579,1789464810.754579,0.6064
/camera/world/agv1_confidence,1789464810.7546008,1789464810.7546008,0.5908
/camera/world/agv3_confidence,1789464810.7955515,1789464810.7955515,0.5734
/camera/world/agv2_confidence,1789464810.7955725,1789464810.7955725,0.5919
/camera/world/agv1_confidence,1789464810.795599,1789464810.795599,0.5889
/camera/world/agv2_confidence,1789464810.8261526,1789464810.8261526,0.5713
/camera/world/agv1_confidence,1789464810.82626,1789464810.82626,0.5868
/camera/world/agv3_confidence,1789464810.8262892,1789464810.8262892,0.6056
/camera/world/agv1_confidence,1789464810.8569973,1789464810.8569973,0.576
/camera/world/agv3_confidence,1789464810.8572497,1789464810.8572497,0.6052
/camera/world/agv2_confidence,1789464810.8572626,1789464810.8572626,0.5928
/camera/world/agv1_confidence,1789464810.8955169,1789464810.8955169,0.5651
/camera/world/agv2_confidence,1789464810.895636,1789464810.895636,0.593
/camera/world/agv3_confidence,1789464810.895647,1789464810.895647,0.6047
/camera/world/agv1_confidence,1789464810.9257865,1789464810.9257865,0.5897
/camera/world/agv2_confidence,1789464810.925931,1789464810.925931,0.5929
/camera/world/agv3_confidence,1789464810.926098,1789464810.926098,0.6049
/camera/world/agv1_confidence,1789464810.9637325,1789464810.9637325,0.5871
/camera/world/agv2_confidence,1789464810.9637606,1789464810.9637606,0.5941
/camera/world/agv3_confidence,1789464810.9639068,1789464810.9639068,0.6036
/camera/world/agv3_confidence,1789464810.9942977,1789464810.9942977,0.6082
/camera/world/agv1_confidence,1789464810.9943235,1789464810.9943235,0.5894
/camera/world/agv2_confidence,1789464810.9943852,1789464810.9943852,0.5925
/camera/world/agv1_confidence,1789464811.0230186,1789464811.0230186,0.5921
/camera/world/agv2_confidence,1789464811.0230286,1789464811.0230286,0.5926
/camera/world/agv3_confidence,1789464811.0233011,1789464811.0233011,0.6035
/camera/world/agv1_confidence,1789464811.0561619,1789464811.0561619,0.5901
/camera/world/agv3_confidence,1789464811.0561688,1789464811.0561688,0.6071
/camera/world/agv2_confidence,1789464811.0561957,1789464811.0561957,0.5923
/camera/world/agv3_confidence,1789464811.0893202,1789464811.0893202,0.6046
/camera/world/agv2_confidence,1789464811.0893323,1789464811.0893323,0.5928
/camera/world/agv1_confidence,1789464811.089398,1789464811.089398,0.5868
/camera/world/agv2_confidence,1789464811.1276624,1789464811.1276624,0.5917
/camera/world/agv1_confidence,1789464811.1276827,1789464811.1276827,0.5888
/camera/world/agv3_confidence,1789464811.1277986,1789464811.1277986,0.604
/camera/world/agv3_confidence,1789464811.1538641,1789464811.1538641,0.6083
/camera/world/agv2_confidence,1789464811.1538675,1789464811.1538675,0.591
/camera/world/agv1_confidence,1789464811.1539056,1789464811.1539056,0.5787
/camera/world/agv1_confidence,1789464811.187886,1789464811.187886,0.5885
/camera/world/agv2_confidence,1789464811.188013,1789464811.188013,0.5904
/camera/world/agv3_confidence,1789464811.1880908,1789464811.1880908,0.6038
/camera/world/agv1_confidence,1789464811.225338,1789464811.225338,0.5888
/camera/world/agv2_confidence,1789464811.2253504,1789464811.2253504,0.592
/camera/world/agv3_confidence,1789464811.2253582,1789464811.2253582,0.6034
/camera/world/agv1_confidence,1789464811.2617762,1789464811.2617762,0.5843
/camera/world/agv2_confidence,1789464811.2618723,1789464811.2618723,0.5927
/camera/world/agv3_confidence,1789464811.2621188,1789464811.2621188,0.6068
/camera/world/agv1_confidence,1789464811.305625,1789464811.305625,0.5823
/camera/world/agv3_confidence,1789464811.3058968,1789464811.3058968,0.6037
/camera/world/agv2_confidence,1789464811.3058984,1789464811.3058984,0.5909
/camera/world/agv3_confidence,1789464811.3324213,1789464811.3324213,0.5747
/camera/world/agv1_confidence,1789464811.332478,1789464811.332478,0.58
/camera/world/agv2_confidence,1789464811.3325276,1789464811.3325276,0.5938
/camera/world/agv1_confidence,1789464811.3650951,1789464811.3650951,0.5851
/camera/world/agv2_confidence,1789464811.3652475,1789464811.3652475,0.591
/camera/world/agv3_confidence,1789464811.3654215,1789464811.3654215,0.6047
/camera/world/agv1_confidence,1789464811.3916745,1789464811.3916745,0.5676
/camera/world/agv2_confidence,1789464811.3918002,1789464811.3918002,0.5909
/camera/world/agv3_confidence,1789464811.3919334,1789464811.3919334,0.6053
/camera/world/agv1_confidence,1789464811.4311118,1789464811.4311118,0.5866
/camera/world/agv3_confidence,1789464811.431411,1789464811.431411,0.6045
/camera/world/agv2_confidence,1789464811.431528,1789464811.431528,0.592
/camera/world/agv2_confidence,1789464811.4559562,1789464811.4559562,0.5923
/camera/world/agv1_confidence,1789464811.4559636,1789464811.4559636,0.5912
/camera/world/agv3_confidence,1789464811.456154,1789464811.456154,0.6078
/camera/world/agv2_confidence,1789464811.4944112,1789464811.4944112,0.5927
/camera/world/agv3_confidence,1789464811.4944158,1789464811.4944158,0.5765
/camera/world/agv1_confidence,1789464811.4944332,1789464811.4944332,0.571
/camera/world/agv2_confidence,1789464811.5222063,1789464811.5222063,0.5925
/camera/world/agv1_confidence,1789464811.5222783,1789464811.5222783,0.5868
/camera/world/agv3_confidence,1789464811.5224519,1789464811.5224519,0.6061
/camera/world/agv1_confidence,1789464811.5561066,1789464811.5561066,0.5716
/camera/world/agv2_confidence,1789464811.5561473,1789464811.5561473,0.57
/camera/world/agv3_confidence,1789464811.556224,1789464811.556224,0.6042
/camera/world/agv1_confidence,1789464811.5917716,1789464811.5917716,0.5821
/camera/world/agv2_confidence,1789464811.5917869,1789464811.5917869,0.5881
/camera/world/agv3_confidence,1789464811.5919375,1789464811.5919375,0.6054
/camera/world/agv1_confidence,1789464811.623364,1789464811.623364,0.584
/camera/world/agv3_confidence,1789464811.6234167,1789464811.6234167,0.5716
/camera/world/agv2_confidence,1789464811.6235063,1789464811.6235063,0.5902
/camera/world/agv2_confidence,1789464811.659006,1789464811.659006,0.5921
/camera/world/agv1_confidence,1789464811.6590123,1789464811.6590123,0.5835
/camera/world/agv3_confidence,1789464811.6590695,1789464811.6590695,0.6054
/camera/world/agv2_confidence,1789464811.691693,1789464811.691693,0.5897
/camera/world/agv1_confidence,1789464811.6916986,1789464811.6916986,0.5835
/camera/world/agv3_confidence,1789464811.6917274,1789464811.6917274,0.606
/camera/world/agv1_confidence,1789464811.729326,1789464811.729326,0.5839
/camera/world/agv2_confidence,1789464811.729329,1789464811.729329,0.5898
/camera/world/agv3_confidence,1789464811.7296634,1789464811.7296634,0.6064
/camera/world/agv2_confidence,1789464811.757434,1789464811.757434,0.5906
/camera/world/agv3_confidence,1789464811.7574966,1789464811.7574966,0.6042
/camera/world/agv1_confidence,1789464811.7576518,1789464811.7576518,0.5811
/camera/world/agv1_confidence,1789464811.7915473,1789464811.7915473,0.5863
/camera/world/agv2_confidence,1789464811.7919257,1789464811.7919257,0.5908
/camera/world/agv3_confidence,1789464811.792341,1789464811.792341,0.6075
/camera/world/agv1_confidence,1789464811.824143,1789464811.824143,0.5873
/camera/world/agv2_confidence,1789464811.824265,1789464811.824265,0.5926
/camera/world/agv3_confidence,1789464811.8243413,1789464811.8243413,0.6013
/camera/world/agv2_confidence,1789464811.8648143,1789464811.8648143,0.591
/camera/world/agv1_confidence,1789464811.864938,1789464811.864938,0.5822
/camera/world/agv3_confidence,1789464811.8651106,1789464811.8651106,0.6057
/camera/world/agv1_confidence,1789464811.8911617,1789464811.8911617,0.5815
/camera/world/agv2_confidence,1789464811.8911836,1789464811.8911836,0.5925
/camera/world/agv3_confidence,1789464811.8911934,1789464811.8911934,0.6025
/camera/world/agv2_confidence,1789464811.9219375,1789464811.9219375,0.5895
/camera/world/agv1_confidence,1789464811.9219406,1789464811.9219406,0.5779
/camera/world/agv3_confidence,1789464811.9223309,1789464811.9223309,0.603
/camera/world/agv1_confidence,1789464811.957707,1789464811.957707,0.5704
/camera/world/agv2_confidence,1789464811.9577901,1789464811.9577901,0.5892
/camera/world/agv3_confidence,1789464811.9580312,1789464811.9580312,0.6061
/camera/world/agv2_confidence,1789464811.9920485,1789464811.9920485,0.5896
/camera/world/agv1_confidence,1789464811.992127,1789464811.992127,0.5863
/camera/world/agv3_confidence,1789464811.9921463,1789464811.9921463,0.6038
/camera/world/agv1_confidence,1789464812.031247,1789464812.031247,0.5752
/camera/world/agv2_confidence,1789464812.031412,1789464812.031412,0.5891
/camera/world/agv3_confidence,1789464812.0314167,1789464812.0314167,0.6055
/camera/world/agv1_confidence,1789464812.057444,1789464812.057444,0.5492
/camera/world/agv2_confidence,1789464812.0574837,1789464812.0574837,0.5876
/camera/world/agv3_confidence,1789464812.0576851,1789464812.0576851,0.6048
/camera/world/agv1_confidence,1789464812.0889943,1789464812.0889943,0.5816
/camera/world/agv3_confidence,1789464812.089068,1789464812.089068,0.6048
/camera/world/agv2_confidence,1789464812.0891151,1789464812.0891151,0.5884
/camera/world/agv2_confidence,1789464812.1262572,1789464812.1262572,0.5898
/camera/world/agv1_confidence,1789464812.1263082,1789464812.1263082,0.5841
/camera/world/agv3_confidence,1789464812.1263185,1789464812.1263185,0.6022
/camera/world/agv3_confidence,1789464812.1580818,1789464812.1580818,0.6063
/camera/world/agv1_confidence,1789464812.1581032,1789464812.1581032,0.5835
/camera/world/agv2_confidence,1789464812.158203,1789464812.158203,0.59
/camera/world/agv1_confidence,1789464812.1869836,1789464812.1869836,0.5877
/camera/world/agv3_confidence,1789464812.186989,1789464812.186989,0.5813
/camera/world/agv2_confidence,1789464812.1870742,1789464812.1870742,0.5882
/camera/world/agv2_confidence,1789464812.2208138,1789464812.2208138,0.5885
/camera/world/agv1_confidence,1789464812.2208369,1789464812.2208369,0.5779
/camera/world/agv3_confidence,1789464812.220844,1789464812.220844,0.6039
/camera/world/agv1_confidence,1789464812.2546806,1789464812.2546806,0.5817
/camera/world/agv3_confidence,1789464812.2547972,1789464812.2547972,0.6027
/camera/world/agv2_confidence,1789464812.2548318,1789464812.2548318,0.5884
/camera/world/agv1_confidence,1789464812.2870438,1789464812.2870438,0.5833
/camera/world/agv2_confidence,1789464812.2870562,1789464812.2870562,0.588
/camera/world/agv3_confidence,1789464812.287087,1789464812.287087,0.6019
/camera/world/agv2_confidence,1789464812.3232548,1789464812.3232548,0.5899
/camera/world/agv1_confidence,1789464812.323305,1789464812.323305,0.566
/camera/world/agv3_confidence,1789464812.3234243,1789464812.3234243,0.6034
/camera/world/agv1_confidence,1789464812.3559835,1789464812.3559835,0.5795
/camera/world/agv2_confidence,1789464812.3562417,1789464812.3562417,0.5894
/camera/world/agv3_confidence,1789464812.3563929,1789464812.3563929,0.6012
/camera/world/agv1_confidence,1789464812.3994496,1789464812.3994496,0.5629
/camera/world/agv2_confidence,1789464812.3996432,1789464812.3996432,0.5874
/camera/world/agv3_confidence,1789464812.39965,1789464812.39965,0.6055
/camera/world/agv3_confidence,1789464812.422551,1789464812.422551,0.6022
/camera/world/agv2_confidence,1789464812.4225845,1789464812.4225845,0.5871
/camera/world/agv1_confidence,1789464812.4226954,1789464812.4226954,0.5548
/camera/world/agv3_confidence,1789464812.4554021,1789464812.4554021,0.5837
/camera/world/agv1_confidence,1789464812.4554043,1789464812.4554043,0.5834
/camera/world/agv2_confidence,1789464812.4554138,1789464812.4554138,0.5897
/camera/world/agv1_confidence,1789464812.4903007,1789464812.4903007,0.5789
/camera/world/agv3_confidence,1789464812.4906073,1789464812.4906073,0.6027
/camera/world/agv2_confidence,1789464812.4906304,1789464812.4906304,0.5886
/camera/world/agv1_confidence,1789464812.522247,1789464812.522247,0.5774
/camera/world/agv2_confidence,1789464812.5224965,1789464812.5224965,0.5876
/camera/world/agv3_confidence,1789464812.5225,1789464812.5225,0.6024
/camera/world/agv2_confidence,1789464812.5556102,1789464812.5556102,0.5886
/camera/world/agv1_confidence,1789464812.5556397,1789464812.5556397,0.5702
/camera/world/agv3_confidence,1789464812.5556712,1789464812.5556712,0.6069
/camera/world/agv3_confidence,1789464812.594382,1789464812.594382,0.6055
/camera/world/agv2_confidence,1789464812.5943954,1789464812.5943954,0.5882
/camera/world/agv1_confidence,1789464812.5944054,1789464812.5944054,0.5838
/camera/world/agv1_confidence,1789464812.621969,1789464812.621969,0.5825
/camera/world/agv2_confidence,1789464812.6219985,1789464812.6219985,0.5879
/camera/world/agv3_confidence,1789464812.6221352,1789464812.6221352,0.6017
/camera/world/agv1_confidence,1789464812.6533604,1789464812.6533604,0.5797
/camera/world/agv3_confidence,1789464812.6535609,1789464812.6535609,0.6026
/camera/world/agv2_confidence,1789464812.6536012,1789464812.6536012,0.5863
/camera/world/agv1_confidence,1789464812.6887558,1789464812.6887558,0.5799
/camera/world/agv2_confidence,1789464812.688787,1789464812.688787,0.5859
/camera/world/agv3_confidence,1789464812.6889012,1789464812.6889012,0.6036
/camera/world/agv1_confidence,1789464812.724494,1789464812.724494,0.5774
/camera/world/agv3_confidence,1789464812.7245784,1789464812.7245784,0.6036
/camera/world/agv2_confidence,1789464812.7245889,1789464812.7245889,0.5857
/camera/world/agv1_confidence,1789464812.7562134,1789464812.7562134,0.5761
/camera/world/agv3_confidence,1789464812.7562366,1789464812.7562366,0.6029
/camera/world/agv2_confidence,1789464812.7562504,1789464812.7562504,0.583
/camera/world/agv1_confidence,1789464812.7981496,1789464812.7981496,0.5793
/camera/world/agv3_confidence,1789464812.798168,1789464812.798168,0.6018
/camera/world/agv2_confidence,1789464812.7982388,1789464812.7982388,0.5841
/camera/world/agv3_confidence,1789464812.8250356,1789464812.8250356,0.5507
/camera/world/agv2_confidence,1789464812.825044,1789464812.825044,0.588
/camera/world/agv1_confidence,1789464812.8250692,1789464812.8250692,0.5829
/camera/world/agv2_confidence,1789464812.8622935,1789464812.8622935,0.5854
/camera/world/agv3_confidence,1789464812.8624089,1789464812.8624089,0.6034
/camera/world/agv1_confidence,1789464812.862412,1789464812.862412,0.5761
/camera/world/agv2_confidence,1789464812.8884473,1789464812.8884473,0.587
/camera/world/agv1_confidence,1789464812.8884494,1789464812.8884494,0.5711
/camera/world/agv3_confidence,1789464812.8885436,1789464812.8885436,0.6009
/camera/world/agv2_confidence,1789464812.923764,1789464812.923764,0.5856
/camera/world/agv1_confidence,1789464812.9238863,1789464812.9238863,0.5662
/camera/world/agv3_confidence,1789464812.9239094,1789464812.9239094,0.6025
/camera/world/agv1_confidence,1789464812.962528,1789464812.962528,0.5771
/camera/world/agv2_confidence,1789464812.9626145,1789464812.9626145,0.5858
/camera/world/agv3_confidence,1789464812.962862,1789464812.962862,0.603
/camera/world/agv1_confidence,1789464812.9893863,1789464812.9893863,0.5581
/camera/world/agv3_confidence,1789464812.989703,1789464812.989703,0.6018
/camera/world/agv2_confidence,1789464812.9897733,1789464812.9897733,0.5856
/camera/world/agv1_confidence,1789464813.0248992,1789464813.0248992,0.5877
/camera/world/agv2_confidence,1789464813.0251136,1789464813.0251136,0.584
/camera/world/agv3_confidence,1789464813.0255182,1789464813.0255182,0.6031
/camera/world/agv1_confidence,1789464813.0572793,1789464813.0572793,0.577
/camera/world/agv3_confidence,1789464813.0573294,1789464813.0573294,0.6016
/camera/world/agv2_confidence,1789464813.0574398,1789464813.0574398,0.5859
/camera/world/agv1_confidence,1789464813.0921955,1789464813.0921955,0.5782
/camera/world/agv2_confidence,1789464813.0922186,1789464813.0922186,0.5844
/camera/world/agv3_confidence,1789464813.0924556,1789464813.0924556,0.5839
/camera/world/agv3_confidence,1789464813.130687,1789464813.130687,0.601
/camera/world/agv1_confidence,1789464813.1307025,1789464813.1307025,0.5756
/camera/world/agv2_confidence,1789464813.1307466,1789464813.1307466,0.5854
/camera/world/agv2_confidence,1789464813.1568313,1789464813.1568313,0.5848
/camera/world/agv3_confidence,1789464813.1568646,1789464813.1568646,0.602
/camera/world/agv1_confidence,1789464813.1569169,1789464813.1569169,0.5773
/camera/world/agv1_confidence,1789464813.190937,1789464813.190937,0.5859
/camera/world/agv3_confidence,1789464813.1910102,1789464813.1910102,0.6018
/camera/world/agv2_confidence,1789464813.191022,1789464813.191022,0.583
/camera/world/agv3_confidence,1789464813.2253816,1789464813.2253816,0.5994
/camera/world/agv2_confidence,1789464813.225404,1789464813.225404,0.5872
/camera/world/agv1_confidence,1789464813.2254136,1789464813.2254136,0.575
/camera/world/agv2_confidence,1789464813.2628875,1789464813.2628875,0.58
/camera/world/agv1_confidence,1789464813.2628906,1789464813.2628906,0.5722
/camera/world/agv3_confidence,1789464813.263284,1789464813.263284,0.6026
/camera/world/agv1_confidence,1789464813.2865963,1789464813.2865963,0.5775
/camera/world/agv2_confidence,1789464813.2866108,1789464813.2866108,0.5792
/camera/world/agv3_confidence,1789464813.2869928,1789464813.2869928,0.6003
/camera/world/agv1_confidence,1789464813.3224478,1789464813.3224478,0.5786
/camera/world/agv2_confidence,1789464813.3227315,1789464813.3227315,0.5821
/camera/world/agv3_confidence,1789464813.3227596,1789464813.3227596,0.6002
/camera/world/agv2_confidence,1789464813.35647,1789464813.35647,0.5854
/camera/world/agv1_confidence,1789464813.3564732,1789464813.3564732,0.5783
/camera/world/agv3_confidence,1789464813.3566594,1789464813.3566594,0.6006
/camera/world/agv1_confidence,1789464813.3926528,1789464813.3926528,0.5783
/camera/world/agv2_confidence,1789464813.392833,1789464813.392833,0.5824
/camera/world/agv3_confidence,1789464813.3929234,1789464813.3929234,0.603
/camera/world/agv2_confidence,1789464813.4253545,1789464813.4253545,0.5827
/camera/world/agv1_confidence,1789464813.4253922,1789464813.4253922,0.5865
/camera/world/agv3_confidence,1789464813.4256225,1789464813.4256225,0.6032
/camera/world/agv1_confidence,1789464813.463623,1789464813.463623,0.5782
/camera/world/agv3_confidence,1789464813.463684,1789464813.463684,0.6009
/camera/world/agv2_confidence,1789464813.4637825,1789464813.4637825,0.5472
/camera/world/agv1_confidence,1789464813.4921122,1789464813.4921122,0.5762
/camera/world/agv2_confidence,1789464813.4923196,1789464813.4923196,0.5838
/camera/world/agv3_confidence,1789464813.49234,1789464813.49234,0.5987
/camera/world/agv1_confidence,1789464813.5258708,1789464813.5258708,0.5818
/camera/world/agv3_confidence,1789464813.5260224,1789464813.5260224,0.6032
/camera/world/agv2_confidence,1789464813.5260382,1789464813.5260382,0.5848
/camera/world/agv2_confidence,1789464813.5634446,1789464813.5634446,0.5819
/camera/world/agv3_confidence,1789464813.5634515,1789464813.5634515,0.5993
/camera/world/agv1_confidence,1789464813.563595,1789464813.563595,0.5809
/camera/world/agv1_confidence,1789464813.5885766,1789464813.5885766,0.5895
/camera/world/agv2_confidence,1789464813.5886047,1789464813.5886047,0.5817
/camera/world/agv3_confidence,1789464813.5886059,1789464813.5886059,0.6001
/camera/world/agv3_confidence,1789464813.6241744,1789464813.6241744,0.6055
/camera/world/agv2_confidence,1789464813.624192,1789464813.624192,0.5805
/camera/world/agv1_confidence,1789464813.6243734,1789464813.6243734,0.5901
/camera/world/agv1_confidence,1789464813.6562612,1789464813.6562612,0.5805
/camera/world/agv3_confidence,1789464813.6562696,1789464813.6562696,0.6002
/camera/world/agv2_confidence,1789464813.6563635,1789464813.6563635,0.5829
/camera/world/agv1_confidence,1789464813.6930532,1789464813.6930532,0.5665
/camera/world/agv3_confidence,1789464813.6931112,1789464813.6931112,0.5998
/camera/world/agv2_confidence,1789464813.6932662,1789464813.6932662,0.5826
/camera/world/agv1_confidence,1789464813.7233932,1789464813.7233932,0.5785
/camera/world/agv2_confidence,1789464813.723483,1789464813.723483,0.5827
/camera/world/agv3_confidence,1789464813.723611,1789464813.723611,0.6011
/camera/world/agv1_confidence,1789464813.7572138,1789464813.7572138,0.5747
/camera/world/agv3_confidence,1789464813.7572186,1789464813.7572186,0.577
/camera/world/agv2_confidence,1789464813.7572548,1789464813.7572548,0.5787
/camera/world/agv1_confidence,1789464813.7929926,1789464813.7929926,0.5865
/camera/world/agv2_confidence,1789464813.7930584,1789464813.7930584,0.5852
/camera/world/agv3_confidence,1789464813.7931633,1789464813.7931633,0.6005
/camera/world/agv2_confidence,1789464813.8243017,1789464813.8243017,0.574
/camera/world/agv1_confidence,1789464813.8243136,1789464813.8243136,0.5812
/camera/world/agv3_confidence,1789464813.8245482,1789464813.8245482,0.5987
/camera/world/agv1_confidence,1789464813.8625376,1789464813.8625376,0.564
/camera/world/agv2_confidence,1789464813.8625474,1789464813.8625474,0.5801
/camera/world/agv3_confidence,1789464813.862772,1789464813.862772,0.5982
/camera/world/agv2_confidence,1789464813.8861744,1789464813.8861744,0.556
/camera/world/agv1_confidence,1789464813.8862224,1789464813.8862224,0.5798
/camera/world/agv3_confidence,1789464813.88623,1789464813.88623,0.6012
/camera/world/agv1_confidence,1789464813.9216378,1789464813.9216378,0.5814
/camera/world/agv3_confidence,1789464813.9216588,1789464813.9216588,0.6007
/camera/world/agv2_confidence,1789464813.9217358,1789464813.9217358,0.5623
/camera/world/agv1_confidence,1789464813.955651,1789464813.955651,0.5758
/camera/world/agv3_confidence,1789464813.9556723,1789464813.9556723,0.5984
/camera/world/agv2_confidence,1789464813.9557343,1789464813.9557343,0.5613
/camera/world/agv1_confidence,1789464813.992186,1789464813.992186,0.5773
/camera/world/agv2_confidence,1789464813.9923801,1789464813.9923801,0.5825
/camera/world/agv3_confidence,1789464813.992509,1789464813.992509,0.6002
/camera/world/agv2_confidence,1789464814.0219254,1789464814.0219254,0.5795
/camera/world/agv1_confidence,1789464814.0219631,1789464814.0219631,0.5504
/camera/world/agv3_confidence,1789464814.022044,1789464814.022044,0.5819
/camera/world/agv2_confidence,1789464814.0583675,1789464814.0583675,0.581
/camera/world/agv1_confidence,1789464814.058384,1789464814.058384,0.5711
/camera/world/agv3_confidence,1789464814.0583894,1789464814.0583894,0.5981
/camera/world/agv2_confidence,1789464814.0910408,1789464814.0910408,0.5798
/camera/world/agv1_confidence,1789464814.0910444,1789464814.0910444,0.558
/camera/world/agv3_confidence,1789464814.0911448,1789464814.0911448,0.6007
/camera/world/agv1_confidence,1789464814.1245565,1789464814.1245565,0.5769
/camera/world/agv2_confidence,1789464814.1247456,1789464814.1247456,0.5644
/camera/world/agv3_confidence,1789464814.1248138,1789464814.1248138,0.5971
/camera/world/agv1_confidence,1789464814.157151,1789464814.157151,0.5866
/camera/world/agv3_confidence,1789464814.157447,1789464814.157447,0.5977
/camera/world/agv2_confidence,1789464814.1574485,1789464814.1574485,0.5772
/camera/world/agv2_confidence,1789464814.191987,1789464814.191987,0.5774
/camera/world/agv1_confidence,1789464814.1921494,1789464814.1921494,0.5705
/camera/world/agv3_confidence,1789464814.1921766,1789464814.1921766,0.5974
/camera/world/agv1_confidence,1789464814.225991,1789464814.225991,0.581
/camera/world/agv2_confidence,1789464814.2260687,1789464814.2260687,0.5818
/camera/world/agv3_confidence,1789464814.2263553,1789464814.2263553,0.5986
/camera/world/agv1_confidence,1789464814.258724,1789464814.258724,0.5791
/camera/world/agv2_confidence,1789464814.258788,1789464814.258788,0.5635
/camera/world/agv3_confidence,1789464814.2590988,1789464814.2590988,0.5998
/camera/world/agv1_confidence,1789464814.292305,1789464814.292305,0.5682
/camera/world/agv2_confidence,1789464814.2923052,1789464814.2923052,0.552
/camera/world/agv3_confidence,1789464814.2924654,1789464814.2924654,0.5967
/camera/world/agv1_confidence,1789464814.3260489,1789464814.3260489,0.582
/camera/world/agv3_confidence,1789464814.3262527,1789464814.3262527,0.6001
/camera/world/agv2_confidence,1789464814.3263297,1789464814.3263297,0.5747
/camera/world/agv1_confidence,1789464814.360077,1789464814.360077,0.5689
/camera/world/agv3_confidence,1789464814.3601222,1789464814.3601222,0.5993
/camera/world/agv2_confidence,1789464814.3602014,1789464814.3602014,0.5827
/camera/world/agv1_confidence,1789464814.3921924,1789464814.3921924,0.5789
/camera/world/agv3_confidence,1789464814.3922029,1789464814.3922029,0.5955
/camera/world/agv2_confidence,1789464814.392316,1789464814.392316,0.5793
/camera/world/agv2_confidence,1789464814.4261532,1789464814.4261532,0.5704
/camera/world/agv3_confidence,1789464814.4261816,1789464814.4261816,0.5976
/camera/world/agv1_confidence,1789464814.4262052,1789464814.4262052,0.5793
/camera/world/agv3_confidence,1789464814.4610422,1789464814.4610422,0.5978
/camera/world/agv2_confidence,1789464814.461051,1789464814.461051,0.5788
/camera/world/agv1_confidence,1789464814.461104,1789464814.461104,0.5661
/camera/world/agv1_confidence,1789464814.4955368,1789464814.4955368,0.5772
/camera/world/agv2_confidence,1789464814.4958348,1789464814.4958348,0.5781
/camera/world/agv3_confidence,1789464814.4958496,1789464814.4958496,0.5962
/camera/world/agv1_confidence,1789464814.5219772,1789464814.5219772,0.5718
/camera/world/agv2_confidence,1789464814.5222106,1789464814.5222106,0.5716
/camera/world/agv3_confidence,1789464814.5222142,1789464814.5222142,0.5988
/camera/world/agv1_confidence,1789464814.5546021,1789464814.5546021,0.5855
/camera/world/agv2_confidence,1789464814.5548785,1789464814.5548785,0.5744
/camera/world/agv3_confidence,1789464814.5549796,1789464814.5549796,0.5754
/camera/world/agv2_confidence,1789464814.5921278,1789464814.5921278,0.5824
/camera/world/agv1_confidence,1789464814.5923402,1789464814.5923402,0.5728
/camera/world/agv3_confidence,1789464814.5923495,1789464814.5923495,0.5953
/camera/world/agv3_confidence,1789464814.6246784,1789464814.6246784,0.5969
/camera/world/agv1_confidence,1789464814.6247778,1789464814.6247778,0.5795
/camera/world/agv2_confidence,1789464814.62478,1789464814.62478,0.5698
/camera/world/agv1_confidence,1789464814.655625,1789464814.655625,0.5649
/camera/world/agv2_confidence,1789464814.6556413,1789464814.6556413,0.5613
/camera/world/agv3_confidence,1789464814.6558127,1789464814.6558127,0.5644
/camera/world/agv1_confidence,1789464814.691422,1789464814.691422,0.5422
/camera/world/agv3_confidence,1789464814.6914458,1789464814.6914458,0.5936
/camera/world/agv2_confidence,1789464814.6915174,1789464814.6915174,0.5779
/camera/world/agv2_confidence,1789464814.7230878,1789464814.7230878,0.5799
/camera/world/agv1_confidence,1789464814.7231867,1789464814.7231867,0.5589
/camera/world/agv3_confidence,1789464814.7232847,1789464814.7232847,0.5868
/camera/world/agv2_confidence,1789464814.7562664,1789464814.7562664,0.5728
/camera/world/agv1_confidence,1789464814.7562778,1789464814.7562778,0.5824
/camera/world/agv3_confidence,1789464814.7562866,1789464814.7562866,0.5955
/camera/world/agv1_confidence,1789464814.7927306,1789464814.7927306,0.5787
/camera/world/agv3_confidence,1789464814.7927427,1789464814.7927427,0.5913
/camera/world/agv2_confidence,1789464814.7927635,1789464814.7927635,0.5789
/camera/world/agv2_confidence,1789464814.8274517,1789464814.8274517,0.5706
/camera/world/agv1_confidence,1789464814.8275177,1789464814.8275177,0.5636
/camera/world/agv3_confidence,1789464814.8277142,1789464814.8277142,0.5964
/camera/world/agv3_confidence,1789464814.859295,1789464814.859295,0.5989
/camera/world/agv2_confidence,1789464814.859308,1789464814.859308,0.5793
/camera/world/agv1_confidence,1789464814.859375,1789464814.859375,0.5784
/camera/world/agv2_confidence,1789464814.8924332,1789464814.8924332,0.5594
/camera/world/agv1_confidence,1789464814.8926287,1789464814.8926287,0.582
/camera/world/agv3_confidence,1789464814.892652,1789464814.892652,0.5955
/camera/world/agv1_confidence,1789464814.9256845,1789464814.9256845,0.5795
/camera/world/agv2_confidence,1789464814.925913,1789464814.925913,0.5713
/camera/world/agv3_confidence,1789464814.9259884,1789464814.9259884,0.5951
/camera/world/agv1_confidence,1789464814.958047,1789464814.958047,0.5807
/camera/world/agv2_confidence,1789464814.9582,1789464814.9582,0.5795
/camera/world/agv3_confidence,1789464814.9583073,1789464814.9583073,0.59
/camera/world/agv2_confidence,1789464814.9909024,1789464814.9909024,0.5668
/camera/world/agv3_confidence,1789464814.9910543,1789464814.9910543,0.5638
/camera/world/agv1_confidence,1789464814.991123,1789464814.991123,0.5456
/camera/world/agv3_confidence,1789464815.026697,1789464815.026697,0.5951
/camera/world/agv2_confidence,1789464815.0267305,1789464815.0267305,0.5587
/camera/world/agv1_confidence,1789464815.0267398,1789464815.0267398,0.5806
/camera/world/agv1_confidence,1789464815.0629523,1789464815.0629523,0.5846
/camera/world/agv2_confidence,1789464815.0633123,1789464815.0633123,0.5767
/camera/world/agv3_confidence,1789464815.0633447,1789464815.0633447,0.5923
/camera/world/agv1_confidence,1789464815.0882783,1789464815.0882783,0.5548
/camera/world/agv3_confidence,1789464815.088577,1789464815.088577,0.5957
/camera/world/agv2_confidence,1789464815.0886123,1789464815.0886123,0.5744
/camera/world/agv2_confidence,1789464815.1266098,1789464815.1266098,0.5677
/camera/world/agv3_confidence,1789464815.1266847,1789464815.1266847,0.5745
/camera/world/agv1_confidence,1789464815.126754,1789464815.126754,0.5802
/camera/world/agv2_confidence,1789464815.1543796,1789464815.1543796,0.5753
/camera/world/agv1_confidence,1789464815.15449,1789464815.15449,0.582
/camera/world/agv3_confidence,1789464815.15456,1789464815.15456,0.5829
/camera/world/agv2_confidence,1789464815.1896625,1789464815.1896625,0.5678
/camera/world/agv1_confidence,1789464815.189682,1789464815.189682,0.57
/camera/world/agv3_confidence,1789464815.1897452,1789464815.1897452,0.5953
/camera/world/agv1_confidence,1789464815.22206,1789464815.22206,0.5792
/camera/world/agv2_confidence,1789464815.222323,1789464815.222323,0.5712
/camera/world/agv3_confidence,1789464815.2225344,1789464815.2225344,0.5918
/camera/world/agv1_confidence,1789464815.258447,1789464815.258447,0.5753
/camera/world/agv2_confidence,1789464815.2585087,1789464815.2585087,0.576
/camera/world/agv3_confidence,1789464815.2586808,1789464815.2586808,0.592
/camera/world/agv2_confidence,1789464815.294843,1789464815.294843,0.5671
/camera/world/agv1_confidence,1789464815.294858,1789464815.294858,0.5832
/camera/world/agv3_confidence,1789464815.2949014,1789464815.2949014,0.573
/camera/world/agv1_confidence,1789464815.3230107,1789464815.3230107,0.5802
/camera/world/agv2_confidence,1789464815.3230617,1789464815.3230617,0.5712
/camera/world/agv3_confidence,1789464815.3231359,1789464815.3231359,0.5829
/camera/world/agv2_confidence,1789464815.3658485,1789464815.3658485,0.5506
/camera/world/agv1_confidence,1789464815.366046,1789464815.366046,0.5688
/camera/world/agv3_confidence,1789464815.366054,1789464815.366054,0.5909
/camera/world/agv2_confidence,1789464815.391507,1789464815.391507,0.5686
/camera/world/agv1_confidence,1789464815.3916159,1789464815.3916159,0.5624
/camera/world/agv3_confidence,1789464815.3919,1789464815.3919,0.597
/camera/world/agv2_confidence,1789464815.4312196,1789464815.4312196,0.5766
/camera/world/agv3_confidence,1789464815.4312375,1789464815.4312375,0.5915
/camera/world/agv1_confidence,1789464815.4312506,1789464815.4312506,0.5652
/camera/world/agv2_confidence,1789464815.4646816,1789464815.4646816,0.5636
/camera/world/agv3_confidence,1789464815.464828,1789464815.464828,0.5986
/camera/world/agv1_confidence,1789464815.4650502,1789464815.4650502,0.583
/camera/world/agv1_confidence,1789464815.4978597,1789464815.4978597,0.5699
/camera/world/agv2_confidence,1789464815.4979575,1789464815.4979575,0.5702
/camera/world/agv3_confidence,1789464815.4982123,1789464815.4982123,0.5853
/camera/world/agv2_confidence,1789464815.5301898,1789464815.5301898,0.5726
/camera/world/agv1_confidence,1789464815.5302885,1789464815.5302885,0.5893
/camera/world/agv3_confidence,1789464815.5303717,1789464815.5303717,0.5898
/camera/world/agv2_confidence,1789464815.562985,1789464815.562985,0.5592
/camera/world/agv3_confidence,1789464815.563062,1789464815.563062,0.5957
/camera/world/agv1_confidence,1789464815.563073,1789464815.563073,0.579
/camera/world/agv3_confidence,1789464815.5947108,1789464815.5947108,0.5694
/camera/world/agv2_confidence,1789464815.5947168,1789464815.5947168,0.5787
/camera/world/agv1_confidence,1789464815.5947416,1789464815.5947416,0.5748
/camera/world/agv1_confidence,1789464815.624972,1789464815.624972,0.5809
/camera/world/agv2_confidence,1789464815.6250815,1789464815.6250815,0.5767
/camera/world/agv3_confidence,1789464815.6251924,1789464815.6251924,0.5968
/camera/world/agv2_confidence,1789464815.654101,1789464815.654101,0.5694
/camera/world/agv1_confidence,1789464815.6542337,1789464815.6542337,0.5789
/camera/world/agv3_confidence,1789464815.6542416,1789464815.6542416,0.5942
/camera/world/agv1_confidence,1789464815.6924262,1789464815.6924262,0.58
/camera/world/agv3_confidence,1789464815.6924849,1789464815.6924849,0.5875
/camera/world/agv2_confidence,1789464815.6925795,1789464815.6925795,0.5798
/camera/world/agv1_confidence,1789464815.7232425,1789464815.7232425,0.5814
/camera/world/agv2_confidence,1789464815.723525,1789464815.723525,0.5685
/camera/world/agv3_confidence,1789464815.72353,1789464815.72353,0.5905
/camera/world/agv2_confidence,1789464815.7623909,1789464815.7623909,0.5801
/camera/world/agv1_confidence,1789464815.7624211,1789464815.7624211,0.5686
/camera/world/agv3_confidence,1789464815.7624624,1789464815.7624624,0.5869
/camera/world/agv3_confidence,1789464815.7908862,1789464815.7908862,0.5896
/camera/world/agv1_confidence,1789464815.790892,1789464815.790892,0.5857
/camera/world/agv2_confidence,1789464815.7909555,1789464815.7909555,0.5596
/camera/world/agv3_confidence,1789464815.8257961,1789464815.8257961,0.5915
/camera/world/agv2_confidence,1789464815.8258038,1789464815.8258038,0.5767
/camera/world/agv1_confidence,1789464815.825837,1789464815.825837,0.5721
/camera/world/agv2_confidence,1789464815.8573713,1789464815.8573713,0.577
/camera/world/agv3_confidence,1789464815.8574727,1789464815.8574727,0.5943
/camera/world/agv1_confidence,1789464815.8574965,1789464815.8574965,0.5338
/camera/world/agv1_confidence,1789464815.8896081,1789464815.8896081,0.5792
/camera/world/agv2_confidence,1789464815.8896465,1789464815.8896465,0.5794
/camera/world/agv3_confidence,1789464815.8897917,1789464815.8897917,0.5892
/camera/world/agv3_confidence,1789464815.9256444,1789464815.9256444,0.5849
/camera/world/agv2_confidence,1789464815.925649,1789464815.925649,0.5668
/camera/world/agv1_confidence,1789464815.925753,1789464815.925753,0.5833
/camera/world/agv1_confidence,1789464815.9550562,1789464815.9550562,0.544
/camera/world/agv2_confidence,1789464815.9551544,1789464815.9551544,0.5789
/camera/world/agv3_confidence,1789464815.9553766,1789464815.9553766,0.5881
/camera/world/agv1_confidence,1789464815.992993,1789464815.992993,0.4953
/camera/world/agv3_confidence,1789464815.9931831,1789464815.9931831,0.5801
/camera/world/agv2_confidence,1789464815.9931853,1789464815.9931853,0.5774
/camera/world/agv2_confidence,1789464816.021816,1789464816.021816,0.5687
/camera/world/agv1_confidence,1789464816.0218267,1789464816.0218267,0.5864
/camera/world/agv3_confidence,1789464816.022058,1789464816.022058,0.5862
/camera/world/agv1_confidence,1789464816.0552604,1789464816.0552604,0.5824
/camera/world/agv3_confidence,1789464816.0556645,1789464816.0556645,0.5853
/camera/world/agv2_confidence,1789464816.0556967,1789464816.0556967,0.5674
/camera/world/agv2_confidence,1789464816.09439,1789464816.09439,0.5526
/camera/world/agv3_confidence,1789464816.094615,1789464816.094615,0.5917
/camera/world/agv1_confidence,1789464816.0946333,1789464816.0946333,0.5855
/camera/world/agv1_confidence,1789464816.1218271,1789464816.1218271,0.5789
/camera/world/agv2_confidence,1789464816.1219025,1789464816.1219025,0.5641
/camera/world/agv3_confidence,1789464816.1219766,1789464816.1219766,0.591
/camera/world/agv2_confidence,1789464816.156505,1789464816.156505,0.5783
/camera/world/agv3_confidence,1789464816.1567223,1789464816.1567223,0.5855
/camera/world/agv1_confidence,1789464816.156739,1789464816.156739,0.5854
/camera/world/agv1_confidence,1789464816.1920753,1789464816.1920753,0.5667
/camera/world/agv3_confidence,1789464816.192108,1789464816.192108,0.589
/camera/world/agv2_confidence,1789464816.1922023,1789464816.1922023,0.5514
/camera/world/agv1_confidence,1789464816.230642,1789464816.230642,0.582
/camera/world/agv2_confidence,1789464816.2307134,1789464816.2307134,0.5693
/camera/world/agv3_confidence,1789464816.2307754,1789464816.2307754,0.5898
/camera/world/agv3_confidence,1789464816.256085,1789464816.256085,0.5868
/camera/world/agv1_confidence,1789464816.256156,1789464816.256156,0.5849
/camera/world/agv2_confidence,1789464816.25623,1789464816.25623,0.5764
/camera/world/agv2_confidence,1789464816.2914462,1789464816.2914462,0.5737
/camera/world/agv1_confidence,1789464816.2914479,1789464816.2914479,0.5879
/camera/world/agv3_confidence,1789464816.291782,1789464816.291782,0.5944
/camera/world/agv1_confidence,1789464816.3292727,1789464816.3292727,0.5801
/camera/world/agv2_confidence,1789464816.329604,1789464816.329604,0.5737
/camera/world/agv3_confidence,1789464816.3296688,1789464816.3296688,0.5896
/camera/world/agv1_confidence,1789464816.3553045,1789464816.3553045,0.5803
/camera/world/agv2_confidence,1789464816.3554938,1789464816.3554938,0.5669
/camera/world/agv3_confidence,1789464816.3556523,1789464816.3556523,0.5897
/camera/world/agv2_confidence,1789464816.3975105,1789464816.3975105,0.5664
/camera/world/agv1_confidence,1789464816.397646,1789464816.397646,0.5845
/camera/world/agv3_confidence,1789464816.3977315,1789464816.3977315,0.5844
/camera/world/agv2_confidence,1789464816.4304545,1789464816.4304545,0.5761
/camera/world/agv1_confidence,1789464816.4305367,1789464816.4305367,0.5611
/camera/world/agv3_confidence,1789464816.4307077,1789464816.4307077,0.5827
/camera/world/agv3_confidence,1789464816.4575973,1789464816.4575973,0.5865
/camera/world/agv2_confidence,1789464816.4576316,1789464816.4576316,0.5644
/camera/world/agv1_confidence,1789464816.4577234,1789464816.4577234,0.5652
/camera/world/agv1_confidence,1789464816.4962602,1789464816.4962602,0.5573
/camera/world/agv2_confidence,1789464816.4963813,1789464816.4963813,0.5645
/camera/world/agv3_confidence,1789464816.4965289,1789464816.4965289,0.5755
/camera/world/agv1_confidence,1789464816.5238762,1789464816.5238762,0.5672
/camera/world/agv2_confidence,1789464816.5239298,1789464816.5239298,0.5671
/camera/world/agv3_confidence,1789464816.5241754,1789464816.5241754,0.575
/camera/world/agv2_confidence,1789464816.557175,1789464816.557175,0.5764
/camera/world/agv1_confidence,1789464816.5572977,1789464816.5572977,0.5877
/camera/world/agv3_confidence,1789464816.5574632,1789464816.5574632,0.5906
/camera/world/agv2_confidence,1789464816.602124,1789464816.602124,0.5739
/camera/world/agv1_confidence,1789464816.6021347,1789464816.6021347,0.4799
/camera/world/agv3_confidence,1789464816.6023426,1789464816.6023426,0.5755
/camera/world/agv3_confidence,1789464816.6313665,1789464816.6313665,0.592
/camera/world/agv1_confidence,1789464816.631395,1789464816.631395,0.5887
/camera/world/agv2_confidence,1789464816.6314085,1789464816.6314085,0.5716
/camera/world/agv1_confidence,1789464816.66202,1789464816.66202,0.5895
/camera/world/agv2_confidence,1789464816.662068,1789464816.662068,0.5708
/camera/world/agv3_confidence,1789464816.6622915,1789464816.6622915,0.5848
/camera/world/agv1_confidence,1789464816.6968503,1789464816.6968503,0.58
/camera/world/agv2_confidence,1789464816.696942,1789464816.696942,0.5633
/camera/world/agv3_confidence,1789464816.6971416,1789464816.6971416,0.5824
/camera/world/agv1_confidence,1789464816.7235606,1789464816.7235606,0.5904
/camera/world/agv2_confidence,1789464816.7236392,1789464816.7236392,0.5772
/camera/world/agv3_confidence,1789464816.7237751,1789464816.7237751,0.5749
/camera/world/agv1_confidence,1789464816.761441,1789464816.761441,0.5847
/camera/world/agv2_confidence,1789464816.76166,1789464816.76166,0.5684
/camera/world/agv3_confidence,1789464816.7618845,1789464816.7618845,0.5957
/camera/world/agv2_confidence,1789464816.7925115,1789464816.7925115,0.5634
/camera/world/agv1_confidence,1789464816.7925673,1789464816.7925673,0.5805
/camera/world/agv3_confidence,1789464816.7926342,1789464816.7926342,0.5833
/camera/world/agv1_confidence,1789464816.8235865,1789464816.8235865,0.5885
/camera/world/agv2_confidence,1789464816.8238137,1789464816.8238137,0.5762
/camera/world/agv3_confidence,1789464816.823838,1789464816.823838,0.5729
/camera/world/agv1_confidence,1789464816.8634272,1789464816.8634272,0.591
/camera/world/agv3_confidence,1789464816.8637059,1789464816.8637059,0.5869
/camera/world/agv2_confidence,1789464816.863862,1789464816.863862,0.5764
/camera/world/agv1_confidence,1789464816.8912725,1789464816.8912725,0.5901
/camera/world/agv2_confidence,1789464816.8914828,1789464816.8914828,0.5211
/camera/world/agv3_confidence,1789464816.8916526,1789464816.8916526,0.5649
/camera/world/agv2_confidence,1789464816.9324412,1789464816.9324412,0.5742
/camera/world/agv1_confidence,1789464816.9324555,1789464816.9324555,0.5919
/camera/world/agv3_confidence,1789464816.9325328,1789464816.9325328,0.587
/camera/world/agv3_confidence,1789464816.9577134,1789464816.9577134,0.5884
/camera/world/agv1_confidence,1789464816.9577281,1789464816.9577281,0.5879
/camera/world/agv2_confidence,1789464816.9578366,1789464816.9578366,0.5641
/camera/world/agv1_confidence,1789464816.986895,1789464816.986895,0.5917
/camera/world/agv2_confidence,1789464816.9869695,1789464816.9869695,0.5743
/camera/world/agv3_confidence,1789464816.9870908,1789464816.9870908,0.5922
/camera/world/agv1_confidence,1789464817.0249484,1789464817.0249484,0.5869
/camera/world/agv2_confidence,1789464817.0249794,1789464817.0249794,0.5677
/camera/world/agv3_confidence,1789464817.0250282,1789464817.0250282,0.5795
/camera/world/agv1_confidence,1789464817.0573745,1789464817.0573745,0.5914
/camera/world/agv2_confidence,1789464817.0574553,1789464817.0574553,0.573
/camera/world/agv3_confidence,1789464817.0575035,1789464817.0575035,0.5819
/camera/world/agv3_confidence,1789464817.099852,1789464817.099852,0.5865
/camera/world/agv1_confidence,1789464817.099862,1789464817.099862,0.5916
/camera/world/agv2_confidence,1789464817.0998883,1789464817.0998883,0.5724
/camera/world/agv2_confidence,1789464817.1247497,1789464817.1247497,0.566
/camera/world/agv3_confidence,1789464817.1248229,1789464817.1248229,0.5892
/camera/world/agv1_confidence,1789464817.1249728,1789464817.1249728,0.5916
/camera/world/agv1_confidence,1789464817.1586096,1789464817.1586096,0.591
/camera/world/agv3_confidence,1789464817.158634,1789464817.158634,0.5926
/camera/world/agv2_confidence,1789464817.1587214,1789464817.1587214,0.5739
/camera/world/agv1_confidence,1789464817.1869788,1789464817.1869788,0.5916
/camera/world/agv3_confidence,1789464817.1870081,1789464817.1870081,0.5887
/camera/world/agv2_confidence,1789464817.1870596,1789464817.1870596,0.5701
/camera/world/agv3_confidence,1789464817.2253392,1789464817.2253392,0.5949
/camera/world/agv1_confidence,1789464817.225385,1789464817.225385,0.5897
/camera/world/agv2_confidence,1789464817.2255237,1789464817.2255237,0.5701
/camera/world/agv1_confidence,1789464817.257836,1789464817.257836,0.5881
/camera/world/agv2_confidence,1789464817.2579947,1789464817.2579947,0.5689
/camera/world/agv3_confidence,1789464817.258141,1789464817.258141,0.5926
/camera/world/agv3_confidence,1789464817.2935147,1789464817.2935147,0.5922
/camera/world/agv2_confidence,1789464817.2935174,1789464817.2935174,0.5663
/camera/world/agv1_confidence,1789464817.2935486,1789464817.2935486,0.5645
/camera/world/agv1_confidence,1789464817.3251266,1789464817.3251266,0.5703
/camera/world/agv3_confidence,1789464817.325214,1789464817.325214,0.5847
/camera/world/agv2_confidence,1789464817.3253307,1789464817.3253307,0.569
/camera/world/agv1_confidence,1789464817.3563676,1789464817.3563676,0.5867
/camera/world/agv2_confidence,1789464817.35655,1789464817.35655,0.5617
/camera/world/agv3_confidence,1789464817.3566282,1789464817.3566282,0.5912
/camera/world/agv1_confidence,1789464817.3898385,1789464817.3898385,0.5901
/camera/world/agv2_confidence,1789464817.3898664,1789464817.3898664,0.5671
/camera/world/agv3_confidence,1789464817.389955,1789464817.389955,0.5862
/camera/world/agv1_confidence,1789464817.4233904,1789464817.4233904,0.5908
/camera/world/agv2_confidence,1789464817.4236088,1789464817.4236088,0.5752
/camera/world/agv3_confidence,1789464817.4238122,1789464817.4238122,0.5807
/camera/world/agv1_confidence,1789464817.463411,1789464817.463411,0.591
/camera/world/agv2_confidence,1789464817.463453,1789464817.463453,0.5761
/camera/world/agv3_confidence,1789464817.4636219,1789464817.4636219,0.5921
/camera/world/agv1_confidence,1789464817.4896224,1789464817.4896224,0.5928
/camera/world/agv2_confidence,1789464817.4897888,1789464817.4897888,0.5772
/camera/world/agv3_confidence,1789464817.489941,1789464817.489941,0.5888
/camera/world/agv1_confidence,1789464817.524345,1789464817.524345,0.593
/camera/world/agv2_confidence,1789464817.5245848,1789464817.5245848,0.5608
/camera/world/agv3_confidence,1789464817.5246625,1789464817.5246625,0.591
/camera/world/agv1_confidence,1789464817.5649045,1789464817.5649045,0.5926
/camera/world/agv2_confidence,1789464817.564917,1789464817.564917,0.5734
/camera/world/agv3_confidence,1789464817.5650718,1789464817.5650718,0.5914
/camera/world/agv1_confidence,1789464817.5921495,1789464817.5921495,0.5683
/camera/world/agv2_confidence,1789464817.5924375,1789464817.5924375,0.5631
/camera/world/agv3_confidence,1789464817.5926971,1789464817.5926971,0.5931
/camera/world/agv1_confidence,1789464817.6211298,1789464817.6211298,0.5649
/camera/world/agv2_confidence,1789464817.6214206,1789464817.6214206,0.561
/camera/world/agv3_confidence,1789464817.6215947,1789464817.6215947,0.596
/camera/world/agv2_confidence,1789464817.6564445,1789464817.6564445,0.5635
/camera/world/agv1_confidence,1789464817.656519,1789464817.656519,0.5922
/camera/world/agv3_confidence,1789464817.6565213,1789464817.6565213,0.5843
/camera/world/agv3_confidence,1789464817.6944697,1789464817.6944697,0.5794
/camera/world/agv2_confidence,1789464817.6944826,1789464817.6944826,0.5682
/camera/world/agv1_confidence,1789464817.6945353,1789464817.6945353,0.5943
/camera/world/agv2_confidence,1789464817.7248785,1789464817.7248785,0.5664
/camera/world/agv1_confidence,1789464817.724918,1789464817.724918,0.5927
/camera/world/agv3_confidence,1789464817.724928,1789464817.724928,0.5883
/camera/world/agv1_confidence,1789464817.7545822,1789464817.7545822,0.5786
/camera/world/agv3_confidence,1789464817.754588,1789464817.754588,0.5899
/camera/world/agv2_confidence,1789464817.7546177,1789464817.7546177,0.571
/camera/world/agv2_confidence,1789464817.785939,1789464817.785939,0.5601
/camera/world/agv3_confidence,1789464817.7859614,1789464817.7859614,0.5936
/camera/world/agv1_confidence,1789464817.7860866,1789464817.7860866,0.563
/camera/world/agv1_confidence,1789464817.8337238,1789464817.8337238,0.5939
/camera/world/agv3_confidence,1789464817.8337426,1789464817.8337426,0.5918
/camera/world/agv2_confidence,1789464817.833779,1789464817.833779,0.5589
/camera/world/agv1_confidence,1789464817.8610399,1789464817.8610399,0.5499
/camera/world/agv2_confidence,1789464817.8610573,1789464817.8610573,0.5696
/camera/world/agv3_confidence,1789464817.8611984,1789464817.8611984,0.5874
/camera/world/agv1_confidence,1789464817.892655,1789464817.892655,0.5931
/camera/world/agv2_confidence,1789464817.8928628,1789464817.8928628,0.5545
/camera/world/agv3_confidence,1789464817.8928683,1789464817.8928683,0.5846
/camera/world/agv1_confidence,1789464817.9288523,1789464817.9288523,0.5932
/camera/world/agv2_confidence,1789464817.928953,1789464817.928953,0.5706
/camera/world/agv3_confidence,1789464817.929099,1789464817.929099,0.5758
/camera/world/agv1_confidence,1789464817.954439,1789464817.954439,0.5944
/camera/world/agv2_confidence,1789464817.9546006,1789464817.9546006,0.5675
/camera/world/agv3_confidence,1789464817.9550998,1789464817.9550998,0.5895
/camera/world/agv1_confidence,1789464817.9966428,1789464817.9966428,0.594
/camera/world/agv3_confidence,1789464817.9968915,1789464817.9968915,0.5931
/camera/world/agv2_confidence,1789464817.9969013,1789464817.9969013,0.5648
/camera/world/agv2_confidence,1789464818.0244868,1789464818.0244868,0.5718
/camera/world/agv1_confidence,1789464818.0245376,1789464818.0245376,0.5944
/camera/world/agv3_confidence,1789464818.0245645,1789464818.0245645,0.5895
/camera/world/agv1_confidence,1789464818.0544913,1789464818.0544913,0.596
/camera/world/agv3_confidence,1789464818.054501,1789464818.054501,0.5929
/camera/world/agv2_confidence,1789464818.0545607,1789464818.0545607,0.5677
/camera/world/agv1_confidence,1789464818.088638,1789464818.088638,0.5947
/camera/world/agv2_confidence,1789464818.088812,1789464818.088812,0.5756
/camera/world/agv3_confidence,1789464818.088888,1789464818.088888,0.5432
/camera/world/agv1_confidence,1789464818.1252475,1789464818.1252475,0.5939
/camera/world/agv3_confidence,1789464818.1253302,1789464818.1253302,0.5925
/camera/world/agv2_confidence,1789464818.125342,1789464818.125342,0.5706
/camera/world/agv1_confidence,1789464818.1571288,1789464818.1571288,0.5951
/camera/world/agv2_confidence,1789464818.1572042,1789464818.1572042,0.5748
/camera/world/agv3_confidence,1789464818.157298,1789464818.157298,0.5814
/camera/world/agv1_confidence,1789464818.2012298,1789464818.2012298,0.596
/camera/world/agv2_confidence,1789464818.2012794,1789464818.2012794,0.5725
/camera/world/agv3_confidence,1789464818.2016077,1789464818.2016077,0.5887
/camera/world/agv1_confidence,1789464818.2319324,1789464818.2319324,0.597
/camera/world/agv2_confidence,1789464818.2320592,1789464818.2320592,0.5745
/camera/world/agv3_confidence,1789464818.2321942,1789464818.2321942,0.5931
/camera/world/agv1_confidence,1789464818.2576988,1789464818.2576988,0.597
/camera/world/agv2_confidence,1789464818.257797,1789464818.257797,0.5523
/camera/world/agv3_confidence,1789464818.258089,1789464818.258089,0.5786
/camera/world/agv1_confidence,1789464818.29926,1789464818.29926,0.5957
/camera/world/agv3_confidence,1789464818.299281,1789464818.299281,0.5893
/camera/world/agv2_confidence,1789464818.2993054,1789464818.2993054,0.5724
/camera/world/agv2_confidence,1789464818.330939,1789464818.330939,0.5412
/camera/world/agv1_confidence,1789464818.3309722,1789464818.3309722,0.5961
/camera/world/agv3_confidence,1789464818.3313181,1789464818.3313181,0.5873
/camera/world/agv1_confidence,1789464818.3557713,1789464818.3557713,0.5946
/camera/world/agv2_confidence,1789464818.3558395,1789464818.3558395,0.5752
/camera/world/agv3_confidence,1789464818.3560095,1789464818.3560095,0.5877
/camera/world/agv1_confidence,1789464818.3983896,1789464818.3983896,0.5979
/camera/world/agv2_confidence,1789464818.3984764,1789464818.3984764,0.5653
/camera/world/agv3_confidence,1789464818.3986878,1789464818.3986878,0.5765
/camera/world/agv2_confidence,1789464818.4247334,1789464818.4247334,0.5708
/camera/world/agv1_confidence,1789464818.424746,1789464818.424746,0.573
/camera/world/agv3_confidence,1789464818.42481,1789464818.42481,0.5461
/camera/world/agv1_confidence,1789464818.4664252,1789464818.4664252,0.5774
/camera/world/agv3_confidence,1789464818.4664338,1789464818.4664338,0.5781
/camera/world/agv2_confidence,1789464818.4664645,1789464818.4664645,0.5753
/camera/world/agv2_confidence,1789464818.492819,1789464818.492819,0.5762
/camera/world/agv1_confidence,1789464818.4928455,1789464818.4928455,0.5964
/camera/world/agv3_confidence,1789464818.4931543,1789464818.4931543,0.5833
/camera/world/agv1_confidence,1789464818.5240242,1789464818.5240242,0.5946
/camera/world/agv2_confidence,1789464818.5240662,1789464818.5240662,0.5711
/camera/world/agv3_confidence,1789464818.5242052,1789464818.5242052,0.5759
/camera/world/agv1_confidence,1789464818.5553532,1789464818.5553532,0.5721
/camera/world/agv2_confidence,1789464818.555389,1789464818.555389,0.5701
/camera/world/agv3_confidence,1789464818.5554671,1789464818.5554671,0.5785
/camera/world/agv1_confidence,1789464818.5971117,1789464818.5971117,0.569
/camera/world/agv2_confidence,1789464818.5972576,1789464818.5972576,0.5662
/camera/world/agv3_confidence,1789464818.5972705,1789464818.5972705,0.5736
/camera/world/agv2_confidence,1789464818.6304274,1789464818.6304274,0.5426
/camera/world/agv1_confidence,1789464818.6305428,1789464818.6305428,0.5961
/camera/world/agv3_confidence,1789464818.6306286,1789464818.6306286,0.5902
/camera/world/agv1_confidence,1789464818.6617944,1789464818.6617944,0.5975
/camera/world/agv3_confidence,1789464818.662006,1789464818.662006,0.5893
/camera/world/agv2_confidence,1789464818.6620338,1789464818.6620338,0.5311
/camera/world/agv1_confidence,1789464818.6905475,1789464818.6905475,0.5964
/camera/world/agv3_confidence,1789464818.6907458,1789464818.6907458,0.5823
/camera/world/agv2_confidence,1789464818.690767,1789464818.690767,0.5433
/camera/world/agv1_confidence,1789464818.722686,1789464818.722686,0.596
/camera/world/agv2_confidence,1789464818.7227962,1789464818.7227962,0.5184
/camera/world/agv3_confidence,1789464818.7229557,1789464818.7229557,0.5567
/camera/world/agv1_confidence,1789464818.7651095,1789464818.7651095,0.597
/camera/world/agv2_confidence,1789464818.7651234,1789464818.7651234,0.5701
/camera/world/agv3_confidence,1789464818.7653537,1789464818.7653537,0.581
/camera/world/agv2_confidence,1789464818.7911084,1789464818.7911084,0.5673
/camera/world/agv1_confidence,1789464818.791135,1789464818.791135,0.5945
/camera/world/agv3_confidence,1789464818.791138,1789464818.791138,0.5819
/camera/world/agv2_confidence,1789464818.8309405,1789464818.8309405,0.5684
/camera/world/agv1_confidence,1789464818.8309474,1789464818.8309474,0.5963
/camera/world/agv3_confidence,1789464818.8309505,1789464818.8309505,0.5817
/camera/world/agv3_confidence,1789464818.8570907,1789464818.8570907,0.5857
/camera/world/agv1_confidence,1789464818.8571723,1789464818.8571723,0.5961
/camera/world/agv2_confidence,1789464818.8572557,1789464818.8572557,0.5687
/camera/world/agv1_confidence,1789464818.891879,1789464818.891879,0.5967
/camera/world/agv2_confidence,1789464818.892065,1789464818.892065,0.5727
/camera/world/agv3_confidence,1789464818.892229,1789464818.892229,0.5848
/camera/world/agv1_confidence,1789464818.9234586,1789464818.9234586,0.597
/camera/world/agv2_confidence,1789464818.923463,1789464818.923463,0.5351
/camera/world/agv3_confidence,1789464818.9236484,1789464818.9236484,0.5873
/camera/world/agv1_confidence,1789464818.9564939,1789464818.9564939,0.5977
/camera/world/agv2_confidence,1789464818.9565432,1789464818.9565432,0.5749
/camera/world/agv3_confidence,1789464818.9566574,1789464818.9566574,0.5696
/camera/world/agv1_confidence,1789464818.9927697,1789464818.9927697,0.5969
/camera/world/agv3_confidence,1789464818.9928463,1789464818.9928463,0.5893
/camera/world/agv2_confidence,1789464818.992854,1789464818.992854,0.559
/camera/world/agv1_confidence,1789464819.0214489,1789464819.0214489,0.5768
/camera/world/agv3_confidence,1789464819.0216112,1789464819.0216112,0.5886
/camera/world/agv2_confidence,1789464819.021661,1789464819.021661,0.5589
/camera/world/agv2_confidence,1789464819.0590558,1789464819.0590558,0.571
/camera/world/agv3_confidence,1789464819.059179,1789464819.059179,0.5893
/camera/world/agv1_confidence,1789464819.0592382,1789464819.0592382,0.5991
/camera/world/agv1_confidence,1789464819.0957763,1789464819.0957763,0.5967
/camera/world/agv2_confidence,1789464819.095799,1789464819.095799,0.5546
/camera/world/agv3_confidence,1789464819.095807,1789464819.095807,0.5794
/camera/world/agv1_confidence,1789464819.1241767,1789464819.1241767,0.5961
/camera/world/agv3_confidence,1789464819.1243439,1789464819.1243439,0.5728
/camera/world/agv2_confidence,1789464819.1243544,1789464819.1243544,0.5665
/camera/world/agv2_confidence,1789464819.1571813,1789464819.1571813,0.5462
/camera/world/agv1_confidence,1789464819.1572225,1789464819.1572225,0.5707
/camera/world/agv3_confidence,1789464819.1573658,1789464819.1573658,0.5822
/camera/world/agv1_confidence,1789464819.1926894,1789464819.1926894,0.5996
/camera/world/agv2_confidence,1789464819.1928456,1789464819.1928456,0.5768
/camera/world/agv3_confidence,1789464819.1929448,1789464819.1929448,0.557
/camera/world/agv2_confidence,1789464819.228912,1789464819.228912,0.5741
/camera/world/agv1_confidence,1789464819.2290933,1789464819.2290933,0.5968
/camera/world/agv3_confidence,1789464819.229105,1789464819.229105,0.5763
/camera/world/agv2_confidence,1789464819.259281,1789464819.259281,0.5736
/camera/world/agv1_confidence,1789464819.2594051,1789464819.2594051,0.5967
/camera/world/agv3_confidence,1789464819.2594218,1789464819.2594218,0.5814
/camera/world/agv2_confidence,1789464819.2917855,1789464819.2917855,0.5573
/camera/world/agv1_confidence,1789464819.29195,1789464819.29195,0.5962
/camera/world/agv3_confidence,1789464819.2921634,1789464819.2921634,0.5857
/camera/world/agv3_confidence,1789464819.3335183,1789464819.3335183,0.5878
/camera/world/agv1_confidence,1789464819.3336158,1789464819.3336158,0.5975
/camera/world/agv2_confidence,1789464819.3336523,1789464819.3336523,0.5728
/camera/world/agv1_confidence,1789464819.3579226,1789464819.3579226,0.596
/camera/world/agv2_confidence,1789464819.3581886,1789464819.3581886,0.5765
/camera/world/agv3_confidence,1789464819.3581889,1789464819.3581889,0.5585
/camera/world/agv1_confidence,1789464819.3920212,1789464819.3920212,0.5979
/camera/world/agv3_confidence,1789464819.3920596,1789464819.3920596,0.5835
/camera/world/agv2_confidence,1789464819.3920944,1789464819.3920944,0.5721
/camera/world/agv2_confidence,1789464819.4274619,1789464819.4274619,0.5708
/camera/world/agv3_confidence,1789464819.42762,1789464819.42762,0.5822
/camera/world/agv1_confidence,1789464819.4276347,1789464819.4276347,0.5691
/camera/world/agv3_confidence,1789464819.4538605,1789464819.4538605,0.5845
/camera/world/agv1_confidence,1789464819.4539027,1789464819.4539027,0.5773
/camera/world/agv2_confidence,1789464819.4539387,1789464819.4539387,0.5587
/camera/world/agv1_confidence,1789464819.4920127,1789464819.4920127,0.599
/camera/world/agv3_confidence,1789464819.4920673,1789464819.4920673,0.5865
/camera/world/agv2_confidence,1789464819.492104,1789464819.492104,0.5584
/camera/world/agv3_confidence,1789464819.52741,1789464819.52741,0.5862
/camera/world/agv1_confidence,1789464819.5275242,1789464819.5275242,0.5996
/camera/world/agv2_confidence,1789464819.5275292,1789464819.5275292,0.5754
/camera/world/agv3_confidence,1789464819.5638175,1789464819.5638175,0.5842
/camera/world/agv1_confidence,1789464819.563862,1789464819.563862,0.5995
/camera/world/agv2_confidence,1789464819.5638878,1789464819.5638878,0.5727
/camera/world/agv1_confidence,1789464819.5891228,1789464819.5891228,0.5984
/camera/world/agv2_confidence,1789464819.5891404,1789464819.5891404,0.5778
/camera/world/agv3_confidence,1789464819.5893872,1789464819.5893872,0.585
/camera/world/agv1_confidence,1789464819.6247687,1789464819.6247687,0.5972
/camera/world/agv2_confidence,1789464819.6248186,1789464819.6248186,0.5728
/camera/world/agv3_confidence,1789464819.6249664,1789464819.6249664,0.5752
/camera/world/agv1_confidence,1789464819.6629293,1789464819.6629293,0.5676
/camera/world/agv2_confidence,1789464819.6630495,1789464819.6630495,0.5748
/camera/world/agv3_confidence,1789464819.6632445,1789464819.6632445,0.5876
/camera/world/agv1_confidence,1789464819.6906955,1789464819.6906955,0.598
/camera/world/agv2_confidence,1789464819.6910048,1789464819.6910048,0.5768
/camera/world/agv3_confidence,1789464819.6910305,1789464819.6910305,0.584
/camera/world/agv1_confidence,1789464819.721364,1789464819.721364,0.5975
/camera/world/agv2_confidence,1789464819.7214777,1789464819.7214777,0.5755
/camera/world/agv3_confidence,1789464819.7214882,1789464819.7214882,0.58
/camera/world/agv1_confidence,1789464819.7657685,1789464819.7657685,0.598
/camera/world/agv3_confidence,1789464819.7658541,1789464819.7658541,0.5779
/camera/world/agv2_confidence,1789464819.7660394,1789464819.7660394,0.5598
/camera/world/agv2_confidence,1789464819.792477,1789464819.792477,0.5736
/camera/world/agv3_confidence,1789464819.7925317,1789464819.7925317,0.5887
/camera/world/agv1_confidence,1789464819.7925346,1789464819.7925346,0.5713
/camera/world/agv1_confidence,1789464819.830045,1789464819.830045,0.5984
/camera/world/agv2_confidence,1789464819.830243,1789464819.830243,0.5735
/camera/world/agv3_confidence,1789464819.8303635,1789464819.8303635,0.5892
/camera/world/agv2_confidence,1789464819.8579342,1789464819.8579342,0.5737
/camera/world/agv1_confidence,1789464819.8579342,1789464819.8579342,0.5961
/camera/world/agv3_confidence,1789464819.8579857,1789464819.8579857,0.5901
/camera/world/agv1_confidence,1789464819.8968036,1789464819.8968036,0.6002
/camera/world/agv2_confidence,1789464819.896897,1789464819.896897,0.575
/camera/world/agv3_confidence,1789464819.8969634,1789464819.8969634,0.5751
/camera/world/agv1_confidence,1789464819.9264803,1789464819.9264803,0.5975
/camera/world/agv2_confidence,1789464819.9264812,1789464819.9264812,0.5757
/camera/world/agv3_confidence,1789464819.926686,1789464819.926686,0.5862
/camera/world/agv3_confidence,1789464819.9558125,1789464819.9558125,0.5896
/camera/world/agv2_confidence,1789464819.9558148,1789464819.9558148,0.5779
/camera/world/agv1_confidence,1789464819.955879,1789464819.955879,0.5974
/camera/world/agv1_confidence,1789464819.9951482,1789464819.9951482,0.5983
/camera/world/agv3_confidence,1789464819.9951684,1789464819.9951684,0.591
/camera/world/agv2_confidence,1789464819.9952662,1789464819.9952662,0.5759
/camera/world/agv1_confidence,1789464820.0251486,1789464820.0251486,0.5973
/camera/world/agv2_confidence,1789464820.025298,1789464820.025298,0.568
/camera/world/agv3_confidence,1789464820.0254033,1789464820.0254033,0.5771
/camera/world/agv1_confidence,1789464820.0607443,1789464820.0607443,0.597
/camera/world/agv2_confidence,1789464820.060838,1789464820.060838,0.5758
/camera/world/agv3_confidence,1789464820.0609746,1789464820.0609746,0.5719
/camera/world/agv3_confidence,1789464820.0957077,1789464820.0957077,0.5884
/camera/world/agv2_confidence,1789464820.0957482,1789464820.0957482,0.5775
/camera/world/agv1_confidence,1789464820.0959551,1789464820.0959551,0.5973
/camera/world/agv1_confidence,1789464820.1229386,1789464820.1229386,0.5973
/camera/world/agv3_confidence,1789464820.1229444,1789464820.1229444,0.5912
/camera/world/agv2_confidence,1789464820.1230266,1789464820.1230266,0.5762
/camera/world/agv1_confidence,1789464820.157113,1789464820.157113,0.5984
/camera/world/agv2_confidence,1789464820.157121,1789464820.157121,0.5761
/camera/world/agv3_confidence,1789464820.1574094,1789464820.1574094,0.5665
/camera/world/agv2_confidence,1789464820.198025,1789464820.198025,0.5529
/camera/world/agv1_confidence,1789464820.1980453,1789464820.1980453,0.5983
/camera/world/agv3_confidence,1789464820.1982067,1789464820.1982067,0.582
/camera/world/agv2_confidence,1789464820.2265193,1789464820.2265193,0.5768
/camera/world/agv3_confidence,1789464820.2265947,1789464820.2265947,0.5903
/camera/world/agv1_confidence,1789464820.2266989,1789464820.2266989,0.5771
/camera/world/agv1_confidence,1789464820.263288,1789464820.263288,0.5994
/camera/world/agv3_confidence,1789464820.2636516,1789464820.2636516,0.5888
/camera/world/agv2_confidence,1789464820.2636666,1789464820.2636666,0.5805
/camera/world/agv1_confidence,1789464820.2899587,1789464820.2899587,0.5989
/camera/world/agv2_confidence,1789464820.2900133,1789464820.2900133,0.5783
/camera/world/agv3_confidence,1789464820.290031,1789464820.290031,0.586
/camera/world/agv1_confidence,1789464820.3297644,1789464820.3297644,0.5986
/camera/world/agv2_confidence,1789464820.3298724,1789464820.3298724,0.5783
/camera/world/agv3_confidence,1789464820.3300872,1789464820.3300872,0.5855
/camera/world/agv3_confidence,1789464820.3669524,1789464820.3669524,0.5896
/camera/world/agv2_confidence,1789464820.3669662,1789464820.3669662,0.5775
/camera/world/agv1_confidence,1789464820.3669996,1789464820.3669996,0.6001
/camera/world/agv1_confidence,1789464820.3913774,1789464820.3913774,0.5992
/camera/world/agv3_confidence,1789464820.3917024,1789464820.3917024,0.5835
/camera/world/agv2_confidence,1789464820.391931,1789464820.391931,0.5788
/camera/world/agv2_confidence,1789464820.42318,1789464820.42318,0.5593
/camera/world/agv1_confidence,1789464820.4231977,1789464820.4231977,0.599
/camera/world/agv3_confidence,1789464820.4234762,1789464820.4234762,0.5829
/camera/world/agv1_confidence,1789464820.464431,1789464820.464431,0.5977
/camera/world/agv2_confidence,1789464820.4647748,1789464820.4647748,0.5519
/camera/world/agv3_confidence,1789464820.4647844,1789464820.4647844,0.5918
/camera/world/agv1_confidence,1789464820.5128353,1789464820.5128353,0.5996
/camera/world/agv2_confidence,1789464820.5129638,1789464820.5129638,0.58
/camera/world/agv3_confidence,1789464820.5129993,1789464820.5129993,0.5927
/camera/world/agv1_confidence,1789464820.5264425,1789464820.5264425,0.601
/camera/world/agv2_confidence,1789464820.5266032,1789464820.5266032,0.5773
/camera/world/agv3_confidence,1789464820.5267189,1789464820.5267189,0.5007
/camera/world/agv1_confidence,1789464820.562061,1789464820.562061,0.5957
/camera/world/agv2_confidence,1789464820.562085,1789464820.562085,0.5808
/camera/world/agv3_confidence,1789464820.56233,1789464820.56233,0.5468
/camera/world/agv1_confidence,1789464820.588264,1789464820.588264,0.5989
/camera/world/agv2_confidence,1789464820.5883589,1789464820.5883589,0.579
/camera/world/agv3_confidence,1789464820.58857,1789464820.58857,0.5829
/camera/world/agv1_confidence,1789464820.630983,1789464820.630983,0.5985
/camera/world/agv2_confidence,1789464820.6309845,1789464820.6309845,0.5783
/camera/world/agv3_confidence,1789464820.631041,1789464820.631041,0.5862
/camera/world/agv1_confidence,1789464820.658432,1789464820.658432,0.5978
/camera/world/agv2_confidence,1789464820.6584353,1789464820.6584353,0.5627
/camera/world/agv3_confidence,1789464820.658529,1789464820.658529,0.5916
/camera/world/agv3_confidence,1789464820.6934009,1789464820.6934009,0.5942
/camera/world/agv2_confidence,1789464820.6934102,1789464820.6934102,0.5444
/camera/world/agv1_confidence,1789464820.6934636,1789464820.6934636,0.6001
/camera/world/agv2_confidence,1789464820.7254727,1789464820.7254727,0.5813
/camera/world/agv1_confidence,1789464820.7255192,1789464820.7255192,0.5996
/camera/world/agv3_confidence,1789464820.7255497,1789464820.7255497,0.5947
/camera/world/agv2_confidence,1789464820.7547152,1789464820.7547152,0.5804
/camera/world/agv3_confidence,1789464820.754738,1789464820.754738,0.5942
/camera/world/agv1_confidence,1789464820.7547574,1789464820.7547574,0.5979
/camera/world/agv2_confidence,1789464820.7971966,1789464820.7971966,0.5823
/camera/world/agv3_confidence,1789464820.797203,1789464820.797203,0.5915
/camera/world/agv1_confidence,1789464820.7972476,1789464820.7972476,0.597
/camera/world/agv1_confidence,1789464820.8254066,1789464820.8254066,0.5975
/camera/world/agv2_confidence,1789464820.825432,1789464820.825432,0.5809
/camera/world/agv3_confidence,1789464820.8254464,1789464820.8254464,0.5719
/camera/world/agv1_confidence,1789464820.8571496,1789464820.8571496,0.5995
/camera/world/agv2_confidence,1789464820.857274,1789464820.857274,0.5821
/camera/world/agv3_confidence,1789464820.8576226,1789464820.8576226,0.5935
/camera/world/agv1_confidence,1789464820.8959627,1789464820.8959627,0.5964
/camera/world/agv2_confidence,1789464820.8962152,1789464820.8962152,0.5799
/camera/world/agv3_confidence,1789464820.896223,1789464820.896223,0.5938
/camera/world/agv1_confidence,1789464820.9263248,1789464820.9263248,0.5975
/camera/world/agv2_confidence,1789464820.9263523,1789464820.9263523,0.5684
/camera/world/agv3_confidence,1789464820.9264593,1789464820.9264593,0.5946
/camera/world/agv1_confidence,1789464820.9536986,1789464820.9536986,0.5985
/camera/world/agv2_confidence,1789464820.953799,1789464820.953799,0.5821
/camera/world/agv3_confidence,1789464820.9538136,1789464820.9538136,0.5718
/camera/world/agv1_confidence,1789464820.9885442,1789464820.9885442,0.5971
/camera/world/agv3_confidence,1789464820.9885771,1789464820.9885771,0.5936
/camera/world/agv2_confidence,1789464820.9885933,1789464820.9885933,0.5795
/camera/world/agv1_confidence,1789464821.0266967,1789464821.0266967,0.5975
/camera/world/agv3_confidence,1789464821.0269806,1789464821.0269806,0.5707
/camera/world/agv2_confidence,1789464821.0270107,1789464821.0270107,0.5832
/camera/world/agv1_confidence,1789464821.0582361,1789464821.0582361,0.5748
/camera/world/agv3_confidence,1789464821.058355,1789464821.058355,0.5932
/camera/world/agv2_confidence,1789464821.0584989,1789464821.0584989,0.5637
/camera/world/agv1_confidence,1789464821.0931,1789464821.0931,0.5663
/camera/world/agv3_confidence,1789464821.093334,1789464821.093334,0.5745
/camera/world/agv2_confidence,1789464821.0934777,1789464821.0934777,0.5806
/camera/world/agv1_confidence,1789464821.1257682,1789464821.1257682,0.5982
/camera/world/agv2_confidence,1789464821.1259327,1789464821.1259327,0.5811
/camera/world/agv3_confidence,1789464821.1259975,1789464821.1259975,0.5931
/camera/world/agv1_confidence,1789464821.1655169,1789464821.1655169,0.5979
/camera/world/agv2_confidence,1789464821.16571,1789464821.16571,0.5824
/camera/world/agv3_confidence,1789464821.1658309,1789464821.1658309,0.5618
/camera/world/agv1_confidence,1789464821.1928923,1789464821.1928923,0.5967
/camera/world/agv2_confidence,1789464821.193101,1789464821.193101,0.5832
/camera/world/agv3_confidence,1789464821.1932538,1789464821.1932538,0.5651
/camera/world/agv1_confidence,1789464821.2317576,1789464821.2317576,0.5964
/camera/world/agv2_confidence,1789464821.2320151,1789464821.2320151,0.5812
/camera/world/agv3_confidence,1789464821.2321296,1789464821.2321296,0.5914
/camera/world/agv3_confidence,1789464821.2568927,1789464821.2568927,0.5962
/camera/world/agv2_confidence,1789464821.2569292,1789464821.2569292,0.5809
/camera/world/agv1_confidence,1789464821.256939,1789464821.256939,0.5973
/camera/world/agv3_confidence,1789464821.2967722,1789464821.2967722,0.5667
/camera/world/agv1_confidence,1789464821.296776,1789464821.296776,0.5996
/camera/world/agv2_confidence,1789464821.2968647,1789464821.2968647,0.5814
/camera/world/agv1_confidence,1789464821.3260374,1789464821.3260374,0.5727
/camera/world/agv2_confidence,1789464821.3260632,1789464821.3260632,0.579
/camera/world/agv3_confidence,1789464821.3261542,1789464821.3261542,0.5679
/camera/world/agv1_confidence,1789464821.3636525,1789464821.3636525,0.5962
/camera/world/agv2_confidence,1789464821.3636537,1789464821.3636537,0.5816
/camera/world/agv3_confidence,1789464821.3638303,1789464821.3638303,0.5956
/camera/world/agv1_confidence,1789464821.3880072,1789464821.3880072,0.5974
/camera/world/agv2_confidence,1789464821.3880272,1789464821.3880272,0.5824
/camera/world/agv3_confidence,1789464821.3880444,1789464821.3880444,0.595
/camera/world/agv3_confidence,1789464821.4305918,1789464821.4305918,0.5945
/camera/world/agv2_confidence,1789464821.4307113,1789464821.4307113,0.5845
/camera/world/agv1_confidence,1789464821.4307725,1789464821.4307725,0.5962
/camera/world/agv1_confidence,1789464821.454744,1789464821.454744,0.5963
/camera/world/agv2_confidence,1789464821.4550006,1789464821.4550006,0.5819
/camera/world/agv3_confidence,1789464821.45504,1789464821.45504,0.5948
/camera/world/agv2_confidence,1789464821.4958518,1789464821.4958518,0.5821
/camera/world/agv1_confidence,1789464821.495902,1789464821.495902,0.5993
/camera/world/agv3_confidence,1789464821.4959145,1789464821.4959145,0.5939
/camera/world/agv1_confidence,1789464821.524596,1789464821.524596,0.5982
/camera/world/agv2_confidence,1789464821.5247536,1789464821.5247536,0.5844
/camera/world/agv3_confidence,1789464821.5247679,1789464821.5247679,0.5952
/camera/world/agv2_confidence,1789464821.5556095,1789464821.5556095,0.5836
/camera/world/agv1_confidence,1789464821.555676,1789464821.555676,0.5955
/camera/world/agv3_confidence,1789464821.5558722,1789464821.5558722,0.5922
/camera/world/agv2_confidence,1789464821.5909774,1789464821.5909774,0.5623
/camera/world/agv3_confidence,1789464821.590988,1789464821.590988,0.5732
/camera/world/agv1_confidence,1789464821.5910795,1789464821.5910795,0.5974
/camera/world/agv1_confidence,1789464821.6249251,1789464821.6249251,0.5965
/camera/world/agv3_confidence,1789464821.624929,1789464821.624929,0.5957
/camera/world/agv2_confidence,1789464821.6250288,1789464821.6250288,0.5838
/camera/world/agv2_confidence,1789464821.6558688,1789464821.6558688,0.5837
/camera/world/agv1_confidence,1789464821.656139,1789464821.656139,0.5926
/camera/world/agv3_confidence,1789464821.6563194,1789464821.6563194,0.5716
/camera/world/agv1_confidence,1789464821.6936207,1789464821.6936207,0.5993
/camera/world/agv2_confidence,1789464821.693674,1789464821.693674,0.5811
/camera/world/agv3_confidence,1789464821.694023,1789464821.694023,0.5931
/camera/world/agv1_confidence,1789464821.7256567,1789464821.7256567,0.5987
/camera/world/agv3_confidence,1789464821.7257164,1789464821.7257164,0.5928
/camera/world/agv2_confidence,1789464821.72573,1789464821.72573,0.5822
/camera/world/agv1_confidence,1789464821.7586305,1789464821.7586305,0.5777
/camera/world/agv3_confidence,1789464821.7586644,1789464821.7586644,0.5694
/camera/world/agv2_confidence,1789464821.7586713,1789464821.7586713,0.5823
/camera/world/agv1_confidence,1789464821.7952454,1789464821.7952454,0.5947
/camera/world/agv2_confidence,1789464821.7953057,1789464821.7953057,0.5826
/camera/world/agv3_confidence,1789464821.7953596,1789464821.7953596,0.5948
/camera/world/agv2_confidence,1789464821.8243809,1789464821.8243809,0.5835
/camera/world/agv1_confidence,1789464821.824504,1789464821.824504,0.5974
/camera/world/agv3_confidence,1789464821.8245647,1789464821.8245647,0.5954
/camera/world/agv1_confidence,1789464821.8562639,1789464821.8562639,0.5976
/camera/world/agv2_confidence,1789464821.8563037,1789464821.8563037,0.5828
/camera/world/agv3_confidence,1789464821.856365,1789464821.856365,0.5935
/camera/world/agv1_confidence,1789464821.8931024,1789464821.8931024,0.5977
/camera/world/agv2_confidence,1789464821.893177,1789464821.893177,0.5864
/camera/world/agv3_confidence,1789464821.893364,1789464821.893364,0.5953
/camera/world/agv1_confidence,1789464821.9246726,1789464821.9246726,0.5973
/camera/world/agv3_confidence,1789464821.9249682,1789464821.9249682,0.5948
/camera/world/agv2_confidence,1789464821.9249763,1789464821.9249763,0.5843
/camera/world/agv2_confidence,1789464821.9626172,1789464821.9626172,0.5837
/camera/world/agv1_confidence,1789464821.9627573,1789464821.9627573,0.5962
/camera/world/agv3_confidence,1789464821.9627786,1789464821.9627786,0.5946
/camera/world/agv1_confidence,1789464821.9920182,1789464821.9920182,0.5947
/camera/world/agv3_confidence,1789464821.9920757,1789464821.9920757,0.5952
/camera/world/agv2_confidence,1789464821.992082,1789464821.992082,0.5828
/camera/world/agv1_confidence,1789464822.0218463,1789464822.0218463,0.599
/camera/world/agv2_confidence,1789464822.0220208,1789464822.0220208,0.5828
/camera/world/agv3_confidence,1789464822.0221035,1789464822.0221035,0.5947
/camera/world/agv2_confidence,1789464822.063216,1789464822.063216,0.5836
/camera/world/agv1_confidence,1789464822.0632536,1789464822.0632536,0.5971
/camera/world/agv3_confidence,1789464822.0633144,1789464822.0633144,0.5759
/camera/world/agv3_confidence,1789464822.0954397,1789464822.0954397,0.5627
/camera/world/agv1_confidence,1789464822.0954542,1789464822.0954542,0.595
/camera/world/agv2_confidence,1789464822.095457,1789464822.095457,0.5841
/camera/world/agv1_confidence,1789464822.1287072,1789464822.1287072,0.5962
/camera/world/agv3_confidence,1789464822.1287425,1789464822.1287425,0.5984
/camera/world/agv2_confidence,1789464822.1287906,1789464822.1287906,0.5839
/camera/world/agv1_confidence,1789464822.1587195,1789464822.1587195,0.5654
/camera/world/agv3_confidence,1789464822.1587243,1789464822.1587243,0.5956
/camera/world/agv2_confidence,1789464822.1587267,1789464822.1587267,0.5836
/camera/world/agv2_confidence,1789464822.191832,1789464822.191832,0.5812
/camera/world/agv1_confidence,1789464822.1918626,1789464822.1918626,0.5474
/camera/world/agv3_confidence,1789464822.1919212,1789464822.1919212,0.5941
/camera/world/agv1_confidence,1789464822.2265496,1789464822.2265496,0.5935
/camera/world/agv3_confidence,1789464822.2265682,1789464822.2265682,0.5964
/camera/world/agv2_confidence,1789464822.226586,1789464822.226586,0.5842
/camera/world/agv2_confidence,1789464822.2648163,1789464822.2648163,0.5846
/camera/world/agv1_confidence,1789464822.2648728,1789464822.2648728,0.5954
/camera/world/agv3_confidence,1789464822.2649627,1789464822.2649627,0.5941
/camera/world/agv1_confidence,1789464822.2964725,1789464822.2964725,0.5942
/camera/world/agv2_confidence,1789464822.2964816,1789464822.2964816,0.5843
/camera/world/agv3_confidence,1789464822.296522,1789464822.296522,0.5941
/camera/world/agv1_confidence,1789464822.3284566,1789464822.3284566,0.5963
/camera/world/agv3_confidence,1789464822.3285437,1789464822.3285437,0.596
/camera/world/agv2_confidence,1789464822.3285756,1789464822.3285756,0.5854
/camera/world/agv1_confidence,1789464822.3561554,1789464822.3561554,0.5962
/camera/world/agv2_confidence,1789464822.3562686,1789464822.3562686,0.5863
/camera/world/agv3_confidence,1789464822.3563168,1789464822.3563168,0.5963
/camera/world/agv3_confidence,1789464822.3913417,1789464822.3913417,0.5956
/camera/world/agv2_confidence,1789464822.3913474,1789464822.3913474,0.5874
/camera/world/agv1_confidence,1789464822.3914247,1789464822.3914247,0.5968
/camera/world/agv2_confidence,1789464822.4303882,1789464822.4303882,0.5846
/camera/world/agv1_confidence,1789464822.4305518,1789464822.4305518,0.5961
/camera/world/agv3_confidence,1789464822.4306457,1789464822.4306457,0.5963
/camera/world/agv2_confidence,1789464822.4634838,1789464822.4634838,0.5849
/camera/world/agv1_confidence,1789464822.4635043,1789464822.4635043,0.597
/camera/world/agv3_confidence,1789464822.4636343,1789464822.4636343,0.5947
/camera/world/agv1_confidence,1789464822.487092,1789464822.487092,0.5963
/camera/world/agv3_confidence,1789464822.4871795,1789464822.4871795,0.5992
/camera/world/agv2_confidence,1789464822.4872189,1789464822.4872189,0.5849
/camera/world/agv1_confidence,1789464822.5224822,1789464822.5224822,0.595
/camera/world/agv3_confidence,1789464822.5225563,1789464822.5225563,0.5962
/camera/world/agv2_confidence,1789464822.5226288,1789464822.5226288,0.5842
/camera/world/agv2_confidence,1789464822.5585065,1789464822.5585065,0.5831
/camera/world/agv3_confidence,1789464822.558739,1789464822.558739,0.5982
/camera/world/agv1_confidence,1789464822.558775,1789464822.558775,0.5949
/camera/world/agv3_confidence,1789464822.605632,1789464822.605632,0.5967
/camera/world/agv1_confidence,1789464822.6056707,1789464822.6056707,0.5949
/camera/world/agv2_confidence,1789464822.6056986,1789464822.6056986,0.5857
/camera/world/agv2_confidence,1789464822.6250849,1789464822.6250849,0.5834
/camera/world/agv1_confidence,1789464822.6251152,1789464822.6251152,0.592
/camera/world/agv3_confidence,1789464822.6251206,1789464822.6251206,0.5957
/camera/world/agv1_confidence,1789464822.6566503,1789464822.6566503,0.589
/camera/world/agv2_confidence,1789464822.6569486,1789464822.6569486,0.5842
/camera/world/agv3_confidence,1789464822.6570523,1789464822.6570523,0.5956
/camera/world/agv1_confidence,1789464822.6905448,1789464822.6905448,0.5851
/camera/world/agv2_confidence,1789464822.6905897,1789464822.6905897,0.5837
/camera/world/agv3_confidence,1789464822.690626,1789464822.690626,0.5961
/camera/world/agv1_confidence,1789464822.7258623,1789464822.7258623,0.597
/camera/world/agv2_confidence,1789464822.725921,1789464822.725921,0.5851
/camera/world/agv3_confidence,1789464822.7260609,1789464822.7260609,0.5977
/camera/world/agv1_confidence,1789464822.7653205,1789464822.7653205,0.5857
/camera/world/agv3_confidence,1789464822.7653904,1789464822.7653904,0.5969
/camera/world/agv2_confidence,1789464822.7654088,1789464822.7654088,0.585
/camera/world/agv2_confidence,1789464822.79546,1789464822.79546,0.5859
/camera/world/agv1_confidence,1789464822.7956324,1789464822.7956324,0.5712
/camera/world/agv3_confidence,1789464822.7956533,1789464822.7956533,0.5942
/camera/world/agv1_confidence,1789464822.8320138,1789464822.8320138,0.5938
/camera/world/agv2_confidence,1789464822.8320634,1789464822.8320634,0.5842
/camera/world/agv3_confidence,1789464822.832117,1789464822.832117,0.5966
/camera/world/agv1_confidence,1789464822.8650498,1789464822.8650498,0.5658
/camera/world/agv3_confidence,1789464822.8650718,1789464822.8650718,0.5946
/camera/world/agv2_confidence,1789464822.8651187,1789464822.8651187,0.5855
/camera/world/agv1_confidence,1789464822.8924112,1789464822.8924112,0.589
/camera/world/agv2_confidence,1789464822.892458,1789464822.892458,0.5868
/camera/world/agv3_confidence,1789464822.8928044,1789464822.8928044,0.5993
/camera/world/agv1_confidence,1789464822.9262586,1789464822.9262586,0.5992
/camera/world/agv2_confidence,1789464822.9263031,1789464822.9263031,0.586
/camera/world/agv3_confidence,1789464822.9264936,1789464822.9264936,0.5967
/camera/world/agv2_confidence,1789464822.9552553,1789464822.9552553,0.5861
/camera/world/agv1_confidence,1789464822.9553494,1789464822.9553494,0.5991
/camera/world/agv3_confidence,1789464822.9554398,1789464822.9554398,0.5976
/camera/world/agv2_confidence,1789464822.9972658,1789464822.9972658,0.5853
/camera/world/agv3_confidence,1789464822.9974337,1789464822.9974337,0.5975
/camera/world/agv1_confidence,1789464822.99746,1789464822.99746,0.5862
/camera/world/agv2_confidence,1789464823.0236616,1789464823.0236616,0.5863
/camera/world/agv1_confidence,1789464823.0236735,1789464823.0236735,0.5908
/camera/world/agv3_confidence,1789464823.0237427,1789464823.0237427,0.5963
/camera/world/agv2_confidence,1789464823.0584989,1789464823.0584989,0.564
/camera/world/agv1_confidence,1789464823.058719,1789464823.058719,0.5963
/camera/world/agv3_confidence,1789464823.0587223,1789464823.0587223,0.5948
/camera/world/agv1_confidence,1789464823.091488,1789464823.091488,0.5944
/camera/world/agv3_confidence,1789464823.0915656,1789464823.0915656,0.5986
/camera/world/agv2_confidence,1789464823.0915864,1789464823.0915864,0.5845
/camera/world/agv1_confidence,1789464823.1260178,1789464823.1260178,0.5891
/camera/world/agv3_confidence,1789464823.126053,1789464823.126053,0.5968
/camera/world/agv2_confidence,1789464823.1260574,1789464823.1260574,0.5842
/camera/world/agv1_confidence,1789464823.156742,1789464823.156742,0.5862
/camera/world/agv2_confidence,1789464823.1568027,1789464823.1568027,0.5849
/camera/world/agv3_confidence,1789464823.156807,1789464823.156807,0.5949
/camera/world/agv1_confidence,1789464823.196364,1789464823.196364,0.5972
/camera/world/agv3_confidence,1789464823.1968145,1789464823.1968145,0.5728
/camera/world/agv2_confidence,1789464823.1968188,1789464823.1968188,0.5871
/camera/world/agv1_confidence,1789464823.2246473,1789464823.2246473,0.5959
/camera/world/agv2_confidence,1789464823.224681,1789464823.224681,0.5847
/camera/world/agv3_confidence,1789464823.2248638,1789464823.2248638,0.5967
/camera/world/agv1_confidence,1789464823.2543201,1789464823.2543201,0.5825
/camera/world/agv3_confidence,1789464823.254363,1789464823.254363,0.5971
/camera/world/agv2_confidence,1789464823.2544546,1789464823.2544546,0.5846
/camera/world/agv1_confidence,1789464823.296955,1789464823.296955,0.5856
/camera/world/agv3_confidence,1789464823.2971153,1789464823.2971153,0.5975
/camera/world/agv2_confidence,1789464823.29717,1789464823.29717,0.5855
/camera/world/agv1_confidence,1789464823.3252661,1789464823.3252661,0.5792
/camera/world/agv3_confidence,1789464823.325413,1789464823.325413,0.5967
/camera/world/agv2_confidence,1789464823.3254175,1789464823.3254175,0.585
/camera/world/agv2_confidence,1789464823.361236,1789464823.361236,0.5852
/camera/world/agv1_confidence,1789464823.3612502,1789464823.3612502,0.5793
/camera/world/agv3_confidence,1789464823.36126,1789464823.36126,0.5984
/camera/world/agv1_confidence,1789464823.3904934,1789464823.3904934,0.5966
/camera/world/agv2_confidence,1789464823.3905933,1789464823.3905933,0.5843
/camera/world/agv3_confidence,1789464823.3906908,1789464823.3906908,0.5979
/camera/world/agv1_confidence,1789464823.423544,1789464823.423544,0.5682
/camera/world/agv2_confidence,1789464823.4235473,1789464823.4235473,0.5862
/camera/world/agv3_confidence,1789464823.4238462,1789464823.4238462,0.5983
/camera/world/agv1_confidence,1789464823.4663005,1789464823.4663005,0.5962
/camera/world/agv2_confidence,1789464823.4663508,1789464823.4663508,0.5855
/camera/world/agv3_confidence,1789464823.4664671,1789464823.4664671,0.5979
/camera/world/agv1_confidence,1789464823.495782,1789464823.495782,0.5952
/camera/world/agv2_confidence,1789464823.4959204,1789464823.4959204,0.5859
/camera/world/agv3_confidence,1789464823.4961367,1789464823.4961367,0.5953
/camera/world/agv1_confidence,1789464823.5223348,1789464823.5223348,0.6026
/camera/world/agv2_confidence,1789464823.5224743,1789464823.5224743,0.5869
/camera/world/agv3_confidence,1789464823.5225968,1789464823.5225968,0.5984
/camera/world/agv1_confidence,1789464823.55745,1789464823.55745,0.5625
/camera/world/agv2_confidence,1789464823.5576227,1789464823.5576227,0.587
/camera/world/agv3_confidence,1789464823.5577466,1789464823.5577466,0.5978
/camera/world/agv1_confidence,1789464823.5924392,1789464823.5924392,0.5875
/camera/world/agv2_confidence,1789464823.5924988,1789464823.5924988,0.5868
/camera/world/agv3_confidence,1789464823.5926387,1789464823.5926387,0.5966
/camera/world/agv3_confidence,1789464823.6374345,1789464823.6374345,0.5979
/camera/world/agv1_confidence,1789464823.6375158,1789464823.6375158,0.5878
/camera/world/agv2_confidence,1789464823.6375484,1789464823.6375484,0.5857
/camera/world/agv3_confidence,1789464823.6602366,1789464823.6602366,0.5954
/camera/world/agv1_confidence,1789464823.6602654,1789464823.6602654,0.5927
/camera/world/agv2_confidence,1789464823.6604238,1789464823.6604238,0.5857
/camera/world/agv1_confidence,1789464823.6948297,1789464823.6948297,0.5529
/camera/world/agv2_confidence,1789464823.6948497,1789464823.6948497,0.5855
/camera/world/agv3_confidence,1789464823.6949599,1789464823.6949599,0.5982
/camera/world/agv1_confidence,1789464823.7270463,1789464823.7270463,0.5913
/camera/world/agv3_confidence,1789464823.7270954,1789464823.7270954,0.5974
/camera/world/agv2_confidence,1789464823.727106,1789464823.727106,0.586
/camera/world/agv2_confidence,1789464823.7573597,1789464823.7573597,0.5851
/camera/world/agv1_confidence,1789464823.7573748,1789464823.7573748,0.5955
/camera/world/agv3_confidence,1789464823.7575707,1789464823.7575707,0.5968
/camera/world/agv1_confidence,1789464823.7898667,1789464823.7898667,0.5341
/camera/world/agv3_confidence,1789464823.789911,1789464823.789911,0.5958
/camera/world/agv2_confidence,1789464823.7899644,1789464823.7899644,0.5857
/camera/world/agv1_confidence,1789464823.8353424,1789464823.8353424,0.5867
/camera/world/agv3_confidence,1789464823.8354845,1789464823.8354845,0.5969
/camera/world/agv2_confidence,1789464823.8355,1789464823.8355,0.5871
/camera/world/agv3_confidence,1789464823.8588057,1789464823.8588057,0.5959
/camera/world/agv2_confidence,1789464823.858839,1789464823.858839,0.5858
/camera/world/agv1_confidence,1789464823.8588674,1789464823.8588674,0.594
/camera/world/agv2_confidence,1789464823.8904004,1789464823.8904004,0.587
/camera/world/agv1_confidence,1789464823.8904588,1789464823.8904588,0.5866
/camera/world/agv3_confidence,1789464823.8904784,1789464823.8904784,0.597
/camera/world/agv2_confidence,1789464823.9262037,1789464823.9262037,0.5847
/camera/world/agv1_confidence,1789464823.9262075,1789464823.9262075,0.5996
/camera/world/agv3_confidence,1789464823.9263623,1789464823.9263623,0.5967
/camera/world/agv3_confidence,1789464823.9577303,1789464823.9577303,0.5987
/camera/world/agv1_confidence,1789464823.9577413,1789464823.9577413,0.5591
/camera/world/agv2_confidence,1789464823.9578362,1789464823.9578362,0.5851
/camera/world/agv1_confidence,1789464824.0043113,1789464824.0043113,0.592
/camera/world/agv2_confidence,1789464824.0044675,1789464824.0044675,0.5853
/camera/world/agv3_confidence,1789464824.0044832,1789464824.0044832,0.5959
/camera/world/agv1_confidence,1789464824.0252817,1789464824.0252817,0.5799
/camera/world/agv2_confidence,1789464824.0253882,1789464824.0253882,0.5865
/camera/world/agv3_confidence,1789464824.0256004,1789464824.0256004,0.5965
/camera/world/agv1_confidence,1789464824.057158,1789464824.057158,0.5517
/camera/world/agv2_confidence,1789464824.0572486,1789464824.0572486,0.5872
/camera/world/agv3_confidence,1789464824.0573282,1789464824.0573282,0.5962
/camera/world/agv1_confidence,1789464824.089993,1789464824.089993,0.5815
/camera/world/agv3_confidence,1789464824.0900257,1789464824.0900257,0.5974
/camera/world/agv2_confidence,1789464824.0900488,1789464824.0900488,0.5845
/camera/world/agv2_confidence,1789464824.121323,1789464824.121323,0.5838
/camera/world/agv1_confidence,1789464824.1213706,1789464824.1213706,0.5923
/camera/world/agv3_confidence,1789464824.1214893,1789464824.1214893,0.5978
/camera/world/agv3_confidence,1789464824.1617208,1789464824.1617208,0.599
/camera/world/agv2_confidence,1789464824.1618047,1789464824.1618047,0.5848
/camera/world/agv1_confidence,1789464824.161856,1789464824.161856,0.5901
/camera/world/agv2_confidence,1789464824.1951518,1789464824.1951518,0.5842
/camera/world/agv3_confidence,1789464824.1952457,1789464824.1952457,0.5957
/camera/world/agv1_confidence,1789464824.1952639,1789464824.1952639,0.574
/camera/world/agv2_confidence,1789464824.2224674,1789464824.2224674,0.5886
/camera/world/agv1_confidence,1789464824.2225223,1789464824.2225223,0.5661
/camera/world/agv3_confidence,1789464824.2226393,1789464824.2226393,0.5973
/camera/world/agv3_confidence,1789464824.264204,1789464824.264204,0.5968
/camera/world/agv2_confidence,1789464824.2642353,1789464824.2642353,0.5854
/camera/world/agv1_confidence,1789464824.264264,1789464824.264264,0.5955
/camera/world/agv1_confidence,1789464824.2920017,1789464824.2920017,0.5952
/camera/world/agv2_confidence,1789464824.2920296,1789464824.2920296,0.587
/camera/world/agv3_confidence,1789464824.2923384,1789464824.2923384,0.5973
/camera/world/agv1_confidence,1789464824.3328156,1789464824.3328156,0.5943
/camera/world/agv3_confidence,1789464824.332849,1789464824.332849,0.5979
/camera/world/agv2_confidence,1789464824.3329291,1789464824.3329291,0.5846
/camera/world/agv1_confidence,1789464824.364515,1789464824.364515,0.5651
/camera/world/agv3_confidence,1789464824.3645277,1789464824.3645277,0.5971
/camera/world/agv2_confidence,1789464824.3645728,1789464824.3645728,0.5611
/camera/world/agv2_confidence,1789464824.3917665,1789464824.3917665,0.5877
/camera/world/agv1_confidence,1789464824.3918114,1789464824.3918114,0.5884
/camera/world/agv3_confidence,1789464824.3918552,1789464824.3918552,0.5958
/camera/world/agv3_confidence,1789464824.436032,1789464824.436032,0.598
/camera/world/agv1_confidence,1789464824.4360569,1789464824.4360569,0.5945
/camera/world/agv2_confidence,1789464824.4361444,1789464824.4361444,0.5861
/camera/world/agv1_confidence,1789464824.465452,1789464824.465452,0.5823
/camera/world/agv2_confidence,1789464824.4656227,1789464824.4656227,0.5852
/camera/world/agv3_confidence,1789464824.4657078,1789464824.4657078,0.5971
/camera/world/agv2_confidence,1789464824.5023081,1789464824.5023081,0.5856
/camera/world/agv1_confidence,1789464824.502343,1789464824.502343,0.5947
/camera/world/agv3_confidence,1789464824.502363,1789464824.502363,0.5727
/camera/world/agv1_confidence,1789464824.5233054,1789464824.5233054,0.5786
/camera/world/agv2_confidence,1789464824.5234115,1789464824.5234115,0.5858
/camera/world/agv3_confidence,1789464824.5235195,1789464824.5235195,0.5954
/camera/world/agv1_confidence,1789464824.5659049,1789464824.5659049,0.605
/camera/world/agv2_confidence,1789464824.5659611,1789464824.5659611,0.5464
/camera/world/agv3_confidence,1789464824.5660017,1789464824.5660017,0.5966
/camera/world/agv1_confidence,1789464824.601472,1789464824.601472,0.5559
/camera/world/agv2_confidence,1789464824.601614,1789464824.601614,0.5851
/camera/world/agv3_confidence,1789464824.601782,1789464824.601782,0.5974
/camera/world/agv1_confidence,1789464824.623863,1789464824.623863,0.5836
/camera/world/agv3_confidence,1789464824.6238687,1789464824.6238687,0.5958
/camera/world/agv2_confidence,1789464824.623938,1789464824.623938,0.5841
/camera/world/agv1_confidence,1789464824.6646686,1789464824.6646686,0.6065
/camera/world/agv2_confidence,1789464824.6646845,1789464824.6646845,0.586
/camera/world/agv3_confidence,1789464824.6646905,1789464824.6646905,0.5677
/camera/world/agv1_confidence,1789464824.7044642,1789464824.7044642,0.5868
/camera/world/agv2_confidence,1789464824.7045243,1789464824.7045243,0.5612
/camera/world/agv3_confidence,1789464824.7046392,1789464824.7046392,0.5981
/camera/world/agv1_confidence,1789464824.7273328,1789464824.7273328,0.6028
/camera/world/agv2_confidence,1789464824.7273402,1789464824.7273402,0.5834
/camera/world/agv3_confidence,1789464824.7275982,1789464824.7275982,0.5948
/camera/world/agv2_confidence,1789464824.7609177,1789464824.7609177,0.5769
/camera/world/agv3_confidence,1789464824.7609274,1789464824.7609274,0.5977
/camera/world/agv1_confidence,1789464824.7609537,1789464824.7609537,0.6032
/camera/world/agv2_confidence,1789464824.8019903,1789464824.8019903,0.5886
/camera/world/agv1_confidence,1789464824.8020082,1789464824.8020082,0.5964
/camera/world/agv3_confidence,1789464824.8021903,1789464824.8021903,0.5979
/camera/world/agv1_confidence,1789464824.8323746,1789464824.8323746,0.579
/camera/world/agv3_confidence,1789464824.8323944,1789464824.8323944,0.5989
/camera/world/agv2_confidence,1789464824.83244,1789464824.83244,0.5683
/camera/world/agv1_confidence,1789464824.8635237,1789464824.8635237,0.6042
/camera/world/agv2_confidence,1789464824.8636734,1789464824.8636734,0.5855
/camera/world/agv3_confidence,1789464824.8638937,1789464824.8638937,0.5946
/camera/world/agv2_confidence,1789464824.8944814,1789464824.8944814,0.5853
/camera/world/agv1_confidence,1789464824.894499,1789464824.894499,0.6047
/camera/world/agv3_confidence,1789464824.8945615,1789464824.8945615,0.5972
/camera/world/agv1_confidence,1789464824.9352474,1789464824.9352474,0.6074
/camera/world/agv2_confidence,1789464824.9352565,1789464824.9352565,0.5849
/camera/world/agv3_confidence,1789464824.9353752,1789464824.9353752,0.5974
/camera/world/agv2_confidence,1789464824.9568133,1789464824.9568133,0.5854
/camera/world/agv1_confidence,1789464824.9568167,1789464824.9568167,0.5942
/camera/world/agv3_confidence,1789464824.957007,1789464824.957007,0.596
/camera/world/agv2_confidence,1789464824.994695,1789464824.994695,0.5864
/camera/world/agv3_confidence,1789464824.9946985,1789464824.9946985,0.5933
/camera/world/agv1_confidence,1789464824.9949725,1789464824.9949725,0.6047
/camera/world/agv3_confidence,1789464825.0331128,1789464825.0331128,0.5973
/camera/world/agv2_confidence,1789464825.0331328,1789464825.0331328,0.571
/camera/world/agv1_confidence,1789464825.033247,1789464825.033247,0.5734
/camera/world/agv1_confidence,1789464825.0697112,1789464825.0697112,0.5907
/camera/world/agv3_confidence,1789464825.0697603,1789464825.0697603,0.5249
/camera/world/agv2_confidence,1789464825.0697734,1789464825.0697734,0.582
/camera/world/agv2_confidence,1789464825.0910223,1789464825.0910223,0.5824
/camera/world/agv3_confidence,1789464825.0910323,1789464825.0910323,0.5967
/camera/world/agv1_confidence,1789464825.0910504,1789464825.0910504,0.5822
/camera/world/agv1_confidence,1789464825.1223323,1789464825.1223323,0.5944
/camera/world/agv2_confidence,1789464825.1225975,1789464825.1225975,0.5861
/camera/world/agv3_confidence,1789464825.122634,1789464825.122634,0.5949
/camera/world/agv1_confidence,1789464825.1628602,1789464825.1628602,0.6045
/camera/world/agv2_confidence,1789464825.1630704,1789464825.1630704,0.5852
/camera/world/agv3_confidence,1789464825.1632137,1789464825.1632137,0.5939
/camera/world/agv3_confidence,1789464825.1871278,1789464825.1871278,0.5931
/camera/world/agv1_confidence,1789464825.1872516,1789464825.1872516,0.5919
/camera/world/agv2_confidence,1789464825.1872888,1789464825.1872888,0.5837
/camera/world/agv2_confidence,1789464825.2348187,1789464825.2348187,0.5872
/camera/world/agv1_confidence,1789464825.2349696,1789464825.2349696,0.6076
/camera/world/agv3_confidence,1789464825.2349937,1789464825.2349937,0.5962
/camera/world/agv1_confidence,1789464825.2536874,1789464825.2536874,0.6072
/camera/world/agv2_confidence,1789464825.2538707,1789464825.2538707,0.5849
/camera/world/agv3_confidence,1789464825.2540529,1789464825.2540529,0.5953
/camera/world/agv1_confidence,1789464825.2910511,1789464825.2910511,0.6072
/camera/world/agv2_confidence,1789464825.2911954,1789464825.2911954,0.5812
/camera/world/agv3_confidence,1789464825.2912962,1789464825.2912962,0.5972
/camera/world/agv1_confidence,1789464825.3337111,1789464825.3337111,0.607
/camera/world/agv2_confidence,1789464825.3337235,1789464825.3337235,0.5895
/camera/world/agv3_confidence,1789464825.3340006,1789464825.3340006,0.5975
/camera/world/agv1_confidence,1789464825.3599446,1789464825.3599446,0.6002
/camera/world/agv2_confidence,1789464825.3599691,1789464825.3599691,0.584
/camera/world/agv3_confidence,1789464825.360061,1789464825.360061,0.592
/camera/world/agv1_confidence,1789464825.40085,1789464825.40085,0.5953
/camera/world/agv2_confidence,1789464825.4010055,1789464825.4010055,0.5879
/camera/world/agv3_confidence,1789464825.4011676,1789464825.4011676,0.5967
/camera/world/agv2_confidence,1789464825.4252825,1789464825.4252825,0.5867
/camera/world/agv1_confidence,1789464825.4254572,1789464825.4254572,0.5714
/camera/world/agv3_confidence,1789464825.425493,1789464825.425493,0.596
/camera/world/agv2_confidence,1789464825.4573653,1789464825.4573653,0.5767
/camera/world/agv3_confidence,1789464825.457497,1789464825.457497,0.5913
/camera/world/agv1_confidence,1789464825.457646,1789464825.457646,0.6058
/camera/world/agv1_confidence,1789464825.5029178,1789464825.5029178,0.5687
/camera/world/agv2_confidence,1789464825.502924,1789464825.502924,0.5791
/camera/world/agv3_confidence,1789464825.5031,1789464825.5031,0.5928
/camera/world/agv2_confidence,1789464825.5310671,1789464825.5310671,0.5691
/camera/world/agv1_confidence,1789464825.5310774,1789464825.5310774,0.5727
/camera/world/agv3_confidence,1789464825.5311596,1789464825.5311596,0.5947
/camera/world/agv1_confidence,1789464825.5594587,1789464825.5594587,0.5848
/camera/world/agv3_confidence,1789464825.5596604,1789464825.5596604,0.5938
/camera/world/agv2_confidence,1789464825.5596828,1789464825.5596828,0.5295
/camera/world/agv1_confidence,1789464825.5952415,1789464825.5952415,0.5936
/camera/world/agv2_confidence,1789464825.5954726,1789464825.5954726,0.5851
/camera/world/agv3_confidence,1789464825.5954864,1789464825.5954864,0.5672
/camera/world/agv2_confidence,1789464825.6307867,1789464825.6307867,0.5871
/camera/world/agv1_confidence,1789464825.6307962,1789464825.6307962,0.6063
/camera/world/agv3_confidence,1789464825.6309338,1789464825.6309338,0.5934
/camera/world/agv1_confidence,1789464825.666445,1789464825.666445,0.6064
/camera/world/agv3_confidence,1789464825.666698,1789464825.666698,0.5931
/camera/world/agv2_confidence,1789464825.6667233,1789464825.6667233,0.5803
/camera/world/agv1_confidence,1789464825.7006845,1789464825.7006845,0.5945
/camera/world/agv3_confidence,1789464825.7007663,1789464825.7007663,0.5634
/camera/world/agv2_confidence,1789464825.7007835,1789464825.7007835,0.5813
/camera/world/agv2_confidence,1789464825.7267623,1789464825.7267623,0.5884
/camera/world/agv1_confidence,1789464825.7267954,1789464825.7267954,0.5952
/camera/world/agv3_confidence,1789464825.726845,1789464825.726845,0.5958
/camera/world/agv2_confidence,1789464825.767976,1789464825.767976,0.5844
/camera/world/agv1_confidence,1789464825.768008,1789464825.768008,0.6066
/camera/world/agv3_confidence,1789464825.7680368,1789464825.7680368,0.597
/camera/world/agv2_confidence,1789464825.794867,1789464825.794867,0.581
/camera/world/agv1_confidence,1789464825.7948906,1789464825.7948906,0.6044
/camera/world/agv3_confidence,1789464825.7950208,1789464825.7950208,0.5953
/camera/world/agv1_confidence,1789464825.8262944,1789464825.8262944,0.595
/camera/world/agv3_confidence,1789464825.826354,1789464825.826354,0.5952
/camera/world/agv2_confidence,1789464825.8263686,1789464825.8263686,0.5824
/camera/world/agv1_confidence,1789464825.8624144,1789464825.8624144,0.5627
/camera/world/agv2_confidence,1789464825.8624399,1789464825.8624399,0.5876
/camera/world/agv3_confidence,1789464825.862512,1789464825.862512,0.5966
/camera/world/agv1_confidence,1789464825.8922522,1789464825.8922522,0.6054
/camera/world/agv2_confidence,1789464825.8922908,1789464825.8922908,0.588
/camera/world/agv3_confidence,1789464825.8923132,1789464825.8923132,0.5761
/camera/world/agv2_confidence,1789464825.9267266,1789464825.9267266,0.5847
/camera/world/agv1_confidence,1789464825.9267457,1789464825.9267457,0.6059
/camera/world/agv3_confidence,1789464825.9267974,1789464825.9267974,0.5944
/camera/world/agv1_confidence,1789464825.9652667,1789464825.9652667,0.6063
/camera/world/agv2_confidence,1789464825.9654431,1789464825.9654431,0.5821
/camera/world/agv3_confidence,1789464825.9654868,1789464825.9654868,0.5715
/camera/world/agv1_confidence,1789464825.996818,1789464825.996818,0.5585
/camera/world/agv2_confidence,1789464825.9969902,1789464825.9969902,0.5814
/camera/world/agv3_confidence,1789464825.9970076,1789464825.9970076,0.5631
/camera/world/agv1_confidence,1789464826.0314348,1789464826.0314348,0.5896
/camera/world/agv3_confidence,1789464826.0314476,1789464826.0314476,0.5937
/camera/world/agv2_confidence,1789464826.0316339,1789464826.0316339,0.5852
/camera/world/agv3_confidence,1789464826.066672,1789464826.066672,0.5881
/camera/world/agv2_confidence,1789464826.0667455,1789464826.0667455,0.5863
/camera/world/agv1_confidence,1789464826.0667527,1789464826.0667527,0.6046
/camera/world/agv1_confidence,1789464826.096777,1789464826.096777,0.5915
/camera/world/agv2_confidence,1789464826.0968428,1789464826.0968428,0.5875
/camera/world/agv3_confidence,1789464826.0968556,1789464826.0968556,0.5823
/camera/world/agv1_confidence,1789464826.1316748,1789464826.1316748,0.6069
/camera/world/agv2_confidence,1789464826.131808,1789464826.131808,0.5782
/camera/world/agv3_confidence,1789464826.131926,1789464826.131926,0.5903
/camera/world/agv1_confidence,1789464826.166052,1789464826.166052,0.6076
/camera/world/agv2_confidence,1789464826.166207,1789464826.166207,0.5862
/camera/world/agv3_confidence,1789464826.1663036,1789464826.1663036,0.593
/camera/world/agv1_confidence,1789464826.199825,1789464826.199825,0.6091
/camera/world/agv2_confidence,1789464826.1999564,1789464826.1999564,0.5908
/camera/world/agv3_confidence,1789464826.2003224,1789464826.2003224,0.5934
/camera/world/agv2_confidence,1789464826.2323613,1789464826.2323613,0.59
/camera/world/agv3_confidence,1789464826.232456,1789464826.232456,0.5897
/camera/world/agv1_confidence,1789464826.2325044,1789464826.2325044,0.608
/camera/world/agv1_confidence,1789464826.2653925,1789464826.2653925,0.6084
/camera/world/agv2_confidence,1789464826.2656362,1789464826.2656362,0.5818
/camera/world/agv3_confidence,1789464826.2658024,1789464826.2658024,0.5939
/camera/world/agv1_confidence,1789464826.29747,1789464826.29747,0.6092
/camera/world/agv2_confidence,1789464826.2975397,1789464826.2975397,0.5879
/camera/world/agv3_confidence,1789464826.2977154,1789464826.2977154,0.5966
/camera/world/agv1_confidence,1789464826.3299332,1789464826.3299332,0.6098
/camera/world/agv2_confidence,1789464826.3299353,1789464826.3299353,0.5696
/camera/world/agv3_confidence,1789464826.3301723,1789464826.3301723,0.5915
/camera/world/agv2_confidence,1789464826.3618045,1789464826.3618045,0.5861
/camera/world/agv1_confidence,1789464826.3618493,1789464826.3618493,0.607
/camera/world/agv3_confidence,1789464826.361977,1789464826.361977,0.569
/camera/world/agv1_confidence,1789464826.3956473,1789464826.3956473,0.6075
/camera/world/agv2_confidence,1789464826.39572,1789464826.39572,0.5737
/camera/world/agv3_confidence,1789464826.395803,1789464826.395803,0.5955
/camera/world/agv2_confidence,1789464826.4330194,1789464826.4330194,0.5625
/camera/world/agv1_confidence,1789464826.433114,1789464826.433114,0.5707
/camera/world/agv3_confidence,1789464826.4331295,1789464826.4331295,0.5922
/camera/world/agv1_confidence,1789464826.458757,1789464826.458757,0.5962
/camera/world/agv2_confidence,1789464826.4589305,1789464826.4589305,0.5822
/camera/world/agv3_confidence,1789464826.4589815,1789464826.4589815,0.5932
/camera/world/agv1_confidence,1789464826.4895883,1789464826.4895883,0.5948
/camera/world/agv2_confidence,1789464826.4896016,1789464826.4896016,0.5829
/camera/world/agv3_confidence,1789464826.4897554,1789464826.4897554,0.5859
/camera/world/agv1_confidence,1789464826.524677,1789464826.524677,0.6074
/camera/world/agv2_confidence,1789464826.5247607,1789464826.5247607,0.5901
/camera/world/agv3_confidence,1789464826.5248313,1789464826.5248313,0.5889
/camera/world/agv1_confidence,1789464826.5626802,1789464826.5626802,0.6088
/camera/world/agv3_confidence,1789464826.5627608,1789464826.5627608,0.5913
/camera/world/agv2_confidence,1789464826.5628467,1789464826.5628467,0.584
/camera/world/agv1_confidence,1789464826.5907283,1789464826.5907283,0.61
/camera/world/agv2_confidence,1789464826.5907488,1789464826.5907488,0.5771
/camera/world/agv3_confidence,1789464826.5909157,1789464826.5909157,0.5933
/camera/world/agv2_confidence,1789464826.6258514,1789464826.6258514,0.5652
/camera/world/agv3_confidence,1789464826.626041,1789464826.626041,0.5956
/camera/world/agv1_confidence,1789464826.626263,1789464826.626263,0.609
/camera/world/agv1_confidence,1789464826.664437,1789464826.664437,0.5851
/camera/world/agv2_confidence,1789464826.6644738,1789464826.6644738,0.5876
/camera/world/agv3_confidence,1789464826.6644883,1789464826.6644883,0.5942
/camera/world/agv1_confidence,1789464826.6905186,1789464826.6905186,0.6042
/camera/world/agv2_confidence,1789464826.6907415,1789464826.6907415,0.5891
/camera/world/agv3_confidence,1789464826.690904,1789464826.690904,0.5791
/camera/world/agv1_confidence,1789464826.7231047,1789464826.7231047,0.5923
/camera/world/agv2_confidence,1789464826.7232227,1789464826.7232227,0.5599
/camera/world/agv3_confidence,1789464826.7232678,1789464826.7232678,0.5816
/camera/world/agv2_confidence,1789464826.7563276,1789464826.7563276,0.5848
/camera/world/agv1_confidence,1789464826.7565482,1789464826.7565482,0.5794
/camera/world/agv3_confidence,1789464826.7567465,1789464826.7567465,0.5925
/camera/world/agv1_confidence,1789464826.7952409,1789464826.7952409,0.6083
/camera/world/agv3_confidence,1789464826.795423,1789464826.795423,0.5887
/camera/world/agv2_confidence,1789464826.7955632,1789464826.7955632,0.5833
/camera/world/agv1_confidence,1789464826.826679,1789464826.826679,0.6061
/camera/world/agv2_confidence,1789464826.8268955,1789464826.8268955,0.5803
/camera/world/agv3_confidence,1789464826.8269632,1789464826.8269632,0.5902
/camera/world/agv1_confidence,1789464826.8568707,1789464826.8568707,0.5892
/camera/world/agv2_confidence,1789464826.8569,1789464826.8569,0.5842
/camera/world/agv3_confidence,1789464826.8570998,1789464826.8570998,0.5959
/camera/world/agv2_confidence,1789464826.8913078,1789464826.8913078,0.5815
/camera/world/agv1_confidence,1789464826.8913283,1789464826.8913283,0.6057
/camera/world/agv3_confidence,1789464826.8915763,1789464826.8915763,0.5901
/camera/world/agv1_confidence,1789464826.927576,1789464826.927576,0.5285
/camera/world/agv2_confidence,1789464826.927742,1789464826.927742,0.5871
/camera/world/agv3_confidence,1789464826.9280422,1789464826.9280422,0.5982
/camera/world/agv1_confidence,1789464826.9636037,1789464826.9636037,0.5807
/camera/world/agv3_confidence,1789464826.9636757,1789464826.9636757,0.5727
/camera/world/agv2_confidence,1789464826.9636796,1789464826.9636796,0.5862
/camera/world/agv1_confidence,1789464826.9934273,1789464826.9934273,0.6072
/camera/world/agv2_confidence,1789464826.9936447,1789464826.9936447,0.5659
/camera/world/agv3_confidence,1789464826.9936786,1789464826.9936786,0.5615
/camera/world/agv1_confidence,1789464827.0257542,1789464827.0257542,0.6069
/camera/world/agv3_confidence,1789464827.0257983,1789464827.0257983,0.5689
/camera/world/agv2_confidence,1789464827.0259087,1789464827.0259087,0.5784
/camera/world/agv1_confidence,1789464827.054442,1789464827.054442,0.5426
/camera/world/agv2_confidence,1789464827.0547872,1789464827.0547872,0.5882
/camera/world/agv3_confidence,1789464827.0549192,1789464827.0549192,0.5877
/camera/world/agv2_confidence,1789464827.094542,1789464827.094542,0.583
/camera/world/agv1_confidence,1789464827.0945437,1789464827.0945437,0.6072
/camera/world/agv3_confidence,1789464827.0946972,1789464827.0946972,0.5945
/camera/world/agv3_confidence,1789464827.1208026,1789464827.1208026,0.5781
/camera/world/agv2_confidence,1789464827.1208835,1789464827.1208835,0.5769
/camera/world/agv1_confidence,1789464827.1209311,1789464827.1209311,0.6084
/camera/world/agv1_confidence,1789464827.1553912,1789464827.1553912,0.5972
/camera/world/agv3_confidence,1789464827.1555119,1789464827.1555119,0.5778
/camera/world/agv2_confidence,1789464827.1556103,1789464827.1556103,0.5874
/camera/world/agv1_confidence,1789464827.190445,1789464827.190445,0.6072
/camera/world/agv2_confidence,1789464827.190464,1789464827.190464,0.5873
/camera/world/agv3_confidence,1789464827.1906998,1789464827.1906998,0.5973
/camera/world/agv2_confidence,1789464827.2264044,1789464827.2264044,0.5893
/camera/world/agv1_confidence,1789464827.2264106,1789464827.2264106,0.6017
/camera/world/agv3_confidence,1789464827.2264361,1789464827.2264361,0.5683
/camera/world/agv1_confidence,1789464827.256096,1789464827.256096,0.5929
/camera/world/agv2_confidence,1789464827.2561097,1789464827.2561097,0.5889
/camera/world/agv3_confidence,1789464827.2563014,1789464827.2563014,0.581
/camera/world/agv3_confidence,1789464827.2905598,1789464827.2905598,0.5949
/camera/world/agv2_confidence,1789464827.2905796,1789464827.2905796,0.5788
/camera/world/agv1_confidence,1789464827.290588,1789464827.290588,0.6099
/camera/world/agv3_confidence,1789464827.3258846,1789464827.3258846,0.5963
/camera/world/agv2_confidence,1789464827.3258865,1789464827.3258865,0.5873
/camera/world/agv1_confidence,1789464827.3259242,1789464827.3259242,0.6095
/camera/world/agv1_confidence,1789464827.362852,1789464827.362852,0.6078
/camera/world/agv3_confidence,1789464827.3630068,1789464827.3630068,0.5606
/camera/world/agv2_confidence,1789464827.3630273,1789464827.3630273,0.5903
/camera/world/agv1_confidence,1789464827.3915722,1789464827.3915722,0.603
/camera/world/agv2_confidence,1789464827.391739,1789464827.391739,0.5895
/camera/world/agv3_confidence,1789464827.3919566,1789464827.3919566,0.5753
/camera/world/agv1_confidence,1789464827.4279385,1789464827.4279385,0.5897
/camera/world/agv2_confidence,1789464827.4281702,1789464827.4281702,0.587
/camera/world/agv3_confidence,1789464827.4282029,1789464827.4282029,0.5841
/camera/world/agv2_confidence,1789464827.457633,1789464827.457633,0.5769
/camera/world/agv1_confidence,1789464827.4577136,1789464827.4577136,0.5986
/camera/world/agv3_confidence,1789464827.457831,1789464827.457831,0.5885
/camera/world/agv1_confidence,1789464827.4902208,1789464827.4902208,0.6096
/camera/world/agv3_confidence,1789464827.4903963,1789464827.4903963,0.598
/camera/world/agv2_confidence,1789464827.4905307,1789464827.4905307,0.575
/camera/world/agv2_confidence,1789464827.5264082,1789464827.5264082,0.5908
/camera/world/agv1_confidence,1789464827.5265698,1789464827.5265698,0.6067
/camera/world/agv3_confidence,1789464827.526648,1789464827.526648,0.5802
/camera/world/agv2_confidence,1789464827.5561793,1789464827.5561793,0.5927
/camera/world/agv3_confidence,1789464827.5561934,1789464827.5561934,0.5769
/camera/world/agv1_confidence,1789464827.556261,1789464827.556261,0.5754
/camera/world/agv1_confidence,1789464827.5936072,1789464827.5936072,0.5962
/camera/world/agv3_confidence,1789464827.5937338,1789464827.5937338,0.5694
/camera/world/agv2_confidence,1789464827.593802,1789464827.593802,0.5859
/camera/world/agv3_confidence,1789464827.62732,1789464827.62732,0.5955
/camera/world/agv2_confidence,1789464827.627336,1789464827.627336,0.5824
/camera/world/agv1_confidence,1789464827.6273475,1789464827.6273475,0.5861
/camera/world/agv1_confidence,1789464827.6638064,1789464827.6638064,0.6085
/camera/world/agv2_confidence,1789464827.6638777,1789464827.6638777,0.5727
/camera/world/agv3_confidence,1789464827.6640143,1789464827.6640143,0.5851
/camera/world/agv1_confidence,1789464827.6937077,1789464827.6937077,0.6074
/camera/world/agv3_confidence,1789464827.6937723,1789464827.6937723,0.598
/camera/world/agv2_confidence,1789464827.6938071,1789464827.6938071,0.586
/camera/world/agv1_confidence,1789464827.7225413,1789464827.7225413,0.585
/camera/world/agv3_confidence,1789464827.722857,1789464827.722857,0.5894
/camera/world/agv2_confidence,1789464827.7228613,1789464827.7228613,0.5756
/camera/world/agv1_confidence,1789464827.764543,1789464827.764543,0.6082
/camera/world/agv2_confidence,1789464827.7645433,1789464827.7645433,0.5907
/camera/world/agv3_confidence,1789464827.764693,1789464827.764693,0.5791
/camera/world/agv1_confidence,1789464827.7974758,1789464827.7974758,0.6076
/camera/world/agv2_confidence,1789464827.797712,1789464827.797712,0.5791
/camera/world/agv3_confidence,1789464827.797744,1789464827.797744,0.5975
/camera/world/agv1_confidence,1789464827.822035,1789464827.822035,0.5964
/camera/world/agv2_confidence,1789464827.822184,1789464827.822184,0.5925
/camera/world/agv3_confidence,1789464827.8222632,1789464827.8222632,0.5975
/camera/world/agv1_confidence,1789464827.8553734,1789464827.8553734,0.6063
/camera/world/agv3_confidence,1789464827.8555033,1789464827.8555033,0.5844
/camera/world/agv2_confidence,1789464827.85552,1789464827.85552,0.5865
/camera/world/agv1_confidence,1789464827.8907437,1789464827.8907437,0.5736
/camera/world/agv2_confidence,1789464827.8913302,1789464827.8913302,0.5695
/camera/world/agv3_confidence,1789464827.8913739,1789464827.8913739,0.5853
/camera/world/agv1_confidence,1789464827.9233477,1789464827.9233477,0.5783
/camera/world/agv2_confidence,1789464827.9234214,1789464827.9234214,0.5556
/camera/world/agv3_confidence,1789464827.9235353,1789464827.9235353,0.5865
/camera/world/agv2_confidence,1789464827.954787,1789464827.954787,0.5906
/camera/world/agv1_confidence,1789464827.9548612,1789464827.9548612,0.5985
/camera/world/agv3_confidence,1789464827.9550815,1789464827.9550815,0.5705
/camera/world/agv1_confidence,1789464827.9872909,1789464827.9872909,0.6072
/camera/world/agv2_confidence,1789464827.9872959,1789464827.9872959,0.5391
/camera/world/agv3_confidence,1789464827.9874175,1789464827.9874175,0.5959
/camera/world/agv1_confidence,1789464828.021177,1789464828.021177,0.5957
/camera/world/agv3_confidence,1789464828.0212898,1789464828.0212898,0.5859
/camera/world/agv2_confidence,1789464828.0213175,1789464828.0213175,0.5918
/camera/world/agv1_confidence,1789464828.0565689,1789464828.0565689,0.5948
/camera/world/agv3_confidence,1789464828.0566063,1789464828.0566063,0.5958
/camera/world/agv2_confidence,1789464828.0566804,1789464828.0566804,0.5807
/camera/world/agv1_confidence,1789464828.0969841,1789464828.0969841,0.6081
/camera/world/agv2_confidence,1789464828.0972037,1789464828.0972037,0.588
/camera/world/agv3_confidence,1789464828.0972266,1789464828.0972266,0.5883
/camera/world/agv1_confidence,1789464828.1222053,1789464828.1222053,0.5953
/camera/world/agv3_confidence,1789464828.122246,1789464828.122246,0.5832
/camera/world/agv2_confidence,1789464828.122331,1789464828.122331,0.5921
/camera/world/agv2_confidence,1789464828.1639798,1789464828.1639798,0.5908
/camera/world/agv1_confidence,1789464828.1640143,1789464828.1640143,0.6112
/camera/world/agv3_confidence,1789464828.1640353,1789464828.1640353,0.5951
/camera/world/agv2_confidence,1789464828.1922045,1789464828.1922045,0.5906
/camera/world/agv1_confidence,1789464828.192211,1789464828.192211,0.6075
/camera/world/agv3_confidence,1789464828.1923518,1789464828.1923518,0.5967
/camera/world/agv1_confidence,1789464828.2297988,1789464828.2297988,0.5811
/camera/world/agv2_confidence,1789464828.229955,1789464828.229955,0.5826
/camera/world/agv3_confidence,1789464828.230096,1789464828.230096,0.5936
/camera/world/agv2_confidence,1789464828.25457,1789464828.25457,0.5844
/camera/world/agv3_confidence,1789464828.2545893,1789464828.2545893,0.5905
/camera/world/agv1_confidence,1789464828.2545967,1789464828.2545967,0.5925
/camera/world/agv1_confidence,1789464828.2968853,1789464828.2968853,0.5968
/camera/world/agv2_confidence,1789464828.2969081,1789464828.2969081,0.5903
/camera/world/agv3_confidence,1789464828.2969813,1789464828.2969813,0.546
/camera/world/agv1_confidence,1789464828.3305995,1789464828.3305995,0.6093
/camera/world/agv2_confidence,1789464828.3307576,1789464828.3307576,0.5939
/camera/world/agv3_confidence,1789464828.3310401,1789464828.3310401,0.594
/camera/world/agv1_confidence,1789464828.3642693,1789464828.3642693,0.6106
/camera/world/agv2_confidence,1789464828.3644812,1789464828.3644812,0.5909
/camera/world/agv3_confidence,1789464828.3644838,1789464828.3644838,0.5855
/camera/world/agv1_confidence,1789464828.39151,1789464828.39151,0.6099
/camera/world/agv2_confidence,1789464828.3915455,1789464828.3915455,0.5423
/camera/world/agv3_confidence,1789464828.3918767,1789464828.3918767,0.5917
/camera/world/agv1_confidence,1789464828.4247246,1789464828.4247246,0.6098
/camera/world/agv3_confidence,1789464828.4247499,1789464828.4247499,0.598
/camera/world/agv2_confidence,1789464828.4248204,1789464828.4248204,0.5421
/camera/world/agv1_confidence,1789464828.4675376,1789464828.4675376,0.6086
/camera/world/agv3_confidence,1789464828.467556,1789464828.467556,0.5946
/camera/world/agv2_confidence,1789464828.467574,1789464828.467574,0.5432
/camera/world/agv1_confidence,1789464828.4865766,1789464828.4865766,0.6096
/camera/world/agv3_confidence,1789464828.4866207,1789464828.4866207,0.5817
/camera/world/agv2_confidence,1789464828.4866307,1789464828.4866307,0.5768
/camera/world/agv1_confidence,1789464828.5231817,1789464828.5231817,0.608
/camera/world/agv2_confidence,1789464828.5232043,1789464828.5232043,0.5459
/camera/world/agv3_confidence,1789464828.5232873,1789464828.5232873,0.5838
/camera/world/agv1_confidence,1789464828.5647333,1789464828.5647333,0.609
/camera/world/agv3_confidence,1789464828.5647445,1789464828.5647445,0.5797
/camera/world/agv2_confidence,1789464828.5647948,1789464828.5647948,0.5932
/camera/world/agv3_confidence,1789464828.5923088,1789464828.5923088,0.5872
/camera/world/agv2_confidence,1789464828.5923684,1789464828.5923684,0.5933
/camera/world/agv1_confidence,1789464828.5924122,1789464828.5924122,0.6084
/camera/world/agv1_confidence,1789464828.6193724,1789464828.6193724,0.5888
/camera/world/agv2_confidence,1789464828.6193757,1789464828.6193757,0.5922
/camera/world/agv3_confidence,1789464828.619421,1789464828.619421,0.594
/camera/world/agv2_confidence,1789464828.6561215,1789464828.6561215,0.5909
/camera/world/agv1_confidence,1789464828.6561377,1789464828.6561377,0.6077
/camera/world/agv3_confidence,1789464828.6563334,1789464828.6563334,0.5845
/camera/world/agv1_confidence,1789464828.690099,1789464828.690099,0.5771
/camera/world/agv3_confidence,1789464828.6901615,1789464828.6901615,0.5848
/camera/world/agv2_confidence,1789464828.6901875,1789464828.6901875,0.5463
/camera/world/agv2_confidence,1789464828.7316637,1789464828.7316637,0.5783
/camera/world/agv3_confidence,1789464828.7318645,1789464828.7318645,0.563
/camera/world/agv1_confidence,1789464828.73188,1789464828.73188,0.6059
/camera/world/agv1_confidence,1789464828.7610962,1789464828.7610962,0.586
/camera/world/agv2_confidence,1789464828.7611094,1789464828.7611094,0.5879
/camera/world/agv3_confidence,1789464828.7612882,1789464828.7612882,0.5949
/camera/world/agv1_confidence,1789464828.791432,1789464828.791432,0.6099
/camera/world/agv2_confidence,1789464828.791585,1789464828.791585,0.5801
/camera/world/agv3_confidence,1789464828.791636,1789464828.791636,0.596
/camera/world/agv1_confidence,1789464828.827414,1789464828.827414,0.6111
/camera/world/agv2_confidence,1789464828.8274326,1789464828.8274326,0.5861
/camera/world/agv3_confidence,1789464828.8274825,1789464828.8274825,0.5914
/camera/world/agv1_confidence,1789464828.853098,1789464828.853098,0.6106
/camera/world/agv2_confidence,1789464828.8531256,1789464828.8531256,0.5802
/camera/world/agv3_confidence,1789464828.8532853,1789464828.8532853,0.5904
/camera/world/agv1_confidence,1789464828.8893232,1789464828.8893232,0.6111
/camera/world/agv2_confidence,1789464828.8894525,1789464828.8894525,0.5914
/camera/world/agv3_confidence,1789464828.8896163,1789464828.8896163,0.5884
/camera/world/agv1_confidence,1789464828.9194381,1789464828.9194381,0.6118
/camera/world/agv3_confidence,1789464828.9197812,1789464828.9197812,0.5964
/camera/world/agv2_confidence,1789464828.91982,1789464828.91982,0.5915
/camera/world/agv3_confidence,1789464828.954591,1789464828.954591,0.5909
/camera/world/agv1_confidence,1789464828.9548676,1789464828.9548676,0.6115
/camera/world/agv2_confidence,1789464828.954975,1789464828.954975,0.5849
/camera/world/agv2_confidence,1789464828.9900231,1789464828.9900231,0.5557
/camera/world/agv1_confidence,1789464828.9900346,1789464828.9900346,0.6102
/camera/world/agv3_confidence,1789464828.9901004,1789464828.9901004,0.5915
/camera/world/agv3_confidence,1789464829.0222607,1789464829.0222607,0.5901
/camera/world/agv2_confidence,1789464829.0222993,1789464829.0222993,0.5546
/camera/world/agv1_confidence,1789464829.0223184,1789464829.0223184,0.5836
/camera/world/agv1_confidence,1789464829.0555837,1789464829.0555837,0.609
/camera/world/agv2_confidence,1789464829.0556343,1789464829.0556343,0.5599
/camera/world/agv3_confidence,1789464829.0557823,1789464829.0557823,0.5833
/camera/world/agv1_confidence,1789464829.0949483,1789464829.0949483,0.6064
/camera/world/agv3_confidence,1789464829.095115,1789464829.095115,0.5929
/camera/world/agv2_confidence,1789464829.0952344,1789464829.0952344,0.5752
/camera/world/agv1_confidence,1789464829.1260016,1789464829.1260016,0.6094
/camera/world/agv2_confidence,1789464829.126075,1789464829.126075,0.5823
/camera/world/agv3_confidence,1789464829.1262515,1789464829.1262515,0.5973
/camera/world/agv1_confidence,1789464829.1568608,1789464829.1568608,0.6113
/camera/world/agv2_confidence,1789464829.1569123,1789464829.1569123,0.5651
/camera/world/agv3_confidence,1789464829.1571486,1789464829.1571486,0.5909
/camera/world/agv1_confidence,1789464829.195319,1789464829.195319,0.6105
/camera/world/agv2_confidence,1789464829.1953788,1789464829.1953788,0.5858
/camera/world/agv3_confidence,1789464829.1955738,1789464829.1955738,0.5846
/camera/world/agv1_confidence,1789464829.2226808,1789464829.2226808,0.6088
/camera/world/agv2_confidence,1789464829.2226863,1789464829.2226863,0.5631
/camera/world/agv3_confidence,1789464829.222778,1789464829.222778,0.533
/camera/world/agv1_confidence,1789464829.2553968,1789464829.2553968,0.5773
/camera/world/agv2_confidence,1789464829.255596,1789464829.255596,0.5931
/camera/world/agv3_confidence,1789464829.2556047,1789464829.2556047,0.5963
/camera/world/agv1_confidence,1789464829.2955537,1789464829.2955537,0.5756
/camera/world/agv2_confidence,1789464829.295793,1789464829.295793,0.5869
/camera/world/agv3_confidence,1789464829.2957988,1789464829.2957988,0.5985
/camera/world/agv1_confidence,1789464829.3307512,1789464829.3307512,0.6081
/camera/world/agv2_confidence,1789464829.3310306,1789464829.3310306,0.5809
/camera/world/agv3_confidence,1789464829.3311846,1789464829.3311846,0.6044
/camera/world/agv1_confidence,1789464829.3645172,1789464829.3645172,0.6091
/camera/world/agv2_confidence,1789464829.3645205,1789464829.3645205,0.5818
/camera/world/agv3_confidence,1789464829.3645282,1789464829.3645282,0.5623
/camera/world/agv3_confidence,1789464829.390653,1789464829.390653,0.5998
/camera/world/agv1_confidence,1789464829.390753,1789464829.390753,0.6116
/camera/world/agv2_confidence,1789464829.3907602,1789464829.3907602,0.5916
/camera/world/agv1_confidence,1789464829.4277587,1789464829.4277587,0.6122
/camera/world/agv2_confidence,1789464829.4278684,1789464829.4278684,0.5857
/camera/world/agv3_confidence,1789464829.4278824,1789464829.4278824,0.5812
/camera/world/agv2_confidence,1789464829.4560966,1789464829.4560966,0.5854
/camera/world/agv1_confidence,1789464829.456205,1789464829.456205,0.6114
/camera/world/agv3_confidence,1789464829.4562342,1789464829.4562342,0.6001
/camera/world/agv1_confidence,1789464829.4920514,1789464829.4920514,0.6111
/camera/world/agv2_confidence,1789464829.4920578,1789464829.4920578,0.5751
/camera/world/agv3_confidence,1789464829.4922411,1789464829.4922411,0.5987
/camera/world/agv3_confidence,1789464829.525635,1789464829.525635,0.5906
/camera/world/agv2_confidence,1789464829.5257068,1789464829.5257068,0.5952
/camera/world/agv1_confidence,1789464829.5257597,1789464829.5257597,0.6109
/camera/world/agv1_confidence,1789464829.5556562,1789464829.5556562,0.6115
/camera/world/agv2_confidence,1789464829.5557067,1789464829.5557067,0.587
/camera/world/agv3_confidence,1789464829.5559819,1789464829.5559819,0.5851
/camera/world/agv3_confidence,1789464829.5920477,1789464829.5920477,0.5783
/camera/world/agv2_confidence,1789464829.592058,1789464829.592058,0.5871
/camera/world/agv1_confidence,1789464829.592066,1789464829.592066,0.6123
/camera/world/agv1_confidence,1789464829.6308806,1789464829.6308806,0.612
/camera/world/agv2_confidence,1789464829.631054,1789464829.631054,0.5855
/camera/world/agv3_confidence,1789464829.6312907,1789464829.6312907,0.5981
/camera/world/agv1_confidence,1789464829.6662626,1789464829.6662626,0.6086
/camera/world/agv3_confidence,1789464829.666281,1789464829.666281,0.5913
/camera/world/agv2_confidence,1789464829.6663198,1789464829.6663198,0.5917
/camera/world/agv1_confidence,1789464829.6921134,1789464829.6921134,0.6093
/camera/world/agv2_confidence,1789464829.6922483,1789464829.6922483,0.5865
/camera/world/agv3_confidence,1789464829.6923418,1789464829.6923418,0.5922
/camera/world/agv1_confidence,1789464829.7273734,1789464829.7273734,0.6088
/camera/world/agv2_confidence,1789464829.727741,1789464829.727741,0.5874
/camera/world/agv3_confidence,1789464829.7277498,1789464829.7277498,0.6029
/camera/world/agv1_confidence,1789464829.75446,1789464829.75446,0.6096
/camera/world/agv2_confidence,1789464829.754668,1789464829.754668,0.5898
/camera/world/agv3_confidence,1789464829.754716,1789464829.754716,0.6035
/camera/world/agv3_confidence,1789464829.795144,1789464829.795144,0.6046
/camera/world/agv1_confidence,1789464829.795151,1789464829.795151,0.6115
/camera/world/agv2_confidence,1789464829.7951674,1789464829.7951674,0.5886
/camera/world/agv1_confidence,1789464829.8264422,1789464829.8264422,0.6112
/camera/world/agv3_confidence,1789464829.8266666,1789464829.8266666,0.5796
/camera/world/agv2_confidence,1789464829.82667,1789464829.82667,0.5948
/camera/world/agv2_confidence,1789464829.859291,1789464829.859291,0.5854
/camera/world/agv1_confidence,1789464829.8594446,1789464829.8594446,0.6101
/camera/world/agv3_confidence,1789464829.8594785,1789464829.8594785,0.5974
/camera/world/agv2_confidence,1789464829.8899565,1789464829.8899565,0.5831
/camera/world/agv1_confidence,1789464829.889965,1789464829.889965,0.6115
/camera/world/agv3_confidence,1789464829.890328,1789464829.890328,0.5968
/camera/world/agv1_confidence,1789464829.9270487,1789464829.9270487,0.5954
/camera/world/agv2_confidence,1789464829.9270754,1789464829.9270754,0.5573
/camera/world/agv3_confidence,1789464829.927227,1789464829.927227,0.5914
/camera/world/agv2_confidence,1789464829.9620275,1789464829.9620275,0.5853
/camera/world/agv1_confidence,1789464829.9621584,1789464829.9621584,0.5894
/camera/world/agv3_confidence,1789464829.9622462,1789464829.9622462,0.6029
/camera/world/agv1_confidence,1789464829.9924035,1789464829.9924035,0.61
/camera/world/agv3_confidence,1789464829.9924133,1789464829.9924133,0.5894
/camera/world/agv2_confidence,1789464829.992425,1789464829.992425,0.5747
/camera/world/agv2_confidence,1789464830.0256371,1789464830.0256371,0.581
/camera/world/agv1_confidence,1789464830.0256498,1789464830.0256498,0.6099
/camera/world/agv3_confidence,1789464830.025674,1789464830.025674,0.6022
/camera/world/agv3_confidence,1789464830.0623004,1789464830.0623004,0.5925
/camera/world/agv1_confidence,1789464830.0623324,1789464830.0623324,0.6115
/camera/world/agv2_confidence,1789464830.0624561,1789464830.0624561,0.5917
/camera/world/agv1_confidence,1789464830.0889518,1789464830.0889518,0.6115
/camera/world/agv2_confidence,1789464830.0891871,1789464830.0891871,0.5889
/camera/world/agv3_confidence,1789464830.0891979,1789464830.0891979,0.6026
/camera/world/agv2_confidence,1789464830.1251192,1789464830.1251192,0.563
/camera/world/agv1_confidence,1789464830.1253004,1789464830.1253004,0.6089
/camera/world/agv3_confidence,1789464830.1253724,1789464830.1253724,0.5692
/camera/world/agv1_confidence,1789464830.1551769,1789464830.1551769,0.5715
/camera/world/agv3_confidence,1789464830.1551902,1789464830.1551902,0.5795
/camera/world/agv2_confidence,1789464830.1552575,1789464830.1552575,0.5835
/camera/world/agv1_confidence,1789464830.19248,1789464830.19248,0.5582
/camera/world/agv2_confidence,1789464830.1925302,1789464830.1925302,0.5902
/camera/world/agv3_confidence,1789464830.1925364,1789464830.1925364,0.5879
/camera/world/agv1_confidence,1789464830.2270772,1789464830.2270772,0.6033
/camera/world/agv2_confidence,1789464830.2272272,1789464830.2272272,0.5895
/camera/world/agv3_confidence,1789464830.227238,1789464830.227238,0.5888
/camera/world/agv2_confidence,1789464830.2660513,1789464830.2660513,0.5866
/camera/world/agv3_confidence,1789464830.266065,1789464830.266065,0.5831
/camera/world/agv1_confidence,1789464830.2660863,1789464830.2660863,0.5817
/camera/world/agv3_confidence,1789464830.290974,1789464830.290974,0.5881
/camera/world/agv2_confidence,1789464830.2910087,1789464830.2910087,0.5293
/camera/world/agv1_confidence,1789464830.2910461,1789464830.2910461,0.5877
/camera/world/agv1_confidence,1789464830.3320255,1789464830.3320255,0.5778
/camera/world/agv2_confidence,1789464830.332031,1789464830.332031,0.5909
/camera/world/agv3_confidence,1789464830.3321755,1789464830.3321755,0.5878
/camera/world/agv2_confidence,1789464830.3571308,1789464830.3571308,0.5916
/camera/world/agv1_confidence,1789464830.357156,1789464830.357156,0.5844
/camera/world/agv3_confidence,1789464830.357392,1789464830.357392,0.5898
/camera/world/agv1_confidence,1789464830.3865664,1789464830.3865664,0.5868
/camera/world/agv3_confidence,1789464830.3866136,1789464830.3866136,0.5902
/camera/world/agv2_confidence,1789464830.386628,1789464830.386628,0.5902
/camera/world/agv1_confidence,1789464830.4337618,1789464830.4337618,0.6102
/camera/world/agv2_confidence,1789464830.433884,1789464830.433884,0.5711
/camera/world/agv3_confidence,1789464830.434167,1789464830.434167,0.5854
/camera/world/agv1_confidence,1789464830.4567232,1789464830.4567232,0.5827
/camera/world/agv2_confidence,1789464830.4568346,1789464830.4568346,0.5931
/camera/world/agv3_confidence,1789464830.4568777,1789464830.4568777,0.5892
/camera/world/agv2_confidence,1789464830.4899714,1789464830.4899714,0.5877
/camera/world/agv3_confidence,1789464830.490037,1789464830.490037,0.5883
/camera/world/agv1_confidence,1789464830.490051,1789464830.490051,0.6049
/camera/world/agv2_confidence,1789464830.5233305,1789464830.5233305,0.5906
/camera/world/agv3_confidence,1789464830.5233846,1789464830.5233846,0.5912
/camera/world/agv1_confidence,1789464830.5233965,1789464830.5233965,0.5838
/camera/world/agv2_confidence,1789464830.5754185,1789464830.5754185,0.5923
/camera/world/agv3_confidence,1789464830.5754278,1789464830.5754278,0.5859
/camera/world/agv1_confidence,1789464830.575436,1789464830.575436,0.6103
/camera/world/agv2_confidence,1789464830.5947556,1789464830.5947556,0.5917
/camera/world/agv3_confidence,1789464830.5948038,1789464830.5948038,0.5858
/camera/world/agv1_confidence,1789464830.5948987,1789464830.5948987,0.581
/camera/world/agv2_confidence,1789464830.6289177,1789464830.6289177,0.5894
/camera/world/agv1_confidence,1789464830.628936,1789464830.628936,0.6033
/camera/world/agv3_confidence,1789464830.6291478,1789464830.6291478,0.5846
/camera/world/agv1_confidence,1789464830.655195,1789464830.655195,0.599
/camera/world/agv3_confidence,1789464830.6553996,1789464830.6553996,0.5845
/camera/world/agv2_confidence,1789464830.6554701,1789464830.6554701,0.5681
/camera/world/agv3_confidence,1789464830.6904187,1789464830.6904187,0.583
/camera/world/agv1_confidence,1789464830.6905046,1789464830.6905046,0.5587
/camera/world/agv2_confidence,1789464830.6905134,1789464830.6905134,0.5921
/camera/world/agv2_confidence,1789464830.7251003,1789464830.7251003,0.5879
/camera/world/agv1_confidence,1789464830.7251172,1789464830.7251172,0.5755
/camera/world/agv3_confidence,1789464830.7251275,1789464830.7251275,0.5836
/camera/world/agv1_confidence,1789464830.7598832,1789464830.7598832,0.6014
/camera/world/agv3_confidence,1789464830.759911,1789464830.759911,0.5861
/camera/world/agv2_confidence,1789464830.7599776,1789464830.7599776,0.5943
/camera/world/agv1_confidence,1789464830.7951736,1789464830.7951736,0.6041
/camera/world/agv2_confidence,1789464830.7952175,1789464830.7952175,0.591
/camera/world/agv3_confidence,1789464830.7952986,1789464830.7952986,0.5866
/camera/world/agv1_confidence,1789464830.8242002,1789464830.8242002,0.61
/camera/world/agv2_confidence,1789464830.824486,1789464830.824486,0.5748
/camera/world/agv3_confidence,1789464830.824488,1789464830.824488,0.5851
/camera/world/agv1_confidence,1789464830.8560195,1789464830.8560195,0.5862
/camera/world/agv2_confidence,1789464830.856085,1789464830.856085,0.5803
/camera/world/agv3_confidence,1789464830.856087,1789464830.856087,0.5864
/camera/world/agv2_confidence,1789464830.8967998,1789464830.8967998,0.5915
/camera/world/agv3_confidence,1789464830.8968964,1789464830.8968964,0.5885
/camera/world/agv1_confidence,1789464830.8969069,1789464830.8969069,0.5805
/camera/world/agv1_confidence,1789464830.9338977,1789464830.9338977,0.5897
/camera/world/agv2_confidence,1789464830.9340484,1789464830.9340484,0.591
/camera/world/agv3_confidence,1789464830.9341109,1789464830.9341109,0.5825
/camera/world/agv1_confidence,1789464830.9563065,1789464830.9563065,0.5849
/camera/world/agv2_confidence,1789464830.9565926,1789464830.9565926,0.5918
/camera/world/agv3_confidence,1789464830.9566891,1789464830.9566891,0.5865
/camera/world/agv1_confidence,1789464830.9888504,1789464830.9888504,0.5646
/camera/world/agv3_confidence,1789464830.9890122,1789464830.9890122,0.5856
/camera/world/agv2_confidence,1789464830.98903,1789464830.98903,0.5931
/camera/world/agv1_confidence,1789464831.0242352,1789464831.0242352,0.583
/camera/world/agv2_confidence,1789464831.024392,1789464831.024392,0.592
/camera/world/agv3_confidence,1789464831.0244956,1789464831.0244956,0.5885
/camera/world/agv2_confidence,1789464831.059011,1789464831.059011,0.5897
/camera/world/agv1_confidence,1789464831.059014,1789464831.059014,0.5815
/camera/world/agv3_confidence,1789464831.0591884,1789464831.0591884,0.5902
/camera/world/agv2_confidence,1789464831.091727,1789464831.091727,0.5914
/camera/world/agv1_confidence,1789464831.0918791,1789464831.0918791,0.6103
/camera/world/agv3_confidence,1789464831.091894,1789464831.091894,0.5909
/camera/world/agv1_confidence,1789464831.1243157,1789464831.1243157,0.5848
/camera/world/agv2_confidence,1789464831.124566,1789464831.124566,0.5908
/camera/world/agv3_confidence,1789464831.1245687,1789464831.1245687,0.5844
/camera/world/agv2_confidence,1789464831.15697,1789464831.15697,0.5925
/camera/world/agv1_confidence,1789464831.156984,1789464831.156984,0.5641
/camera/world/agv3_confidence,1789464831.1571343,1789464831.1571343,0.5833
/camera/world/agv1_confidence,1789464831.197631,1789464831.197631,0.5813
/camera/world/agv2_confidence,1789464831.1978903,1789464831.1978903,0.5914
/camera/world/agv3_confidence,1789464831.1979234,1789464831.1979234,0.5881
/camera/world/agv1_confidence,1789464831.2327647,1789464831.2327647,0.5934
/camera/world/agv2_confidence,1789464831.2328022,1789464831.2328022,0.5728
/camera/world/agv3_confidence,1789464831.2330706,1789464831.2330706,0.589
/camera/world/agv1_confidence,1789464831.2593937,1789464831.2593937,0.5861
/camera/world/agv3_confidence,1789464831.2594328,1789464831.2594328,0.5832
/camera/world/agv2_confidence,1789464831.2594478,1789464831.2594478,0.5762
/camera/world/agv3_confidence,1789464831.2977452,1789464831.2977452,0.5858
/camera/world/agv2_confidence,1789464831.2978117,1789464831.2978117,0.5919
/camera/world/agv1_confidence,1789464831.2978904,1789464831.2978904,0.6036
/camera/world/agv2_confidence,1789464831.323476,1789464831.323476,0.5929
/camera/world/agv1_confidence,1789464831.3234794,1789464831.3234794,0.5846
/camera/world/agv3_confidence,1789464831.3235617,1789464831.3235617,0.59
/camera/world/agv2_confidence,1789464831.3628707,1789464831.3628707,0.5911
/camera/world/agv1_confidence,1789464831.3629177,1789464831.3629177,0.5642
/camera/world/agv3_confidence,1789464831.3631022,1789464831.3631022,0.5908
/camera/world/agv1_confidence,1789464831.390998,1789464831.390998,0.5784
/camera/world/agv3_confidence,1789464831.3910544,1789464831.3910544,0.5849
/camera/world/agv2_confidence,1789464831.3910804,1789464831.3910804,0.5182
/camera/world/agv2_confidence,1789464831.4303133,1789464831.4303133,0.5908
/camera/world/agv3_confidence,1789464831.4305987,1789464831.4305987,0.5872
/camera/world/agv1_confidence,1789464831.4306595,1789464831.4306595,0.6104
/camera/world/agv1_confidence,1789464831.4565682,1789464831.4565682,0.6094
/camera/world/agv3_confidence,1789464831.456874,1789464831.456874,0.5913
/camera/world/agv2_confidence,1789464831.4568772,1789464831.4568772,0.5921
/camera/world/agv3_confidence,1789464831.4919786,1789464831.4919786,0.5859
/camera/world/agv1_confidence,1789464831.4920583,1789464831.4920583,0.6091
/camera/world/agv2_confidence,1789464831.492225,1789464831.492225,0.5905
/camera/world/agv1_confidence,1789464831.5265715,1789464831.5265715,0.5826
/camera/world/agv2_confidence,1789464831.5267897,1789464831.5267897,0.595
/camera/world/agv3_confidence,1789464831.5267982,1789464831.5267982,0.5889
/camera/world/agv3_confidence,1789464831.562849,1789464831.562849,0.5868
/camera/world/agv1_confidence,1789464831.5629544,1789464831.5629544,0.5786
/camera/world/agv2_confidence,1789464831.5629554,1789464831.5629554,0.5927
/camera/world/agv1_confidence,1789464831.6017861,1789464831.6017861,0.5861
/camera/world/agv2_confidence,1789464831.6019402,1789464831.6019402,0.5371
/camera/world/agv3_confidence,1789464831.6020908,1789464831.6020908,0.5883
/camera/world/agv3_confidence,1789464831.6263552,1789464831.6263552,0.5887
/camera/world/agv2_confidence,1789464831.6263623,1789464831.6263623,0.5904
/camera/world/agv1_confidence,1789464831.6264067,1789464831.6264067,0.5863
/camera/world/agv1_confidence,1789464831.6575162,1789464831.6575162,0.5847
/camera/world/agv2_confidence,1789464831.6577125,1789464831.6577125,0.5926
/camera/world/agv3_confidence,1789464831.6578598,1789464831.6578598,0.5908
/camera/world/agv1_confidence,1789464831.6937425,1789464831.6937425,0.584
/camera/world/agv3_confidence,1789464831.6939263,1789464831.6939263,0.5877
/camera/world/agv2_confidence,1789464831.6940522,1789464831.6940522,0.5905
/camera/world/agv2_confidence,1789464831.7289624,1789464831.7289624,0.5902
/camera/world/agv1_confidence,1789464831.7290993,1789464831.7290993,0.5842
/camera/world/agv3_confidence,1789464831.7291648,1789464831.7291648,0.5873
/camera/world/agv1_confidence,1789464831.7555664,1789464831.7555664,0.5831
/camera/world/agv3_confidence,1789464831.7557783,1789464831.7557783,0.5924
/camera/world/agv2_confidence,1789464831.75579,1789464831.75579,0.5591
/camera/world/agv1_confidence,1789464831.7898178,1789464831.7898178,0.61
/camera/world/agv2_confidence,1789464831.7898588,1789464831.7898588,0.5752
/camera/world/agv3_confidence,1789464831.789953,1789464831.789953,0.589
/camera/world/agv2_confidence,1789464831.8230686,1789464831.8230686,0.5616
/camera/world/agv1_confidence,1789464831.8231008,1789464831.8231008,0.5868
/camera/world/agv3_confidence,1789464831.8231163,1789464831.8231163,0.5898
/camera/world/agv2_confidence,1789464831.8570156,1789464831.8570156,0.5869
/camera/world/agv3_confidence,1789464831.8570383,1789464831.8570383,0.5874
/camera/world/agv1_confidence,1789464831.857115,1789464831.857115,0.5703
/camera/world/agv1_confidence,1789464831.8941922,1789464831.8941922,0.5821
/camera/world/agv2_confidence,1789464831.8942168,1789464831.8942168,0.5908
/camera/world/agv3_confidence,1789464831.894248,1789464831.894248,0.5852
/camera/world/agv1_confidence,1789464831.9275193,1789464831.9275193,0.5775
/camera/world/agv2_confidence,1789464831.927871,1789464831.927871,0.5767
/camera/world/agv3_confidence,1789464831.927982,1789464831.927982,0.5846
/camera/world/agv1_confidence,1789464831.95332,1789464831.95332,0.5847
/camera/world/agv3_confidence,1789464831.9534948,1789464831.9534948,0.5838
/camera/world/agv2_confidence,1789464831.9535015,1789464831.9535015,0.5677
/camera/world/agv1_confidence,1789464831.9873633,1789464831.9873633,0.5773
/camera/world/agv2_confidence,1789464831.9875538,1789464831.9875538,0.5568
/camera/world/agv3_confidence,1789464831.9877822,1789464831.9877822,0.5894
/camera/world/agv2_confidence,1789464832.022932,1789464832.022932,0.592
/camera/world/agv1_confidence,1789464832.0229552,1789464832.0229552,0.5765
/camera/world/agv3_confidence,1789464832.0231414,1789464832.0231414,0.5895
/camera/world/agv1_confidence,1789464832.0583944,1789464832.0583944,0.5703
/camera/world/agv2_confidence,1789464832.058466,1789464832.058466,0.5747
/camera/world/agv3_confidence,1789464832.058516,1789464832.058516,0.5865
/camera/world/agv1_confidence,1789464832.091625,1789464832.091625,0.6097
/camera/world/agv3_confidence,1789464832.0916607,1789464832.0916607,0.5871
/camera/world/agv2_confidence,1789464832.0916975,1789464832.0916975,0.5923
/camera/world/agv1_confidence,1789464832.125345,1789464832.125345,0.5801
/camera/world/agv2_confidence,1789464832.1255422,1789464832.1255422,0.5915
/camera/world/agv3_confidence,1789464832.1257496,1789464832.1257496,0.5899
/camera/world/agv1_confidence,1789464832.15923,1789464832.15923,0.5829
/camera/world/agv2_confidence,1789464832.1594546,1789464832.1594546,0.5926
/camera/world/agv3_confidence,1789464832.1595643,1789464832.1595643,0.5851
/camera/world/agv1_confidence,1789464832.1919937,1789464832.1919937,0.5847
/camera/world/agv2_confidence,1789464832.1921473,1789464832.1921473,0.5754
/camera/world/agv3_confidence,1789464832.1923585,1789464832.1923585,0.5525
/camera/world/agv2_confidence,1789464832.2268384,1789464832.2268384,0.5677
/camera/world/agv3_confidence,1789464832.2270565,1789464832.2270565,0.5861
/camera/world/agv1_confidence,1789464832.2270663,1789464832.2270663,0.5769
/camera/world/agv2_confidence,1789464832.2604008,1789464832.2604008,0.5901
/camera/world/agv1_confidence,1789464832.2604039,1789464832.2604039,0.5812
/camera/world/agv3_confidence,1789464832.2604315,1789464832.2604315,0.589
/camera/world/agv1_confidence,1789464832.2917063,1789464832.2917063,0.5904
/camera/world/agv2_confidence,1789464832.2919002,1789464832.2919002,0.5928
/camera/world/agv3_confidence,1789464832.291948,1789464832.291948,0.584
/camera/world/agv2_confidence,1789464832.3252146,1789464832.3252146,0.5732
/camera/world/agv1_confidence,1789464832.325226,1789464832.325226,0.6099
/camera/world/agv3_confidence,1789464832.3252387,1789464832.3252387,0.5911
/camera/world/agv2_confidence,1789464832.366248,1789464832.366248,0.5901
/camera/world/agv1_confidence,1789464832.3662553,1789464832.3662553,0.5799
/camera/world/agv3_confidence,1789464832.3664925,1789464832.3664925,0.5885
/camera/world/agv1_confidence,1789464832.393855,1789464832.393855,0.5677
/camera/world/agv3_confidence,1789464832.394079,1789464832.394079,0.589
/camera/world/agv2_confidence,1789464832.3941474,1789464832.3941474,0.5909
/camera/world/agv2_confidence,1789464832.4241612,1789464832.4241612,0.5919
/camera/world/agv3_confidence,1789464832.4243379,1789464832.4243379,0.5856
/camera/world/agv1_confidence,1789464832.4244087,1789464832.4244087,0.6096
/camera/world/agv1_confidence,1789464832.4580567,1789464832.4580567,0.5624
/camera/world/agv2_confidence,1789464832.4582198,1789464832.4582198,0.5777
/camera/world/agv3_confidence,1789464832.4582798,1789464832.4582798,0.5903
/camera/world/agv2_confidence,1789464832.4928942,1789464832.4928942,0.5767
/camera/world/agv1_confidence,1789464832.4929345,1789464832.4929345,0.588
/camera/world/agv3_confidence,1789464832.493047,1789464832.493047,0.5895
/camera/world/agv1_confidence,1789464832.5286446,1789464832.5286446,0.5817
/camera/world/agv2_confidence,1789464832.5286663,1789464832.5286663,0.5906
/camera/world/agv3_confidence,1789464832.5290124,1789464832.5290124,0.5893
/camera/world/agv2_confidence,1789464832.5557477,1789464832.5557477,0.5891
/camera/world/agv1_confidence,1789464832.5557806,1789464832.5557806,0.5819
/camera/world/agv3_confidence,1789464832.5558379,1789464832.5558379,0.5875
/camera/world/agv2_confidence,1789464832.5875862,1789464832.5875862,0.518
/camera/world/agv1_confidence,1789464832.5878015,1789464832.5878015,0.6098
/camera/world/agv3_confidence,1789464832.5879216,1789464832.5879216,0.5893
