topic,bag_stamp,header_stamp,experiment_id,method_id,block_id,run_id,phase,run_active,evaluation_active,manual_abort,abort_reason
/multi_agv/experiment_state,1789455325.9669974,1789455325.9334645,classic_additive_candidate_A_physical_baseline,M1b_R1,P1_M1B,classic_additive_candidate_A_physical_M1b_lambda_0_20260915_145523,2,True,True,False,
/multi_agv/experiment_state,1789455326.0335011,1789455326.0334256,classic_additive_candidate_A_physical_baseline,M1b_R1,P1_M1B,classic_additive_candidate_A_physical_M1b_lambda_0_20260915_145523,2,True,True,False,
/multi_agv/experiment_state,1789455326.1334736,1789455326.1334252,classic_additive_candidate_A_physical_baseline,M1b_R1,P1_M1B,classic_additive_candidate_A_physical_M1b_lambda_0_20260915_145523,2,True,True,False,
/multi_agv/experiment_state,1789455326.233551,1789455326.2334325,classic_additive_candidate_A_physical_baseline,M1b_R1,P1_M1B,classic_additive_candidate_A_physical_M1b_lambda_0_20260915_145523,2,True,True,False,
/multi_agv/experiment_state,1789455326.3335407,1789455326.333461,classic_additive_candidate_A_physical_baseline,M1b_R1,P1_M1B,classic_additive_candidate_A_physical_M1b_lambda_0_20260915_145523,2,True,True,False,
/multi_agv/experiment_state,1789455326.4335322,1789455326.4334552,classic_additive_candidate_A_physical_baseline,M1b_R1,P1_M1B,classic_additive_candidate_A_physical_M1b_lambda_0_20260915_145523,2,True,True,False,
/multi_agv/experiment_state,1789455326.5335312,1789455326.5334563,classic_additive_candidate_A_physical_baseline,M1b_R1,P1_M1B,classic_additive_candidate_A_physical_M1b_lambda_0_20260915_145523,2,True,True,False,
/multi_agv/experiment_state,1789455326.6335294,1789455326.63346,classic_additive_candidate_A_physical_baseline,M1b_R1,P1_M1B,classic_additive_candidate_A_physical_M1b_lambda_0_20260915_145523,2,True,True,False,
/multi_agv/experiment_state,1789455326.7335656,1789455326.7334614,classic_additive_candidate_A_physical_baseline,M1b_R1,P1_M1B,classic_additive_candidate_A_physical_M1b_lambda_0_20260915_145523,2,True,True,False,
/multi_agv/experiment_state,1789455326.883444,1789455326.8834116,classic_additive_candidate_A_physical_baseline,M1b_R1,P1_M1B,classic_additive_candidate_A_physical_M1b_lambda_0_20260915_145523,2,True,True,False,
/multi_agv/experiment_state,1789455326.9335568,1789455326.933453,classic_additive_candidate_A_physical_baseline,M1b_R1,P1_M1B,classic_additive_candidate_A_physical_M1b_lambda_0_20260915_145523,2,True,True,False,
/multi_agv/experiment_state,1789455327.0335681,1789455327.0334523,classic_additive_candidate_A_physical_baseline,M1b_R1,P1_M1B,classic_additive_candidate_A_physical_M1b_lambda_0_20260915_145523,2,True,True,False,
/multi_agv/experiment_state,1789455327.1335564,1789455327.133454,classic_additive_candidate_A_physical_baseline,M1b_R1,P1_M1B,classic_additive_candidate_A_physical_M1b_lambda_0_20260915_145523,2,True,True,False,
/multi_agv/experiment_state,1789455327.2335305,1789455327.2334552,classic_additive_candidate_A_physical_baseline,M1b_R1,P1_M1B,classic_additive_candidate_A_physical_M1b_lambda_0_20260915_145523,2,True,True,False,
/multi_agv/experiment_state,1789455327.3334858,1789455327.3334246,classic_additive_candidate_A_physical_baseline,M1b_R1,P1_M1B,classic_additive_candidate_A_physical_M1b_lambda_0_20260915_145523,2,True,True,False,
/multi_agv/experiment_state,1789455327.4334946,1789455327.4334252,classic_additive_candidate_A_physical_baseline,M1b_R1,P1_M1B,classic_additive_candidate_A_physical_M1b_lambda_0_20260915_145523,2,True,True,False,
/multi_agv/experiment_state,1789455327.5334682,1789455327.533424,classic_additive_candidate_A_physical_baseline,M1b_R1,P1_M1B,classic_additive_candidate_A_physical_M1b_lambda_0_20260915_145523,2,True,True,False,
/multi_agv/experiment_state,1789455327.6335595,1789455327.6334553,classic_additive_candidate_A_physical_baseline,M1b_R1,P1_M1B,classic_additive_candidate_A_physical_M1b_lambda_0_20260915_145523,2,True,True,False,
/multi_agv/experiment_state,1789455327.7335632,1789455327.7334607,classic_additive_candidate_A_physical_baseline,M1b_R1,P1_M1B,classic_additive_candidate_A_physical_M1b_lambda_0_20260915_145523,2,True,True,False,
/multi_agv/experiment_state,1789455327.8336747,1789455327.8334184,classic_additive_candidate_A_physical_baseline,M1b_R1,P1_M1B,classic_additive_candidate_A_physical_M1b_lambda_0_20260915_145523,2,True,True,False,
/multi_agv/experiment_state,1789455327.9335217,1789455327.9334197,classic_additive_candidate_A_physical_baseline,M1b_R1,P1_M1B,classic_additive_candidate_A_physical_M1b_lambda_0_20260915_145523,2,True,True,False,
/multi_agv/experiment_state,1789455328.0335288,1789455328.03346,classic_additive_candidate_A_physical_baseline,M1b_R1,P1_M1B,classic_additive_candidate_A_physical_M1b_lambda_0_20260915_145523,2,True,True,False,
/multi_agv/experiment_state,1789455328.1334977,1789455328.1334248,classic_additive_candidate_A_physical_baseline,M1b_R1,P1_M1B,classic_additive_candidate_A_physical_M1b_lambda_0_20260915_145523,2,True,True,False,
/multi_agv/experiment_state,1789455328.2335227,1789455328.2334247,classic_additive_candidate_A_physical_baseline,M1b_R1,P1_M1B,classic_additive_candidate_A_physical_M1b_lambda_0_20260915_145523,2,True,True,False,
/multi_agv/experiment_state,1789455328.333525,1789455328.333426,classic_additive_candidate_A_physical_baseline,M1b_R1,P1_M1B,classic_additive_candidate_A_physical_M1b_lambda_0_20260915_145523,2,True,True,False,
/multi_agv/experiment_state,1789455328.4335248,1789455328.4334254,classic_additive_candidate_A_physical_baseline,M1b_R1,P1_M1B,classic_additive_candidate_A_physical_M1b_lambda_0_20260915_145523,2,True,True,False,
/multi_agv/experiment_state,1789455328.5336168,1789455328.53343,classic_additive_candidate_A_physical_baseline,M1b_R1,P1_M1B,classic_additive_candidate_A_physical_M1b_lambda_0_20260915_145523,2,True,True,False,
/multi_agv/experiment_state,1789455328.6335678,1789455328.633425,classic_additive_candidate_A_physical_baseline,M1b_R1,P1_M1B,classic_additive_candidate_A_physical_M1b_lambda_0_20260915_145523,2,True,True,False,
/multi_agv/experiment_state,1789455328.7336,1789455328.7334616,classic_additive_candidate_A_physical_baseline,M1b_R1,P1_M1B,classic_additive_candidate_A_physical_M1b_lambda_0_20260915_145523,2,True,True,False,
/multi_agv/experiment_state,1789455328.8335326,1789455328.8334248,classic_additive_candidate_A_physical_baseline,M1b_R1,P1_M1B,classic_additive_candidate_A_physical_M1b_lambda_0_20260915_145523,2,True,True,False,
/multi_agv/experiment_state,1789455328.933549,1789455328.933426,classic_additive_candidate_A_physical_baseline,M1b_R1,P1_M1B,classic_additive_candidate_A_physical_M1b_lambda_0_20260915_145523,2,True,True,False,
/multi_agv/experiment_state,1789455329.0834577,1789455329.0834196,classic_additive_candidate_A_physical_baseline,M1b_R1,P1_M1B,classic_additive_candidate_A_physical_M1b_lambda_0_20260915_145523,2,True,True,False,
/multi_agv/experiment_state,1789455329.1334932,1789455329.1334233,classic_additive_candidate_A_physical_baseline,M1b_R1,P1_M1B,classic_additive_candidate_A_physical_M1b_lambda_0_20260915_145523,2,True,True,False,
/multi_agv/experiment_state,1789455329.2335007,1789455329.2334247,classic_additive_candidate_A_physical_baseline,M1b_R1,P1_M1B,classic_additive_candidate_A_physical_M1b_lambda_0_20260915_145523,2,True,True,False,
/multi_agv/experiment_state,1789455329.3834536,1789455329.383417,classic_additive_candidate_A_physical_baseline,M1b_R1,P1_M1B,classic_additive_candidate_A_physical_M1b_lambda_0_20260915_145523,2,True,True,False,
/multi_agv/experiment_state,1789455329.4335518,1789455329.4334238,classic_additive_candidate_A_physical_baseline,M1b_R1,P1_M1B,classic_additive_candidate_A_physical_M1b_lambda_0_20260915_145523,2,True,True,False,
/multi_agv/experiment_state,1789455329.5335438,1789455329.533425,classic_additive_candidate_A_physical_baseline,M1b_R1,P1_M1B,classic_additive_candidate_A_physical_M1b_lambda_0_20260915_145523,2,True,True,False,
/multi_agv/experiment_state,1789455329.633547,1789455329.6334279,classic_additive_candidate_A_physical_baseline,M1b_R1,P1_M1B,classic_additive_candidate_A_physical_M1b_lambda_0_20260915_145523,2,True,True,False,
/multi_agv/experiment_state,1789455329.7334993,1789455329.7334247,classic_additive_candidate_A_physical_baseline,M1b_R1,P1_M1B,classic_additive_candidate_A_physical_M1b_lambda_0_20260915_145523,2,True,True,False,
/multi_agv/experiment_state,1789455329.8334715,1789455329.8334255,classic_additive_candidate_A_physical_baseline,M1b_R1,P1_M1B,classic_additive_candidate_A_physical_M1b_lambda_0_20260915_145523,2,True,True,False,
/multi_agv/experiment_state,1789455329.933523,1789455329.933426,classic_additive_candidate_A_physical_baseline,M1b_R1,P1_M1B,classic_additive_candidate_A_physical_M1b_lambda_0_20260915_145523,2,True,True,False,
/multi_agv/experiment_state,1789455330.033531,1789455330.033427,classic_additive_candidate_A_physical_baseline,M1b_R1,P1_M1B,classic_additive_candidate_A_physical_M1b_lambda_0_20260915_145523,2,True,True,False,
/multi_agv/experiment_state,1789455330.1334972,1789455330.133424,classic_additive_candidate_A_physical_baseline,M1b_R1,P1_M1B,classic_additive_candidate_A_physical_M1b_lambda_0_20260915_145523,2,True,True,False,
/multi_agv/experiment_state,1789455330.2335062,1789455330.2334244,classic_additive_candidate_A_physical_baseline,M1b_R1,P1_M1B,classic_additive_candidate_A_physical_M1b_lambda_0_20260915_145523,2,True,True,False,
/multi_agv/experiment_state,1789455330.3335218,1789455330.3334243,classic_additive_candidate_A_physical_baseline,M1b_R1,P1_M1B,classic_additive_candidate_A_physical_M1b_lambda_0_20260915_145523,2,True,True,False,
/multi_agv/experiment_state,1789455330.4335687,1789455330.4334242,classic_additive_candidate_A_physical_baseline,M1b_R1,P1_M1B,classic_additive_candidate_A_physical_M1b_lambda_0_20260915_145523,2,True,True,False,
/multi_agv/experiment_state,1789455330.5335555,1789455330.5334244,classic_additive_candidate_A_physical_baseline,M1b_R1,P1_M1B,classic_additive_candidate_A_physical_M1b_lambda_0_20260915_145523,2,True,True,False,
/multi_agv/experiment_state,1789455330.6334941,1789455330.6334233,classic_additive_candidate_A_physical_baseline,M1b_R1,P1_M1B,classic_additive_candidate_A_physical_M1b_lambda_0_20260915_145523,2,True,True,False,
/multi_agv/experiment_state,1789455330.7334676,1789455330.733424,classic_additive_candidate_A_physical_baseline,M1b_R1,P1_M1B,classic_additive_candidate_A_physical_M1b_lambda_0_20260915_145523,2,True,True,False,
/multi_agv/experiment_state,1789455330.8335555,1789455330.8334255,classic_additive_candidate_A_physical_baseline,M1b_R1,P1_M1B,classic_additive_candidate_A_physical_M1b_lambda_0_20260915_145523,2,True,True,False,
/multi_agv/experiment_state,1789455330.9335103,1789455330.9334245,classic_additive_candidate_A_physical_baseline,M1b_R1,P1_M1B,classic_additive_candidate_A_physical_M1b_lambda_0_20260915_145523,2,True,True,False,
/multi_agv/experiment_state,1789455331.0334823,1789455331.0334234,classic_additive_candidate_A_physical_baseline,M1b_R1,P1_M1B,classic_additive_candidate_A_physical_M1b_lambda_0_20260915_145523,2,True,True,False,
/multi_agv/experiment_state,1789455331.1334765,1789455331.1334264,classic_additive_candidate_A_physical_baseline,M1b_R1,P1_M1B,classic_additive_candidate_A_physical_M1b_lambda_0_20260915_145523,2,True,True,False,
/multi_agv/experiment_state,1789455331.2336378,1789455331.2334638,classic_additive_candidate_A_physical_baseline,M1b_R1,P1_M1B,classic_additive_candidate_A_physical_M1b_lambda_0_20260915_145523,2,True,True,False,
/multi_agv/experiment_state,1789455331.3335192,1789455331.3334267,classic_additive_candidate_A_physical_baseline,M1b_R1,P1_M1B,classic_additive_candidate_A_physical_M1b_lambda_0_20260915_145523,2,True,True,False,
/multi_agv/experiment_state,1789455331.4335506,1789455331.4334784,classic_additive_candidate_A_physical_baseline,M1b_R1,P1_M1B,classic_additive_candidate_A_physical_M1b_lambda_0_20260915_145523,2,True,True,False,
/multi_agv/experiment_state,1789455331.5335584,1789455331.533459,classic_additive_candidate_A_physical_baseline,M1b_R1,P1_M1B,classic_additive_candidate_A_physical_M1b_lambda_0_20260915_145523,2,True,True,False,
/multi_agv/experiment_state,1789455331.6335177,1789455331.6334267,classic_additive_candidate_A_physical_baseline,M1b_R1,P1_M1B,classic_additive_candidate_A_physical_M1b_lambda_0_20260915_145523,2,True,True,False,
/multi_agv/experiment_state,1789455331.7335982,1789455331.7334592,classic_additive_candidate_A_physical_baseline,M1b_R1,P1_M1B,classic_additive_candidate_A_physical_M1b_lambda_0_20260915_145523,2,True,True,False,
/multi_agv/experiment_state,1789455331.8335664,1789455331.8334253,classic_additive_candidate_A_physical_baseline,M1b_R1,P1_M1B,classic_additive_candidate_A_physical_M1b_lambda_0_20260915_145523,2,True,True,False,
/multi_agv/experiment_state,1789455331.9335268,1789455331.9334254,classic_additive_candidate_A_physical_baseline,M1b_R1,P1_M1B,classic_additive_candidate_A_physical_M1b_lambda_0_20260915_145523,2,True,True,False,
/multi_agv/experiment_state,1789455332.0335226,1789455332.0334265,classic_additive_candidate_A_physical_baseline,M1b_R1,P1_M1B,classic_additive_candidate_A_physical_M1b_lambda_0_20260915_145523,2,True,True,False,
/multi_agv/experiment_state,1789455332.1835306,1789455332.1834176,classic_additive_candidate_A_physical_baseline,M1b_R1,P1_M1B,classic_additive_candidate_A_physical_M1b_lambda_0_20260915_145523,2,True,True,False,
/multi_agv/experiment_state,1789455332.233538,1789455332.233428,classic_additive_candidate_A_physical_baseline,M1b_R1,P1_M1B,classic_additive_candidate_A_physical_M1b_lambda_0_20260915_145523,2,True,True,False,
/multi_agv/experiment_state,1789455332.3335109,1789455332.3334277,classic_additive_candidate_A_physical_baseline,M1b_R1,P1_M1B,classic_additive_candidate_A_physical_M1b_lambda_0_20260915_145523,2,True,True,False,
/multi_agv/experiment_state,1789455332.4835248,1789455332.4834163,classic_additive_candidate_A_physical_baseline,M1b_R1,P1_M1B,classic_additive_candidate_A_physical_M1b_lambda_0_20260915_145523,2,True,True,False,
/multi_agv/experiment_state,1789455332.5335426,1789455332.533424,classic_additive_candidate_A_physical_baseline,M1b_R1,P1_M1B,classic_additive_candidate_A_physical_M1b_lambda_0_20260915_145523,2,True,True,False,
/multi_agv/experiment_state,1789455332.6335042,1789455332.6334243,classic_additive_candidate_A_physical_baseline,M1b_R1,P1_M1B,classic_additive_candidate_A_physical_M1b_lambda_0_20260915_145523,2,True,True,False,
/multi_agv/experiment_state,1789455332.733521,1789455332.7334254,classic_additive_candidate_A_physical_baseline,M1b_R1,P1_M1B,classic_additive_candidate_A_physical_M1b_lambda_0_20260915_145523,2,True,True,False,
/multi_agv/experiment_state,1789455332.88345,1789455332.883415,classic_additive_candidate_A_physical_baseline,M1b_R1,P1_M1B,classic_additive_candidate_A_physical_M1b_lambda_0_20260915_145523,2,True,True,False,
/multi_agv/experiment_state,1789455332.9335647,1789455332.9334226,classic_additive_candidate_A_physical_baseline,M1b_R1,P1_M1B,classic_additive_candidate_A_physical_M1b_lambda_0_20260915_145523,2,True,True,False,
/multi_agv/experiment_state,1789455333.0335195,1789455333.0334253,classic_additive_candidate_A_physical_baseline,M1b_R1,P1_M1B,classic_additive_candidate_A_physical_M1b_lambda_0_20260915_145523,2,True,True,False,
/multi_agv/experiment_state,1789455333.1334589,1789455333.1334257,classic_additive_candidate_A_physical_baseline,M1b_R1,P1_M1B,classic_additive_candidate_A_physical_M1b_lambda_0_20260915_145523,2,True,True,False,
/multi_agv/experiment_state,1789455333.2335374,1789455333.23346,classic_additive_candidate_A_physical_baseline,M1b_R1,P1_M1B,classic_additive_candidate_A_physical_M1b_lambda_0_20260915_145523,2,True,True,False,
/multi_agv/experiment_state,1789455333.3335319,1789455333.3334568,classic_additive_candidate_A_physical_baseline,M1b_R1,P1_M1B,classic_additive_candidate_A_physical_M1b_lambda_0_20260915_145523,2,True,True,False,
/multi_agv/experiment_state,1789455333.4334528,1789455333.4334252,classic_additive_candidate_A_physical_baseline,M1b_R1,P1_M1B,classic_additive_candidate_A_physical_M1b_lambda_0_20260915_145523,2,True,True,False,
/multi_agv/experiment_state,1789455333.533471,1789455333.533425,classic_additive_candidate_A_physical_baseline,M1b_R1,P1_M1B,classic_additive_candidate_A_physical_M1b_lambda_0_20260915_145523,2,True,True,False,
/multi_agv/experiment_state,1789455333.633542,1789455333.6334589,classic_additive_candidate_A_physical_baseline,M1b_R1,P1_M1B,classic_additive_candidate_A_physical_M1b_lambda_0_20260915_145523,2,True,True,False,
/multi_agv/experiment_state,1789455333.7335355,1789455333.73346,classic_additive_candidate_A_physical_baseline,M1b_R1,P1_M1B,classic_additive_candidate_A_physical_M1b_lambda_0_20260915_145523,2,True,True,False,
/multi_agv/experiment_state,1789455333.8336143,1789455333.8335106,classic_additive_candidate_A_physical_baseline,M1b_R1,P1_M1B,classic_additive_candidate_A_physical_M1b_lambda_0_20260915_145523,2,True,True,False,
/multi_agv/experiment_state,1789455333.9335883,1789455333.9335184,classic_additive_candidate_A_physical_baseline,M1b_R1,P1_M1B,classic_additive_candidate_A_physical_M1b_lambda_0_20260915_145523,2,True,True,False,
/multi_agv/experiment_state,1789455334.0336668,1789455334.0335274,classic_additive_candidate_A_physical_baseline,M1b_R1,P1_M1B,classic_additive_candidate_A_physical_M1b_lambda_0_20260915_145523,2,True,True,False,
/multi_agv/experiment_state,1789455334.1335664,1789455334.133458,classic_additive_candidate_A_physical_baseline,M1b_R1,P1_M1B,classic_additive_candidate_A_physical_M1b_lambda_0_20260915_145523,2,True,True,False,
/multi_agv/experiment_state,1789455334.2334583,1789455334.2334251,classic_additive_candidate_A_physical_baseline,M1b_R1,P1_M1B,classic_additive_candidate_A_physical_M1b_lambda_0_20260915_145523,2,True,True,False,
/multi_agv/experiment_state,1789455334.333499,1789455334.3334258,classic_additive_candidate_A_physical_baseline,M1b_R1,P1_M1B,classic_additive_candidate_A_physical_M1b_lambda_0_20260915_145523,2,True,True,False,
/multi_agv/experiment_state,1789455334.4334607,1789455334.4334247,classic_additive_candidate_A_physical_baseline,M1b_R1,P1_M1B,classic_additive_candidate_A_physical_M1b_lambda_0_20260915_145523,2,True,True,False,
/multi_agv/experiment_state,1789455334.5334694,1789455334.5334256,classic_additive_candidate_A_physical_baseline,M1b_R1,P1_M1B,classic_additive_candidate_A_physical_M1b_lambda_0_20260915_145523,2,True,True,False,
/multi_agv/experiment_state,1789455334.633563,1789455334.6334598,classic_additive_candidate_A_physical_baseline,M1b_R1,P1_M1B,classic_additive_candidate_A_physical_M1b_lambda_0_20260915_145523,2,True,True,False,
/multi_agv/experiment_state,1789455334.7353308,1789455334.7334268,classic_additive_candidate_A_physical_baseline,M1b_R1,P1_M1B,classic_additive_candidate_A_physical_M1b_lambda_0_20260915_145523,2,True,True,False,
/multi_agv/experiment_state,1789455334.8834574,1789455334.8834174,classic_additive_candidate_A_physical_baseline,M1b_R1,P1_M1B,classic_additive_candidate_A_physical_M1b_lambda_0_20260915_145523,2,True,True,False,
/multi_agv/experiment_state,1789455334.933516,1789455334.933416,classic_additive_candidate_A_physical_baseline,M1b_R1,P1_M1B,classic_additive_candidate_A_physical_M1b_lambda_0_20260915_145523,2,True,True,False,
/multi_agv/experiment_state,1789455335.0335681,1789455335.0334609,classic_additive_candidate_A_physical_baseline,M1b_R1,P1_M1B,classic_additive_candidate_A_physical_M1b_lambda_0_20260915_145523,2,True,True,False,
/multi_agv/experiment_state,1789455335.1335592,1789455335.1334593,classic_additive_candidate_A_physical_baseline,M1b_R1,P1_M1B,classic_additive_candidate_A_physical_M1b_lambda_0_20260915_145523,2,True,True,False,
/multi_agv/experiment_state,1789455335.233461,1789455335.2334275,classic_additive_candidate_A_physical_baseline,M1b_R1,P1_M1B,classic_additive_candidate_A_physical_M1b_lambda_0_20260915_145523,2,True,True,False,
/multi_agv/experiment_state,1789455335.3335867,1789455335.3334823,classic_additive_candidate_A_physical_baseline,M1b_R1,P1_M1B,classic_additive_candidate_A_physical_M1b_lambda_0_20260915_145523,2,True,True,False,
/multi_agv/experiment_state,1789455335.4335966,1789455335.4334564,classic_additive_candidate_A_physical_baseline,M1b_R1,P1_M1B,classic_additive_candidate_A_physical_M1b_lambda_0_20260915_145523,2,True,True,False,
/multi_agv/experiment_state,1789455335.5334656,1789455335.533425,classic_additive_candidate_A_physical_baseline,M1b_R1,P1_M1B,classic_additive_candidate_A_physical_M1b_lambda_0_20260915_145523,2,True,True,False,
/multi_agv/experiment_state,1789455335.6335268,1789455335.6334603,classic_additive_candidate_A_physical_baseline,M1b_R1,P1_M1B,classic_additive_candidate_A_physical_M1b_lambda_0_20260915_145523,2,True,True,False,
/multi_agv/experiment_state,1789455335.7335315,1789455335.733459,classic_additive_candidate_A_physical_baseline,M1b_R1,P1_M1B,classic_additive_candidate_A_physical_M1b_lambda_0_20260915_145523,2,True,True,False,
/multi_agv/experiment_state,1789455335.8335476,1789455335.8334253,classic_additive_candidate_A_physical_baseline,M1b_R1,P1_M1B,classic_additive_candidate_A_physical_M1b_lambda_0_20260915_145523,2,True,True,False,
/multi_agv/experiment_state,1789455335.9334662,1789455335.9334264,classic_additive_candidate_A_physical_baseline,M1b_R1,P1_M1B,classic_additive_candidate_A_physical_M1b_lambda_0_20260915_145523,2,True,True,False,
/multi_agv/experiment_state,1789455336.0334933,1789455336.0334244,classic_additive_candidate_A_physical_baseline,M1b_R1,P1_M1B,classic_additive_candidate_A_physical_M1b_lambda_0_20260915_145523,2,True,True,False,
/multi_agv/experiment_state,1789455336.1335168,1789455336.133423,classic_additive_candidate_A_physical_baseline,M1b_R1,P1_M1B,classic_additive_candidate_A_physical_M1b_lambda_0_20260915_145523,2,True,True,False,
/multi_agv/experiment_state,1789455336.2335043,1789455336.2334259,classic_additive_candidate_A_physical_baseline,M1b_R1,P1_M1B,classic_additive_candidate_A_physical_M1b_lambda_0_20260915_145523,2,True,True,False,
/multi_agv/experiment_state,1789455336.3335705,1789455336.333454,classic_additive_candidate_A_physical_baseline,M1b_R1,P1_M1B,classic_additive_candidate_A_physical_M1b_lambda_0_20260915_145523,2,True,True,False,
/multi_agv/experiment_state,1789455336.4335294,1789455336.4334528,classic_additive_candidate_A_physical_baseline,M1b_R1,P1_M1B,classic_additive_candidate_A_physical_M1b_lambda_0_20260915_145523,2,True,True,False,
/multi_agv/experiment_state,1789455336.5335245,1789455336.5334525,classic_additive_candidate_A_physical_baseline,M1b_R1,P1_M1B,classic_additive_candidate_A_physical_M1b_lambda_0_20260915_145523,2,True,True,False,
/multi_agv/experiment_state,1789455336.633528,1789455336.6334515,classic_additive_candidate_A_physical_baseline,M1b_R1,P1_M1B,classic_additive_candidate_A_physical_M1b_lambda_0_20260915_145523,2,True,True,False,
/multi_agv/experiment_state,1789455336.7335265,1789455336.733455,classic_additive_candidate_A_physical_baseline,M1b_R1,P1_M1B,classic_additive_candidate_A_physical_M1b_lambda_0_20260915_145523,2,True,True,False,
/multi_agv/experiment_state,1789455336.83351,1789455336.83345,classic_additive_candidate_A_physical_baseline,M1b_R1,P1_M1B,classic_additive_candidate_A_physical_M1b_lambda_0_20260915_145523,2,True,True,False,
/multi_agv/experiment_state,1789455336.9335134,1789455336.9334526,classic_additive_candidate_A_physical_baseline,M1b_R1,P1_M1B,classic_additive_candidate_A_physical_M1b_lambda_0_20260915_145523,2,True,True,False,
/multi_agv/experiment_state,1789455337.0335763,1789455337.033446,classic_additive_candidate_A_physical_baseline,M1b_R1,P1_M1B,classic_additive_candidate_A_physical_M1b_lambda_0_20260915_145523,2,True,True,False,
/multi_agv/experiment_state,1789455337.1335535,1789455337.133453,classic_additive_candidate_A_physical_baseline,M1b_R1,P1_M1B,classic_additive_candidate_A_physical_M1b_lambda_0_20260915_145523,2,True,True,False,
/multi_agv/experiment_state,1789455337.233466,1789455337.2334259,classic_additive_candidate_A_physical_baseline,M1b_R1,P1_M1B,classic_additive_candidate_A_physical_M1b_lambda_0_20260915_145523,2,True,True,False,
/multi_agv/experiment_state,1789455337.3335378,1789455337.3334525,classic_additive_candidate_A_physical_baseline,M1b_R1,P1_M1B,classic_additive_candidate_A_physical_M1b_lambda_0_20260915_145523,2,True,True,False,
/multi_agv/experiment_state,1789455337.433557,1789455337.4334478,classic_additive_candidate_A_physical_baseline,M1b_R1,P1_M1B,classic_additive_candidate_A_physical_M1b_lambda_0_20260915_145523,2,True,True,False,
/multi_agv/experiment_state,1789455337.5334983,1789455337.5334547,classic_additive_candidate_A_physical_baseline,M1b_R1,P1_M1B,classic_additive_candidate_A_physical_M1b_lambda_0_20260915_145523,2,True,True,False,
/multi_agv/experiment_state,1789455337.6335242,1789455337.63345,classic_additive_candidate_A_physical_baseline,M1b_R1,P1_M1B,classic_additive_candidate_A_physical_M1b_lambda_0_20260915_145523,2,True,True,False,
/multi_agv/experiment_state,1789455337.7335532,1789455337.7334497,classic_additive_candidate_A_physical_baseline,M1b_R1,P1_M1B,classic_additive_candidate_A_physical_M1b_lambda_0_20260915_145523,2,True,True,False,
/multi_agv/experiment_state,1789455337.8335145,1789455337.8334506,classic_additive_candidate_A_physical_baseline,M1b_R1,P1_M1B,classic_additive_candidate_A_physical_M1b_lambda_0_20260915_145523,2,True,True,False,
/multi_agv/experiment_state,1789455337.9335225,1789455337.933454,classic_additive_candidate_A_physical_baseline,M1b_R1,P1_M1B,classic_additive_candidate_A_physical_M1b_lambda_0_20260915_145523,2,True,True,False,
/multi_agv/experiment_state,1789455338.0335438,1789455338.033454,classic_additive_candidate_A_physical_baseline,M1b_R1,P1_M1B,classic_additive_candidate_A_physical_M1b_lambda_0_20260915_145523,2,True,True,False,
/multi_agv/experiment_state,1789455338.1335475,1789455338.1334493,classic_additive_candidate_A_physical_baseline,M1b_R1,P1_M1B,classic_additive_candidate_A_physical_M1b_lambda_0_20260915_145523,2,True,True,False,
/multi_agv/experiment_state,1789455338.233517,1789455338.2334177,classic_additive_candidate_A_physical_baseline,M1b_R1,P1_M1B,classic_additive_candidate_A_physical_M1b_lambda_0_20260915_145523,2,True,True,False,
/multi_agv/experiment_state,1789455338.333546,1789455338.3334532,classic_additive_candidate_A_physical_baseline,M1b_R1,P1_M1B,classic_additive_candidate_A_physical_M1b_lambda_0_20260915_145523,2,True,True,False,
/multi_agv/experiment_state,1789455338.4335232,1789455338.4334505,classic_additive_candidate_A_physical_baseline,M1b_R1,P1_M1B,classic_additive_candidate_A_physical_M1b_lambda_0_20260915_145523,2,True,True,False,
/multi_agv/experiment_state,1789455338.5336003,1789455338.5334508,classic_additive_candidate_A_physical_baseline,M1b_R1,P1_M1B,classic_additive_candidate_A_physical_M1b_lambda_0_20260915_145523,2,True,True,False,
/multi_agv/experiment_state,1789455338.6335065,1789455338.6334693,classic_additive_candidate_A_physical_baseline,M1b_R1,P1_M1B,classic_additive_candidate_A_physical_M1b_lambda_0_20260915_145523,2,True,True,False,
/multi_agv/experiment_state,1789455338.733534,1789455338.733455,classic_additive_candidate_A_physical_baseline,M1b_R1,P1_M1B,classic_additive_candidate_A_physical_M1b_lambda_0_20260915_145523,2,True,True,False,
/multi_agv/experiment_state,1789455338.8335161,1789455338.8334534,classic_additive_candidate_A_physical_baseline,M1b_R1,P1_M1B,classic_additive_candidate_A_physical_M1b_lambda_0_20260915_145523,2,True,True,False,
/multi_agv/experiment_state,1789455338.933558,1789455338.93346,classic_additive_candidate_A_physical_baseline,M1b_R1,P1_M1B,classic_additive_candidate_A_physical_M1b_lambda_0_20260915_145523,2,True,True,False,
/multi_agv/experiment_state,1789455339.033531,1789455339.03346,classic_additive_candidate_A_physical_baseline,M1b_R1,P1_M1B,classic_additive_candidate_A_physical_M1b_lambda_0_20260915_145523,2,True,True,False,
/multi_agv/experiment_state,1789455339.1334913,1789455339.13342,classic_additive_candidate_A_physical_baseline,M1b_R1,P1_M1B,classic_additive_candidate_A_physical_M1b_lambda_0_20260915_145523,2,True,True,False,
/multi_agv/experiment_state,1789455339.233533,1789455339.233456,classic_additive_candidate_A_physical_baseline,M1b_R1,P1_M1B,classic_additive_candidate_A_physical_M1b_lambda_0_20260915_145523,2,True,True,False,
/multi_agv/experiment_state,1789455339.3335552,1789455339.3334508,classic_additive_candidate_A_physical_baseline,M1b_R1,P1_M1B,classic_additive_candidate_A_physical_M1b_lambda_0_20260915_145523,2,True,True,False,
/multi_agv/experiment_state,1789455339.4336195,1789455339.4334564,classic_additive_candidate_A_physical_baseline,M1b_R1,P1_M1B,classic_additive_candidate_A_physical_M1b_lambda_0_20260915_145523,2,True,True,False,
/multi_agv/experiment_state,1789455339.5335345,1789455339.5334585,classic_additive_candidate_A_physical_baseline,M1b_R1,P1_M1B,classic_additive_candidate_A_physical_M1b_lambda_0_20260915_145523,2,True,True,False,
/multi_agv/experiment_state,1789455339.6335566,1789455339.6334262,classic_additive_candidate_A_physical_baseline,M1b_R1,P1_M1B,classic_additive_candidate_A_physical_M1b_lambda_0_20260915_145523,2,True,True,False,
/multi_agv/experiment_state,1789455339.7334836,1789455339.7334259,classic_additive_candidate_A_physical_baseline,M1b_R1,P1_M1B,classic_additive_candidate_A_physical_M1b_lambda_0_20260915_145523,2,True,True,False,
/multi_agv/experiment_state,1789455339.8334951,1789455339.8334239,classic_additive_candidate_A_physical_baseline,M1b_R1,P1_M1B,classic_additive_candidate_A_physical_M1b_lambda_0_20260915_145523,2,True,True,False,
/multi_agv/experiment_state,1789455339.933531,1789455339.9334605,classic_additive_candidate_A_physical_baseline,M1b_R1,P1_M1B,classic_additive_candidate_A_physical_M1b_lambda_0_20260915_145523,2,True,True,False,
/multi_agv/experiment_state,1789455340.0336084,1789455340.0334554,classic_additive_candidate_A_physical_baseline,M1b_R1,P1_M1B,classic_additive_candidate_A_physical_M1b_lambda_0_20260915_145523,2,True,True,False,
/multi_agv/experiment_state,1789455340.1335213,1789455340.1334617,classic_additive_candidate_A_physical_baseline,M1b_R1,P1_M1B,classic_additive_candidate_A_physical_M1b_lambda_0_20260915_145523,2,True,True,False,
/multi_agv/experiment_state,1789455340.233578,1789455340.2334266,classic_additive_candidate_A_physical_baseline,M1b_R1,P1_M1B,classic_additive_candidate_A_physical_M1b_lambda_0_20260915_145523,2,True,True,False,
/multi_agv/experiment_state,1789455340.333506,1789455340.3334248,classic_additive_candidate_A_physical_baseline,M1b_R1,P1_M1B,classic_additive_candidate_A_physical_M1b_lambda_0_20260915_145523,2,True,True,False,
/multi_agv/experiment_state,1789455340.4335966,1789455340.4334588,classic_additive_candidate_A_physical_baseline,M1b_R1,P1_M1B,classic_additive_candidate_A_physical_M1b_lambda_0_20260915_145523,2,True,True,False,
/multi_agv/experiment_state,1789455340.5335288,1789455340.5334558,classic_additive_candidate_A_physical_baseline,M1b_R1,P1_M1B,classic_additive_candidate_A_physical_M1b_lambda_0_20260915_145523,2,True,True,False,
/multi_agv/experiment_state,1789455340.6335056,1789455340.633424,classic_additive_candidate_A_physical_baseline,M1b_R1,P1_M1B,classic_additive_candidate_A_physical_M1b_lambda_0_20260915_145523,2,True,True,False,
/multi_agv/experiment_state,1789455340.7336771,1789455340.7335405,classic_additive_candidate_A_physical_baseline,M1b_R1,P1_M1B,classic_additive_candidate_A_physical_M1b_lambda_0_20260915_145523,2,True,True,False,
/multi_agv/experiment_state,1789455340.8335705,1789455340.8334272,classic_additive_candidate_A_physical_baseline,M1b_R1,P1_M1B,classic_additive_candidate_A_physical_M1b_lambda_0_20260915_145523,2,True,True,False,
/multi_agv/experiment_state,1789455340.93352,1789455340.9334571,classic_additive_candidate_A_physical_baseline,M1b_R1,P1_M1B,classic_additive_candidate_A_physical_M1b_lambda_0_20260915_145523,2,True,True,False,
/multi_agv/experiment_state,1789455341.0335186,1789455341.0334318,classic_additive_candidate_A_physical_baseline,M1b_R1,P1_M1B,classic_additive_candidate_A_physical_M1b_lambda_0_20260915_145523,2,True,True,False,
/multi_agv/experiment_state,1789455341.1335917,1789455341.1334505,classic_additive_candidate_A_physical_baseline,M1b_R1,P1_M1B,classic_additive_candidate_A_physical_M1b_lambda_0_20260915_145523,2,True,True,False,
/multi_agv/experiment_state,1789455341.2335575,1789455341.2334576,classic_additive_candidate_A_physical_baseline,M1b_R1,P1_M1B,classic_additive_candidate_A_physical_M1b_lambda_0_20260915_145523,2,True,True,False,
/multi_agv/experiment_state,1789455341.333583,1789455341.3334558,classic_additive_candidate_A_physical_baseline,M1b_R1,P1_M1B,classic_additive_candidate_A_physical_M1b_lambda_0_20260915_145523,2,True,True,False,
/multi_agv/experiment_state,1789455341.4335992,1789455341.4334633,classic_additive_candidate_A_physical_baseline,M1b_R1,P1_M1B,classic_additive_candidate_A_physical_M1b_lambda_0_20260915_145523,2,True,True,False,
/multi_agv/experiment_state,1789455341.5337853,1789455341.5335505,classic_additive_candidate_A_physical_baseline,M1b_R1,P1_M1B,classic_additive_candidate_A_physical_M1b_lambda_0_20260915_145523,2,True,True,False,
/multi_agv/experiment_state,1789455341.6336093,1789455341.6335106,classic_additive_candidate_A_physical_baseline,M1b_R1,P1_M1B,classic_additive_candidate_A_physical_M1b_lambda_0_20260915_145523,2,True,True,False,
/multi_agv/experiment_state,1789455341.7334895,1789455341.7334569,classic_additive_candidate_A_physical_baseline,M1b_R1,P1_M1B,classic_additive_candidate_A_physical_M1b_lambda_0_20260915_145523,2,True,True,False,
/multi_agv/experiment_state,1789455341.8335447,1789455341.8334255,classic_additive_candidate_A_physical_baseline,M1b_R1,P1_M1B,classic_additive_candidate_A_physical_M1b_lambda_0_20260915_145523,2,True,True,False,
/multi_agv/experiment_state,1789455341.933464,1789455341.9334273,classic_additive_candidate_A_physical_baseline,M1b_R1,P1_M1B,classic_additive_candidate_A_physical_M1b_lambda_0_20260915_145523,2,True,True,False,
/multi_agv/experiment_state,1789455342.0335255,1789455342.0334291,classic_additive_candidate_A_physical_baseline,M1b_R1,P1_M1B,classic_additive_candidate_A_physical_M1b_lambda_0_20260915_145523,2,True,True,False,
/multi_agv/experiment_state,1789455342.1335125,1789455342.1334236,classic_additive_candidate_A_physical_baseline,M1b_R1,P1_M1B,classic_additive_candidate_A_physical_M1b_lambda_0_20260915_145523,2,True,True,False,
/multi_agv/experiment_state,1789455342.2334704,1789455342.2334263,classic_additive_candidate_A_physical_baseline,M1b_R1,P1_M1B,classic_additive_candidate_A_physical_M1b_lambda_0_20260915_145523,2,True,True,False,
/multi_agv/experiment_state,1789455342.3335187,1789455342.333425,classic_additive_candidate_A_physical_baseline,M1b_R1,P1_M1B,classic_additive_candidate_A_physical_M1b_lambda_0_20260915_145523,2,True,True,False,
/multi_agv/experiment_state,1789455342.4335718,1789455342.4334545,classic_additive_candidate_A_physical_baseline,M1b_R1,P1_M1B,classic_additive_candidate_A_physical_M1b_lambda_0_20260915_145523,2,True,True,False,
/multi_agv/experiment_state,1789455342.5334988,1789455342.5334258,classic_additive_candidate_A_physical_baseline,M1b_R1,P1_M1B,classic_additive_candidate_A_physical_M1b_lambda_0_20260915_145523,2,True,True,False,
/multi_agv/experiment_state,1789455342.63358,1789455342.6334581,classic_additive_candidate_A_physical_baseline,M1b_R1,P1_M1B,classic_additive_candidate_A_physical_M1b_lambda_0_20260915_145523,2,True,True,False,
/multi_agv/experiment_state,1789455342.7335138,1789455342.733424,classic_additive_candidate_A_physical_baseline,M1b_R1,P1_M1B,classic_additive_candidate_A_physical_M1b_lambda_0_20260915_145523,2,True,True,False,
/multi_agv/experiment_state,1789455342.8335278,1789455342.833425,classic_additive_candidate_A_physical_baseline,M1b_R1,P1_M1B,classic_additive_candidate_A_physical_M1b_lambda_0_20260915_145523,2,True,True,False,
/multi_agv/experiment_state,1789455342.9335356,1789455342.9334292,classic_additive_candidate_A_physical_baseline,M1b_R1,P1_M1B,classic_additive_candidate_A_physical_M1b_lambda_0_20260915_145523,2,True,True,False,
/multi_agv/experiment_state,1789455343.033524,1789455343.0334563,classic_additive_candidate_A_physical_baseline,M1b_R1,P1_M1B,classic_additive_candidate_A_physical_M1b_lambda_0_20260915_145523,2,True,True,False,
/multi_agv/experiment_state,1789455343.1335192,1789455343.133449,classic_additive_candidate_A_physical_baseline,M1b_R1,P1_M1B,classic_additive_candidate_A_physical_M1b_lambda_0_20260915_145523,2,True,True,False,
/multi_agv/experiment_state,1789455343.2335658,1789455343.233429,classic_additive_candidate_A_physical_baseline,M1b_R1,P1_M1B,classic_additive_candidate_A_physical_M1b_lambda_0_20260915_145523,2,True,True,False,
/multi_agv/experiment_state,1789455343.3334582,1789455343.3334243,classic_additive_candidate_A_physical_baseline,M1b_R1,P1_M1B,classic_additive_candidate_A_physical_M1b_lambda_0_20260915_145523,2,True,True,False,
/multi_agv/experiment_state,1789455343.4334922,1789455343.433427,classic_additive_candidate_A_physical_baseline,M1b_R1,P1_M1B,classic_additive_candidate_A_physical_M1b_lambda_0_20260915_145523,2,True,True,False,
/multi_agv/experiment_state,1789455343.5335119,1789455343.5334313,classic_additive_candidate_A_physical_baseline,M1b_R1,P1_M1B,classic_additive_candidate_A_physical_M1b_lambda_0_20260915_145523,2,True,True,False,
/multi_agv/experiment_state,1789455343.6335301,1789455343.6334288,classic_additive_candidate_A_physical_baseline,M1b_R1,P1_M1B,classic_additive_candidate_A_physical_M1b_lambda_0_20260915_145523,2,True,True,False,
/multi_agv/experiment_state,1789455343.733563,1789455343.7334578,classic_additive_candidate_A_physical_baseline,M1b_R1,P1_M1B,classic_additive_candidate_A_physical_M1b_lambda_0_20260915_145523,2,True,True,False,
/multi_agv/experiment_state,1789455343.833521,1789455343.8334243,classic_additive_candidate_A_physical_baseline,M1b_R1,P1_M1B,classic_additive_candidate_A_physical_M1b_lambda_0_20260915_145523,2,True,True,False,
/multi_agv/experiment_state,1789455343.9335594,1789455343.9334555,classic_additive_candidate_A_physical_baseline,M1b_R1,P1_M1B,classic_additive_candidate_A_physical_M1b_lambda_0_20260915_145523,2,True,True,False,
/multi_agv/experiment_state,1789455344.0335934,1789455344.0334592,classic_additive_candidate_A_physical_baseline,M1b_R1,P1_M1B,classic_additive_candidate_A_physical_M1b_lambda_0_20260915_145523,2,True,True,False,
/multi_agv/experiment_state,1789455344.133523,1789455344.133426,classic_additive_candidate_A_physical_baseline,M1b_R1,P1_M1B,classic_additive_candidate_A_physical_M1b_lambda_0_20260915_145523,2,True,True,False,
/multi_agv/experiment_state,1789455344.2334723,1789455344.2334254,classic_additive_candidate_A_physical_baseline,M1b_R1,P1_M1B,classic_additive_candidate_A_physical_M1b_lambda_0_20260915_145523,2,True,True,False,
/multi_agv/experiment_state,1789455344.3335848,1789455344.33351,classic_additive_candidate_A_physical_baseline,M1b_R1,P1_M1B,classic_additive_candidate_A_physical_M1b_lambda_0_20260915_145523,2,True,True,False,
/multi_agv/experiment_state,1789455344.4335449,1789455344.4334726,classic_additive_candidate_A_physical_baseline,M1b_R1,P1_M1B,classic_additive_candidate_A_physical_M1b_lambda_0_20260915_145523,2,True,True,False,
/multi_agv/experiment_state,1789455344.533569,1789455344.533455,classic_additive_candidate_A_physical_baseline,M1b_R1,P1_M1B,classic_additive_candidate_A_physical_M1b_lambda_0_20260915_145523,2,True,True,False,
/multi_agv/experiment_state,1789455344.6335635,1789455344.6334562,classic_additive_candidate_A_physical_baseline,M1b_R1,P1_M1B,classic_additive_candidate_A_physical_M1b_lambda_0_20260915_145523,2,True,True,False,
/multi_agv/experiment_state,1789455344.7335222,1789455344.7334523,classic_additive_candidate_A_physical_baseline,M1b_R1,P1_M1B,classic_additive_candidate_A_physical_M1b_lambda_0_20260915_145523,2,True,True,False,
/multi_agv/experiment_state,1789455344.833576,1789455344.8334606,classic_additive_candidate_A_physical_baseline,M1b_R1,P1_M1B,classic_additive_candidate_A_physical_M1b_lambda_0_20260915_145523,2,True,True,False,
/multi_agv/experiment_state,1789455344.9334614,1789455344.9334216,classic_additive_candidate_A_physical_baseline,M1b_R1,P1_M1B,classic_additive_candidate_A_physical_M1b_lambda_0_20260915_145523,2,True,True,False,
/multi_agv/experiment_state,1789455345.0335274,1789455345.0334542,classic_additive_candidate_A_physical_baseline,M1b_R1,P1_M1B,classic_additive_candidate_A_physical_M1b_lambda_0_20260915_145523,2,True,True,False,
/multi_agv/experiment_state,1789455345.1335523,1789455345.1334555,classic_additive_candidate_A_physical_baseline,M1b_R1,P1_M1B,classic_additive_candidate_A_physical_M1b_lambda_0_20260915_145523,2,True,True,False,
/multi_agv/experiment_state,1789455345.2336032,1789455345.233459,classic_additive_candidate_A_physical_baseline,M1b_R1,P1_M1B,classic_additive_candidate_A_physical_M1b_lambda_0_20260915_145523,2,True,True,False,
/multi_agv/experiment_state,1789455345.3335001,1789455345.3334193,classic_additive_candidate_A_physical_baseline,M1b_R1,P1_M1B,classic_additive_candidate_A_physical_M1b_lambda_0_20260915_145523,2,True,True,False,
/multi_agv/experiment_state,1789455345.433541,1789455345.433451,classic_additive_candidate_A_physical_baseline,M1b_R1,P1_M1B,classic_additive_candidate_A_physical_M1b_lambda_0_20260915_145523,2,True,True,False,
/multi_agv/experiment_state,1789455345.583522,1789455345.583419,classic_additive_candidate_A_physical_baseline,M1b_R1,P1_M1B,classic_additive_candidate_A_physical_M1b_lambda_0_20260915_145523,2,True,True,False,
/multi_agv/experiment_state,1789455345.6334927,1789455345.6334236,classic_additive_candidate_A_physical_baseline,M1b_R1,P1_M1B,classic_additive_candidate_A_physical_M1b_lambda_0_20260915_145523,2,True,True,False,
/multi_agv/experiment_state,1789455345.7334845,1789455345.7334187,classic_additive_candidate_A_physical_baseline,M1b_R1,P1_M1B,classic_additive_candidate_A_physical_M1b_lambda_0_20260915_145523,2,True,True,False,
/multi_agv/experiment_state,1789455345.833558,1789455345.833467,classic_additive_candidate_A_physical_baseline,M1b_R1,P1_M1B,classic_additive_candidate_A_physical_M1b_lambda_0_20260915_145523,2,True,True,False,
/multi_agv/experiment_state,1789455345.9334693,1789455345.9334245,classic_additive_candidate_A_physical_baseline,M1b_R1,P1_M1B,classic_additive_candidate_A_physical_M1b_lambda_0_20260915_145523,2,True,True,False,
/multi_agv/experiment_state,1789455346.033468,1789455346.0334227,classic_additive_candidate_A_physical_baseline,M1b_R1,P1_M1B,classic_additive_candidate_A_physical_M1b_lambda_0_20260915_145523,2,True,True,False,
/multi_agv/experiment_state,1789455346.1335633,1789455346.1334684,classic_additive_candidate_A_physical_baseline,M1b_R1,P1_M1B,classic_additive_candidate_A_physical_M1b_lambda_0_20260915_145523,2,True,True,False,
/multi_agv/experiment_state,1789455346.2335918,1789455346.2334492,classic_additive_candidate_A_physical_baseline,M1b_R1,P1_M1B,classic_additive_candidate_A_physical_M1b_lambda_0_20260915_145523,2,True,True,False,
/multi_agv/experiment_state,1789455346.3834896,1789455346.3834112,classic_additive_candidate_A_physical_baseline,M1b_R1,P1_M1B,classic_additive_candidate_A_physical_M1b_lambda_0_20260915_145523,2,True,True,False,
/multi_agv/experiment_state,1789455346.4335504,1789455346.433453,classic_additive_candidate_A_physical_baseline,M1b_R1,P1_M1B,classic_additive_candidate_A_physical_M1b_lambda_0_20260915_145523,2,True,True,False,
/multi_agv/experiment_state,1789455346.533564,1789455346.533462,classic_additive_candidate_A_physical_baseline,M1b_R1,P1_M1B,classic_additive_candidate_A_physical_M1b_lambda_0_20260915_145523,2,True,True,False,
/multi_agv/experiment_state,1789455346.6334937,1789455346.6334195,classic_additive_candidate_A_physical_baseline,M1b_R1,P1_M1B,classic_additive_candidate_A_physical_M1b_lambda_0_20260915_145523,2,True,True,False,
/multi_agv/experiment_state,1789455346.733476,1789455346.73343,classic_additive_candidate_A_physical_baseline,M1b_R1,P1_M1B,classic_additive_candidate_A_physical_M1b_lambda_0_20260915_145523,2,True,True,False,
/multi_agv/experiment_state,1789455346.83358,1789455346.8334563,classic_additive_candidate_A_physical_baseline,M1b_R1,P1_M1B,classic_additive_candidate_A_physical_M1b_lambda_0_20260915_145523,2,True,True,False,
/multi_agv/experiment_state,1789455346.9334958,1789455346.9334276,classic_additive_candidate_A_physical_baseline,M1b_R1,P1_M1B,classic_additive_candidate_A_physical_M1b_lambda_0_20260915_145523,2,True,True,False,
/multi_agv/experiment_state,1789455347.033561,1789455347.0334566,classic_additive_candidate_A_physical_baseline,M1b_R1,P1_M1B,classic_additive_candidate_A_physical_M1b_lambda_0_20260915_145523,2,True,True,False,
/multi_agv/experiment_state,1789455347.133557,1789455347.1334229,classic_additive_candidate_A_physical_baseline,M1b_R1,P1_M1B,classic_additive_candidate_A_physical_M1b_lambda_0_20260915_145523,2,True,True,False,
/multi_agv/experiment_state,1789455347.2335362,1789455347.2334251,classic_additive_candidate_A_physical_baseline,M1b_R1,P1_M1B,classic_additive_candidate_A_physical_M1b_lambda_0_20260915_145523,2,True,True,False,
/multi_agv/experiment_state,1789455347.3335268,1789455347.3334236,classic_additive_candidate_A_physical_baseline,M1b_R1,P1_M1B,classic_additive_candidate_A_physical_M1b_lambda_0_20260915_145523,2,True,True,False,
/multi_agv/experiment_state,1789455347.4834993,1789455347.483419,classic_additive_candidate_A_physical_baseline,M1b_R1,P1_M1B,classic_additive_candidate_A_physical_M1b_lambda_0_20260915_145523,2,True,True,False,
/multi_agv/experiment_state,1789455347.5834827,1789455347.5834184,classic_additive_candidate_A_physical_baseline,M1b_R1,P1_M1B,classic_additive_candidate_A_physical_M1b_lambda_0_20260915_145523,2,True,True,False,
/multi_agv/experiment_state,1789455347.6335692,1789455347.6334271,classic_additive_candidate_A_physical_baseline,M1b_R1,P1_M1B,classic_additive_candidate_A_physical_M1b_lambda_0_20260915_145523,2,True,True,False,
/multi_agv/experiment_state,1789455347.7335315,1789455347.733425,classic_additive_candidate_A_physical_baseline,M1b_R1,P1_M1B,classic_additive_candidate_A_physical_M1b_lambda_0_20260915_145523,2,True,True,False,
/multi_agv/experiment_state,1789455347.8334994,1789455347.8334246,classic_additive_candidate_A_physical_baseline,M1b_R1,P1_M1B,classic_additive_candidate_A_physical_M1b_lambda_0_20260915_145523,2,True,True,False,
/multi_agv/experiment_state,1789455347.9834905,1789455347.9834156,classic_additive_candidate_A_physical_baseline,M1b_R1,P1_M1B,classic_additive_candidate_A_physical_M1b_lambda_0_20260915_145523,2,True,True,False,
/multi_agv/experiment_state,1789455348.0335903,1789455348.0334234,classic_additive_candidate_A_physical_baseline,M1b_R1,P1_M1B,classic_additive_candidate_A_physical_M1b_lambda_0_20260915_145523,2,True,True,False,
/multi_agv/experiment_state,1789455348.1335826,1789455348.1334267,classic_additive_candidate_A_physical_baseline,M1b_R1,P1_M1B,classic_additive_candidate_A_physical_M1b_lambda_0_20260915_145523,2,True,True,False,
/multi_agv/experiment_state,1789455348.233538,1789455348.2334259,classic_additive_candidate_A_physical_baseline,M1b_R1,P1_M1B,classic_additive_candidate_A_physical_M1b_lambda_0_20260915_145523,2,True,True,False,
/multi_agv/experiment_state,1789455348.3336227,1789455348.3334794,classic_additive_candidate_A_physical_baseline,M1b_R1,P1_M1B,classic_additive_candidate_A_physical_M1b_lambda_0_20260915_145523,2,True,True,False,
/multi_agv/experiment_state,1789455348.4334722,1789455348.4334247,classic_additive_candidate_A_physical_baseline,M1b_R1,P1_M1B,classic_additive_candidate_A_physical_M1b_lambda_0_20260915_145523,2,True,True,False,
/multi_agv/experiment_state,1789455348.5335314,1789455348.5334263,classic_additive_candidate_A_physical_baseline,M1b_R1,P1_M1B,classic_additive_candidate_A_physical_M1b_lambda_0_20260915_145523,2,True,True,False,
/multi_agv/experiment_state,1789455348.6835017,1789455348.6834168,classic_additive_candidate_A_physical_baseline,M1b_R1,P1_M1B,classic_additive_candidate_A_physical_M1b_lambda_0_20260915_145523,2,True,True,False,
/multi_agv/experiment_state,1789455348.733502,1789455348.7334263,classic_additive_candidate_A_physical_baseline,M1b_R1,P1_M1B,classic_additive_candidate_A_physical_M1b_lambda_0_20260915_145523,2,True,True,False,
/multi_agv/experiment_state,1789455348.8335645,1789455348.8334556,classic_additive_candidate_A_physical_baseline,M1b_R1,P1_M1B,classic_additive_candidate_A_physical_M1b_lambda_0_20260915_145523,2,True,True,False,
/multi_agv/experiment_state,1789455348.9834642,1789455348.983415,classic_additive_candidate_A_physical_baseline,M1b_R1,P1_M1B,classic_additive_candidate_A_physical_M1b_lambda_0_20260915_145523,2,True,True,False,
/multi_agv/experiment_state,1789455349.0335236,1789455349.0334558,classic_additive_candidate_A_physical_baseline,M1b_R1,P1_M1B,classic_additive_candidate_A_physical_M1b_lambda_0_20260915_145523,2,True,True,False,
/multi_agv/experiment_state,1789455349.13357,1789455349.1334667,classic_additive_candidate_A_physical_baseline,M1b_R1,P1_M1B,classic_additive_candidate_A_physical_M1b_lambda_0_20260915_145523,2,True,True,False,
/multi_agv/experiment_state,1789455349.2335126,1789455349.2334266,classic_additive_candidate_A_physical_baseline,M1b_R1,P1_M1B,classic_additive_candidate_A_physical_M1b_lambda_0_20260915_145523,2,True,True,False,
/multi_agv/experiment_state,1789455349.3335211,1789455349.3334587,classic_additive_candidate_A_physical_baseline,M1b_R1,P1_M1B,classic_additive_candidate_A_physical_M1b_lambda_0_20260915_145523,2,True,True,False,
/multi_agv/experiment_state,1789455349.4335442,1789455349.4334571,classic_additive_candidate_A_physical_baseline,M1b_R1,P1_M1B,classic_additive_candidate_A_physical_M1b_lambda_0_20260915_145523,2,True,True,False,
/multi_agv/experiment_state,1789455349.5335536,1789455349.5334558,classic_additive_candidate_A_physical_baseline,M1b_R1,P1_M1B,classic_additive_candidate_A_physical_M1b_lambda_0_20260915_145523,2,True,True,False,
/multi_agv/experiment_state,1789455349.633478,1789455349.6334274,classic_additive_candidate_A_physical_baseline,M1b_R1,P1_M1B,classic_additive_candidate_A_physical_M1b_lambda_0_20260915_145523,2,True,True,False,
/multi_agv/experiment_state,1789455349.7834501,1789455349.7834134,classic_additive_candidate_A_physical_baseline,M1b_R1,P1_M1B,classic_additive_candidate_A_physical_M1b_lambda_0_20260915_145523,2,True,True,False,
/multi_agv/experiment_state,1789455349.833547,1789455349.8334503,classic_additive_candidate_A_physical_baseline,M1b_R1,P1_M1B,classic_additive_candidate_A_physical_M1b_lambda_0_20260915_145523,2,True,True,False,
/multi_agv/experiment_state,1789455349.9334664,1789455349.9334228,classic_additive_candidate_A_physical_baseline,M1b_R1,P1_M1B,classic_additive_candidate_A_physical_M1b_lambda_0_20260915_145523,2,True,True,False,
/multi_agv/experiment_state,1789455350.03361,1789455350.0334547,classic_additive_candidate_A_physical_baseline,M1b_R1,P1_M1B,classic_additive_candidate_A_physical_M1b_lambda_0_20260915_145523,2,True,True,False,
/multi_agv/experiment_state,1789455350.1336699,1789455350.1334496,classic_additive_candidate_A_physical_baseline,M1b_R1,P1_M1B,classic_additive_candidate_A_physical_M1b_lambda_0_20260915_145523,2,True,True,False,
/multi_agv/experiment_state,1789455350.2335143,1789455350.2334507,classic_additive_candidate_A_physical_baseline,M1b_R1,P1_M1B,classic_additive_candidate_A_physical_M1b_lambda_0_20260915_145523,2,True,True,False,
/multi_agv/experiment_state,1789455350.3335476,1789455350.3334498,classic_additive_candidate_A_physical_baseline,M1b_R1,P1_M1B,classic_additive_candidate_A_physical_M1b_lambda_0_20260915_145523,2,True,True,False,
/multi_agv/experiment_state,1789455350.433531,1789455350.4334507,classic_additive_candidate_A_physical_baseline,M1b_R1,P1_M1B,classic_additive_candidate_A_physical_M1b_lambda_0_20260915_145523,2,True,True,False,
/multi_agv/experiment_state,1789455350.533556,1789455350.5334566,classic_additive_candidate_A_physical_baseline,M1b_R1,P1_M1B,classic_additive_candidate_A_physical_M1b_lambda_0_20260915_145523,2,True,True,False,
/multi_agv/experiment_state,1789455350.633484,1789455350.633426,classic_additive_candidate_A_physical_baseline,M1b_R1,P1_M1B,classic_additive_candidate_A_physical_M1b_lambda_0_20260915_145523,2,True,True,False,
/multi_agv/experiment_state,1789455350.733539,1789455350.7334251,classic_additive_candidate_A_physical_baseline,M1b_R1,P1_M1B,classic_additive_candidate_A_physical_M1b_lambda_0_20260915_145523,2,True,True,False,
/multi_agv/experiment_state,1789455350.8335795,1789455350.833455,classic_additive_candidate_A_physical_baseline,M1b_R1,P1_M1B,classic_additive_candidate_A_physical_M1b_lambda_0_20260915_145523,2,True,True,False,
/multi_agv/experiment_state,1789455350.9334867,1789455350.9334273,classic_additive_candidate_A_physical_baseline,M1b_R1,P1_M1B,classic_additive_candidate_A_physical_M1b_lambda_0_20260915_145523,2,True,True,False,
/multi_agv/experiment_state,1789455351.0335114,1789455351.0334225,classic_additive_candidate_A_physical_baseline,M1b_R1,P1_M1B,classic_additive_candidate_A_physical_M1b_lambda_0_20260915_145523,2,True,True,False,
/multi_agv/experiment_state,1789455351.1335018,1789455351.133424,classic_additive_candidate_A_physical_baseline,M1b_R1,P1_M1B,classic_additive_candidate_A_physical_M1b_lambda_0_20260915_145523,2,True,True,False,
/multi_agv/experiment_state,1789455351.2335062,1789455351.2334604,classic_additive_candidate_A_physical_baseline,M1b_R1,P1_M1B,classic_additive_candidate_A_physical_M1b_lambda_0_20260915_145523,2,True,True,False,
/multi_agv/experiment_state,1789455351.3335516,1789455351.333459,classic_additive_candidate_A_physical_baseline,M1b_R1,P1_M1B,classic_additive_candidate_A_physical_M1b_lambda_0_20260915_145523,2,True,True,False,
/multi_agv/experiment_state,1789455351.433455,1789455351.4334245,classic_additive_candidate_A_physical_baseline,M1b_R1,P1_M1B,classic_additive_candidate_A_physical_M1b_lambda_0_20260915_145523,2,True,True,False,
/multi_agv/experiment_state,1789455351.533564,1789455351.5334566,classic_additive_candidate_A_physical_baseline,M1b_R1,P1_M1B,classic_additive_candidate_A_physical_M1b_lambda_0_20260915_145523,2,True,True,False,
/multi_agv/experiment_state,1789455351.6834638,1789455351.683417,classic_additive_candidate_A_physical_baseline,M1b_R1,P1_M1B,classic_additive_candidate_A_physical_M1b_lambda_0_20260915_145523,2,True,True,False,
/multi_agv/experiment_state,1789455351.7334938,1789455351.7334256,classic_additive_candidate_A_physical_baseline,M1b_R1,P1_M1B,classic_additive_candidate_A_physical_M1b_lambda_0_20260915_145523,2,True,True,False,
/multi_agv/experiment_state,1789455351.8335772,1789455351.8334568,classic_additive_candidate_A_physical_baseline,M1b_R1,P1_M1B,classic_additive_candidate_A_physical_M1b_lambda_0_20260915_145523,2,True,True,False,
/multi_agv/experiment_state,1789455351.9335015,1789455351.9334238,classic_additive_candidate_A_physical_baseline,M1b_R1,P1_M1B,classic_additive_candidate_A_physical_M1b_lambda_0_20260915_145523,2,True,True,False,
/multi_agv/experiment_state,1789455352.0835729,1789455352.0834177,classic_additive_candidate_A_physical_baseline,M1b_R1,P1_M1B,classic_additive_candidate_A_physical_M1b_lambda_0_20260915_145523,2,True,True,False,
/multi_agv/experiment_state,1789455352.1334956,1789455352.133426,classic_additive_candidate_A_physical_baseline,M1b_R1,P1_M1B,classic_additive_candidate_A_physical_M1b_lambda_0_20260915_145523,2,True,True,False,
/multi_agv/experiment_state,1789455352.2336156,1789455352.2334278,classic_additive_candidate_A_physical_baseline,M1b_R1,P1_M1B,classic_additive_candidate_A_physical_M1b_lambda_0_20260915_145523,2,True,True,False,
/multi_agv/experiment_state,1789455352.333626,1789455352.3335474,classic_additive_candidate_A_physical_baseline,M1b_R1,P1_M1B,classic_additive_candidate_A_physical_M1b_lambda_0_20260915_145523,2,True,True,False,
/multi_agv/experiment_state,1789455352.433514,1789455352.433426,classic_additive_candidate_A_physical_baseline,M1b_R1,P1_M1B,classic_additive_candidate_A_physical_M1b_lambda_0_20260915_145523,2,True,True,False,
/multi_agv/experiment_state,1789455352.5335364,1789455352.533458,classic_additive_candidate_A_physical_baseline,M1b_R1,P1_M1B,classic_additive_candidate_A_physical_M1b_lambda_0_20260915_145523,2,True,True,False,
/multi_agv/experiment_state,1789455352.633611,1789455352.6334605,classic_additive_candidate_A_physical_baseline,M1b_R1,P1_M1B,classic_additive_candidate_A_physical_M1b_lambda_0_20260915_145523,2,True,True,False,
/multi_agv/experiment_state,1789455352.7335262,1789455352.7334604,classic_additive_candidate_A_physical_baseline,M1b_R1,P1_M1B,classic_additive_candidate_A_physical_M1b_lambda_0_20260915_145523,2,True,True,False,
/multi_agv/experiment_state,1789455352.8335755,1789455352.8334584,classic_additive_candidate_A_physical_baseline,M1b_R1,P1_M1B,classic_additive_candidate_A_physical_M1b_lambda_0_20260915_145523,2,True,True,False,
/multi_agv/experiment_state,1789455352.933651,1789455352.9335115,classic_additive_candidate_A_physical_baseline,M1b_R1,P1_M1B,classic_additive_candidate_A_physical_M1b_lambda_0_20260915_145523,2,True,True,False,
/multi_agv/experiment_state,1789455353.0336418,1789455353.0333874,classic_additive_candidate_A_physical_baseline,M1b_R1,P1_M1B,classic_additive_candidate_A_physical_M1b_lambda_0_20260915_145523,2,True,True,False,
/multi_agv/experiment_state,1789455353.133517,1789455353.1334198,classic_additive_candidate_A_physical_baseline,M1b_R1,P1_M1B,classic_additive_candidate_A_physical_M1b_lambda_0_20260915_145523,2,True,True,False,
/multi_agv/experiment_state,1789455353.2336147,1789455353.2334514,classic_additive_candidate_A_physical_baseline,M1b_R1,P1_M1B,classic_additive_candidate_A_physical_M1b_lambda_0_20260915_145523,2,True,True,False,
/multi_agv/experiment_state,1789455353.333587,1789455353.3334513,classic_additive_candidate_A_physical_baseline,M1b_R1,P1_M1B,classic_additive_candidate_A_physical_M1b_lambda_0_20260915_145523,2,True,True,False,
/multi_agv/experiment_state,1789455353.433658,1789455353.4334543,classic_additive_candidate_A_physical_baseline,M1b_R1,P1_M1B,classic_additive_candidate_A_physical_M1b_lambda_0_20260915_145523,2,True,True,False,
/multi_agv/experiment_state,1789455353.5835352,1789455353.5834432,classic_additive_candidate_A_physical_baseline,M1b_R1,P1_M1B,classic_additive_candidate_A_physical_M1b_lambda_0_20260915_145523,2,True,True,False,
/multi_agv/experiment_state,1789455353.6834464,1789455353.6834123,classic_additive_candidate_A_physical_baseline,M1b_R1,P1_M1B,classic_additive_candidate_A_physical_M1b_lambda_0_20260915_145523,2,True,True,False,
/multi_agv/experiment_state,1789455353.733603,1789455353.733453,classic_additive_candidate_A_physical_baseline,M1b_R1,P1_M1B,classic_additive_candidate_A_physical_M1b_lambda_0_20260915_145523,2,True,True,False,
/multi_agv/experiment_state,1789455353.8335571,1789455353.8334184,classic_additive_candidate_A_physical_baseline,M1b_R1,P1_M1B,classic_additive_candidate_A_physical_M1b_lambda_0_20260915_145523,2,True,True,False,
/multi_agv/experiment_state,1789455353.9334779,1789455353.9334214,classic_additive_candidate_A_physical_baseline,M1b_R1,P1_M1B,classic_additive_candidate_A_physical_M1b_lambda_0_20260915_145523,2,True,True,False,
/multi_agv/experiment_state,1789455354.033544,1789455354.0334384,classic_additive_candidate_A_physical_baseline,M1b_R1,P1_M1B,classic_additive_candidate_A_physical_M1b_lambda_0_20260915_145523,2,True,True,False,
/multi_agv/experiment_state,1789455354.133526,1789455354.1334198,classic_additive_candidate_A_physical_baseline,M1b_R1,P1_M1B,classic_additive_candidate_A_physical_M1b_lambda_0_20260915_145523,2,True,True,False,
/multi_agv/experiment_state,1789455354.2335677,1789455354.233461,classic_additive_candidate_A_physical_baseline,M1b_R1,P1_M1B,classic_additive_candidate_A_physical_M1b_lambda_0_20260915_145523,2,True,True,False,
/multi_agv/experiment_state,1789455354.333575,1789455354.333454,classic_additive_candidate_A_physical_baseline,M1b_R1,P1_M1B,classic_additive_candidate_A_physical_M1b_lambda_0_20260915_145523,2,True,True,False,
/multi_agv/experiment_state,1789455354.4335198,1789455354.4334524,classic_additive_candidate_A_physical_baseline,M1b_R1,P1_M1B,classic_additive_candidate_A_physical_M1b_lambda_0_20260915_145523,2,True,True,False,
/multi_agv/experiment_state,1789455354.5335505,1789455354.5334501,classic_additive_candidate_A_physical_baseline,M1b_R1,P1_M1B,classic_additive_candidate_A_physical_M1b_lambda_0_20260915_145523,2,True,True,False,
/multi_agv/experiment_state,1789455354.6334772,1789455354.633425,classic_additive_candidate_A_physical_baseline,M1b_R1,P1_M1B,classic_additive_candidate_A_physical_M1b_lambda_0_20260915_145523,2,True,True,False,
/multi_agv/experiment_state,1789455354.7335386,1789455354.7334232,classic_additive_candidate_A_physical_baseline,M1b_R1,P1_M1B,classic_additive_candidate_A_physical_M1b_lambda_0_20260915_145523,2,True,True,False,
/multi_agv/experiment_state,1789455354.833656,1789455354.833457,classic_additive_candidate_A_physical_baseline,M1b_R1,P1_M1B,classic_additive_candidate_A_physical_M1b_lambda_0_20260915_145523,2,True,True,False,
/multi_agv/experiment_state,1789455354.9335654,1789455354.93345,classic_additive_candidate_A_physical_baseline,M1b_R1,P1_M1B,classic_additive_candidate_A_physical_M1b_lambda_0_20260915_145523,2,True,True,False,
/multi_agv/experiment_state,1789455355.033583,1789455355.033453,classic_additive_candidate_A_physical_baseline,M1b_R1,P1_M1B,classic_additive_candidate_A_physical_M1b_lambda_0_20260915_145523,2,True,True,False,
/multi_agv/experiment_state,1789455355.1336641,1789455355.1334517,classic_additive_candidate_A_physical_baseline,M1b_R1,P1_M1B,classic_additive_candidate_A_physical_M1b_lambda_0_20260915_145523,2,True,True,False,
/multi_agv/experiment_state,1789455355.2335846,1789455355.233449,classic_additive_candidate_A_physical_baseline,M1b_R1,P1_M1B,classic_additive_candidate_A_physical_M1b_lambda_0_20260915_145523,2,True,True,False,
/multi_agv/experiment_state,1789455355.333519,1789455355.3334522,classic_additive_candidate_A_physical_baseline,M1b_R1,P1_M1B,classic_additive_candidate_A_physical_M1b_lambda_0_20260915_145523,2,True,True,False,
/multi_agv/experiment_state,1789455355.433591,1789455355.433454,classic_additive_candidate_A_physical_baseline,M1b_R1,P1_M1B,classic_additive_candidate_A_physical_M1b_lambda_0_20260915_145523,2,True,True,False,
/multi_agv/experiment_state,1789455355.5334592,1789455355.533419,classic_additive_candidate_A_physical_baseline,M1b_R1,P1_M1B,classic_additive_candidate_A_physical_M1b_lambda_0_20260915_145523,2,True,True,False,
/multi_agv/experiment_state,1789455355.6336083,1789455355.6334496,classic_additive_candidate_A_physical_baseline,M1b_R1,P1_M1B,classic_additive_candidate_A_physical_M1b_lambda_0_20260915_145523,2,True,True,False,
/multi_agv/experiment_state,1789455355.7335525,1789455355.7334564,classic_additive_candidate_A_physical_baseline,M1b_R1,P1_M1B,classic_additive_candidate_A_physical_M1b_lambda_0_20260915_145523,2,True,True,False,
/multi_agv/experiment_state,1789455355.8335989,1789455355.8334537,classic_additive_candidate_A_physical_baseline,M1b_R1,P1_M1B,classic_additive_candidate_A_physical_M1b_lambda_0_20260915_145523,2,True,True,False,
/multi_agv/experiment_state,1789455355.9334986,1789455355.933455,classic_additive_candidate_A_physical_baseline,M1b_R1,P1_M1B,classic_additive_candidate_A_physical_M1b_lambda_0_20260915_145523,2,True,True,False,
/multi_agv/experiment_state,1789455356.0335326,1789455356.0334206,classic_additive_candidate_A_physical_baseline,M1b_R1,P1_M1B,classic_additive_candidate_A_physical_M1b_lambda_0_20260915_145523,2,True,True,False,
/multi_agv/experiment_state,1789455356.1335285,1789455356.1334195,classic_additive_candidate_A_physical_baseline,M1b_R1,P1_M1B,classic_additive_candidate_A_physical_M1b_lambda_0_20260915_145523,2,True,True,False,
/multi_agv/experiment_state,1789455356.2336211,1789455356.233451,classic_additive_candidate_A_physical_baseline,M1b_R1,P1_M1B,classic_additive_candidate_A_physical_M1b_lambda_0_20260915_145523,2,True,True,False,
/multi_agv/experiment_state,1789455356.3335629,1789455356.3334723,classic_additive_candidate_A_physical_baseline,M1b_R1,P1_M1B,classic_additive_candidate_A_physical_M1b_lambda_0_20260915_145523,2,True,True,False,
/multi_agv/experiment_state,1789455356.4335496,1789455356.433448,classic_additive_candidate_A_physical_baseline,M1b_R1,P1_M1B,classic_additive_candidate_A_physical_M1b_lambda_0_20260915_145523,2,True,True,False,
/multi_agv/experiment_state,1789455356.5335896,1789455356.53345,classic_additive_candidate_A_physical_baseline,M1b_R1,P1_M1B,classic_additive_candidate_A_physical_M1b_lambda_0_20260915_145523,2,True,True,False,
/multi_agv/experiment_state,1789455356.633517,1789455356.633451,classic_additive_candidate_A_physical_baseline,M1b_R1,P1_M1B,classic_additive_candidate_A_physical_M1b_lambda_0_20260915_145523,2,True,True,False,
/multi_agv/experiment_state,1789455356.7335482,1789455356.7334504,classic_additive_candidate_A_physical_baseline,M1b_R1,P1_M1B,classic_additive_candidate_A_physical_M1b_lambda_0_20260915_145523,2,True,True,False,
/multi_agv/experiment_state,1789455356.8335397,1789455356.833454,classic_additive_candidate_A_physical_baseline,M1b_R1,P1_M1B,classic_additive_candidate_A_physical_M1b_lambda_0_20260915_145523,2,True,True,False,
/multi_agv/experiment_state,1789455356.9335506,1789455356.9334486,classic_additive_candidate_A_physical_baseline,M1b_R1,P1_M1B,classic_additive_candidate_A_physical_M1b_lambda_0_20260915_145523,2,True,True,False,
/multi_agv/experiment_state,1789455357.0335224,1789455357.0334513,classic_additive_candidate_A_physical_baseline,M1b_R1,P1_M1B,classic_additive_candidate_A_physical_M1b_lambda_0_20260915_145523,2,True,True,False,
/multi_agv/experiment_state,1789455357.133481,1789455357.1334243,classic_additive_candidate_A_physical_baseline,M1b_R1,P1_M1B,classic_additive_candidate_A_physical_M1b_lambda_0_20260915_145523,2,True,True,False,
/multi_agv/experiment_state,1789455357.2335227,1789455357.2334254,classic_additive_candidate_A_physical_baseline,M1b_R1,P1_M1B,classic_additive_candidate_A_physical_M1b_lambda_0_20260915_145523,2,True,True,False,
/multi_agv/experiment_state,1789455357.3335168,1789455357.3334196,classic_additive_candidate_A_physical_baseline,M1b_R1,P1_M1B,classic_additive_candidate_A_physical_M1b_lambda_0_20260915_145523,2,True,True,False,
/multi_agv/experiment_state,1789455357.4335134,1789455357.433419,classic_additive_candidate_A_physical_baseline,M1b_R1,P1_M1B,classic_additive_candidate_A_physical_M1b_lambda_0_20260915_145523,2,True,True,False,
/multi_agv/experiment_state,1789455357.5335865,1789455357.5334196,classic_additive_candidate_A_physical_baseline,M1b_R1,P1_M1B,classic_additive_candidate_A_physical_M1b_lambda_0_20260915_145523,2,True,True,False,
/multi_agv/experiment_state,1789455357.6336195,1789455357.6334538,classic_additive_candidate_A_physical_baseline,M1b_R1,P1_M1B,classic_additive_candidate_A_physical_M1b_lambda_0_20260915_145523,2,True,True,False,
/multi_agv/experiment_state,1789455357.7334464,1789455357.7334185,classic_additive_candidate_A_physical_baseline,M1b_R1,P1_M1B,classic_additive_candidate_A_physical_M1b_lambda_0_20260915_145523,2,True,True,False,
/multi_agv/experiment_state,1789455357.8335168,1789455357.833454,classic_additive_candidate_A_physical_baseline,M1b_R1,P1_M1B,classic_additive_candidate_A_physical_M1b_lambda_0_20260915_145523,2,True,True,False,
/multi_agv/experiment_state,1789455357.9335783,1789455357.9334507,classic_additive_candidate_A_physical_baseline,M1b_R1,P1_M1B,classic_additive_candidate_A_physical_M1b_lambda_0_20260915_145523,2,True,True,False,
/multi_agv/experiment_state,1789455358.0335424,1789455358.0334592,classic_additive_candidate_A_physical_baseline,M1b_R1,P1_M1B,classic_additive_candidate_A_physical_M1b_lambda_0_20260915_145523,2,True,True,False,
/multi_agv/experiment_state,1789455358.1335194,1789455358.133421,classic_additive_candidate_A_physical_baseline,M1b_R1,P1_M1B,classic_additive_candidate_A_physical_M1b_lambda_0_20260915_145523,2,True,True,False,
/multi_agv/experiment_state,1789455358.2335305,1789455358.2334218,classic_additive_candidate_A_physical_baseline,M1b_R1,P1_M1B,classic_additive_candidate_A_physical_M1b_lambda_0_20260915_145523,2,True,True,False,
/multi_agv/experiment_state,1789455358.3335352,1789455358.3334203,classic_additive_candidate_A_physical_baseline,M1b_R1,P1_M1B,classic_additive_candidate_A_physical_M1b_lambda_0_20260915_145523,2,True,True,False,
/multi_agv/experiment_state,1789455358.4834921,1789455358.4834287,classic_additive_candidate_A_physical_baseline,M1b_R1,P1_M1B,classic_additive_candidate_A_physical_M1b_lambda_0_20260915_145523,2,True,True,False,
/multi_agv/experiment_state,1789455358.5334957,1789455358.53345,classic_additive_candidate_A_physical_baseline,M1b_R1,P1_M1B,classic_additive_candidate_A_physical_M1b_lambda_0_20260915_145523,2,True,True,False,
/multi_agv/experiment_state,1789455358.6335742,1789455358.6334543,classic_additive_candidate_A_physical_baseline,M1b_R1,P1_M1B,classic_additive_candidate_A_physical_M1b_lambda_0_20260915_145523,2,True,True,False,
/multi_agv/experiment_state,1789455358.7335284,1789455358.7334523,classic_additive_candidate_A_physical_baseline,M1b_R1,P1_M1B,classic_additive_candidate_A_physical_M1b_lambda_0_20260915_145523,2,True,True,False,
/multi_agv/experiment_state,1789455358.833507,1789455358.8334506,classic_additive_candidate_A_physical_baseline,M1b_R1,P1_M1B,classic_additive_candidate_A_physical_M1b_lambda_0_20260915_145523,2,True,True,False,
/multi_agv/experiment_state,1789455358.933587,1789455358.933454,classic_additive_candidate_A_physical_baseline,M1b_R1,P1_M1B,classic_additive_candidate_A_physical_M1b_lambda_0_20260915_145523,2,True,True,False,
/multi_agv/experiment_state,1789455359.0335243,1789455359.0334501,classic_additive_candidate_A_physical_baseline,M1b_R1,P1_M1B,classic_additive_candidate_A_physical_M1b_lambda_0_20260915_145523,2,True,True,False,
/multi_agv/experiment_state,1789455359.1335351,1789455359.133423,classic_additive_candidate_A_physical_baseline,M1b_R1,P1_M1B,classic_additive_candidate_A_physical_M1b_lambda_0_20260915_145523,2,True,True,False,
/multi_agv/experiment_state,1789455359.2335885,1789455359.23345,classic_additive_candidate_A_physical_baseline,M1b_R1,P1_M1B,classic_additive_candidate_A_physical_M1b_lambda_0_20260915_145523,2,True,True,False,
/multi_agv/experiment_state,1789455359.3335629,1789455359.333433,classic_additive_candidate_A_physical_baseline,M1b_R1,P1_M1B,classic_additive_candidate_A_physical_M1b_lambda_0_20260915_145523,2,True,True,False,
/multi_agv/experiment_state,1789455359.4335463,1789455359.4334552,classic_additive_candidate_A_physical_baseline,M1b_R1,P1_M1B,classic_additive_candidate_A_physical_M1b_lambda_0_20260915_145523,2,True,True,False,
/multi_agv/experiment_state,1789455359.5335321,1789455359.5334494,classic_additive_candidate_A_physical_baseline,M1b_R1,P1_M1B,classic_additive_candidate_A_physical_M1b_lambda_0_20260915_145523,2,True,True,False,
/multi_agv/experiment_state,1789455359.6334763,1789455359.6334229,classic_additive_candidate_A_physical_baseline,M1b_R1,P1_M1B,classic_additive_candidate_A_physical_M1b_lambda_0_20260915_145523,2,True,True,False,
/multi_agv/experiment_state,1789455359.733571,1789455359.7334237,classic_additive_candidate_A_physical_baseline,M1b_R1,P1_M1B,classic_additive_candidate_A_physical_M1b_lambda_0_20260915_145523,2,True,True,False,
/multi_agv/experiment_state,1789455359.833531,1789455359.8334548,classic_additive_candidate_A_physical_baseline,M1b_R1,P1_M1B,classic_additive_candidate_A_physical_M1b_lambda_0_20260915_145523,2,True,True,False,
/multi_agv/experiment_state,1789455359.9335315,1789455359.9334552,classic_additive_candidate_A_physical_baseline,M1b_R1,P1_M1B,classic_additive_candidate_A_physical_M1b_lambda_0_20260915_145523,2,True,True,False,
/multi_agv/experiment_state,1789455360.0336325,1789455360.0334554,classic_additive_candidate_A_physical_baseline,M1b_R1,P1_M1B,classic_additive_candidate_A_physical_M1b_lambda_0_20260915_145523,2,True,True,False,
/multi_agv/experiment_state,1789455360.1336157,1789455360.1334546,classic_additive_candidate_A_physical_baseline,M1b_R1,P1_M1B,classic_additive_candidate_A_physical_M1b_lambda_0_20260915_145523,2,True,True,False,
/multi_agv/experiment_state,1789455360.2335138,1789455360.233419,classic_additive_candidate_A_physical_baseline,M1b_R1,P1_M1B,classic_additive_candidate_A_physical_M1b_lambda_0_20260915_145523,2,True,True,False,
/multi_agv/experiment_state,1789455360.333568,1789455360.3334558,classic_additive_candidate_A_physical_baseline,M1b_R1,P1_M1B,classic_additive_candidate_A_physical_M1b_lambda_0_20260915_145523,2,True,True,False,
/multi_agv/experiment_state,1789455360.4335613,1789455360.4334228,classic_additive_candidate_A_physical_baseline,M1b_R1,P1_M1B,classic_additive_candidate_A_physical_M1b_lambda_0_20260915_145523,2,True,True,False,
/multi_agv/experiment_state,1789455360.5334942,1789455360.533419,classic_additive_candidate_A_physical_baseline,M1b_R1,P1_M1B,classic_additive_candidate_A_physical_M1b_lambda_0_20260915_145523,2,True,True,False,
/multi_agv/experiment_state,1789455360.6334949,1789455360.6334555,classic_additive_candidate_A_physical_baseline,M1b_R1,P1_M1B,classic_additive_candidate_A_physical_M1b_lambda_0_20260915_145523,2,True,True,False,
/multi_agv/experiment_state,1789455360.733486,1789455360.7334547,classic_additive_candidate_A_physical_baseline,M1b_R1,P1_M1B,classic_additive_candidate_A_physical_M1b_lambda_0_20260915_145523,2,True,True,False,
/multi_agv/experiment_state,1789455360.8335767,1789455360.8334563,classic_additive_candidate_A_physical_baseline,M1b_R1,P1_M1B,classic_additive_candidate_A_physical_M1b_lambda_0_20260915_145523,2,True,True,False,
/multi_agv/experiment_state,1789455360.9334598,1789455360.9334214,classic_additive_candidate_A_physical_baseline,M1b_R1,P1_M1B,classic_additive_candidate_A_physical_M1b_lambda_0_20260915_145523,2,True,True,False,
/multi_agv/experiment_state,1789455361.0335567,1789455361.0334573,classic_additive_candidate_A_physical_baseline,M1b_R1,P1_M1B,classic_additive_candidate_A_physical_M1b_lambda_0_20260915_145523,2,True,True,False,
/multi_agv/experiment_state,1789455361.1336021,1789455361.1334558,classic_additive_candidate_A_physical_baseline,M1b_R1,P1_M1B,classic_additive_candidate_A_physical_M1b_lambda_0_20260915_145523,2,True,True,False,
/multi_agv/experiment_state,1789455361.233584,1789455361.2334495,classic_additive_candidate_A_physical_baseline,M1b_R1,P1_M1B,classic_additive_candidate_A_physical_M1b_lambda_0_20260915_145523,2,True,True,False,
/multi_agv/experiment_state,1789455361.3335805,1789455361.3334217,classic_additive_candidate_A_physical_baseline,M1b_R1,P1_M1B,classic_additive_candidate_A_physical_M1b_lambda_0_20260915_145523,2,True,True,False,
/multi_agv/experiment_state,1789455361.433599,1789455361.4334567,classic_additive_candidate_A_physical_baseline,M1b_R1,P1_M1B,classic_additive_candidate_A_physical_M1b_lambda_0_20260915_145523,2,True,True,False,
/multi_agv/experiment_state,1789455361.5336385,1789455361.5334547,classic_additive_candidate_A_physical_baseline,M1b_R1,P1_M1B,classic_additive_candidate_A_physical_M1b_lambda_0_20260915_145523,2,True,True,False,
/multi_agv/experiment_state,1789455361.633536,1789455361.6334243,classic_additive_candidate_A_physical_baseline,M1b_R1,P1_M1B,classic_additive_candidate_A_physical_M1b_lambda_0_20260915_145523,2,True,True,False,
/multi_agv/experiment_state,1789455361.7335489,1789455361.7334588,classic_additive_candidate_A_physical_baseline,M1b_R1,P1_M1B,classic_additive_candidate_A_physical_M1b_lambda_0_20260915_145523,2,True,True,False,
/multi_agv/experiment_state,1789455361.8334923,1789455361.8334289,classic_additive_candidate_A_physical_baseline,M1b_R1,P1_M1B,classic_additive_candidate_A_physical_M1b_lambda_0_20260915_145523,2,True,True,False,
/multi_agv/experiment_state,1789455361.9335387,1789455361.9334266,classic_additive_candidate_A_physical_baseline,M1b_R1,P1_M1B,classic_additive_candidate_A_physical_M1b_lambda_0_20260915_145523,2,True,True,False,
/multi_agv/experiment_state,1789455362.0334623,1789455362.0334256,classic_additive_candidate_A_physical_baseline,M1b_R1,P1_M1B,classic_additive_candidate_A_physical_M1b_lambda_0_20260915_145523,2,True,True,False,
/multi_agv/experiment_state,1789455362.133537,1789455362.133429,classic_additive_candidate_A_physical_baseline,M1b_R1,P1_M1B,classic_additive_candidate_A_physical_M1b_lambda_0_20260915_145523,2,True,True,False,
/multi_agv/experiment_state,1789455362.233596,1789455362.2334514,classic_additive_candidate_A_physical_baseline,M1b_R1,P1_M1B,classic_additive_candidate_A_physical_M1b_lambda_0_20260915_145523,2,True,True,False,
/multi_agv/experiment_state,1789455362.3335097,1789455362.3334553,classic_additive_candidate_A_physical_baseline,M1b_R1,P1_M1B,classic_additive_candidate_A_physical_M1b_lambda_0_20260915_145523,2,True,True,False,
/multi_agv/experiment_state,1789455362.433519,1789455362.4334502,classic_additive_candidate_A_physical_baseline,M1b_R1,P1_M1B,classic_additive_candidate_A_physical_M1b_lambda_0_20260915_145523,2,True,True,False,
/multi_agv/experiment_state,1789455362.5335872,1789455362.5334558,classic_additive_candidate_A_physical_baseline,M1b_R1,P1_M1B,classic_additive_candidate_A_physical_M1b_lambda_0_20260915_145523,2,True,True,False,
/multi_agv/experiment_state,1789455362.6335518,1789455362.6334531,classic_additive_candidate_A_physical_baseline,M1b_R1,P1_M1B,classic_additive_candidate_A_physical_M1b_lambda_0_20260915_145523,2,True,True,False,
/multi_agv/experiment_state,1789455362.7336466,1789455362.733452,classic_additive_candidate_A_physical_baseline,M1b_R1,P1_M1B,classic_additive_candidate_A_physical_M1b_lambda_0_20260915_145523,2,True,True,False,
/multi_agv/experiment_state,1789455362.8335497,1789455362.83345,classic_additive_candidate_A_physical_baseline,M1b_R1,P1_M1B,classic_additive_candidate_A_physical_M1b_lambda_0_20260915_145523,2,True,True,False,
/multi_agv/experiment_state,1789455362.9335258,1789455362.9334495,classic_additive_candidate_A_physical_baseline,M1b_R1,P1_M1B,classic_additive_candidate_A_physical_M1b_lambda_0_20260915_145523,2,True,True,False,
/multi_agv/experiment_state,1789455363.0335143,1789455363.0334485,classic_additive_candidate_A_physical_baseline,M1b_R1,P1_M1B,classic_additive_candidate_A_physical_M1b_lambda_0_20260915_145523,2,True,True,False,
/multi_agv/experiment_state,1789455363.1335618,1789455363.1334574,classic_additive_candidate_A_physical_baseline,M1b_R1,P1_M1B,classic_additive_candidate_A_physical_M1b_lambda_0_20260915_145523,2,True,True,False,
/multi_agv/experiment_state,1789455363.2335422,1789455363.2334635,classic_additive_candidate_A_physical_baseline,M1b_R1,P1_M1B,classic_additive_candidate_A_physical_M1b_lambda_0_20260915_145523,2,True,True,False,
/multi_agv/experiment_state,1789455363.3334725,1789455363.3334262,classic_additive_candidate_A_physical_baseline,M1b_R1,P1_M1B,classic_additive_candidate_A_physical_M1b_lambda_0_20260915_145523,2,True,True,False,
/multi_agv/experiment_state,1789455363.4335139,1789455363.4334214,classic_additive_candidate_A_physical_baseline,M1b_R1,P1_M1B,classic_additive_candidate_A_physical_M1b_lambda_0_20260915_145523,2,True,True,False,
/multi_agv/experiment_state,1789455363.533545,1789455363.5334532,classic_additive_candidate_A_physical_baseline,M1b_R1,P1_M1B,classic_additive_candidate_A_physical_M1b_lambda_0_20260915_145523,2,True,True,False,
/multi_agv/experiment_state,1789455363.6335387,1789455363.6334567,classic_additive_candidate_A_physical_baseline,M1b_R1,P1_M1B,classic_additive_candidate_A_physical_M1b_lambda_0_20260915_145523,2,True,True,False,
/multi_agv/experiment_state,1789455363.7334893,1789455363.7334208,classic_additive_candidate_A_physical_baseline,M1b_R1,P1_M1B,classic_additive_candidate_A_physical_M1b_lambda_0_20260915_145523,2,True,True,False,
/multi_agv/experiment_state,1789455363.8335717,1789455363.8334613,classic_additive_candidate_A_physical_baseline,M1b_R1,P1_M1B,classic_additive_candidate_A_physical_M1b_lambda_0_20260915_145523,2,True,True,False,
/multi_agv/experiment_state,1789455363.9335291,1789455363.9334538,classic_additive_candidate_A_physical_baseline,M1b_R1,P1_M1B,classic_additive_candidate_A_physical_M1b_lambda_0_20260915_145523,2,True,True,False,
/multi_agv/experiment_state,1789455364.0834599,1789455364.083411,classic_additive_candidate_A_physical_baseline,M1b_R1,P1_M1B,classic_additive_candidate_A_physical_M1b_lambda_0_20260915_145523,2,True,True,False,
/multi_agv/experiment_state,1789455364.133534,1789455364.1334631,classic_additive_candidate_A_physical_baseline,M1b_R1,P1_M1B,classic_additive_candidate_A_physical_M1b_lambda_0_20260915_145523,2,True,True,False,
/multi_agv/experiment_state,1789455364.2335546,1789455364.2334487,classic_additive_candidate_A_physical_baseline,M1b_R1,P1_M1B,classic_additive_candidate_A_physical_M1b_lambda_0_20260915_145523,2,True,True,False,
/multi_agv/experiment_state,1789455364.3335576,1789455364.3334606,classic_additive_candidate_A_physical_baseline,M1b_R1,P1_M1B,classic_additive_candidate_A_physical_M1b_lambda_0_20260915_145523,2,True,True,False,
/multi_agv/experiment_state,1789455364.433607,1789455364.4334674,classic_additive_candidate_A_physical_baseline,M1b_R1,P1_M1B,classic_additive_candidate_A_physical_M1b_lambda_0_20260915_145523,2,True,True,False,
/multi_agv/experiment_state,1789455364.533527,1789455364.5334573,classic_additive_candidate_A_physical_baseline,M1b_R1,P1_M1B,classic_additive_candidate_A_physical_M1b_lambda_0_20260915_145523,2,True,True,False,
/multi_agv/experiment_state,1789455364.6334565,1789455364.6334217,classic_additive_candidate_A_physical_baseline,M1b_R1,P1_M1B,classic_additive_candidate_A_physical_M1b_lambda_0_20260915_145523,2,True,True,False,
/multi_agv/experiment_state,1789455364.7334845,1789455364.733453,classic_additive_candidate_A_physical_baseline,M1b_R1,P1_M1B,classic_additive_candidate_A_physical_M1b_lambda_0_20260915_145523,2,True,True,False,
/multi_agv/experiment_state,1789455364.833596,1789455364.8334632,classic_additive_candidate_A_physical_baseline,M1b_R1,P1_M1B,classic_additive_candidate_A_physical_M1b_lambda_0_20260915_145523,2,True,True,False,
/multi_agv/experiment_state,1789455364.9335883,1789455364.9334574,classic_additive_candidate_A_physical_baseline,M1b_R1,P1_M1B,classic_additive_candidate_A_physical_M1b_lambda_0_20260915_145523,2,True,True,False,
/multi_agv/experiment_state,1789455365.0834498,1789455365.0834134,classic_additive_candidate_A_physical_baseline,M1b_R1,P1_M1B,classic_additive_candidate_A_physical_M1b_lambda_0_20260915_145523,2,True,True,False,
/multi_agv/experiment_state,1789455365.1834493,1789455365.1834137,classic_additive_candidate_A_physical_baseline,M1b_R1,P1_M1B,classic_additive_candidate_A_physical_M1b_lambda_0_20260915_145523,2,True,True,False,
/multi_agv/experiment_state,1789455365.233491,1789455365.23342,classic_additive_candidate_A_physical_baseline,M1b_R1,P1_M1B,classic_additive_candidate_A_physical_M1b_lambda_0_20260915_145523,2,True,True,False,
/multi_agv/experiment_state,1789455365.383442,1789455365.3834116,classic_additive_candidate_A_physical_baseline,M1b_R1,P1_M1B,classic_additive_candidate_A_physical_M1b_lambda_0_20260915_145523,2,True,True,False,
/multi_agv/experiment_state,1789455365.4335983,1789455365.4334521,classic_additive_candidate_A_physical_baseline,M1b_R1,P1_M1B,classic_additive_candidate_A_physical_M1b_lambda_0_20260915_145523,2,True,True,False,
/multi_agv/experiment_state,1789455365.5335333,1789455365.5334303,classic_additive_candidate_A_physical_baseline,M1b_R1,P1_M1B,classic_additive_candidate_A_physical_M1b_lambda_0_20260915_145523,2,True,True,False,
/multi_agv/experiment_state,1789455365.6335673,1789455365.6334684,classic_additive_candidate_A_physical_baseline,M1b_R1,P1_M1B,classic_additive_candidate_A_physical_M1b_lambda_0_20260915_145523,2,True,True,False,
/multi_agv/experiment_state,1789455365.7335815,1789455365.7334588,classic_additive_candidate_A_physical_baseline,M1b_R1,P1_M1B,classic_additive_candidate_A_physical_M1b_lambda_0_20260915_145523,2,True,True,False,
/multi_agv/experiment_state,1789455365.833535,1789455365.833486,classic_additive_candidate_A_physical_baseline,M1b_R1,P1_M1B,classic_additive_candidate_A_physical_M1b_lambda_0_20260915_145523,2,True,True,False,
/multi_agv/experiment_state,1789455365.9335587,1789455365.9334247,classic_additive_candidate_A_physical_baseline,M1b_R1,P1_M1B,classic_additive_candidate_A_physical_M1b_lambda_0_20260915_145523,2,True,True,False,
/multi_agv/experiment_state,1789455366.0335882,1789455366.0334587,classic_additive_candidate_A_physical_baseline,M1b_R1,P1_M1B,classic_additive_candidate_A_physical_M1b_lambda_0_20260915_145523,2,True,True,False,
/multi_agv/experiment_state,1789455366.1335194,1789455366.1334581,classic_additive_candidate_A_physical_baseline,M1b_R1,P1_M1B,classic_additive_candidate_A_physical_M1b_lambda_0_20260915_145523,2,True,True,False,
/multi_agv/experiment_state,1789455366.233548,1789455366.2334552,classic_additive_candidate_A_physical_baseline,M1b_R1,P1_M1B,classic_additive_candidate_A_physical_M1b_lambda_0_20260915_145523,2,True,True,False,
/multi_agv/experiment_state,1789455366.383448,1789455366.383412,classic_additive_candidate_A_physical_baseline,M1b_R1,P1_M1B,classic_additive_candidate_A_physical_M1b_lambda_0_20260915_145523,2,True,True,False,
/multi_agv/experiment_state,1789455366.4336183,1789455366.4334636,classic_additive_candidate_A_physical_baseline,M1b_R1,P1_M1B,classic_additive_candidate_A_physical_M1b_lambda_0_20260915_145523,2,True,True,False,
/multi_agv/experiment_state,1789455366.5334542,1789455366.5334222,classic_additive_candidate_A_physical_baseline,M1b_R1,P1_M1B,classic_additive_candidate_A_physical_M1b_lambda_0_20260915_145523,2,True,True,False,
/multi_agv/experiment_state,1789455366.6335804,1789455366.6334565,classic_additive_candidate_A_physical_baseline,M1b_R1,P1_M1B,classic_additive_candidate_A_physical_M1b_lambda_0_20260915_145523,2,True,True,False,
/multi_agv/experiment_state,1789455366.7335541,1789455366.7334514,classic_additive_candidate_A_physical_baseline,M1b_R1,P1_M1B,classic_additive_candidate_A_physical_M1b_lambda_0_20260915_145523,2,True,True,False,
/multi_agv/experiment_state,1789455366.8336504,1789455366.8334525,classic_additive_candidate_A_physical_baseline,M1b_R1,P1_M1B,classic_additive_candidate_A_physical_M1b_lambda_0_20260915_145523,2,True,True,False,
/multi_agv/experiment_state,1789455366.9334953,1789455366.9334252,classic_additive_candidate_A_physical_baseline,M1b_R1,P1_M1B,classic_additive_candidate_A_physical_M1b_lambda_0_20260915_145523,2,True,True,False,
/multi_agv/experiment_state,1789455367.0334928,1789455367.0334258,classic_additive_candidate_A_physical_baseline,M1b_R1,P1_M1B,classic_additive_candidate_A_physical_M1b_lambda_0_20260915_145523,2,True,True,False,
/multi_agv/experiment_state,1789455367.1335123,1789455367.13342,classic_additive_candidate_A_physical_baseline,M1b_R1,P1_M1B,classic_additive_candidate_A_physical_M1b_lambda_0_20260915_145523,2,True,True,False,
/multi_agv/experiment_state,1789455367.2335577,1789455367.233456,classic_additive_candidate_A_physical_baseline,M1b_R1,P1_M1B,classic_additive_candidate_A_physical_M1b_lambda_0_20260915_145523,2,True,True,False,
/multi_agv/experiment_state,1789455367.3335268,1789455367.3334534,classic_additive_candidate_A_physical_baseline,M1b_R1,P1_M1B,classic_additive_candidate_A_physical_M1b_lambda_0_20260915_145523,2,True,True,False,
/multi_agv/experiment_state,1789455367.4336379,1789455367.4334662,classic_additive_candidate_A_physical_baseline,M1b_R1,P1_M1B,classic_additive_candidate_A_physical_M1b_lambda_0_20260915_145523,2,True,True,False,
/multi_agv/experiment_state,1789455367.533591,1789455367.5334644,classic_additive_candidate_A_physical_baseline,M1b_R1,P1_M1B,classic_additive_candidate_A_physical_M1b_lambda_0_20260915_145523,2,True,True,False,
/multi_agv/experiment_state,1789455367.633491,1789455367.6334188,classic_additive_candidate_A_physical_baseline,M1b_R1,P1_M1B,classic_additive_candidate_A_physical_M1b_lambda_0_20260915_145523,2,True,True,False,
/multi_agv/experiment_state,1789455367.7335272,1789455367.7334523,classic_additive_candidate_A_physical_baseline,M1b_R1,P1_M1B,classic_additive_candidate_A_physical_M1b_lambda_0_20260915_145523,2,True,True,False,
/multi_agv/experiment_state,1789455367.8334897,1789455367.8334196,classic_additive_candidate_A_physical_baseline,M1b_R1,P1_M1B,classic_additive_candidate_A_physical_M1b_lambda_0_20260915_145523,2,True,True,False,
/multi_agv/experiment_state,1789455367.9334857,1789455367.9334197,classic_additive_candidate_A_physical_baseline,M1b_R1,P1_M1B,classic_additive_candidate_A_physical_M1b_lambda_0_20260915_145523,2,True,True,False,
/multi_agv/experiment_state,1789455368.0335107,1789455368.0334222,classic_additive_candidate_A_physical_baseline,M1b_R1,P1_M1B,classic_additive_candidate_A_physical_M1b_lambda_0_20260915_145523,2,True,True,False,
/multi_agv/experiment_state,1789455368.1334858,1789455368.133421,classic_additive_candidate_A_physical_baseline,M1b_R1,P1_M1B,classic_additive_candidate_A_physical_M1b_lambda_0_20260915_145523,2,True,True,False,
/multi_agv/experiment_state,1789455368.2335348,1789455368.2334225,classic_additive_candidate_A_physical_baseline,M1b_R1,P1_M1B,classic_additive_candidate_A_physical_M1b_lambda_0_20260915_145523,2,True,True,False,
/multi_agv/experiment_state,1789455368.3334901,1789455368.3334222,classic_additive_candidate_A_physical_baseline,M1b_R1,P1_M1B,classic_additive_candidate_A_physical_M1b_lambda_0_20260915_145523,2,True,True,False,
/multi_agv/experiment_state,1789455368.4335244,1789455368.4334579,classic_additive_candidate_A_physical_baseline,M1b_R1,P1_M1B,classic_additive_candidate_A_physical_M1b_lambda_0_20260915_145523,2,True,True,False,
/multi_agv/experiment_state,1789455368.5334976,1789455368.533425,classic_additive_candidate_A_physical_baseline,M1b_R1,P1_M1B,classic_additive_candidate_A_physical_M1b_lambda_0_20260915_145523,2,True,True,False,
/multi_agv/experiment_state,1789455368.6335306,1789455368.633425,classic_additive_candidate_A_physical_baseline,M1b_R1,P1_M1B,classic_additive_candidate_A_physical_M1b_lambda_0_20260915_145523,2,True,True,False,
/multi_agv/experiment_state,1789455368.7334983,1789455368.7334256,classic_additive_candidate_A_physical_baseline,M1b_R1,P1_M1B,classic_additive_candidate_A_physical_M1b_lambda_0_20260915_145523,2,True,True,False,
/multi_agv/experiment_state,1789455368.8335602,1789455368.8334239,classic_additive_candidate_A_physical_baseline,M1b_R1,P1_M1B,classic_additive_candidate_A_physical_M1b_lambda_0_20260915_145523,2,True,True,False,
/multi_agv/experiment_state,1789455368.9335196,1789455368.933456,classic_additive_candidate_A_physical_baseline,M1b_R1,P1_M1B,classic_additive_candidate_A_physical_M1b_lambda_0_20260915_145523,2,True,True,False,
/multi_agv/experiment_state,1789455369.033488,1789455369.0334203,classic_additive_candidate_A_physical_baseline,M1b_R1,P1_M1B,classic_additive_candidate_A_physical_M1b_lambda_0_20260915_145523,2,True,True,False,
/multi_agv/experiment_state,1789455369.133502,1789455369.1334538,classic_additive_candidate_A_physical_baseline,M1b_R1,P1_M1B,classic_additive_candidate_A_physical_M1b_lambda_0_20260915_145523,2,True,True,False,
/multi_agv/experiment_state,1789455369.2335794,1789455369.2334511,classic_additive_candidate_A_physical_baseline,M1b_R1,P1_M1B,classic_additive_candidate_A_physical_M1b_lambda_0_20260915_145523,2,True,True,False,
/multi_agv/experiment_state,1789455369.3335552,1789455369.3334515,classic_additive_candidate_A_physical_baseline,M1b_R1,P1_M1B,classic_additive_candidate_A_physical_M1b_lambda_0_20260915_145523,2,True,True,False,
/multi_agv/experiment_state,1789455369.4336207,1789455369.4334533,classic_additive_candidate_A_physical_baseline,M1b_R1,P1_M1B,classic_additive_candidate_A_physical_M1b_lambda_0_20260915_145523,2,True,True,False,
/multi_agv/experiment_state,1789455369.5334914,1789455369.533424,classic_additive_candidate_A_physical_baseline,M1b_R1,P1_M1B,classic_additive_candidate_A_physical_M1b_lambda_0_20260915_145523,2,True,True,False,
/multi_agv/experiment_state,1789455369.63354,1789455369.6334534,classic_additive_candidate_A_physical_baseline,M1b_R1,P1_M1B,classic_additive_candidate_A_physical_M1b_lambda_0_20260915_145523,2,True,True,False,
/multi_agv/experiment_state,1789455369.7335749,1789455369.733465,classic_additive_candidate_A_physical_baseline,M1b_R1,P1_M1B,classic_additive_candidate_A_physical_M1b_lambda_0_20260915_145523,2,True,True,False,
/multi_agv/experiment_state,1789455369.8334882,1789455369.8334527,classic_additive_candidate_A_physical_baseline,M1b_R1,P1_M1B,classic_additive_candidate_A_physical_M1b_lambda_0_20260915_145523,2,True,True,False,
/multi_agv/experiment_state,1789455369.9334898,1789455369.9334571,classic_additive_candidate_A_physical_baseline,M1b_R1,P1_M1B,classic_additive_candidate_A_physical_M1b_lambda_0_20260915_145523,2,True,True,False,
/multi_agv/experiment_state,1789455370.0335312,1789455370.0334547,classic_additive_candidate_A_physical_baseline,M1b_R1,P1_M1B,classic_additive_candidate_A_physical_M1b_lambda_0_20260915_145523,2,True,True,False,
/multi_agv/experiment_state,1789455370.1335258,1789455370.1334639,classic_additive_candidate_A_physical_baseline,M1b_R1,P1_M1B,classic_additive_candidate_A_physical_M1b_lambda_0_20260915_145523,2,True,True,False,
/multi_agv/experiment_state,1789455370.2336352,1789455370.233454,classic_additive_candidate_A_physical_baseline,M1b_R1,P1_M1B,classic_additive_candidate_A_physical_M1b_lambda_0_20260915_145523,2,True,True,False,
/multi_agv/experiment_state,1789455370.333572,1789455370.3334663,classic_additive_candidate_A_physical_baseline,M1b_R1,P1_M1B,classic_additive_candidate_A_physical_M1b_lambda_0_20260915_145523,2,True,True,False,
/multi_agv/experiment_state,1789455370.433554,1789455370.4334517,classic_additive_candidate_A_physical_baseline,M1b_R1,P1_M1B,classic_additive_candidate_A_physical_M1b_lambda_0_20260915_145523,2,True,True,False,
/multi_agv/experiment_state,1789455370.533572,1789455370.5334518,classic_additive_candidate_A_physical_baseline,M1b_R1,P1_M1B,classic_additive_candidate_A_physical_M1b_lambda_0_20260915_145523,2,True,True,False,
/multi_agv/experiment_state,1789455370.6335163,1789455370.6334522,classic_additive_candidate_A_physical_baseline,M1b_R1,P1_M1B,classic_additive_candidate_A_physical_M1b_lambda_0_20260915_145523,2,True,True,False,
/multi_agv/experiment_state,1789455370.7335339,1789455370.7334545,classic_additive_candidate_A_physical_baseline,M1b_R1,P1_M1B,classic_additive_candidate_A_physical_M1b_lambda_0_20260915_145523,2,True,True,False,
/multi_agv/experiment_state,1789455370.833565,1789455370.8334208,classic_additive_candidate_A_physical_baseline,M1b_R1,P1_M1B,classic_additive_candidate_A_physical_M1b_lambda_0_20260915_145523,2,True,True,False,
/multi_agv/experiment_state,1789455370.9335334,1789455370.9334514,classic_additive_candidate_A_physical_baseline,M1b_R1,P1_M1B,classic_additive_candidate_A_physical_M1b_lambda_0_20260915_145523,2,True,True,False,
/multi_agv/experiment_state,1789455371.033575,1789455371.0334551,classic_additive_candidate_A_physical_baseline,M1b_R1,P1_M1B,classic_additive_candidate_A_physical_M1b_lambda_0_20260915_145523,2,True,True,False,
/multi_agv/experiment_state,1789455371.1335673,1789455371.1334553,classic_additive_candidate_A_physical_baseline,M1b_R1,P1_M1B,classic_additive_candidate_A_physical_M1b_lambda_0_20260915_145523,2,True,True,False,
/multi_agv/experiment_state,1789455371.2334497,1789455371.2334218,classic_additive_candidate_A_physical_baseline,M1b_R1,P1_M1B,classic_additive_candidate_A_physical_M1b_lambda_0_20260915_145523,2,True,True,False,
/multi_agv/experiment_state,1789455371.3335264,1789455371.3334506,classic_additive_candidate_A_physical_baseline,M1b_R1,P1_M1B,classic_additive_candidate_A_physical_M1b_lambda_0_20260915_145523,2,True,True,False,
/multi_agv/experiment_state,1789455371.4335592,1789455371.4334502,classic_additive_candidate_A_physical_baseline,M1b_R1,P1_M1B,classic_additive_candidate_A_physical_M1b_lambda_0_20260915_145523,2,True,True,False,
/multi_agv/experiment_state,1789455371.5334954,1789455371.5334501,classic_additive_candidate_A_physical_baseline,M1b_R1,P1_M1B,classic_additive_candidate_A_physical_M1b_lambda_0_20260915_145523,2,True,True,False,
/multi_agv/experiment_state,1789455371.6334908,1789455371.6334534,classic_additive_candidate_A_physical_baseline,M1b_R1,P1_M1B,classic_additive_candidate_A_physical_M1b_lambda_0_20260915_145523,2,True,True,False,
/multi_agv/experiment_state,1789455371.7336211,1789455371.7334573,classic_additive_candidate_A_physical_baseline,M1b_R1,P1_M1B,classic_additive_candidate_A_physical_M1b_lambda_0_20260915_145523,2,True,True,False,
/multi_agv/experiment_state,1789455371.8335268,1789455371.8334513,classic_additive_candidate_A_physical_baseline,M1b_R1,P1_M1B,classic_additive_candidate_A_physical_M1b_lambda_0_20260915_145523,2,True,True,False,
/multi_agv/experiment_state,1789455371.9335203,1789455371.9334457,classic_additive_candidate_A_physical_baseline,M1b_R1,P1_M1B,classic_additive_candidate_A_physical_M1b_lambda_0_20260915_145523,2,True,True,False,
/multi_agv/experiment_state,1789455372.0334728,1789455372.033422,classic_additive_candidate_A_physical_baseline,M1b_R1,P1_M1B,classic_additive_candidate_A_physical_M1b_lambda_0_20260915_145523,2,True,True,False,
/multi_agv/experiment_state,1789455372.1336098,1789455372.1335335,classic_additive_candidate_A_physical_baseline,M1b_R1,P1_M1B,classic_additive_candidate_A_physical_M1b_lambda_0_20260915_145523,2,True,True,False,
/multi_agv/experiment_state,1789455372.2337983,1789455372.23353,classic_additive_candidate_A_physical_baseline,M1b_R1,P1_M1B,classic_additive_candidate_A_physical_M1b_lambda_0_20260915_145523,2,True,True,False,
/multi_agv/experiment_state,1789455372.3335676,1789455372.333469,classic_additive_candidate_A_physical_baseline,M1b_R1,P1_M1B,classic_additive_candidate_A_physical_M1b_lambda_0_20260915_145523,2,True,True,False,
/multi_agv/experiment_state,1789455372.433544,1789455372.4334548,classic_additive_candidate_A_physical_baseline,M1b_R1,P1_M1B,classic_additive_candidate_A_physical_M1b_lambda_0_20260915_145523,2,True,True,False,
/multi_agv/experiment_state,1789455372.5335336,1789455372.5334582,classic_additive_candidate_A_physical_baseline,M1b_R1,P1_M1B,classic_additive_candidate_A_physical_M1b_lambda_0_20260915_145523,2,True,True,False,
/multi_agv/experiment_state,1789455372.6335685,1789455372.6334503,classic_additive_candidate_A_physical_baseline,M1b_R1,P1_M1B,classic_additive_candidate_A_physical_M1b_lambda_0_20260915_145523,2,True,True,False,
/multi_agv/experiment_state,1789455372.7335114,1789455372.7334545,classic_additive_candidate_A_physical_baseline,M1b_R1,P1_M1B,classic_additive_candidate_A_physical_M1b_lambda_0_20260915_145523,2,True,True,False,
/multi_agv/experiment_state,1789455372.8834906,1789455372.8834126,classic_additive_candidate_A_physical_baseline,M1b_R1,P1_M1B,classic_additive_candidate_A_physical_M1b_lambda_0_20260915_145523,2,True,True,False,
/multi_agv/experiment_state,1789455372.9334614,1789455372.933423,classic_additive_candidate_A_physical_baseline,M1b_R1,P1_M1B,classic_additive_candidate_A_physical_M1b_lambda_0_20260915_145523,2,True,True,False,
/multi_agv/experiment_state,1789455373.0335336,1789455373.0334618,classic_additive_candidate_A_physical_baseline,M1b_R1,P1_M1B,classic_additive_candidate_A_physical_M1b_lambda_0_20260915_145523,2,True,True,False,
/multi_agv/experiment_state,1789455373.1335642,1789455373.1334546,classic_additive_candidate_A_physical_baseline,M1b_R1,P1_M1B,classic_additive_candidate_A_physical_M1b_lambda_0_20260915_145523,2,True,True,False,
/multi_agv/experiment_state,1789455373.233529,1789455373.2334514,classic_additive_candidate_A_physical_baseline,M1b_R1,P1_M1B,classic_additive_candidate_A_physical_M1b_lambda_0_20260915_145523,2,True,True,False,
/multi_agv/experiment_state,1789455373.3335361,1789455373.3334522,classic_additive_candidate_A_physical_baseline,M1b_R1,P1_M1B,classic_additive_candidate_A_physical_M1b_lambda_0_20260915_145523,2,True,True,False,
/multi_agv/experiment_state,1789455373.4834497,1789455373.483414,classic_additive_candidate_A_physical_baseline,M1b_R1,P1_M1B,classic_additive_candidate_A_physical_M1b_lambda_0_20260915_145523,2,True,True,False,
/multi_agv/experiment_state,1789455373.5335193,1789455373.5334218,classic_additive_candidate_A_physical_baseline,M1b_R1,P1_M1B,classic_additive_candidate_A_physical_M1b_lambda_0_20260915_145523,2,True,True,False,
/multi_agv/experiment_state,1789455373.633529,1789455373.6334553,classic_additive_candidate_A_physical_baseline,M1b_R1,P1_M1B,classic_additive_candidate_A_physical_M1b_lambda_0_20260915_145523,2,True,True,False,
/multi_agv/experiment_state,1789455373.7335353,1789455373.733419,classic_additive_candidate_A_physical_baseline,M1b_R1,P1_M1B,classic_additive_candidate_A_physical_M1b_lambda_0_20260915_145523,2,True,True,False,
/multi_agv/experiment_state,1789455373.8834627,1789455373.8834138,classic_additive_candidate_A_physical_baseline,M1b_R1,P1_M1B,classic_additive_candidate_A_physical_M1b_lambda_0_20260915_145523,2,True,True,False,
/multi_agv/experiment_state,1789455373.9334621,1789455373.9334204,classic_additive_candidate_A_physical_baseline,M1b_R1,P1_M1B,classic_additive_candidate_A_physical_M1b_lambda_0_20260915_145523,2,True,True,False,
/multi_agv/experiment_state,1789455374.0334537,1789455374.0334213,classic_additive_candidate_A_physical_baseline,M1b_R1,P1_M1B,classic_additive_candidate_A_physical_M1b_lambda_0_20260915_145523,2,True,True,False,
/multi_agv/experiment_state,1789455374.133486,1789455374.1334193,classic_additive_candidate_A_physical_baseline,M1b_R1,P1_M1B,classic_additive_candidate_A_physical_M1b_lambda_0_20260915_145523,2,True,True,False,
/multi_agv/experiment_state,1789455374.2335296,1789455374.2334538,classic_additive_candidate_A_physical_baseline,M1b_R1,P1_M1B,classic_additive_candidate_A_physical_M1b_lambda_0_20260915_145523,2,True,True,False,
/multi_agv/experiment_state,1789455374.333484,1789455374.3334203,classic_additive_candidate_A_physical_baseline,M1b_R1,P1_M1B,classic_additive_candidate_A_physical_M1b_lambda_0_20260915_145523,2,True,True,False,
/multi_agv/experiment_state,1789455374.433556,1789455374.433453,classic_additive_candidate_A_physical_baseline,M1b_R1,P1_M1B,classic_additive_candidate_A_physical_M1b_lambda_0_20260915_145523,2,True,True,False,
/multi_agv/experiment_state,1789455374.533477,1789455374.5334241,classic_additive_candidate_A_physical_baseline,M1b_R1,P1_M1B,classic_additive_candidate_A_physical_M1b_lambda_0_20260915_145523,2,True,True,False,
/multi_agv/experiment_state,1789455374.6335125,1789455374.633429,classic_additive_candidate_A_physical_baseline,M1b_R1,P1_M1B,classic_additive_candidate_A_physical_M1b_lambda_0_20260915_145523,2,True,True,False,
/multi_agv/experiment_state,1789455374.733552,1789455374.7334561,classic_additive_candidate_A_physical_baseline,M1b_R1,P1_M1B,classic_additive_candidate_A_physical_M1b_lambda_0_20260915_145523,2,True,True,False,
/multi_agv/experiment_state,1789455374.8335054,1789455374.8334248,classic_additive_candidate_A_physical_baseline,M1b_R1,P1_M1B,classic_additive_candidate_A_physical_M1b_lambda_0_20260915_145523,2,True,True,False,
/multi_agv/experiment_state,1789455374.9334993,1789455374.933425,classic_additive_candidate_A_physical_baseline,M1b_R1,P1_M1B,classic_additive_candidate_A_physical_M1b_lambda_0_20260915_145523,2,True,True,False,
/multi_agv/experiment_state,1789455375.0334568,1789455375.033425,classic_additive_candidate_A_physical_baseline,M1b_R1,P1_M1B,classic_additive_candidate_A_physical_M1b_lambda_0_20260915_145523,2,True,True,False,
/multi_agv/experiment_state,1789455375.133497,1789455375.1334245,classic_additive_candidate_A_physical_baseline,M1b_R1,P1_M1B,classic_additive_candidate_A_physical_M1b_lambda_0_20260915_145523,2,True,True,False,
/multi_agv/experiment_state,1789455375.2335281,1789455375.2334576,classic_additive_candidate_A_physical_baseline,M1b_R1,P1_M1B,classic_additive_candidate_A_physical_M1b_lambda_0_20260915_145523,2,True,True,False,
/multi_agv/experiment_state,1789455375.3334715,1789455375.3334246,classic_additive_candidate_A_physical_baseline,M1b_R1,P1_M1B,classic_additive_candidate_A_physical_M1b_lambda_0_20260915_145523,2,True,True,False,
/multi_agv/experiment_state,1789455375.433499,1789455375.4334257,classic_additive_candidate_A_physical_baseline,M1b_R1,P1_M1B,classic_additive_candidate_A_physical_M1b_lambda_0_20260915_145523,2,True,True,False,
/multi_agv/experiment_state,1789455375.533467,1789455375.5334249,classic_additive_candidate_A_physical_baseline,M1b_R1,P1_M1B,classic_additive_candidate_A_physical_M1b_lambda_0_20260915_145523,2,True,True,False,
/multi_agv/experiment_state,1789455375.6335087,1789455375.6334558,classic_additive_candidate_A_physical_baseline,M1b_R1,P1_M1B,classic_additive_candidate_A_physical_M1b_lambda_0_20260915_145523,2,True,True,False,
/multi_agv/experiment_state,1789455375.7335017,1789455375.7334275,classic_additive_candidate_A_physical_baseline,M1b_R1,P1_M1B,classic_additive_candidate_A_physical_M1b_lambda_0_20260915_145523,2,True,True,False,
/multi_agv/experiment_state,1789455375.833485,1789455375.8334274,classic_additive_candidate_A_physical_baseline,M1b_R1,P1_M1B,classic_additive_candidate_A_physical_M1b_lambda_0_20260915_145523,2,True,True,False,
/multi_agv/experiment_state,1789455375.9334965,1789455375.9334233,classic_additive_candidate_A_physical_baseline,M1b_R1,P1_M1B,classic_additive_candidate_A_physical_M1b_lambda_0_20260915_145523,2,True,True,False,
/multi_agv/experiment_state,1789455376.033553,1789455376.033429,classic_additive_candidate_A_physical_baseline,M1b_R1,P1_M1B,classic_additive_candidate_A_physical_M1b_lambda_0_20260915_145523,2,True,True,False,
/multi_agv/experiment_state,1789455376.133492,1789455376.1334245,classic_additive_candidate_A_physical_baseline,M1b_R1,P1_M1B,classic_additive_candidate_A_physical_M1b_lambda_0_20260915_145523,2,True,True,False,
/multi_agv/experiment_state,1789455376.2335143,1789455376.2334247,classic_additive_candidate_A_physical_baseline,M1b_R1,P1_M1B,classic_additive_candidate_A_physical_M1b_lambda_0_20260915_145523,2,True,True,False,
/multi_agv/experiment_state,1789455376.333513,1789455376.3334234,classic_additive_candidate_A_physical_baseline,M1b_R1,P1_M1B,classic_additive_candidate_A_physical_M1b_lambda_0_20260915_145523,2,True,True,False,
/multi_agv/experiment_state,1789455376.4335158,1789455376.4334228,classic_additive_candidate_A_physical_baseline,M1b_R1,P1_M1B,classic_additive_candidate_A_physical_M1b_lambda_0_20260915_145523,2,True,True,False,
/multi_agv/experiment_state,1789455376.533541,1789455376.5334272,classic_additive_candidate_A_physical_baseline,M1b_R1,P1_M1B,classic_additive_candidate_A_physical_M1b_lambda_0_20260915_145523,2,True,True,False,
/multi_agv/experiment_state,1789455376.6335194,1789455376.6334558,classic_additive_candidate_A_physical_baseline,M1b_R1,P1_M1B,classic_additive_candidate_A_physical_M1b_lambda_0_20260915_145523,2,True,True,False,
/multi_agv/experiment_state,1789455376.733496,1789455376.7334256,classic_additive_candidate_A_physical_baseline,M1b_R1,P1_M1B,classic_additive_candidate_A_physical_M1b_lambda_0_20260915_145523,2,True,True,False,
/multi_agv/experiment_state,1789455376.833601,1789455376.8334572,classic_additive_candidate_A_physical_baseline,M1b_R1,P1_M1B,classic_additive_candidate_A_physical_M1b_lambda_0_20260915_145523,2,True,True,False,
/multi_agv/experiment_state,1789455376.9335494,1789455376.9334266,classic_additive_candidate_A_physical_baseline,M1b_R1,P1_M1B,classic_additive_candidate_A_physical_M1b_lambda_0_20260915_145523,2,True,True,False,
/multi_agv/experiment_state,1789455377.0334866,1789455377.0334265,classic_additive_candidate_A_physical_baseline,M1b_R1,P1_M1B,classic_additive_candidate_A_physical_M1b_lambda_0_20260915_145523,2,True,True,False,
/multi_agv/experiment_state,1789455377.133491,1789455377.133431,classic_additive_candidate_A_physical_baseline,M1b_R1,P1_M1B,classic_additive_candidate_A_physical_M1b_lambda_0_20260915_145523,2,True,True,False,
/multi_agv/experiment_state,1789455377.2335355,1789455377.2334604,classic_additive_candidate_A_physical_baseline,M1b_R1,P1_M1B,classic_additive_candidate_A_physical_M1b_lambda_0_20260915_145523,2,True,True,False,
/multi_agv/experiment_state,1789455377.3334672,1789455377.3334267,classic_additive_candidate_A_physical_baseline,M1b_R1,P1_M1B,classic_additive_candidate_A_physical_M1b_lambda_0_20260915_145523,2,True,True,False,
/multi_agv/experiment_state,1789455377.4334974,1789455377.433425,classic_additive_candidate_A_physical_baseline,M1b_R1,P1_M1B,classic_additive_candidate_A_physical_M1b_lambda_0_20260915_145523,2,True,True,False,
/multi_agv/experiment_state,1789455377.5334914,1789455377.533423,classic_additive_candidate_A_physical_baseline,M1b_R1,P1_M1B,classic_additive_candidate_A_physical_M1b_lambda_0_20260915_145523,2,True,True,False,
/multi_agv/experiment_state,1789455377.6334581,1789455377.6334243,classic_additive_candidate_A_physical_baseline,M1b_R1,P1_M1B,classic_additive_candidate_A_physical_M1b_lambda_0_20260915_145523,2,True,True,False,
/multi_agv/experiment_state,1789455377.783454,1789455377.783415,classic_additive_candidate_A_physical_baseline,M1b_R1,P1_M1B,classic_additive_candidate_A_physical_M1b_lambda_0_20260915_145523,2,True,True,False,
/multi_agv/experiment_state,1789455377.833526,1789455377.8334243,classic_additive_candidate_A_physical_baseline,M1b_R1,P1_M1B,classic_additive_candidate_A_physical_M1b_lambda_0_20260915_145523,2,True,True,False,
/multi_agv/experiment_state,1789455377.933525,1789455377.9334247,classic_additive_candidate_A_physical_baseline,M1b_R1,P1_M1B,classic_additive_candidate_A_physical_M1b_lambda_0_20260915_145523,2,True,True,False,
/multi_agv/experiment_state,1789455378.0834541,1789455378.0834167,classic_additive_candidate_A_physical_baseline,M1b_R1,P1_M1B,classic_additive_candidate_A_physical_M1b_lambda_0_20260915_145523,2,True,True,False,
/multi_agv/experiment_state,1789455378.133506,1789455378.133422,classic_additive_candidate_A_physical_baseline,M1b_R1,P1_M1B,classic_additive_candidate_A_physical_M1b_lambda_0_20260915_145523,2,True,True,False,
/multi_agv/experiment_state,1789455378.2334814,1789455378.2334242,classic_additive_candidate_A_physical_baseline,M1b_R1,P1_M1B,classic_additive_candidate_A_physical_M1b_lambda_0_20260915_145523,2,True,True,False,
/multi_agv/experiment_state,1789455378.333545,1789455378.333428,classic_additive_candidate_A_physical_baseline,M1b_R1,P1_M1B,classic_additive_candidate_A_physical_M1b_lambda_0_20260915_145523,2,True,True,False,
/multi_agv/experiment_state,1789455378.433541,1789455378.4334273,classic_additive_candidate_A_physical_baseline,M1b_R1,P1_M1B,classic_additive_candidate_A_physical_M1b_lambda_0_20260915_145523,2,True,True,False,
/multi_agv/experiment_state,1789455378.533535,1789455378.5334232,classic_additive_candidate_A_physical_baseline,M1b_R1,P1_M1B,classic_additive_candidate_A_physical_M1b_lambda_0_20260915_145523,2,True,True,False,
/multi_agv/experiment_state,1789455378.6336133,1789455378.6334865,classic_additive_candidate_A_physical_baseline,M1b_R1,P1_M1B,classic_additive_candidate_A_physical_M1b_lambda_0_20260915_145523,2,True,True,False,
/multi_agv/experiment_state,1789455378.733539,1789455378.7334251,classic_additive_candidate_A_physical_baseline,M1b_R1,P1_M1B,classic_additive_candidate_A_physical_M1b_lambda_0_20260915_145523,2,True,True,False,
/multi_agv/experiment_state,1789455378.8335238,1789455378.8334231,classic_additive_candidate_A_physical_baseline,M1b_R1,P1_M1B,classic_additive_candidate_A_physical_M1b_lambda_0_20260915_145523,2,True,True,False,
/multi_agv/experiment_state,1789455378.9335055,1789455378.933426,classic_additive_candidate_A_physical_baseline,M1b_R1,P1_M1B,classic_additive_candidate_A_physical_M1b_lambda_0_20260915_145523,2,True,True,False,
/multi_agv/experiment_state,1789455379.033565,1789455379.033457,classic_additive_candidate_A_physical_baseline,M1b_R1,P1_M1B,classic_additive_candidate_A_physical_M1b_lambda_0_20260915_145523,2,True,True,False,
/multi_agv/experiment_state,1789455379.1834486,1789455379.1834164,classic_additive_candidate_A_physical_baseline,M1b_R1,P1_M1B,classic_additive_candidate_A_physical_M1b_lambda_0_20260915_145523,2,True,True,False,
/multi_agv/experiment_state,1789455379.2334816,1789455379.233429,classic_additive_candidate_A_physical_baseline,M1b_R1,P1_M1B,classic_additive_candidate_A_physical_M1b_lambda_0_20260915_145523,2,True,True,False,
/multi_agv/experiment_state,1789455379.3335862,1789455379.3334572,classic_additive_candidate_A_physical_baseline,M1b_R1,P1_M1B,classic_additive_candidate_A_physical_M1b_lambda_0_20260915_145523,2,True,True,False,
/multi_agv/experiment_state,1789455379.483494,1789455379.48342,classic_additive_candidate_A_physical_baseline,M1b_R1,P1_M1B,classic_additive_candidate_A_physical_M1b_lambda_0_20260915_145523,2,True,True,False,
/multi_agv/experiment_state,1789455379.5334842,1789455379.533424,classic_additive_candidate_A_physical_baseline,M1b_R1,P1_M1B,classic_additive_candidate_A_physical_M1b_lambda_0_20260915_145523,2,True,True,False,
/multi_agv/experiment_state,1789455379.6335182,1789455379.6334236,classic_additive_candidate_A_physical_baseline,M1b_R1,P1_M1B,classic_additive_candidate_A_physical_M1b_lambda_0_20260915_145523,2,True,True,False,
/multi_agv/experiment_state,1789455379.733629,1789455379.7335231,classic_additive_candidate_A_physical_baseline,M1b_R1,P1_M1B,classic_additive_candidate_A_physical_M1b_lambda_0_20260915_145523,2,True,True,False,
/multi_agv/experiment_state,1789455379.8335505,1789455379.833457,classic_additive_candidate_A_physical_baseline,M1b_R1,P1_M1B,classic_additive_candidate_A_physical_M1b_lambda_0_20260915_145523,2,True,True,False,
/multi_agv/experiment_state,1789455379.9335823,1789455379.9334562,classic_additive_candidate_A_physical_baseline,M1b_R1,P1_M1B,classic_additive_candidate_A_physical_M1b_lambda_0_20260915_145523,2,True,False,False,
/multi_agv/experiment_state,1789455380.0336285,1789455380.0335076,classic_additive_candidate_A_physical_baseline,M1b_R1,P1_M1B,classic_additive_candidate_A_physical_M1b_lambda_0_20260915_145523,2,True,False,False,
/multi_agv/experiment_state,1789455380.1335526,1789455380.1334298,classic_additive_candidate_A_physical_baseline,M1b_R1,P1_M1B,classic_additive_candidate_A_physical_M1b_lambda_0_20260915_145523,2,True,False,False,
/multi_agv/experiment_state,1789455380.2335038,1789455380.2334259,classic_additive_candidate_A_physical_baseline,M1b_R1,P1_M1B,classic_additive_candidate_A_physical_M1b_lambda_0_20260915_145523,2,True,False,False,
/multi_agv/experiment_state,1789455380.333505,1789455380.3334558,classic_additive_candidate_A_physical_baseline,M1b_R1,P1_M1B,classic_additive_candidate_A_physical_M1b_lambda_0_20260915_145523,2,True,False,False,
/multi_agv/experiment_state,1789455380.4334877,1789455380.4334257,classic_additive_candidate_A_physical_baseline,M1b_R1,P1_M1B,classic_additive_candidate_A_physical_M1b_lambda_0_20260915_145523,2,True,False,False,
/multi_agv/experiment_state,1789455380.5336018,1789455380.53349,classic_additive_candidate_A_physical_baseline,M1b_R1,P1_M1B,classic_additive_candidate_A_physical_M1b_lambda_0_20260915_145523,2,True,False,False,
/multi_agv/experiment_state,1789455380.6336143,1789455380.6334538,classic_additive_candidate_A_physical_baseline,M1b_R1,P1_M1B,classic_additive_candidate_A_physical_M1b_lambda_0_20260915_145523,2,True,False,False,
/multi_agv/experiment_state,1789455380.7335026,1789455380.7334259,classic_additive_candidate_A_physical_baseline,M1b_R1,P1_M1B,classic_additive_candidate_A_physical_M1b_lambda_0_20260915_145523,2,True,False,False,
/multi_agv/experiment_state,1789455380.8335614,1789455380.8334253,classic_additive_candidate_A_physical_baseline,M1b_R1,P1_M1B,classic_additive_candidate_A_physical_M1b_lambda_0_20260915_145523,2,True,False,False,
/multi_agv/experiment_state,1789455380.9335248,1789455380.933457,classic_additive_candidate_A_physical_baseline,M1b_R1,P1_M1B,classic_additive_candidate_A_physical_M1b_lambda_0_20260915_145523,2,True,False,False,
/multi_agv/experiment_state,1789455381.033547,1789455381.0334594,classic_additive_candidate_A_physical_baseline,M1b_R1,P1_M1B,classic_additive_candidate_A_physical_M1b_lambda_0_20260915_145523,2,True,False,False,
/multi_agv/experiment_state,1789455381.1334603,1789455381.1334274,classic_additive_candidate_A_physical_baseline,M1b_R1,P1_M1B,classic_additive_candidate_A_physical_M1b_lambda_0_20260915_145523,2,True,False,False,
/multi_agv/experiment_state,1789455381.2335482,1789455381.2334573,classic_additive_candidate_A_physical_baseline,M1b_R1,P1_M1B,classic_additive_candidate_A_physical_M1b_lambda_0_20260915_145523,2,True,False,False,
/multi_agv/experiment_state,1789455381.3335545,1789455381.3334594,classic_additive_candidate_A_physical_baseline,M1b_R1,P1_M1B,classic_additive_candidate_A_physical_M1b_lambda_0_20260915_145523,2,True,False,False,
/multi_agv/experiment_state,1789455381.4335437,1789455381.4334633,classic_additive_candidate_A_physical_baseline,M1b_R1,P1_M1B,classic_additive_candidate_A_physical_M1b_lambda_0_20260915_145523,2,True,False,False,
/multi_agv/experiment_state,1789455381.5335274,1789455381.5334568,classic_additive_candidate_A_physical_baseline,M1b_R1,P1_M1B,classic_additive_candidate_A_physical_M1b_lambda_0_20260915_145523,2,True,False,False,
/multi_agv/experiment_state,1789455381.633506,1789455381.6334245,classic_additive_candidate_A_physical_baseline,M1b_R1,P1_M1B,classic_additive_candidate_A_physical_M1b_lambda_0_20260915_145523,2,True,False,False,
/multi_agv/experiment_state,1789455381.7334616,1789455381.733427,classic_additive_candidate_A_physical_baseline,M1b_R1,P1_M1B,classic_additive_candidate_A_physical_M1b_lambda_0_20260915_145523,2,True,False,False,
/multi_agv/experiment_state,1789455381.8335285,1789455381.8334582,classic_additive_candidate_A_physical_baseline,M1b_R1,P1_M1B,classic_additive_candidate_A_physical_M1b_lambda_0_20260915_145523,2,True,False,False,
/multi_agv/experiment_state,1789455381.9335241,1789455381.9334276,classic_additive_candidate_A_physical_baseline,M1b_R1,P1_M1B,classic_additive_candidate_A_physical_M1b_lambda_0_20260915_145523,2,True,False,False,
/multi_agv/experiment_state,1789455382.0335264,1789455382.0334594,classic_additive_candidate_A_physical_baseline,M1b_R1,P1_M1B,classic_additive_candidate_A_physical_M1b_lambda_0_20260915_145523,2,True,False,False,
/multi_agv/experiment_state,1789455382.1334572,1789455382.1334252,classic_additive_candidate_A_physical_baseline,M1b_R1,P1_M1B,classic_additive_candidate_A_physical_M1b_lambda_0_20260915_145523,2,True,False,False,
/multi_agv/experiment_state,1789455382.233504,1789455382.2334564,classic_additive_candidate_A_physical_baseline,M1b_R1,P1_M1B,classic_additive_candidate_A_physical_M1b_lambda_0_20260915_145523,2,True,False,False,
/multi_agv/experiment_state,1789455382.33376,1789455382.3335938,classic_additive_candidate_A_physical_baseline,M1b_R1,P1_M1B,classic_additive_candidate_A_physical_M1b_lambda_0_20260915_145523,2,True,False,False,
/multi_agv/experiment_state,1789455382.4335227,1789455382.4334598,classic_additive_candidate_A_physical_baseline,M1b_R1,P1_M1B,classic_additive_candidate_A_physical_M1b_lambda_0_20260915_145523,2,True,False,False,
/multi_agv/experiment_state,1789455382.5334709,1789455382.533421,classic_additive_candidate_A_physical_baseline,M1b_R1,P1_M1B,classic_additive_candidate_A_physical_M1b_lambda_0_20260915_145523,2,True,False,False,
/multi_agv/experiment_state,1789455382.6334906,1789455382.6334503,classic_additive_candidate_A_physical_baseline,M1b_R1,P1_M1B,classic_additive_candidate_A_physical_M1b_lambda_0_20260915_145523,2,True,False,False,
/multi_agv/experiment_state,1789455382.7834926,1789455382.783417,classic_additive_candidate_A_physical_baseline,M1b_R1,P1_M1B,classic_additive_candidate_A_physical_M1b_lambda_0_20260915_145523,2,True,False,False,
/multi_agv/experiment_state,1789455382.833529,1789455382.8334608,classic_additive_candidate_A_physical_baseline,M1b_R1,P1_M1B,classic_additive_candidate_A_physical_M1b_lambda_0_20260915_145523,2,True,False,False,
/multi_agv/experiment_state,1789455382.933621,1789455382.9334517,classic_additive_candidate_A_physical_baseline,M1b_R1,P1_M1B,classic_additive_candidate_A_physical_M1b_lambda_0_20260915_145523,2,True,False,False,
