topic,bag_stamp,header_stamp,experiment_id,method_id,block_id,run_id,phase,run_active,evaluation_active,manual_abort,abort_reason
/multi_agv/experiment_state,1789453989.8891065,1789453989.8343139,classic_additive_candidate_A_physical_baseline,M1b_R1,P1_M1B,classic_additive_candidate_A_physical_M1b_lambda_0_20260915_143307,2,True,True,False,
/multi_agv/experiment_state,1789453989.934408,1789453989.9343362,classic_additive_candidate_A_physical_baseline,M1b_R1,P1_M1B,classic_additive_candidate_A_physical_M1b_lambda_0_20260915_143307,2,True,True,False,
/multi_agv/experiment_state,1789453990.034303,1789453990.0342505,classic_additive_candidate_A_physical_baseline,M1b_R1,P1_M1B,classic_additive_candidate_A_physical_M1b_lambda_0_20260915_143307,2,True,True,False,
/multi_agv/experiment_state,1789453990.1343687,1789453990.1342862,classic_additive_candidate_A_physical_baseline,M1b_R1,P1_M1B,classic_additive_candidate_A_physical_M1b_lambda_0_20260915_143307,2,True,True,False,
/multi_agv/experiment_state,1789453990.234319,1789453990.234251,classic_additive_candidate_A_physical_baseline,M1b_R1,P1_M1B,classic_additive_candidate_A_physical_M1b_lambda_0_20260915_143307,2,True,True,False,
/multi_agv/experiment_state,1789453990.3344226,1789453990.3342793,classic_additive_candidate_A_physical_baseline,M1b_R1,P1_M1B,classic_additive_candidate_A_physical_M1b_lambda_0_20260915_143307,2,True,True,False,
/multi_agv/experiment_state,1789453990.4343894,1789453990.434288,classic_additive_candidate_A_physical_baseline,M1b_R1,P1_M1B,classic_additive_candidate_A_physical_M1b_lambda_0_20260915_143307,2,True,True,False,
/multi_agv/experiment_state,1789453990.5344162,1789453990.534315,classic_additive_candidate_A_physical_baseline,M1b_R1,P1_M1B,classic_additive_candidate_A_physical_M1b_lambda_0_20260915_143307,2,True,True,False,
/multi_agv/experiment_state,1789453990.6343584,1789453990.6342838,classic_additive_candidate_A_physical_baseline,M1b_R1,P1_M1B,classic_additive_candidate_A_physical_M1b_lambda_0_20260915_143307,2,True,True,False,
/multi_agv/experiment_state,1789453990.7344484,1789453990.7343802,classic_additive_candidate_A_physical_baseline,M1b_R1,P1_M1B,classic_additive_candidate_A_physical_M1b_lambda_0_20260915_143307,2,True,True,False,
/multi_agv/experiment_state,1789453990.8344157,1789453990.8343408,classic_additive_candidate_A_physical_baseline,M1b_R1,P1_M1B,classic_additive_candidate_A_physical_M1b_lambda_0_20260915_143307,2,True,True,False,
/multi_agv/experiment_state,1789453990.9844508,1789453990.9843547,classic_additive_candidate_A_physical_baseline,M1b_R1,P1_M1B,classic_additive_candidate_A_physical_M1b_lambda_0_20260915_143307,2,True,True,False,
/multi_agv/experiment_state,1789453991.0343566,1789453991.0342479,classic_additive_candidate_A_physical_baseline,M1b_R1,P1_M1B,classic_additive_candidate_A_physical_M1b_lambda_0_20260915_143307,2,True,True,False,
/multi_agv/experiment_state,1789453991.1344151,1789453991.1343508,classic_additive_candidate_A_physical_baseline,M1b_R1,P1_M1B,classic_additive_candidate_A_physical_M1b_lambda_0_20260915_143307,2,True,True,False,
/multi_agv/experiment_state,1789453991.2344542,1789453991.234353,classic_additive_candidate_A_physical_baseline,M1b_R1,P1_M1B,classic_additive_candidate_A_physical_M1b_lambda_0_20260915_143307,2,True,True,False,
/multi_agv/experiment_state,1789453991.3343549,1789453991.3342874,classic_additive_candidate_A_physical_baseline,M1b_R1,P1_M1B,classic_additive_candidate_A_physical_M1b_lambda_0_20260915_143307,2,True,True,False,
/multi_agv/experiment_state,1789453991.4343963,1789453991.4342494,classic_additive_candidate_A_physical_baseline,M1b_R1,P1_M1B,classic_additive_candidate_A_physical_M1b_lambda_0_20260915_143307,2,True,True,False,
/multi_agv/experiment_state,1789453991.534408,1789453991.5342822,classic_additive_candidate_A_physical_baseline,M1b_R1,P1_M1B,classic_additive_candidate_A_physical_M1b_lambda_0_20260915_143307,2,True,True,False,
/multi_agv/experiment_state,1789453991.6343408,1789453991.634249,classic_additive_candidate_A_physical_baseline,M1b_R1,P1_M1B,classic_additive_candidate_A_physical_M1b_lambda_0_20260915_143307,2,True,True,False,
/multi_agv/experiment_state,1789453991.7344077,1789453991.734282,classic_additive_candidate_A_physical_baseline,M1b_R1,P1_M1B,classic_additive_candidate_A_physical_M1b_lambda_0_20260915_143307,2,True,True,False,
/multi_agv/experiment_state,1789453991.8344522,1789453991.8343768,classic_additive_candidate_A_physical_baseline,M1b_R1,P1_M1B,classic_additive_candidate_A_physical_M1b_lambda_0_20260915_143307,2,True,True,False,
/multi_agv/experiment_state,1789453991.9344003,1789453991.934348,classic_additive_candidate_A_physical_baseline,M1b_R1,P1_M1B,classic_additive_candidate_A_physical_M1b_lambda_0_20260915_143307,2,True,True,False,
/multi_agv/experiment_state,1789453992.0343523,1789453992.0342784,classic_additive_candidate_A_physical_baseline,M1b_R1,P1_M1B,classic_additive_candidate_A_physical_M1b_lambda_0_20260915_143307,2,True,True,False,
/multi_agv/experiment_state,1789453992.1344063,1789453992.134282,classic_additive_candidate_A_physical_baseline,M1b_R1,P1_M1B,classic_additive_candidate_A_physical_M1b_lambda_0_20260915_143307,2,True,True,False,
/multi_agv/experiment_state,1789453992.2343192,1789453992.2342482,classic_additive_candidate_A_physical_baseline,M1b_R1,P1_M1B,classic_additive_candidate_A_physical_M1b_lambda_0_20260915_143307,2,True,True,False,
/multi_agv/experiment_state,1789453992.3343146,1789453992.334252,classic_additive_candidate_A_physical_baseline,M1b_R1,P1_M1B,classic_additive_candidate_A_physical_M1b_lambda_0_20260915_143307,2,True,True,False,
/multi_agv/experiment_state,1789453992.4343483,1789453992.434272,classic_additive_candidate_A_physical_baseline,M1b_R1,P1_M1B,classic_additive_candidate_A_physical_M1b_lambda_0_20260915_143307,2,True,True,False,
/multi_agv/experiment_state,1789453992.5343242,1789453992.534281,classic_additive_candidate_A_physical_baseline,M1b_R1,P1_M1B,classic_additive_candidate_A_physical_M1b_lambda_0_20260915_143307,2,True,True,False,
/multi_agv/experiment_state,1789453992.6343505,1789453992.6342483,classic_additive_candidate_A_physical_baseline,M1b_R1,P1_M1B,classic_additive_candidate_A_physical_M1b_lambda_0_20260915_143307,2,True,True,False,
/multi_agv/experiment_state,1789453992.734344,1789453992.7342777,classic_additive_candidate_A_physical_baseline,M1b_R1,P1_M1B,classic_additive_candidate_A_physical_M1b_lambda_0_20260915_143307,2,True,True,False,
/multi_agv/experiment_state,1789453992.8344734,1789453992.8343382,classic_additive_candidate_A_physical_baseline,M1b_R1,P1_M1B,classic_additive_candidate_A_physical_M1b_lambda_0_20260915_143307,2,True,True,False,
/multi_agv/experiment_state,1789453992.934371,1789453992.9342473,classic_additive_candidate_A_physical_baseline,M1b_R1,P1_M1B,classic_additive_candidate_A_physical_M1b_lambda_0_20260915_143307,2,True,True,False,
/multi_agv/experiment_state,1789453993.0343874,1789453993.0342467,classic_additive_candidate_A_physical_baseline,M1b_R1,P1_M1B,classic_additive_candidate_A_physical_M1b_lambda_0_20260915_143307,2,True,True,False,
/multi_agv/experiment_state,1789453993.1343198,1789453993.1342828,classic_additive_candidate_A_physical_baseline,M1b_R1,P1_M1B,classic_additive_candidate_A_physical_M1b_lambda_0_20260915_143307,2,True,True,False,
/multi_agv/experiment_state,1789453993.2344544,1789453993.2343493,classic_additive_candidate_A_physical_baseline,M1b_R1,P1_M1B,classic_additive_candidate_A_physical_M1b_lambda_0_20260915_143307,2,True,True,False,
/multi_agv/experiment_state,1789453993.3343399,1789453993.3342476,classic_additive_candidate_A_physical_baseline,M1b_R1,P1_M1B,classic_additive_candidate_A_physical_M1b_lambda_0_20260915_143307,2,True,True,False,
/multi_agv/experiment_state,1789453993.434328,1789453993.4342613,classic_additive_candidate_A_physical_baseline,M1b_R1,P1_M1B,classic_additive_candidate_A_physical_M1b_lambda_0_20260915_143307,2,True,True,False,
/multi_agv/experiment_state,1789453993.5343676,1789453993.5342767,classic_additive_candidate_A_physical_baseline,M1b_R1,P1_M1B,classic_additive_candidate_A_physical_M1b_lambda_0_20260915_143307,2,True,True,False,
/multi_agv/experiment_state,1789453993.6843793,1789453993.6842668,classic_additive_candidate_A_physical_baseline,M1b_R1,P1_M1B,classic_additive_candidate_A_physical_M1b_lambda_0_20260915_143307,2,True,True,False,
/multi_agv/experiment_state,1789453993.7843592,1789453993.78428,classic_additive_candidate_A_physical_baseline,M1b_R1,P1_M1B,classic_additive_candidate_A_physical_M1b_lambda_0_20260915_143307,2,True,True,False,
/multi_agv/experiment_state,1789453993.8343706,1789453993.834285,classic_additive_candidate_A_physical_baseline,M1b_R1,P1_M1B,classic_additive_candidate_A_physical_M1b_lambda_0_20260915_143307,2,True,True,False,
/multi_agv/experiment_state,1789453993.934375,1789453993.9342802,classic_additive_candidate_A_physical_baseline,M1b_R1,P1_M1B,classic_additive_candidate_A_physical_M1b_lambda_0_20260915_143307,2,True,True,False,
/multi_agv/experiment_state,1789453994.0343978,1789453994.0342433,classic_additive_candidate_A_physical_baseline,M1b_R1,P1_M1B,classic_additive_candidate_A_physical_M1b_lambda_0_20260915_143307,2,True,True,False,
/multi_agv/experiment_state,1789453994.1343644,1789453994.134275,classic_additive_candidate_A_physical_baseline,M1b_R1,P1_M1B,classic_additive_candidate_A_physical_M1b_lambda_0_20260915_143307,2,True,True,False,
/multi_agv/experiment_state,1789453994.2344358,1789453994.234274,classic_additive_candidate_A_physical_baseline,M1b_R1,P1_M1B,classic_additive_candidate_A_physical_M1b_lambda_0_20260915_143307,2,True,True,False,
/multi_agv/experiment_state,1789453994.3343496,1789453994.334274,classic_additive_candidate_A_physical_baseline,M1b_R1,P1_M1B,classic_additive_candidate_A_physical_M1b_lambda_0_20260915_143307,2,True,True,False,
/multi_agv/experiment_state,1789453994.4344587,1789453994.434271,classic_additive_candidate_A_physical_baseline,M1b_R1,P1_M1B,classic_additive_candidate_A_physical_M1b_lambda_0_20260915_143307,2,True,True,False,
/multi_agv/experiment_state,1789453994.5344625,1789453994.534272,classic_additive_candidate_A_physical_baseline,M1b_R1,P1_M1B,classic_additive_candidate_A_physical_M1b_lambda_0_20260915_143307,2,True,True,False,
/multi_agv/experiment_state,1789453994.6344318,1789453994.6342735,classic_additive_candidate_A_physical_baseline,M1b_R1,P1_M1B,classic_additive_candidate_A_physical_M1b_lambda_0_20260915_143307,2,True,True,False,
/multi_agv/experiment_state,1789453994.7342906,1789453994.7342463,classic_additive_candidate_A_physical_baseline,M1b_R1,P1_M1B,classic_additive_candidate_A_physical_M1b_lambda_0_20260915_143307,2,True,True,False,
/multi_agv/experiment_state,1789453994.8343773,1789453994.834285,classic_additive_candidate_A_physical_baseline,M1b_R1,P1_M1B,classic_additive_candidate_A_physical_M1b_lambda_0_20260915_143307,2,True,True,False,
/multi_agv/experiment_state,1789453994.934383,1789453994.9342728,classic_additive_candidate_A_physical_baseline,M1b_R1,P1_M1B,classic_additive_candidate_A_physical_M1b_lambda_0_20260915_143307,2,True,True,False,
/multi_agv/experiment_state,1789453995.0343595,1789453995.034277,classic_additive_candidate_A_physical_baseline,M1b_R1,P1_M1B,classic_additive_candidate_A_physical_M1b_lambda_0_20260915_143307,2,True,True,False,
/multi_agv/experiment_state,1789453995.1343794,1789453995.134278,classic_additive_candidate_A_physical_baseline,M1b_R1,P1_M1B,classic_additive_candidate_A_physical_M1b_lambda_0_20260915_143307,2,True,True,False,
/multi_agv/experiment_state,1789453995.2343304,1789453995.2342763,classic_additive_candidate_A_physical_baseline,M1b_R1,P1_M1B,classic_additive_candidate_A_physical_M1b_lambda_0_20260915_143307,2,True,True,False,
/multi_agv/experiment_state,1789453995.3344038,1789453995.3342745,classic_additive_candidate_A_physical_baseline,M1b_R1,P1_M1B,classic_additive_candidate_A_physical_M1b_lambda_0_20260915_143307,2,True,True,False,
/multi_agv/experiment_state,1789453995.4344187,1789453995.434276,classic_additive_candidate_A_physical_baseline,M1b_R1,P1_M1B,classic_additive_candidate_A_physical_M1b_lambda_0_20260915_143307,2,True,True,False,
/multi_agv/experiment_state,1789453995.5343754,1789453995.5342865,classic_additive_candidate_A_physical_baseline,M1b_R1,P1_M1B,classic_additive_candidate_A_physical_M1b_lambda_0_20260915_143307,2,True,True,False,
/multi_agv/experiment_state,1789453995.63444,1789453995.6342723,classic_additive_candidate_A_physical_baseline,M1b_R1,P1_M1B,classic_additive_candidate_A_physical_M1b_lambda_0_20260915_143307,2,True,True,False,
/multi_agv/experiment_state,1789453995.7344155,1789453995.7342737,classic_additive_candidate_A_physical_baseline,M1b_R1,P1_M1B,classic_additive_candidate_A_physical_M1b_lambda_0_20260915_143307,2,True,True,False,
/multi_agv/experiment_state,1789453995.8343713,1789453995.8342428,classic_additive_candidate_A_physical_baseline,M1b_R1,P1_M1B,classic_additive_candidate_A_physical_M1b_lambda_0_20260915_143307,2,True,True,False,
/multi_agv/experiment_state,1789453995.934351,1789453995.9342752,classic_additive_candidate_A_physical_baseline,M1b_R1,P1_M1B,classic_additive_candidate_A_physical_M1b_lambda_0_20260915_143307,2,True,True,False,
/multi_agv/experiment_state,1789453996.034353,1789453996.03425,classic_additive_candidate_A_physical_baseline,M1b_R1,P1_M1B,classic_additive_candidate_A_physical_M1b_lambda_0_20260915_143307,2,True,True,False,
/multi_agv/experiment_state,1789453996.1343873,1789453996.1342764,classic_additive_candidate_A_physical_baseline,M1b_R1,P1_M1B,classic_additive_candidate_A_physical_M1b_lambda_0_20260915_143307,2,True,True,False,
/multi_agv/experiment_state,1789453996.2343445,1789453996.2342727,classic_additive_candidate_A_physical_baseline,M1b_R1,P1_M1B,classic_additive_candidate_A_physical_M1b_lambda_0_20260915_143307,2,True,True,False,
/multi_agv/experiment_state,1789453996.3343503,1789453996.3342865,classic_additive_candidate_A_physical_baseline,M1b_R1,P1_M1B,classic_additive_candidate_A_physical_M1b_lambda_0_20260915_143307,2,True,True,False,
/multi_agv/experiment_state,1789453996.4344738,1789453996.434273,classic_additive_candidate_A_physical_baseline,M1b_R1,P1_M1B,classic_additive_candidate_A_physical_M1b_lambda_0_20260915_143307,2,True,True,False,
/multi_agv/experiment_state,1789453996.5344782,1789453996.5342808,classic_additive_candidate_A_physical_baseline,M1b_R1,P1_M1B,classic_additive_candidate_A_physical_M1b_lambda_0_20260915_143307,2,True,True,False,
/multi_agv/experiment_state,1789453996.634439,1789453996.6342773,classic_additive_candidate_A_physical_baseline,M1b_R1,P1_M1B,classic_additive_candidate_A_physical_M1b_lambda_0_20260915_143307,2,True,True,False,
/multi_agv/experiment_state,1789453996.7344475,1789453996.7342763,classic_additive_candidate_A_physical_baseline,M1b_R1,P1_M1B,classic_additive_candidate_A_physical_M1b_lambda_0_20260915_143307,2,True,True,False,
/multi_agv/experiment_state,1789453996.8345819,1789453996.8342795,classic_additive_candidate_A_physical_baseline,M1b_R1,P1_M1B,classic_additive_candidate_A_physical_M1b_lambda_0_20260915_143307,2,True,True,False,
/multi_agv/experiment_state,1789453996.9344144,1789453996.9342952,classic_additive_candidate_A_physical_baseline,M1b_R1,P1_M1B,classic_additive_candidate_A_physical_M1b_lambda_0_20260915_143307,2,True,True,False,
/multi_agv/experiment_state,1789453997.03434,1789453997.0342782,classic_additive_candidate_A_physical_baseline,M1b_R1,P1_M1B,classic_additive_candidate_A_physical_M1b_lambda_0_20260915_143307,2,True,True,False,
/multi_agv/experiment_state,1789453997.1344018,1789453997.1342766,classic_additive_candidate_A_physical_baseline,M1b_R1,P1_M1B,classic_additive_candidate_A_physical_M1b_lambda_0_20260915_143307,2,True,True,False,
/multi_agv/experiment_state,1789453997.234309,1789453997.2342494,classic_additive_candidate_A_physical_baseline,M1b_R1,P1_M1B,classic_additive_candidate_A_physical_M1b_lambda_0_20260915_143307,2,True,True,False,
/multi_agv/experiment_state,1789453997.3343542,1789453997.3342783,classic_additive_candidate_A_physical_baseline,M1b_R1,P1_M1B,classic_additive_candidate_A_physical_M1b_lambda_0_20260915_143307,2,True,True,False,
/multi_agv/experiment_state,1789453997.43435,1789453997.4342864,classic_additive_candidate_A_physical_baseline,M1b_R1,P1_M1B,classic_additive_candidate_A_physical_M1b_lambda_0_20260915_143307,2,True,True,False,
/multi_agv/experiment_state,1789453997.5343359,1789453997.534273,classic_additive_candidate_A_physical_baseline,M1b_R1,P1_M1B,classic_additive_candidate_A_physical_M1b_lambda_0_20260915_143307,2,True,True,False,
/multi_agv/experiment_state,1789453997.6343684,1789453997.6342733,classic_additive_candidate_A_physical_baseline,M1b_R1,P1_M1B,classic_additive_candidate_A_physical_M1b_lambda_0_20260915_143307,2,True,True,False,
/multi_agv/experiment_state,1789453997.7343493,1789453997.7342265,classic_additive_candidate_A_physical_baseline,M1b_R1,P1_M1B,classic_additive_candidate_A_physical_M1b_lambda_0_20260915_143307,2,True,True,False,
/multi_agv/experiment_state,1789453997.8344216,1789453997.8342433,classic_additive_candidate_A_physical_baseline,M1b_R1,P1_M1B,classic_additive_candidate_A_physical_M1b_lambda_0_20260915_143307,2,True,True,False,
/multi_agv/experiment_state,1789453997.9343226,1789453997.9342442,classic_additive_candidate_A_physical_baseline,M1b_R1,P1_M1B,classic_additive_candidate_A_physical_M1b_lambda_0_20260915_143307,2,True,True,False,
/multi_agv/experiment_state,1789453998.0343413,1789453998.034243,classic_additive_candidate_A_physical_baseline,M1b_R1,P1_M1B,classic_additive_candidate_A_physical_M1b_lambda_0_20260915_143307,2,True,True,False,
/multi_agv/experiment_state,1789453998.1343062,1789453998.1342418,classic_additive_candidate_A_physical_baseline,M1b_R1,P1_M1B,classic_additive_candidate_A_physical_M1b_lambda_0_20260915_143307,2,True,True,False,
/multi_agv/experiment_state,1789453998.234457,1789453998.2342424,classic_additive_candidate_A_physical_baseline,M1b_R1,P1_M1B,classic_additive_candidate_A_physical_M1b_lambda_0_20260915_143307,2,True,True,False,
/multi_agv/experiment_state,1789453998.3343468,1789453998.3342433,classic_additive_candidate_A_physical_baseline,M1b_R1,P1_M1B,classic_additive_candidate_A_physical_M1b_lambda_0_20260915_143307,2,True,True,False,
/multi_agv/experiment_state,1789453998.4344199,1789453998.4342475,classic_additive_candidate_A_physical_baseline,M1b_R1,P1_M1B,classic_additive_candidate_A_physical_M1b_lambda_0_20260915_143307,2,True,True,False,
/multi_agv/experiment_state,1789453998.5343318,1789453998.534246,classic_additive_candidate_A_physical_baseline,M1b_R1,P1_M1B,classic_additive_candidate_A_physical_M1b_lambda_0_20260915_143307,2,True,True,False,
/multi_agv/experiment_state,1789453998.6343427,1789453998.6342456,classic_additive_candidate_A_physical_baseline,M1b_R1,P1_M1B,classic_additive_candidate_A_physical_M1b_lambda_0_20260915_143307,2,True,True,False,
/multi_agv/experiment_state,1789453998.734307,1789453998.7342436,classic_additive_candidate_A_physical_baseline,M1b_R1,P1_M1B,classic_additive_candidate_A_physical_M1b_lambda_0_20260915_143307,2,True,True,False,
/multi_agv/experiment_state,1789453998.834408,1789453998.8342755,classic_additive_candidate_A_physical_baseline,M1b_R1,P1_M1B,classic_additive_candidate_A_physical_M1b_lambda_0_20260915_143307,2,True,True,False,
/multi_agv/experiment_state,1789453998.9343662,1789453998.9342408,classic_additive_candidate_A_physical_baseline,M1b_R1,P1_M1B,classic_additive_candidate_A_physical_M1b_lambda_0_20260915_143307,2,True,True,False,
/multi_agv/experiment_state,1789453999.0343752,1789453999.0342758,classic_additive_candidate_A_physical_baseline,M1b_R1,P1_M1B,classic_additive_candidate_A_physical_M1b_lambda_0_20260915_143307,2,True,True,False,
/multi_agv/experiment_state,1789453999.1343827,1789453999.134243,classic_additive_candidate_A_physical_baseline,M1b_R1,P1_M1B,classic_additive_candidate_A_physical_M1b_lambda_0_20260915_143307,2,True,True,False,
/multi_agv/experiment_state,1789453999.234342,1789453999.2342439,classic_additive_candidate_A_physical_baseline,M1b_R1,P1_M1B,classic_additive_candidate_A_physical_M1b_lambda_0_20260915_143307,2,True,True,False,
/multi_agv/experiment_state,1789453999.3343728,1789453999.3342433,classic_additive_candidate_A_physical_baseline,M1b_R1,P1_M1B,classic_additive_candidate_A_physical_M1b_lambda_0_20260915_143307,2,True,True,False,
/multi_agv/experiment_state,1789453999.4344418,1789453999.4342453,classic_additive_candidate_A_physical_baseline,M1b_R1,P1_M1B,classic_additive_candidate_A_physical_M1b_lambda_0_20260915_143307,2,True,True,False,
/multi_agv/experiment_state,1789453999.534279,1789453999.534243,classic_additive_candidate_A_physical_baseline,M1b_R1,P1_M1B,classic_additive_candidate_A_physical_M1b_lambda_0_20260915_143307,2,True,True,False,
/multi_agv/experiment_state,1789453999.6343791,1789453999.6342463,classic_additive_candidate_A_physical_baseline,M1b_R1,P1_M1B,classic_additive_candidate_A_physical_M1b_lambda_0_20260915_143307,2,True,True,False,
/multi_agv/experiment_state,1789453999.7344487,1789453999.7342448,classic_additive_candidate_A_physical_baseline,M1b_R1,P1_M1B,classic_additive_candidate_A_physical_M1b_lambda_0_20260915_143307,2,True,True,False,
/multi_agv/experiment_state,1789453999.8344238,1789453999.8342764,classic_additive_candidate_A_physical_baseline,M1b_R1,P1_M1B,classic_additive_candidate_A_physical_M1b_lambda_0_20260915_143307,2,True,True,False,
/multi_agv/experiment_state,1789453999.9343598,1789453999.934244,classic_additive_candidate_A_physical_baseline,M1b_R1,P1_M1B,classic_additive_candidate_A_physical_M1b_lambda_0_20260915_143307,2,True,True,False,
/multi_agv/experiment_state,1789454000.0343843,1789454000.0342457,classic_additive_candidate_A_physical_baseline,M1b_R1,P1_M1B,classic_additive_candidate_A_physical_M1b_lambda_0_20260915_143307,2,True,True,False,
/multi_agv/experiment_state,1789454000.134306,1789454000.1342425,classic_additive_candidate_A_physical_baseline,M1b_R1,P1_M1B,classic_additive_candidate_A_physical_M1b_lambda_0_20260915_143307,2,True,True,False,
/multi_agv/experiment_state,1789454000.2343402,1789454000.2342446,classic_additive_candidate_A_physical_baseline,M1b_R1,P1_M1B,classic_additive_candidate_A_physical_M1b_lambda_0_20260915_143307,2,True,True,False,
/multi_agv/experiment_state,1789454000.3343077,1789454000.3342435,classic_additive_candidate_A_physical_baseline,M1b_R1,P1_M1B,classic_additive_candidate_A_physical_M1b_lambda_0_20260915_143307,2,True,True,False,
/multi_agv/experiment_state,1789454000.4342701,1789454000.434243,classic_additive_candidate_A_physical_baseline,M1b_R1,P1_M1B,classic_additive_candidate_A_physical_M1b_lambda_0_20260915_143307,2,True,True,False,
/multi_agv/experiment_state,1789454000.5343544,1789454000.5342429,classic_additive_candidate_A_physical_baseline,M1b_R1,P1_M1B,classic_additive_candidate_A_physical_M1b_lambda_0_20260915_143307,2,True,True,False,
/multi_agv/experiment_state,1789454000.6343555,1789454000.6342418,classic_additive_candidate_A_physical_baseline,M1b_R1,P1_M1B,classic_additive_candidate_A_physical_M1b_lambda_0_20260915_143307,2,True,True,False,
/multi_agv/experiment_state,1789454000.7343132,1789454000.7342412,classic_additive_candidate_A_physical_baseline,M1b_R1,P1_M1B,classic_additive_candidate_A_physical_M1b_lambda_0_20260915_143307,2,True,True,False,
/multi_agv/experiment_state,1789454000.8344665,1789454000.8342416,classic_additive_candidate_A_physical_baseline,M1b_R1,P1_M1B,classic_additive_candidate_A_physical_M1b_lambda_0_20260915_143307,2,True,True,False,
/multi_agv/experiment_state,1789454000.9343882,1789454000.9342506,classic_additive_candidate_A_physical_baseline,M1b_R1,P1_M1B,classic_additive_candidate_A_physical_M1b_lambda_0_20260915_143307,2,True,True,False,
/multi_agv/experiment_state,1789454001.0343552,1789454001.0342467,classic_additive_candidate_A_physical_baseline,M1b_R1,P1_M1B,classic_additive_candidate_A_physical_M1b_lambda_0_20260915_143307,2,True,True,False,
/multi_agv/experiment_state,1789454001.1343005,1789454001.134242,classic_additive_candidate_A_physical_baseline,M1b_R1,P1_M1B,classic_additive_candidate_A_physical_M1b_lambda_0_20260915_143307,2,True,True,False,
/multi_agv/experiment_state,1789454001.2844777,1789454001.284273,classic_additive_candidate_A_physical_baseline,M1b_R1,P1_M1B,classic_additive_candidate_A_physical_M1b_lambda_0_20260915_143307,2,True,True,False,
/multi_agv/experiment_state,1789454001.3343723,1789454001.334242,classic_additive_candidate_A_physical_baseline,M1b_R1,P1_M1B,classic_additive_candidate_A_physical_M1b_lambda_0_20260915_143307,2,True,True,False,
/multi_agv/experiment_state,1789454001.4344637,1789454001.434243,classic_additive_candidate_A_physical_baseline,M1b_R1,P1_M1B,classic_additive_candidate_A_physical_M1b_lambda_0_20260915_143307,2,True,True,False,
/multi_agv/experiment_state,1789454001.5343437,1789454001.5342429,classic_additive_candidate_A_physical_baseline,M1b_R1,P1_M1B,classic_additive_candidate_A_physical_M1b_lambda_0_20260915_143307,2,True,True,False,
/multi_agv/experiment_state,1789454001.6344354,1789454001.6342444,classic_additive_candidate_A_physical_baseline,M1b_R1,P1_M1B,classic_additive_candidate_A_physical_M1b_lambda_0_20260915_143307,2,True,True,False,
/multi_agv/experiment_state,1789454001.734347,1789454001.7342424,classic_additive_candidate_A_physical_baseline,M1b_R1,P1_M1B,classic_additive_candidate_A_physical_M1b_lambda_0_20260915_143307,2,True,True,False,
/multi_agv/experiment_state,1789454001.8344452,1789454001.8342493,classic_additive_candidate_A_physical_baseline,M1b_R1,P1_M1B,classic_additive_candidate_A_physical_M1b_lambda_0_20260915_143307,2,True,True,False,
/multi_agv/experiment_state,1789454001.9843442,1789454001.9842393,classic_additive_candidate_A_physical_baseline,M1b_R1,P1_M1B,classic_additive_candidate_A_physical_M1b_lambda_0_20260915_143307,2,True,True,False,
/multi_agv/experiment_state,1789454002.0344374,1789454002.0343428,classic_additive_candidate_A_physical_baseline,M1b_R1,P1_M1B,classic_additive_candidate_A_physical_M1b_lambda_0_20260915_143307,2,True,True,False,
/multi_agv/experiment_state,1789454002.1343029,1789454002.1342487,classic_additive_candidate_A_physical_baseline,M1b_R1,P1_M1B,classic_additive_candidate_A_physical_M1b_lambda_0_20260915_143307,2,True,True,False,
/multi_agv/experiment_state,1789454002.2343385,1789454002.2342536,classic_additive_candidate_A_physical_baseline,M1b_R1,P1_M1B,classic_additive_candidate_A_physical_M1b_lambda_0_20260915_143307,2,True,True,False,
/multi_agv/experiment_state,1789454002.3343983,1789454002.3342836,classic_additive_candidate_A_physical_baseline,M1b_R1,P1_M1B,classic_additive_candidate_A_physical_M1b_lambda_0_20260915_143307,2,True,True,False,
/multi_agv/experiment_state,1789454002.4343233,1789454002.4342496,classic_additive_candidate_A_physical_baseline,M1b_R1,P1_M1B,classic_additive_candidate_A_physical_M1b_lambda_0_20260915_143307,2,True,True,False,
/multi_agv/experiment_state,1789454002.534424,1789454002.5342493,classic_additive_candidate_A_physical_baseline,M1b_R1,P1_M1B,classic_additive_candidate_A_physical_M1b_lambda_0_20260915_143307,2,True,True,False,
/multi_agv/experiment_state,1789454002.634332,1789454002.6342492,classic_additive_candidate_A_physical_baseline,M1b_R1,P1_M1B,classic_additive_candidate_A_physical_M1b_lambda_0_20260915_143307,2,True,True,False,
/multi_agv/experiment_state,1789454002.734374,1789454002.7342877,classic_additive_candidate_A_physical_baseline,M1b_R1,P1_M1B,classic_additive_candidate_A_physical_M1b_lambda_0_20260915_143307,2,True,True,False,
/multi_agv/experiment_state,1789454002.834458,1789454002.8343418,classic_additive_candidate_A_physical_baseline,M1b_R1,P1_M1B,classic_additive_candidate_A_physical_M1b_lambda_0_20260915_143307,2,True,True,False,
/multi_agv/experiment_state,1789454002.934328,1789454002.9342804,classic_additive_candidate_A_physical_baseline,M1b_R1,P1_M1B,classic_additive_candidate_A_physical_M1b_lambda_0_20260915_143307,2,True,True,False,
/multi_agv/experiment_state,1789454003.0343776,1789454003.034282,classic_additive_candidate_A_physical_baseline,M1b_R1,P1_M1B,classic_additive_candidate_A_physical_M1b_lambda_0_20260915_143307,2,True,True,False,
/multi_agv/experiment_state,1789454003.1343102,1789454003.1342545,classic_additive_candidate_A_physical_baseline,M1b_R1,P1_M1B,classic_additive_candidate_A_physical_M1b_lambda_0_20260915_143307,2,True,True,False,
/multi_agv/experiment_state,1789454003.234375,1789454003.2342794,classic_additive_candidate_A_physical_baseline,M1b_R1,P1_M1B,classic_additive_candidate_A_physical_M1b_lambda_0_20260915_143307,2,True,True,False,
/multi_agv/experiment_state,1789454003.3343084,1789454003.3342805,classic_additive_candidate_A_physical_baseline,M1b_R1,P1_M1B,classic_additive_candidate_A_physical_M1b_lambda_0_20260915_143307,2,True,True,False,
/multi_agv/experiment_state,1789454003.4342992,1789454003.4342492,classic_additive_candidate_A_physical_baseline,M1b_R1,P1_M1B,classic_additive_candidate_A_physical_M1b_lambda_0_20260915_143307,2,True,True,False,
/multi_agv/experiment_state,1789454003.5343003,1789454003.5342438,classic_additive_candidate_A_physical_baseline,M1b_R1,P1_M1B,classic_additive_candidate_A_physical_M1b_lambda_0_20260915_143307,2,True,True,False,
/multi_agv/experiment_state,1789454003.6343725,1789454003.6342745,classic_additive_candidate_A_physical_baseline,M1b_R1,P1_M1B,classic_additive_candidate_A_physical_M1b_lambda_0_20260915_143307,2,True,True,False,
/multi_agv/experiment_state,1789454003.7343335,1789454003.734242,classic_additive_candidate_A_physical_baseline,M1b_R1,P1_M1B,classic_additive_candidate_A_physical_M1b_lambda_0_20260915_143307,2,True,True,False,
/multi_agv/experiment_state,1789454003.8343494,1789454003.8342423,classic_additive_candidate_A_physical_baseline,M1b_R1,P1_M1B,classic_additive_candidate_A_physical_M1b_lambda_0_20260915_143307,2,True,True,False,
/multi_agv/experiment_state,1789454003.934307,1789454003.934274,classic_additive_candidate_A_physical_baseline,M1b_R1,P1_M1B,classic_additive_candidate_A_physical_M1b_lambda_0_20260915_143307,2,True,True,False,
/multi_agv/experiment_state,1789454004.0344675,1789454004.0342734,classic_additive_candidate_A_physical_baseline,M1b_R1,P1_M1B,classic_additive_candidate_A_physical_M1b_lambda_0_20260915_143307,2,True,True,False,
/multi_agv/experiment_state,1789454004.1343408,1789454004.1342757,classic_additive_candidate_A_physical_baseline,M1b_R1,P1_M1B,classic_additive_candidate_A_physical_M1b_lambda_0_20260915_143307,2,True,True,False,
/multi_agv/experiment_state,1789454004.2343156,1789454004.2342427,classic_additive_candidate_A_physical_baseline,M1b_R1,P1_M1B,classic_additive_candidate_A_physical_M1b_lambda_0_20260915_143307,2,True,True,False,
/multi_agv/experiment_state,1789454004.3343925,1789454004.334279,classic_additive_candidate_A_physical_baseline,M1b_R1,P1_M1B,classic_additive_candidate_A_physical_M1b_lambda_0_20260915_143307,2,True,True,False,
/multi_agv/experiment_state,1789454004.4343753,1789454004.434287,classic_additive_candidate_A_physical_baseline,M1b_R1,P1_M1B,classic_additive_candidate_A_physical_M1b_lambda_0_20260915_143307,2,True,True,False,
/multi_agv/experiment_state,1789454004.5343122,1789454004.534249,classic_additive_candidate_A_physical_baseline,M1b_R1,P1_M1B,classic_additive_candidate_A_physical_M1b_lambda_0_20260915_143307,2,True,True,False,
/multi_agv/experiment_state,1789454004.6345046,1789454004.6342854,classic_additive_candidate_A_physical_baseline,M1b_R1,P1_M1B,classic_additive_candidate_A_physical_M1b_lambda_0_20260915_143307,2,True,True,False,
/multi_agv/experiment_state,1789454004.7843628,1789454004.7842705,classic_additive_candidate_A_physical_baseline,M1b_R1,P1_M1B,classic_additive_candidate_A_physical_M1b_lambda_0_20260915_143307,2,True,True,False,
/multi_agv/experiment_state,1789454004.8343713,1789454004.8342836,classic_additive_candidate_A_physical_baseline,M1b_R1,P1_M1B,classic_additive_candidate_A_physical_M1b_lambda_0_20260915_143307,2,True,True,False,
/multi_agv/experiment_state,1789454004.9342809,1789454004.9342473,classic_additive_candidate_A_physical_baseline,M1b_R1,P1_M1B,classic_additive_candidate_A_physical_M1b_lambda_0_20260915_143307,2,True,True,False,
/multi_agv/experiment_state,1789454005.0343292,1789454005.0342479,classic_additive_candidate_A_physical_baseline,M1b_R1,P1_M1B,classic_additive_candidate_A_physical_M1b_lambda_0_20260915_143307,2,True,True,False,
/multi_agv/experiment_state,1789454005.1343746,1789454005.1342795,classic_additive_candidate_A_physical_baseline,M1b_R1,P1_M1B,classic_additive_candidate_A_physical_M1b_lambda_0_20260915_143307,2,True,True,False,
/multi_agv/experiment_state,1789454005.2344763,1789454005.2343667,classic_additive_candidate_A_physical_baseline,M1b_R1,P1_M1B,classic_additive_candidate_A_physical_M1b_lambda_0_20260915_143307,2,True,True,False,
/multi_agv/experiment_state,1789454005.3343658,1789454005.3342495,classic_additive_candidate_A_physical_baseline,M1b_R1,P1_M1B,classic_additive_candidate_A_physical_M1b_lambda_0_20260915_143307,2,True,True,False,
/multi_agv/experiment_state,1789454005.434432,1789454005.4343677,classic_additive_candidate_A_physical_baseline,M1b_R1,P1_M1B,classic_additive_candidate_A_physical_M1b_lambda_0_20260915_143307,2,True,True,False,
/multi_agv/experiment_state,1789454005.5343614,1789454005.5342863,classic_additive_candidate_A_physical_baseline,M1b_R1,P1_M1B,classic_additive_candidate_A_physical_M1b_lambda_0_20260915_143307,2,True,True,False,
/multi_agv/experiment_state,1789454005.6343815,1789454005.6342845,classic_additive_candidate_A_physical_baseline,M1b_R1,P1_M1B,classic_additive_candidate_A_physical_M1b_lambda_0_20260915_143307,2,True,True,False,
/multi_agv/experiment_state,1789454005.7343633,1789454005.7342777,classic_additive_candidate_A_physical_baseline,M1b_R1,P1_M1B,classic_additive_candidate_A_physical_M1b_lambda_0_20260915_143307,2,True,True,False,
/multi_agv/experiment_state,1789454005.834413,1789454005.8342924,classic_additive_candidate_A_physical_baseline,M1b_R1,P1_M1B,classic_additive_candidate_A_physical_M1b_lambda_0_20260915_143307,2,True,True,False,
/multi_agv/experiment_state,1789454005.934321,1789454005.9342518,classic_additive_candidate_A_physical_baseline,M1b_R1,P1_M1B,classic_additive_candidate_A_physical_M1b_lambda_0_20260915_143307,2,True,True,False,
/multi_agv/experiment_state,1789454006.0343337,1789454006.0342503,classic_additive_candidate_A_physical_baseline,M1b_R1,P1_M1B,classic_additive_candidate_A_physical_M1b_lambda_0_20260915_143307,2,True,True,False,
/multi_agv/experiment_state,1789454006.134382,1789454006.134289,classic_additive_candidate_A_physical_baseline,M1b_R1,P1_M1B,classic_additive_candidate_A_physical_M1b_lambda_0_20260915_143307,2,True,True,False,
/multi_agv/experiment_state,1789454006.234352,1789454006.2342806,classic_additive_candidate_A_physical_baseline,M1b_R1,P1_M1B,classic_additive_candidate_A_physical_M1b_lambda_0_20260915_143307,2,True,True,False,
/multi_agv/experiment_state,1789454006.3343592,1789454006.334283,classic_additive_candidate_A_physical_baseline,M1b_R1,P1_M1B,classic_additive_candidate_A_physical_M1b_lambda_0_20260915_143307,2,True,True,False,
/multi_agv/experiment_state,1789454006.4343817,1789454006.4342818,classic_additive_candidate_A_physical_baseline,M1b_R1,P1_M1B,classic_additive_candidate_A_physical_M1b_lambda_0_20260915_143307,2,True,True,False,
/multi_agv/experiment_state,1789454006.534301,1789454006.5342488,classic_additive_candidate_A_physical_baseline,M1b_R1,P1_M1B,classic_additive_candidate_A_physical_M1b_lambda_0_20260915_143307,2,True,True,False,
/multi_agv/experiment_state,1789454006.6343498,1789454006.6342492,classic_additive_candidate_A_physical_baseline,M1b_R1,P1_M1B,classic_additive_candidate_A_physical_M1b_lambda_0_20260915_143307,2,True,True,False,
/multi_agv/experiment_state,1789454006.7343576,1789454006.7342513,classic_additive_candidate_A_physical_baseline,M1b_R1,P1_M1B,classic_additive_candidate_A_physical_M1b_lambda_0_20260915_143307,2,True,True,False,
/multi_agv/experiment_state,1789454006.8343382,1789454006.8342783,classic_additive_candidate_A_physical_baseline,M1b_R1,P1_M1B,classic_additive_candidate_A_physical_M1b_lambda_0_20260915_143307,2,True,True,False,
/multi_agv/experiment_state,1789454006.9343781,1789454006.9342778,classic_additive_candidate_A_physical_baseline,M1b_R1,P1_M1B,classic_additive_candidate_A_physical_M1b_lambda_0_20260915_143307,2,True,True,False,
/multi_agv/experiment_state,1789454007.0343165,1789454007.0342531,classic_additive_candidate_A_physical_baseline,M1b_R1,P1_M1B,classic_additive_candidate_A_physical_M1b_lambda_0_20260915_143307,2,True,True,False,
/multi_agv/experiment_state,1789454007.1343274,1789454007.1342502,classic_additive_candidate_A_physical_baseline,M1b_R1,P1_M1B,classic_additive_candidate_A_physical_M1b_lambda_0_20260915_143307,2,True,True,False,
/multi_agv/experiment_state,1789454007.2343287,1789454007.2342503,classic_additive_candidate_A_physical_baseline,M1b_R1,P1_M1B,classic_additive_candidate_A_physical_M1b_lambda_0_20260915_143307,2,True,True,False,
/multi_agv/experiment_state,1789454007.334341,1789454007.3342469,classic_additive_candidate_A_physical_baseline,M1b_R1,P1_M1B,classic_additive_candidate_A_physical_M1b_lambda_0_20260915_143307,2,True,True,False,
/multi_agv/experiment_state,1789454007.4344332,1789454007.4342477,classic_additive_candidate_A_physical_baseline,M1b_R1,P1_M1B,classic_additive_candidate_A_physical_M1b_lambda_0_20260915_143307,2,True,True,False,
/multi_agv/experiment_state,1789454007.5343897,1789454007.534283,classic_additive_candidate_A_physical_baseline,M1b_R1,P1_M1B,classic_additive_candidate_A_physical_M1b_lambda_0_20260915_143307,2,True,True,False,
/multi_agv/experiment_state,1789454007.6344237,1789454007.6342766,classic_additive_candidate_A_physical_baseline,M1b_R1,P1_M1B,classic_additive_candidate_A_physical_M1b_lambda_0_20260915_143307,2,True,True,False,
/multi_agv/experiment_state,1789454007.7343884,1789454007.734288,classic_additive_candidate_A_physical_baseline,M1b_R1,P1_M1B,classic_additive_candidate_A_physical_M1b_lambda_0_20260915_143307,2,True,True,False,
/multi_agv/experiment_state,1789454007.8343577,1789454007.834248,classic_additive_candidate_A_physical_baseline,M1b_R1,P1_M1B,classic_additive_candidate_A_physical_M1b_lambda_0_20260915_143307,2,True,True,False,
/multi_agv/experiment_state,1789454007.9344842,1789454007.93438,classic_additive_candidate_A_physical_baseline,M1b_R1,P1_M1B,classic_additive_candidate_A_physical_M1b_lambda_0_20260915_143307,2,True,True,False,
/multi_agv/experiment_state,1789454008.0343761,1789454008.0342796,classic_additive_candidate_A_physical_baseline,M1b_R1,P1_M1B,classic_additive_candidate_A_physical_M1b_lambda_0_20260915_143307,2,True,True,False,
/multi_agv/experiment_state,1789454008.1343565,1789454008.134251,classic_additive_candidate_A_physical_baseline,M1b_R1,P1_M1B,classic_additive_candidate_A_physical_M1b_lambda_0_20260915_143307,2,True,True,False,
/multi_agv/experiment_state,1789454008.2343297,1789454008.2342482,classic_additive_candidate_A_physical_baseline,M1b_R1,P1_M1B,classic_additive_candidate_A_physical_M1b_lambda_0_20260915_143307,2,True,True,False,
/multi_agv/experiment_state,1789454008.3343518,1789454008.3342519,classic_additive_candidate_A_physical_baseline,M1b_R1,P1_M1B,classic_additive_candidate_A_physical_M1b_lambda_0_20260915_143307,2,True,True,False,
/multi_agv/experiment_state,1789454008.4344902,1789454008.434339,classic_additive_candidate_A_physical_baseline,M1b_R1,P1_M1B,classic_additive_candidate_A_physical_M1b_lambda_0_20260915_143307,2,True,True,False,
/multi_agv/experiment_state,1789454008.5343518,1789454008.5342817,classic_additive_candidate_A_physical_baseline,M1b_R1,P1_M1B,classic_additive_candidate_A_physical_M1b_lambda_0_20260915_143307,2,True,True,False,
/multi_agv/experiment_state,1789454008.6343515,1789454008.634249,classic_additive_candidate_A_physical_baseline,M1b_R1,P1_M1B,classic_additive_candidate_A_physical_M1b_lambda_0_20260915_143307,2,True,True,False,
/multi_agv/experiment_state,1789454008.7343836,1789454008.7342818,classic_additive_candidate_A_physical_baseline,M1b_R1,P1_M1B,classic_additive_candidate_A_physical_M1b_lambda_0_20260915_143307,2,True,True,False,
/multi_agv/experiment_state,1789454008.8343472,1789454008.8342853,classic_additive_candidate_A_physical_baseline,M1b_R1,P1_M1B,classic_additive_candidate_A_physical_M1b_lambda_0_20260915_143307,2,True,True,False,
/multi_agv/experiment_state,1789454008.9344165,1789454008.9342797,classic_additive_candidate_A_physical_baseline,M1b_R1,P1_M1B,classic_additive_candidate_A_physical_M1b_lambda_0_20260915_143307,2,True,True,False,
/multi_agv/experiment_state,1789454009.0343468,1789454009.0342796,classic_additive_candidate_A_physical_baseline,M1b_R1,P1_M1B,classic_additive_candidate_A_physical_M1b_lambda_0_20260915_143307,2,True,True,False,
/multi_agv/experiment_state,1789454009.1343513,1789454009.1342478,classic_additive_candidate_A_physical_baseline,M1b_R1,P1_M1B,classic_additive_candidate_A_physical_M1b_lambda_0_20260915_143307,2,True,True,False,
/multi_agv/experiment_state,1789454009.234319,1789454009.2342482,classic_additive_candidate_A_physical_baseline,M1b_R1,P1_M1B,classic_additive_candidate_A_physical_M1b_lambda_0_20260915_143307,2,True,True,False,
/multi_agv/experiment_state,1789454009.3343682,1789454009.334249,classic_additive_candidate_A_physical_baseline,M1b_R1,P1_M1B,classic_additive_candidate_A_physical_M1b_lambda_0_20260915_143307,2,True,True,False,
/multi_agv/experiment_state,1789454009.4343402,1789454009.4342482,classic_additive_candidate_A_physical_baseline,M1b_R1,P1_M1B,classic_additive_candidate_A_physical_M1b_lambda_0_20260915_143307,2,True,True,False,
/multi_agv/experiment_state,1789454009.534404,1789454009.5343137,classic_additive_candidate_A_physical_baseline,M1b_R1,P1_M1B,classic_additive_candidate_A_physical_M1b_lambda_0_20260915_143307,2,True,True,False,
/multi_agv/experiment_state,1789454009.6343093,1789454009.634251,classic_additive_candidate_A_physical_baseline,M1b_R1,P1_M1B,classic_additive_candidate_A_physical_M1b_lambda_0_20260915_143307,2,True,True,False,
/multi_agv/experiment_state,1789454009.7344577,1789454009.7342877,classic_additive_candidate_A_physical_baseline,M1b_R1,P1_M1B,classic_additive_candidate_A_physical_M1b_lambda_0_20260915_143307,2,True,True,False,
/multi_agv/experiment_state,1789454009.8343432,1789454009.8342474,classic_additive_candidate_A_physical_baseline,M1b_R1,P1_M1B,classic_additive_candidate_A_physical_M1b_lambda_0_20260915_143307,2,True,True,False,
/multi_agv/experiment_state,1789454009.9344454,1789454009.9343467,classic_additive_candidate_A_physical_baseline,M1b_R1,P1_M1B,classic_additive_candidate_A_physical_M1b_lambda_0_20260915_143307,2,True,True,False,
/multi_agv/experiment_state,1789454010.0343518,1789454010.034249,classic_additive_candidate_A_physical_baseline,M1b_R1,P1_M1B,classic_additive_candidate_A_physical_M1b_lambda_0_20260915_143307,2,True,True,False,
/multi_agv/experiment_state,1789454010.1343756,1789454010.1342802,classic_additive_candidate_A_physical_baseline,M1b_R1,P1_M1B,classic_additive_candidate_A_physical_M1b_lambda_0_20260915_143307,2,True,True,False,
/multi_agv/experiment_state,1789454010.234392,1789454010.2342484,classic_additive_candidate_A_physical_baseline,M1b_R1,P1_M1B,classic_additive_candidate_A_physical_M1b_lambda_0_20260915_143307,2,True,True,False,
/multi_agv/experiment_state,1789454010.334344,1789454010.3342779,classic_additive_candidate_A_physical_baseline,M1b_R1,P1_M1B,classic_additive_candidate_A_physical_M1b_lambda_0_20260915_143307,2,True,True,False,
/multi_agv/experiment_state,1789454010.43436,1789454010.4342937,classic_additive_candidate_A_physical_baseline,M1b_R1,P1_M1B,classic_additive_candidate_A_physical_M1b_lambda_0_20260915_143307,2,True,True,False,
/multi_agv/experiment_state,1789454010.534457,1789454010.5343487,classic_additive_candidate_A_physical_baseline,M1b_R1,P1_M1B,classic_additive_candidate_A_physical_M1b_lambda_0_20260915_143307,2,True,True,False,
/multi_agv/experiment_state,1789454010.6343374,1789454010.6342506,classic_additive_candidate_A_physical_baseline,M1b_R1,P1_M1B,classic_additive_candidate_A_physical_M1b_lambda_0_20260915_143307,2,True,True,False,
/multi_agv/experiment_state,1789454010.7344377,1789454010.734342,classic_additive_candidate_A_physical_baseline,M1b_R1,P1_M1B,classic_additive_candidate_A_physical_M1b_lambda_0_20260915_143307,2,True,True,False,
/multi_agv/experiment_state,1789454010.834453,1789454010.834373,classic_additive_candidate_A_physical_baseline,M1b_R1,P1_M1B,classic_additive_candidate_A_physical_M1b_lambda_0_20260915_143307,2,True,True,False,
/multi_agv/experiment_state,1789454010.9344213,1789454010.9342813,classic_additive_candidate_A_physical_baseline,M1b_R1,P1_M1B,classic_additive_candidate_A_physical_M1b_lambda_0_20260915_143307,2,True,True,False,
/multi_agv/experiment_state,1789454011.0344007,1789454011.034252,classic_additive_candidate_A_physical_baseline,M1b_R1,P1_M1B,classic_additive_candidate_A_physical_M1b_lambda_0_20260915_143307,2,True,True,False,
/multi_agv/experiment_state,1789454011.1345448,1789454011.1343565,classic_additive_candidate_A_physical_baseline,M1b_R1,P1_M1B,classic_additive_candidate_A_physical_M1b_lambda_0_20260915_143307,2,True,True,False,
/multi_agv/experiment_state,1789454011.2344162,1789454011.2343445,classic_additive_candidate_A_physical_baseline,M1b_R1,P1_M1B,classic_additive_candidate_A_physical_M1b_lambda_0_20260915_143307,2,True,True,False,
/multi_agv/experiment_state,1789454011.334388,1789454011.3342817,classic_additive_candidate_A_physical_baseline,M1b_R1,P1_M1B,classic_additive_candidate_A_physical_M1b_lambda_0_20260915_143307,2,True,True,False,
/multi_agv/experiment_state,1789454011.4343412,1789454011.434248,classic_additive_candidate_A_physical_baseline,M1b_R1,P1_M1B,classic_additive_candidate_A_physical_M1b_lambda_0_20260915_143307,2,True,True,False,
/multi_agv/experiment_state,1789454011.5343862,1789454011.5342813,classic_additive_candidate_A_physical_baseline,M1b_R1,P1_M1B,classic_additive_candidate_A_physical_M1b_lambda_0_20260915_143307,2,True,True,False,
/multi_agv/experiment_state,1789454011.6344814,1789454011.634377,classic_additive_candidate_A_physical_baseline,M1b_R1,P1_M1B,classic_additive_candidate_A_physical_M1b_lambda_0_20260915_143307,2,True,True,False,
/multi_agv/experiment_state,1789454011.7344954,1789454011.734344,classic_additive_candidate_A_physical_baseline,M1b_R1,P1_M1B,classic_additive_candidate_A_physical_M1b_lambda_0_20260915_143307,2,True,True,False,
/multi_agv/experiment_state,1789454011.8344316,1789454011.8342865,classic_additive_candidate_A_physical_baseline,M1b_R1,P1_M1B,classic_additive_candidate_A_physical_M1b_lambda_0_20260915_143307,2,True,True,False,
/multi_agv/experiment_state,1789454011.9343565,1789454011.934283,classic_additive_candidate_A_physical_baseline,M1b_R1,P1_M1B,classic_additive_candidate_A_physical_M1b_lambda_0_20260915_143307,2,True,True,False,
/multi_agv/experiment_state,1789454012.0344474,1789454012.0343044,classic_additive_candidate_A_physical_baseline,M1b_R1,P1_M1B,classic_additive_candidate_A_physical_M1b_lambda_0_20260915_143307,2,True,True,False,
/multi_agv/experiment_state,1789454012.1343129,1789454012.13425,classic_additive_candidate_A_physical_baseline,M1b_R1,P1_M1B,classic_additive_candidate_A_physical_M1b_lambda_0_20260915_143307,2,True,True,False,
/multi_agv/experiment_state,1789454012.2344582,1789454012.2342503,classic_additive_candidate_A_physical_baseline,M1b_R1,P1_M1B,classic_additive_candidate_A_physical_M1b_lambda_0_20260915_143307,2,True,True,False,
/multi_agv/experiment_state,1789454012.3343399,1789454012.3342788,classic_additive_candidate_A_physical_baseline,M1b_R1,P1_M1B,classic_additive_candidate_A_physical_M1b_lambda_0_20260915_143307,2,True,True,False,
/multi_agv/experiment_state,1789454012.4344275,1789454012.4343405,classic_additive_candidate_A_physical_baseline,M1b_R1,P1_M1B,classic_additive_candidate_A_physical_M1b_lambda_0_20260915_143307,2,True,True,False,
/multi_agv/experiment_state,1789454012.5344493,1789454012.5343447,classic_additive_candidate_A_physical_baseline,M1b_R1,P1_M1B,classic_additive_candidate_A_physical_M1b_lambda_0_20260915_143307,2,True,True,False,
/multi_agv/experiment_state,1789454012.6344044,1789454012.63434,classic_additive_candidate_A_physical_baseline,M1b_R1,P1_M1B,classic_additive_candidate_A_physical_M1b_lambda_0_20260915_143307,2,True,True,False,
/multi_agv/experiment_state,1789454012.7344325,1789454012.7343369,classic_additive_candidate_A_physical_baseline,M1b_R1,P1_M1B,classic_additive_candidate_A_physical_M1b_lambda_0_20260915_143307,2,True,True,False,
/multi_agv/experiment_state,1789454012.8344421,1789454012.834302,classic_additive_candidate_A_physical_baseline,M1b_R1,P1_M1B,classic_additive_candidate_A_physical_M1b_lambda_0_20260915_143307,2,True,True,False,
/multi_agv/experiment_state,1789454012.9343126,1789454012.9342782,classic_additive_candidate_A_physical_baseline,M1b_R1,P1_M1B,classic_additive_candidate_A_physical_M1b_lambda_0_20260915_143307,2,True,True,False,
/multi_agv/experiment_state,1789454013.0344293,1789454013.034341,classic_additive_candidate_A_physical_baseline,M1b_R1,P1_M1B,classic_additive_candidate_A_physical_M1b_lambda_0_20260915_143307,2,True,True,False,
/multi_agv/experiment_state,1789454013.1344678,1789454013.1343415,classic_additive_candidate_A_physical_baseline,M1b_R1,P1_M1B,classic_additive_candidate_A_physical_M1b_lambda_0_20260915_143307,2,True,True,False,
/multi_agv/experiment_state,1789454013.2345178,1789454013.2343745,classic_additive_candidate_A_physical_baseline,M1b_R1,P1_M1B,classic_additive_candidate_A_physical_M1b_lambda_0_20260915_143307,2,True,True,False,
/multi_agv/experiment_state,1789454013.3343992,1789454013.3342876,classic_additive_candidate_A_physical_baseline,M1b_R1,P1_M1B,classic_additive_candidate_A_physical_M1b_lambda_0_20260915_143307,2,True,True,False,
/multi_agv/experiment_state,1789454013.4344156,1789454013.4342825,classic_additive_candidate_A_physical_baseline,M1b_R1,P1_M1B,classic_additive_candidate_A_physical_M1b_lambda_0_20260915_143307,2,True,True,False,
/multi_agv/experiment_state,1789454013.5344026,1789454013.5342956,classic_additive_candidate_A_physical_baseline,M1b_R1,P1_M1B,classic_additive_candidate_A_physical_M1b_lambda_0_20260915_143307,2,True,True,False,
/multi_agv/experiment_state,1789454013.634376,1789454013.6342797,classic_additive_candidate_A_physical_baseline,M1b_R1,P1_M1B,classic_additive_candidate_A_physical_M1b_lambda_0_20260915_143307,2,True,True,False,
/multi_agv/experiment_state,1789454013.7343886,1789454013.7343435,classic_additive_candidate_A_physical_baseline,M1b_R1,P1_M1B,classic_additive_candidate_A_physical_M1b_lambda_0_20260915_143307,2,True,True,False,
/multi_agv/experiment_state,1789454013.8343303,1789454013.8342464,classic_additive_candidate_A_physical_baseline,M1b_R1,P1_M1B,classic_additive_candidate_A_physical_M1b_lambda_0_20260915_143307,2,True,True,False,
/multi_agv/experiment_state,1789454013.9344056,1789454013.934301,classic_additive_candidate_A_physical_baseline,M1b_R1,P1_M1B,classic_additive_candidate_A_physical_M1b_lambda_0_20260915_143307,2,True,True,False,
/multi_agv/experiment_state,1789454014.0343072,1789454014.0342503,classic_additive_candidate_A_physical_baseline,M1b_R1,P1_M1B,classic_additive_candidate_A_physical_M1b_lambda_0_20260915_143307,2,True,True,False,
/multi_agv/experiment_state,1789454014.13448,1789454014.1343741,classic_additive_candidate_A_physical_baseline,M1b_R1,P1_M1B,classic_additive_candidate_A_physical_M1b_lambda_0_20260915_143307,2,True,True,False,
/multi_agv/experiment_state,1789454014.2344053,1789454014.2343314,classic_additive_candidate_A_physical_baseline,M1b_R1,P1_M1B,classic_additive_candidate_A_physical_M1b_lambda_0_20260915_143307,2,True,True,False,
/multi_agv/experiment_state,1789454014.3343728,1789454014.3342788,classic_additive_candidate_A_physical_baseline,M1b_R1,P1_M1B,classic_additive_candidate_A_physical_M1b_lambda_0_20260915_143307,2,True,True,False,
/multi_agv/experiment_state,1789454014.4343414,1789454014.4342747,classic_additive_candidate_A_physical_baseline,M1b_R1,P1_M1B,classic_additive_candidate_A_physical_M1b_lambda_0_20260915_143307,2,True,True,False,
/multi_agv/experiment_state,1789454014.5343776,1789454014.534277,classic_additive_candidate_A_physical_baseline,M1b_R1,P1_M1B,classic_additive_candidate_A_physical_M1b_lambda_0_20260915_143307,2,True,True,False,
/multi_agv/experiment_state,1789454014.6342924,1789454014.6342478,classic_additive_candidate_A_physical_baseline,M1b_R1,P1_M1B,classic_additive_candidate_A_physical_M1b_lambda_0_20260915_143307,2,True,True,False,
/multi_agv/experiment_state,1789454014.7342982,1789454014.734246,classic_additive_candidate_A_physical_baseline,M1b_R1,P1_M1B,classic_additive_candidate_A_physical_M1b_lambda_0_20260915_143307,2,True,True,False,
/multi_agv/experiment_state,1789454014.834469,1789454014.834275,classic_additive_candidate_A_physical_baseline,M1b_R1,P1_M1B,classic_additive_candidate_A_physical_M1b_lambda_0_20260915_143307,2,True,True,False,
/multi_agv/experiment_state,1789454014.9344087,1789454014.9342744,classic_additive_candidate_A_physical_baseline,M1b_R1,P1_M1B,classic_additive_candidate_A_physical_M1b_lambda_0_20260915_143307,2,True,True,False,
/multi_agv/experiment_state,1789454015.034368,1789454015.0342443,classic_additive_candidate_A_physical_baseline,M1b_R1,P1_M1B,classic_additive_candidate_A_physical_M1b_lambda_0_20260915_143307,2,True,True,False,
/multi_agv/experiment_state,1789454015.13441,1789454015.1342738,classic_additive_candidate_A_physical_baseline,M1b_R1,P1_M1B,classic_additive_candidate_A_physical_M1b_lambda_0_20260915_143307,2,True,True,False,
/multi_agv/experiment_state,1789454015.2343693,1789454015.2342753,classic_additive_candidate_A_physical_baseline,M1b_R1,P1_M1B,classic_additive_candidate_A_physical_M1b_lambda_0_20260915_143307,2,True,True,False,
/multi_agv/experiment_state,1789454015.3344834,1789454015.3342736,classic_additive_candidate_A_physical_baseline,M1b_R1,P1_M1B,classic_additive_candidate_A_physical_M1b_lambda_0_20260915_143307,2,True,True,False,
/multi_agv/experiment_state,1789454015.4343395,1789454015.434274,classic_additive_candidate_A_physical_baseline,M1b_R1,P1_M1B,classic_additive_candidate_A_physical_M1b_lambda_0_20260915_143307,2,True,True,False,
/multi_agv/experiment_state,1789454015.5344753,1789454015.5342731,classic_additive_candidate_A_physical_baseline,M1b_R1,P1_M1B,classic_additive_candidate_A_physical_M1b_lambda_0_20260915_143307,2,True,True,False,
/multi_agv/experiment_state,1789454015.6343536,1789454015.634278,classic_additive_candidate_A_physical_baseline,M1b_R1,P1_M1B,classic_additive_candidate_A_physical_M1b_lambda_0_20260915_143307,2,True,True,False,
/multi_agv/experiment_state,1789454015.7343683,1789454015.734276,classic_additive_candidate_A_physical_baseline,M1b_R1,P1_M1B,classic_additive_candidate_A_physical_M1b_lambda_0_20260915_143307,2,True,True,False,
/multi_agv/experiment_state,1789454015.8344378,1789454015.834278,classic_additive_candidate_A_physical_baseline,M1b_R1,P1_M1B,classic_additive_candidate_A_physical_M1b_lambda_0_20260915_143307,2,True,True,False,
/multi_agv/experiment_state,1789454015.9345028,1789454015.9342787,classic_additive_candidate_A_physical_baseline,M1b_R1,P1_M1B,classic_additive_candidate_A_physical_M1b_lambda_0_20260915_143307,2,True,True,False,
/multi_agv/experiment_state,1789454016.0343356,1789454016.034273,classic_additive_candidate_A_physical_baseline,M1b_R1,P1_M1B,classic_additive_candidate_A_physical_M1b_lambda_0_20260915_143307,2,True,True,False,
/multi_agv/experiment_state,1789454016.1343439,1789454016.1342745,classic_additive_candidate_A_physical_baseline,M1b_R1,P1_M1B,classic_additive_candidate_A_physical_M1b_lambda_0_20260915_143307,2,True,True,False,
/multi_agv/experiment_state,1789454016.2343037,1789454016.234243,classic_additive_candidate_A_physical_baseline,M1b_R1,P1_M1B,classic_additive_candidate_A_physical_M1b_lambda_0_20260915_143307,2,True,True,False,
/multi_agv/experiment_state,1789454016.3344812,1789454016.3342757,classic_additive_candidate_A_physical_baseline,M1b_R1,P1_M1B,classic_additive_candidate_A_physical_M1b_lambda_0_20260915_143307,2,True,True,False,
/multi_agv/experiment_state,1789454016.434464,1789454016.4342756,classic_additive_candidate_A_physical_baseline,M1b_R1,P1_M1B,classic_additive_candidate_A_physical_M1b_lambda_0_20260915_143307,2,True,True,False,
/multi_agv/experiment_state,1789454016.534365,1789454016.534283,classic_additive_candidate_A_physical_baseline,M1b_R1,P1_M1B,classic_additive_candidate_A_physical_M1b_lambda_0_20260915_143307,2,True,True,False,
/multi_agv/experiment_state,1789454016.6343155,1789454016.6342473,classic_additive_candidate_A_physical_baseline,M1b_R1,P1_M1B,classic_additive_candidate_A_physical_M1b_lambda_0_20260915_143307,2,True,True,False,
/multi_agv/experiment_state,1789454016.7344186,1789454016.7342823,classic_additive_candidate_A_physical_baseline,M1b_R1,P1_M1B,classic_additive_candidate_A_physical_M1b_lambda_0_20260915_143307,2,True,True,False,
/multi_agv/experiment_state,1789454016.8343747,1789454016.834283,classic_additive_candidate_A_physical_baseline,M1b_R1,P1_M1B,classic_additive_candidate_A_physical_M1b_lambda_0_20260915_143307,2,True,True,False,
/multi_agv/experiment_state,1789454016.9344993,1789454016.9343426,classic_additive_candidate_A_physical_baseline,M1b_R1,P1_M1B,classic_additive_candidate_A_physical_M1b_lambda_0_20260915_143307,2,True,True,False,
/multi_agv/experiment_state,1789454017.0343378,1789454017.0342512,classic_additive_candidate_A_physical_baseline,M1b_R1,P1_M1B,classic_additive_candidate_A_physical_M1b_lambda_0_20260915_143307,2,True,True,False,
/multi_agv/experiment_state,1789454017.1343243,1789454017.1342492,classic_additive_candidate_A_physical_baseline,M1b_R1,P1_M1B,classic_additive_candidate_A_physical_M1b_lambda_0_20260915_143307,2,True,True,False,
/multi_agv/experiment_state,1789454017.2343013,1789454017.2342472,classic_additive_candidate_A_physical_baseline,M1b_R1,P1_M1B,classic_additive_candidate_A_physical_M1b_lambda_0_20260915_143307,2,True,True,False,
/multi_agv/experiment_state,1789454017.3344123,1789454017.334277,classic_additive_candidate_A_physical_baseline,M1b_R1,P1_M1B,classic_additive_candidate_A_physical_M1b_lambda_0_20260915_143307,2,True,True,False,
/multi_agv/experiment_state,1789454017.434285,1789454017.4342487,classic_additive_candidate_A_physical_baseline,M1b_R1,P1_M1B,classic_additive_candidate_A_physical_M1b_lambda_0_20260915_143307,2,True,True,False,
/multi_agv/experiment_state,1789454017.534372,1789454017.5342796,classic_additive_candidate_A_physical_baseline,M1b_R1,P1_M1B,classic_additive_candidate_A_physical_M1b_lambda_0_20260915_143307,2,True,True,False,
/multi_agv/experiment_state,1789454017.6344347,1789454017.634274,classic_additive_candidate_A_physical_baseline,M1b_R1,P1_M1B,classic_additive_candidate_A_physical_M1b_lambda_0_20260915_143307,2,True,True,False,
/multi_agv/experiment_state,1789454017.7344658,1789454017.7342744,classic_additive_candidate_A_physical_baseline,M1b_R1,P1_M1B,classic_additive_candidate_A_physical_M1b_lambda_0_20260915_143307,2,True,True,False,
/multi_agv/experiment_state,1789454017.8344336,1789454017.8342736,classic_additive_candidate_A_physical_baseline,M1b_R1,P1_M1B,classic_additive_candidate_A_physical_M1b_lambda_0_20260915_143307,2,True,True,False,
/multi_agv/experiment_state,1789454017.9343827,1789454017.9342752,classic_additive_candidate_A_physical_baseline,M1b_R1,P1_M1B,classic_additive_candidate_A_physical_M1b_lambda_0_20260915_143307,2,True,True,False,
/multi_agv/experiment_state,1789454018.0344493,1789454018.0343459,classic_additive_candidate_A_physical_baseline,M1b_R1,P1_M1B,classic_additive_candidate_A_physical_M1b_lambda_0_20260915_143307,2,True,True,False,
/multi_agv/experiment_state,1789454018.134408,1789454018.1342773,classic_additive_candidate_A_physical_baseline,M1b_R1,P1_M1B,classic_additive_candidate_A_physical_M1b_lambda_0_20260915_143307,2,True,True,False,
/multi_agv/experiment_state,1789454018.234527,1789454018.2343762,classic_additive_candidate_A_physical_baseline,M1b_R1,P1_M1B,classic_additive_candidate_A_physical_M1b_lambda_0_20260915_143307,2,True,True,False,
/multi_agv/experiment_state,1789454018.3343198,1789454018.3342485,classic_additive_candidate_A_physical_baseline,M1b_R1,P1_M1B,classic_additive_candidate_A_physical_M1b_lambda_0_20260915_143307,2,True,True,False,
/multi_agv/experiment_state,1789454018.4343371,1789454018.4342477,classic_additive_candidate_A_physical_baseline,M1b_R1,P1_M1B,classic_additive_candidate_A_physical_M1b_lambda_0_20260915_143307,2,True,True,False,
/multi_agv/experiment_state,1789454018.534368,1789454018.5342965,classic_additive_candidate_A_physical_baseline,M1b_R1,P1_M1B,classic_additive_candidate_A_physical_M1b_lambda_0_20260915_143307,2,True,True,False,
/multi_agv/experiment_state,1789454018.6343367,1789454018.634251,classic_additive_candidate_A_physical_baseline,M1b_R1,P1_M1B,classic_additive_candidate_A_physical_M1b_lambda_0_20260915_143307,2,True,True,False,
/multi_agv/experiment_state,1789454018.7344313,1789454018.734336,classic_additive_candidate_A_physical_baseline,M1b_R1,P1_M1B,classic_additive_candidate_A_physical_M1b_lambda_0_20260915_143307,2,True,True,False,
/multi_agv/experiment_state,1789454018.8344612,1789454018.834375,classic_additive_candidate_A_physical_baseline,M1b_R1,P1_M1B,classic_additive_candidate_A_physical_M1b_lambda_0_20260915_143307,2,True,True,False,
/multi_agv/experiment_state,1789454018.9343457,1789454018.9342809,classic_additive_candidate_A_physical_baseline,M1b_R1,P1_M1B,classic_additive_candidate_A_physical_M1b_lambda_0_20260915_143307,2,True,True,False,
/multi_agv/experiment_state,1789454019.0344303,1789454019.0343368,classic_additive_candidate_A_physical_baseline,M1b_R1,P1_M1B,classic_additive_candidate_A_physical_M1b_lambda_0_20260915_143307,2,True,True,False,
/multi_agv/experiment_state,1789454019.134342,1789454019.1342814,classic_additive_candidate_A_physical_baseline,M1b_R1,P1_M1B,classic_additive_candidate_A_physical_M1b_lambda_0_20260915_143307,2,True,True,False,
/multi_agv/experiment_state,1789454019.234374,1789454019.234284,classic_additive_candidate_A_physical_baseline,M1b_R1,P1_M1B,classic_additive_candidate_A_physical_M1b_lambda_0_20260915_143307,2,True,True,False,
/multi_agv/experiment_state,1789454019.3344047,1789454019.3343365,classic_additive_candidate_A_physical_baseline,M1b_R1,P1_M1B,classic_additive_candidate_A_physical_M1b_lambda_0_20260915_143307,2,True,True,False,
/multi_agv/experiment_state,1789454019.4343655,1789454019.4343374,classic_additive_candidate_A_physical_baseline,M1b_R1,P1_M1B,classic_additive_candidate_A_physical_M1b_lambda_0_20260915_143307,2,True,True,False,
/multi_agv/experiment_state,1789454019.5344079,1789454019.5343366,classic_additive_candidate_A_physical_baseline,M1b_R1,P1_M1B,classic_additive_candidate_A_physical_M1b_lambda_0_20260915_143307,2,True,True,False,
/multi_agv/experiment_state,1789454019.6343963,1789454019.634283,classic_additive_candidate_A_physical_baseline,M1b_R1,P1_M1B,classic_additive_candidate_A_physical_M1b_lambda_0_20260915_143307,2,True,True,False,
/multi_agv/experiment_state,1789454019.7344294,1789454019.734338,classic_additive_candidate_A_physical_baseline,M1b_R1,P1_M1B,classic_additive_candidate_A_physical_M1b_lambda_0_20260915_143307,2,True,True,False,
/multi_agv/experiment_state,1789454019.834541,1789454019.8342686,classic_additive_candidate_A_physical_baseline,M1b_R1,P1_M1B,classic_additive_candidate_A_physical_M1b_lambda_0_20260915_143307,2,True,True,False,
/multi_agv/experiment_state,1789454019.934376,1789454019.934282,classic_additive_candidate_A_physical_baseline,M1b_R1,P1_M1B,classic_additive_candidate_A_physical_M1b_lambda_0_20260915_143307,2,True,True,False,
/multi_agv/experiment_state,1789454020.0343494,1789454020.0342846,classic_additive_candidate_A_physical_baseline,M1b_R1,P1_M1B,classic_additive_candidate_A_physical_M1b_lambda_0_20260915_143307,2,True,True,False,
/multi_agv/experiment_state,1789454020.1344686,1789454020.1343744,classic_additive_candidate_A_physical_baseline,M1b_R1,P1_M1B,classic_additive_candidate_A_physical_M1b_lambda_0_20260915_143307,2,True,True,False,
/multi_agv/experiment_state,1789454020.2343385,1789454020.2342484,classic_additive_candidate_A_physical_baseline,M1b_R1,P1_M1B,classic_additive_candidate_A_physical_M1b_lambda_0_20260915_143307,2,True,True,False,
/multi_agv/experiment_state,1789454020.3345597,1789454020.3343666,classic_additive_candidate_A_physical_baseline,M1b_R1,P1_M1B,classic_additive_candidate_A_physical_M1b_lambda_0_20260915_143307,2,True,True,False,
/multi_agv/experiment_state,1789454020.4344056,1789454020.4342837,classic_additive_candidate_A_physical_baseline,M1b_R1,P1_M1B,classic_additive_candidate_A_physical_M1b_lambda_0_20260915_143307,2,True,True,False,
/multi_agv/experiment_state,1789454020.534367,1789454020.534281,classic_additive_candidate_A_physical_baseline,M1b_R1,P1_M1B,classic_additive_candidate_A_physical_M1b_lambda_0_20260915_143307,2,True,True,False,
/multi_agv/experiment_state,1789454020.6343226,1789454020.6342478,classic_additive_candidate_A_physical_baseline,M1b_R1,P1_M1B,classic_additive_candidate_A_physical_M1b_lambda_0_20260915_143307,2,True,True,False,
/multi_agv/experiment_state,1789454020.7344186,1789454020.7343707,classic_additive_candidate_A_physical_baseline,M1b_R1,P1_M1B,classic_additive_candidate_A_physical_M1b_lambda_0_20260915_143307,2,True,True,False,
/multi_agv/experiment_state,1789454020.8343217,1789454020.8342483,classic_additive_candidate_A_physical_baseline,M1b_R1,P1_M1B,classic_additive_candidate_A_physical_M1b_lambda_0_20260915_143307,2,True,True,False,
/multi_agv/experiment_state,1789454020.9344273,1789454020.9342508,classic_additive_candidate_A_physical_baseline,M1b_R1,P1_M1B,classic_additive_candidate_A_physical_M1b_lambda_0_20260915_143307,2,True,True,False,
/multi_agv/experiment_state,1789454021.0343843,1789454021.034249,classic_additive_candidate_A_physical_baseline,M1b_R1,P1_M1B,classic_additive_candidate_A_physical_M1b_lambda_0_20260915_143307,2,True,True,False,
/multi_agv/experiment_state,1789454021.1344013,1789454021.1342804,classic_additive_candidate_A_physical_baseline,M1b_R1,P1_M1B,classic_additive_candidate_A_physical_M1b_lambda_0_20260915_143307,2,True,True,False,
/multi_agv/experiment_state,1789454021.2343545,1789454021.2342482,classic_additive_candidate_A_physical_baseline,M1b_R1,P1_M1B,classic_additive_candidate_A_physical_M1b_lambda_0_20260915_143307,2,True,True,False,
/multi_agv/experiment_state,1789454021.334346,1789454021.3342793,classic_additive_candidate_A_physical_baseline,M1b_R1,P1_M1B,classic_additive_candidate_A_physical_M1b_lambda_0_20260915_143307,2,True,True,False,
/multi_agv/experiment_state,1789454021.4343836,1789454021.4342456,classic_additive_candidate_A_physical_baseline,M1b_R1,P1_M1B,classic_additive_candidate_A_physical_M1b_lambda_0_20260915_143307,2,True,True,False,
/multi_agv/experiment_state,1789454021.5343904,1789454021.5342817,classic_additive_candidate_A_physical_baseline,M1b_R1,P1_M1B,classic_additive_candidate_A_physical_M1b_lambda_0_20260915_143307,2,True,True,False,
/multi_agv/experiment_state,1789454021.6343777,1789454021.6342769,classic_additive_candidate_A_physical_baseline,M1b_R1,P1_M1B,classic_additive_candidate_A_physical_M1b_lambda_0_20260915_143307,2,True,True,False,
/multi_agv/experiment_state,1789454021.7344446,1789454021.7342484,classic_additive_candidate_A_physical_baseline,M1b_R1,P1_M1B,classic_additive_candidate_A_physical_M1b_lambda_0_20260915_143307,2,True,True,False,
/multi_agv/experiment_state,1789454021.8343549,1789454021.8342474,classic_additive_candidate_A_physical_baseline,M1b_R1,P1_M1B,classic_additive_candidate_A_physical_M1b_lambda_0_20260915_143307,2,True,True,False,
/multi_agv/experiment_state,1789454021.934328,1789454021.93425,classic_additive_candidate_A_physical_baseline,M1b_R1,P1_M1B,classic_additive_candidate_A_physical_M1b_lambda_0_20260915_143307,2,True,True,False,
/multi_agv/experiment_state,1789454022.0343595,1789454022.0342486,classic_additive_candidate_A_physical_baseline,M1b_R1,P1_M1B,classic_additive_candidate_A_physical_M1b_lambda_0_20260915_143307,2,True,True,False,
/multi_agv/experiment_state,1789454022.1343594,1789454022.1342533,classic_additive_candidate_A_physical_baseline,M1b_R1,P1_M1B,classic_additive_candidate_A_physical_M1b_lambda_0_20260915_143307,2,True,True,False,
/multi_agv/experiment_state,1789454022.234278,1789454022.2342465,classic_additive_candidate_A_physical_baseline,M1b_R1,P1_M1B,classic_additive_candidate_A_physical_M1b_lambda_0_20260915_143307,2,True,True,False,
/multi_agv/experiment_state,1789454022.3343747,1789454022.334281,classic_additive_candidate_A_physical_baseline,M1b_R1,P1_M1B,classic_additive_candidate_A_physical_M1b_lambda_0_20260915_143307,2,True,True,False,
/multi_agv/experiment_state,1789454022.4343545,1789454022.4342847,classic_additive_candidate_A_physical_baseline,M1b_R1,P1_M1B,classic_additive_candidate_A_physical_M1b_lambda_0_20260915_143307,2,True,True,False,
/multi_agv/experiment_state,1789454022.5343838,1789454022.5342803,classic_additive_candidate_A_physical_baseline,M1b_R1,P1_M1B,classic_additive_candidate_A_physical_M1b_lambda_0_20260915_143307,2,True,True,False,
/multi_agv/experiment_state,1789454022.6343236,1789454022.634249,classic_additive_candidate_A_physical_baseline,M1b_R1,P1_M1B,classic_additive_candidate_A_physical_M1b_lambda_0_20260915_143307,2,True,True,False,
/multi_agv/experiment_state,1789454022.7343829,1789454022.7342763,classic_additive_candidate_A_physical_baseline,M1b_R1,P1_M1B,classic_additive_candidate_A_physical_M1b_lambda_0_20260915_143307,2,True,True,False,
/multi_agv/experiment_state,1789454022.8343627,1789454022.8342483,classic_additive_candidate_A_physical_baseline,M1b_R1,P1_M1B,classic_additive_candidate_A_physical_M1b_lambda_0_20260915_143307,2,True,True,False,
/multi_agv/experiment_state,1789454022.9343507,1789454022.934247,classic_additive_candidate_A_physical_baseline,M1b_R1,P1_M1B,classic_additive_candidate_A_physical_M1b_lambda_0_20260915_143307,2,True,True,False,
/multi_agv/experiment_state,1789454023.0344098,1789454023.034257,classic_additive_candidate_A_physical_baseline,M1b_R1,P1_M1B,classic_additive_candidate_A_physical_M1b_lambda_0_20260915_143307,2,True,True,False,
/multi_agv/experiment_state,1789454023.1343513,1789454023.1342533,classic_additive_candidate_A_physical_baseline,M1b_R1,P1_M1B,classic_additive_candidate_A_physical_M1b_lambda_0_20260915_143307,2,True,True,False,
/multi_agv/experiment_state,1789454023.2343566,1789454023.2342508,classic_additive_candidate_A_physical_baseline,M1b_R1,P1_M1B,classic_additive_candidate_A_physical_M1b_lambda_0_20260915_143307,2,True,True,False,
/multi_agv/experiment_state,1789454023.334322,1789454023.3342519,classic_additive_candidate_A_physical_baseline,M1b_R1,P1_M1B,classic_additive_candidate_A_physical_M1b_lambda_0_20260915_143307,2,True,True,False,
/multi_agv/experiment_state,1789454023.4343176,1789454023.4342399,classic_additive_candidate_A_physical_baseline,M1b_R1,P1_M1B,classic_additive_candidate_A_physical_M1b_lambda_0_20260915_143307,2,True,True,False,
/multi_agv/experiment_state,1789454023.534478,1789454023.5343902,classic_additive_candidate_A_physical_baseline,M1b_R1,P1_M1B,classic_additive_candidate_A_physical_M1b_lambda_0_20260915_143307,2,True,True,False,
/multi_agv/experiment_state,1789454023.63444,1789454023.6342738,classic_additive_candidate_A_physical_baseline,M1b_R1,P1_M1B,classic_additive_candidate_A_physical_M1b_lambda_0_20260915_143307,2,True,True,False,
/multi_agv/experiment_state,1789454023.7343593,1789454023.7342746,classic_additive_candidate_A_physical_baseline,M1b_R1,P1_M1B,classic_additive_candidate_A_physical_M1b_lambda_0_20260915_143307,2,True,True,False,
/multi_agv/experiment_state,1789454023.834415,1789454023.8342776,classic_additive_candidate_A_physical_baseline,M1b_R1,P1_M1B,classic_additive_candidate_A_physical_M1b_lambda_0_20260915_143307,2,True,True,False,
/multi_agv/experiment_state,1789454023.9343905,1789454023.9342735,classic_additive_candidate_A_physical_baseline,M1b_R1,P1_M1B,classic_additive_candidate_A_physical_M1b_lambda_0_20260915_143307,2,True,True,False,
/multi_agv/experiment_state,1789454024.0343785,1789454024.034272,classic_additive_candidate_A_physical_baseline,M1b_R1,P1_M1B,classic_additive_candidate_A_physical_M1b_lambda_0_20260915_143307,2,True,True,False,
/multi_agv/experiment_state,1789454024.1343405,1789454024.1342735,classic_additive_candidate_A_physical_baseline,M1b_R1,P1_M1B,classic_additive_candidate_A_physical_M1b_lambda_0_20260915_143307,2,True,True,False,
/multi_agv/experiment_state,1789454024.2343113,1789454024.2342436,classic_additive_candidate_A_physical_baseline,M1b_R1,P1_M1B,classic_additive_candidate_A_physical_M1b_lambda_0_20260915_143307,2,True,True,False,
/multi_agv/experiment_state,1789454024.3344545,1789454024.3342764,classic_additive_candidate_A_physical_baseline,M1b_R1,P1_M1B,classic_additive_candidate_A_physical_M1b_lambda_0_20260915_143307,2,True,True,False,
/multi_agv/experiment_state,1789454024.43435,1789454024.4342732,classic_additive_candidate_A_physical_baseline,M1b_R1,P1_M1B,classic_additive_candidate_A_physical_M1b_lambda_0_20260915_143307,2,True,True,False,
/multi_agv/experiment_state,1789454024.5343385,1789454024.5342555,classic_additive_candidate_A_physical_baseline,M1b_R1,P1_M1B,classic_additive_candidate_A_physical_M1b_lambda_0_20260915_143307,2,True,True,False,
/multi_agv/experiment_state,1789454024.634297,1789454024.6342494,classic_additive_candidate_A_physical_baseline,M1b_R1,P1_M1B,classic_additive_candidate_A_physical_M1b_lambda_0_20260915_143307,2,True,True,False,
/multi_agv/experiment_state,1789454024.734382,1789454024.7342784,classic_additive_candidate_A_physical_baseline,M1b_R1,P1_M1B,classic_additive_candidate_A_physical_M1b_lambda_0_20260915_143307,2,True,True,False,
/multi_agv/experiment_state,1789454024.8343878,1789454024.8342845,classic_additive_candidate_A_physical_baseline,M1b_R1,P1_M1B,classic_additive_candidate_A_physical_M1b_lambda_0_20260915_143307,2,True,True,False,
/multi_agv/experiment_state,1789454024.934369,1789454024.9342773,classic_additive_candidate_A_physical_baseline,M1b_R1,P1_M1B,classic_additive_candidate_A_physical_M1b_lambda_0_20260915_143307,2,True,True,False,
/multi_agv/experiment_state,1789454025.0343478,1789454025.0342753,classic_additive_candidate_A_physical_baseline,M1b_R1,P1_M1B,classic_additive_candidate_A_physical_M1b_lambda_0_20260915_143307,2,True,True,False,
/multi_agv/experiment_state,1789454025.1345172,1789454025.134273,classic_additive_candidate_A_physical_baseline,M1b_R1,P1_M1B,classic_additive_candidate_A_physical_M1b_lambda_0_20260915_143307,2,True,True,False,
/multi_agv/experiment_state,1789454025.2343624,1789454025.2342737,classic_additive_candidate_A_physical_baseline,M1b_R1,P1_M1B,classic_additive_candidate_A_physical_M1b_lambda_0_20260915_143307,2,True,True,False,
/multi_agv/experiment_state,1789454025.3343444,1789454025.3342752,classic_additive_candidate_A_physical_baseline,M1b_R1,P1_M1B,classic_additive_candidate_A_physical_M1b_lambda_0_20260915_143307,2,True,True,False,
/multi_agv/experiment_state,1789454025.4344113,1789454025.4342432,classic_additive_candidate_A_physical_baseline,M1b_R1,P1_M1B,classic_additive_candidate_A_physical_M1b_lambda_0_20260915_143307,2,True,True,False,
/multi_agv/experiment_state,1789454025.534409,1789454025.5342803,classic_additive_candidate_A_physical_baseline,M1b_R1,P1_M1B,classic_additive_candidate_A_physical_M1b_lambda_0_20260915_143307,2,True,True,False,
/multi_agv/experiment_state,1789454025.6343727,1789454025.6342723,classic_additive_candidate_A_physical_baseline,M1b_R1,P1_M1B,classic_additive_candidate_A_physical_M1b_lambda_0_20260915_143307,2,True,True,False,
/multi_agv/experiment_state,1789454025.734494,1789454025.7342744,classic_additive_candidate_A_physical_baseline,M1b_R1,P1_M1B,classic_additive_candidate_A_physical_M1b_lambda_0_20260915_143307,2,True,True,False,
/multi_agv/experiment_state,1789454025.8343031,1789454025.8342478,classic_additive_candidate_A_physical_baseline,M1b_R1,P1_M1B,classic_additive_candidate_A_physical_M1b_lambda_0_20260915_143307,2,True,True,False,
/multi_agv/experiment_state,1789454025.9343624,1789454025.9342813,classic_additive_candidate_A_physical_baseline,M1b_R1,P1_M1B,classic_additive_candidate_A_physical_M1b_lambda_0_20260915_143307,2,True,True,False,
/multi_agv/experiment_state,1789454026.0343592,1789454026.0342488,classic_additive_candidate_A_physical_baseline,M1b_R1,P1_M1B,classic_additive_candidate_A_physical_M1b_lambda_0_20260915_143307,2,True,True,False,
/multi_agv/experiment_state,1789454026.1344743,1789454026.1342766,classic_additive_candidate_A_physical_baseline,M1b_R1,P1_M1B,classic_additive_candidate_A_physical_M1b_lambda_0_20260915_143307,2,True,True,False,
/multi_agv/experiment_state,1789454026.2343423,1789454026.2342734,classic_additive_candidate_A_physical_baseline,M1b_R1,P1_M1B,classic_additive_candidate_A_physical_M1b_lambda_0_20260915_143307,2,True,True,False,
/multi_agv/experiment_state,1789454026.3344815,1789454026.3343408,classic_additive_candidate_A_physical_baseline,M1b_R1,P1_M1B,classic_additive_candidate_A_physical_M1b_lambda_0_20260915_143307,2,True,True,False,
/multi_agv/experiment_state,1789454026.434447,1789454026.4342713,classic_additive_candidate_A_physical_baseline,M1b_R1,P1_M1B,classic_additive_candidate_A_physical_M1b_lambda_0_20260915_143307,2,True,True,False,
/multi_agv/experiment_state,1789454026.5343943,1789454026.5342762,classic_additive_candidate_A_physical_baseline,M1b_R1,P1_M1B,classic_additive_candidate_A_physical_M1b_lambda_0_20260915_143307,2,True,True,False,
/multi_agv/experiment_state,1789454026.6343803,1789454026.6342762,classic_additive_candidate_A_physical_baseline,M1b_R1,P1_M1B,classic_additive_candidate_A_physical_M1b_lambda_0_20260915_143307,2,True,True,False,
/multi_agv/experiment_state,1789454026.7343554,1789454026.7342432,classic_additive_candidate_A_physical_baseline,M1b_R1,P1_M1B,classic_additive_candidate_A_physical_M1b_lambda_0_20260915_143307,2,True,True,False,
/multi_agv/experiment_state,1789454026.8344333,1789454026.8342414,classic_additive_candidate_A_physical_baseline,M1b_R1,P1_M1B,classic_additive_candidate_A_physical_M1b_lambda_0_20260915_143307,2,True,True,False,
/multi_agv/experiment_state,1789454026.934334,1789454026.9342735,classic_additive_candidate_A_physical_baseline,M1b_R1,P1_M1B,classic_additive_candidate_A_physical_M1b_lambda_0_20260915_143307,2,True,True,False,
/multi_agv/experiment_state,1789454027.0343204,1789454027.0342488,classic_additive_candidate_A_physical_baseline,M1b_R1,P1_M1B,classic_additive_candidate_A_physical_M1b_lambda_0_20260915_143307,2,True,True,False,
/multi_agv/experiment_state,1789454027.1343553,1789454027.134242,classic_additive_candidate_A_physical_baseline,M1b_R1,P1_M1B,classic_additive_candidate_A_physical_M1b_lambda_0_20260915_143307,2,True,True,False,
/multi_agv/experiment_state,1789454027.2344377,1789454027.2342753,classic_additive_candidate_A_physical_baseline,M1b_R1,P1_M1B,classic_additive_candidate_A_physical_M1b_lambda_0_20260915_143307,2,True,True,False,
/multi_agv/experiment_state,1789454027.3343446,1789454027.3342752,classic_additive_candidate_A_physical_baseline,M1b_R1,P1_M1B,classic_additive_candidate_A_physical_M1b_lambda_0_20260915_143307,2,True,True,False,
/multi_agv/experiment_state,1789454027.4344983,1789454027.434283,classic_additive_candidate_A_physical_baseline,M1b_R1,P1_M1B,classic_additive_candidate_A_physical_M1b_lambda_0_20260915_143307,2,True,True,False,
/multi_agv/experiment_state,1789454027.534374,1789454027.5342784,classic_additive_candidate_A_physical_baseline,M1b_R1,P1_M1B,classic_additive_candidate_A_physical_M1b_lambda_0_20260915_143307,2,True,True,False,
/multi_agv/experiment_state,1789454027.6843228,1789454027.6842713,classic_additive_candidate_A_physical_baseline,M1b_R1,P1_M1B,classic_additive_candidate_A_physical_M1b_lambda_0_20260915_143307,2,True,True,False,
/multi_agv/experiment_state,1789454027.7343786,1789454027.7342741,classic_additive_candidate_A_physical_baseline,M1b_R1,P1_M1B,classic_additive_candidate_A_physical_M1b_lambda_0_20260915_143307,2,True,True,False,
/multi_agv/experiment_state,1789454027.8344202,1789454027.834344,classic_additive_candidate_A_physical_baseline,M1b_R1,P1_M1B,classic_additive_candidate_A_physical_M1b_lambda_0_20260915_143307,2,True,True,False,
/multi_agv/experiment_state,1789454027.9344351,1789454027.9342773,classic_additive_candidate_A_physical_baseline,M1b_R1,P1_M1B,classic_additive_candidate_A_physical_M1b_lambda_0_20260915_143307,2,True,True,False,
/multi_agv/experiment_state,1789454028.034458,1789454028.0343506,classic_additive_candidate_A_physical_baseline,M1b_R1,P1_M1B,classic_additive_candidate_A_physical_M1b_lambda_0_20260915_143307,2,True,True,False,
/multi_agv/experiment_state,1789454028.13451,1789454028.1342895,classic_additive_candidate_A_physical_baseline,M1b_R1,P1_M1B,classic_additive_candidate_A_physical_M1b_lambda_0_20260915_143307,2,True,True,False,
/multi_agv/experiment_state,1789454028.2343683,1789454028.2342443,classic_additive_candidate_A_physical_baseline,M1b_R1,P1_M1B,classic_additive_candidate_A_physical_M1b_lambda_0_20260915_143307,2,True,True,False,
/multi_agv/experiment_state,1789454028.3343868,1789454028.3342803,classic_additive_candidate_A_physical_baseline,M1b_R1,P1_M1B,classic_additive_candidate_A_physical_M1b_lambda_0_20260915_143307,2,True,True,False,
/multi_agv/experiment_state,1789454028.4345589,1789454028.434347,classic_additive_candidate_A_physical_baseline,M1b_R1,P1_M1B,classic_additive_candidate_A_physical_M1b_lambda_0_20260915_143307,2,True,True,False,
/multi_agv/experiment_state,1789454028.5343883,1789454028.5342872,classic_additive_candidate_A_physical_baseline,M1b_R1,P1_M1B,classic_additive_candidate_A_physical_M1b_lambda_0_20260915_143307,2,True,True,False,
/multi_agv/experiment_state,1789454028.634417,1789454028.634247,classic_additive_candidate_A_physical_baseline,M1b_R1,P1_M1B,classic_additive_candidate_A_physical_M1b_lambda_0_20260915_143307,2,True,True,False,
/multi_agv/experiment_state,1789454028.7844484,1789454028.7842665,classic_additive_candidate_A_physical_baseline,M1b_R1,P1_M1B,classic_additive_candidate_A_physical_M1b_lambda_0_20260915_143307,2,True,True,False,
/multi_agv/experiment_state,1789454028.8344436,1789454028.8342757,classic_additive_candidate_A_physical_baseline,M1b_R1,P1_M1B,classic_additive_candidate_A_physical_M1b_lambda_0_20260915_143307,2,True,True,False,
/multi_agv/experiment_state,1789454028.934509,1789454028.9342763,classic_additive_candidate_A_physical_baseline,M1b_R1,P1_M1B,classic_additive_candidate_A_physical_M1b_lambda_0_20260915_143307,2,True,True,False,
/multi_agv/experiment_state,1789454029.034402,1789454029.0342438,classic_additive_candidate_A_physical_baseline,M1b_R1,P1_M1B,classic_additive_candidate_A_physical_M1b_lambda_0_20260915_143307,2,True,True,False,
/multi_agv/experiment_state,1789454029.1343503,1789454029.1342764,classic_additive_candidate_A_physical_baseline,M1b_R1,P1_M1B,classic_additive_candidate_A_physical_M1b_lambda_0_20260915_143307,2,True,True,False,
/multi_agv/experiment_state,1789454029.2344434,1789454029.2342775,classic_additive_candidate_A_physical_baseline,M1b_R1,P1_M1B,classic_additive_candidate_A_physical_M1b_lambda_0_20260915_143307,2,True,True,False,
/multi_agv/experiment_state,1789454029.3343349,1789454029.3342724,classic_additive_candidate_A_physical_baseline,M1b_R1,P1_M1B,classic_additive_candidate_A_physical_M1b_lambda_0_20260915_143307,2,True,True,False,
/multi_agv/experiment_state,1789454029.4343953,1789454029.434278,classic_additive_candidate_A_physical_baseline,M1b_R1,P1_M1B,classic_additive_candidate_A_physical_M1b_lambda_0_20260915_143307,2,True,True,False,
/multi_agv/experiment_state,1789454029.5382817,1789454029.534252,classic_additive_candidate_A_physical_baseline,M1b_R1,P1_M1B,classic_additive_candidate_A_physical_M1b_lambda_0_20260915_143307,2,True,True,False,
/multi_agv/experiment_state,1789454029.6344516,1789454029.634248,classic_additive_candidate_A_physical_baseline,M1b_R1,P1_M1B,classic_additive_candidate_A_physical_M1b_lambda_0_20260915_143307,2,True,True,False,
/multi_agv/experiment_state,1789454029.7343483,1789454029.7342803,classic_additive_candidate_A_physical_baseline,M1b_R1,P1_M1B,classic_additive_candidate_A_physical_M1b_lambda_0_20260915_143307,2,True,True,False,
/multi_agv/experiment_state,1789454029.8344247,1789454029.8342745,classic_additive_candidate_A_physical_baseline,M1b_R1,P1_M1B,classic_additive_candidate_A_physical_M1b_lambda_0_20260915_143307,2,True,True,False,
/multi_agv/experiment_state,1789454029.9344761,1789454029.9342735,classic_additive_candidate_A_physical_baseline,M1b_R1,P1_M1B,classic_additive_candidate_A_physical_M1b_lambda_0_20260915_143307,2,True,True,False,
/multi_agv/experiment_state,1789454030.0344455,1789454030.0342765,classic_additive_candidate_A_physical_baseline,M1b_R1,P1_M1B,classic_additive_candidate_A_physical_M1b_lambda_0_20260915_143307,2,True,True,False,
/multi_agv/experiment_state,1789454030.1344452,1789454030.1343682,classic_additive_candidate_A_physical_baseline,M1b_R1,P1_M1B,classic_additive_candidate_A_physical_M1b_lambda_0_20260915_143307,2,True,True,False,
/multi_agv/experiment_state,1789454030.2343814,1789454030.2342408,classic_additive_candidate_A_physical_baseline,M1b_R1,P1_M1B,classic_additive_candidate_A_physical_M1b_lambda_0_20260915_143307,2,True,True,False,
/multi_agv/experiment_state,1789454030.3344467,1789454030.3342438,classic_additive_candidate_A_physical_baseline,M1b_R1,P1_M1B,classic_additive_candidate_A_physical_M1b_lambda_0_20260915_143307,2,True,True,False,
/multi_agv/experiment_state,1789454030.4343953,1789454030.4342406,classic_additive_candidate_A_physical_baseline,M1b_R1,P1_M1B,classic_additive_candidate_A_physical_M1b_lambda_0_20260915_143307,2,True,True,False,
/multi_agv/experiment_state,1789454030.534442,1789454030.534281,classic_additive_candidate_A_physical_baseline,M1b_R1,P1_M1B,classic_additive_candidate_A_physical_M1b_lambda_0_20260915_143307,2,True,True,False,
/multi_agv/experiment_state,1789454030.6343014,1789454030.6342423,classic_additive_candidate_A_physical_baseline,M1b_R1,P1_M1B,classic_additive_candidate_A_physical_M1b_lambda_0_20260915_143307,2,True,True,False,
/multi_agv/experiment_state,1789454030.7343175,1789454030.7342455,classic_additive_candidate_A_physical_baseline,M1b_R1,P1_M1B,classic_additive_candidate_A_physical_M1b_lambda_0_20260915_143307,2,True,True,False,
/multi_agv/experiment_state,1789454030.8343086,1789454030.8342526,classic_additive_candidate_A_physical_baseline,M1b_R1,P1_M1B,classic_additive_candidate_A_physical_M1b_lambda_0_20260915_143307,2,True,True,False,
/multi_agv/experiment_state,1789454030.934391,1789454030.9342856,classic_additive_candidate_A_physical_baseline,M1b_R1,P1_M1B,classic_additive_candidate_A_physical_M1b_lambda_0_20260915_143307,2,True,True,False,
/multi_agv/experiment_state,1789454031.0343692,1789454031.034251,classic_additive_candidate_A_physical_baseline,M1b_R1,P1_M1B,classic_additive_candidate_A_physical_M1b_lambda_0_20260915_143307,2,True,True,False,
/multi_agv/experiment_state,1789454031.1343737,1789454031.134251,classic_additive_candidate_A_physical_baseline,M1b_R1,P1_M1B,classic_additive_candidate_A_physical_M1b_lambda_0_20260915_143307,2,True,True,False,
/multi_agv/experiment_state,1789454031.2344258,1789454031.23428,classic_additive_candidate_A_physical_baseline,M1b_R1,P1_M1B,classic_additive_candidate_A_physical_M1b_lambda_0_20260915_143307,2,True,True,False,
/multi_agv/experiment_state,1789454031.3343227,1789454031.334249,classic_additive_candidate_A_physical_baseline,M1b_R1,P1_M1B,classic_additive_candidate_A_physical_M1b_lambda_0_20260915_143307,2,True,True,False,
/multi_agv/experiment_state,1789454031.484425,1789454031.4842947,classic_additive_candidate_A_physical_baseline,M1b_R1,P1_M1B,classic_additive_candidate_A_physical_M1b_lambda_0_20260915_143307,2,True,True,False,
/multi_agv/experiment_state,1789454031.5343509,1789454031.5342472,classic_additive_candidate_A_physical_baseline,M1b_R1,P1_M1B,classic_additive_candidate_A_physical_M1b_lambda_0_20260915_143307,2,True,True,False,
/multi_agv/experiment_state,1789454031.6343856,1789454031.6342468,classic_additive_candidate_A_physical_baseline,M1b_R1,P1_M1B,classic_additive_candidate_A_physical_M1b_lambda_0_20260915_143307,2,True,True,False,
/multi_agv/experiment_state,1789454031.7344596,1789454031.7342796,classic_additive_candidate_A_physical_baseline,M1b_R1,P1_M1B,classic_additive_candidate_A_physical_M1b_lambda_0_20260915_143307,2,True,True,False,
/multi_agv/experiment_state,1789454031.8343625,1789454031.8342466,classic_additive_candidate_A_physical_baseline,M1b_R1,P1_M1B,classic_additive_candidate_A_physical_M1b_lambda_0_20260915_143307,2,True,True,False,
/multi_agv/experiment_state,1789454031.9343622,1789454031.9342484,classic_additive_candidate_A_physical_baseline,M1b_R1,P1_M1B,classic_additive_candidate_A_physical_M1b_lambda_0_20260915_143307,2,True,True,False,
/multi_agv/experiment_state,1789454032.0343277,1789454032.034248,classic_additive_candidate_A_physical_baseline,M1b_R1,P1_M1B,classic_additive_candidate_A_physical_M1b_lambda_0_20260915_143307,2,True,True,False,
/multi_agv/experiment_state,1789454032.1343553,1789454032.1342509,classic_additive_candidate_A_physical_baseline,M1b_R1,P1_M1B,classic_additive_candidate_A_physical_M1b_lambda_0_20260915_143307,2,True,True,False,
/multi_agv/experiment_state,1789454032.2344267,1789454032.2342913,classic_additive_candidate_A_physical_baseline,M1b_R1,P1_M1B,classic_additive_candidate_A_physical_M1b_lambda_0_20260915_143307,2,True,True,False,
/multi_agv/experiment_state,1789454032.3344114,1789454032.3342943,classic_additive_candidate_A_physical_baseline,M1b_R1,P1_M1B,classic_additive_candidate_A_physical_M1b_lambda_0_20260915_143307,2,True,True,False,
/multi_agv/experiment_state,1789454032.434459,1789454032.4343076,classic_additive_candidate_A_physical_baseline,M1b_R1,P1_M1B,classic_additive_candidate_A_physical_M1b_lambda_0_20260915_143307,2,True,True,False,
/multi_agv/experiment_state,1789454032.5344322,1789454032.5343025,classic_additive_candidate_A_physical_baseline,M1b_R1,P1_M1B,classic_additive_candidate_A_physical_M1b_lambda_0_20260915_143307,2,True,True,False,
/multi_agv/experiment_state,1789454032.6343863,1789454032.6342504,classic_additive_candidate_A_physical_baseline,M1b_R1,P1_M1B,classic_additive_candidate_A_physical_M1b_lambda_0_20260915_143307,2,True,True,False,
/multi_agv/experiment_state,1789454032.7343895,1789454032.7342744,classic_additive_candidate_A_physical_baseline,M1b_R1,P1_M1B,classic_additive_candidate_A_physical_M1b_lambda_0_20260915_143307,2,True,True,False,
/multi_agv/experiment_state,1789454032.834341,1789454032.8342464,classic_additive_candidate_A_physical_baseline,M1b_R1,P1_M1B,classic_additive_candidate_A_physical_M1b_lambda_0_20260915_143307,2,True,True,False,
/multi_agv/experiment_state,1789454032.9342904,1789454032.9342477,classic_additive_candidate_A_physical_baseline,M1b_R1,P1_M1B,classic_additive_candidate_A_physical_M1b_lambda_0_20260915_143307,2,True,True,False,
/multi_agv/experiment_state,1789454033.0342817,1789454033.0342486,classic_additive_candidate_A_physical_baseline,M1b_R1,P1_M1B,classic_additive_candidate_A_physical_M1b_lambda_0_20260915_143307,2,True,True,False,
/multi_agv/experiment_state,1789454033.184346,1789454033.184241,classic_additive_candidate_A_physical_baseline,M1b_R1,P1_M1B,classic_additive_candidate_A_physical_M1b_lambda_0_20260915_143307,2,True,True,False,
/multi_agv/experiment_state,1789454033.2343736,1789454033.2342525,classic_additive_candidate_A_physical_baseline,M1b_R1,P1_M1B,classic_additive_candidate_A_physical_M1b_lambda_0_20260915_143307,2,True,True,False,
/multi_agv/experiment_state,1789454033.3343537,1789454033.334251,classic_additive_candidate_A_physical_baseline,M1b_R1,P1_M1B,classic_additive_candidate_A_physical_M1b_lambda_0_20260915_143307,2,True,True,False,
/multi_agv/experiment_state,1789454033.43437,1789454033.4342477,classic_additive_candidate_A_physical_baseline,M1b_R1,P1_M1B,classic_additive_candidate_A_physical_M1b_lambda_0_20260915_143307,2,True,True,False,
/multi_agv/experiment_state,1789454033.5343869,1789454033.5342534,classic_additive_candidate_A_physical_baseline,M1b_R1,P1_M1B,classic_additive_candidate_A_physical_M1b_lambda_0_20260915_143307,2,True,True,False,
/multi_agv/experiment_state,1789454033.634352,1789454033.6342497,classic_additive_candidate_A_physical_baseline,M1b_R1,P1_M1B,classic_additive_candidate_A_physical_M1b_lambda_0_20260915_143307,2,True,True,False,
/multi_agv/experiment_state,1789454033.7843978,1789454033.7842948,classic_additive_candidate_A_physical_baseline,M1b_R1,P1_M1B,classic_additive_candidate_A_physical_M1b_lambda_0_20260915_143307,2,True,True,False,
/multi_agv/experiment_state,1789454033.884421,1789454033.8842964,classic_additive_candidate_A_physical_baseline,M1b_R1,P1_M1B,classic_additive_candidate_A_physical_M1b_lambda_0_20260915_143307,2,True,True,False,
/multi_agv/experiment_state,1789454033.9343803,1789454033.9342506,classic_additive_candidate_A_physical_baseline,M1b_R1,P1_M1B,classic_additive_candidate_A_physical_M1b_lambda_0_20260915_143307,2,True,True,False,
/multi_agv/experiment_state,1789454034.0343661,1789454034.0342484,classic_additive_candidate_A_physical_baseline,M1b_R1,P1_M1B,classic_additive_candidate_A_physical_M1b_lambda_0_20260915_143307,2,True,True,False,
/multi_agv/experiment_state,1789454034.1343513,1789454034.1342475,classic_additive_candidate_A_physical_baseline,M1b_R1,P1_M1B,classic_additive_candidate_A_physical_M1b_lambda_0_20260915_143307,2,True,True,False,
/multi_agv/experiment_state,1789454034.234299,1789454034.2342484,classic_additive_candidate_A_physical_baseline,M1b_R1,P1_M1B,classic_additive_candidate_A_physical_M1b_lambda_0_20260915_143307,2,True,True,False,
/multi_agv/experiment_state,1789454034.3343248,1789454034.3342829,classic_additive_candidate_A_physical_baseline,M1b_R1,P1_M1B,classic_additive_candidate_A_physical_M1b_lambda_0_20260915_143307,2,True,True,False,
/multi_agv/experiment_state,1789454034.4344726,1789454034.4342759,classic_additive_candidate_A_physical_baseline,M1b_R1,P1_M1B,classic_additive_candidate_A_physical_M1b_lambda_0_20260915_143307,2,True,True,False,
/multi_agv/experiment_state,1789454034.5343425,1789454034.534248,classic_additive_candidate_A_physical_baseline,M1b_R1,P1_M1B,classic_additive_candidate_A_physical_M1b_lambda_0_20260915_143307,2,True,True,False,
/multi_agv/experiment_state,1789454034.6343837,1789454034.6342432,classic_additive_candidate_A_physical_baseline,M1b_R1,P1_M1B,classic_additive_candidate_A_physical_M1b_lambda_0_20260915_143307,2,True,True,False,
/multi_agv/experiment_state,1789454034.7344198,1789454034.7342453,classic_additive_candidate_A_physical_baseline,M1b_R1,P1_M1B,classic_additive_candidate_A_physical_M1b_lambda_0_20260915_143307,2,True,True,False,
/multi_agv/experiment_state,1789454034.834369,1789454034.834273,classic_additive_candidate_A_physical_baseline,M1b_R1,P1_M1B,classic_additive_candidate_A_physical_M1b_lambda_0_20260915_143307,2,True,True,False,
/multi_agv/experiment_state,1789454034.9343162,1789454034.9342775,classic_additive_candidate_A_physical_baseline,M1b_R1,P1_M1B,classic_additive_candidate_A_physical_M1b_lambda_0_20260915_143307,2,True,True,False,
/multi_agv/experiment_state,1789454035.034334,1789454035.0342414,classic_additive_candidate_A_physical_baseline,M1b_R1,P1_M1B,classic_additive_candidate_A_physical_M1b_lambda_0_20260915_143307,2,True,True,False,
/multi_agv/experiment_state,1789454035.1343575,1789454035.1342735,classic_additive_candidate_A_physical_baseline,M1b_R1,P1_M1B,classic_additive_candidate_A_physical_M1b_lambda_0_20260915_143307,2,True,True,False,
/multi_agv/experiment_state,1789454035.2343397,1789454035.2342746,classic_additive_candidate_A_physical_baseline,M1b_R1,P1_M1B,classic_additive_candidate_A_physical_M1b_lambda_0_20260915_143307,2,True,True,False,
/multi_agv/experiment_state,1789454035.3343782,1789454035.3342426,classic_additive_candidate_A_physical_baseline,M1b_R1,P1_M1B,classic_additive_candidate_A_physical_M1b_lambda_0_20260915_143307,2,True,True,False,
/multi_agv/experiment_state,1789454035.434389,1789454035.4342453,classic_additive_candidate_A_physical_baseline,M1b_R1,P1_M1B,classic_additive_candidate_A_physical_M1b_lambda_0_20260915_143307,2,True,True,False,
/multi_agv/experiment_state,1789454035.53444,1789454035.5342755,classic_additive_candidate_A_physical_baseline,M1b_R1,P1_M1B,classic_additive_candidate_A_physical_M1b_lambda_0_20260915_143307,2,True,True,False,
/multi_agv/experiment_state,1789454035.6343553,1789454035.6342752,classic_additive_candidate_A_physical_baseline,M1b_R1,P1_M1B,classic_additive_candidate_A_physical_M1b_lambda_0_20260915_143307,2,True,True,False,
/multi_agv/experiment_state,1789454035.7343013,1789454035.7342455,classic_additive_candidate_A_physical_baseline,M1b_R1,P1_M1B,classic_additive_candidate_A_physical_M1b_lambda_0_20260915_143307,2,True,True,False,
/multi_agv/experiment_state,1789454035.8343341,1789454035.8342457,classic_additive_candidate_A_physical_baseline,M1b_R1,P1_M1B,classic_additive_candidate_A_physical_M1b_lambda_0_20260915_143307,2,True,True,False,
/multi_agv/experiment_state,1789454035.9343512,1789454035.9342785,classic_additive_candidate_A_physical_baseline,M1b_R1,P1_M1B,classic_additive_candidate_A_physical_M1b_lambda_0_20260915_143307,2,True,True,False,
/multi_agv/experiment_state,1789454036.0843525,1789454036.0842695,classic_additive_candidate_A_physical_baseline,M1b_R1,P1_M1B,classic_additive_candidate_A_physical_M1b_lambda_0_20260915_143307,2,True,True,False,
/multi_agv/experiment_state,1789454036.1843941,1789454036.18427,classic_additive_candidate_A_physical_baseline,M1b_R1,P1_M1B,classic_additive_candidate_A_physical_M1b_lambda_0_20260915_143307,2,True,True,False,
/multi_agv/experiment_state,1789454036.2343879,1789454036.2342837,classic_additive_candidate_A_physical_baseline,M1b_R1,P1_M1B,classic_additive_candidate_A_physical_M1b_lambda_0_20260915_143307,2,True,True,False,
/multi_agv/experiment_state,1789454036.3344347,1789454036.3342855,classic_additive_candidate_A_physical_baseline,M1b_R1,P1_M1B,classic_additive_candidate_A_physical_M1b_lambda_0_20260915_143307,2,True,True,False,
/multi_agv/experiment_state,1789454036.4344392,1789454036.434286,classic_additive_candidate_A_physical_baseline,M1b_R1,P1_M1B,classic_additive_candidate_A_physical_M1b_lambda_0_20260915_143307,2,True,True,False,
/multi_agv/experiment_state,1789454036.5343473,1789454036.534278,classic_additive_candidate_A_physical_baseline,M1b_R1,P1_M1B,classic_additive_candidate_A_physical_M1b_lambda_0_20260915_143307,2,True,True,False,
/multi_agv/experiment_state,1789454036.6343927,1789454036.6342475,classic_additive_candidate_A_physical_baseline,M1b_R1,P1_M1B,classic_additive_candidate_A_physical_M1b_lambda_0_20260915_143307,2,True,True,False,
/multi_agv/experiment_state,1789454036.7343864,1789454036.7342792,classic_additive_candidate_A_physical_baseline,M1b_R1,P1_M1B,classic_additive_candidate_A_physical_M1b_lambda_0_20260915_143307,2,True,True,False,
/multi_agv/experiment_state,1789454036.834498,1789454036.8342936,classic_additive_candidate_A_physical_baseline,M1b_R1,P1_M1B,classic_additive_candidate_A_physical_M1b_lambda_0_20260915_143307,2,True,True,False,
/multi_agv/experiment_state,1789454036.9343488,1789454036.934251,classic_additive_candidate_A_physical_baseline,M1b_R1,P1_M1B,classic_additive_candidate_A_physical_M1b_lambda_0_20260915_143307,2,True,True,False,
/multi_agv/experiment_state,1789454037.0343773,1789454037.0342546,classic_additive_candidate_A_physical_baseline,M1b_R1,P1_M1B,classic_additive_candidate_A_physical_M1b_lambda_0_20260915_143307,2,True,True,False,
/multi_agv/experiment_state,1789454037.1343777,1789454037.1342506,classic_additive_candidate_A_physical_baseline,M1b_R1,P1_M1B,classic_additive_candidate_A_physical_M1b_lambda_0_20260915_143307,2,True,True,False,
/multi_agv/experiment_state,1789454037.2343743,1789454037.2342525,classic_additive_candidate_A_physical_baseline,M1b_R1,P1_M1B,classic_additive_candidate_A_physical_M1b_lambda_0_20260915_143307,2,True,True,False,
/multi_agv/experiment_state,1789454037.3342927,1789454037.3342493,classic_additive_candidate_A_physical_baseline,M1b_R1,P1_M1B,classic_additive_candidate_A_physical_M1b_lambda_0_20260915_143307,2,True,True,False,
/multi_agv/experiment_state,1789454037.4343243,1789454037.434252,classic_additive_candidate_A_physical_baseline,M1b_R1,P1_M1B,classic_additive_candidate_A_physical_M1b_lambda_0_20260915_143307,2,True,True,False,
/multi_agv/experiment_state,1789454037.5343854,1789454037.5343,classic_additive_candidate_A_physical_baseline,M1b_R1,P1_M1B,classic_additive_candidate_A_physical_M1b_lambda_0_20260915_143307,2,True,True,False,
/multi_agv/experiment_state,1789454037.6342971,1789454037.6342494,classic_additive_candidate_A_physical_baseline,M1b_R1,P1_M1B,classic_additive_candidate_A_physical_M1b_lambda_0_20260915_143307,2,True,True,False,
/multi_agv/experiment_state,1789454037.7343824,1789454037.734254,classic_additive_candidate_A_physical_baseline,M1b_R1,P1_M1B,classic_additive_candidate_A_physical_M1b_lambda_0_20260915_143307,2,True,True,False,
/multi_agv/experiment_state,1789454037.8343415,1789454037.8342788,classic_additive_candidate_A_physical_baseline,M1b_R1,P1_M1B,classic_additive_candidate_A_physical_M1b_lambda_0_20260915_143307,2,True,True,False,
/multi_agv/experiment_state,1789454037.9344041,1789454037.9342535,classic_additive_candidate_A_physical_baseline,M1b_R1,P1_M1B,classic_additive_candidate_A_physical_M1b_lambda_0_20260915_143307,2,True,True,False,
/multi_agv/experiment_state,1789454038.0343997,1789454038.0343091,classic_additive_candidate_A_physical_baseline,M1b_R1,P1_M1B,classic_additive_candidate_A_physical_M1b_lambda_0_20260915_143307,2,True,True,False,
/multi_agv/experiment_state,1789454038.1843603,1789454038.1842744,classic_additive_candidate_A_physical_baseline,M1b_R1,P1_M1B,classic_additive_candidate_A_physical_M1b_lambda_0_20260915_143307,2,True,True,False,
/multi_agv/experiment_state,1789454038.2343214,1789454038.2342498,classic_additive_candidate_A_physical_baseline,M1b_R1,P1_M1B,classic_additive_candidate_A_physical_M1b_lambda_0_20260915_143307,2,True,True,False,
/multi_agv/experiment_state,1789454038.3343334,1789454038.3342524,classic_additive_candidate_A_physical_baseline,M1b_R1,P1_M1B,classic_additive_candidate_A_physical_M1b_lambda_0_20260915_143307,2,True,True,False,
/multi_agv/experiment_state,1789454038.4344056,1789454038.4343362,classic_additive_candidate_A_physical_baseline,M1b_R1,P1_M1B,classic_additive_candidate_A_physical_M1b_lambda_0_20260915_143307,2,True,True,False,
/multi_agv/experiment_state,1789454038.534404,1789454038.534294,classic_additive_candidate_A_physical_baseline,M1b_R1,P1_M1B,classic_additive_candidate_A_physical_M1b_lambda_0_20260915_143307,2,True,True,False,
/multi_agv/experiment_state,1789454038.6343641,1789454038.6342845,classic_additive_candidate_A_physical_baseline,M1b_R1,P1_M1B,classic_additive_candidate_A_physical_M1b_lambda_0_20260915_143307,2,True,True,False,
/multi_agv/experiment_state,1789454038.7343972,1789454038.7342484,classic_additive_candidate_A_physical_baseline,M1b_R1,P1_M1B,classic_additive_candidate_A_physical_M1b_lambda_0_20260915_143307,2,True,True,False,
/multi_agv/experiment_state,1789454038.8344805,1789454038.834326,classic_additive_candidate_A_physical_baseline,M1b_R1,P1_M1B,classic_additive_candidate_A_physical_M1b_lambda_0_20260915_143307,2,True,True,False,
/multi_agv/experiment_state,1789454038.9343915,1789454038.9342499,classic_additive_candidate_A_physical_baseline,M1b_R1,P1_M1B,classic_additive_candidate_A_physical_M1b_lambda_0_20260915_143307,2,True,True,False,
/multi_agv/experiment_state,1789454039.0344293,1789454039.0342815,classic_additive_candidate_A_physical_baseline,M1b_R1,P1_M1B,classic_additive_candidate_A_physical_M1b_lambda_0_20260915_143307,2,True,True,False,
/multi_agv/experiment_state,1789454039.1343584,1789454039.1342475,classic_additive_candidate_A_physical_baseline,M1b_R1,P1_M1B,classic_additive_candidate_A_physical_M1b_lambda_0_20260915_143307,2,True,True,False,
/multi_agv/experiment_state,1789454039.2343416,1789454039.2342505,classic_additive_candidate_A_physical_baseline,M1b_R1,P1_M1B,classic_additive_candidate_A_physical_M1b_lambda_0_20260915_143307,2,True,True,False,
/multi_agv/experiment_state,1789454039.3344593,1789454039.3343477,classic_additive_candidate_A_physical_baseline,M1b_R1,P1_M1B,classic_additive_candidate_A_physical_M1b_lambda_0_20260915_143307,2,True,True,False,
/multi_agv/experiment_state,1789454039.434398,1789454039.434286,classic_additive_candidate_A_physical_baseline,M1b_R1,P1_M1B,classic_additive_candidate_A_physical_M1b_lambda_0_20260915_143307,2,True,True,False,
/multi_agv/experiment_state,1789454039.5344307,1789454039.5343454,classic_additive_candidate_A_physical_baseline,M1b_R1,P1_M1B,classic_additive_candidate_A_physical_M1b_lambda_0_20260915_143307,2,True,True,False,
/multi_agv/experiment_state,1789454039.6343431,1789454039.6342483,classic_additive_candidate_A_physical_baseline,M1b_R1,P1_M1B,classic_additive_candidate_A_physical_M1b_lambda_0_20260915_143307,2,True,True,False,
/multi_agv/experiment_state,1789454039.7344434,1789454039.7343392,classic_additive_candidate_A_physical_baseline,M1b_R1,P1_M1B,classic_additive_candidate_A_physical_M1b_lambda_0_20260915_143307,2,True,True,False,
/multi_agv/experiment_state,1789454039.8343132,1789454039.8342488,classic_additive_candidate_A_physical_baseline,M1b_R1,P1_M1B,classic_additive_candidate_A_physical_M1b_lambda_0_20260915_143307,2,True,True,False,
/multi_agv/experiment_state,1789454039.984338,1789454039.9842687,classic_additive_candidate_A_physical_baseline,M1b_R1,P1_M1B,classic_additive_candidate_A_physical_M1b_lambda_0_20260915_143307,2,True,True,False,
/multi_agv/experiment_state,1789454040.0343874,1789454040.0342467,classic_additive_candidate_A_physical_baseline,M1b_R1,P1_M1B,classic_additive_candidate_A_physical_M1b_lambda_0_20260915_143307,2,True,True,False,
/multi_agv/experiment_state,1789454040.1843572,1789454040.1842875,classic_additive_candidate_A_physical_baseline,M1b_R1,P1_M1B,classic_additive_candidate_A_physical_M1b_lambda_0_20260915_143307,2,True,True,False,
/multi_agv/experiment_state,1789454040.2343564,1789454040.2342472,classic_additive_candidate_A_physical_baseline,M1b_R1,P1_M1B,classic_additive_candidate_A_physical_M1b_lambda_0_20260915_143307,2,True,True,False,
/multi_agv/experiment_state,1789454040.3343828,1789454040.3342485,classic_additive_candidate_A_physical_baseline,M1b_R1,P1_M1B,classic_additive_candidate_A_physical_M1b_lambda_0_20260915_143307,2,True,True,False,
/multi_agv/experiment_state,1789454040.4343634,1789454040.4343002,classic_additive_candidate_A_physical_baseline,M1b_R1,P1_M1B,classic_additive_candidate_A_physical_M1b_lambda_0_20260915_143307,2,True,True,False,
/multi_agv/experiment_state,1789454040.584373,1789454040.5842993,classic_additive_candidate_A_physical_baseline,M1b_R1,P1_M1B,classic_additive_candidate_A_physical_M1b_lambda_0_20260915_143307,2,True,True,False,
/multi_agv/experiment_state,1789454040.6343925,1789454040.634248,classic_additive_candidate_A_physical_baseline,M1b_R1,P1_M1B,classic_additive_candidate_A_physical_M1b_lambda_0_20260915_143307,2,True,True,False,
/multi_agv/experiment_state,1789454040.734309,1789454040.7342474,classic_additive_candidate_A_physical_baseline,M1b_R1,P1_M1B,classic_additive_candidate_A_physical_M1b_lambda_0_20260915_143307,2,True,True,False,
/multi_agv/experiment_state,1789454040.834326,1789454040.83425,classic_additive_candidate_A_physical_baseline,M1b_R1,P1_M1B,classic_additive_candidate_A_physical_M1b_lambda_0_20260915_143307,2,True,True,False,
/multi_agv/experiment_state,1789454040.9344118,1789454040.9342794,classic_additive_candidate_A_physical_baseline,M1b_R1,P1_M1B,classic_additive_candidate_A_physical_M1b_lambda_0_20260915_143307,2,True,True,False,
/multi_agv/experiment_state,1789454041.0343575,1789454041.0342493,classic_additive_candidate_A_physical_baseline,M1b_R1,P1_M1B,classic_additive_candidate_A_physical_M1b_lambda_0_20260915_143307,2,True,True,False,
/multi_agv/experiment_state,1789454041.1343539,1789454041.1342478,classic_additive_candidate_A_physical_baseline,M1b_R1,P1_M1B,classic_additive_candidate_A_physical_M1b_lambda_0_20260915_143307,2,True,True,False,
/multi_agv/experiment_state,1789454041.234388,1789454041.234248,classic_additive_candidate_A_physical_baseline,M1b_R1,P1_M1B,classic_additive_candidate_A_physical_M1b_lambda_0_20260915_143307,2,True,True,False,
/multi_agv/experiment_state,1789454041.3343663,1789454041.334247,classic_additive_candidate_A_physical_baseline,M1b_R1,P1_M1B,classic_additive_candidate_A_physical_M1b_lambda_0_20260915_143307,2,True,True,False,
/multi_agv/experiment_state,1789454041.4343507,1789454041.4342499,classic_additive_candidate_A_physical_baseline,M1b_R1,P1_M1B,classic_additive_candidate_A_physical_M1b_lambda_0_20260915_143307,2,True,True,False,
/multi_agv/experiment_state,1789454041.5844376,1789454041.58427,classic_additive_candidate_A_physical_baseline,M1b_R1,P1_M1B,classic_additive_candidate_A_physical_M1b_lambda_0_20260915_143307,2,True,True,False,
/multi_agv/experiment_state,1789454041.6343484,1789454041.634248,classic_additive_candidate_A_physical_baseline,M1b_R1,P1_M1B,classic_additive_candidate_A_physical_M1b_lambda_0_20260915_143307,2,True,True,False,
/multi_agv/experiment_state,1789454041.7343957,1789454041.7342484,classic_additive_candidate_A_physical_baseline,M1b_R1,P1_M1B,classic_additive_candidate_A_physical_M1b_lambda_0_20260915_143307,2,True,True,False,
/multi_agv/experiment_state,1789454041.834369,1789454041.8342488,classic_additive_candidate_A_physical_baseline,M1b_R1,P1_M1B,classic_additive_candidate_A_physical_M1b_lambda_0_20260915_143307,2,True,True,False,
/multi_agv/experiment_state,1789454041.9843006,1789454041.9842396,classic_additive_candidate_A_physical_baseline,M1b_R1,P1_M1B,classic_additive_candidate_A_physical_M1b_lambda_0_20260915_143307,2,True,True,False,
/multi_agv/experiment_state,1789454042.0343246,1789454042.0342464,classic_additive_candidate_A_physical_baseline,M1b_R1,P1_M1B,classic_additive_candidate_A_physical_M1b_lambda_0_20260915_143307,2,True,True,False,
/multi_agv/experiment_state,1789454042.1343474,1789454042.1342478,classic_additive_candidate_A_physical_baseline,M1b_R1,P1_M1B,classic_additive_candidate_A_physical_M1b_lambda_0_20260915_143307,2,True,True,False,
/multi_agv/experiment_state,1789454042.2343962,1789454042.2342498,classic_additive_candidate_A_physical_baseline,M1b_R1,P1_M1B,classic_additive_candidate_A_physical_M1b_lambda_0_20260915_143307,2,True,True,False,
/multi_agv/experiment_state,1789454042.3344324,1789454042.3342502,classic_additive_candidate_A_physical_baseline,M1b_R1,P1_M1B,classic_additive_candidate_A_physical_M1b_lambda_0_20260915_143307,2,True,True,False,
/multi_agv/experiment_state,1789454042.4343228,1789454042.4342494,classic_additive_candidate_A_physical_baseline,M1b_R1,P1_M1B,classic_additive_candidate_A_physical_M1b_lambda_0_20260915_143307,2,True,True,False,
/multi_agv/experiment_state,1789454042.5343766,1789454042.5342498,classic_additive_candidate_A_physical_baseline,M1b_R1,P1_M1B,classic_additive_candidate_A_physical_M1b_lambda_0_20260915_143307,2,True,True,False,
/multi_agv/experiment_state,1789454042.6343246,1789454042.634249,classic_additive_candidate_A_physical_baseline,M1b_R1,P1_M1B,classic_additive_candidate_A_physical_M1b_lambda_0_20260915_143307,2,True,True,False,
/multi_agv/experiment_state,1789454042.7843766,1789454042.7842412,classic_additive_candidate_A_physical_baseline,M1b_R1,P1_M1B,classic_additive_candidate_A_physical_M1b_lambda_0_20260915_143307,2,True,True,False,
/multi_agv/experiment_state,1789454042.8344264,1789454042.8342874,classic_additive_candidate_A_physical_baseline,M1b_R1,P1_M1B,classic_additive_candidate_A_physical_M1b_lambda_0_20260915_143307,2,True,True,False,
/multi_agv/experiment_state,1789454042.9343648,1789454042.9342546,classic_additive_candidate_A_physical_baseline,M1b_R1,P1_M1B,classic_additive_candidate_A_physical_M1b_lambda_0_20260915_143307,2,True,True,False,
/multi_agv/experiment_state,1789454043.0343919,1789454043.034249,classic_additive_candidate_A_physical_baseline,M1b_R1,P1_M1B,classic_additive_candidate_A_physical_M1b_lambda_0_20260915_143307,2,True,True,False,
/multi_agv/experiment_state,1789454043.1344302,1789454043.1343074,classic_additive_candidate_A_physical_baseline,M1b_R1,P1_M1B,classic_additive_candidate_A_physical_M1b_lambda_0_20260915_143307,2,True,True,False,
/multi_agv/experiment_state,1789454043.2343073,1789454043.2342482,classic_additive_candidate_A_physical_baseline,M1b_R1,P1_M1B,classic_additive_candidate_A_physical_M1b_lambda_0_20260915_143307,2,True,True,False,
/multi_agv/experiment_state,1789454043.3343544,1789454043.3342485,classic_additive_candidate_A_physical_baseline,M1b_R1,P1_M1B,classic_additive_candidate_A_physical_M1b_lambda_0_20260915_143307,2,True,True,False,
/multi_agv/experiment_state,1789454043.4343479,1789454043.4342482,classic_additive_candidate_A_physical_baseline,M1b_R1,P1_M1B,classic_additive_candidate_A_physical_M1b_lambda_0_20260915_143307,2,True,True,False,
/multi_agv/experiment_state,1789454043.5344102,1789454043.5343,classic_additive_candidate_A_physical_baseline,M1b_R1,P1_M1B,classic_additive_candidate_A_physical_M1b_lambda_0_20260915_143307,2,True,True,False,
/multi_agv/experiment_state,1789454043.6343832,1789454043.6342454,classic_additive_candidate_A_physical_baseline,M1b_R1,P1_M1B,classic_additive_candidate_A_physical_M1b_lambda_0_20260915_143307,2,True,True,False,
/multi_agv/experiment_state,1789454043.7343235,1789454043.7342885,classic_additive_candidate_A_physical_baseline,M1b_R1,P1_M1B,classic_additive_candidate_A_physical_M1b_lambda_0_20260915_143307,2,True,True,False,
/multi_agv/experiment_state,1789454043.8344452,1789454043.834343,classic_additive_candidate_A_physical_baseline,M1b_R1,P1_M1B,classic_additive_candidate_A_physical_M1b_lambda_0_20260915_143307,2,True,True,False,
/multi_agv/experiment_state,1789454043.934355,1789454043.93425,classic_additive_candidate_A_physical_baseline,M1b_R1,P1_M1B,classic_additive_candidate_A_physical_M1b_lambda_0_20260915_143307,2,True,True,False,
/multi_agv/experiment_state,1789454044.0343583,1789454044.0342484,classic_additive_candidate_A_physical_baseline,M1b_R1,P1_M1B,classic_additive_candidate_A_physical_M1b_lambda_0_20260915_143307,2,True,True,False,
/multi_agv/experiment_state,1789454044.134341,1789454044.1342807,classic_additive_candidate_A_physical_baseline,M1b_R1,P1_M1B,classic_additive_candidate_A_physical_M1b_lambda_0_20260915_143307,2,True,True,False,
/multi_agv/experiment_state,1789454044.2343445,1789454044.2342844,classic_additive_candidate_A_physical_baseline,M1b_R1,P1_M1B,classic_additive_candidate_A_physical_M1b_lambda_0_20260915_143307,2,True,True,False,
/multi_agv/experiment_state,1789454044.3345432,1789454044.3343456,classic_additive_candidate_A_physical_baseline,M1b_R1,P1_M1B,classic_additive_candidate_A_physical_M1b_lambda_0_20260915_143307,2,True,True,False,
/multi_agv/experiment_state,1789454044.4343026,1789454044.4342492,classic_additive_candidate_A_physical_baseline,M1b_R1,P1_M1B,classic_additive_candidate_A_physical_M1b_lambda_0_20260915_143307,2,True,True,False,
/multi_agv/experiment_state,1789454044.5343597,1789454044.5342546,classic_additive_candidate_A_physical_baseline,M1b_R1,P1_M1B,classic_additive_candidate_A_physical_M1b_lambda_0_20260915_143307,2,True,True,False,
/multi_agv/experiment_state,1789454044.6343834,1789454044.6342795,classic_additive_candidate_A_physical_baseline,M1b_R1,P1_M1B,classic_additive_candidate_A_physical_M1b_lambda_0_20260915_143307,2,True,True,False,
/multi_agv/experiment_state,1789454044.7344472,1789454044.7343175,classic_additive_candidate_A_physical_baseline,M1b_R1,P1_M1B,classic_additive_candidate_A_physical_M1b_lambda_0_20260915_143307,2,True,True,False,
/multi_agv/experiment_state,1789454044.8343818,1789454044.8342843,classic_additive_candidate_A_physical_baseline,M1b_R1,P1_M1B,classic_additive_candidate_A_physical_M1b_lambda_0_20260915_143307,2,True,True,False,
/multi_agv/experiment_state,1789454044.934423,1789454044.9342792,classic_additive_candidate_A_physical_baseline,M1b_R1,P1_M1B,classic_additive_candidate_A_physical_M1b_lambda_0_20260915_143307,2,True,True,False,
/multi_agv/experiment_state,1789454045.0343819,1789454045.034253,classic_additive_candidate_A_physical_baseline,M1b_R1,P1_M1B,classic_additive_candidate_A_physical_M1b_lambda_0_20260915_143307,2,True,True,False,
/multi_agv/experiment_state,1789454045.1342854,1789454045.1342494,classic_additive_candidate_A_physical_baseline,M1b_R1,P1_M1B,classic_additive_candidate_A_physical_M1b_lambda_0_20260915_143307,2,True,True,False,
/multi_agv/experiment_state,1789454045.2343614,1789454045.2342489,classic_additive_candidate_A_physical_baseline,M1b_R1,P1_M1B,classic_additive_candidate_A_physical_M1b_lambda_0_20260915_143307,2,True,True,False,
/multi_agv/experiment_state,1789454045.3343813,1789454045.3342793,classic_additive_candidate_A_physical_baseline,M1b_R1,P1_M1B,classic_additive_candidate_A_physical_M1b_lambda_0_20260915_143307,2,True,True,False,
/multi_agv/experiment_state,1789454045.4344883,1789454045.4343767,classic_additive_candidate_A_physical_baseline,M1b_R1,P1_M1B,classic_additive_candidate_A_physical_M1b_lambda_0_20260915_143307,2,True,True,False,
/multi_agv/experiment_state,1789454045.5343826,1789454045.5342755,classic_additive_candidate_A_physical_baseline,M1b_R1,P1_M1B,classic_additive_candidate_A_physical_M1b_lambda_0_20260915_143307,2,True,True,False,
/multi_agv/experiment_state,1789454045.6343622,1789454045.6342762,classic_additive_candidate_A_physical_baseline,M1b_R1,P1_M1B,classic_additive_candidate_A_physical_M1b_lambda_0_20260915_143307,2,True,True,False,
/multi_agv/experiment_state,1789454045.7343612,1789454045.7342763,classic_additive_candidate_A_physical_baseline,M1b_R1,P1_M1B,classic_additive_candidate_A_physical_M1b_lambda_0_20260915_143307,2,True,True,False,
/multi_agv/experiment_state,1789454045.8343,1789454045.834244,classic_additive_candidate_A_physical_baseline,M1b_R1,P1_M1B,classic_additive_candidate_A_physical_M1b_lambda_0_20260915_143307,2,True,True,False,
/multi_agv/experiment_state,1789454045.93436,1789454045.934288,classic_additive_candidate_A_physical_baseline,M1b_R1,P1_M1B,classic_additive_candidate_A_physical_M1b_lambda_0_20260915_143307,2,True,True,False,
/multi_agv/experiment_state,1789454046.034417,1789454046.0342774,classic_additive_candidate_A_physical_baseline,M1b_R1,P1_M1B,classic_additive_candidate_A_physical_M1b_lambda_0_20260915_143307,2,True,False,False,
/multi_agv/experiment_state,1789454046.1343358,1789454046.1342764,classic_additive_candidate_A_physical_baseline,M1b_R1,P1_M1B,classic_additive_candidate_A_physical_M1b_lambda_0_20260915_143307,2,True,False,False,
/multi_agv/experiment_state,1789454046.2343435,1789454046.2342427,classic_additive_candidate_A_physical_baseline,M1b_R1,P1_M1B,classic_additive_candidate_A_physical_M1b_lambda_0_20260915_143307,2,True,False,False,
/multi_agv/experiment_state,1789454046.334382,1789454046.3342733,classic_additive_candidate_A_physical_baseline,M1b_R1,P1_M1B,classic_additive_candidate_A_physical_M1b_lambda_0_20260915_143307,2,True,False,False,
/multi_agv/experiment_state,1789454046.4344404,1789454046.434276,classic_additive_candidate_A_physical_baseline,M1b_R1,P1_M1B,classic_additive_candidate_A_physical_M1b_lambda_0_20260915_143307,2,True,False,False,
/multi_agv/experiment_state,1789454046.5343878,1789454046.5342739,classic_additive_candidate_A_physical_baseline,M1b_R1,P1_M1B,classic_additive_candidate_A_physical_M1b_lambda_0_20260915_143307,2,True,False,False,
/multi_agv/experiment_state,1789454046.6343129,1789454046.6342425,classic_additive_candidate_A_physical_baseline,M1b_R1,P1_M1B,classic_additive_candidate_A_physical_M1b_lambda_0_20260915_143307,2,True,False,False,
/multi_agv/experiment_state,1789454046.7344487,1789454046.7342787,classic_additive_candidate_A_physical_baseline,M1b_R1,P1_M1B,classic_additive_candidate_A_physical_M1b_lambda_0_20260915_143307,2,True,False,False,
/multi_agv/experiment_state,1789454046.8344824,1789454046.8342752,classic_additive_candidate_A_physical_baseline,M1b_R1,P1_M1B,classic_additive_candidate_A_physical_M1b_lambda_0_20260915_143307,2,True,False,False,
/multi_agv/experiment_state,1789454046.934321,1789454046.9342492,classic_additive_candidate_A_physical_baseline,M1b_R1,P1_M1B,classic_additive_candidate_A_physical_M1b_lambda_0_20260915_143307,2,True,False,False,
/multi_agv/experiment_state,1789454047.03447,1789454047.034278,classic_additive_candidate_A_physical_baseline,M1b_R1,P1_M1B,classic_additive_candidate_A_physical_M1b_lambda_0_20260915_143307,2,True,False,False,
/multi_agv/experiment_state,1789454047.1343398,1789454047.1342785,classic_additive_candidate_A_physical_baseline,M1b_R1,P1_M1B,classic_additive_candidate_A_physical_M1b_lambda_0_20260915_143307,2,True,False,False,
/multi_agv/experiment_state,1789454047.234383,1789454047.2342834,classic_additive_candidate_A_physical_baseline,M1b_R1,P1_M1B,classic_additive_candidate_A_physical_M1b_lambda_0_20260915_143307,2,True,False,False,
/multi_agv/experiment_state,1789454047.3343625,1789454047.334287,classic_additive_candidate_A_physical_baseline,M1b_R1,P1_M1B,classic_additive_candidate_A_physical_M1b_lambda_0_20260915_143307,2,True,False,False,
/multi_agv/experiment_state,1789454047.4343553,1789454047.4342754,classic_additive_candidate_A_physical_baseline,M1b_R1,P1_M1B,classic_additive_candidate_A_physical_M1b_lambda_0_20260915_143307,2,True,False,False,
/multi_agv/experiment_state,1789454047.5344994,1789454047.5342765,classic_additive_candidate_A_physical_baseline,M1b_R1,P1_M1B,classic_additive_candidate_A_physical_M1b_lambda_0_20260915_143307,2,True,False,False,
/multi_agv/experiment_state,1789454047.6344411,1789454047.6342783,classic_additive_candidate_A_physical_baseline,M1b_R1,P1_M1B,classic_additive_candidate_A_physical_M1b_lambda_0_20260915_143307,2,True,False,False,
/multi_agv/experiment_state,1789454047.734438,1789454047.7342718,classic_additive_candidate_A_physical_baseline,M1b_R1,P1_M1B,classic_additive_candidate_A_physical_M1b_lambda_0_20260915_143307,2,True,False,False,
/multi_agv/experiment_state,1789454047.8343863,1789454047.8342762,classic_additive_candidate_A_physical_baseline,M1b_R1,P1_M1B,classic_additive_candidate_A_physical_M1b_lambda_0_20260915_143307,2,True,False,False,
/multi_agv/experiment_state,1789454047.9343193,1789454047.9342465,classic_additive_candidate_A_physical_baseline,M1b_R1,P1_M1B,classic_additive_candidate_A_physical_M1b_lambda_0_20260915_143307,2,True,False,False,
/multi_agv/experiment_state,1789454048.0843732,1789454048.0842752,classic_additive_candidate_A_physical_baseline,M1b_R1,P1_M1B,classic_additive_candidate_A_physical_M1b_lambda_0_20260915_143307,2,True,False,False,
/multi_agv/experiment_state,1789454048.1843243,1789454048.184241,classic_additive_candidate_A_physical_baseline,M1b_R1,P1_M1B,classic_additive_candidate_A_physical_M1b_lambda_0_20260915_143307,2,True,False,False,
/multi_agv/experiment_state,1789454048.234284,1789454048.2342494,classic_additive_candidate_A_physical_baseline,M1b_R1,P1_M1B,classic_additive_candidate_A_physical_M1b_lambda_0_20260915_143307,2,True,False,False,
/multi_agv/experiment_state,1789454048.3344696,1789454048.3343716,classic_additive_candidate_A_physical_baseline,M1b_R1,P1_M1B,classic_additive_candidate_A_physical_M1b_lambda_0_20260915_143307,2,True,False,False,
/multi_agv/experiment_state,1789454048.434348,1789454048.4342473,classic_additive_candidate_A_physical_baseline,M1b_R1,P1_M1B,classic_additive_candidate_A_physical_M1b_lambda_0_20260915_143307,2,True,False,False,
/multi_agv/experiment_state,1789454048.5344312,1789454048.5342844,classic_additive_candidate_A_physical_baseline,M1b_R1,P1_M1B,classic_additive_candidate_A_physical_M1b_lambda_0_20260915_143307,2,True,False,False,
/multi_agv/experiment_state,1789454048.6344533,1789454048.6343384,classic_additive_candidate_A_physical_baseline,M1b_R1,P1_M1B,classic_additive_candidate_A_physical_M1b_lambda_0_20260915_143307,2,True,False,False,
/multi_agv/experiment_state,1789454048.734391,1789454048.7342484,classic_additive_candidate_A_physical_baseline,M1b_R1,P1_M1B,classic_additive_candidate_A_physical_M1b_lambda_0_20260915_143307,2,True,False,False,
/multi_agv/experiment_state,1789454048.8343866,1789454048.8342772,classic_additive_candidate_A_physical_baseline,M1b_R1,P1_M1B,classic_additive_candidate_A_physical_M1b_lambda_0_20260915_143307,2,True,False,False,
/multi_agv/experiment_state,1789454048.9343534,1789454048.934252,classic_additive_candidate_A_physical_baseline,M1b_R1,P1_M1B,classic_additive_candidate_A_physical_M1b_lambda_0_20260915_143307,2,True,False,False,
/multi_agv/experiment_state,1789454049.0343049,1789454049.0342546,classic_additive_candidate_A_physical_baseline,M1b_R1,P1_M1B,classic_additive_candidate_A_physical_M1b_lambda_0_20260915_143307,2,True,False,False,
/multi_agv/experiment_state,1789454049.1343505,1789454049.134281,classic_additive_candidate_A_physical_baseline,M1b_R1,P1_M1B,classic_additive_candidate_A_physical_M1b_lambda_0_20260915_143307,2,True,False,False,
