topic,bag_stamp,header_stamp,confidence
/camera/world/agv1_confidence,1789645452.8055048,1789645452.8055048,0.6619
/camera/world/agv3_confidence,1789645452.8055863,1789645452.8055863,0.6561
/camera/world/agv2_confidence,1789645452.8057134,1789645452.8057134,0.6557
/camera/world/agv1_confidence,1789645452.8347929,1789645452.8347929,0.6651
/camera/world/agv2_confidence,1789645452.8350134,1789645452.8350134,0.6558
/camera/world/agv3_confidence,1789645452.8350172,1789645452.8350172,0.6568
/camera/world/agv2_confidence,1789645452.8738515,1789645452.8738515,0.6558
/camera/world/agv3_confidence,1789645452.8741446,1789645452.8741446,0.658
/camera/world/agv1_confidence,1789645452.874163,1789645452.874163,0.6648
/camera/world/agv2_confidence,1789645452.905672,1789645452.905672,0.6558
/camera/world/agv1_confidence,1789645452.9057102,1789645452.9057102,0.6647
/camera/world/agv3_confidence,1789645452.9059315,1789645452.9059315,0.6568
/camera/world/agv1_confidence,1789645452.937116,1789645452.937116,0.6645
/camera/world/agv3_confidence,1789645452.9375193,1789645452.9375193,0.656
/camera/world/agv2_confidence,1789645452.938487,1789645452.938487,0.6559
/camera/world/agv2_confidence,1789645452.9792128,1789645452.9792128,0.6557
/camera/world/agv1_confidence,1789645452.9793036,1789645452.9793036,0.6646
/camera/world/agv3_confidence,1789645452.9796517,1789645452.9796517,0.6574
/camera/world/agv1_confidence,1789645453.006545,1789645453.006545,0.6606
/camera/world/agv2_confidence,1789645453.0065591,1789645453.0065591,0.6557
/camera/world/agv3_confidence,1789645453.0067527,1789645453.0067527,0.6556
/camera/world/agv2_confidence,1789645453.0392392,1789645453.0392392,0.6557
/camera/world/agv1_confidence,1789645453.0392463,1789645453.0392463,0.6645
/camera/world/agv3_confidence,1789645453.0395687,1789645453.0395687,0.6556
/camera/world/agv2_confidence,1789645453.0755177,1789645453.0755177,0.6554
/camera/world/agv1_confidence,1789645453.0755568,1789645453.0755568,0.6596
/camera/world/agv3_confidence,1789645453.0757394,1789645453.0757394,0.6559
/camera/world/agv1_confidence,1789645453.105015,1789645453.105015,0.664
/camera/world/agv2_confidence,1789645453.1050186,1789645453.1050186,0.6555
/camera/world/agv3_confidence,1789645453.1052735,1789645453.1052735,0.6563
/camera/world/agv1_confidence,1789645453.1446044,1789645453.1446044,0.6644
/camera/world/agv3_confidence,1789645453.1446767,1789645453.1446767,0.6564
/camera/world/agv2_confidence,1789645453.1447878,1789645453.1447878,0.6551
/camera/world/agv2_confidence,1789645453.1743677,1789645453.1743677,0.6553
/camera/world/agv1_confidence,1789645453.1744003,1789645453.1744003,0.665
/camera/world/agv3_confidence,1789645453.1744106,1789645453.1744106,0.6558
/camera/world/agv2_confidence,1789645453.2098866,1789645453.2098866,0.6553
/camera/world/agv1_confidence,1789645453.2098982,1789645453.2098982,0.6644
/camera/world/agv3_confidence,1789645453.2100425,1789645453.2100425,0.6559
/camera/world/agv1_confidence,1789645453.2384858,1789645453.2384858,0.6637
/camera/world/agv3_confidence,1789645453.238626,1789645453.238626,0.6569
/camera/world/agv2_confidence,1789645453.2386377,1789645453.2386377,0.6559
/camera/world/agv2_confidence,1789645453.2678466,1789645453.2678466,0.6555
/camera/world/agv3_confidence,1789645453.267866,1789645453.267866,0.6544
/camera/world/agv1_confidence,1789645453.2679276,1789645453.2679276,0.6644
/camera/world/agv1_confidence,1789645453.3060615,1789645453.3060615,0.6642
/camera/world/agv2_confidence,1789645453.3063233,1789645453.3063233,0.6558
/camera/world/agv3_confidence,1789645453.306333,1789645453.306333,0.6569
/camera/world/agv1_confidence,1789645453.3361633,1789645453.3361633,0.6635
/camera/world/agv3_confidence,1789645453.3363843,1789645453.3363843,0.6562
/camera/world/agv2_confidence,1789645453.3363948,1789645453.3363948,0.6559
/camera/world/agv1_confidence,1789645453.3738892,1789645453.3738892,0.6641
/camera/world/agv2_confidence,1789645453.373946,1789645453.373946,0.6557
/camera/world/agv3_confidence,1789645453.3740222,1789645453.3740222,0.6566
/camera/world/agv3_confidence,1789645453.4048622,1789645453.4048622,0.655
/camera/world/agv1_confidence,1789645453.4049397,1789645453.4049397,0.6611
/camera/world/agv2_confidence,1789645453.4049518,1789645453.4049518,0.6559
/camera/world/agv1_confidence,1789645453.443163,1789645453.443163,0.6644
/camera/world/agv2_confidence,1789645453.4431725,1789645453.4431725,0.6553
/camera/world/agv3_confidence,1789645453.4433959,1789645453.4433959,0.6568
/camera/world/agv1_confidence,1789645453.4715693,1789645453.4715693,0.6655
/camera/world/agv3_confidence,1789645453.4718432,1789645453.4718432,0.6573
/camera/world/agv2_confidence,1789645453.4718874,1789645453.4718874,0.6558
/camera/world/agv1_confidence,1789645453.5047994,1789645453.5047994,0.6655
/camera/world/agv2_confidence,1789645453.5049531,1789645453.5049531,0.6552
/camera/world/agv3_confidence,1789645453.5051231,1789645453.5051231,0.6569
/camera/world/agv1_confidence,1789645453.539519,1789645453.539519,0.6613
/camera/world/agv2_confidence,1789645453.5396817,1789645453.5396817,0.6558
/camera/world/agv3_confidence,1789645453.539837,1789645453.539837,0.6572
/camera/world/agv1_confidence,1789645453.5717762,1789645453.5717762,0.6636
/camera/world/agv2_confidence,1789645453.5719278,1789645453.5719278,0.6565
/camera/world/agv3_confidence,1789645453.5721672,1789645453.5721672,0.657
/camera/world/agv1_confidence,1789645453.605103,1789645453.605103,0.6651
/camera/world/agv2_confidence,1789645453.6051102,1789645453.6051102,0.6559
/camera/world/agv3_confidence,1789645453.605358,1789645453.605358,0.6568
/camera/world/agv2_confidence,1789645453.636926,1789645453.636926,0.6555
/camera/world/agv1_confidence,1789645453.637012,1789645453.637012,0.6646
/camera/world/agv3_confidence,1789645453.6370356,1789645453.6370356,0.6573
/camera/world/agv1_confidence,1789645453.6691196,1789645453.6691196,0.6654
/camera/world/agv3_confidence,1789645453.6691632,1789645453.6691632,0.6573
/camera/world/agv2_confidence,1789645453.669214,1789645453.669214,0.6548
/camera/world/agv1_confidence,1789645453.7113593,1789645453.7113593,0.6593
/camera/world/agv2_confidence,1789645453.7114866,1789645453.7114866,0.6553
/camera/world/agv3_confidence,1789645453.7116814,1789645453.7116814,0.657
/camera/world/agv1_confidence,1789645453.736558,1789645453.736558,0.6627
/camera/world/agv2_confidence,1789645453.736739,1789645453.736739,0.6552
/camera/world/agv3_confidence,1789645453.7367482,1789645453.7367482,0.6568
/camera/world/agv2_confidence,1789645453.7822287,1789645453.7822287,0.6555
/camera/world/agv1_confidence,1789645453.7823653,1789645453.7823653,0.6644
/camera/world/agv3_confidence,1789645453.7824032,1789645453.7824032,0.6561
/camera/world/agv2_confidence,1789645453.8074455,1789645453.8074455,0.6554
/camera/world/agv1_confidence,1789645453.8075387,1789645453.8075387,0.6652
/camera/world/agv3_confidence,1789645453.8075871,1789645453.8075871,0.6559
/camera/world/agv2_confidence,1789645453.8455777,1789645453.8455777,0.6552
/camera/world/agv3_confidence,1789645453.8457036,1789645453.8457036,0.6569
/camera/world/agv1_confidence,1789645453.84572,1789645453.84572,0.6643
/camera/world/agv2_confidence,1789645453.8752043,1789645453.8752043,0.6562
/camera/world/agv1_confidence,1789645453.8753111,1789645453.8753111,0.666
/camera/world/agv3_confidence,1789645453.8754478,1789645453.8754478,0.6561
/camera/world/agv1_confidence,1789645453.905926,1789645453.905926,0.6669
/camera/world/agv2_confidence,1789645453.9059367,1789645453.9059367,0.6551
/camera/world/agv3_confidence,1789645453.9060936,1789645453.9060936,0.6572
/camera/world/agv3_confidence,1789645453.9389155,1789645453.9389155,0.6571
/camera/world/agv2_confidence,1789645453.938921,1789645453.938921,0.6554
/camera/world/agv1_confidence,1789645453.9389954,1789645453.9389954,0.6667
/camera/world/agv2_confidence,1789645453.970825,1789645453.970825,0.6551
/camera/world/agv1_confidence,1789645453.9709678,1789645453.9709678,0.6661
/camera/world/agv3_confidence,1789645453.9710271,1789645453.9710271,0.6571
/camera/world/agv1_confidence,1789645454.0090609,1789645454.0090609,0.6668
/camera/world/agv2_confidence,1789645454.0091531,1789645454.0091531,0.6556
/camera/world/agv3_confidence,1789645454.009284,1789645454.009284,0.657
/camera/world/agv1_confidence,1789645454.0375972,1789645454.0375972,0.6647
/camera/world/agv3_confidence,1789645454.0376623,1789645454.0376623,0.6561
/camera/world/agv2_confidence,1789645454.0377343,1789645454.0377343,0.6553
/camera/world/agv1_confidence,1789645454.0735912,1789645454.0735912,0.6656
/camera/world/agv2_confidence,1789645454.0741897,1789645454.0741897,0.6547
/camera/world/agv3_confidence,1789645454.0742252,1789645454.0742252,0.6556
/camera/world/agv2_confidence,1789645454.1084745,1789645454.1084745,0.6556
/camera/world/agv1_confidence,1789645454.1087008,1789645454.1087008,0.6647
/camera/world/agv3_confidence,1789645454.1087413,1789645454.1087413,0.6551
/camera/world/agv1_confidence,1789645454.1373446,1789645454.1373446,0.6626
/camera/world/agv2_confidence,1789645454.1373475,1789645454.1373475,0.6548
/camera/world/agv3_confidence,1789645454.137626,1789645454.137626,0.6574
/camera/world/agv1_confidence,1789645454.1751213,1789645454.1751213,0.6664
/camera/world/agv2_confidence,1789645454.1753383,1789645454.1753383,0.6552
/camera/world/agv3_confidence,1789645454.1754909,1789645454.1754909,0.6569
/camera/world/agv2_confidence,1789645454.212213,1789645454.212213,0.6553
/camera/world/agv3_confidence,1789645454.2122157,1789645454.2122157,0.6577
/camera/world/agv1_confidence,1789645454.2122324,1789645454.2122324,0.6648
/camera/world/agv1_confidence,1789645454.2375891,1789645454.2375891,0.6667
/camera/world/agv2_confidence,1789645454.2376845,1789645454.2376845,0.6555
/camera/world/agv3_confidence,1789645454.2378168,1789645454.2378168,0.6586
/camera/world/agv1_confidence,1789645454.2797546,1789645454.2797546,0.6646
/camera/world/agv3_confidence,1789645454.2797742,1789645454.2797742,0.6576
/camera/world/agv2_confidence,1789645454.2798443,1789645454.2798443,0.6553
/camera/world/agv2_confidence,1789645454.3078835,1789645454.3078835,0.6554
/camera/world/agv3_confidence,1789645454.307903,1789645454.307903,0.6582
/camera/world/agv1_confidence,1789645454.3079903,1789645454.3079903,0.6652
/camera/world/agv1_confidence,1789645454.3356035,1789645454.3356035,0.6644
/camera/world/agv3_confidence,1789645454.3358586,1789645454.3358586,0.6571
/camera/world/agv2_confidence,1789645454.335868,1789645454.335868,0.655
/camera/world/agv3_confidence,1789645454.3756912,1789645454.3756912,0.6574
/camera/world/agv2_confidence,1789645454.375731,1789645454.375731,0.6558
/camera/world/agv1_confidence,1789645454.3757672,1789645454.3757672,0.666
/camera/world/agv1_confidence,1789645454.403849,1789645454.403849,0.666
/camera/world/agv3_confidence,1789645454.4039216,1789645454.4039216,0.6578
/camera/world/agv2_confidence,1789645454.4039361,1789645454.4039361,0.6554
/camera/world/agv2_confidence,1789645454.4443564,1789645454.4443564,0.6553
/camera/world/agv1_confidence,1789645454.4443572,1789645454.4443572,0.6664
/camera/world/agv3_confidence,1789645454.4445338,1789645454.4445338,0.6571
/camera/world/agv1_confidence,1789645454.4733403,1789645454.4733403,0.6667
/camera/world/agv2_confidence,1789645454.4734242,1789645454.4734242,0.6552
/camera/world/agv3_confidence,1789645454.4735222,1789645454.4735222,0.6576
/camera/world/agv1_confidence,1789645454.5083785,1789645454.5083785,0.6663
/camera/world/agv3_confidence,1789645454.5084074,1789645454.5084074,0.6577
/camera/world/agv2_confidence,1789645454.5084102,1789645454.5084102,0.6554
/camera/world/agv1_confidence,1789645454.535716,1789645454.535716,0.6664
/camera/world/agv2_confidence,1789645454.5357287,1789645454.5357287,0.6549
/camera/world/agv3_confidence,1789645454.5361142,1789645454.5361142,0.6582
/camera/world/agv1_confidence,1789645454.5729253,1789645454.5729253,0.6685
/camera/world/agv3_confidence,1789645454.5729878,1789645454.5729878,0.6579
/camera/world/agv2_confidence,1789645454.5730097,1789645454.5730097,0.6548
/camera/world/agv1_confidence,1789645454.6054144,1789645454.6054144,0.668
/camera/world/agv3_confidence,1789645454.605463,1789645454.605463,0.6569
/camera/world/agv2_confidence,1789645454.6054792,1789645454.6054792,0.6561
/camera/world/agv1_confidence,1789645454.6348722,1789645454.6348722,0.6536
/camera/world/agv2_confidence,1789645454.6348965,1789645454.6348965,0.6552
/camera/world/agv3_confidence,1789645454.6349833,1789645454.6349833,0.6579
/camera/world/agv1_confidence,1789645454.6788406,1789645454.6788406,0.6657
/camera/world/agv2_confidence,1789645454.6790285,1789645454.6790285,0.6544
/camera/world/agv3_confidence,1789645454.6791599,1789645454.6791599,0.6574
/camera/world/agv3_confidence,1789645454.7076335,1789645454.7076335,0.6576
/camera/world/agv2_confidence,1789645454.7076623,1789645454.7076623,0.6553
/camera/world/agv1_confidence,1789645454.707674,1789645454.707674,0.6474
/camera/world/agv2_confidence,1789645454.7360075,1789645454.7360075,0.6551
/camera/world/agv3_confidence,1789645454.736035,1789645454.736035,0.6571
/camera/world/agv1_confidence,1789645454.7360516,1789645454.7360516,0.6665
/camera/world/agv1_confidence,1789645454.773797,1789645454.773797,0.6568
/camera/world/agv2_confidence,1789645454.7740276,1789645454.7740276,0.6552
/camera/world/agv3_confidence,1789645454.7742093,1789645454.7742093,0.6574
/camera/world/agv2_confidence,1789645454.803395,1789645454.803395,0.6552
/camera/world/agv1_confidence,1789645454.803415,1789645454.803415,0.666
/camera/world/agv3_confidence,1789645454.8035908,1789645454.8035908,0.6576
/camera/world/agv1_confidence,1789645454.8418753,1789645454.8418753,0.6684
/camera/world/agv2_confidence,1789645454.8421738,1789645454.8421738,0.6558
/camera/world/agv3_confidence,1789645454.842176,1789645454.842176,0.6581
/camera/world/agv1_confidence,1789645454.8697722,1789645454.8697722,0.6557
/camera/world/agv2_confidence,1789645454.869954,1789645454.869954,0.6565
/camera/world/agv3_confidence,1789645454.8699641,1789645454.8699641,0.6578
/camera/world/agv1_confidence,1789645454.9089048,1789645454.9089048,0.667
/camera/world/agv2_confidence,1789645454.909019,1789645454.909019,0.6559
/camera/world/agv3_confidence,1789645454.9091842,1789645454.9091842,0.6586
/camera/world/agv1_confidence,1789645454.9342818,1789645454.9342818,0.6684
/camera/world/agv2_confidence,1789645454.9343865,1789645454.9343865,0.6556
/camera/world/agv3_confidence,1789645454.9345896,1789645454.9345896,0.6579
/camera/world/agv1_confidence,1789645454.9723723,1789645454.9723723,0.6676
/camera/world/agv2_confidence,1789645454.972468,1789645454.972468,0.6553
/camera/world/agv3_confidence,1789645454.9726355,1789645454.9726355,0.6582
/camera/world/agv2_confidence,1789645455.0012906,1789645455.0012906,0.656
/camera/world/agv3_confidence,1789645455.001293,1789645455.001293,0.6563
/camera/world/agv1_confidence,1789645455.0013013,1789645455.0013013,0.6664
/camera/world/agv1_confidence,1789645455.0397592,1789645455.0397592,0.6655
/camera/world/agv3_confidence,1789645455.039772,1789645455.039772,0.657
/camera/world/agv2_confidence,1789645455.039783,1789645455.039783,0.6559
/camera/world/agv1_confidence,1789645455.0726624,1789645455.0726624,0.6655
/camera/world/agv3_confidence,1789645455.0728147,1789645455.0728147,0.6578
/camera/world/agv2_confidence,1789645455.0728786,1789645455.0728786,0.6553
/camera/world/agv3_confidence,1789645455.1079762,1789645455.1079762,0.6574
/camera/world/agv2_confidence,1789645455.1080549,1789645455.1080549,0.6558
/camera/world/agv1_confidence,1789645455.1080792,1789645455.1080792,0.6649
/camera/world/agv1_confidence,1789645455.1434777,1789645455.1434777,0.6642
/camera/world/agv3_confidence,1789645455.143513,1789645455.143513,0.6551
/camera/world/agv2_confidence,1789645455.1435819,1789645455.1435819,0.6561
/camera/world/agv1_confidence,1789645455.1706789,1789645455.1706789,0.6645
/camera/world/agv2_confidence,1789645455.1707895,1789645455.1707895,0.6551
/camera/world/agv3_confidence,1789645455.1709235,1789645455.1709235,0.6561
/camera/world/agv1_confidence,1789645455.2080643,1789645455.2080643,0.6641
/camera/world/agv2_confidence,1789645455.208072,1789645455.208072,0.6546
/camera/world/agv3_confidence,1789645455.2081897,1789645455.2081897,0.6575
/camera/world/agv1_confidence,1789645455.236681,1789645455.236681,0.6637
/camera/world/agv3_confidence,1789645455.2367158,1789645455.2367158,0.6577
/camera/world/agv2_confidence,1789645455.2367554,1789645455.2367554,0.6562
/camera/world/agv1_confidence,1789645455.275468,1789645455.275468,0.6657
/camera/world/agv2_confidence,1789645455.2755594,1789645455.2755594,0.6564
/camera/world/agv3_confidence,1789645455.2756805,1789645455.2756805,0.6566
/camera/world/agv1_confidence,1789645455.3051534,1789645455.3051534,0.6656
/camera/world/agv2_confidence,1789645455.3051634,1789645455.3051634,0.6532
/camera/world/agv3_confidence,1789645455.3051972,1789645455.3051972,0.6576
/camera/world/agv1_confidence,1789645455.334822,1789645455.334822,0.6663
/camera/world/agv3_confidence,1789645455.3348734,1789645455.3348734,0.6575
/camera/world/agv2_confidence,1789645455.3348777,1789645455.3348777,0.6553
/camera/world/agv2_confidence,1789645455.3752148,1789645455.3752148,0.6554
/camera/world/agv3_confidence,1789645455.3752198,1789645455.3752198,0.6578
/camera/world/agv1_confidence,1789645455.3754635,1789645455.3754635,0.6669
/camera/world/agv2_confidence,1789645455.4047139,1789645455.4047139,0.6554
/camera/world/agv3_confidence,1789645455.4047177,1789645455.4047177,0.6585
/camera/world/agv1_confidence,1789645455.4047494,1789645455.4047494,0.6669
/camera/world/agv1_confidence,1789645455.4420707,1789645455.4420707,0.6668
/camera/world/agv2_confidence,1789645455.4421554,1789645455.4421554,0.6559
/camera/world/agv3_confidence,1789645455.4425478,1789645455.4425478,0.659
/camera/world/agv1_confidence,1789645455.4699724,1789645455.4699724,0.6683
/camera/world/agv3_confidence,1789645455.4703686,1789645455.4703686,0.6581
/camera/world/agv2_confidence,1789645455.4703743,1789645455.4703743,0.6565
/camera/world/agv2_confidence,1789645455.5082123,1789645455.5082123,0.6559
/camera/world/agv1_confidence,1789645455.508335,1789645455.508335,0.6682
/camera/world/agv3_confidence,1789645455.5084624,1789645455.5084624,0.6583
/camera/world/agv1_confidence,1789645455.5413368,1789645455.5413368,0.6656
/camera/world/agv2_confidence,1789645455.5414557,1789645455.5414557,0.6564
/camera/world/agv3_confidence,1789645455.5416603,1789645455.5416603,0.6584
/camera/world/agv2_confidence,1789645455.5696065,1789645455.5696065,0.6562
/camera/world/agv1_confidence,1789645455.5696106,1789645455.5696106,0.6652
/camera/world/agv3_confidence,1789645455.5697644,1789645455.5697644,0.6585
/camera/world/agv1_confidence,1789645455.6099908,1789645455.6099908,0.664
/camera/world/agv3_confidence,1789645455.6101353,1789645455.6101353,0.6583
/camera/world/agv2_confidence,1789645455.610183,1789645455.610183,0.6561
/camera/world/agv1_confidence,1789645455.6361792,1789645455.6361792,0.6652
/camera/world/agv2_confidence,1789645455.636198,1789645455.636198,0.6556
/camera/world/agv3_confidence,1789645455.6363199,1789645455.6363199,0.6591
/camera/world/agv2_confidence,1789645455.6725543,1789645455.6725543,0.6557
/camera/world/agv1_confidence,1789645455.6725848,1789645455.6725848,0.6673
/camera/world/agv3_confidence,1789645455.6725874,1789645455.6725874,0.6581
/camera/world/agv1_confidence,1789645455.704401,1789645455.704401,0.6667
/camera/world/agv3_confidence,1789645455.704454,1789645455.704454,0.6595
/camera/world/agv2_confidence,1789645455.704456,1789645455.704456,0.6563
/camera/world/agv2_confidence,1789645455.7369473,1789645455.7369473,0.6564
/camera/world/agv1_confidence,1789645455.7369764,1789645455.7369764,0.6529
/camera/world/agv3_confidence,1789645455.7370834,1789645455.7370834,0.658
/camera/world/agv2_confidence,1789645455.7746,1789645455.7746,0.6562
/camera/world/agv1_confidence,1789645455.7746463,1789645455.7746463,0.6661
/camera/world/agv3_confidence,1789645455.7747738,1789645455.7747738,0.6589
/camera/world/agv1_confidence,1789645455.8059964,1789645455.8059964,0.6676
/camera/world/agv2_confidence,1789645455.8061311,1789645455.8061311,0.6567
/camera/world/agv3_confidence,1789645455.8061864,1789645455.8061864,0.6578
/camera/world/agv1_confidence,1789645455.834612,1789645455.834612,0.6655
/camera/world/agv2_confidence,1789645455.8346171,1789645455.8346171,0.6552
/camera/world/agv3_confidence,1789645455.8347929,1789645455.8347929,0.6576
/camera/world/agv1_confidence,1789645455.871311,1789645455.871311,0.6657
/camera/world/agv2_confidence,1789645455.8713932,1789645455.8713932,0.6556
/camera/world/agv3_confidence,1789645455.8715274,1789645455.8715274,0.6587
/camera/world/agv2_confidence,1789645455.9129927,1789645455.9129927,0.6542
/camera/world/agv1_confidence,1789645455.9130356,1789645455.9130356,0.6643
/camera/world/agv3_confidence,1789645455.9132357,1789645455.9132357,0.6568
/camera/world/agv1_confidence,1789645455.9369867,1789645455.9369867,0.6662
/camera/world/agv2_confidence,1789645455.937123,1789645455.937123,0.656
/camera/world/agv3_confidence,1789645455.9372518,1789645455.9372518,0.6585
/camera/world/agv3_confidence,1789645455.974602,1789645455.974602,0.6593
/camera/world/agv1_confidence,1789645455.9746494,1789645455.9746494,0.6643
/camera/world/agv2_confidence,1789645455.974658,1789645455.974658,0.6557
/camera/world/agv2_confidence,1789645456.002786,1789645456.002786,0.6564
/camera/world/agv1_confidence,1789645456.0028753,1789645456.0028753,0.6661
/camera/world/agv3_confidence,1789645456.0029056,1789645456.0029056,0.6587
/camera/world/agv1_confidence,1789645456.0409493,1789645456.0409493,0.6646
/camera/world/agv3_confidence,1789645456.041003,1789645456.041003,0.6576
/camera/world/agv2_confidence,1789645456.041023,1789645456.041023,0.656
/camera/world/agv1_confidence,1789645456.076906,1789645456.076906,0.6654
/camera/world/agv2_confidence,1789645456.0769544,1789645456.0769544,0.6565
/camera/world/agv3_confidence,1789645456.0769563,1789645456.0769563,0.6591
/camera/world/agv2_confidence,1789645456.1086683,1789645456.1086683,0.6559
/camera/world/agv1_confidence,1789645456.10882,1789645456.10882,0.6663
/camera/world/agv3_confidence,1789645456.1088393,1789645456.1088393,0.6588
/camera/world/agv2_confidence,1789645456.1364875,1789645456.1364875,0.6558
/camera/world/agv1_confidence,1789645456.1365745,1789645456.1365745,0.6663
/camera/world/agv3_confidence,1789645456.136789,1789645456.136789,0.659
/camera/world/agv2_confidence,1789645456.1754582,1789645456.1754582,0.6566
/camera/world/agv3_confidence,1789645456.1756072,1789645456.1756072,0.6595
/camera/world/agv1_confidence,1789645456.1757298,1789645456.1757298,0.6667
/camera/world/agv1_confidence,1789645456.2021377,1789645456.2021377,0.6676
/camera/world/agv3_confidence,1789645456.2024136,1789645456.2024136,0.6589
/camera/world/agv2_confidence,1789645456.2024639,1789645456.2024639,0.6568
/camera/world/agv2_confidence,1789645456.2423317,1789645456.2423317,0.657
/camera/world/agv1_confidence,1789645456.2423947,1789645456.2423947,0.6495
/camera/world/agv3_confidence,1789645456.2425632,1789645456.2425632,0.6597
/camera/world/agv2_confidence,1789645456.2771227,1789645456.2771227,0.6558
/camera/world/agv1_confidence,1789645456.2771695,1789645456.2771695,0.6667
/camera/world/agv3_confidence,1789645456.2774236,1789645456.2774236,0.6599
/camera/world/agv1_confidence,1789645456.3092046,1789645456.3092046,0.6665
/camera/world/agv2_confidence,1789645456.3092356,1789645456.3092356,0.6578
/camera/world/agv3_confidence,1789645456.309374,1789645456.309374,0.6591
/camera/world/agv1_confidence,1789645456.3401065,1789645456.3401065,0.6653
/camera/world/agv3_confidence,1789645456.3401074,1789645456.3401074,0.6603
/camera/world/agv2_confidence,1789645456.3401527,1789645456.3401527,0.6565
/camera/world/agv1_confidence,1789645456.367675,1789645456.367675,0.6653
/camera/world/agv2_confidence,1789645456.3677177,1789645456.3677177,0.6559
/camera/world/agv3_confidence,1789645456.3678017,1789645456.3678017,0.6606
/camera/world/agv3_confidence,1789645456.4049904,1789645456.4049904,0.6593
/camera/world/agv1_confidence,1789645456.4049962,1789645456.4049962,0.666
/camera/world/agv2_confidence,1789645456.4051268,1789645456.4051268,0.6574
/camera/world/agv1_confidence,1789645456.4465442,1789645456.4465442,0.665
/camera/world/agv3_confidence,1789645456.44672,1789645456.44672,0.66
/camera/world/agv2_confidence,1789645456.446724,1789645456.446724,0.6578
/camera/world/agv1_confidence,1789645456.4688761,1789645456.4688761,0.6657
/camera/world/agv2_confidence,1789645456.4688804,1789645456.4688804,0.6575
/camera/world/agv3_confidence,1789645456.4690294,1789645456.4690294,0.6602
/camera/world/agv1_confidence,1789645456.506905,1789645456.506905,0.6658
/camera/world/agv2_confidence,1789645456.5070562,1789645456.5070562,0.6572
/camera/world/agv3_confidence,1789645456.5070698,1789645456.5070698,0.6597
/camera/world/agv1_confidence,1789645456.541458,1789645456.541458,0.6651
/camera/world/agv3_confidence,1789645456.5415103,1789645456.5415103,0.6586
/camera/world/agv2_confidence,1789645456.5415204,1789645456.5415204,0.6565
/camera/world/agv2_confidence,1789645456.5697846,1789645456.5697846,0.6569
/camera/world/agv3_confidence,1789645456.5697896,1789645456.5697896,0.6591
/camera/world/agv1_confidence,1789645456.5698574,1789645456.5698574,0.6654
/camera/world/agv1_confidence,1789645456.6124597,1789645456.6124597,0.6677
/camera/world/agv2_confidence,1789645456.61263,1789645456.61263,0.6562
/camera/world/agv3_confidence,1789645456.612741,1789645456.612741,0.6593
/camera/world/agv1_confidence,1789645456.6345396,1789645456.6345396,0.6674
/camera/world/agv2_confidence,1789645456.6346786,1789645456.6346786,0.6575
/camera/world/agv3_confidence,1789645456.6351497,1789645456.6351497,0.6573
/camera/world/agv2_confidence,1789645456.6731021,1789645456.6731021,0.6572
/camera/world/agv1_confidence,1789645456.673155,1789645456.673155,0.6685
/camera/world/agv3_confidence,1789645456.6732621,1789645456.6732621,0.6579
/camera/world/agv1_confidence,1789645456.703116,1789645456.703116,0.6683
/camera/world/agv3_confidence,1789645456.7031572,1789645456.7031572,0.6593
/camera/world/agv2_confidence,1789645456.7032895,1789645456.7032895,0.6577
/camera/world/agv1_confidence,1789645456.7361314,1789645456.7361314,0.6553
/camera/world/agv3_confidence,1789645456.7364316,1789645456.7364316,0.6568
/camera/world/agv2_confidence,1789645456.7364497,1789645456.7364497,0.6568
/camera/world/agv2_confidence,1789645456.7829597,1789645456.7829597,0.6574
/camera/world/agv3_confidence,1789645456.7831883,1789645456.7831883,0.6587
/camera/world/agv1_confidence,1789645456.7832656,1789645456.7832656,0.6654
/camera/world/agv2_confidence,1789645456.8030736,1789645456.8030736,0.6573
/camera/world/agv1_confidence,1789645456.8031008,1789645456.8031008,0.6666
/camera/world/agv3_confidence,1789645456.803267,1789645456.803267,0.6587
/camera/world/agv1_confidence,1789645456.8450675,1789645456.8450675,0.668
/camera/world/agv2_confidence,1789645456.845267,1789645456.845267,0.6577
/camera/world/agv3_confidence,1789645456.8453946,1789645456.8453946,0.661
/camera/world/agv1_confidence,1789645456.8743663,1789645456.8743663,0.6681
/camera/world/agv2_confidence,1789645456.8744261,1789645456.8744261,0.6579
/camera/world/agv3_confidence,1789645456.8745205,1789645456.8745205,0.6609
/camera/world/agv1_confidence,1789645456.9061913,1789645456.9061913,0.6651
/camera/world/agv2_confidence,1789645456.9064271,1789645456.9064271,0.6579
/camera/world/agv3_confidence,1789645456.9065957,1789645456.9065957,0.6584
/camera/world/agv1_confidence,1789645456.9349828,1789645456.9349828,0.6655
/camera/world/agv2_confidence,1789645456.9350681,1789645456.9350681,0.6576
/camera/world/agv3_confidence,1789645456.9352376,1789645456.9352376,0.6607
/camera/world/agv1_confidence,1789645456.971251,1789645456.971251,0.6674
/camera/world/agv2_confidence,1789645456.9712865,1789645456.9712865,0.6577
/camera/world/agv3_confidence,1789645456.9713397,1789645456.9713397,0.6596
/camera/world/agv1_confidence,1789645457.0012553,1789645457.0012553,0.6683
/camera/world/agv3_confidence,1789645457.0012803,1789645457.0012803,0.6602
/camera/world/agv2_confidence,1789645457.0012944,1789645457.0012944,0.6582
/camera/world/agv2_confidence,1789645457.043008,1789645457.043008,0.6575
/camera/world/agv1_confidence,1789645457.0431156,1789645457.0431156,0.6684
/camera/world/agv3_confidence,1789645457.0433526,1789645457.0433526,0.6605
/camera/world/agv1_confidence,1789645457.0716443,1789645457.0716443,0.6662
/camera/world/agv3_confidence,1789645457.0717008,1789645457.0717008,0.6598
/camera/world/agv2_confidence,1789645457.0717556,1789645457.0717556,0.6578
/camera/world/agv1_confidence,1789645457.1090117,1789645457.1090117,0.6647
/camera/world/agv2_confidence,1789645457.1090212,1789645457.1090212,0.6578
/camera/world/agv3_confidence,1789645457.1092257,1789645457.1092257,0.6594
/camera/world/agv1_confidence,1789645457.1369543,1789645457.1369543,0.6648
/camera/world/agv3_confidence,1789645457.137092,1789645457.137092,0.6597
/camera/world/agv2_confidence,1789645457.1371055,1789645457.1371055,0.6572
/camera/world/agv2_confidence,1789645457.176678,1789645457.176678,0.6426
/camera/world/agv1_confidence,1789645457.176767,1789645457.176767,0.6656
/camera/world/agv3_confidence,1789645457.176849,1789645457.176849,0.6593
/camera/world/agv1_confidence,1789645457.2047408,1789645457.2047408,0.6646
/camera/world/agv3_confidence,1789645457.2049851,1789645457.2049851,0.6586
/camera/world/agv2_confidence,1789645457.2049983,1789645457.2049983,0.6574
/camera/world/agv1_confidence,1789645457.2465014,1789645457.2465014,0.6662
/camera/world/agv2_confidence,1789645457.2467046,1789645457.2467046,0.657
/camera/world/agv3_confidence,1789645457.2469497,1789645457.2469497,0.6589
/camera/world/agv1_confidence,1789645457.2751184,1789645457.2751184,0.6624
/camera/world/agv3_confidence,1789645457.2751837,1789645457.2751837,0.6612
/camera/world/agv2_confidence,1789645457.2752652,1789645457.2752652,0.6582
/camera/world/agv3_confidence,1789645457.3022964,1789645457.3022964,0.6596
/camera/world/agv1_confidence,1789645457.3023024,1789645457.3023024,0.667
/camera/world/agv2_confidence,1789645457.3023071,1789645457.3023071,0.6581
/camera/world/agv2_confidence,1789645457.3395667,1789645457.3395667,0.6574
/camera/world/agv3_confidence,1789645457.3396292,1789645457.3396292,0.6614
/camera/world/agv1_confidence,1789645457.3396878,1789645457.3396878,0.6674
/camera/world/agv2_confidence,1789645457.3688524,1789645457.3688524,0.6568
/camera/world/agv3_confidence,1789645457.3690512,1789645457.3690512,0.6623
/camera/world/agv1_confidence,1789645457.3690696,1789645457.3690696,0.6655
/camera/world/agv3_confidence,1789645457.4059649,1789645457.4059649,0.6609
/camera/world/agv1_confidence,1789645457.4059727,1789645457.4059727,0.6667
/camera/world/agv2_confidence,1789645457.406078,1789645457.406078,0.6583
/camera/world/agv1_confidence,1789645457.437046,1789645457.437046,0.6691
/camera/world/agv2_confidence,1789645457.4370646,1789645457.4370646,0.6586
/camera/world/agv3_confidence,1789645457.4370928,1789645457.4370928,0.6606
/camera/world/agv2_confidence,1789645457.47692,1789645457.47692,0.6583
/camera/world/agv1_confidence,1789645457.4769707,1789645457.4769707,0.6639
/camera/world/agv3_confidence,1789645457.4770987,1789645457.4770987,0.6608
/camera/world/agv1_confidence,1789645457.5052826,1789645457.5052826,0.667
/camera/world/agv2_confidence,1789645457.5053573,1789645457.5053573,0.6578
/camera/world/agv3_confidence,1789645457.50545,1789645457.50545,0.661
/camera/world/agv1_confidence,1789645457.5391994,1789645457.5391994,0.67
/camera/world/agv2_confidence,1789645457.5394,1789645457.5394,0.6584
/camera/world/agv3_confidence,1789645457.5394478,1789645457.5394478,0.661
/camera/world/agv1_confidence,1789645457.5689003,1789645457.5689003,0.6667
/camera/world/agv2_confidence,1789645457.568962,1789645457.568962,0.6582
/camera/world/agv3_confidence,1789645457.569027,1789645457.569027,0.6614
/camera/world/agv2_confidence,1789645457.6110535,1789645457.6110535,0.6594
/camera/world/agv1_confidence,1789645457.6111755,1789645457.6111755,0.6603
/camera/world/agv3_confidence,1789645457.6113331,1789645457.6113331,0.662
/camera/world/agv1_confidence,1789645457.6381457,1789645457.6381457,0.6659
/camera/world/agv3_confidence,1789645457.6383266,1789645457.6383266,0.6619
/camera/world/agv2_confidence,1789645457.63833,1789645457.63833,0.6583
/camera/world/agv1_confidence,1789645457.6689599,1789645457.6689599,0.6671
/camera/world/agv2_confidence,1789645457.669161,1789645457.669161,0.6583
/camera/world/agv3_confidence,1789645457.669329,1789645457.669329,0.6605
/camera/world/agv1_confidence,1789645457.7097046,1789645457.7097046,0.6689
/camera/world/agv2_confidence,1789645457.7097309,1789645457.7097309,0.6584
/camera/world/agv3_confidence,1789645457.7099953,1789645457.7099953,0.6622
/camera/world/agv1_confidence,1789645457.7363665,1789645457.7363665,0.6681
/camera/world/agv2_confidence,1789645457.7363698,1789645457.7363698,0.659
/camera/world/agv3_confidence,1789645457.7366424,1789645457.7366424,0.6619
/camera/world/agv1_confidence,1789645457.767658,1789645457.767658,0.6669
/camera/world/agv2_confidence,1789645457.7678363,1789645457.7678363,0.658
/camera/world/agv3_confidence,1789645457.7679982,1789645457.7679982,0.6621
/camera/world/agv2_confidence,1789645457.8090627,1789645457.8090627,0.6587
/camera/world/agv1_confidence,1789645457.809109,1789645457.809109,0.6686
/camera/world/agv3_confidence,1789645457.809185,1789645457.809185,0.6627
/camera/world/agv1_confidence,1789645457.8391225,1789645457.8391225,0.6704
/camera/world/agv2_confidence,1789645457.8391783,1789645457.8391783,0.6583
/camera/world/agv3_confidence,1789645457.8394814,1789645457.8394814,0.6629
/camera/world/agv2_confidence,1789645457.8729029,1789645457.8729029,0.6578
/camera/world/agv3_confidence,1789645457.8732266,1789645457.8732266,0.663
/camera/world/agv1_confidence,1789645457.8732696,1789645457.8732696,0.6673
/camera/world/agv1_confidence,1789645457.904432,1789645457.904432,0.6659
/camera/world/agv2_confidence,1789645457.9047594,1789645457.9047594,0.6582
/camera/world/agv3_confidence,1789645457.9048038,1789645457.9048038,0.6605
/camera/world/agv2_confidence,1789645457.9425669,1789645457.9425669,0.6585
/camera/world/agv1_confidence,1789645457.9426165,1789645457.9426165,0.6663
/camera/world/agv3_confidence,1789645457.942818,1789645457.942818,0.6613
/camera/world/agv1_confidence,1789645457.9718487,1789645457.9718487,0.6684
/camera/world/agv3_confidence,1789645457.972211,1789645457.972211,0.6623
/camera/world/agv2_confidence,1789645457.9722216,1789645457.9722216,0.6583
/camera/world/agv1_confidence,1789645458.0039918,1789645458.0039918,0.6655
/camera/world/agv2_confidence,1789645458.0041742,1789645458.0041742,0.6578
/camera/world/agv3_confidence,1789645458.0041947,1789645458.0041947,0.6625
/camera/world/agv1_confidence,1789645458.0421169,1789645458.0421169,0.6664
/camera/world/agv2_confidence,1789645458.0421202,1789645458.0421202,0.6587
/camera/world/agv3_confidence,1789645458.0422182,1789645458.0422182,0.6608
/camera/world/agv2_confidence,1789645458.0747192,1789645458.0747192,0.6584
/camera/world/agv1_confidence,1789645458.0748084,1789645458.0748084,0.666
/camera/world/agv3_confidence,1789645458.0749023,1789645458.0749023,0.6616
/camera/world/agv1_confidence,1789645458.102912,1789645458.102912,0.6685
/camera/world/agv3_confidence,1789645458.10292,1789645458.10292,0.6614
/camera/world/agv2_confidence,1789645458.1029243,1789645458.1029243,0.6584
/camera/world/agv1_confidence,1789645458.141304,1789645458.141304,0.6672
/camera/world/agv2_confidence,1789645458.1414907,1789645458.1414907,0.6585
/camera/world/agv3_confidence,1789645458.1415167,1789645458.1415167,0.6606
/camera/world/agv2_confidence,1789645458.1730034,1789645458.1730034,0.6589
/camera/world/agv3_confidence,1789645458.1730366,1789645458.1730366,0.6603
/camera/world/agv1_confidence,1789645458.1730752,1789645458.1730752,0.6672
/camera/world/agv2_confidence,1789645458.2102318,1789645458.2102318,0.659
/camera/world/agv1_confidence,1789645458.210296,1789645458.210296,0.6685
/camera/world/agv3_confidence,1789645458.21043,1789645458.21043,0.6633
/camera/world/agv3_confidence,1789645458.237305,1789645458.237305,0.6631
/camera/world/agv2_confidence,1789645458.2373197,1789645458.2373197,0.6583
/camera/world/agv1_confidence,1789645458.2374132,1789645458.2374132,0.6671
/camera/world/agv1_confidence,1789645458.2676673,1789645458.2676673,0.6667
/camera/world/agv3_confidence,1789645458.2677515,1789645458.2677515,0.6622
/camera/world/agv2_confidence,1789645458.2677693,1789645458.2677693,0.6579
/camera/world/agv1_confidence,1789645458.306733,1789645458.306733,0.6673
/camera/world/agv2_confidence,1789645458.306807,1789645458.306807,0.6582
/camera/world/agv3_confidence,1789645458.3068743,1789645458.3068743,0.6623
/camera/world/agv3_confidence,1789645458.3380322,1789645458.3380322,0.6632
/camera/world/agv2_confidence,1789645458.3380435,1789645458.3380435,0.6589
/camera/world/agv1_confidence,1789645458.3380654,1789645458.3380654,0.6699
/camera/world/agv1_confidence,1789645458.3770902,1789645458.3770902,0.6682
/camera/world/agv2_confidence,1789645458.3771574,1789645458.3771574,0.6586
/camera/world/agv3_confidence,1789645458.377199,1789645458.377199,0.6643
/camera/world/agv2_confidence,1789645458.4094307,1789645458.4094307,0.6593
/camera/world/agv1_confidence,1789645458.4095275,1789645458.4095275,0.6663
/camera/world/agv3_confidence,1789645458.4096072,1789645458.4096072,0.6625
/camera/world/agv2_confidence,1789645458.4447954,1789645458.4447954,0.6594
/camera/world/agv1_confidence,1789645458.4448946,1789645458.4448946,0.6675
/camera/world/agv3_confidence,1789645458.4449131,1789645458.4449131,0.662
/camera/world/agv2_confidence,1789645458.4775138,1789645458.4775138,0.6573
/camera/world/agv3_confidence,1789645458.4775276,1789645458.4775276,0.6629
/camera/world/agv1_confidence,1789645458.4776926,1789645458.4776926,0.6686
/camera/world/agv1_confidence,1789645458.507409,1789645458.507409,0.6685
/camera/world/agv2_confidence,1789645458.5075293,1789645458.5075293,0.6573
/camera/world/agv3_confidence,1789645458.5075479,1789645458.5075479,0.6653
/camera/world/agv3_confidence,1789645458.536075,1789645458.536075,0.6653
/camera/world/agv1_confidence,1789645458.5361943,1789645458.5361943,0.6692
/camera/world/agv2_confidence,1789645458.5362854,1789645458.5362854,0.6596
/camera/world/agv1_confidence,1789645458.5810916,1789645458.5810916,0.6673
/camera/world/agv3_confidence,1789645458.5811338,1789645458.5811338,0.6638
/camera/world/agv2_confidence,1789645458.5812683,1789645458.5812683,0.6527
/camera/world/agv1_confidence,1789645458.6039283,1789645458.6039283,0.6683
/camera/world/agv3_confidence,1789645458.6039426,1789645458.6039426,0.6654
/camera/world/agv2_confidence,1789645458.6039524,1789645458.6039524,0.6581
/camera/world/agv1_confidence,1789645458.6348436,1789645458.6348436,0.6669
/camera/world/agv3_confidence,1789645458.6348498,1789645458.6348498,0.6621
/camera/world/agv2_confidence,1789645458.6348624,1789645458.6348624,0.6598
/camera/world/agv2_confidence,1789645458.6737576,1789645458.6737576,0.6571
/camera/world/agv1_confidence,1789645458.6737602,1789645458.6737602,0.668
/camera/world/agv3_confidence,1789645458.6738338,1789645458.6738338,0.6609
/camera/world/agv1_confidence,1789645458.703444,1789645458.703444,0.6673
/camera/world/agv3_confidence,1789645458.7036805,1789645458.7036805,0.6632
/camera/world/agv2_confidence,1789645458.7037122,1789645458.7037122,0.6596
/camera/world/agv2_confidence,1789645458.7429025,1789645458.7429025,0.6575
/camera/world/agv1_confidence,1789645458.7429826,1789645458.7429826,0.6689
/camera/world/agv3_confidence,1789645458.7429996,1789645458.7429996,0.6651
/camera/world/agv1_confidence,1789645458.7727442,1789645458.7727442,0.6677
/camera/world/agv2_confidence,1789645458.7729678,1789645458.7729678,0.6589
/camera/world/agv3_confidence,1789645458.7730904,1789645458.7730904,0.6599
/camera/world/agv1_confidence,1789645458.8066225,1789645458.8066225,0.6656
/camera/world/agv2_confidence,1789645458.8067245,1789645458.8067245,0.6585
/camera/world/agv3_confidence,1789645458.806992,1789645458.806992,0.6631
/camera/world/agv1_confidence,1789645458.8361385,1789645458.8361385,0.6685
/camera/world/agv2_confidence,1789645458.8363848,1789645458.8363848,0.6589
/camera/world/agv3_confidence,1789645458.836397,1789645458.836397,0.6636
/camera/world/agv1_confidence,1789645458.8744211,1789645458.8744211,0.6672
/camera/world/agv2_confidence,1789645458.8745883,1789645458.8745883,0.6584
/camera/world/agv3_confidence,1789645458.874888,1789645458.874888,0.6623
/camera/world/agv1_confidence,1789645458.9049199,1789645458.9049199,0.6692
/camera/world/agv2_confidence,1789645458.905044,1789645458.905044,0.6588
/camera/world/agv3_confidence,1789645458.9052298,1789645458.9052298,0.6611
/camera/world/agv1_confidence,1789645458.9355557,1789645458.9355557,0.6657
/camera/world/agv2_confidence,1789645458.9357543,1789645458.9357543,0.6569
/camera/world/agv3_confidence,1789645458.935767,1789645458.935767,0.6609
/camera/world/agv2_confidence,1789645458.971114,1789645458.971114,0.6589
/camera/world/agv1_confidence,1789645458.9711177,1789645458.9711177,0.6668
/camera/world/agv3_confidence,1789645458.9712038,1789645458.9712038,0.6606
/camera/world/agv2_confidence,1789645459.0017154,1789645459.0017154,0.6581
/camera/world/agv1_confidence,1789645459.0018308,1789645459.0018308,0.6688
/camera/world/agv3_confidence,1789645459.0020223,1789645459.0020223,0.6626
/camera/world/agv3_confidence,1789645459.0459616,1789645459.0459616,0.6665
/camera/world/agv1_confidence,1789645459.0459638,1789645459.0459638,0.6671
/camera/world/agv2_confidence,1789645459.0461102,1789645459.0461102,0.6587
/camera/world/agv1_confidence,1789645459.0746043,1789645459.0746043,0.6679
/camera/world/agv2_confidence,1789645459.074608,1789645459.074608,0.659
/camera/world/agv3_confidence,1789645459.0747821,1789645459.0747821,0.6675
/camera/world/agv2_confidence,1789645459.1022224,1789645459.1022224,0.6574
/camera/world/agv1_confidence,1789645459.1025085,1789645459.1025085,0.6688
/camera/world/agv3_confidence,1789645459.1025977,1789645459.1025977,0.6671
/camera/world/agv1_confidence,1789645459.1563861,1789645459.1563861,0.6695
/camera/world/agv3_confidence,1789645459.1564398,1789645459.1564398,0.6632
/camera/world/agv2_confidence,1789645459.1565905,1789645459.1565905,0.6568
/camera/world/agv1_confidence,1789645459.1783447,1789645459.1783447,0.6691
/camera/world/agv2_confidence,1789645459.178571,1789645459.178571,0.6591
/camera/world/agv3_confidence,1789645459.1788256,1789645459.1788256,0.661
/camera/world/agv1_confidence,1789645459.2057748,1789645459.2057748,0.6686
/camera/world/agv3_confidence,1789645459.2059855,1789645459.2059855,0.6648
/camera/world/agv2_confidence,1789645459.205991,1789645459.205991,0.6587
/camera/world/agv1_confidence,1789645459.2356417,1789645459.2356417,0.6688
/camera/world/agv3_confidence,1789645459.2359521,1789645459.2359521,0.6623
/camera/world/agv2_confidence,1789645459.2359815,1789645459.2359815,0.6559
/camera/world/agv1_confidence,1789645459.2776394,1789645459.2776394,0.6683
/camera/world/agv3_confidence,1789645459.2777975,1789645459.2777975,0.6659
/camera/world/agv2_confidence,1789645459.2778552,1789645459.2778552,0.6584
/camera/world/agv1_confidence,1789645459.3090637,1789645459.3090637,0.6696
/camera/world/agv3_confidence,1789645459.3091168,1789645459.3091168,0.6667
/camera/world/agv2_confidence,1789645459.3091495,1789645459.3091495,0.6575
/camera/world/agv2_confidence,1789645459.3393118,1789645459.3393118,0.6581
/camera/world/agv1_confidence,1789645459.3394296,1789645459.3394296,0.6691
/camera/world/agv3_confidence,1789645459.3394766,1789645459.3394766,0.6657
/camera/world/agv2_confidence,1789645459.3694246,1789645459.3694246,0.6574
/camera/world/agv3_confidence,1789645459.3696375,1789645459.3696375,0.6664
/camera/world/agv1_confidence,1789645459.36965,1789645459.36965,0.6691
/camera/world/agv1_confidence,1789645459.4011452,1789645459.4011452,0.6694
/camera/world/agv2_confidence,1789645459.4012036,1789645459.4012036,0.6584
/camera/world/agv3_confidence,1789645459.4013083,1789645459.4013083,0.6648
/camera/world/agv1_confidence,1789645459.4466121,1789645459.4466121,0.6682
/camera/world/agv2_confidence,1789645459.4468699,1789645459.4468699,0.6584
/camera/world/agv3_confidence,1789645459.4468884,1789645459.4468884,0.6634
/camera/world/agv1_confidence,1789645459.4696662,1789645459.4696662,0.6695
/camera/world/agv3_confidence,1789645459.4697325,1789645459.4697325,0.6653
/camera/world/agv2_confidence,1789645459.469829,1789645459.469829,0.6574
/camera/world/agv2_confidence,1789645459.5048826,1789645459.5048826,0.6579
/camera/world/agv3_confidence,1789645459.5049405,1789645459.5049405,0.6634
/camera/world/agv1_confidence,1789645459.5049422,1789645459.5049422,0.6683
/camera/world/agv2_confidence,1789645459.5418928,1789645459.5418928,0.6589
/camera/world/agv1_confidence,1789645459.5419211,1789645459.5419211,0.6672
/camera/world/agv3_confidence,1789645459.541927,1789645459.541927,0.6635
/camera/world/agv1_confidence,1789645459.571416,1789645459.571416,0.6688
/camera/world/agv3_confidence,1789645459.571577,1789645459.571577,0.6667
/camera/world/agv2_confidence,1789645459.5716653,1789645459.5716653,0.6571
/camera/world/agv2_confidence,1789645459.6071594,1789645459.6071594,0.6583
/camera/world/agv1_confidence,1789645459.6071749,1789645459.6071749,0.6685
/camera/world/agv3_confidence,1789645459.6074326,1789645459.6074326,0.666
/camera/world/agv1_confidence,1789645459.6358745,1789645459.6358745,0.6683
/camera/world/agv2_confidence,1789645459.6362605,1789645459.6362605,0.6584
/camera/world/agv3_confidence,1789645459.6364176,1789645459.6364176,0.664
/camera/world/agv1_confidence,1789645459.6685116,1789645459.6685116,0.6679
/camera/world/agv2_confidence,1789645459.6686063,1789645459.6686063,0.6582
/camera/world/agv3_confidence,1789645459.6687121,1789645459.6687121,0.6652
/camera/world/agv1_confidence,1789645459.7075968,1789645459.7075968,0.6683
/camera/world/agv3_confidence,1789645459.7077153,1789645459.7077153,0.6649
/camera/world/agv2_confidence,1789645459.7077281,1789645459.7077281,0.658
/camera/world/agv3_confidence,1789645459.7354481,1789645459.7354481,0.6646
/camera/world/agv1_confidence,1789645459.7356112,1789645459.7356112,0.6698
/camera/world/agv2_confidence,1789645459.7356837,1789645459.7356837,0.6583
/camera/world/agv3_confidence,1789645459.7763643,1789645459.7763643,0.6621
/camera/world/agv2_confidence,1789645459.7763743,1789645459.7763743,0.6584
/camera/world/agv1_confidence,1789645459.7764149,1789645459.7764149,0.669
/camera/world/agv2_confidence,1789645459.8026922,1789645459.8026922,0.6581
/camera/world/agv3_confidence,1789645459.8028207,1789645459.8028207,0.662
/camera/world/agv1_confidence,1789645459.8028505,1789645459.8028505,0.6691
/camera/world/agv1_confidence,1789645459.8360565,1789645459.8360565,0.6701
/camera/world/agv2_confidence,1789645459.836175,1789645459.836175,0.6594
/camera/world/agv3_confidence,1789645459.8363123,1789645459.8363123,0.6618
/camera/world/agv1_confidence,1789645459.8739781,1789645459.8739781,0.6703
/camera/world/agv2_confidence,1789645459.8740568,1789645459.8740568,0.6587
/camera/world/agv3_confidence,1789645459.8741138,1789645459.8741138,0.6613
/camera/world/agv2_confidence,1789645459.9008014,1789645459.9008014,0.6588
/camera/world/agv1_confidence,1789645459.9008074,1789645459.9008074,0.6704
/camera/world/agv3_confidence,1789645459.9008117,1789645459.9008117,0.6617
/camera/world/agv2_confidence,1789645459.9420955,1789645459.9420955,0.6567
/camera/world/agv1_confidence,1789645459.942148,1789645459.942148,0.6696
/camera/world/agv3_confidence,1789645459.942291,1789645459.942291,0.6636
/camera/world/agv1_confidence,1789645459.968845,1789645459.968845,0.6696
/camera/world/agv3_confidence,1789645459.9689252,1789645459.9689252,0.6626
/camera/world/agv2_confidence,1789645459.9689283,1789645459.9689283,0.6584
/camera/world/agv1_confidence,1789645460.0017536,1789645460.0017536,0.6687
/camera/world/agv2_confidence,1789645460.0019157,1789645460.0019157,0.6579
/camera/world/agv3_confidence,1789645460.0021641,1789645460.0021641,0.6641
/camera/world/agv2_confidence,1789645460.039157,1789645460.039157,0.6585
/camera/world/agv1_confidence,1789645460.0393648,1789645460.0393648,0.6683
/camera/world/agv3_confidence,1789645460.0393796,1789645460.0393796,0.6626
/camera/world/agv1_confidence,1789645460.0697377,1789645460.0697377,0.6684
/camera/world/agv2_confidence,1789645460.0697687,1789645460.0697687,0.6582
/camera/world/agv3_confidence,1789645460.0698178,1789645460.0698178,0.6643
/camera/world/agv1_confidence,1789645460.1067848,1789645460.1067848,0.67
/camera/world/agv3_confidence,1789645460.1067908,1789645460.1067908,0.6629
/camera/world/agv2_confidence,1789645460.106803,1789645460.106803,0.658
/camera/world/agv1_confidence,1789645460.1426792,1789645460.1426792,0.6706
/camera/world/agv2_confidence,1789645460.142687,1789645460.142687,0.6591
/camera/world/agv3_confidence,1789645460.142737,1789645460.142737,0.6636
/camera/world/agv2_confidence,1789645460.1786795,1789645460.1786795,0.6586
/camera/world/agv1_confidence,1789645460.1786873,1789645460.1786873,0.6696
/camera/world/agv3_confidence,1789645460.1788845,1789645460.1788845,0.6638
/camera/world/agv1_confidence,1789645460.2101722,1789645460.2101722,0.6704
/camera/world/agv2_confidence,1789645460.2101836,1789645460.2101836,0.6565
/camera/world/agv3_confidence,1789645460.21034,1789645460.21034,0.6641
/camera/world/agv2_confidence,1789645460.2388568,1789645460.2388568,0.6581
/camera/world/agv3_confidence,1789645460.239076,1789645460.239076,0.6636
/camera/world/agv1_confidence,1789645460.2391376,1789645460.2391376,0.6701
/camera/world/agv1_confidence,1789645460.2727482,1789645460.2727482,0.669
/camera/world/agv3_confidence,1789645460.272756,1789645460.272756,0.6637
/camera/world/agv2_confidence,1789645460.272872,1789645460.272872,0.6586
/camera/world/agv2_confidence,1789645460.3024435,1789645460.3024435,0.659
/camera/world/agv3_confidence,1789645460.3024542,1789645460.3024542,0.6648
/camera/world/agv1_confidence,1789645460.3025625,1789645460.3025625,0.6706
/camera/world/agv1_confidence,1789645460.3384573,1789645460.3384573,0.6698
/camera/world/agv2_confidence,1789645460.3384743,1789645460.3384743,0.659
/camera/world/agv3_confidence,1789645460.33875,1789645460.33875,0.6639
/camera/world/agv1_confidence,1789645460.368488,1789645460.368488,0.6702
/camera/world/agv2_confidence,1789645460.3687153,1789645460.3687153,0.6593
/camera/world/agv3_confidence,1789645460.3691244,1789645460.3691244,0.6637
/camera/world/agv1_confidence,1789645460.4089563,1789645460.4089563,0.6701
/camera/world/agv3_confidence,1789645460.4091833,1789645460.4091833,0.6652
/camera/world/agv2_confidence,1789645460.409186,1789645460.409186,0.659
/camera/world/agv2_confidence,1789645460.4382591,1789645460.4382591,0.66
/camera/world/agv1_confidence,1789645460.4382703,1789645460.4382703,0.6697
/camera/world/agv3_confidence,1789645460.4384866,1789645460.4384866,0.6648
/camera/world/agv1_confidence,1789645460.4755976,1789645460.4755976,0.6698
/camera/world/agv2_confidence,1789645460.4757164,1789645460.4757164,0.6591
/camera/world/agv3_confidence,1789645460.4759142,1789645460.4759142,0.6641
/camera/world/agv1_confidence,1789645460.5030832,1789645460.5030832,0.6706
/camera/world/agv3_confidence,1789645460.5032806,1789645460.5032806,0.665
/camera/world/agv2_confidence,1789645460.5033655,1789645460.5033655,0.6595
/camera/world/agv2_confidence,1789645460.5412192,1789645460.5412192,0.659
/camera/world/agv3_confidence,1789645460.5412464,1789645460.5412464,0.6646
/camera/world/agv1_confidence,1789645460.5413055,1789645460.5413055,0.6709
/camera/world/agv1_confidence,1789645460.568684,1789645460.568684,0.6706
/camera/world/agv2_confidence,1789645460.5687258,1789645460.5687258,0.6596
/camera/world/agv3_confidence,1789645460.568922,1789645460.568922,0.664
/camera/world/agv1_confidence,1789645460.605795,1789645460.605795,0.6692
/camera/world/agv2_confidence,1789645460.6062534,1789645460.6062534,0.6595
/camera/world/agv3_confidence,1789645460.6062737,1789645460.6062737,0.6642
/camera/world/agv1_confidence,1789645460.6397688,1789645460.6397688,0.669
/camera/world/agv2_confidence,1789645460.6398585,1789645460.6398585,0.6586
/camera/world/agv3_confidence,1789645460.6398678,1789645460.6398678,0.6643
/camera/world/agv1_confidence,1789645460.6759608,1789645460.6759608,0.6705
/camera/world/agv2_confidence,1789645460.6761606,1789645460.6761606,0.6583
/camera/world/agv3_confidence,1789645460.676332,1789645460.676332,0.6648
/camera/world/agv1_confidence,1789645460.7065659,1789645460.7065659,0.6708
/camera/world/agv2_confidence,1789645460.706682,1789645460.706682,0.6595
/camera/world/agv3_confidence,1789645460.706944,1789645460.706944,0.6644
/camera/world/agv1_confidence,1789645460.736902,1789645460.736902,0.6713
/camera/world/agv3_confidence,1789645460.737239,1789645460.737239,0.6647
/camera/world/agv2_confidence,1789645460.7372458,1789645460.7372458,0.6602
/camera/world/agv2_confidence,1789645460.7796829,1789645460.7796829,0.6601
/camera/world/agv1_confidence,1789645460.7796957,1789645460.7796957,0.6696
/camera/world/agv3_confidence,1789645460.779871,1789645460.779871,0.6662
/camera/world/agv1_confidence,1789645460.8139799,1789645460.8139799,0.6706
/camera/world/agv3_confidence,1789645460.8139973,1789645460.8139973,0.6663
/camera/world/agv2_confidence,1789645460.814011,1789645460.814011,0.6595
/camera/world/agv2_confidence,1789645460.8386915,1789645460.8386915,0.66
/camera/world/agv3_confidence,1789645460.838741,1789645460.838741,0.6644
/camera/world/agv1_confidence,1789645460.8387752,1789645460.8387752,0.6723
/camera/world/agv1_confidence,1789645460.8680148,1789645460.8680148,0.672
/camera/world/agv2_confidence,1789645460.8681233,1789645460.8681233,0.6604
/camera/world/agv3_confidence,1789645460.868365,1789645460.868365,0.6646
/camera/world/agv3_confidence,1789645460.9121022,1789645460.9121022,0.6647
/camera/world/agv1_confidence,1789645460.9121592,1789645460.9121592,0.6712
/camera/world/agv2_confidence,1789645460.912251,1789645460.912251,0.6611
/camera/world/agv1_confidence,1789645460.9357305,1789645460.9357305,0.6716
/camera/world/agv2_confidence,1789645460.936028,1789645460.936028,0.6584
/camera/world/agv3_confidence,1789645460.936165,1789645460.936165,0.6639
/camera/world/agv1_confidence,1789645460.9716637,1789645460.9716637,0.6702
/camera/world/agv2_confidence,1789645460.9718235,1789645460.9718235,0.6588
/camera/world/agv3_confidence,1789645460.9718313,1789645460.9718313,0.6636
/camera/world/agv1_confidence,1789645461.0037475,1789645461.0037475,0.67
/camera/world/agv2_confidence,1789645461.003758,1789645461.003758,0.6576
/camera/world/agv3_confidence,1789645461.0039225,1789645461.0039225,0.6628
/camera/world/agv2_confidence,1789645461.0420828,1789645461.0420828,0.6594
/camera/world/agv1_confidence,1789645461.0422444,1789645461.0422444,0.6698
/camera/world/agv3_confidence,1789645461.0424545,1789645461.0424545,0.6612
/camera/world/agv1_confidence,1789645461.0697343,1789645461.0697343,0.669
/camera/world/agv3_confidence,1789645461.0697663,1789645461.0697663,0.6617
/camera/world/agv2_confidence,1789645461.0698183,1789645461.0698183,0.6606
/camera/world/agv2_confidence,1789645461.1025243,1789645461.1025243,0.6607
/camera/world/agv1_confidence,1789645461.1025727,1789645461.1025727,0.6692
/camera/world/agv3_confidence,1789645461.1025841,1789645461.1025841,0.6645
/camera/world/agv2_confidence,1789645461.1385896,1789645461.1385896,0.6608
/camera/world/agv3_confidence,1789645461.1388319,1789645461.1388319,0.6653
/camera/world/agv1_confidence,1789645461.138871,1789645461.138871,0.6694
/camera/world/agv1_confidence,1789645461.1682885,1789645461.1682885,0.6707
/camera/world/agv2_confidence,1789645461.1684015,1789645461.1684015,0.6612
/camera/world/agv3_confidence,1789645461.1685407,1789645461.1685407,0.6641
/camera/world/agv3_confidence,1789645461.2020068,1789645461.2020068,0.6655
/camera/world/agv1_confidence,1789645461.2020106,1789645461.2020106,0.6711
/camera/world/agv2_confidence,1789645461.2020226,1789645461.2020226,0.6582
/camera/world/agv1_confidence,1789645461.2385945,1789645461.2385945,0.6709
/camera/world/agv3_confidence,1789645461.2386746,1789645461.2386746,0.6657
/camera/world/agv2_confidence,1789645461.2387247,1789645461.2387247,0.6593
/camera/world/agv1_confidence,1789645461.2678168,1789645461.2678168,0.6698
/camera/world/agv3_confidence,1789645461.2679756,1789645461.2679756,0.6637
/camera/world/agv2_confidence,1789645461.2679856,1789645461.2679856,0.6585
/camera/world/agv2_confidence,1789645461.310731,1789645461.310731,0.6615
/camera/world/agv1_confidence,1789645461.310775,1789645461.310775,0.6711
/camera/world/agv3_confidence,1789645461.3108256,1789645461.3108256,0.6655
/camera/world/agv3_confidence,1789645461.33807,1789645461.33807,0.6659
/camera/world/agv2_confidence,1789645461.3380852,1789645461.3380852,0.662
/camera/world/agv1_confidence,1789645461.3382268,1789645461.3382268,0.672
/camera/world/agv2_confidence,1789645461.367666,1789645461.367666,0.6609
/camera/world/agv3_confidence,1789645461.3678305,1789645461.3678305,0.6663
/camera/world/agv1_confidence,1789645461.367865,1789645461.367865,0.6721
/camera/world/agv1_confidence,1789645461.4069843,1789645461.4069843,0.6702
/camera/world/agv3_confidence,1789645461.4070292,1789645461.4070292,0.6527
/camera/world/agv2_confidence,1789645461.4070823,1789645461.4070823,0.66
/camera/world/agv1_confidence,1789645461.4358764,1789645461.4358764,0.6699
/camera/world/agv3_confidence,1789645461.4359815,1789645461.4359815,0.6654
/camera/world/agv2_confidence,1789645461.4359891,1789645461.4359891,0.6601
/camera/world/agv1_confidence,1789645461.472035,1789645461.472035,0.671
/camera/world/agv2_confidence,1789645461.472111,1789645461.472111,0.6611
/camera/world/agv3_confidence,1789645461.472245,1789645461.472245,0.6666
/camera/world/agv1_confidence,1789645461.5023725,1789645461.5023725,0.6708
/camera/world/agv3_confidence,1789645461.5023866,1789645461.5023866,0.6657
/camera/world/agv2_confidence,1789645461.5024054,1789645461.5024054,0.6603
/camera/world/agv3_confidence,1789645461.5401592,1789645461.5401592,0.6649
/camera/world/agv2_confidence,1789645461.5401664,1789645461.5401664,0.6623
/camera/world/agv1_confidence,1789645461.5402963,1789645461.5402963,0.6705
/camera/world/agv2_confidence,1789645461.5690055,1789645461.5690055,0.6594
/camera/world/agv1_confidence,1789645461.5690117,1789645461.5690117,0.6732
/camera/world/agv3_confidence,1789645461.56911,1789645461.56911,0.6641
/camera/world/agv1_confidence,1789645461.6079154,1789645461.6079154,0.6728
/camera/world/agv2_confidence,1789645461.6081226,1789645461.6081226,0.6597
/camera/world/agv3_confidence,1789645461.608221,1789645461.608221,0.6661
/camera/world/agv1_confidence,1789645461.636852,1789645461.636852,0.6707
/camera/world/agv3_confidence,1789645461.6368906,1789645461.6368906,0.6673
/camera/world/agv2_confidence,1789645461.636999,1789645461.636999,0.6593
/camera/world/agv1_confidence,1789645461.673489,1789645461.673489,0.6713
/camera/world/agv3_confidence,1789645461.6736798,1789645461.6736798,0.6661
/camera/world/agv2_confidence,1789645461.67371,1789645461.67371,0.6619
/camera/world/agv2_confidence,1789645461.706923,1789645461.706923,0.6602
/camera/world/agv1_confidence,1789645461.7069345,1789645461.7069345,0.6718
/camera/world/agv3_confidence,1789645461.7070804,1789645461.7070804,0.6666
/camera/world/agv2_confidence,1789645461.739792,1789645461.739792,0.6607
/camera/world/agv1_confidence,1789645461.7398303,1789645461.7398303,0.6696
/camera/world/agv3_confidence,1789645461.7398725,1789645461.7398725,0.6668
/camera/world/agv1_confidence,1789645461.7718391,1789645461.7718391,0.6702
/camera/world/agv2_confidence,1789645461.771947,1789645461.771947,0.6602
/camera/world/agv3_confidence,1789645461.7720895,1789645461.7720895,0.6663
/camera/world/agv1_confidence,1789645461.8084574,1789645461.8084574,0.6719
/camera/world/agv2_confidence,1789645461.8085022,1789645461.8085022,0.6609
/camera/world/agv3_confidence,1789645461.8086202,1789645461.8086202,0.6652
/camera/world/agv1_confidence,1789645461.8379436,1789645461.8379436,0.6709
/camera/world/agv2_confidence,1789645461.8380902,1789645461.8380902,0.6602
/camera/world/agv3_confidence,1789645461.838286,1789645461.838286,0.6655
/camera/world/agv1_confidence,1789645461.8698359,1789645461.8698359,0.6714
/camera/world/agv2_confidence,1789645461.8699615,1789645461.8699615,0.6607
/camera/world/agv3_confidence,1789645461.870029,1789645461.870029,0.6662
/camera/world/agv3_confidence,1789645461.9090962,1789645461.9090962,0.668
/camera/world/agv1_confidence,1789645461.909129,1789645461.909129,0.6713
/camera/world/agv2_confidence,1789645461.909253,1789645461.909253,0.6596
/camera/world/agv1_confidence,1789645461.9431953,1789645461.9431953,0.6711
/camera/world/agv2_confidence,1789645461.9433982,1789645461.9433982,0.66
/camera/world/agv3_confidence,1789645461.9434211,1789645461.9434211,0.6676
/camera/world/agv3_confidence,1789645461.9724033,1789645461.9724033,0.6675
/camera/world/agv2_confidence,1789645461.9724565,1789645461.9724565,0.6606
/camera/world/agv1_confidence,1789645461.9724584,1789645461.9724584,0.6707
/camera/world/agv2_confidence,1789645462.0027742,1789645462.0027742,0.6604
/camera/world/agv3_confidence,1789645462.0028274,1789645462.0028274,0.6681
/camera/world/agv1_confidence,1789645462.0031455,1789645462.0031455,0.671
/camera/world/agv1_confidence,1789645462.0439963,1789645462.0439963,0.6697
/camera/world/agv2_confidence,1789645462.0440376,1789645462.0440376,0.6614
/camera/world/agv3_confidence,1789645462.04404,1789645462.04404,0.6678
/camera/world/agv1_confidence,1789645462.07297,1789645462.07297,0.6706
/camera/world/agv2_confidence,1789645462.072975,1789645462.072975,0.6618
/camera/world/agv3_confidence,1789645462.073116,1789645462.073116,0.668
/camera/world/agv3_confidence,1789645462.1060505,1789645462.1060505,0.6664
/camera/world/agv2_confidence,1789645462.1060655,1789645462.1060655,0.66
/camera/world/agv1_confidence,1789645462.106157,1789645462.106157,0.6706
/camera/world/agv2_confidence,1789645462.1431937,1789645462.1431937,0.658
/camera/world/agv3_confidence,1789645462.143398,1789645462.143398,0.6661
/camera/world/agv1_confidence,1789645462.1434886,1789645462.1434886,0.6732
/camera/world/agv1_confidence,1789645462.174711,1789645462.174711,0.6706
/camera/world/agv3_confidence,1789645462.174915,1789645462.174915,0.6668
/camera/world/agv2_confidence,1789645462.175024,1789645462.175024,0.6609
/camera/world/agv2_confidence,1789645462.2083454,1789645462.2083454,0.6604
/camera/world/agv1_confidence,1789645462.208416,1789645462.208416,0.6705
/camera/world/agv3_confidence,1789645462.2085774,1789645462.2085774,0.6667
/camera/world/agv1_confidence,1789645462.2361927,1789645462.2361927,0.6723
/camera/world/agv3_confidence,1789645462.2364745,1789645462.2364745,0.6657
/camera/world/agv2_confidence,1789645462.236529,1789645462.236529,0.661
/camera/world/agv1_confidence,1789645462.2762523,1789645462.2762523,0.6725
/camera/world/agv2_confidence,1789645462.2762764,1789645462.2762764,0.6604
/camera/world/agv3_confidence,1789645462.2762942,1789645462.2762942,0.6678
/camera/world/agv1_confidence,1789645462.3062863,1789645462.3062863,0.6698
/camera/world/agv2_confidence,1789645462.3065655,1789645462.3065655,0.6599
/camera/world/agv3_confidence,1789645462.3068106,1789645462.3068106,0.6677
/camera/world/agv2_confidence,1789645462.3425803,1789645462.3425803,0.661
/camera/world/agv1_confidence,1789645462.3427231,1789645462.3427231,0.6683
/camera/world/agv3_confidence,1789645462.3428822,1789645462.3428822,0.6672
/camera/world/agv1_confidence,1789645462.3719668,1789645462.3719668,0.6704
/camera/world/agv3_confidence,1789645462.371995,1789645462.371995,0.6649
/camera/world/agv2_confidence,1789645462.372094,1789645462.372094,0.6623
/camera/world/agv2_confidence,1789645462.4075139,1789645462.4075139,0.6611
/camera/world/agv1_confidence,1789645462.4078503,1789645462.4078503,0.6709
/camera/world/agv3_confidence,1789645462.4078605,1789645462.4078605,0.6651
/camera/world/agv2_confidence,1789645462.4360445,1789645462.4360445,0.6593
/camera/world/agv1_confidence,1789645462.4360917,1789645462.4360917,0.6723
/camera/world/agv3_confidence,1789645462.4362583,1789645462.4362583,0.6651
/camera/world/agv1_confidence,1789645462.4763079,1789645462.4763079,0.6696
/camera/world/agv2_confidence,1789645462.4763405,1789645462.4763405,0.6617
/camera/world/agv3_confidence,1789645462.476368,1789645462.476368,0.6672
/camera/world/agv2_confidence,1789645462.5027955,1789645462.5027955,0.6623
/camera/world/agv1_confidence,1789645462.5027995,1789645462.5027995,0.6714
/camera/world/agv3_confidence,1789645462.502813,1789645462.502813,0.6669
/camera/world/agv2_confidence,1789645462.543762,1789645462.543762,0.6616
/camera/world/agv1_confidence,1789645462.543771,1789645462.543771,0.6688
/camera/world/agv3_confidence,1789645462.5439887,1789645462.5439887,0.6651
/camera/world/agv1_confidence,1789645462.5707357,1789645462.5707357,0.671
/camera/world/agv2_confidence,1789645462.5707915,1789645462.5707915,0.6612
/camera/world/agv3_confidence,1789645462.5708308,1789645462.5708308,0.6668
/camera/world/agv1_confidence,1789645462.6168587,1789645462.6168587,0.6724
/camera/world/agv2_confidence,1789645462.6169882,1789645462.6169882,0.6613
/camera/world/agv3_confidence,1789645462.61724,1789645462.61724,0.6647
/camera/world/agv1_confidence,1789645462.6365826,1789645462.6365826,0.6711
/camera/world/agv2_confidence,1789645462.6367753,1789645462.6367753,0.6608
/camera/world/agv3_confidence,1789645462.637117,1789645462.637117,0.6662
/camera/world/agv1_confidence,1789645462.6767945,1789645462.6767945,0.6707
/camera/world/agv3_confidence,1789645462.676962,1789645462.676962,0.6672
/camera/world/agv2_confidence,1789645462.6769736,1789645462.6769736,0.662
/camera/world/agv2_confidence,1789645462.7051356,1789645462.7051356,0.6629
/camera/world/agv1_confidence,1789645462.7051816,1789645462.7051816,0.6716
/camera/world/agv3_confidence,1789645462.7052844,1789645462.7052844,0.666
/camera/world/agv1_confidence,1789645462.7475865,1789645462.7475865,0.6699
/camera/world/agv2_confidence,1789645462.7478173,1789645462.7478173,0.6608
/camera/world/agv3_confidence,1789645462.7479246,1789645462.7479246,0.6669
/camera/world/agv1_confidence,1789645462.7677019,1789645462.7677019,0.6698
/camera/world/agv3_confidence,1789645462.767706,1789645462.767706,0.667
/camera/world/agv2_confidence,1789645462.767766,1789645462.767766,0.6619
/camera/world/agv1_confidence,1789645462.8056521,1789645462.8056521,0.6702
/camera/world/agv2_confidence,1789645462.8057623,1789645462.8057623,0.6615
/camera/world/agv3_confidence,1789645462.8058343,1789645462.8058343,0.6666
/camera/world/agv1_confidence,1789645462.8467417,1789645462.8467417,0.6722
/camera/world/agv2_confidence,1789645462.8467445,1789645462.8467445,0.661
/camera/world/agv3_confidence,1789645462.8469057,1789645462.8469057,0.668
/camera/world/agv1_confidence,1789645462.873247,1789645462.873247,0.6719
/camera/world/agv2_confidence,1789645462.8732646,1789645462.8732646,0.6612
/camera/world/agv3_confidence,1789645462.8734694,1789645462.8734694,0.6682
/camera/world/agv1_confidence,1789645462.908166,1789645462.908166,0.6724
/camera/world/agv2_confidence,1789645462.908205,1789645462.908205,0.6616
/camera/world/agv3_confidence,1789645462.9083493,1789645462.9083493,0.6678
/camera/world/agv1_confidence,1789645462.9359848,1789645462.9359848,0.6706
/camera/world/agv2_confidence,1789645462.9359913,1789645462.9359913,0.662
/camera/world/agv3_confidence,1789645462.9361894,1789645462.9361894,0.6656
/camera/world/agv1_confidence,1789645462.9727137,1789645462.9727137,0.6694
/camera/world/agv2_confidence,1789645462.9727235,1789645462.9727235,0.6599
/camera/world/agv3_confidence,1789645462.9729633,1789645462.9729633,0.6684
/camera/world/agv2_confidence,1789645463.0035918,1789645463.0035918,0.6628
/camera/world/agv1_confidence,1789645463.0036104,1789645463.0036104,0.6709
/camera/world/agv3_confidence,1789645463.0038168,1789645463.0038168,0.6677
/camera/world/agv1_confidence,1789645463.0417938,1789645463.0417938,0.6715
/camera/world/agv3_confidence,1789645463.041805,1789645463.041805,0.6694
/camera/world/agv2_confidence,1789645463.0419369,1789645463.0419369,0.6578
/camera/world/agv2_confidence,1789645463.0693798,1789645463.0693798,0.6615
/camera/world/agv1_confidence,1789645463.069383,1789645463.069383,0.6699
/camera/world/agv3_confidence,1789645463.0695615,1789645463.0695615,0.6682
/camera/world/agv1_confidence,1789645463.110652,1789645463.110652,0.6703
/camera/world/agv2_confidence,1789645463.1107244,1789645463.1107244,0.661
/camera/world/agv3_confidence,1789645463.1107244,1789645463.1107244,0.668
/camera/world/agv2_confidence,1789645463.1390872,1789645463.1390872,0.6625
/camera/world/agv1_confidence,1789645463.1391563,1789645463.1391563,0.6691
/camera/world/agv3_confidence,1789645463.1392157,1789645463.1392157,0.667
/camera/world/agv1_confidence,1789645463.1702418,1789645463.1702418,0.6722
/camera/world/agv3_confidence,1789645463.170255,1789645463.170255,0.6684
/camera/world/agv2_confidence,1789645463.1702712,1789645463.1702712,0.6612
/camera/world/agv1_confidence,1789645463.2086153,1789645463.2086153,0.6701
/camera/world/agv3_confidence,1789645463.2086444,1789645463.2086444,0.6664
/camera/world/agv2_confidence,1789645463.2086635,1789645463.2086635,0.6619
/camera/world/agv1_confidence,1789645463.2355392,1789645463.2355392,0.6691
/camera/world/agv2_confidence,1789645463.2356963,1789645463.2356963,0.6636
/camera/world/agv3_confidence,1789645463.2358084,1789645463.2358084,0.6669
/camera/world/agv1_confidence,1789645463.273469,1789645463.273469,0.6711
/camera/world/agv3_confidence,1789645463.2736988,1789645463.2736988,0.6678
/camera/world/agv2_confidence,1789645463.2737558,1789645463.2737558,0.6618
/camera/world/agv1_confidence,1789645463.3028224,1789645463.3028224,0.6702
/camera/world/agv3_confidence,1789645463.303258,1789645463.303258,0.6695
/camera/world/agv2_confidence,1789645463.303386,1789645463.303386,0.6626
/camera/world/agv1_confidence,1789645463.3446698,1789645463.3446698,0.6714
/camera/world/agv2_confidence,1789645463.344695,1789645463.344695,0.6614
/camera/world/agv3_confidence,1789645463.3449116,1789645463.3449116,0.6699
/camera/world/agv1_confidence,1789645463.3772898,1789645463.3772898,0.6714
/camera/world/agv3_confidence,1789645463.3774176,1789645463.3774176,0.6679
/camera/world/agv2_confidence,1789645463.377425,1789645463.377425,0.6594
/camera/world/agv3_confidence,1789645463.4031694,1789645463.4031694,0.6675
/camera/world/agv1_confidence,1789645463.403357,1789645463.403357,0.6682
/camera/world/agv2_confidence,1789645463.4034634,1789645463.4034634,0.6611
/camera/world/agv1_confidence,1789645463.4491124,1789645463.4491124,0.6728
/camera/world/agv2_confidence,1789645463.4493022,1789645463.4493022,0.6628
/camera/world/agv3_confidence,1789645463.4493284,1789645463.4493284,0.6681
/camera/world/agv1_confidence,1789645463.4742954,1789645463.4742954,0.6718
/camera/world/agv3_confidence,1789645463.474471,1789645463.474471,0.6698
/camera/world/agv2_confidence,1789645463.4745429,1789645463.4745429,0.6622
/camera/world/agv3_confidence,1789645463.5025964,1789645463.5025964,0.6695
/camera/world/agv2_confidence,1789645463.5026124,1789645463.5026124,0.6631
/camera/world/agv1_confidence,1789645463.5026479,1789645463.5026479,0.6709
/camera/world/agv1_confidence,1789645463.539677,1789645463.539677,0.67
/camera/world/agv3_confidence,1789645463.539697,1789645463.539697,0.6677
/camera/world/agv2_confidence,1789645463.5397322,1789645463.5397322,0.6629
/camera/world/agv1_confidence,1789645463.5685627,1789645463.5685627,0.669
/camera/world/agv2_confidence,1789645463.568567,1789645463.568567,0.6622
/camera/world/agv3_confidence,1789645463.5686853,1789645463.5686853,0.6681
/camera/world/agv2_confidence,1789645463.6031418,1789645463.6031418,0.6617
/camera/world/agv1_confidence,1789645463.6031818,1789645463.6031818,0.6711
/camera/world/agv3_confidence,1789645463.603362,1789645463.603362,0.6681
/camera/world/agv1_confidence,1789645463.6401465,1789645463.6401465,0.6687
/camera/world/agv2_confidence,1789645463.6401873,1789645463.6401873,0.6609
/camera/world/agv3_confidence,1789645463.6403713,1789645463.6403713,0.6686
/camera/world/agv1_confidence,1789645463.6687472,1789645463.6687472,0.6695
/camera/world/agv2_confidence,1789645463.6691546,1789645463.6691546,0.6628
/camera/world/agv3_confidence,1789645463.669222,1789645463.669222,0.6697
/camera/world/agv1_confidence,1789645463.7066283,1789645463.7066283,0.6714
/camera/world/agv2_confidence,1789645463.7068646,1789645463.7068646,0.6619
/camera/world/agv3_confidence,1789645463.707151,1789645463.707151,0.669
/camera/world/agv2_confidence,1789645463.736576,1789645463.736576,0.6609
/camera/world/agv3_confidence,1789645463.736634,1789645463.736634,0.6709
/camera/world/agv1_confidence,1789645463.7367043,1789645463.7367043,0.6698
/camera/world/agv1_confidence,1789645463.773896,1789645463.773896,0.67
/camera/world/agv2_confidence,1789645463.7739985,1789645463.7739985,0.6638
/camera/world/agv3_confidence,1789645463.7741678,1789645463.7741678,0.6671
/camera/world/agv2_confidence,1789645463.8050587,1789645463.8050587,0.663
/camera/world/agv1_confidence,1789645463.8051255,1789645463.8051255,0.6706
/camera/world/agv3_confidence,1789645463.8051455,1789645463.8051455,0.6683
/camera/world/agv1_confidence,1789645463.8364553,1789645463.8364553,0.6713
/camera/world/agv2_confidence,1789645463.8364959,1789645463.8364959,0.6631
/camera/world/agv3_confidence,1789645463.8366683,1789645463.8366683,0.6699
/camera/world/agv2_confidence,1789645463.877179,1789645463.877179,0.6639
/camera/world/agv3_confidence,1789645463.877197,1789645463.877197,0.6712
/camera/world/agv1_confidence,1789645463.8773456,1789645463.8773456,0.6672
/camera/world/agv2_confidence,1789645463.9111195,1789645463.9111195,0.6624
/camera/world/agv3_confidence,1789645463.9112167,1789645463.9112167,0.6686
/camera/world/agv1_confidence,1789645463.911388,1789645463.911388,0.6705
/camera/world/agv1_confidence,1789645463.9419947,1789645463.9419947,0.6706
/camera/world/agv2_confidence,1789645463.942062,1789645463.942062,0.663
/camera/world/agv3_confidence,1789645463.9420857,1789645463.9420857,0.6705
/camera/world/agv2_confidence,1789645463.9761112,1789645463.9761112,0.6617
/camera/world/agv3_confidence,1789645463.9762177,1789645463.9762177,0.6702
/camera/world/agv1_confidence,1789645463.9763052,1789645463.9763052,0.6693
/camera/world/agv3_confidence,1789645464.0037234,1789645464.0037234,0.6695
/camera/world/agv1_confidence,1789645464.0037382,1789645464.0037382,0.67
/camera/world/agv2_confidence,1789645464.0039327,1789645464.0039327,0.6624
/camera/world/agv3_confidence,1789645464.0421896,1789645464.0421896,0.671
/camera/world/agv2_confidence,1789645464.0422118,1789645464.0422118,0.663
/camera/world/agv1_confidence,1789645464.04245,1789645464.04245,0.671
/camera/world/agv1_confidence,1789645464.0701475,1789645464.0701475,0.6708
/camera/world/agv2_confidence,1789645464.0704331,1789645464.0704331,0.6623
/camera/world/agv3_confidence,1789645464.0704787,1789645464.0704787,0.6712
/camera/world/agv2_confidence,1789645464.1079326,1789645464.1079326,0.6621
/camera/world/agv1_confidence,1789645464.1079788,1789645464.1079788,0.669
/camera/world/agv3_confidence,1789645464.1080852,1789645464.1080852,0.6698
/camera/world/agv2_confidence,1789645464.1346588,1789645464.1346588,0.6645
/camera/world/agv3_confidence,1789645464.1346848,1789645464.1346848,0.6692
/camera/world/agv1_confidence,1789645464.1347828,1789645464.1347828,0.671
/camera/world/agv1_confidence,1789645464.1756,1789645464.1756,0.669
/camera/world/agv2_confidence,1789645464.1757789,1789645464.1757789,0.6636
/camera/world/agv3_confidence,1789645464.1759875,1789645464.1759875,0.6705
/camera/world/agv1_confidence,1789645464.2008443,1789645464.2008443,0.6691
/camera/world/agv3_confidence,1789645464.2008476,1789645464.2008476,0.669
/camera/world/agv2_confidence,1789645464.2009463,1789645464.2009463,0.6623
/camera/world/agv1_confidence,1789645464.2436147,1789645464.2436147,0.6715
/camera/world/agv3_confidence,1789645464.2438562,1789645464.2438562,0.6676
/camera/world/agv2_confidence,1789645464.243869,1789645464.243869,0.6631
/camera/world/agv1_confidence,1789645464.273547,1789645464.273547,0.6692
/camera/world/agv2_confidence,1789645464.273814,1789645464.273814,0.6626
/camera/world/agv3_confidence,1789645464.2738194,1789645464.2738194,0.6695
/camera/world/agv1_confidence,1789645464.3023622,1789645464.3023622,0.6687
/camera/world/agv3_confidence,1789645464.3026607,1789645464.3026607,0.6704
/camera/world/agv2_confidence,1789645464.3026798,1789645464.3026798,0.6642
/camera/world/agv1_confidence,1789645464.3383398,1789645464.3383398,0.6712
/camera/world/agv2_confidence,1789645464.3386931,1789645464.3386931,0.6631
/camera/world/agv3_confidence,1789645464.3388197,1789645464.3388197,0.6691
/camera/world/agv2_confidence,1789645464.3760173,1789645464.3760173,0.6648
/camera/world/agv1_confidence,1789645464.3760412,1789645464.3760412,0.6689
/camera/world/agv3_confidence,1789645464.376066,1789645464.376066,0.6691
/camera/world/agv1_confidence,1789645464.4030123,1789645464.4030123,0.6697
/camera/world/agv2_confidence,1789645464.4030218,1789645464.4030218,0.6641
/camera/world/agv3_confidence,1789645464.4032419,1789645464.4032419,0.6703
/camera/world/agv1_confidence,1789645464.4434946,1789645464.4434946,0.6701
/camera/world/agv2_confidence,1789645464.443595,1789645464.443595,0.662
/camera/world/agv3_confidence,1789645464.4437256,1789645464.4437256,0.6702
/camera/world/agv2_confidence,1789645464.4714146,1789645464.4714146,0.6625
/camera/world/agv1_confidence,1789645464.4714355,1789645464.4714355,0.6688
/camera/world/agv3_confidence,1789645464.4714835,1789645464.4714835,0.6701
/camera/world/agv1_confidence,1789645464.501875,1789645464.501875,0.6685
/camera/world/agv2_confidence,1789645464.5020473,1789645464.5020473,0.6625
/camera/world/agv3_confidence,1789645464.5021322,1789645464.5021322,0.6701
/camera/world/agv1_confidence,1789645464.543927,1789645464.543927,0.6704
/camera/world/agv3_confidence,1789645464.5439446,1789645464.5439446,0.6681
/camera/world/agv2_confidence,1789645464.5439644,1789645464.5439644,0.6623
/camera/world/agv3_confidence,1789645464.5677447,1789645464.5677447,0.6701
/camera/world/agv1_confidence,1789645464.5677822,1789645464.5677822,0.669
/camera/world/agv2_confidence,1789645464.5679,1789645464.5679,0.6634
/camera/world/agv1_confidence,1789645464.6067271,1789645464.6067271,0.6684
/camera/world/agv2_confidence,1789645464.6067934,1789645464.6067934,0.6654
/camera/world/agv3_confidence,1789645464.606899,1789645464.606899,0.6683
/camera/world/agv2_confidence,1789645464.6371737,1789645464.6371737,0.6635
/camera/world/agv1_confidence,1789645464.6372023,1789645464.6372023,0.6691
/camera/world/agv3_confidence,1789645464.6372914,1789645464.6372914,0.6704
/camera/world/agv3_confidence,1789645464.6760988,1789645464.6760988,0.6701
/camera/world/agv2_confidence,1789645464.6760993,1789645464.6760993,0.6637
/camera/world/agv1_confidence,1789645464.6761124,1789645464.6761124,0.6682
/camera/world/agv2_confidence,1789645464.7031279,1789645464.7031279,0.663
/camera/world/agv1_confidence,1789645464.7032037,1789645464.7032037,0.6684
/camera/world/agv3_confidence,1789645464.7032547,1789645464.7032547,0.6703
/camera/world/agv2_confidence,1789645464.7407656,1789645464.7407656,0.6633
/camera/world/agv1_confidence,1789645464.7408922,1789645464.7408922,0.6691
/camera/world/agv3_confidence,1789645464.741038,1789645464.741038,0.6706
/camera/world/agv1_confidence,1789645464.768549,1789645464.768549,0.6702
/camera/world/agv2_confidence,1789645464.7688255,1789645464.7688255,0.6622
/camera/world/agv3_confidence,1789645464.7688305,1789645464.7688305,0.6691
/camera/world/agv1_confidence,1789645464.80367,1789645464.80367,0.6695
/camera/world/agv3_confidence,1789645464.803695,1789645464.803695,0.6692
/camera/world/agv2_confidence,1789645464.803831,1789645464.803831,0.6638
/camera/world/agv1_confidence,1789645464.850009,1789645464.850009,0.6687
/camera/world/agv3_confidence,1789645464.8500173,1789645464.8500173,0.6722
/camera/world/agv2_confidence,1789645464.8500748,1789645464.8500748,0.6645
/camera/world/agv1_confidence,1789645464.8695757,1789645464.8695757,0.6686
/camera/world/agv2_confidence,1789645464.869729,1789645464.869729,0.6642
/camera/world/agv3_confidence,1789645464.8699703,1789645464.8699703,0.6702
/camera/world/agv2_confidence,1789645464.909072,1789645464.909072,0.6626
/camera/world/agv3_confidence,1789645464.9092686,1789645464.9092686,0.6695
/camera/world/agv1_confidence,1789645464.9093366,1789645464.9093366,0.6699
/camera/world/agv2_confidence,1789645464.9424906,1789645464.9424906,0.663
/camera/world/agv1_confidence,1789645464.9424946,1789645464.9424946,0.6682
/camera/world/agv3_confidence,1789645464.9426827,1789645464.9426827,0.6696
/camera/world/agv2_confidence,1789645464.977925,1789645464.977925,0.6625
/camera/world/agv3_confidence,1789645464.9779654,1789645464.9779654,0.6698
/camera/world/agv1_confidence,1789645464.97803,1789645464.97803,0.6688
/camera/world/agv1_confidence,1789645465.0073617,1789645465.0073617,0.6701
/camera/world/agv2_confidence,1789645465.0074394,1789645465.0074394,0.6653
/camera/world/agv3_confidence,1789645465.0074687,1789645465.0074687,0.6707
/camera/world/agv3_confidence,1789645465.0349448,1789645465.0349448,0.6701
/camera/world/agv1_confidence,1789645465.0350552,1789645465.0350552,0.6694
/camera/world/agv2_confidence,1789645465.0350583,1789645465.0350583,0.6641
/camera/world/agv1_confidence,1789645465.0724735,1789645465.0724735,0.6671
/camera/world/agv2_confidence,1789645465.072496,1789645465.072496,0.6632
/camera/world/agv3_confidence,1789645465.072789,1789645465.072789,0.6704
/camera/world/agv1_confidence,1789645465.101636,1789645465.101636,0.6694
/camera/world/agv2_confidence,1789645465.1016657,1789645465.1016657,0.6626
/camera/world/agv3_confidence,1789645465.1019702,1789645465.1019702,0.6715
/camera/world/agv2_confidence,1789645465.148713,1789645465.148713,0.6631
/camera/world/agv1_confidence,1789645465.1487393,1789645465.1487393,0.6694
/camera/world/agv3_confidence,1789645465.1488252,1789645465.1488252,0.6686
/camera/world/agv3_confidence,1789645465.1729128,1789645465.1729128,0.6716
/camera/world/agv2_confidence,1789645465.172935,1789645465.172935,0.6642
/camera/world/agv1_confidence,1789645465.1729672,1789645465.1729672,0.6703
/camera/world/agv2_confidence,1789645465.206155,1789645465.206155,0.6636
/camera/world/agv1_confidence,1789645465.206161,1789645465.206161,0.6702
/camera/world/agv3_confidence,1789645465.2061741,1789645465.2061741,0.6714
/camera/world/agv1_confidence,1789645465.2374768,1789645465.2374768,0.6694
/camera/world/agv3_confidence,1789645465.2374947,1789645465.2374947,0.6701
/camera/world/agv2_confidence,1789645465.2375064,1789645465.2375064,0.6625
/camera/world/agv1_confidence,1789645465.2730088,1789645465.2730088,0.6693
/camera/world/agv3_confidence,1789645465.2732837,1789645465.2732837,0.6705
/camera/world/agv2_confidence,1789645465.2732997,1789645465.2732997,0.664
/camera/world/agv1_confidence,1789645465.3023343,1789645465.3023343,0.6686
/camera/world/agv2_confidence,1789645465.3026862,1789645465.3026862,0.6643
/camera/world/agv3_confidence,1789645465.3029978,1789645465.3029978,0.6709
/camera/world/agv1_confidence,1789645465.3383188,1789645465.3383188,0.6677
/camera/world/agv2_confidence,1789645465.338326,1789645465.338326,0.6651
/camera/world/agv3_confidence,1789645465.3384783,1789645465.3384783,0.6703
/camera/world/agv3_confidence,1789645465.3680477,1789645465.3680477,0.6726
/camera/world/agv1_confidence,1789645465.3680518,1789645465.3680518,0.67
/camera/world/agv2_confidence,1789645465.3681712,1789645465.3681712,0.6647
/camera/world/agv1_confidence,1789645465.4072118,1789645465.4072118,0.6682
/camera/world/agv3_confidence,1789645465.4075196,1789645465.4075196,0.6701
/camera/world/agv2_confidence,1789645465.4076211,1789645465.4076211,0.6628
/camera/world/agv1_confidence,1789645465.4381435,1789645465.4381435,0.668
/camera/world/agv2_confidence,1789645465.4383378,1789645465.4383378,0.6637
/camera/world/agv3_confidence,1789645465.4384441,1789645465.4384441,0.6697
/camera/world/agv1_confidence,1789645465.4735243,1789645465.4735243,0.6686
/camera/world/agv3_confidence,1789645465.4738379,1789645465.4738379,0.6694
/camera/world/agv2_confidence,1789645465.4738412,1789645465.4738412,0.6639
/camera/world/agv2_confidence,1789645465.500926,1789645465.500926,0.6632
/camera/world/agv1_confidence,1789645465.5009391,1789645465.5009391,0.6689
/camera/world/agv3_confidence,1789645465.501146,1789645465.501146,0.6716
/camera/world/agv2_confidence,1789645465.5373063,1789645465.5373063,0.6644
/camera/world/agv3_confidence,1789645465.5375352,1789645465.5375352,0.6701
/camera/world/agv1_confidence,1789645465.537591,1789645465.537591,0.6685
/camera/world/agv1_confidence,1789645465.572682,1789645465.572682,0.669
/camera/world/agv2_confidence,1789645465.5728846,1789645465.5728846,0.6641
/camera/world/agv3_confidence,1789645465.5729048,1789645465.5729048,0.6693
/camera/world/agv2_confidence,1789645465.6090045,1789645465.6090045,0.6642
/camera/world/agv1_confidence,1789645465.6091232,1789645465.6091232,0.6672
/camera/world/agv3_confidence,1789645465.6091313,1789645465.6091313,0.6719
/camera/world/agv2_confidence,1789645465.6378284,1789645465.6378284,0.6641
/camera/world/agv3_confidence,1789645465.6379912,1789645465.6379912,0.6702
/camera/world/agv1_confidence,1789645465.6380713,1789645465.6380713,0.6685
/camera/world/agv3_confidence,1789645465.676753,1789645465.676753,0.6702
/camera/world/agv2_confidence,1789645465.6767786,1789645465.6767786,0.6636
/camera/world/agv1_confidence,1789645465.676835,1789645465.676835,0.6683
/camera/world/agv3_confidence,1789645465.7091444,1789645465.7091444,0.6689
/camera/world/agv2_confidence,1789645465.709158,1789645465.709158,0.6631
/camera/world/agv1_confidence,1789645465.7092068,1789645465.7092068,0.6685
/camera/world/agv1_confidence,1789645465.7483158,1789645465.7483158,0.6689
/camera/world/agv2_confidence,1789645465.748322,1789645465.748322,0.6648
/camera/world/agv3_confidence,1789645465.748506,1789645465.748506,0.6725
/camera/world/agv1_confidence,1789645465.768382,1789645465.768382,0.6683
/camera/world/agv2_confidence,1789645465.768394,1789645465.768394,0.6632
/camera/world/agv3_confidence,1789645465.7684824,1789645465.7684824,0.671
/camera/world/agv2_confidence,1789645465.8071866,1789645465.8071866,0.6635
/camera/world/agv1_confidence,1789645465.8071914,1789645465.8071914,0.6694
/camera/world/agv3_confidence,1789645465.8072102,1789645465.8072102,0.6713
/camera/world/agv1_confidence,1789645465.8360126,1789645465.8360126,0.668
/camera/world/agv2_confidence,1789645465.8361397,1789645465.8361397,0.6656
/camera/world/agv3_confidence,1789645465.8363364,1789645465.8363364,0.6694
/camera/world/agv1_confidence,1789645465.8737924,1789645465.8737924,0.6676
/camera/world/agv2_confidence,1789645465.873804,1789645465.873804,0.6627
/camera/world/agv3_confidence,1789645465.8741815,1789645465.8741815,0.6703
/camera/world/agv1_confidence,1789645465.9056613,1789645465.9056613,0.6684
/camera/world/agv3_confidence,1789645465.9057596,1789645465.9057596,0.6694
/camera/world/agv2_confidence,1789645465.9057748,1789645465.9057748,0.6619
/camera/world/agv1_confidence,1789645465.9356046,1789645465.9356046,0.6687
/camera/world/agv2_confidence,1789645465.935623,1789645465.935623,0.6644
/camera/world/agv3_confidence,1789645465.935922,1789645465.935922,0.6711
/camera/world/agv1_confidence,1789645465.9764607,1789645465.9764607,0.669
/camera/world/agv2_confidence,1789645465.9765527,1789645465.9765527,0.6668
/camera/world/agv3_confidence,1789645465.9765635,1789645465.9765635,0.6711
/camera/world/agv1_confidence,1789645466.0063646,1789645466.0063646,0.6664
/camera/world/agv3_confidence,1789645466.0063803,1789645466.0063803,0.6709
/camera/world/agv2_confidence,1789645466.0064185,1789645466.0064185,0.6647
/camera/world/agv1_confidence,1789645466.0375504,1789645466.0375504,0.6669
/camera/world/agv2_confidence,1789645466.0379171,1789645466.0379171,0.6646
/camera/world/agv3_confidence,1789645466.0379343,1789645466.0379343,0.6718
/camera/world/agv1_confidence,1789645466.073439,1789645466.073439,0.6681
/camera/world/agv3_confidence,1789645466.0735078,1789645466.0735078,0.67
/camera/world/agv2_confidence,1789645466.0735185,1789645466.0735185,0.664
/camera/world/agv1_confidence,1789645466.1016362,1789645466.1016362,0.6665
/camera/world/agv2_confidence,1789645466.101798,1789645466.101798,0.6638
/camera/world/agv3_confidence,1789645466.102097,1789645466.102097,0.6716
/camera/world/agv1_confidence,1789645466.1423285,1789645466.1423285,0.6685
/camera/world/agv2_confidence,1789645466.142401,1789645466.142401,0.6634
/camera/world/agv3_confidence,1789645466.142553,1789645466.142553,0.6702
/camera/world/agv1_confidence,1789645466.1735244,1789645466.1735244,0.6677
/camera/world/agv2_confidence,1789645466.1735394,1789645466.1735394,0.6629
/camera/world/agv3_confidence,1789645466.1737924,1789645466.1737924,0.6722
/camera/world/agv1_confidence,1789645466.2035582,1789645466.2035582,0.6693
/camera/world/agv3_confidence,1789645466.2037823,1789645466.2037823,0.6717
/camera/world/agv2_confidence,1789645466.2039046,1789645466.2039046,0.6625
/camera/world/agv1_confidence,1789645466.2437172,1789645466.2437172,0.669
/camera/world/agv3_confidence,1789645466.2437258,1789645466.2437258,0.6713
/camera/world/agv2_confidence,1789645466.24387,1789645466.24387,0.6646
/camera/world/agv1_confidence,1789645466.2698104,1789645466.2698104,0.6684
/camera/world/agv2_confidence,1789645466.2698665,1789645466.2698665,0.6628
/camera/world/agv3_confidence,1789645466.269873,1789645466.269873,0.6721
/camera/world/agv3_confidence,1789645466.3088975,1789645466.3088975,0.6714
/camera/world/agv1_confidence,1789645466.3089244,1789645466.3089244,0.6694
/camera/world/agv2_confidence,1789645466.3089287,1789645466.3089287,0.6654
/camera/world/agv3_confidence,1789645466.335698,1789645466.335698,0.6715
/camera/world/agv2_confidence,1789645466.335742,1789645466.335742,0.6661
/camera/world/agv1_confidence,1789645466.3357515,1789645466.3357515,0.6689
/camera/world/agv1_confidence,1789645466.3740952,1789645466.3740952,0.6682
/camera/world/agv2_confidence,1789645466.3742392,1789645466.3742392,0.6642
/camera/world/agv3_confidence,1789645466.374308,1789645466.374308,0.671
/camera/world/agv1_confidence,1789645466.4030883,1789645466.4030883,0.669
/camera/world/agv3_confidence,1789645466.4031055,1789645466.4031055,0.673
/camera/world/agv2_confidence,1789645466.403201,1789645466.403201,0.6623
/camera/world/agv2_confidence,1789645466.4390514,1789645466.4390514,0.6637
/camera/world/agv1_confidence,1789645466.4390566,1789645466.4390566,0.6681
/camera/world/agv3_confidence,1789645466.4391942,1789645466.4391942,0.6721
/camera/world/agv2_confidence,1789645466.4761543,1789645466.4761543,0.6629
/camera/world/agv1_confidence,1789645466.4761581,1789645466.4761581,0.6681
/camera/world/agv3_confidence,1789645466.4763198,1789645466.4763198,0.6748
/camera/world/agv2_confidence,1789645466.5041065,1789645466.5041065,0.6645
/camera/world/agv1_confidence,1789645466.504161,1789645466.504161,0.6668
/camera/world/agv3_confidence,1789645466.50433,1789645466.50433,0.6704
/camera/world/agv2_confidence,1789645466.5420039,1789645466.5420039,0.6645
/camera/world/agv3_confidence,1789645466.5421543,1789645466.5421543,0.6722
/camera/world/agv1_confidence,1789645466.5425317,1789645466.5425317,0.6672
/camera/world/agv1_confidence,1789645466.5728052,1789645466.5728052,0.6679
/camera/world/agv2_confidence,1789645466.5728116,1789645466.5728116,0.664
/camera/world/agv3_confidence,1789645466.5729132,1789645466.5729132,0.6715
/camera/world/agv2_confidence,1789645466.6018767,1789645466.6018767,0.6626
/camera/world/agv1_confidence,1789645466.6019936,1789645466.6019936,0.6682
/camera/world/agv3_confidence,1789645466.6020699,1789645466.6020699,0.6721
/camera/world/agv2_confidence,1789645466.6398616,1789645466.6398616,0.6624
/camera/world/agv1_confidence,1789645466.639881,1789645466.639881,0.6668
/camera/world/agv3_confidence,1789645466.64011,1789645466.64011,0.6707
/camera/world/agv1_confidence,1789645466.670058,1789645466.670058,0.6672
/camera/world/agv2_confidence,1789645466.6702785,1789645466.6702785,0.6633
/camera/world/agv3_confidence,1789645466.6702814,1789645466.6702814,0.6723
/camera/world/agv2_confidence,1789645466.7029274,1789645466.7029274,0.664
/camera/world/agv3_confidence,1789645466.7030115,1789645466.7030115,0.6714
/camera/world/agv1_confidence,1789645466.703211,1789645466.703211,0.6675
/camera/world/agv1_confidence,1789645466.738076,1789645466.738076,0.669
/camera/world/agv3_confidence,1789645466.738181,1789645466.738181,0.6713
/camera/world/agv2_confidence,1789645466.7382479,1789645466.7382479,0.6662
/camera/world/agv1_confidence,1789645466.7686877,1789645466.7686877,0.6669
/camera/world/agv3_confidence,1789645466.7689006,1789645466.7689006,0.6704
/camera/world/agv2_confidence,1789645466.768926,1789645466.768926,0.6647
/camera/world/agv2_confidence,1789645466.8092494,1789645466.8092494,0.6641
/camera/world/agv1_confidence,1789645466.8092742,1789645466.8092742,0.6676
/camera/world/agv3_confidence,1789645466.8093731,1789645466.8093731,0.6729
/camera/world/agv3_confidence,1789645466.8418646,1789645466.8418646,0.6716
/camera/world/agv2_confidence,1789645466.8418705,1789645466.8418705,0.6653
/camera/world/agv1_confidence,1789645466.8419375,1789645466.8419375,0.6665
/camera/world/agv2_confidence,1789645466.869037,1789645466.869037,0.6647
/camera/world/agv1_confidence,1789645466.8690546,1789645466.8690546,0.6678
/camera/world/agv3_confidence,1789645466.8691936,1789645466.8691936,0.6696
/camera/world/agv3_confidence,1789645466.9061613,1789645466.9061613,0.6703
/camera/world/agv2_confidence,1789645466.9061687,1789645466.9061687,0.6633
/camera/world/agv1_confidence,1789645466.9062893,1789645466.9062893,0.6666
/camera/world/agv2_confidence,1789645466.9358037,1789645466.9358037,0.6621
/camera/world/agv3_confidence,1789645466.936052,1789645466.936052,0.6724
/camera/world/agv1_confidence,1789645466.9360638,1789645466.9360638,0.6662
/camera/world/agv1_confidence,1789645466.9675496,1789645466.9675496,0.6668
/camera/world/agv2_confidence,1789645466.9675548,1789645466.9675548,0.6631
/camera/world/agv3_confidence,1789645466.9675646,1789645466.9675646,0.6715
/camera/world/agv1_confidence,1789645467.0141273,1789645467.0141273,0.6669
/camera/world/agv3_confidence,1789645467.0141373,1789645467.0141373,0.6708
/camera/world/agv2_confidence,1789645467.0142188,1789645467.0142188,0.6633
/camera/world/agv1_confidence,1789645467.046654,1789645467.046654,0.6694
/camera/world/agv2_confidence,1789645467.0468624,1789645467.0468624,0.6616
/camera/world/agv3_confidence,1789645467.047067,1789645467.047067,0.6734
/camera/world/agv1_confidence,1789645467.071433,1789645467.071433,0.6659
/camera/world/agv2_confidence,1789645467.0717595,1789645467.0717595,0.6634
/camera/world/agv3_confidence,1789645467.0718005,1789645467.0718005,0.6718
/camera/world/agv1_confidence,1789645467.1053596,1789645467.1053596,0.6646
/camera/world/agv2_confidence,1789645467.1054976,1789645467.1054976,0.6626
/camera/world/agv3_confidence,1789645467.1057203,1789645467.1057203,0.6716
/camera/world/agv2_confidence,1789645467.1354952,1789645467.1354952,0.6656
/camera/world/agv1_confidence,1789645467.1355608,1789645467.1355608,0.6662
/camera/world/agv3_confidence,1789645467.1356826,1789645467.1356826,0.6718
/camera/world/agv1_confidence,1789645467.1756597,1789645467.1756597,0.6672
/camera/world/agv2_confidence,1789645467.1757128,1789645467.1757128,0.6632
/camera/world/agv3_confidence,1789645467.175772,1789645467.175772,0.6722
/camera/world/agv2_confidence,1789645467.2079523,1789645467.2079523,0.6637
/camera/world/agv1_confidence,1789645467.207973,1789645467.207973,0.666
/camera/world/agv3_confidence,1789645467.2079775,1789645467.2079775,0.6733
/camera/world/agv2_confidence,1789645467.237277,1789645467.237277,0.6625
/camera/world/agv3_confidence,1789645467.2373261,1789645467.2373261,0.6719
/camera/world/agv1_confidence,1789645467.2373343,1789645467.2373343,0.6659
/camera/world/agv1_confidence,1789645467.2779548,1789645467.2779548,0.663
/camera/world/agv3_confidence,1789645467.277972,1789645467.277972,0.6735
/camera/world/agv2_confidence,1789645467.278034,1789645467.278034,0.6653
/camera/world/agv1_confidence,1789645467.3073444,1789645467.3073444,0.6665
/camera/world/agv2_confidence,1789645467.3073475,1789645467.3073475,0.6656
/camera/world/agv3_confidence,1789645467.307619,1789645467.307619,0.671
/camera/world/agv1_confidence,1789645467.3364758,1789645467.3364758,0.6647
/camera/world/agv2_confidence,1789645467.3366559,1789645467.3366559,0.6644
/camera/world/agv3_confidence,1789645467.3368971,1789645467.3368971,0.67
/camera/world/agv1_confidence,1789645467.373805,1789645467.373805,0.6662
/camera/world/agv3_confidence,1789645467.3738384,1789645467.3738384,0.6732
/camera/world/agv2_confidence,1789645467.3738685,1789645467.3738685,0.6636
/camera/world/agv1_confidence,1789645467.403161,1789645467.403161,0.6696
/camera/world/agv3_confidence,1789645467.403523,1789645467.403523,0.6722
/camera/world/agv2_confidence,1789645467.4035475,1789645467.4035475,0.6641
/camera/world/agv1_confidence,1789645467.440071,1789645467.440071,0.6659
/camera/world/agv2_confidence,1789645467.440127,1789645467.440127,0.6628
/camera/world/agv3_confidence,1789645467.4405658,1789645467.4405658,0.6714
/camera/world/agv2_confidence,1789645467.4682674,1789645467.4682674,0.6633
/camera/world/agv1_confidence,1789645467.4682703,1789645467.4682703,0.6646
/camera/world/agv3_confidence,1789645467.4684236,1789645467.4684236,0.6722
/camera/world/agv3_confidence,1789645467.509996,1789645467.509996,0.6715
/camera/world/agv1_confidence,1789645467.5101123,1789645467.5101123,0.6667
/camera/world/agv2_confidence,1789645467.5101156,1789645467.5101156,0.6634
/camera/world/agv2_confidence,1789645467.5393214,1789645467.5393214,0.6632
/camera/world/agv3_confidence,1789645467.5393436,1789645467.5393436,0.6719
/camera/world/agv1_confidence,1789645467.5393565,1789645467.5393565,0.6654
/camera/world/agv2_confidence,1789645467.5691328,1789645467.5691328,0.6643
/camera/world/agv1_confidence,1789645467.5692875,1789645467.5692875,0.6656
/camera/world/agv3_confidence,1789645467.5693119,1789645467.5693119,0.6718
/camera/world/agv2_confidence,1789645467.6086078,1789645467.6086078,0.6608
/camera/world/agv3_confidence,1789645467.6087625,1789645467.6087625,0.6732
/camera/world/agv1_confidence,1789645467.6087716,1789645467.6087716,0.666
/camera/world/agv1_confidence,1789645467.6420965,1789645467.6420965,0.6645
/camera/world/agv3_confidence,1789645467.6421745,1789645467.6421745,0.6704
/camera/world/agv2_confidence,1789645467.6421776,1789645467.6421776,0.6631
/camera/world/agv1_confidence,1789645467.675294,1789645467.675294,0.6649
/camera/world/agv3_confidence,1789645467.6753345,1789645467.6753345,0.6712
/camera/world/agv2_confidence,1789645467.675345,1789645467.675345,0.6629
/camera/world/agv3_confidence,1789645467.703456,1789645467.703456,0.672
/camera/world/agv2_confidence,1789645467.703488,1789645467.703488,0.6615
/camera/world/agv1_confidence,1789645467.7034988,1789645467.7034988,0.6661
/camera/world/agv3_confidence,1789645467.7477148,1789645467.7477148,0.6711
/camera/world/agv1_confidence,1789645467.7477348,1789645467.7477348,0.6651
/camera/world/agv2_confidence,1789645467.7477617,1789645467.7477617,0.6617
/camera/world/agv1_confidence,1789645467.7733064,1789645467.7733064,0.666
/camera/world/agv2_confidence,1789645467.7735195,1789645467.7735195,0.6614
/camera/world/agv3_confidence,1789645467.7737694,1789645467.7737694,0.6708
/camera/world/agv2_confidence,1789645467.8024778,1789645467.8024778,0.6637
/camera/world/agv3_confidence,1789645467.8026536,1789645467.8026536,0.6715
/camera/world/agv1_confidence,1789645467.8027546,1789645467.8027546,0.6638
/camera/world/agv2_confidence,1789645467.838786,1789645467.838786,0.6633
/camera/world/agv3_confidence,1789645467.838797,1789645467.838797,0.6719
/camera/world/agv1_confidence,1789645467.8388195,1789645467.8388195,0.6696
/camera/world/agv3_confidence,1789645467.875966,1789645467.875966,0.6719
/camera/world/agv1_confidence,1789645467.8760283,1789645467.8760283,0.6654
/camera/world/agv2_confidence,1789645467.87604,1789645467.87604,0.6622
/camera/world/agv2_confidence,1789645467.9062476,1789645467.9062476,0.6625
/camera/world/agv3_confidence,1789645467.9063728,1789645467.9063728,0.67
/camera/world/agv1_confidence,1789645467.9064121,1789645467.9064121,0.6661
/camera/world/agv2_confidence,1789645467.9350698,1789645467.9350698,0.6631
/camera/world/agv3_confidence,1789645467.9352193,1789645467.9352193,0.6719
/camera/world/agv1_confidence,1789645467.9352818,1789645467.9352818,0.6651
/camera/world/agv1_confidence,1789645467.9754722,1789645467.9754722,0.665
/camera/world/agv3_confidence,1789645467.975738,1789645467.975738,0.6712
/camera/world/agv2_confidence,1789645467.9757404,1789645467.9757404,0.6617
/camera/world/agv1_confidence,1789645468.006122,1789645468.006122,0.6679
/camera/world/agv2_confidence,1789645468.0061772,1789645468.0061772,0.662
/camera/world/agv3_confidence,1789645468.0063198,1789645468.0063198,0.6705
/camera/world/agv1_confidence,1789645468.0371597,1789645468.0371597,0.6661
/camera/world/agv2_confidence,1789645468.037224,1789645468.037224,0.6633
/camera/world/agv3_confidence,1789645468.0374918,1789645468.0374918,0.6705
/camera/world/agv1_confidence,1789645468.0691805,1789645468.0691805,0.6657
/camera/world/agv3_confidence,1789645468.0692341,1789645468.0692341,0.6712
/camera/world/agv2_confidence,1789645468.069377,1789645468.069377,0.663
/camera/world/agv1_confidence,1789645468.1069818,1789645468.1069818,0.6668
/camera/world/agv2_confidence,1789645468.107233,1789645468.107233,0.6643
/camera/world/agv3_confidence,1789645468.107278,1789645468.107278,0.6716
/camera/world/agv1_confidence,1789645468.1427243,1789645468.1427243,0.6667
/camera/world/agv3_confidence,1789645468.1430922,1789645468.1430922,0.6715
/camera/world/agv2_confidence,1789645468.1431055,1789645468.1431055,0.6619
/camera/world/agv1_confidence,1789645468.1756008,1789645468.1756008,0.6643
/camera/world/agv2_confidence,1789645468.175875,1789645468.175875,0.6621
/camera/world/agv3_confidence,1789645468.1759639,1789645468.1759639,0.6723
/camera/world/agv2_confidence,1789645468.2036302,1789645468.2036302,0.6624
/camera/world/agv1_confidence,1789645468.2036533,1789645468.2036533,0.6658
/camera/world/agv3_confidence,1789645468.2038252,1789645468.2038252,0.672
/camera/world/agv1_confidence,1789645468.242198,1789645468.242198,0.6659
/camera/world/agv2_confidence,1789645468.2423458,1789645468.2423458,0.6617
/camera/world/agv3_confidence,1789645468.2423623,1789645468.2423623,0.6722
/camera/world/agv1_confidence,1789645468.2711987,1789645468.2711987,0.6656
/camera/world/agv2_confidence,1789645468.2713058,1789645468.2713058,0.6622
/camera/world/agv3_confidence,1789645468.2713282,1789645468.2713282,0.669
/camera/world/agv3_confidence,1789645468.3098009,1789645468.3098009,0.6707
/camera/world/agv1_confidence,1789645468.30981,1789645468.30981,0.6654
/camera/world/agv2_confidence,1789645468.309961,1789645468.309961,0.6627
/camera/world/agv2_confidence,1789645468.3424249,1789645468.3424249,0.6616
/camera/world/agv3_confidence,1789645468.342586,1789645468.342586,0.6741
/camera/world/agv1_confidence,1789645468.34261,1789645468.34261,0.6635
/camera/world/agv1_confidence,1789645468.368342,1789645468.368342,0.6654
/camera/world/agv2_confidence,1789645468.3683462,1789645468.3683462,0.6627
/camera/world/agv3_confidence,1789645468.3685546,1789645468.3685546,0.67
/camera/world/agv3_confidence,1789645468.4048176,1789645468.4048176,0.6714
/camera/world/agv2_confidence,1789645468.4048553,1789645468.4048553,0.6636
/camera/world/agv1_confidence,1789645468.4049127,1789645468.4049127,0.6641
/camera/world/agv3_confidence,1789645468.446576,1789645468.446576,0.6708
/camera/world/agv2_confidence,1789645468.4465847,1789645468.4465847,0.6624
/camera/world/agv1_confidence,1789645468.4466054,1789645468.4466054,0.6656
/camera/world/agv3_confidence,1789645468.4778793,1789645468.4778793,0.6715
/camera/world/agv2_confidence,1789645468.4778826,1789645468.4778826,0.6613
/camera/world/agv1_confidence,1789645468.4778996,1789645468.4778996,0.6645
/camera/world/agv2_confidence,1789645468.5046494,1789645468.5046494,0.6633
/camera/world/agv3_confidence,1789645468.5048773,1789645468.5048773,0.6705
/camera/world/agv1_confidence,1789645468.5049748,1789645468.5049748,0.666
/camera/world/agv2_confidence,1789645468.5564137,1789645468.5564137,0.6608
/camera/world/agv1_confidence,1789645468.556484,1789645468.556484,0.6656
/camera/world/agv3_confidence,1789645468.5566201,1789645468.5566201,0.6709
/camera/world/agv1_confidence,1789645468.5817513,1789645468.5817513,0.6656
/camera/world/agv3_confidence,1789645468.5820007,1789645468.5820007,0.6723
/camera/world/agv2_confidence,1789645468.5820847,1789645468.5820847,0.6643
/camera/world/agv1_confidence,1789645468.6045308,1789645468.6045308,0.665
/camera/world/agv2_confidence,1789645468.604764,1789645468.604764,0.6618
/camera/world/agv3_confidence,1789645468.6049614,1789645468.6049614,0.6714
/camera/world/agv1_confidence,1789645468.6412013,1789645468.6412013,0.6658
/camera/world/agv2_confidence,1789645468.64122,1789645468.64122,0.6608
/camera/world/agv3_confidence,1789645468.6414196,1789645468.6414196,0.6723
/camera/world/agv1_confidence,1789645468.6754816,1789645468.6754816,0.665
/camera/world/agv3_confidence,1789645468.675488,1789645468.675488,0.6718
/camera/world/agv2_confidence,1789645468.6755314,1789645468.6755314,0.6633
/camera/world/agv2_confidence,1789645468.704558,1789645468.704558,0.6618
/camera/world/agv3_confidence,1789645468.7048304,1789645468.7048304,0.6709
/camera/world/agv1_confidence,1789645468.7048604,1789645468.7048604,0.6652
/camera/world/agv1_confidence,1789645468.7365417,1789645468.7365417,0.6669
/camera/world/agv3_confidence,1789645468.7368453,1789645468.7368453,0.6718
/camera/world/agv2_confidence,1789645468.7369702,1789645468.7369702,0.6609
/camera/world/agv1_confidence,1789645468.778672,1789645468.778672,0.6659
/camera/world/agv2_confidence,1789645468.778888,1789645468.778888,0.6626
/camera/world/agv3_confidence,1789645468.7788973,1789645468.7788973,0.673
/camera/world/agv3_confidence,1789645468.8070955,1789645468.8070955,0.6698
/camera/world/agv1_confidence,1789645468.8070986,1789645468.8070986,0.6669
/camera/world/agv2_confidence,1789645468.807129,1789645468.807129,0.6615
/camera/world/agv1_confidence,1789645468.8370783,1789645468.8370783,0.6653
/camera/world/agv2_confidence,1789645468.8371,1789645468.8371,0.6633
/camera/world/agv3_confidence,1789645468.8371663,1789645468.8371663,0.671
/camera/world/agv2_confidence,1789645468.8769913,1789645468.8769913,0.6631
/camera/world/agv1_confidence,1789645468.8769932,1789645468.8769932,0.6647
/camera/world/agv3_confidence,1789645468.8770614,1789645468.8770614,0.6721
/camera/world/agv2_confidence,1789645468.909555,1789645468.909555,0.6618
/camera/world/agv1_confidence,1789645468.909797,1789645468.909797,0.6669
/camera/world/agv3_confidence,1789645468.90986,1789645468.90986,0.6708
/camera/world/agv2_confidence,1789645468.9400003,1789645468.9400003,0.6634
/camera/world/agv1_confidence,1789645468.9400866,1789645468.9400866,0.6661
/camera/world/agv3_confidence,1789645468.940214,1789645468.940214,0.671
/camera/world/agv1_confidence,1789645468.9763103,1789645468.9763103,0.6662
/camera/world/agv2_confidence,1789645468.976564,1789645468.976564,0.6617
/camera/world/agv3_confidence,1789645468.9766586,1789645468.9766586,0.6691
/camera/world/agv1_confidence,1789645469.0016878,1789645469.0016878,0.6657
/camera/world/agv2_confidence,1789645469.0017192,1789645469.0017192,0.6633
/camera/world/agv3_confidence,1789645469.001882,1789645469.001882,0.67
/camera/world/agv1_confidence,1789645469.0408628,1789645469.0408628,0.6659
/camera/world/agv2_confidence,1789645469.040906,1789645469.040906,0.6617
/camera/world/agv3_confidence,1789645469.0411007,1789645469.0411007,0.6717
/camera/world/agv2_confidence,1789645469.0722191,1789645469.0722191,0.663
/camera/world/agv3_confidence,1789645469.0723414,1789645469.0723414,0.6706
/camera/world/agv1_confidence,1789645469.0723789,1789645469.0723789,0.6659
/camera/world/agv1_confidence,1789645469.1041772,1789645469.1041772,0.6658
/camera/world/agv2_confidence,1789645469.1042774,1789645469.1042774,0.6618
/camera/world/agv3_confidence,1789645469.1043084,1789645469.1043084,0.6698
/camera/world/agv1_confidence,1789645469.143359,1789645469.143359,0.6663
/camera/world/agv3_confidence,1789645469.1434367,1789645469.1434367,0.6691
/camera/world/agv2_confidence,1789645469.1434653,1789645469.1434653,0.6623
/camera/world/agv1_confidence,1789645469.1713927,1789645469.1713927,0.6664
/camera/world/agv3_confidence,1789645469.1714232,1789645469.1714232,0.6714
/camera/world/agv2_confidence,1789645469.1714408,1789645469.1714408,0.663
/camera/world/agv1_confidence,1789645469.2039344,1789645469.2039344,0.6671
/camera/world/agv2_confidence,1789645469.2040725,1789645469.2040725,0.6622
/camera/world/agv3_confidence,1789645469.204206,1789645469.204206,0.6728
/camera/world/agv1_confidence,1789645469.2372558,1789645469.2372558,0.6663
/camera/world/agv3_confidence,1789645469.2372766,1789645469.2372766,0.6721
/camera/world/agv2_confidence,1789645469.237371,1789645469.237371,0.6638
/camera/world/agv1_confidence,1789645469.2667046,1789645469.2667046,0.6679
/camera/world/agv3_confidence,1789645469.2667093,1789645469.2667093,0.6702
/camera/world/agv2_confidence,1789645469.2668304,1789645469.2668304,0.6601
/camera/world/agv2_confidence,1789645469.3053079,1789645469.3053079,0.6622
/camera/world/agv3_confidence,1789645469.3053439,1789645469.3053439,0.6703
/camera/world/agv1_confidence,1789645469.3054302,1789645469.3054302,0.6646
/camera/world/agv1_confidence,1789645469.344616,1789645469.344616,0.6654
/camera/world/agv2_confidence,1789645469.3447459,1789645469.3447459,0.661
/camera/world/agv3_confidence,1789645469.3447762,1789645469.3447762,0.671
/camera/world/agv2_confidence,1789645469.3723288,1789645469.3723288,0.6602
/camera/world/agv3_confidence,1789645469.3725083,1789645469.3725083,0.6714
/camera/world/agv1_confidence,1789645469.372511,1789645469.372511,0.6671
/camera/world/agv1_confidence,1789645469.4028099,1789645469.4028099,0.6673
/camera/world/agv2_confidence,1789645469.4031715,1789645469.4031715,0.6624
/camera/world/agv3_confidence,1789645469.403278,1789645469.403278,0.6723
/camera/world/agv1_confidence,1789645469.4428556,1789645469.4428556,0.6652
/camera/world/agv2_confidence,1789645469.4428728,1789645469.4428728,0.6606
/camera/world/agv3_confidence,1789645469.4431164,1789645469.4431164,0.6702
/camera/world/agv1_confidence,1789645469.4732132,1789645469.4732132,0.6659
/camera/world/agv2_confidence,1789645469.4732318,1789645469.4732318,0.6628
/camera/world/agv3_confidence,1789645469.47324,1789645469.47324,0.672
/camera/world/agv1_confidence,1789645469.5015461,1789645469.5015461,0.6673
/camera/world/agv2_confidence,1789645469.5018115,1789645469.5018115,0.6621
/camera/world/agv3_confidence,1789645469.5018446,1789645469.5018446,0.6674
/camera/world/agv1_confidence,1789645469.53905,1789645469.53905,0.6667
/camera/world/agv2_confidence,1789645469.5390613,1789645469.5390613,0.6584
/camera/world/agv3_confidence,1789645469.53909,1789645469.53909,0.6705
/camera/world/agv2_confidence,1789645469.5717645,1789645469.5717645,0.6621
/camera/world/agv3_confidence,1789645469.5717719,1789645469.5717719,0.6707
/camera/world/agv1_confidence,1789645469.5718021,1789645469.5718021,0.6642
/camera/world/agv3_confidence,1789645469.6070485,1789645469.6070485,0.6709
/camera/world/agv2_confidence,1789645469.6070828,1789645469.6070828,0.6593
/camera/world/agv1_confidence,1789645469.6072338,1789645469.6072338,0.665
/camera/world/agv2_confidence,1789645469.6344573,1789645469.6344573,0.6624
/camera/world/agv3_confidence,1789645469.6346555,1789645469.6346555,0.6695
/camera/world/agv1_confidence,1789645469.6347091,1789645469.6347091,0.6674
/camera/world/agv1_confidence,1789645469.6779943,1789645469.6779943,0.6655
/camera/world/agv2_confidence,1789645469.6780152,1789645469.6780152,0.6603
/camera/world/agv3_confidence,1789645469.6781874,1789645469.6781874,0.669
/camera/world/agv2_confidence,1789645469.7085326,1789645469.7085326,0.6611
/camera/world/agv1_confidence,1789645469.7085671,1789645469.7085671,0.6654
/camera/world/agv3_confidence,1789645469.7086048,1789645469.7086048,0.67
/camera/world/agv1_confidence,1789645469.7451482,1789645469.7451482,0.666
/camera/world/agv2_confidence,1789645469.7451608,1789645469.7451608,0.6632
/camera/world/agv3_confidence,1789645469.7452948,1789645469.7452948,0.6689
/camera/world/agv2_confidence,1789645469.7741718,1789645469.7741718,0.661
/camera/world/agv1_confidence,1789645469.7743118,1789645469.7743118,0.6661
/camera/world/agv3_confidence,1789645469.7744377,1789645469.7744377,0.6686
/camera/world/agv2_confidence,1789645469.8091247,1789645469.8091247,0.6626
/camera/world/agv1_confidence,1789645469.8092623,1789645469.8092623,0.6663
/camera/world/agv3_confidence,1789645469.8094013,1789645469.8094013,0.6707
/camera/world/agv1_confidence,1789645469.8360996,1789645469.8360996,0.6658
/camera/world/agv3_confidence,1789645469.8362768,1789645469.8362768,0.6679
/camera/world/agv2_confidence,1789645469.8364568,1789645469.8364568,0.6615
/camera/world/agv2_confidence,1789645469.876114,1789645469.876114,0.6611
/camera/world/agv3_confidence,1789645469.876169,1789645469.876169,0.6692
/camera/world/agv1_confidence,1789645469.8762755,1789645469.8762755,0.6663
/camera/world/agv1_confidence,1789645469.9101934,1789645469.9101934,0.6669
/camera/world/agv2_confidence,1789645469.9104347,1789645469.9104347,0.6631
/camera/world/agv3_confidence,1789645469.910441,1789645469.910441,0.6685
/camera/world/agv1_confidence,1789645469.9407327,1789645469.9407327,0.6668
/camera/world/agv3_confidence,1789645469.9409554,1789645469.9409554,0.6717
/camera/world/agv2_confidence,1789645469.9409628,1789645469.9409628,0.6589
/camera/world/agv1_confidence,1789645469.9712203,1789645469.9712203,0.6659
/camera/world/agv3_confidence,1789645469.971441,1789645469.971441,0.6695
/camera/world/agv2_confidence,1789645469.9714458,1789645469.9714458,0.6621
/camera/world/agv1_confidence,1789645470.0042977,1789645470.0042977,0.6652
/camera/world/agv2_confidence,1789645470.0045118,1789645470.0045118,0.6621
/camera/world/agv3_confidence,1789645470.00465,1789645470.00465,0.6711
/camera/world/agv1_confidence,1789645470.042638,1789645470.042638,0.6661
/camera/world/agv2_confidence,1789645470.0428488,1789645470.0428488,0.6613
/camera/world/agv3_confidence,1789645470.0430355,1789645470.0430355,0.6684
/camera/world/agv1_confidence,1789645470.0785005,1789645470.0785005,0.6671
/camera/world/agv2_confidence,1789645470.0786195,1789645470.0786195,0.6616
/camera/world/agv3_confidence,1789645470.0787625,1789645470.0787625,0.6704
/camera/world/agv3_confidence,1789645470.106117,1789645470.106117,0.6681
/camera/world/agv2_confidence,1789645470.1061325,1789645470.1061325,0.6614
/camera/world/agv1_confidence,1789645470.106139,1789645470.106139,0.6662
/camera/world/agv1_confidence,1789645470.1365094,1789645470.1365094,0.6666
/camera/world/agv2_confidence,1789645470.1365993,1789645470.1365993,0.6596
/camera/world/agv3_confidence,1789645470.1366022,1789645470.1366022,0.6694
/camera/world/agv2_confidence,1789645470.1738517,1789645470.1738517,0.6618
/camera/world/agv3_confidence,1789645470.173941,1789645470.173941,0.6697
/camera/world/agv1_confidence,1789645470.1739898,1789645470.1739898,0.6664
/camera/world/agv2_confidence,1789645470.2085967,1789645470.2085967,0.6617
/camera/world/agv1_confidence,1789645470.208787,1789645470.208787,0.6676
/camera/world/agv3_confidence,1789645470.2089002,1789645470.2089002,0.6715
/camera/world/agv1_confidence,1789645470.2367446,1789645470.2367446,0.668
/camera/world/agv2_confidence,1789645470.2370799,1789645470.2370799,0.6606
/camera/world/agv3_confidence,1789645470.2370884,1789645470.2370884,0.6689
/camera/world/agv1_confidence,1789645470.2730238,1789645470.2730238,0.6669
/camera/world/agv2_confidence,1789645470.2731936,1789645470.2731936,0.661
/camera/world/agv3_confidence,1789645470.2735054,1789645470.2735054,0.6708
/camera/world/agv1_confidence,1789645470.3025007,1789645470.3025007,0.6661
/camera/world/agv2_confidence,1789645470.3025842,1789645470.3025842,0.6615
/camera/world/agv3_confidence,1789645470.302835,1789645470.302835,0.67
/camera/world/agv1_confidence,1789645470.3351455,1789645470.3351455,0.6661
/camera/world/agv2_confidence,1789645470.33524,1789645470.33524,0.6614
/camera/world/agv3_confidence,1789645470.33531,1789645470.33531,0.6702
/camera/world/agv2_confidence,1789645470.37634,1789645470.37634,0.6598
/camera/world/agv1_confidence,1789645470.3765867,1789645470.3765867,0.6678
/camera/world/agv3_confidence,1789645470.3766127,1789645470.3766127,0.6713
/camera/world/agv2_confidence,1789645470.4086065,1789645470.4086065,0.6602
/camera/world/agv1_confidence,1789645470.4086154,1789645470.4086154,0.6669
/camera/world/agv3_confidence,1789645470.4088066,1789645470.4088066,0.6681
/camera/world/agv2_confidence,1789645470.437123,1789645470.437123,0.658
/camera/world/agv3_confidence,1789645470.4371424,1789645470.4371424,0.6701
/camera/world/agv1_confidence,1789645470.4371674,1789645470.4371674,0.6676
/camera/world/agv2_confidence,1789645470.4787555,1789645470.4787555,0.6594
/camera/world/agv3_confidence,1789645470.4788303,1789645470.4788303,0.6692
/camera/world/agv1_confidence,1789645470.4788635,1789645470.4788635,0.6643
/camera/world/agv1_confidence,1789645470.5009634,1789645470.5009634,0.6667
/camera/world/agv2_confidence,1789645470.5011365,1789645470.5011365,0.6606
/camera/world/agv3_confidence,1789645470.5011883,1789645470.5011883,0.6696
/camera/world/agv1_confidence,1789645470.544459,1789645470.544459,0.6675
/camera/world/agv2_confidence,1789645470.5445445,1789645470.5445445,0.6612
/camera/world/agv3_confidence,1789645470.5446205,1789645470.5446205,0.6691
/camera/world/agv1_confidence,1789645470.5742188,1789645470.5742188,0.6668
/camera/world/agv2_confidence,1789645470.5742564,1789645470.5742564,0.6611
/camera/world/agv3_confidence,1789645470.5742683,1789645470.5742683,0.6689
/camera/world/agv1_confidence,1789645470.6077507,1789645470.6077507,0.6669
/camera/world/agv2_confidence,1789645470.6078556,1789645470.6078556,0.6593
/camera/world/agv3_confidence,1789645470.6079314,1789645470.6079314,0.6649
/camera/world/agv2_confidence,1789645470.6365497,1789645470.6365497,0.662
/camera/world/agv1_confidence,1789645470.6366305,1789645470.6366305,0.6652
/camera/world/agv3_confidence,1789645470.6367748,1789645470.6367748,0.6684
/camera/world/agv3_confidence,1789645470.67543,1789645470.67543,0.6681
/camera/world/agv2_confidence,1789645470.6754472,1789645470.6754472,0.6616
/camera/world/agv1_confidence,1789645470.6754723,1789645470.6754723,0.6669
/camera/world/agv1_confidence,1789645470.7059042,1789645470.7059042,0.6666
/camera/world/agv3_confidence,1789645470.7060645,1789645470.7060645,0.6679
/camera/world/agv2_confidence,1789645470.7061145,1789645470.7061145,0.6612
/camera/world/agv1_confidence,1789645470.745115,1789645470.745115,0.6687
/camera/world/agv3_confidence,1789645470.7452903,1789645470.7452903,0.6683
/camera/world/agv2_confidence,1789645470.7453573,1789645470.7453573,0.6614
/camera/world/agv1_confidence,1789645470.7723448,1789645470.7723448,0.6671
/camera/world/agv2_confidence,1789645470.772459,1789645470.772459,0.6609
/camera/world/agv3_confidence,1789645470.772466,1789645470.772466,0.6687
/camera/world/agv1_confidence,1789645470.8105276,1789645470.8105276,0.6662
/camera/world/agv2_confidence,1789645470.8106709,1789645470.8106709,0.6615
/camera/world/agv3_confidence,1789645470.8108547,1789645470.8108547,0.6711
/camera/world/agv1_confidence,1789645470.836498,1789645470.836498,0.6669
/camera/world/agv3_confidence,1789645470.836582,1789645470.836582,0.6655
/camera/world/agv2_confidence,1789645470.8366182,1789645470.8366182,0.6612
/camera/world/agv1_confidence,1789645470.8746915,1789645470.8746915,0.6666
/camera/world/agv2_confidence,1789645470.8747365,1789645470.8747365,0.6607
/camera/world/agv3_confidence,1789645470.8749158,1789645470.8749158,0.6695
/camera/world/agv2_confidence,1789645470.906343,1789645470.906343,0.6605
/camera/world/agv1_confidence,1789645470.906389,1789645470.906389,0.6665
/camera/world/agv3_confidence,1789645470.9065146,1789645470.9065146,0.6721
/camera/world/agv1_confidence,1789645470.934686,1789645470.934686,0.6665
/camera/world/agv3_confidence,1789645470.9348538,1789645470.9348538,0.6699
/camera/world/agv2_confidence,1789645470.9349155,1789645470.9349155,0.6593
/camera/world/agv1_confidence,1789645470.9731443,1789645470.9731443,0.6663
/camera/world/agv2_confidence,1789645470.9733284,1789645470.9733284,0.6618
/camera/world/agv3_confidence,1789645470.9733841,1789645470.9733841,0.67
/camera/world/agv1_confidence,1789645471.0115297,1789645471.0115297,0.6668
/camera/world/agv2_confidence,1789645471.011533,1789645471.011533,0.6607
/camera/world/agv3_confidence,1789645471.0116923,1789645471.0116923,0.6706
/camera/world/agv1_confidence,1789645471.0398962,1789645471.0398962,0.6672
/camera/world/agv3_confidence,1789645471.0401032,1789645471.0401032,0.6715
/camera/world/agv2_confidence,1789645471.040121,1789645471.040121,0.6609
/camera/world/agv2_confidence,1789645471.068425,1789645471.068425,0.6624
/camera/world/agv1_confidence,1789645471.068433,1789645471.068433,0.667
/camera/world/agv3_confidence,1789645471.0686636,1789645471.0686636,0.6682
/camera/world/agv1_confidence,1789645471.1115756,1789645471.1115756,0.6676
/camera/world/agv3_confidence,1789645471.1116097,1789645471.1116097,0.671
/camera/world/agv2_confidence,1789645471.111708,1789645471.111708,0.6612
/camera/world/agv1_confidence,1789645471.1366694,1789645471.1366694,0.6677
/camera/world/agv2_confidence,1789645471.1366813,1789645471.1366813,0.6608
/camera/world/agv3_confidence,1789645471.1370747,1789645471.1370747,0.6687
/camera/world/agv1_confidence,1789645471.1756818,1789645471.1756818,0.6663
/camera/world/agv3_confidence,1789645471.1757274,1789645471.1757274,0.6683
/camera/world/agv2_confidence,1789645471.175732,1789645471.175732,0.6612
/camera/world/agv1_confidence,1789645471.2023146,1789645471.2023146,0.6675
/camera/world/agv3_confidence,1789645471.2024503,1789645471.2024503,0.6721
/camera/world/agv2_confidence,1789645471.202476,1789645471.202476,0.6615
/camera/world/agv1_confidence,1789645471.242958,1789645471.242958,0.6675
/camera/world/agv2_confidence,1789645471.2429714,1789645471.2429714,0.6603
/camera/world/agv3_confidence,1789645471.2431197,1789645471.2431197,0.6658
/camera/world/agv2_confidence,1789645471.2709506,1789645471.2709506,0.6598
/camera/world/agv1_confidence,1789645471.271021,1789645471.271021,0.6668
/camera/world/agv3_confidence,1789645471.2710896,1789645471.2710896,0.6662
/camera/world/agv2_confidence,1789645471.3070757,1789645471.3070757,0.6617
/camera/world/agv3_confidence,1789645471.3071158,1789645471.3071158,0.669
/camera/world/agv1_confidence,1789645471.3074045,1789645471.3074045,0.6673
/camera/world/agv2_confidence,1789645471.3358216,1789645471.3358216,0.6594
/camera/world/agv3_confidence,1789645471.336,1789645471.336,0.6664
/camera/world/agv1_confidence,1789645471.3361013,1789645471.3361013,0.6685
/camera/world/agv2_confidence,1789645471.3743284,1789645471.3743284,0.6609
/camera/world/agv3_confidence,1789645471.3744018,1789645471.3744018,0.6711
/camera/world/agv1_confidence,1789645471.3744822,1789645471.3744822,0.6668
/camera/world/agv3_confidence,1789645471.414736,1789645471.414736,0.6719
/camera/world/agv2_confidence,1789645471.4147727,1789645471.4147727,0.6613
/camera/world/agv1_confidence,1789645471.4148257,1789645471.4148257,0.6665
/camera/world/agv1_confidence,1789645471.435774,1789645471.435774,0.6663
/camera/world/agv3_confidence,1789645471.4360588,1789645471.4360588,0.6684
/camera/world/agv2_confidence,1789645471.4360657,1789645471.4360657,0.6609
/camera/world/agv1_confidence,1789645471.4717686,1789645471.4717686,0.6667
/camera/world/agv3_confidence,1789645471.4718132,1789645471.4718132,0.6722
/camera/world/agv2_confidence,1789645471.47183,1789645471.47183,0.66
/camera/world/agv1_confidence,1789645471.510762,1789645471.510762,0.6653
/camera/world/agv2_confidence,1789645471.510804,1789645471.510804,0.6598
/camera/world/agv3_confidence,1789645471.5110364,1789645471.5110364,0.6709
/camera/world/agv3_confidence,1789645471.5407321,1789645471.5407321,0.6652
/camera/world/agv2_confidence,1789645471.5407448,1789645471.5407448,0.6608
/camera/world/agv1_confidence,1789645471.5412428,1789645471.5412428,0.6662
/camera/world/agv1_confidence,1789645471.5688891,1789645471.5688891,0.6685
/camera/world/agv2_confidence,1789645471.568999,1789645471.568999,0.6601
/camera/world/agv3_confidence,1789645471.5691164,1789645471.5691164,0.6689
/camera/world/agv2_confidence,1789645471.608869,1789645471.608869,0.66
/camera/world/agv3_confidence,1789645471.6089337,1789645471.6089337,0.6696
/camera/world/agv1_confidence,1789645471.609015,1789645471.609015,0.6677
/camera/world/agv1_confidence,1789645471.6380749,1789645471.6380749,0.6678
/camera/world/agv2_confidence,1789645471.6380863,1789645471.6380863,0.6614
/camera/world/agv3_confidence,1789645471.6383126,1789645471.6383126,0.6648
/camera/world/agv1_confidence,1789645471.6756473,1789645471.6756473,0.6673
/camera/world/agv3_confidence,1789645471.6758213,1789645471.6758213,0.6688
/camera/world/agv2_confidence,1789645471.6758835,1789645471.6758835,0.6611
/camera/world/agv1_confidence,1789645471.7086134,1789645471.7086134,0.6676
/camera/world/agv3_confidence,1789645471.708675,1789645471.708675,0.6707
/camera/world/agv2_confidence,1789645471.7086904,1789645471.7086904,0.6598
/camera/world/agv1_confidence,1789645471.7358756,1789645471.7358756,0.6671
/camera/world/agv2_confidence,1789645471.73591,1789645471.73591,0.6617
/camera/world/agv3_confidence,1789645471.7359521,1789645471.7359521,0.6672
/camera/world/agv2_confidence,1789645471.7755725,1789645471.7755725,0.6613
/camera/world/agv1_confidence,1789645471.7755997,1789645471.7755997,0.6668
/camera/world/agv3_confidence,1789645471.7757113,1789645471.7757113,0.6699
/camera/world/agv1_confidence,1789645471.8028307,1789645471.8028307,0.6669
/camera/world/agv2_confidence,1789645471.8031657,1789645471.8031657,0.6621
/camera/world/agv3_confidence,1789645471.8032196,1789645471.8032196,0.6716
/camera/world/agv1_confidence,1789645471.8421922,1789645471.8421922,0.6667
/camera/world/agv3_confidence,1789645471.8425288,1789645471.8425288,0.6717
/camera/world/agv2_confidence,1789645471.8425992,1789645471.8425992,0.6612
/camera/world/agv1_confidence,1789645471.8739274,1789645471.8739274,0.6662
/camera/world/agv2_confidence,1789645471.8740659,1789645471.8740659,0.6611
/camera/world/agv3_confidence,1789645471.8742037,1789645471.8742037,0.6681
/camera/world/agv1_confidence,1789645471.9052043,1789645471.9052043,0.6667
/camera/world/agv3_confidence,1789645471.9054432,1789645471.9054432,0.6679
/camera/world/agv2_confidence,1789645471.905451,1789645471.905451,0.6604
/camera/world/agv1_confidence,1789645471.9440033,1789645471.9440033,0.6659
/camera/world/agv3_confidence,1789645471.9440167,1789645471.9440167,0.6679
/camera/world/agv2_confidence,1789645471.944117,1789645471.944117,0.6593
/camera/world/agv1_confidence,1789645471.9713652,1789645471.9713652,0.6664
/camera/world/agv2_confidence,1789645471.9713848,1789645471.9713848,0.6613
/camera/world/agv3_confidence,1789645471.9713888,1789645471.9713888,0.6667
/camera/world/agv3_confidence,1789645472.0099878,1789645472.0099878,0.6673
/camera/world/agv2_confidence,1789645472.0100994,1789645472.0100994,0.6612
/camera/world/agv1_confidence,1789645472.0101123,1789645472.0101123,0.6673
/camera/world/agv2_confidence,1789645472.0375845,1789645472.0375845,0.6621
/camera/world/agv1_confidence,1789645472.037594,1789645472.037594,0.6671
/camera/world/agv3_confidence,1789645472.0376081,1789645472.0376081,0.6665
/camera/world/agv1_confidence,1789645472.0767841,1789645472.0767841,0.666
/camera/world/agv2_confidence,1789645472.0768173,1789645472.0768173,0.6622
/camera/world/agv3_confidence,1789645472.0768235,1789645472.0768235,0.6717
/camera/world/agv1_confidence,1789645472.1055925,1789645472.1055925,0.6682
/camera/world/agv3_confidence,1789645472.1056027,1789645472.1056027,0.671
/camera/world/agv2_confidence,1789645472.1056168,1789645472.1056168,0.6623
/camera/world/agv1_confidence,1789645472.1441786,1789645472.1441786,0.6658
/camera/world/agv2_confidence,1789645472.144185,1789645472.144185,0.6629
/camera/world/agv3_confidence,1789645472.14433,1789645472.14433,0.6672
/camera/world/agv1_confidence,1789645472.1729927,1789645472.1729927,0.6666
/camera/world/agv2_confidence,1789645472.17317,1789645472.17317,0.6607
/camera/world/agv3_confidence,1789645472.173212,1789645472.173212,0.6679
/camera/world/agv1_confidence,1789645472.202831,1789645472.202831,0.6679
/camera/world/agv2_confidence,1789645472.2029397,1789645472.2029397,0.6606
/camera/world/agv3_confidence,1789645472.2030916,1789645472.2030916,0.668
/camera/world/agv1_confidence,1789645472.2379558,1789645472.2379558,0.6661
/camera/world/agv2_confidence,1789645472.2380803,1789645472.2380803,0.6597
/camera/world/agv3_confidence,1789645472.2381332,1789645472.2381332,0.6676
/camera/world/agv2_confidence,1789645472.2755015,1789645472.2755015,0.6599
/camera/world/agv1_confidence,1789645472.2755158,1789645472.2755158,0.6669
/camera/world/agv3_confidence,1789645472.2757194,1789645472.2757194,0.669
/camera/world/agv1_confidence,1789645472.305696,1789645472.305696,0.6667
/camera/world/agv3_confidence,1789645472.306095,1789645472.306095,0.6649
/camera/world/agv2_confidence,1789645472.3060975,1789645472.3060975,0.6633
/camera/world/agv1_confidence,1789645472.3732212,1789645472.3732212,0.6669
/camera/world/agv3_confidence,1789645472.3732624,1789645472.3732624,0.6686
/camera/world/agv2_confidence,1789645472.3733761,1789645472.3733761,0.6627
/camera/world/agv1_confidence,1789645472.3771887,1789645472.3771887,0.6663
/camera/world/agv2_confidence,1789645472.3772354,1789645472.3772354,0.6611
/camera/world/agv3_confidence,1789645472.3773222,1789645472.3773222,0.6714
/camera/world/agv1_confidence,1789645472.4028864,1789645472.4028864,0.6657
/camera/world/agv2_confidence,1789645472.4029117,1789645472.4029117,0.6588
/camera/world/agv3_confidence,1789645472.402956,1789645472.402956,0.6689
/camera/world/agv1_confidence,1789645472.4349272,1789645472.4349272,0.6655
/camera/world/agv3_confidence,1789645472.4352477,1789645472.4352477,0.6689
/camera/world/agv2_confidence,1789645472.435255,1789645472.435255,0.66
/camera/world/agv1_confidence,1789645472.4735844,1789645472.4735844,0.6682
/camera/world/agv3_confidence,1789645472.473819,1789645472.473819,0.6628
/camera/world/agv2_confidence,1789645472.4738283,1789645472.4738283,0.6606
/camera/world/agv3_confidence,1789645472.5042698,1789645472.5042698,0.6674
/camera/world/agv1_confidence,1789645472.5042784,1789645472.5042784,0.6656
/camera/world/agv2_confidence,1789645472.5043325,1789645472.5043325,0.6621
/camera/world/agv1_confidence,1789645472.5440152,1789645472.5440152,0.6652
/camera/world/agv2_confidence,1789645472.5440958,1789645472.5440958,0.6622
/camera/world/agv3_confidence,1789645472.5442526,1789645472.5442526,0.6688
/camera/world/agv2_confidence,1789645472.57218,1789645472.57218,0.6597
/camera/world/agv1_confidence,1789645472.5721884,1789645472.5721884,0.6658
/camera/world/agv3_confidence,1789645472.5724468,1789645472.5724468,0.6661
/camera/world/agv1_confidence,1789645472.6104228,1789645472.6104228,0.6665
/camera/world/agv2_confidence,1789645472.6105714,1789645472.6105714,0.6618
/camera/world/agv3_confidence,1789645472.6105936,1789645472.6105936,0.6657
/camera/world/agv1_confidence,1789645472.6389966,1789645472.6389966,0.6671
/camera/world/agv2_confidence,1789645472.6390312,1789645472.6390312,0.6596
/camera/world/agv3_confidence,1789645472.6390364,1789645472.6390364,0.6637
/camera/world/agv2_confidence,1789645472.6683018,1789645472.6683018,0.6611
/camera/world/agv3_confidence,1789645472.6684136,1789645472.6684136,0.6667
/camera/world/agv1_confidence,1789645472.6684873,1789645472.6684873,0.6664
/camera/world/agv1_confidence,1789645472.7081885,1789645472.7081885,0.6663
/camera/world/agv2_confidence,1789645472.7083032,1789645472.7083032,0.6606
/camera/world/agv3_confidence,1789645472.7083085,1789645472.7083085,0.6688
/camera/world/agv1_confidence,1789645472.737069,1789645472.737069,0.6677
/camera/world/agv3_confidence,1789645472.737229,1789645472.737229,0.6682
/camera/world/agv2_confidence,1789645472.7372766,1789645472.7372766,0.6615
/camera/world/agv1_confidence,1789645472.7778218,1789645472.7778218,0.6664
/camera/world/agv2_confidence,1789645472.7779303,1789645472.7779303,0.6611
/camera/world/agv3_confidence,1789645472.7781634,1789645472.7781634,0.6683
/camera/world/agv1_confidence,1789645472.812279,1789645472.812279,0.6671
/camera/world/agv2_confidence,1789645472.8125603,1789645472.8125603,0.6592
/camera/world/agv3_confidence,1789645472.8125718,1789645472.8125718,0.6664
/camera/world/agv1_confidence,1789645472.8368669,1789645472.8368669,0.6675
/camera/world/agv3_confidence,1789645472.836939,1789645472.836939,0.6641
/camera/world/agv2_confidence,1789645472.837163,1789645472.837163,0.6611
/camera/world/agv1_confidence,1789645472.8771584,1789645472.8771584,0.6666
/camera/world/agv2_confidence,1789645472.8772511,1789645472.8772511,0.6594
/camera/world/agv3_confidence,1789645472.8774405,1789645472.8774405,0.6667
/camera/world/agv1_confidence,1789645472.9052598,1789645472.9052598,0.6672
/camera/world/agv2_confidence,1789645472.9053478,1789645472.9053478,0.6602
/camera/world/agv3_confidence,1789645472.9055066,1789645472.9055066,0.6687
/camera/world/agv1_confidence,1789645472.9424257,1789645472.9424257,0.6665
/camera/world/agv2_confidence,1789645472.9426167,1789645472.9426167,0.6609
/camera/world/agv3_confidence,1789645472.9426265,1789645472.9426265,0.667
/camera/world/agv1_confidence,1789645472.971415,1789645472.971415,0.667
/camera/world/agv3_confidence,1789645472.971459,1789645472.971459,0.6707
/camera/world/agv2_confidence,1789645472.9715288,1789645472.9715288,0.6628
/camera/world/agv2_confidence,1789645473.0008044,1789645473.0008044,0.6599
/camera/world/agv3_confidence,1789645473.0008268,1789645473.0008268,0.6688
/camera/world/agv1_confidence,1789645473.0009024,1789645473.0009024,0.6643
/camera/world/agv1_confidence,1789645473.0436912,1789645473.0436912,0.6661
/camera/world/agv3_confidence,1789645473.0437465,1789645473.0437465,0.6689
/camera/world/agv2_confidence,1789645473.043753,1789645473.043753,0.6603
/camera/world/agv2_confidence,1789645473.0731778,1789645473.0731778,0.6609
/camera/world/agv1_confidence,1789645473.073307,1789645473.073307,0.6669
/camera/world/agv3_confidence,1789645473.073372,1789645473.073372,0.6661
/camera/world/agv2_confidence,1789645473.1036062,1789645473.1036062,0.6603
/camera/world/agv1_confidence,1789645473.1036506,1789645473.1036506,0.667
/camera/world/agv3_confidence,1789645473.103759,1789645473.103759,0.6689
/camera/world/agv1_confidence,1789645473.138067,1789645473.138067,0.6657
/camera/world/agv2_confidence,1789645473.1381152,1789645473.1381152,0.6615
/camera/world/agv3_confidence,1789645473.1381807,1789645473.1381807,0.6697
/camera/world/agv1_confidence,1789645473.1690962,1789645473.1690962,0.6656
/camera/world/agv3_confidence,1789645473.1691182,1789645473.1691182,0.6688
/camera/world/agv2_confidence,1789645473.1691337,1789645473.1691337,0.6613
/camera/world/agv2_confidence,1789645473.2100213,1789645473.2100213,0.6605
/camera/world/agv1_confidence,1789645473.2100596,1789645473.2100596,0.6654
/camera/world/agv3_confidence,1789645473.2101965,1789645473.2101965,0.6689
/camera/world/agv1_confidence,1789645473.2369874,1789645473.2369874,0.6645
/camera/world/agv2_confidence,1789645473.2371054,1789645473.2371054,0.6622
/camera/world/agv3_confidence,1789645473.2371454,1789645473.2371454,0.669
/camera/world/agv1_confidence,1789645473.270059,1789645473.270059,0.6648
/camera/world/agv2_confidence,1789645473.2700727,1789645473.2700727,0.6621
/camera/world/agv3_confidence,1789645473.270303,1789645473.270303,0.6699
/camera/world/agv1_confidence,1789645473.3059196,1789645473.3059196,0.6648
/camera/world/agv2_confidence,1789645473.3059518,1789645473.3059518,0.66
/camera/world/agv3_confidence,1789645473.3059587,1789645473.3059587,0.6687
/camera/world/agv1_confidence,1789645473.3370826,1789645473.3370826,0.6653
/camera/world/agv3_confidence,1789645473.337232,1789645473.337232,0.6689
/camera/world/agv2_confidence,1789645473.3372428,1789645473.3372428,0.6607
/camera/world/agv1_confidence,1789645473.370028,1789645473.370028,0.667
/camera/world/agv2_confidence,1789645473.370033,1789645473.370033,0.6611
/camera/world/agv3_confidence,1789645473.3701665,1789645473.3701665,0.6693
/camera/world/agv1_confidence,1789645473.4086545,1789645473.4086545,0.6648
/camera/world/agv3_confidence,1789645473.4089208,1789645473.4089208,0.6701
/camera/world/agv2_confidence,1789645473.408956,1789645473.408956,0.6625
/camera/world/agv1_confidence,1789645473.4384332,1789645473.4384332,0.6663
/camera/world/agv3_confidence,1789645473.438512,1789645473.438512,0.67
/camera/world/agv2_confidence,1789645473.4385238,1789645473.4385238,0.6604
/camera/world/agv1_confidence,1789645473.47009,1789645473.47009,0.6647
/camera/world/agv2_confidence,1789645473.4702487,1789645473.4702487,0.6609
/camera/world/agv3_confidence,1789645473.470477,1789645473.470477,0.6704
/camera/world/agv1_confidence,1789645473.5086226,1789645473.5086226,0.6652
/camera/world/agv2_confidence,1789645473.5087576,1789645473.5087576,0.6584
/camera/world/agv3_confidence,1789645473.5091648,1789645473.5091648,0.6704
/camera/world/agv1_confidence,1789645473.5423005,1789645473.5423005,0.6658
/camera/world/agv2_confidence,1789645473.5423045,1789645473.5423045,0.6619
/camera/world/agv3_confidence,1789645473.542605,1789645473.542605,0.6702
/camera/world/agv1_confidence,1789645473.5688424,1789645473.5688424,0.6647
/camera/world/agv3_confidence,1789645473.568863,1789645473.568863,0.6697
/camera/world/agv2_confidence,1789645473.5690901,1789645473.5690901,0.6603
/camera/world/agv1_confidence,1789645473.605519,1789645473.605519,0.6654
/camera/world/agv2_confidence,1789645473.6055217,1789645473.6055217,0.6612
/camera/world/agv3_confidence,1789645473.60579,1789645473.60579,0.6681
/camera/world/agv2_confidence,1789645473.6356497,1789645473.6356497,0.6596
/camera/world/agv1_confidence,1789645473.6356971,1789645473.6356971,0.6658
/camera/world/agv3_confidence,1789645473.6358407,1789645473.6358407,0.6673
/camera/world/agv2_confidence,1789645473.6767461,1789645473.6767461,0.6608
/camera/world/agv1_confidence,1789645473.6769352,1789645473.6769352,0.6647
/camera/world/agv3_confidence,1789645473.676992,1789645473.676992,0.6685
/camera/world/agv3_confidence,1789645473.7032158,1789645473.7032158,0.6696
/camera/world/agv2_confidence,1789645473.703308,1789645473.703308,0.6601
/camera/world/agv1_confidence,1789645473.7033603,1789645473.7033603,0.6663
/camera/world/agv1_confidence,1789645473.7467256,1789645473.7467256,0.6653
/camera/world/agv2_confidence,1789645473.7468736,1789645473.7468736,0.6597
/camera/world/agv3_confidence,1789645473.7469525,1789645473.7469525,0.6695
/camera/world/agv1_confidence,1789645473.7749665,1789645473.7749665,0.6659
/camera/world/agv2_confidence,1789645473.7749708,1789645473.7749708,0.6594
/camera/world/agv3_confidence,1789645473.7751467,1789645473.7751467,0.6683
/camera/world/agv1_confidence,1789645473.8078387,1789645473.8078387,0.6658
/camera/world/agv2_confidence,1789645473.8079674,1789645473.8079674,0.6599
/camera/world/agv3_confidence,1789645473.80816,1789645473.80816,0.6684
/camera/world/agv1_confidence,1789645473.8435657,1789645473.8435657,0.6662
/camera/world/agv2_confidence,1789645473.8437343,1789645473.8437343,0.6598
/camera/world/agv3_confidence,1789645473.843752,1789645473.843752,0.6699
/camera/world/agv3_confidence,1789645473.8748922,1789645473.8748922,0.6687
/camera/world/agv1_confidence,1789645473.8748944,1789645473.8748944,0.664
/camera/world/agv2_confidence,1789645473.8749046,1789645473.8749046,0.66
/camera/world/agv1_confidence,1789645473.90854,1789645473.90854,0.6642
/camera/world/agv3_confidence,1789645473.90859,1789645473.90859,0.6703
/camera/world/agv2_confidence,1789645473.908609,1789645473.908609,0.6606
/camera/world/agv2_confidence,1789645473.9357224,1789645473.9357224,0.6598
/camera/world/agv3_confidence,1789645473.9358304,1789645473.9358304,0.6699
/camera/world/agv1_confidence,1789645473.9360292,1789645473.9360292,0.6643
/camera/world/agv1_confidence,1789645473.9765217,1789645473.9765217,0.6638
/camera/world/agv3_confidence,1789645473.9770544,1789645473.9770544,0.6706
/camera/world/agv2_confidence,1789645473.9770596,1789645473.9770596,0.662
/camera/world/agv1_confidence,1789645474.004586,1789645474.004586,0.666
/camera/world/agv2_confidence,1789645474.004766,1789645474.004766,0.6595
/camera/world/agv3_confidence,1789645474.004974,1789645474.004974,0.6677
/camera/world/agv2_confidence,1789645474.0368886,1789645474.0368886,0.6616
/camera/world/agv1_confidence,1789645474.0369983,1789645474.0369983,0.6647
/camera/world/agv3_confidence,1789645474.0370631,1789645474.0370631,0.6662
/camera/world/agv1_confidence,1789645474.0740764,1789645474.0740764,0.6642
/camera/world/agv2_confidence,1789645474.0743558,1789645474.0743558,0.6617
/camera/world/agv3_confidence,1789645474.0744069,1789645474.0744069,0.668
/camera/world/agv2_confidence,1789645474.105195,1789645474.105195,0.6619
/camera/world/agv1_confidence,1789645474.1052165,1789645474.1052165,0.6638
/camera/world/agv3_confidence,1789645474.105276,1789645474.105276,0.6703
/camera/world/agv1_confidence,1789645474.14236,1789645474.14236,0.6651
/camera/world/agv3_confidence,1789645474.1427703,1789645474.1427703,0.6703
/camera/world/agv2_confidence,1789645474.1427767,1789645474.1427767,0.6614
/camera/world/agv1_confidence,1789645474.1775057,1789645474.1775057,0.6657
/camera/world/agv3_confidence,1789645474.1775346,1789645474.1775346,0.6702
/camera/world/agv2_confidence,1789645474.177538,1789645474.177538,0.6606
/camera/world/agv3_confidence,1789645474.2078488,1789645474.2078488,0.67
/camera/world/agv1_confidence,1789645474.207879,1789645474.207879,0.6629
/camera/world/agv2_confidence,1789645474.2079732,1789645474.2079732,0.6605
/camera/world/agv2_confidence,1789645474.2363412,1789645474.2363412,0.6621
/camera/world/agv3_confidence,1789645474.236351,1789645474.236351,0.6708
/camera/world/agv1_confidence,1789645474.2364001,1789645474.2364001,0.6651
/camera/world/agv2_confidence,1789645474.275697,1789645474.275697,0.6616
/camera/world/agv3_confidence,1789645474.2757003,1789645474.2757003,0.6705
/camera/world/agv1_confidence,1789645474.275899,1789645474.275899,0.6642
/camera/world/agv1_confidence,1789645474.3059897,1789645474.3059897,0.6661
/camera/world/agv2_confidence,1789645474.3061163,1789645474.3061163,0.6606
/camera/world/agv3_confidence,1789645474.3062425,1789645474.3062425,0.6705
/camera/world/agv3_confidence,1789645474.337053,1789645474.337053,0.6686
/camera/world/agv1_confidence,1789645474.3370602,1789645474.3370602,0.6644
/camera/world/agv2_confidence,1789645474.337069,1789645474.337069,0.6615
/camera/world/agv3_confidence,1789645474.3779871,1789645474.3779871,0.6681
/camera/world/agv1_confidence,1789645474.3780396,1789645474.3780396,0.6633
/camera/world/agv2_confidence,1789645474.3782713,1789645474.3782713,0.6606
/camera/world/agv2_confidence,1789645474.4057052,1789645474.4057052,0.6607
/camera/world/agv1_confidence,1789645474.405716,1789645474.405716,0.6646
/camera/world/agv3_confidence,1789645474.4057446,1789645474.4057446,0.6682
/camera/world/agv2_confidence,1789645474.439408,1789645474.439408,0.6603
/camera/world/agv1_confidence,1789645474.4394386,1789645474.4394386,0.6647
/camera/world/agv3_confidence,1789645474.4395792,1789645474.4395792,0.6684
/camera/world/agv1_confidence,1789645474.471955,1789645474.471955,0.6639
/camera/world/agv3_confidence,1789645474.4720771,1789645474.4720771,0.6701
/camera/world/agv2_confidence,1789645474.4720945,1789645474.4720945,0.6603
/camera/world/agv1_confidence,1789645474.5045676,1789645474.5045676,0.6641
/camera/world/agv3_confidence,1789645474.504576,1789645474.504576,0.6719
/camera/world/agv2_confidence,1789645474.5048332,1789645474.5048332,0.6616
/camera/world/agv2_confidence,1789645474.5433366,1789645474.5433366,0.6602
/camera/world/agv1_confidence,1789645474.5433557,1789645474.5433557,0.6634
/camera/world/agv3_confidence,1789645474.543531,1789645474.543531,0.6712
/camera/world/agv1_confidence,1789645474.5769274,1789645474.5769274,0.6644
/camera/world/agv3_confidence,1789645474.5769296,1789645474.5769296,0.6705
/camera/world/agv2_confidence,1789645474.5770032,1789645474.5770032,0.6612
/camera/world/agv1_confidence,1789645474.6062574,1789645474.6062574,0.6642
/camera/world/agv3_confidence,1789645474.6063232,1789645474.6063232,0.6712
/camera/world/agv2_confidence,1789645474.606458,1789645474.606458,0.6606
/camera/world/agv3_confidence,1789645474.6352158,1789645474.6352158,0.6704
/camera/world/agv1_confidence,1789645474.6353378,1789645474.6353378,0.6639
/camera/world/agv2_confidence,1789645474.6353536,1789645474.6353536,0.6596
/camera/world/agv2_confidence,1789645474.673318,1789645474.673318,0.6614
/camera/world/agv1_confidence,1789645474.6734324,1789645474.6734324,0.6628
/camera/world/agv3_confidence,1789645474.6734364,1789645474.6734364,0.6692
/camera/world/agv1_confidence,1789645474.7027462,1789645474.7027462,0.6637
/camera/world/agv2_confidence,1789645474.7028296,1789645474.7028296,0.6612
/camera/world/agv3_confidence,1789645474.702883,1789645474.702883,0.6666
/camera/world/agv1_confidence,1789645474.7394075,1789645474.7394075,0.6624
/camera/world/agv2_confidence,1789645474.73952,1789645474.73952,0.6611
/camera/world/agv3_confidence,1789645474.739593,1789645474.739593,0.6692
/camera/world/agv1_confidence,1789645474.772751,1789645474.772751,0.6651
/camera/world/agv3_confidence,1789645474.7728329,1789645474.7728329,0.6718
/camera/world/agv2_confidence,1789645474.7728643,1789645474.7728643,0.6604
/camera/world/agv1_confidence,1789645474.8071816,1789645474.8071816,0.6653
/camera/world/agv3_confidence,1789645474.807365,1789645474.807365,0.6691
/camera/world/agv2_confidence,1789645474.8075159,1789645474.8075159,0.6606
/camera/world/agv2_confidence,1789645474.841741,1789645474.841741,0.6605
/camera/world/agv3_confidence,1789645474.8417675,1789645474.8417675,0.6684
/camera/world/agv1_confidence,1789645474.8417716,1789645474.8417716,0.6633
/camera/world/agv2_confidence,1789645474.872859,1789645474.872859,0.6611
/camera/world/agv1_confidence,1789645474.8728752,1789645474.8728752,0.6632
/camera/world/agv3_confidence,1789645474.8729708,1789645474.8729708,0.6695
/camera/world/agv2_confidence,1789645474.902046,1789645474.902046,0.6609
/camera/world/agv3_confidence,1789645474.9021378,1789645474.9021378,0.6695
/camera/world/agv1_confidence,1789645474.902194,1789645474.902194,0.6625
/camera/world/agv2_confidence,1789645474.937184,1789645474.937184,0.6617
/camera/world/agv1_confidence,1789645474.9372113,1789645474.9372113,0.6656
/camera/world/agv3_confidence,1789645474.9373777,1789645474.9373777,0.669
/camera/world/agv2_confidence,1789645474.9762897,1789645474.9762897,0.6593
/camera/world/agv3_confidence,1789645474.9763312,1789645474.9763312,0.6686
/camera/world/agv1_confidence,1789645474.9764724,1789645474.9764724,0.6631
/camera/world/agv1_confidence,1789645475.0062664,1789645475.0062664,0.6623
/camera/world/agv3_confidence,1789645475.006298,1789645475.006298,0.6688
/camera/world/agv2_confidence,1789645475.0063236,1789645475.0063236,0.6617
/camera/world/agv1_confidence,1789645475.0421813,1789645475.0421813,0.6656
/camera/world/agv3_confidence,1789645475.0422661,1789645475.0422661,0.6697
/camera/world/agv2_confidence,1789645475.0422864,1789645475.0422864,0.6594
/camera/world/agv1_confidence,1789645475.0751085,1789645475.0751085,0.6633
/camera/world/agv3_confidence,1789645475.075118,1789645475.075118,0.67
/camera/world/agv2_confidence,1789645475.0751789,1789645475.0751789,0.6601
/camera/world/agv1_confidence,1789645475.1035511,1789645475.1035511,0.6628
/camera/world/agv3_confidence,1789645475.1037626,1789645475.1037626,0.6699
/camera/world/agv2_confidence,1789645475.1037953,1789645475.1037953,0.6617
/camera/world/agv1_confidence,1789645475.1427953,1789645475.1427953,0.6627
/camera/world/agv3_confidence,1789645475.1432893,1789645475.1432893,0.6704
/camera/world/agv2_confidence,1789645475.1433027,1789645475.1433027,0.6589
/camera/world/agv2_confidence,1789645475.1736462,1789645475.1736462,0.6608
/camera/world/agv1_confidence,1789645475.1736534,1789645475.1736534,0.6628
/camera/world/agv3_confidence,1789645475.1737685,1789645475.1737685,0.6697
/camera/world/agv3_confidence,1789645475.2024093,1789645475.2024093,0.6717
/camera/world/agv2_confidence,1789645475.2024362,1789645475.2024362,0.6598
/camera/world/agv1_confidence,1789645475.2024474,1789645475.2024474,0.6641
/camera/world/agv2_confidence,1789645475.2394657,1789645475.2394657,0.6614
/camera/world/agv3_confidence,1789645475.2396042,1789645475.2396042,0.6677
/camera/world/agv1_confidence,1789645475.239718,1789645475.239718,0.6626
/camera/world/agv2_confidence,1789645475.2789378,1789645475.2789378,0.6595
/camera/world/agv3_confidence,1789645475.2789814,1789645475.2789814,0.6674
/camera/world/agv1_confidence,1789645475.2789817,1789645475.2789817,0.6628
/camera/world/agv1_confidence,1789645475.3056293,1789645475.3056293,0.6631
/camera/world/agv2_confidence,1789645475.3057742,1789645475.3057742,0.6614
/camera/world/agv3_confidence,1789645475.3059328,1789645475.3059328,0.6704
/camera/world/agv1_confidence,1789645475.3453171,1789645475.3453171,0.6635
/camera/world/agv3_confidence,1789645475.3455255,1789645475.3455255,0.6706
/camera/world/agv2_confidence,1789645475.3455784,1789645475.3455784,0.6623
/camera/world/agv1_confidence,1789645475.3767414,1789645475.3767414,0.6626
/camera/world/agv2_confidence,1789645475.3767514,1789645475.3767514,0.6604
/camera/world/agv3_confidence,1789645475.3768818,1789645475.3768818,0.6696
/camera/world/agv1_confidence,1789645475.4060674,1789645475.4060674,0.6639
/camera/world/agv2_confidence,1789645475.4062948,1789645475.4062948,0.6586
/camera/world/agv3_confidence,1789645475.4064834,1789645475.4064834,0.6685
/camera/world/agv1_confidence,1789645475.4369588,1789645475.4369588,0.6614
/camera/world/agv2_confidence,1789645475.4371948,1789645475.4371948,0.6595
/camera/world/agv3_confidence,1789645475.437348,1789645475.437348,0.6688
/camera/world/agv1_confidence,1789645475.472411,1789645475.472411,0.6619
/camera/world/agv3_confidence,1789645475.4725263,1789645475.4725263,0.6706
/camera/world/agv2_confidence,1789645475.4725702,1789645475.4725702,0.6591
/camera/world/agv2_confidence,1789645475.5040154,1789645475.5040154,0.6608
/camera/world/agv3_confidence,1789645475.5040479,1789645475.5040479,0.6698
/camera/world/agv1_confidence,1789645475.5041533,1789645475.5041533,0.6642
/camera/world/agv3_confidence,1789645475.53954,1789645475.53954,0.6695
/camera/world/agv2_confidence,1789645475.5395527,1789645475.5395527,0.66
/camera/world/agv1_confidence,1789645475.5396955,1789645475.5396955,0.663
/camera/world/agv1_confidence,1789645475.5772815,1789645475.5772815,0.661
/camera/world/agv3_confidence,1789645475.577401,1789645475.577401,0.6714
/camera/world/agv2_confidence,1789645475.5775113,1789645475.5775113,0.6617
/camera/world/agv1_confidence,1789645475.6073933,1789645475.6073933,0.6609
/camera/world/agv3_confidence,1789645475.6075478,1789645475.6075478,0.6684
/camera/world/agv2_confidence,1789645475.607578,1789645475.607578,0.6609
/camera/world/agv2_confidence,1789645475.635004,1789645475.635004,0.6608
/camera/world/agv1_confidence,1789645475.6350374,1789645475.6350374,0.6621
/camera/world/agv3_confidence,1789645475.6352687,1789645475.6352687,0.6694
/camera/world/agv1_confidence,1789645475.6717088,1789645475.6717088,0.6614
/camera/world/agv2_confidence,1789645475.6719787,1789645475.6719787,0.6604
/camera/world/agv3_confidence,1789645475.672223,1789645475.672223,0.6706
/camera/world/agv1_confidence,1789645475.7094922,1789645475.7094922,0.6625
/camera/world/agv3_confidence,1789645475.709818,1789645475.709818,0.6672
/camera/world/agv2_confidence,1789645475.7098453,1789645475.7098453,0.6591
/camera/world/agv2_confidence,1789645475.7385151,1789645475.7385151,0.6598
/camera/world/agv3_confidence,1789645475.7385633,1789645475.7385633,0.6678
/camera/world/agv1_confidence,1789645475.7385683,1789645475.7385683,0.6627
/camera/world/agv2_confidence,1789645475.770417,1789645475.770417,0.6596
/camera/world/agv3_confidence,1789645475.770464,1789645475.770464,0.6698
/camera/world/agv1_confidence,1789645475.770473,1789645475.770473,0.6621
/camera/world/agv2_confidence,1789645475.8094132,1789645475.8094132,0.6604
/camera/world/agv1_confidence,1789645475.8094368,1789645475.8094368,0.6608
/camera/world/agv3_confidence,1789645475.8095858,1789645475.8095858,0.6707
/camera/world/agv1_confidence,1789645475.835073,1789645475.835073,0.6623
/camera/world/agv3_confidence,1789645475.8352528,1789645475.8352528,0.6712
/camera/world/agv2_confidence,1789645475.835406,1789645475.835406,0.6608
/camera/world/agv1_confidence,1789645475.8730474,1789645475.8730474,0.663
/camera/world/agv3_confidence,1789645475.8732154,1789645475.8732154,0.6731
/camera/world/agv2_confidence,1789645475.8732452,1789645475.8732452,0.6609
/camera/world/agv2_confidence,1789645475.9042766,1789645475.9042766,0.6623
/camera/world/agv1_confidence,1789645475.904284,1789645475.904284,0.6631
/camera/world/agv3_confidence,1789645475.904536,1789645475.904536,0.6702
/camera/world/agv1_confidence,1789645475.9415421,1789645475.9415421,0.6613
/camera/world/agv2_confidence,1789645475.94155,1789645475.94155,0.6612
/camera/world/agv3_confidence,1789645475.9417138,1789645475.9417138,0.6682
/camera/world/agv2_confidence,1789645475.9712899,1789645475.9712899,0.6602
/camera/world/agv1_confidence,1789645475.9713287,1789645475.9713287,0.6622
/camera/world/agv3_confidence,1789645475.9714112,1789645475.9714112,0.6713
/camera/world/agv2_confidence,1789645476.01287,1789645476.01287,0.6593
/camera/world/agv1_confidence,1789645476.012915,1789645476.012915,0.6622
/camera/world/agv3_confidence,1789645476.0129335,1789645476.0129335,0.6685
/camera/world/agv1_confidence,1789645476.0390427,1789645476.0390427,0.6624
/camera/world/agv2_confidence,1789645476.0390613,1789645476.0390613,0.6604
/camera/world/agv3_confidence,1789645476.0392466,1789645476.0392466,0.6712
/camera/world/agv1_confidence,1789645476.0692253,1789645476.0692253,0.6627
/camera/world/agv2_confidence,1789645476.0692902,1789645476.0692902,0.6601
/camera/world/agv3_confidence,1789645476.069488,1789645476.069488,0.671
/camera/world/agv1_confidence,1789645476.1089656,1789645476.1089656,0.6623
/camera/world/agv2_confidence,1789645476.1089692,1789645476.1089692,0.6587
/camera/world/agv3_confidence,1789645476.1090546,1789645476.1090546,0.6706
/camera/world/agv1_confidence,1789645476.1374183,1789645476.1374183,0.6626
/camera/world/agv3_confidence,1789645476.1374412,1789645476.1374412,0.6702
/camera/world/agv2_confidence,1789645476.1374712,1789645476.1374712,0.6611
/camera/world/agv3_confidence,1789645476.172377,1789645476.172377,0.6692
/camera/world/agv1_confidence,1789645476.1724968,1789645476.1724968,0.6606
/camera/world/agv2_confidence,1789645476.1725247,1789645476.1725247,0.6605
/camera/world/agv2_confidence,1789645476.2135172,1789645476.2135172,0.6595
/camera/world/agv1_confidence,1789645476.2136505,1789645476.2136505,0.6591
/camera/world/agv3_confidence,1789645476.2137308,1789645476.2137308,0.672
/camera/world/agv2_confidence,1789645476.2455332,1789645476.2455332,0.661
/camera/world/agv1_confidence,1789645476.2456326,1789645476.2456326,0.661
/camera/world/agv3_confidence,1789645476.2456422,1789645476.2456422,0.6689
/camera/world/agv2_confidence,1789645476.2747564,1789645476.2747564,0.6625
/camera/world/agv1_confidence,1789645476.274783,1789645476.274783,0.6609
/camera/world/agv3_confidence,1789645476.2749908,1789645476.2749908,0.6696
/camera/world/agv1_confidence,1789645476.305684,1789645476.305684,0.6618
/camera/world/agv2_confidence,1789645476.3060343,1789645476.3060343,0.6607
/camera/world/agv3_confidence,1789645476.3062515,1789645476.3062515,0.6715
/camera/world/agv1_confidence,1789645476.3348427,1789645476.3348427,0.6615
/camera/world/agv3_confidence,1789645476.3348548,1789645476.3348548,0.6717
/camera/world/agv2_confidence,1789645476.3348715,1789645476.3348715,0.66
/camera/world/agv2_confidence,1789645476.3740582,1789645476.3740582,0.6603
/camera/world/agv3_confidence,1789645476.3740919,1789645476.3740919,0.6713
/camera/world/agv1_confidence,1789645476.3741095,1789645476.3741095,0.6614
/camera/world/agv1_confidence,1789645476.4036238,1789645476.4036238,0.6608
/camera/world/agv2_confidence,1789645476.403632,1789645476.403632,0.6597
/camera/world/agv3_confidence,1789645476.4041028,1789645476.4041028,0.6686
/camera/world/agv1_confidence,1789645476.439995,1789645476.439995,0.6607
/camera/world/agv3_confidence,1789645476.4399996,1789645476.4399996,0.6707
/camera/world/agv2_confidence,1789645476.440015,1789645476.440015,0.6597
/camera/world/agv2_confidence,1789645476.4704604,1789645476.4704604,0.6598
/camera/world/agv3_confidence,1789645476.470524,1789645476.470524,0.6686
/camera/world/agv1_confidence,1789645476.4706125,1789645476.4706125,0.6621
/camera/world/agv2_confidence,1789645476.5128486,1789645476.5128486,0.6593
/camera/world/agv1_confidence,1789645476.5129154,1789645476.5129154,0.661
/camera/world/agv3_confidence,1789645476.5131607,1789645476.5131607,0.6697
/camera/world/agv2_confidence,1789645476.5434422,1789645476.5434422,0.6594
/camera/world/agv1_confidence,1789645476.543505,1789645476.543505,0.6605
/camera/world/agv3_confidence,1789645476.5437608,1789645476.5437608,0.669
/camera/world/agv2_confidence,1789645476.5756867,1789645476.5756867,0.6594
/camera/world/agv3_confidence,1789645476.5756903,1789645476.5756903,0.6712
/camera/world/agv1_confidence,1789645476.5758123,1789645476.5758123,0.662
/camera/world/agv1_confidence,1789645476.6063676,1789645476.6063676,0.663
/camera/world/agv3_confidence,1789645476.6064262,1789645476.6064262,0.6719
/camera/world/agv2_confidence,1789645476.606547,1789645476.606547,0.6614
/camera/world/agv1_confidence,1789645476.6363266,1789645476.6363266,0.6617
/camera/world/agv2_confidence,1789645476.636475,1789645476.636475,0.6607
/camera/world/agv3_confidence,1789645476.6366127,1789645476.6366127,0.6712
/camera/world/agv1_confidence,1789645476.672739,1789645476.672739,0.6616
/camera/world/agv3_confidence,1789645476.6729534,1789645476.6729534,0.6718
/camera/world/agv2_confidence,1789645476.6729817,1789645476.6729817,0.6597
/camera/world/agv1_confidence,1789645476.7089572,1789645476.7089572,0.6617
/camera/world/agv2_confidence,1789645476.7091694,1789645476.7091694,0.6605
/camera/world/agv3_confidence,1789645476.7092042,1789645476.7092042,0.6725
/camera/world/agv1_confidence,1789645476.7347274,1789645476.7347274,0.6607
/camera/world/agv2_confidence,1789645476.7349026,1789645476.7349026,0.6597
/camera/world/agv3_confidence,1789645476.7349598,1789645476.7349598,0.6716
/camera/world/agv1_confidence,1789645476.774265,1789645476.774265,0.6606
/camera/world/agv3_confidence,1789645476.774536,1789645476.774536,0.6712
/camera/world/agv2_confidence,1789645476.774622,1789645476.774622,0.6609
/camera/world/agv1_confidence,1789645476.8033388,1789645476.8033388,0.661
/camera/world/agv3_confidence,1789645476.8035135,1789645476.8035135,0.6711
/camera/world/agv2_confidence,1789645476.803578,1789645476.803578,0.6611
/camera/world/agv3_confidence,1789645476.8429132,1789645476.8429132,0.6698
/camera/world/agv2_confidence,1789645476.8429365,1789645476.8429365,0.6588
/camera/world/agv1_confidence,1789645476.8431165,1789645476.8431165,0.6609
/camera/world/agv1_confidence,1789645476.875133,1789645476.875133,0.6603
/camera/world/agv2_confidence,1789645476.875182,1789645476.875182,0.6597
/camera/world/agv3_confidence,1789645476.8753605,1789645476.8753605,0.6712
/camera/world/agv1_confidence,1789645476.903907,1789645476.903907,0.6604
/camera/world/agv2_confidence,1789645476.904001,1789645476.904001,0.6578
/camera/world/agv3_confidence,1789645476.904202,1789645476.904202,0.6701
/camera/world/agv1_confidence,1789645476.94486,1789645476.94486,0.6598
/camera/world/agv3_confidence,1789645476.9449253,1789645476.9449253,0.6715
/camera/world/agv2_confidence,1789645476.9450111,1789645476.9450111,0.6598
/camera/world/agv1_confidence,1789645476.9762204,1789645476.9762204,0.6596
/camera/world/agv2_confidence,1789645476.976233,1789645476.976233,0.6591
/camera/world/agv3_confidence,1789645476.9765153,1789645476.9765153,0.67
/camera/world/agv1_confidence,1789645477.0097504,1789645477.0097504,0.659
/camera/world/agv2_confidence,1789645477.0097928,1789645477.0097928,0.658
/camera/world/agv3_confidence,1789645477.0101452,1789645477.0101452,0.6713
/camera/world/agv3_confidence,1789645477.039158,1789645477.039158,0.6711
/camera/world/agv1_confidence,1789645477.0391622,1789645477.0391622,0.6599
/camera/world/agv2_confidence,1789645477.0391803,1789645477.0391803,0.6594
/camera/world/agv2_confidence,1789645477.069695,1789645477.069695,0.6602
/camera/world/agv1_confidence,1789645477.0697339,1789645477.0697339,0.6598
/camera/world/agv3_confidence,1789645477.0699093,1789645477.0699093,0.6696
/camera/world/agv2_confidence,1789645477.1093833,1789645477.1093833,0.6588
/camera/world/agv1_confidence,1789645477.1093936,1789645477.1093936,0.6595
/camera/world/agv3_confidence,1789645477.1096087,1789645477.1096087,0.6691
/camera/world/agv1_confidence,1789645477.1358874,1789645477.1358874,0.6593
/camera/world/agv2_confidence,1789645477.1362736,1789645477.1362736,0.659
/camera/world/agv3_confidence,1789645477.1363802,1789645477.1363802,0.6701
/camera/world/agv3_confidence,1789645477.1737123,1789645477.1737123,0.6701
/camera/world/agv1_confidence,1789645477.1737525,1789645477.1737525,0.6583
/camera/world/agv2_confidence,1789645477.1738293,1789645477.1738293,0.6573
/camera/world/agv1_confidence,1789645477.2038653,1789645477.2038653,0.6603
/camera/world/agv2_confidence,1789645477.2038794,1789645477.2038794,0.658
/camera/world/agv3_confidence,1789645477.2039275,1789645477.2039275,0.6696
/camera/world/agv1_confidence,1789645477.2422974,1789645477.2422974,0.658
/camera/world/agv3_confidence,1789645477.242613,1789645477.242613,0.6685
/camera/world/agv2_confidence,1789645477.2426817,1789645477.2426817,0.6588
/camera/world/agv1_confidence,1789645477.2832499,1789645477.2832499,0.658
/camera/world/agv2_confidence,1789645477.2836492,1789645477.2836492,0.6597
/camera/world/agv3_confidence,1789645477.2836587,1789645477.2836587,0.6665
/camera/world/agv1_confidence,1789645477.3060822,1789645477.3060822,0.659
/camera/world/agv2_confidence,1789645477.3061972,1789645477.3061972,0.6602
/camera/world/agv3_confidence,1789645477.3063705,1789645477.3063705,0.67
/camera/world/agv1_confidence,1789645477.3360548,1789645477.3360548,0.6609
/camera/world/agv2_confidence,1789645477.3362155,1789645477.3362155,0.6607
/camera/world/agv3_confidence,1789645477.336358,1789645477.336358,0.6688
/camera/world/agv1_confidence,1789645477.3768234,1789645477.3768234,0.6579
/camera/world/agv2_confidence,1789645477.3768387,1789645477.3768387,0.659
/camera/world/agv3_confidence,1789645477.377007,1789645477.377007,0.6708
/camera/world/agv2_confidence,1789645477.404604,1789645477.404604,0.6588
/camera/world/agv1_confidence,1789645477.4046068,1789645477.4046068,0.6599
/camera/world/agv3_confidence,1789645477.4047863,1789645477.4047863,0.6684
/camera/world/agv1_confidence,1789645477.4349127,1789645477.4349127,0.6605
/camera/world/agv3_confidence,1789645477.4350328,1789645477.4350328,0.6711
/camera/world/agv2_confidence,1789645477.4350643,1789645477.4350643,0.6586
/camera/world/agv2_confidence,1789645477.472827,1789645477.472827,0.6581
/camera/world/agv1_confidence,1789645477.4730496,1789645477.4730496,0.6571
/camera/world/agv3_confidence,1789645477.4730625,1789645477.4730625,0.6695
/camera/world/agv1_confidence,1789645477.5055351,1789645477.5055351,0.6594
/camera/world/agv2_confidence,1789645477.505619,1789645477.505619,0.6592
/camera/world/agv3_confidence,1789645477.5058405,1789645477.5058405,0.6716
/camera/world/agv1_confidence,1789645477.5413072,1789645477.5413072,0.6592
/camera/world/agv2_confidence,1789645477.5413547,1789645477.5413547,0.6587
/camera/world/agv3_confidence,1789645477.5415487,1789645477.5415487,0.6703
/camera/world/agv1_confidence,1789645477.57232,1789645477.57232,0.6595
/camera/world/agv2_confidence,1789645477.5723717,1789645477.5723717,0.6583
/camera/world/agv3_confidence,1789645477.5724185,1789645477.5724185,0.6697
/camera/world/agv2_confidence,1789645477.6022863,1789645477.6022863,0.6575
/camera/world/agv1_confidence,1789645477.6023843,1789645477.6023843,0.6597
/camera/world/agv3_confidence,1789645477.6025295,1789645477.6025295,0.6664
/camera/world/agv1_confidence,1789645477.650435,1789645477.650435,0.66
/camera/world/agv3_confidence,1789645477.6506584,1789645477.6506584,0.6705
/camera/world/agv2_confidence,1789645477.6506846,1789645477.6506846,0.6577
/camera/world/agv2_confidence,1789645477.6751342,1789645477.6751342,0.6577
/camera/world/agv1_confidence,1789645477.6751401,1789645477.6751401,0.6602
/camera/world/agv3_confidence,1789645477.6753218,1789645477.6753218,0.669
/camera/world/agv1_confidence,1789645477.706754,1789645477.706754,0.6578
/camera/world/agv2_confidence,1789645477.7069647,1789645477.7069647,0.6593
/camera/world/agv3_confidence,1789645477.7074096,1789645477.7074096,0.6705
/camera/world/agv2_confidence,1789645477.7394693,1789645477.7394693,0.6596
/camera/world/agv1_confidence,1789645477.7394762,1789645477.7394762,0.6583
/camera/world/agv3_confidence,1789645477.7397468,1789645477.7397468,0.6688
/camera/world/agv2_confidence,1789645477.7755277,1789645477.7755277,0.6572
/camera/world/agv3_confidence,1789645477.7755764,1789645477.7755764,0.669
/camera/world/agv1_confidence,1789645477.7755804,1789645477.7755804,0.6572
/camera/world/agv3_confidence,1789645477.8074586,1789645477.8074586,0.6694
/camera/world/agv1_confidence,1789645477.807462,1789645477.807462,0.6578
/camera/world/agv2_confidence,1789645477.8074784,1789645477.8074784,0.6572
/camera/world/agv2_confidence,1789645477.8337238,1789645477.8337238,0.6569
/camera/world/agv1_confidence,1789645477.8337939,1789645477.8337939,0.6606
/camera/world/agv3_confidence,1789645477.833808,1789645477.833808,0.6694
/camera/world/agv1_confidence,1789645477.868674,1789645477.868674,0.6582
/camera/world/agv2_confidence,1789645477.8687563,1789645477.8687563,0.6569
/camera/world/agv3_confidence,1789645477.8688085,1789645477.8688085,0.6688
/camera/world/agv1_confidence,1789645477.9139304,1789645477.9139304,0.6581
/camera/world/agv2_confidence,1789645477.9141557,1789645477.9141557,0.6573
/camera/world/agv3_confidence,1789645477.9141624,1789645477.9141624,0.6679
/camera/world/agv1_confidence,1789645477.9391253,1789645477.9391253,0.658
/camera/world/agv2_confidence,1789645477.9391503,1789645477.9391503,0.6573
/camera/world/agv3_confidence,1789645477.9394522,1789645477.9394522,0.6698
/camera/world/agv1_confidence,1789645477.9708953,1789645477.9708953,0.6592
/camera/world/agv2_confidence,1789645477.9709213,1789645477.9709213,0.6575
/camera/world/agv3_confidence,1789645477.9711814,1789645477.9711814,0.6673
/camera/world/agv2_confidence,1789645478.0060174,1789645478.0060174,0.657
/camera/world/agv3_confidence,1789645478.0060499,1789645478.0060499,0.6673
/camera/world/agv1_confidence,1789645478.0061264,1789645478.0061264,0.6597
/camera/world/agv3_confidence,1789645478.043849,1789645478.043849,0.6687
/camera/world/agv2_confidence,1789645478.0439007,1789645478.0439007,0.6586
/camera/world/agv1_confidence,1789645478.0439491,1789645478.0439491,0.6594
/camera/world/agv1_confidence,1789645478.0732977,1789645478.0732977,0.6586
/camera/world/agv3_confidence,1789645478.0733163,1789645478.0733163,0.6696
/camera/world/agv2_confidence,1789645478.073337,1789645478.073337,0.6577
/camera/world/agv2_confidence,1789645478.1063654,1789645478.1063654,0.658
/camera/world/agv3_confidence,1789645478.1064475,1789645478.1064475,0.6697
/camera/world/agv1_confidence,1789645478.1064608,1789645478.1064608,0.6577
/camera/world/agv1_confidence,1789645478.1475868,1789645478.1475868,0.658
/camera/world/agv3_confidence,1789645478.147588,1789645478.147588,0.668
/camera/world/agv2_confidence,1789645478.1476455,1789645478.1476455,0.6582
/camera/world/agv1_confidence,1789645478.1698499,1789645478.1698499,0.6593
/camera/world/agv2_confidence,1789645478.1701312,1789645478.1701312,0.658
/camera/world/agv3_confidence,1789645478.1701376,1789645478.1701376,0.6681
/camera/world/agv1_confidence,1789645478.210479,1789645478.210479,0.6589
/camera/world/agv2_confidence,1789645478.2105167,1789645478.2105167,0.6579
/camera/world/agv3_confidence,1789645478.210567,1789645478.210567,0.6671
/camera/world/agv1_confidence,1789645478.2452452,1789645478.2452452,0.6591
/camera/world/agv2_confidence,1789645478.2453015,1789645478.2453015,0.6577
/camera/world/agv3_confidence,1789645478.2453089,1789645478.2453089,0.6682
/camera/world/agv1_confidence,1789645478.2790482,1789645478.2790482,0.6593
/camera/world/agv2_confidence,1789645478.2791278,1789645478.2791278,0.6589
/camera/world/agv3_confidence,1789645478.2793922,1789645478.2793922,0.6703
/camera/world/agv1_confidence,1789645478.3110342,1789645478.3110342,0.6564
/camera/world/agv3_confidence,1789645478.3110814,1789645478.3110814,0.67
/camera/world/agv2_confidence,1789645478.3111122,1789645478.3111122,0.6559
/camera/world/agv1_confidence,1789645478.3375454,1789645478.3375454,0.6602
/camera/world/agv2_confidence,1789645478.3377006,1789645478.3377006,0.6581
/camera/world/agv3_confidence,1789645478.3377686,1789645478.3377686,0.6691
/camera/world/agv1_confidence,1789645478.3776424,1789645478.3776424,0.6599
/camera/world/agv3_confidence,1789645478.3776937,1789645478.3776937,0.6688
/camera/world/agv2_confidence,1789645478.377702,1789645478.377702,0.6581
/camera/world/agv2_confidence,1789645478.411598,1789645478.411598,0.6576
/camera/world/agv3_confidence,1789645478.4117332,1789645478.4117332,0.6685
/camera/world/agv1_confidence,1789645478.4117405,1789645478.4117405,0.6586
/camera/world/agv1_confidence,1789645478.4449193,1789645478.4449193,0.6592
/camera/world/agv3_confidence,1789645478.4449778,1789645478.4449778,0.6698
/camera/world/agv2_confidence,1789645478.4449959,1789645478.4449959,0.6591
/camera/world/agv1_confidence,1789645478.4731932,1789645478.4731932,0.6596
/camera/world/agv3_confidence,1789645478.4732492,1789645478.4732492,0.6679
/camera/world/agv2_confidence,1789645478.4733653,1789645478.4733653,0.6582
/camera/world/agv2_confidence,1789645478.5046859,1789645478.5046859,0.6577
/camera/world/agv1_confidence,1789645478.504692,1789645478.504692,0.6588
/camera/world/agv3_confidence,1789645478.5048218,1789645478.5048218,0.6663
/camera/world/agv2_confidence,1789645478.53692,1789645478.53692,0.6588
/camera/world/agv3_confidence,1789645478.536977,1789645478.536977,0.6683
/camera/world/agv1_confidence,1789645478.5370605,1789645478.5370605,0.6571
/camera/world/agv1_confidence,1789645478.568558,1789645478.568558,0.6588
/camera/world/agv2_confidence,1789645478.5685658,1789645478.5685658,0.6589
/camera/world/agv3_confidence,1789645478.5685844,1789645478.5685844,0.6685
/camera/world/agv2_confidence,1789645478.608259,1789645478.608259,0.6568
/camera/world/agv3_confidence,1789645478.608287,1789645478.608287,0.6684
/camera/world/agv1_confidence,1789645478.6083124,1789645478.6083124,0.6591
/camera/world/agv2_confidence,1789645478.636734,1789645478.636734,0.6572
/camera/world/agv3_confidence,1789645478.6367428,1789645478.6367428,0.6671
/camera/world/agv1_confidence,1789645478.63696,1789645478.63696,0.6573
/camera/world/agv1_confidence,1789645478.677184,1789645478.677184,0.6584
/camera/world/agv2_confidence,1789645478.6772084,1789645478.6772084,0.6571
/camera/world/agv3_confidence,1789645478.6773958,1789645478.6773958,0.6689
/camera/world/agv1_confidence,1789645478.7028303,1789645478.7028303,0.6588
/camera/world/agv2_confidence,1789645478.702853,1789645478.702853,0.6572
/camera/world/agv3_confidence,1789645478.7032213,1789645478.7032213,0.6667
/camera/world/agv1_confidence,1789645478.7363095,1789645478.7363095,0.6583
/camera/world/agv2_confidence,1789645478.7363136,1789645478.7363136,0.6545
/camera/world/agv3_confidence,1789645478.736574,1789645478.736574,0.6688
/camera/world/agv2_confidence,1789645478.773185,1789645478.773185,0.6559
/camera/world/agv1_confidence,1789645478.7731917,1789645478.7731917,0.6583
/camera/world/agv3_confidence,1789645478.7734966,1789645478.7734966,0.6664
/camera/world/agv1_confidence,1789645478.8040485,1789645478.8040485,0.6567
/camera/world/agv2_confidence,1789645478.8042014,1789645478.8042014,0.6555
/camera/world/agv3_confidence,1789645478.8043284,1789645478.8043284,0.6678
/camera/world/agv2_confidence,1789645478.8351738,1789645478.8351738,0.656
/camera/world/agv1_confidence,1789645478.835183,1789645478.835183,0.6585
/camera/world/agv3_confidence,1789645478.8353293,1789645478.8353293,0.6673
/camera/world/agv1_confidence,1789645478.881111,1789645478.881111,0.6587
/camera/world/agv3_confidence,1789645478.881271,1789645478.881271,0.6688
/camera/world/agv2_confidence,1789645478.881374,1789645478.881374,0.6554
/camera/world/agv1_confidence,1789645478.9062684,1789645478.9062684,0.6589
/camera/world/agv2_confidence,1789645478.906325,1789645478.906325,0.6565
/camera/world/agv3_confidence,1789645478.906447,1789645478.906447,0.6689
/camera/world/agv1_confidence,1789645478.9365945,1789645478.9365945,0.6575
/camera/world/agv2_confidence,1789645478.9366121,1789645478.9366121,0.6553
/camera/world/agv3_confidence,1789645478.936646,1789645478.936646,0.6668
/camera/world/agv1_confidence,1789645478.9764583,1789645478.9764583,0.6568
/camera/world/agv2_confidence,1789645478.9766252,1789645478.9766252,0.658
/camera/world/agv3_confidence,1789645478.9768686,1789645478.9768686,0.6647
/camera/world/agv1_confidence,1789645479.0107963,1789645479.0107963,0.6577
/camera/world/agv2_confidence,1789645479.0110574,1789645479.0110574,0.656
/camera/world/agv3_confidence,1789645479.0113585,1789645479.0113585,0.6676
/camera/world/agv1_confidence,1789645479.0444412,1789645479.0444412,0.658
/camera/world/agv2_confidence,1789645479.0444643,1789645479.0444643,0.6567
/camera/world/agv3_confidence,1789645479.0444906,1789645479.0444906,0.6704
/camera/world/agv1_confidence,1789645479.0739858,1789645479.0739858,0.6586
/camera/world/agv2_confidence,1789645479.0741856,1789645479.0741856,0.6548
/camera/world/agv3_confidence,1789645479.0741937,1789645479.0741937,0.6681
/camera/world/agv3_confidence,1789645479.105034,1789645479.105034,0.6686
/camera/world/agv2_confidence,1789645479.1050665,1789645479.1050665,0.6545
/camera/world/agv1_confidence,1789645479.105149,1789645479.105149,0.6582
/camera/world/agv1_confidence,1789645479.133526,1789645479.133526,0.657
/camera/world/agv3_confidence,1789645479.133592,1789645479.133592,0.6675
/camera/world/agv2_confidence,1789645479.1336138,1789645479.1336138,0.6565
/camera/world/agv2_confidence,1789645479.173592,1789645479.173592,0.6565
/camera/world/agv1_confidence,1789645479.1736636,1789645479.1736636,0.6587
/camera/world/agv3_confidence,1789645479.1736903,1789645479.1736903,0.6672
/camera/world/agv2_confidence,1789645479.2149782,1789645479.2149782,0.6547
/camera/world/agv1_confidence,1789645479.2149858,1789645479.2149858,0.6585
/camera/world/agv3_confidence,1789645479.21523,1789645479.21523,0.6658
/camera/world/agv1_confidence,1789645479.2450576,1789645479.2450576,0.6589
/camera/world/agv3_confidence,1789645479.245063,1789645479.245063,0.668
/camera/world/agv2_confidence,1789645479.2451031,1789645479.2451031,0.6568
/camera/world/agv1_confidence,1789645479.2727482,1789645479.2727482,0.6596
/camera/world/agv2_confidence,1789645479.2727518,1789645479.2727518,0.6572
/camera/world/agv3_confidence,1789645479.272954,1789645479.272954,0.6695
/camera/world/agv3_confidence,1789645479.307188,1789645479.307188,0.6665
/camera/world/agv1_confidence,1789645479.3071918,1789645479.3071918,0.6596
/camera/world/agv2_confidence,1789645479.3073156,1789645479.3073156,0.6551
/camera/world/agv1_confidence,1789645479.3343463,1789645479.3343463,0.6586
/camera/world/agv3_confidence,1789645479.334501,1789645479.334501,0.6682
/camera/world/agv2_confidence,1789645479.3346703,1789645479.3346703,0.6545
/camera/world/agv1_confidence,1789645479.3740933,1789645479.3740933,0.6581
/camera/world/agv3_confidence,1789645479.3743,1789645479.3743,0.6681
/camera/world/agv2_confidence,1789645479.37431,1789645479.37431,0.6541
/camera/world/agv2_confidence,1789645479.4064748,1789645479.4064748,0.6557
/camera/world/agv1_confidence,1789645479.4064908,1789645479.4064908,0.6569
/camera/world/agv3_confidence,1789645479.4070356,1789645479.4070356,0.6663
/camera/world/agv1_confidence,1789645479.4355123,1789645479.4355123,0.6576
/camera/world/agv2_confidence,1789645479.4355319,1789645479.4355319,0.6538
/camera/world/agv3_confidence,1789645479.4355614,1789645479.4355614,0.668
/camera/world/agv2_confidence,1789645479.4690826,1789645479.4690826,0.6545
/camera/world/agv3_confidence,1789645479.4692755,1789645479.4692755,0.6692
/camera/world/agv1_confidence,1789645479.4693167,1789645479.4693167,0.6587
/camera/world/agv1_confidence,1789645479.506603,1789645479.506603,0.6583
/camera/world/agv3_confidence,1789645479.5066195,1789645479.5066195,0.6695
/camera/world/agv2_confidence,1789645479.5068514,1789645479.5068514,0.6548
/camera/world/agv2_confidence,1789645479.5379267,1789645479.5379267,0.6547
/camera/world/agv3_confidence,1789645479.5379722,1789645479.5379722,0.6649
/camera/world/agv1_confidence,1789645479.5380127,1789645479.5380127,0.658
/camera/world/agv1_confidence,1789645479.5691578,1789645479.5691578,0.6571
/camera/world/agv2_confidence,1789645479.56918,1789645479.56918,0.6529
/camera/world/agv3_confidence,1789645479.569188,1789645479.569188,0.6663
/camera/world/agv1_confidence,1789645479.606934,1789645479.606934,0.6583
/camera/world/agv3_confidence,1789645479.607095,1789645479.607095,0.6672
/camera/world/agv2_confidence,1789645479.6070983,1789645479.6070983,0.6544
/camera/world/agv1_confidence,1789645479.6374247,1789645479.6374247,0.6589
/camera/world/agv3_confidence,1789645479.6374278,1789645479.6374278,0.6637
/camera/world/agv2_confidence,1789645479.6374395,1789645479.6374395,0.654
/camera/world/agv2_confidence,1789645479.6769443,1789645479.6769443,0.6554
/camera/world/agv1_confidence,1789645479.6770697,1789645479.6770697,0.6602
/camera/world/agv3_confidence,1789645479.677247,1789645479.677247,0.666
/camera/world/agv1_confidence,1789645479.7108653,1789645479.7108653,0.6572
/camera/world/agv2_confidence,1789645479.7108684,1789645479.7108684,0.6531
/camera/world/agv3_confidence,1789645479.7110841,1789645479.7110841,0.6683
/camera/world/agv1_confidence,1789645479.7378628,1789645479.7378628,0.6588
/camera/world/agv2_confidence,1789645479.7380223,1789645479.7380223,0.656
/camera/world/agv3_confidence,1789645479.738166,1789645479.738166,0.6673
/camera/world/agv1_confidence,1789645479.7700918,1789645479.7700918,0.6592
/camera/world/agv2_confidence,1789645479.77037,1789645479.77037,0.6541
/camera/world/agv3_confidence,1789645479.7705069,1789645479.7705069,0.6663
/camera/world/agv1_confidence,1789645479.8057177,1789645479.8057177,0.6576
/camera/world/agv2_confidence,1789645479.80573,1789645479.80573,0.6548
/camera/world/agv3_confidence,1789645479.8060317,1789645479.8060317,0.6655
/camera/world/agv1_confidence,1789645479.8368099,1789645479.8368099,0.6597
/camera/world/agv2_confidence,1789645479.8369317,1789645479.8369317,0.6543
/camera/world/agv3_confidence,1789645479.8371372,1789645479.8371372,0.6663
/camera/world/agv1_confidence,1789645479.8759308,1789645479.8759308,0.6607
/camera/world/agv2_confidence,1789645479.8759904,1789645479.8759904,0.6536
/camera/world/agv3_confidence,1789645479.8760614,1789645479.8760614,0.6666
/camera/world/agv1_confidence,1789645479.9114118,1789645479.9114118,0.6571
/camera/world/agv3_confidence,1789645479.9116254,1789645479.9116254,0.6659
/camera/world/agv2_confidence,1789645479.9116395,1789645479.9116395,0.6559
/camera/world/agv2_confidence,1789645479.9363947,1789645479.9363947,0.6543
/camera/world/agv1_confidence,1789645479.9364016,1789645479.9364016,0.66
/camera/world/agv3_confidence,1789645479.9367065,1789645479.9367065,0.6646
/camera/world/agv2_confidence,1789645479.9763274,1789645479.9763274,0.6553
/camera/world/agv1_confidence,1789645479.9763818,1789645479.9763818,0.6508
/camera/world/agv3_confidence,1789645479.976627,1789645479.976627,0.6647
/camera/world/agv2_confidence,1789645480.005331,1789645480.005331,0.6518
/camera/world/agv1_confidence,1789645480.0054789,1789645480.0054789,0.6597
/camera/world/agv3_confidence,1789645480.0055633,1789645480.0055633,0.6664
/camera/world/agv1_confidence,1789645480.0370965,1789645480.0370965,0.6593
/camera/world/agv3_confidence,1789645480.037177,1789645480.037177,0.6666
/camera/world/agv2_confidence,1789645480.0371897,1789645480.0371897,0.6537
/camera/world/agv1_confidence,1789645480.0771642,1789645480.0771642,0.6585
/camera/world/agv3_confidence,1789645480.0772288,1789645480.0772288,0.6665
/camera/world/agv2_confidence,1789645480.0772853,1789645480.0772853,0.6564
/camera/world/agv1_confidence,1789645480.1085443,1789645480.1085443,0.657
/camera/world/agv3_confidence,1789645480.108629,1789645480.108629,0.6649
/camera/world/agv2_confidence,1789645480.1086886,1789645480.1086886,0.6523
/camera/world/agv1_confidence,1789645480.1360877,1789645480.1360877,0.6587
/camera/world/agv3_confidence,1789645480.1361377,1789645480.1361377,0.6657
/camera/world/agv2_confidence,1789645480.13617,1789645480.13617,0.6547
/camera/world/agv1_confidence,1789645480.176751,1789645480.176751,0.6579
/camera/world/agv3_confidence,1789645480.1768095,1789645480.1768095,0.665
/camera/world/agv2_confidence,1789645480.1768374,1789645480.1768374,0.6532
/camera/world/agv1_confidence,1789645480.2051466,1789645480.2051466,0.6601
/camera/world/agv2_confidence,1789645480.2051682,1789645480.2051682,0.6546
/camera/world/agv3_confidence,1789645480.2053835,1789645480.2053835,0.665
/camera/world/agv1_confidence,1789645480.24385,1789645480.24385,0.6503
/camera/world/agv2_confidence,1789645480.243867,1789645480.243867,0.654
/camera/world/agv3_confidence,1789645480.2439904,1789645480.2439904,0.6667
/camera/world/agv2_confidence,1789645480.2742076,1789645480.2742076,0.6526
/camera/world/agv1_confidence,1789645480.2742105,1789645480.2742105,0.6581
/camera/world/agv3_confidence,1789645480.2744133,1789645480.2744133,0.6652
/camera/world/agv2_confidence,1789645480.3107133,1789645480.3107133,0.6538
/camera/world/agv3_confidence,1789645480.3107665,1789645480.3107665,0.6644
/camera/world/agv1_confidence,1789645480.3107755,1789645480.3107755,0.6603
/camera/world/agv1_confidence,1789645480.3396573,1789645480.3396573,0.6588
/camera/world/agv3_confidence,1789645480.3400025,1789645480.3400025,0.6665
/camera/world/agv2_confidence,1789645480.3400276,1789645480.3400276,0.6527
/camera/world/agv1_confidence,1789645480.3712485,1789645480.3712485,0.6573
/camera/world/agv2_confidence,1789645480.371421,1789645480.371421,0.6421
/camera/world/agv3_confidence,1789645480.3715513,1789645480.3715513,0.6664
/camera/world/agv1_confidence,1789645480.409883,1789645480.409883,0.6613
/camera/world/agv2_confidence,1789645480.4099088,1789645480.4099088,0.6527
/camera/world/agv3_confidence,1789645480.4099247,1789645480.4099247,0.6672
/camera/world/agv1_confidence,1789645480.4435914,1789645480.4435914,0.6577
/camera/world/agv2_confidence,1789645480.4437625,1789645480.4437625,0.6528
/camera/world/agv3_confidence,1789645480.4439652,1789645480.4439652,0.6662
/camera/world/agv2_confidence,1789645480.471897,1789645480.471897,0.6531
/camera/world/agv1_confidence,1789645480.4719975,1789645480.4719975,0.6585
/camera/world/agv3_confidence,1789645480.4720018,1789645480.4720018,0.6657
/camera/world/agv3_confidence,1789645480.5044658,1789645480.5044658,0.6646
/camera/world/agv2_confidence,1789645480.504472,1789645480.504472,0.6514
/camera/world/agv1_confidence,1789645480.504693,1789645480.504693,0.6521
/camera/world/agv1_confidence,1789645480.5380452,1789645480.5380452,0.6604
/camera/world/agv2_confidence,1789645480.5381546,1789645480.5381546,0.653
/camera/world/agv3_confidence,1789645480.5383537,1789645480.5383537,0.6668
/camera/world/agv1_confidence,1789645480.5693386,1789645480.5693386,0.6585
/camera/world/agv2_confidence,1789645480.5694275,1789645480.5694275,0.6521
/camera/world/agv3_confidence,1789645480.5695388,1789645480.5695388,0.6657
/camera/world/agv1_confidence,1789645480.601315,1789645480.601315,0.6596
/camera/world/agv3_confidence,1789645480.601611,1789645480.601611,0.6632
/camera/world/agv2_confidence,1789645480.6016374,1789645480.6016374,0.6531
/camera/world/agv2_confidence,1789645480.6388738,1789645480.6388738,0.6524
/camera/world/agv1_confidence,1789645480.6389995,1789645480.6389995,0.6602
/camera/world/agv3_confidence,1789645480.6390097,1789645480.6390097,0.666
/camera/world/agv1_confidence,1789645480.6710968,1789645480.6710968,0.6598
/camera/world/agv2_confidence,1789645480.671376,1789645480.671376,0.643
/camera/world/agv3_confidence,1789645480.6713848,1789645480.6713848,0.6626
/camera/world/agv1_confidence,1789645480.7073708,1789645480.7073708,0.6594
/camera/world/agv2_confidence,1789645480.7076871,1789645480.7076871,0.6512
/camera/world/agv3_confidence,1789645480.7079973,1789645480.7079973,0.6657
/camera/world/agv1_confidence,1789645480.7365801,1789645480.7365801,0.6602
/camera/world/agv2_confidence,1789645480.7367253,1789645480.7367253,0.6532
/camera/world/agv3_confidence,1789645480.736785,1789645480.736785,0.6659
/camera/world/agv1_confidence,1789645480.7771075,1789645480.7771075,0.6588
/camera/world/agv2_confidence,1789645480.777142,1789645480.777142,0.6517
/camera/world/agv3_confidence,1789645480.7773118,1789645480.7773118,0.6647
/camera/world/agv2_confidence,1789645480.809687,1789645480.809687,0.6526
/camera/world/agv3_confidence,1789645480.8097756,1789645480.8097756,0.6666
/camera/world/agv1_confidence,1789645480.8097928,1789645480.8097928,0.6586
/camera/world/agv1_confidence,1789645480.83711,1789645480.83711,0.6602
/camera/world/agv2_confidence,1789645480.837163,1789645480.837163,0.6527
/camera/world/agv3_confidence,1789645480.8374119,1789645480.8374119,0.6644
/camera/world/agv1_confidence,1789645480.8804774,1789645480.8804774,0.6599
/camera/world/agv2_confidence,1789645480.8805065,1789645480.8805065,0.6499
/camera/world/agv3_confidence,1789645480.8807037,1789645480.8807037,0.6646
/camera/world/agv3_confidence,1789645480.9056258,1789645480.9056258,0.6609
/camera/world/agv2_confidence,1789645480.905638,1789645480.905638,0.6548
/camera/world/agv1_confidence,1789645480.9056468,1789645480.9056468,0.6604
/camera/world/agv2_confidence,1789645480.9362047,1789645480.9362047,0.6506
/camera/world/agv1_confidence,1789645480.9362423,1789645480.9362423,0.6599
/camera/world/agv3_confidence,1789645480.936477,1789645480.936477,0.6642
/camera/world/agv1_confidence,1789645480.9756415,1789645480.9756415,0.6594
/camera/world/agv3_confidence,1789645480.9758248,1789645480.9758248,0.6634
/camera/world/agv2_confidence,1789645480.9758277,1789645480.9758277,0.653
/camera/world/agv1_confidence,1789645481.006701,1789645481.006701,0.6615
/camera/world/agv3_confidence,1789645481.0067024,1789645481.0067024,0.666
/camera/world/agv2_confidence,1789645481.0067933,1789645481.0067933,0.6511
/camera/world/agv2_confidence,1789645481.0371246,1789645481.0371246,0.6516
/camera/world/agv3_confidence,1789645481.0371368,1789645481.0371368,0.6657
/camera/world/agv1_confidence,1789645481.0371716,1789645481.0371716,0.6601
/camera/world/agv1_confidence,1789645481.0763364,1789645481.0763364,0.6586
/camera/world/agv2_confidence,1789645481.0763557,1789645481.0763557,0.65
/camera/world/agv3_confidence,1789645481.0766091,1789645481.0766091,0.6657
/camera/world/agv1_confidence,1789645481.1053553,1789645481.1053553,0.6586
/camera/world/agv2_confidence,1789645481.1053884,1789645481.1053884,0.6405
/camera/world/agv3_confidence,1789645481.1055489,1789645481.1055489,0.6654
/camera/world/agv2_confidence,1789645481.1425834,1789645481.1425834,0.6494
/camera/world/agv3_confidence,1789645481.1426387,1789645481.1426387,0.6656
/camera/world/agv1_confidence,1789645481.1427603,1789645481.1427603,0.6596
/camera/world/agv1_confidence,1789645481.1737175,1789645481.1737175,0.6603
/camera/world/agv3_confidence,1789645481.173736,1789645481.173736,0.6616
/camera/world/agv2_confidence,1789645481.17375,1789645481.17375,0.6531
/camera/world/agv1_confidence,1789645481.2068446,1789645481.2068446,0.6596
/camera/world/agv2_confidence,1789645481.207042,1789645481.207042,0.6505
/camera/world/agv3_confidence,1789645481.207049,1789645481.207049,0.6635
/camera/world/agv2_confidence,1789645481.2403839,1789645481.2403839,0.6513
/camera/world/agv1_confidence,1789645481.2404397,1789645481.2404397,0.6597
/camera/world/agv3_confidence,1789645481.2406533,1789645481.2406533,0.6606
/camera/world/agv3_confidence,1789645481.2740736,1789645481.2740736,0.6651
/camera/world/agv1_confidence,1789645481.274084,1789645481.274084,0.6595
/camera/world/agv2_confidence,1789645481.2740943,1789645481.2740943,0.6497
/camera/world/agv2_confidence,1789645481.3030238,1789645481.3030238,0.65
/camera/world/agv1_confidence,1789645481.3031702,1789645481.3031702,0.66
/camera/world/agv3_confidence,1789645481.3033528,1789645481.3033528,0.6616
/camera/world/agv1_confidence,1789645481.3447955,1789645481.3447955,0.6584
/camera/world/agv3_confidence,1789645481.3448691,1789645481.3448691,0.6657
/camera/world/agv2_confidence,1789645481.3448927,1789645481.3448927,0.6517
/camera/world/agv1_confidence,1789645481.3729212,1789645481.3729212,0.6607
/camera/world/agv2_confidence,1789645481.372947,1789645481.372947,0.6483
/camera/world/agv3_confidence,1789645481.3731077,1789645481.3731077,0.6622
/camera/world/agv1_confidence,1789645481.4106438,1789645481.4106438,0.6604
/camera/world/agv3_confidence,1789645481.4106567,1789645481.4106567,0.6659
/camera/world/agv2_confidence,1789645481.4106658,1789645481.4106658,0.6504
/camera/world/agv1_confidence,1789645481.4408455,1789645481.4408455,0.6605
/camera/world/agv2_confidence,1789645481.4409297,1789645481.4409297,0.6517
/camera/world/agv3_confidence,1789645481.4412036,1789645481.4412036,0.6645
/camera/world/agv1_confidence,1789645481.4685411,1789645481.4685411,0.659
/camera/world/agv2_confidence,1789645481.4686093,1789645481.4686093,0.6491
/camera/world/agv3_confidence,1789645481.4687486,1789645481.4687486,0.6647
/camera/world/agv3_confidence,1789645481.5056555,1789645481.5056555,0.6643
/camera/world/agv1_confidence,1789645481.505656,1789645481.505656,0.6606
/camera/world/agv2_confidence,1789645481.505689,1789645481.505689,0.6504
/camera/world/agv1_confidence,1789645481.5396762,1789645481.5396762,0.6599
/camera/world/agv3_confidence,1789645481.5399039,1789645481.5399039,0.6627
/camera/world/agv2_confidence,1789645481.5399776,1789645481.5399776,0.6493
/camera/world/agv1_confidence,1789645481.57156,1789645481.57156,0.659
/camera/world/agv2_confidence,1789645481.5716329,1789645481.5716329,0.6499
/camera/world/agv3_confidence,1789645481.571769,1789645481.571769,0.6645
/camera/world/agv1_confidence,1789645481.6023016,1789645481.6023016,0.6604
/camera/world/agv3_confidence,1789645481.6025522,1789645481.6025522,0.6642
/camera/world/agv2_confidence,1789645481.6025639,1789645481.6025639,0.6529
/camera/world/agv1_confidence,1789645481.6360893,1789645481.6360893,0.6608
/camera/world/agv2_confidence,1789645481.6361425,1789645481.6361425,0.6522
/camera/world/agv3_confidence,1789645481.6362336,1789645481.6362336,0.6635
/camera/world/agv1_confidence,1789645481.6746185,1789645481.6746185,0.6606
/camera/world/agv2_confidence,1789645481.6746216,1789645481.6746216,0.6493
/camera/world/agv3_confidence,1789645481.6749628,1789645481.6749628,0.6644
/camera/world/agv1_confidence,1789645481.703953,1789645481.703953,0.6594
/camera/world/agv3_confidence,1789645481.703962,1789645481.703962,0.6641
/camera/world/agv2_confidence,1789645481.7039838,1789645481.7039838,0.65
/camera/world/agv2_confidence,1789645481.7378404,1789645481.7378404,0.6499
/camera/world/agv1_confidence,1789645481.7378812,1789645481.7378812,0.66
/camera/world/agv3_confidence,1789645481.7381105,1789645481.7381105,0.6643
/camera/world/agv1_confidence,1789645481.7687292,1789645481.7687292,0.6596
/camera/world/agv2_confidence,1789645481.7687495,1789645481.7687495,0.6514
/camera/world/agv3_confidence,1789645481.768767,1789645481.768767,0.6636
/camera/world/agv1_confidence,1789645481.805964,1789645481.805964,0.661
/camera/world/agv3_confidence,1789645481.8059676,1789645481.8059676,0.6631
/camera/world/agv2_confidence,1789645481.8059845,1789645481.8059845,0.6523
/camera/world/agv1_confidence,1789645481.837716,1789645481.837716,0.6602
/camera/world/agv3_confidence,1789645481.8380773,1789645481.8380773,0.6638
/camera/world/agv2_confidence,1789645481.8380857,1789645481.8380857,0.6513
/camera/world/agv3_confidence,1789645481.8767211,1789645481.8767211,0.6631
/camera/world/agv1_confidence,1789645481.8767374,1789645481.8767374,0.6604
/camera/world/agv2_confidence,1789645481.8769,1789645481.8769,0.6502
/camera/world/agv1_confidence,1789645481.9061027,1789645481.9061027,0.6605
/camera/world/agv2_confidence,1789645481.9061387,1789645481.9061387,0.6497
/camera/world/agv3_confidence,1789645481.906403,1789645481.906403,0.6632
/camera/world/agv1_confidence,1789645481.9345827,1789645481.9345827,0.6599
/camera/world/agv2_confidence,1789645481.934726,1789645481.934726,0.6503
/camera/world/agv3_confidence,1789645481.934908,1789645481.934908,0.6627
/camera/world/agv1_confidence,1789645481.9727223,1789645481.9727223,0.6595
/camera/world/agv2_confidence,1789645481.9729357,1789645481.9729357,0.6493
/camera/world/agv3_confidence,1789645481.973164,1789645481.973164,0.6632
/camera/world/agv1_confidence,1789645482.0120814,1789645482.0120814,0.661
/camera/world/agv3_confidence,1789645482.0124702,1789645482.0124702,0.6623
/camera/world/agv2_confidence,1789645482.0124724,1789645482.0124724,0.6514
/camera/world/agv1_confidence,1789645482.0376825,1789645482.0376825,0.661
/camera/world/agv2_confidence,1789645482.038066,1789645482.038066,0.6508
/camera/world/agv3_confidence,1789645482.038222,1789645482.038222,0.6637
/camera/world/agv2_confidence,1789645482.0691385,1789645482.0691385,0.6495
/camera/world/agv1_confidence,1789645482.0692506,1789645482.0692506,0.6608
/camera/world/agv3_confidence,1789645482.069273,1789645482.069273,0.6636
/camera/world/agv2_confidence,1789645482.1119287,1789645482.1119287,0.6489
/camera/world/agv3_confidence,1789645482.1119416,1789645482.1119416,0.6618
/camera/world/agv1_confidence,1789645482.112009,1789645482.112009,0.6617
/camera/world/agv1_confidence,1789645482.1376092,1789645482.1376092,0.6616
/camera/world/agv2_confidence,1789645482.1377232,1789645482.1377232,0.6498
/camera/world/agv3_confidence,1789645482.13776,1789645482.13776,0.66
/camera/world/agv1_confidence,1789645482.178342,1789645482.178342,0.6611
/camera/world/agv3_confidence,1789645482.1784983,1789645482.1784983,0.6636
/camera/world/agv2_confidence,1789645482.178521,1789645482.178521,0.649
/camera/world/agv1_confidence,1789645482.2105734,1789645482.2105734,0.6607
/camera/world/agv3_confidence,1789645482.2106593,1789645482.2106593,0.6627
/camera/world/agv2_confidence,1789645482.2106814,1789645482.2106814,0.6483
/camera/world/agv1_confidence,1789645482.2448153,1789645482.2448153,0.6611
/camera/world/agv3_confidence,1789645482.2448401,1789645482.2448401,0.6648
/camera/world/agv2_confidence,1789645482.2449007,1789645482.2449007,0.6487
/camera/world/agv1_confidence,1789645482.2720559,1789645482.2720559,0.6628
/camera/world/agv2_confidence,1789645482.2721825,1789645482.2721825,0.6492
/camera/world/agv3_confidence,1789645482.2723892,1789645482.2723892,0.6596
/camera/world/agv1_confidence,1789645482.305158,1789645482.305158,0.6617
/camera/world/agv2_confidence,1789645482.305236,1789645482.305236,0.6513
/camera/world/agv3_confidence,1789645482.3052616,1789645482.3052616,0.6595
/camera/world/agv2_confidence,1789645482.3353157,1789645482.3353157,0.6514
/camera/world/agv3_confidence,1789645482.3354077,1789645482.3354077,0.6632
/camera/world/agv1_confidence,1789645482.3355002,1789645482.3355002,0.6611
/camera/world/agv2_confidence,1789645482.375849,1789645482.375849,0.6381
/camera/world/agv1_confidence,1789645482.3758602,1789645482.3758602,0.661
/camera/world/agv3_confidence,1789645482.3758638,1789645482.3758638,0.6624
/camera/world/agv1_confidence,1789645482.4070878,1789645482.4070878,0.6614
/camera/world/agv3_confidence,1789645482.4073856,1789645482.4073856,0.6611
/camera/world/agv2_confidence,1789645482.4075487,1789645482.4075487,0.6485
/camera/world/agv1_confidence,1789645482.4488223,1789645482.4488223,0.6618
/camera/world/agv3_confidence,1789645482.4491417,1789645482.4491417,0.6619
/camera/world/agv2_confidence,1789645482.4492826,1789645482.4492826,0.6493
/camera/world/agv1_confidence,1789645482.468017,1789645482.468017,0.662
/camera/world/agv3_confidence,1789645482.4682453,1789645482.4682453,0.6633
/camera/world/agv2_confidence,1789645482.4683228,1789645482.4683228,0.6485
/camera/world/agv1_confidence,1789645482.5055149,1789645482.5055149,0.6607
/camera/world/agv2_confidence,1789645482.5057073,1789645482.5057073,0.6217
/camera/world/agv3_confidence,1789645482.505834,1789645482.505834,0.6626
/camera/world/agv1_confidence,1789645482.5448186,1789645482.5448186,0.662
/camera/world/agv2_confidence,1789645482.5448658,1789645482.5448658,0.6518
/camera/world/agv3_confidence,1789645482.5451255,1789645482.5451255,0.6583
/camera/world/agv1_confidence,1789645482.5726166,1789645482.5726166,0.6597
/camera/world/agv2_confidence,1789645482.5727835,1789645482.5727835,0.6513
/camera/world/agv3_confidence,1789645482.5730157,1789645482.5730157,0.6614
/camera/world/agv1_confidence,1789645482.6041396,1789645482.6041396,0.6612
/camera/world/agv2_confidence,1789645482.6042376,1789645482.6042376,0.6492
/camera/world/agv3_confidence,1789645482.6044543,1789645482.6044543,0.6652
/camera/world/agv1_confidence,1789645482.6464195,1789645482.6464195,0.6612
/camera/world/agv2_confidence,1789645482.6466613,1789645482.6466613,0.6493
/camera/world/agv3_confidence,1789645482.6468027,1789645482.6468027,0.6625
/camera/world/agv2_confidence,1789645482.675732,1789645482.675732,0.6524
/camera/world/agv1_confidence,1789645482.6757753,1789645482.6757753,0.6609
/camera/world/agv3_confidence,1789645482.675963,1789645482.675963,0.6603
/camera/world/agv3_confidence,1789645482.708292,1789645482.708292,0.6614
/camera/world/agv2_confidence,1789645482.708331,1789645482.708331,0.6512
/camera/world/agv1_confidence,1789645482.708368,1789645482.708368,0.6607
/camera/world/agv1_confidence,1789645482.743726,1789645482.743726,0.6605
/camera/world/agv2_confidence,1789645482.7437403,1789645482.7437403,0.6509
/camera/world/agv3_confidence,1789645482.7437582,1789645482.7437582,0.6639
/camera/world/agv1_confidence,1789645482.7704277,1789645482.7704277,0.6598
/camera/world/agv3_confidence,1789645482.7706485,1789645482.7706485,0.6616
/camera/world/agv2_confidence,1789645482.7707648,1789645482.7707648,0.6502
/camera/world/agv2_confidence,1789645482.809352,1789645482.809352,0.6506
/camera/world/agv1_confidence,1789645482.8095646,1789645482.8095646,0.6617
/camera/world/agv3_confidence,1789645482.8097556,1789645482.8097556,0.6597
/camera/world/agv1_confidence,1789645482.8433843,1789645482.8433843,0.6607
/camera/world/agv3_confidence,1789645482.8434176,1789645482.8434176,0.6631
/camera/world/agv2_confidence,1789645482.8434186,1789645482.8434186,0.6486
/camera/world/agv1_confidence,1789645482.8696358,1789645482.8696358,0.6605
/camera/world/agv2_confidence,1789645482.8696425,1789645482.8696425,0.6502
/camera/world/agv3_confidence,1789645482.8697739,1789645482.8697739,0.6624
/camera/world/agv2_confidence,1789645482.906954,1789645482.906954,0.649
/camera/world/agv3_confidence,1789645482.9070604,1789645482.9070604,0.6613
/camera/world/agv1_confidence,1789645482.907113,1789645482.907113,0.66
/camera/world/agv2_confidence,1789645482.9370978,1789645482.9370978,0.6486
/camera/world/agv3_confidence,1789645482.9371593,1789645482.9371593,0.6535
/camera/world/agv1_confidence,1789645482.9371943,1789645482.9371943,0.6608
/camera/world/agv1_confidence,1789645482.969202,1789645482.969202,0.6614
/camera/world/agv2_confidence,1789645482.9692917,1789645482.9692917,0.6485
/camera/world/agv3_confidence,1789645482.9693236,1789645482.9693236,0.6611
/camera/world/agv1_confidence,1789645483.0389519,1789645483.0389519,0.6616
/camera/world/agv3_confidence,1789645483.0389585,1789645483.0389585,0.6617
/camera/world/agv2_confidence,1789645483.0392263,1789645483.0392263,0.6507
/camera/world/agv1_confidence,1789645483.0392556,1789645483.0392556,0.6609
/camera/world/agv2_confidence,1789645483.0393384,1789645483.0393384,0.6507
/camera/world/agv3_confidence,1789645483.039487,1789645483.039487,0.6624
/camera/world/agv1_confidence,1789645483.0773735,1789645483.0773735,0.6613
/camera/world/agv2_confidence,1789645483.0774822,1789645483.0774822,0.6507
/camera/world/agv3_confidence,1789645483.0775108,1789645483.0775108,0.6567
/camera/world/agv2_confidence,1789645483.1058524,1789645483.1058524,0.6491
/camera/world/agv1_confidence,1789645483.1058552,1789645483.1058552,0.6618
/camera/world/agv3_confidence,1789645483.1059885,1789645483.1059885,0.6634
/camera/world/agv1_confidence,1789645483.1358516,1789645483.1358516,0.6623
/camera/world/agv2_confidence,1789645483.1359189,1789645483.1359189,0.6525
/camera/world/agv3_confidence,1789645483.1361637,1789645483.1361637,0.6598
/camera/world/agv1_confidence,1789645483.1689968,1789645483.1689968,0.6618
/camera/world/agv2_confidence,1789645483.1691978,1789645483.1691978,0.6325
/camera/world/agv3_confidence,1789645483.1694129,1789645483.1694129,0.6601
/camera/world/agv3_confidence,1789645483.2141654,1789645483.2141654,0.6605
/camera/world/agv1_confidence,1789645483.2141852,1789645483.2141852,0.662
/camera/world/agv2_confidence,1789645483.214308,1789645483.214308,0.6504
/camera/world/agv3_confidence,1789645483.236526,1789645483.236526,0.6642
/camera/world/agv1_confidence,1789645483.2365286,1789645483.2365286,0.6617
/camera/world/agv2_confidence,1789645483.2365413,1789645483.2365413,0.6493
/camera/world/agv2_confidence,1789645483.27383,1789645483.27383,0.6497
/camera/world/agv1_confidence,1789645483.2740731,1789645483.2740731,0.6623
/camera/world/agv3_confidence,1789645483.2740817,1789645483.2740817,0.6606
/camera/world/agv2_confidence,1789645483.304717,1789645483.304717,0.6501
/camera/world/agv3_confidence,1789645483.3047757,1789645483.3047757,0.6619
/camera/world/agv1_confidence,1789645483.3049014,1789645483.3049014,0.6605
/camera/world/agv3_confidence,1789645483.3364682,1789645483.3364682,0.6501
/camera/world/agv2_confidence,1789645483.3365011,1789645483.3365011,0.6491
/camera/world/agv1_confidence,1789645483.3365054,1789645483.3365054,0.6629
/camera/world/agv2_confidence,1789645483.3679502,1789645483.3679502,0.6508
/camera/world/agv1_confidence,1789645483.3680847,1789645483.3680847,0.6634
/camera/world/agv3_confidence,1789645483.3680956,1789645483.3680956,0.662
/camera/world/agv1_confidence,1789645483.4060445,1789645483.4060445,0.6609
/camera/world/agv3_confidence,1789645483.4062128,1789645483.4062128,0.6618
/camera/world/agv2_confidence,1789645483.4062533,1789645483.4062533,0.6491
/camera/world/agv2_confidence,1789645483.4339705,1789645483.4339705,0.6506
/camera/world/agv1_confidence,1789645483.4339917,1789645483.4339917,0.6609
/camera/world/agv3_confidence,1789645483.4340339,1789645483.4340339,0.6623
/camera/world/agv2_confidence,1789645483.4723015,1789645483.4723015,0.6507
/camera/world/agv3_confidence,1789645483.4724314,1789645483.4724314,0.6633
/camera/world/agv1_confidence,1789645483.4725301,1789645483.4725301,0.6606
/camera/world/agv1_confidence,1789645483.502503,1789645483.502503,0.6629
/camera/world/agv2_confidence,1789645483.502546,1789645483.502546,0.6499
/camera/world/agv3_confidence,1789645483.5026517,1789645483.5026517,0.6631
/camera/world/agv3_confidence,1789645483.540055,1789645483.540055,0.6627
/camera/world/agv1_confidence,1789645483.5400705,1789645483.5400705,0.6625
/camera/world/agv2_confidence,1789645483.5400958,1789645483.5400958,0.65
/camera/world/agv1_confidence,1789645483.5691326,1789645483.5691326,0.6605
/camera/world/agv2_confidence,1789645483.5692554,1789645483.5692554,0.6284
/camera/world/agv3_confidence,1789645483.5693657,1789645483.5693657,0.6599
/camera/world/agv1_confidence,1789645483.6054761,1789645483.6054761,0.6632
/camera/world/agv2_confidence,1789645483.6055152,1789645483.6055152,0.6496
/camera/world/agv3_confidence,1789645483.6057518,1789645483.6057518,0.662
/camera/world/agv1_confidence,1789645483.6356943,1789645483.6356943,0.6634
/camera/world/agv3_confidence,1789645483.6357453,1789645483.6357453,0.6618
/camera/world/agv2_confidence,1789645483.6358817,1789645483.6358817,0.6506
/camera/world/agv1_confidence,1789645483.672627,1789645483.672627,0.6632
/camera/world/agv2_confidence,1789645483.6727934,1789645483.6727934,0.65
/camera/world/agv3_confidence,1789645483.6728888,1789645483.6728888,0.6633
/camera/world/agv1_confidence,1789645483.7081156,1789645483.7081156,0.662
/camera/world/agv2_confidence,1789645483.708413,1789645483.708413,0.6501
/camera/world/agv3_confidence,1789645483.708436,1789645483.708436,0.662
/camera/world/agv2_confidence,1789645483.7364392,1789645483.7364392,0.6359
/camera/world/agv3_confidence,1789645483.736462,1789645483.736462,0.6582
/camera/world/agv1_confidence,1789645483.7365904,1789645483.7365904,0.6628
/camera/world/agv1_confidence,1789645483.7757277,1789645483.7757277,0.6622
/camera/world/agv2_confidence,1789645483.7758744,1789645483.7758744,0.6496
/camera/world/agv3_confidence,1789645483.7759745,1789645483.7759745,0.6618
/camera/world/agv1_confidence,1789645483.8073263,1789645483.8073263,0.6604
/camera/world/agv2_confidence,1789645483.807332,1789645483.807332,0.6485
/camera/world/agv3_confidence,1789645483.807466,1789645483.807466,0.6572
/camera/world/agv3_confidence,1789645483.8348863,1789645483.8348863,0.6568
/camera/world/agv2_confidence,1789645483.8349876,1789645483.8349876,0.6502
/camera/world/agv1_confidence,1789645483.8350048,1789645483.8350048,0.6613
/camera/world/agv1_confidence,1789645483.873369,1789645483.873369,0.6636
/camera/world/agv2_confidence,1789645483.8735452,1789645483.8735452,0.6504
/camera/world/agv3_confidence,1789645483.8735964,1789645483.8735964,0.663
/camera/world/agv1_confidence,1789645483.9007375,1789645483.9007375,0.6623
/camera/world/agv2_confidence,1789645483.9007442,1789645483.9007442,0.6501
/camera/world/agv3_confidence,1789645483.9007776,1789645483.9007776,0.661
/camera/world/agv2_confidence,1789645483.9402444,1789645483.9402444,0.6159
/camera/world/agv1_confidence,1789645483.940362,1789645483.940362,0.6628
/camera/world/agv3_confidence,1789645483.9405568,1789645483.9405568,0.6593
/camera/world/agv1_confidence,1789645483.9693482,1789645483.9693482,0.6635
/camera/world/agv2_confidence,1789645483.9693608,1789645483.9693608,0.6509
/camera/world/agv3_confidence,1789645483.9697137,1789645483.9697137,0.661
/camera/world/agv1_confidence,1789645484.0037618,1789645484.0037618,0.6624
/camera/world/agv3_confidence,1789645484.0037906,1789645484.0037906,0.6606
/camera/world/agv2_confidence,1789645484.003881,1789645484.003881,0.6502
/camera/world/agv1_confidence,1789645484.0436604,1789645484.0436604,0.6612
/camera/world/agv2_confidence,1789645484.0438728,1789645484.0438728,0.6509
/camera/world/agv3_confidence,1789645484.0439873,1789645484.0439873,0.663
/camera/world/agv1_confidence,1789645484.07254,1789645484.07254,0.6615
/camera/world/agv3_confidence,1789645484.0725951,1789645484.0725951,0.6641
/camera/world/agv2_confidence,1789645484.0726004,1789645484.0726004,0.6273
/camera/world/agv1_confidence,1789645484.1044476,1789645484.1044476,0.6634
/camera/world/agv2_confidence,1789645484.1044793,1789645484.1044793,0.6497
/camera/world/agv3_confidence,1789645484.10452,1789645484.10452,0.6643
/camera/world/agv1_confidence,1789645484.134049,1789645484.134049,0.6628
/camera/world/agv2_confidence,1789645484.1340551,1789645484.1340551,0.652
/camera/world/agv3_confidence,1789645484.1341074,1789645484.1341074,0.6647
/camera/world/agv1_confidence,1789645484.1754744,1789645484.1754744,0.6626
/camera/world/agv2_confidence,1789645484.1757865,1789645484.1757865,0.6521
/camera/world/agv3_confidence,1789645484.1759014,1789645484.1759014,0.6642
/camera/world/agv1_confidence,1789645484.2032645,1789645484.2032645,0.6618
/camera/world/agv2_confidence,1789645484.2032743,1789645484.2032743,0.6503
/camera/world/agv3_confidence,1789645484.2033896,1789645484.2033896,0.664
/camera/world/agv1_confidence,1789645484.2441876,1789645484.2441876,0.6624
/camera/world/agv3_confidence,1789645484.244199,1789645484.244199,0.6639
/camera/world/agv2_confidence,1789645484.2442062,1789645484.2442062,0.6224
/camera/world/agv1_confidence,1789645484.278276,1789645484.278276,0.6631
/camera/world/agv3_confidence,1789645484.2786295,1789645484.2786295,0.6639
/camera/world/agv2_confidence,1789645484.2787006,1789645484.2787006,0.6504
/camera/world/agv1_confidence,1789645484.3043594,1789645484.3043594,0.6625
/camera/world/agv3_confidence,1789645484.3044727,1789645484.3044727,0.6645
/camera/world/agv2_confidence,1789645484.3046358,1789645484.3046358,0.6505
/camera/world/agv1_confidence,1789645484.3342106,1789645484.3342106,0.6624
/camera/world/agv2_confidence,1789645484.334224,1789645484.334224,0.6507
/camera/world/agv3_confidence,1789645484.334262,1789645484.334262,0.6641
/camera/world/agv1_confidence,1789645484.3733535,1789645484.3733535,0.6615
/camera/world/agv2_confidence,1789645484.3734553,1789645484.3734553,0.6509
/camera/world/agv3_confidence,1789645484.3736718,1789645484.3736718,0.6646
/camera/world/agv1_confidence,1789645484.4041038,1789645484.4041038,0.6625
/camera/world/agv2_confidence,1789645484.4042237,1789645484.4042237,0.6499
/camera/world/agv3_confidence,1789645484.4044647,1789645484.4044647,0.664
/camera/world/agv1_confidence,1789645484.4356482,1789645484.4356482,0.6639
/camera/world/agv3_confidence,1789645484.4357421,1789645484.4357421,0.6619
/camera/world/agv2_confidence,1789645484.4358327,1789645484.4358327,0.6498
/camera/world/agv3_confidence,1789645484.4719553,1789645484.4719553,0.6635
/camera/world/agv1_confidence,1789645484.4719827,1789645484.4719827,0.6616
/camera/world/agv2_confidence,1789645484.4722753,1789645484.4722753,0.6523
/camera/world/agv1_confidence,1789645484.5099497,1789645484.5099497,0.6627
/camera/world/agv3_confidence,1789645484.5099735,1789645484.5099735,0.6627
/camera/world/agv2_confidence,1789645484.5100024,1789645484.5100024,0.6498
/camera/world/agv1_confidence,1789645484.5420878,1789645484.5420878,0.6634
/camera/world/agv3_confidence,1789645484.542182,1789645484.542182,0.6629
/camera/world/agv2_confidence,1789645484.5422237,1789645484.5422237,0.6497
/camera/world/agv1_confidence,1789645484.5711899,1789645484.5711899,0.6636
/camera/world/agv3_confidence,1789645484.5712035,1789645484.5712035,0.6623
/camera/world/agv2_confidence,1789645484.571392,1789645484.571392,0.6508
/camera/world/agv2_confidence,1789645484.6068668,1789645484.6068668,0.6506
/camera/world/agv1_confidence,1789645484.6068985,1789645484.6068985,0.6622
/camera/world/agv3_confidence,1789645484.6069608,1789645484.6069608,0.6626
/camera/world/agv1_confidence,1789645484.635322,1789645484.635322,0.6619
/camera/world/agv3_confidence,1789645484.6355605,1789645484.6355605,0.6622
/camera/world/agv2_confidence,1789645484.6355765,1789645484.6355765,0.6505
/camera/world/agv1_confidence,1789645484.6773686,1789645484.6773686,0.6625
/camera/world/agv2_confidence,1789645484.6774907,1789645484.6774907,0.6263
/camera/world/agv3_confidence,1789645484.6777327,1789645484.6777327,0.6626
/camera/world/agv1_confidence,1789645484.7082338,1789645484.7082338,0.6633
/camera/world/agv2_confidence,1789645484.7083108,1789645484.7083108,0.6513
/camera/world/agv3_confidence,1789645484.70841,1789645484.70841,0.6616
/camera/world/agv1_confidence,1789645484.7360444,1789645484.7360444,0.6616
/camera/world/agv2_confidence,1789645484.736315,1789645484.736315,0.6501
/camera/world/agv3_confidence,1789645484.7363942,1789645484.7363942,0.6615
/camera/world/agv3_confidence,1789645484.7731357,1789645484.7731357,0.662
/camera/world/agv2_confidence,1789645484.7731388,1789645484.7731388,0.652
/camera/world/agv1_confidence,1789645484.7732756,1789645484.7732756,0.6634
/camera/world/agv1_confidence,1789645484.8026958,1789645484.8026958,0.6633
/camera/world/agv3_confidence,1789645484.8027594,1789645484.8027594,0.6626
/camera/world/agv2_confidence,1789645484.8028655,1789645484.8028655,0.6497
/camera/world/agv2_confidence,1789645484.8393455,1789645484.8393455,0.6514
/camera/world/agv1_confidence,1789645484.8395133,1789645484.8395133,0.6637
/camera/world/agv3_confidence,1789645484.839641,1789645484.839641,0.6551
/camera/world/agv1_confidence,1789645484.8719676,1789645484.8719676,0.6619
/camera/world/agv2_confidence,1789645484.8721938,1789645484.8721938,0.6506
/camera/world/agv3_confidence,1789645484.8723702,1789645484.8723702,0.6636
/camera/world/agv1_confidence,1789645484.9134479,1789645484.9134479,0.6627
/camera/world/agv2_confidence,1789645484.913448,1789645484.913448,0.6519
/camera/world/agv3_confidence,1789645484.9134767,1789645484.9134767,0.6624
/camera/world/agv2_confidence,1789645484.944753,1789645484.944753,0.652
/camera/world/agv1_confidence,1789645484.9447584,1789645484.9447584,0.6635
/camera/world/agv3_confidence,1789645484.9449432,1789645484.9449432,0.6622
/camera/world/agv3_confidence,1789645484.967839,1789645484.967839,0.6631
/camera/world/agv2_confidence,1789645484.9678502,1789645484.9678502,0.6491
/camera/world/agv1_confidence,1789645484.9678612,1789645484.9678612,0.6615
/camera/world/agv1_confidence,1789645485.0040581,1789645485.0040581,0.6644
/camera/world/agv3_confidence,1789645485.0041957,1789645485.0041957,0.6639
/camera/world/agv2_confidence,1789645485.0042393,1789645485.0042393,0.6518
/camera/world/agv1_confidence,1789645485.0357602,1789645485.0357602,0.6625
/camera/world/agv2_confidence,1789645485.0358944,1789645485.0358944,0.6507
/camera/world/agv3_confidence,1789645485.0359678,1789645485.0359678,0.662
/camera/world/agv1_confidence,1789645485.072102,1789645485.072102,0.6616
/camera/world/agv2_confidence,1789645485.0723062,1789645485.0723062,0.6492
/camera/world/agv3_confidence,1789645485.0726461,1789645485.0726461,0.6606
/camera/world/agv1_confidence,1789645485.1032774,1789645485.1032774,0.6616
/camera/world/agv3_confidence,1789645485.1034682,1789645485.1034682,0.6604
/camera/world/agv2_confidence,1789645485.1034853,1789645485.1034853,0.6512
/camera/world/agv2_confidence,1789645485.1422694,1789645485.1422694,0.6507
/camera/world/agv3_confidence,1789645485.142282,1789645485.142282,0.6609
/camera/world/agv1_confidence,1789645485.1423233,1789645485.1423233,0.6621
/camera/world/agv1_confidence,1789645485.169133,1789645485.169133,0.6626
/camera/world/agv3_confidence,1789645485.169568,1789645485.169568,0.6612
/camera/world/agv2_confidence,1789645485.1695707,1789645485.1695707,0.6503
/camera/world/agv2_confidence,1789645485.2002723,1789645485.2002723,0.65
/camera/world/agv1_confidence,1789645485.2004907,1789645485.2004907,0.6631
/camera/world/agv3_confidence,1789645485.2005777,1789645485.2005777,0.6635
/camera/world/agv1_confidence,1789645485.237138,1789645485.237138,0.6615
/camera/world/agv2_confidence,1789645485.2373705,1789645485.2373705,0.6513
/camera/world/agv3_confidence,1789645485.2373846,1789645485.2373846,0.6632
/camera/world/agv1_confidence,1789645485.2764266,1789645485.2764266,0.6611
/camera/world/agv2_confidence,1789645485.2764452,1789645485.2764452,0.652
/camera/world/agv3_confidence,1789645485.2764654,1789645485.2764654,0.661
/camera/world/agv1_confidence,1789645485.303519,1789645485.303519,0.6623
/camera/world/agv3_confidence,1789645485.3035913,1789645485.3035913,0.6614
/camera/world/agv2_confidence,1789645485.303606,1789645485.303606,0.6488
/camera/world/agv2_confidence,1789645485.3439577,1789645485.3439577,0.6513
/camera/world/agv1_confidence,1789645485.3439627,1789645485.3439627,0.6623
/camera/world/agv3_confidence,1789645485.3441238,1789645485.3441238,0.6598
/camera/world/agv2_confidence,1789645485.3707428,1789645485.3707428,0.6482
/camera/world/agv1_confidence,1789645485.370792,1789645485.370792,0.6624
/camera/world/agv3_confidence,1789645485.3709586,1789645485.3709586,0.66
/camera/world/agv1_confidence,1789645485.4115403,1789645485.4115403,0.6624
/camera/world/agv2_confidence,1789645485.4116447,1789645485.4116447,0.6499
/camera/world/agv3_confidence,1789645485.4118202,1789645485.4118202,0.6605
/camera/world/agv3_confidence,1789645485.4407148,1789645485.4407148,0.6623
/camera/world/agv2_confidence,1789645485.4407527,1789645485.4407527,0.6497
/camera/world/agv1_confidence,1789645485.440814,1789645485.440814,0.6635
/camera/world/agv2_confidence,1789645485.4705353,1789645485.4705353,0.6496
/camera/world/agv1_confidence,1789645485.4705532,1789645485.4705532,0.6624
/camera/world/agv3_confidence,1789645485.4705834,1789645485.4705834,0.6634
/camera/world/agv3_confidence,1789645485.5114233,1789645485.5114233,0.6621
/camera/world/agv2_confidence,1789645485.5114253,1789645485.5114253,0.6493
/camera/world/agv1_confidence,1789645485.5115833,1789645485.5115833,0.6622
/camera/world/agv2_confidence,1789645485.5439384,1789645485.5439384,0.651
/camera/world/agv1_confidence,1789645485.543948,1789645485.543948,0.6627
/camera/world/agv3_confidence,1789645485.543969,1789645485.543969,0.6621
/camera/world/agv2_confidence,1789645485.5739698,1789645485.5739698,0.6522
/camera/world/agv1_confidence,1789645485.574059,1789645485.574059,0.6614
/camera/world/agv3_confidence,1789645485.5743203,1789645485.5743203,0.6618
/camera/world/agv3_confidence,1789645485.6030881,1789645485.6030881,0.6627
/camera/world/agv2_confidence,1789645485.60309,1789645485.60309,0.6509
/camera/world/agv1_confidence,1789645485.6031754,1789645485.6031754,0.6635
/camera/world/agv1_confidence,1789645485.639597,1789645485.639597,0.6612
/camera/world/agv2_confidence,1789645485.6397552,1789645485.6397552,0.6511
/camera/world/agv3_confidence,1789645485.639779,1789645485.639779,0.6635
/camera/world/agv2_confidence,1789645485.6683946,1789645485.6683946,0.651
/camera/world/agv1_confidence,1789645485.6686952,1789645485.6686952,0.6618
/camera/world/agv3_confidence,1789645485.668785,1789645485.668785,0.6627
/camera/world/agv3_confidence,1789645485.70786,1789645485.70786,0.6623
/camera/world/agv2_confidence,1789645485.7078621,1789645485.7078621,0.6515
/camera/world/agv1_confidence,1789645485.7078688,1789645485.7078688,0.6619
/camera/world/agv1_confidence,1789645485.734477,1789645485.734477,0.6632
/camera/world/agv2_confidence,1789645485.7344804,1789645485.7344804,0.6509
/camera/world/agv3_confidence,1789645485.734726,1789645485.734726,0.6607
/camera/world/agv1_confidence,1789645485.7726107,1789645485.7726107,0.6615
/camera/world/agv3_confidence,1789645485.7726867,1789645485.7726867,0.6631
/camera/world/agv2_confidence,1789645485.772792,1789645485.772792,0.6505
/camera/world/agv1_confidence,1789645485.8027234,1789645485.8027234,0.6629
/camera/world/agv2_confidence,1789645485.8028963,1789645485.8028963,0.6495
/camera/world/agv3_confidence,1789645485.803059,1789645485.803059,0.6631
/camera/world/agv2_confidence,1789645485.8373082,1789645485.8373082,0.6526
/camera/world/agv1_confidence,1789645485.8373249,1789645485.8373249,0.6617
/camera/world/agv3_confidence,1789645485.8375108,1789645485.8375108,0.6624
/camera/world/agv1_confidence,1789645485.8752751,1789645485.8752751,0.6631
/camera/world/agv2_confidence,1789645485.8753493,1789645485.8753493,0.6505
/camera/world/agv3_confidence,1789645485.8753936,1789645485.8753936,0.6613
/camera/world/agv2_confidence,1789645485.9035656,1789645485.9035656,0.6501
/camera/world/agv1_confidence,1789645485.903752,1789645485.903752,0.6637
/camera/world/agv3_confidence,1789645485.9037654,1789645485.9037654,0.6634
/camera/world/agv2_confidence,1789645485.9476783,1789645485.9476783,0.6521
/camera/world/agv1_confidence,1789645485.947682,1789645485.947682,0.6616
/camera/world/agv3_confidence,1789645485.9479592,1789645485.9479592,0.6628
/camera/world/agv3_confidence,1789645485.9762216,1789645485.9762216,0.6636
/camera/world/agv2_confidence,1789645485.9762275,1789645485.9762275,0.6504
/camera/world/agv1_confidence,1789645485.976249,1789645485.976249,0.6622
/camera/world/agv1_confidence,1789645486.0102298,1789645486.0102298,0.6625
/camera/world/agv2_confidence,1789645486.0103326,1789645486.0103326,0.652
/camera/world/agv3_confidence,1789645486.0103405,1789645486.0103405,0.6615
/camera/world/agv3_confidence,1789645486.0368793,1789645486.0368793,0.661
/camera/world/agv2_confidence,1789645486.036904,1789645486.036904,0.6518
/camera/world/agv1_confidence,1789645486.0369341,1789645486.0369341,0.6645
/camera/world/agv1_confidence,1789645486.070755,1789645486.070755,0.6616
/camera/world/agv2_confidence,1789645486.0708642,1789645486.0708642,0.6516
/camera/world/agv3_confidence,1789645486.0709267,1789645486.0709267,0.6635
/camera/world/agv1_confidence,1789645486.1110456,1789645486.1110456,0.6623
/camera/world/agv3_confidence,1789645486.111055,1789645486.111055,0.6644
/camera/world/agv2_confidence,1789645486.1111813,1789645486.1111813,0.6527
/camera/world/agv2_confidence,1789645486.1392567,1789645486.1392567,0.6523
/camera/world/agv1_confidence,1789645486.139315,1789645486.139315,0.6621
/camera/world/agv3_confidence,1789645486.1393178,1789645486.1393178,0.6644
/camera/world/agv2_confidence,1789645486.173102,1789645486.173102,0.652
/camera/world/agv1_confidence,1789645486.173117,1789645486.173117,0.6622
/camera/world/agv3_confidence,1789645486.173299,1789645486.173299,0.6623
/camera/world/agv1_confidence,1789645486.2051673,1789645486.2051673,0.6603
/camera/world/agv2_confidence,1789645486.2051697,1789645486.2051697,0.6514
/camera/world/agv3_confidence,1789645486.2054691,1789645486.2054691,0.6623
/camera/world/agv2_confidence,1789645486.2419188,1789645486.2419188,0.6532
/camera/world/agv3_confidence,1789645486.2420225,1789645486.2420225,0.6631
/camera/world/agv1_confidence,1789645486.2421727,1789645486.2421727,0.6615
/camera/world/agv1_confidence,1789645486.2707875,1789645486.2707875,0.6621
/camera/world/agv2_confidence,1789645486.2708,1789645486.2708,0.6507
/camera/world/agv3_confidence,1789645486.2708902,1789645486.2708902,0.6624
/camera/world/agv1_confidence,1789645486.3111105,1789645486.3111105,0.6627
/camera/world/agv2_confidence,1789645486.3112576,1789645486.3112576,0.6513
/camera/world/agv3_confidence,1789645486.3114047,1789645486.3114047,0.662
/camera/world/agv1_confidence,1789645486.3429747,1789645486.3429747,0.6612
/camera/world/agv2_confidence,1789645486.3431926,1789645486.3431926,0.6536
/camera/world/agv3_confidence,1789645486.3432338,1789645486.3432338,0.6621
/camera/world/agv3_confidence,1789645486.3738365,1789645486.3738365,0.6622
/camera/world/agv2_confidence,1789645486.3738782,1789645486.3738782,0.6527
/camera/world/agv1_confidence,1789645486.3739266,1789645486.3739266,0.6627
/camera/world/agv2_confidence,1789645486.4005735,1789645486.4005735,0.6523
/camera/world/agv1_confidence,1789645486.4006152,1789645486.4006152,0.6625
/camera/world/agv3_confidence,1789645486.4007263,1789645486.4007263,0.6635
/camera/world/agv2_confidence,1789645486.452006,1789645486.452006,0.6525
/camera/world/agv1_confidence,1789645486.45202,1789645486.45202,0.661
/camera/world/agv3_confidence,1789645486.4520957,1789645486.4520957,0.6647
/camera/world/agv2_confidence,1789645486.4754798,1789645486.4754798,0.6526
/camera/world/agv1_confidence,1789645486.4755743,1789645486.4755743,0.6643
/camera/world/agv3_confidence,1789645486.4757302,1789645486.4757302,0.6636
/camera/world/agv1_confidence,1789645486.5025992,1789645486.5025992,0.6616
/camera/world/agv3_confidence,1789645486.5026224,1789645486.5026224,0.6632
/camera/world/agv2_confidence,1789645486.5026371,1789645486.5026371,0.6538
/camera/world/agv3_confidence,1789645486.5443552,1789645486.5443552,0.6638
/camera/world/agv1_confidence,1789645486.544394,1789645486.544394,0.6597
/camera/world/agv2_confidence,1789645486.5444338,1789645486.5444338,0.6516
/camera/world/agv1_confidence,1789645486.5779972,1789645486.5779972,0.6608
/camera/world/agv3_confidence,1789645486.5782506,1789645486.5782506,0.6623
/camera/world/agv2_confidence,1789645486.5782802,1789645486.5782802,0.6525
/camera/world/agv1_confidence,1789645486.6154988,1789645486.6154988,0.6621
/camera/world/agv2_confidence,1789645486.615905,1789645486.615905,0.651
/camera/world/agv3_confidence,1789645486.6159058,1789645486.6159058,0.6631
/camera/world/agv1_confidence,1789645486.6400795,1789645486.6400795,0.6614
/camera/world/agv2_confidence,1789645486.6401446,1789645486.6401446,0.6532
/camera/world/agv3_confidence,1789645486.6403577,1789645486.6403577,0.6653
/camera/world/agv1_confidence,1789645486.6791446,1789645486.6791446,0.6611
/camera/world/agv2_confidence,1789645486.679236,1789645486.679236,0.6544
/camera/world/agv3_confidence,1789645486.6793714,1789645486.6793714,0.6617
/camera/world/agv1_confidence,1789645486.7077022,1789645486.7077022,0.6612
/camera/world/agv2_confidence,1789645486.7077892,1789645486.7077892,0.6532
/camera/world/agv3_confidence,1789645486.7079298,1789645486.7079298,0.6621
/camera/world/agv2_confidence,1789645486.7371213,1789645486.7371213,0.6523
/camera/world/agv3_confidence,1789645486.737246,1789645486.737246,0.662
/camera/world/agv1_confidence,1789645486.7373273,1789645486.7373273,0.6617
/camera/world/agv1_confidence,1789645486.7765188,1789645486.7765188,0.6609
/camera/world/agv3_confidence,1789645486.7767289,1789645486.7767289,0.6622
/camera/world/agv2_confidence,1789645486.7767375,1789645486.7767375,0.6533
/camera/world/agv2_confidence,1789645486.8070443,1789645486.8070443,0.6534
/camera/world/agv1_confidence,1789645486.8071434,1789645486.8071434,0.6602
/camera/world/agv3_confidence,1789645486.8071508,1789645486.8071508,0.665
/camera/world/agv3_confidence,1789645486.835861,1789645486.835861,0.6602
/camera/world/agv2_confidence,1789645486.8358798,1789645486.8358798,0.6531
/camera/world/agv1_confidence,1789645486.835883,1789645486.835883,0.6625
/camera/world/agv1_confidence,1789645486.873866,1789645486.873866,0.662
/camera/world/agv3_confidence,1789645486.8740726,1789645486.8740726,0.6641
/camera/world/agv2_confidence,1789645486.8741064,1789645486.8741064,0.6536
/camera/world/agv1_confidence,1789645486.911354,1789645486.911354,0.6639
/camera/world/agv3_confidence,1789645486.9115977,1789645486.9115977,0.6625
/camera/world/agv2_confidence,1789645486.9116395,1789645486.9116395,0.6532
/camera/world/agv1_confidence,1789645486.9390152,1789645486.9390152,0.6617
/camera/world/agv3_confidence,1789645486.93918,1789645486.93918,0.6612
/camera/world/agv2_confidence,1789645486.939195,1789645486.939195,0.6536
/camera/world/agv1_confidence,1789645486.9732826,1789645486.9732826,0.66
/camera/world/agv3_confidence,1789645486.9733005,1789645486.9733005,0.6646
/camera/world/agv2_confidence,1789645486.9733145,1789645486.9733145,0.6518
/camera/world/agv1_confidence,1789645487.0059888,1789645487.0059888,0.6615
/camera/world/agv2_confidence,1789645487.006208,1789645487.006208,0.6511
/camera/world/agv3_confidence,1789645487.00621,1789645487.00621,0.6633
/camera/world/agv3_confidence,1789645487.0444398,1789645487.0444398,0.6625
/camera/world/agv2_confidence,1789645487.044622,1789645487.044622,0.6525
/camera/world/agv1_confidence,1789645487.0446932,1789645487.0446932,0.6623
/camera/world/agv1_confidence,1789645487.072508,1789645487.072508,0.6634
/camera/world/agv3_confidence,1789645487.0725708,1789645487.0725708,0.6619
/camera/world/agv2_confidence,1789645487.0725722,1789645487.0725722,0.6532
/camera/world/agv2_confidence,1789645487.105785,1789645487.105785,0.6523
/camera/world/agv1_confidence,1789645487.1059854,1789645487.1059854,0.6612
/camera/world/agv3_confidence,1789645487.1060631,1789645487.1060631,0.663
/camera/world/agv2_confidence,1789645487.1442866,1789645487.1442866,0.653
/camera/world/agv1_confidence,1789645487.1443918,1789645487.1443918,0.6608
/camera/world/agv3_confidence,1789645487.1445966,1789645487.1445966,0.6633
/camera/world/agv1_confidence,1789645487.1698625,1789645487.1698625,0.6608
/camera/world/agv2_confidence,1789645487.169868,1789645487.169868,0.6535
/camera/world/agv3_confidence,1789645487.1702688,1789645487.1702688,0.6616
/camera/world/agv3_confidence,1789645487.2102337,1789645487.2102337,0.663
/camera/world/agv1_confidence,1789645487.2102358,1789645487.2102358,0.6608
/camera/world/agv2_confidence,1789645487.2103403,1789645487.2103403,0.6515
/camera/world/agv1_confidence,1789645487.2397683,1789645487.2397683,0.6597
/camera/world/agv2_confidence,1789645487.239807,1789645487.239807,0.6514
/camera/world/agv3_confidence,1789645487.239945,1789645487.239945,0.6632
/camera/world/agv2_confidence,1789645487.27139,1789645487.27139,0.6522
/camera/world/agv1_confidence,1789645487.2716656,1789645487.2716656,0.6608
/camera/world/agv3_confidence,1789645487.2716682,1789645487.2716682,0.6637
/camera/world/agv1_confidence,1789645487.31059,1789645487.31059,0.6579
/camera/world/agv2_confidence,1789645487.3106804,1789645487.3106804,0.6525
/camera/world/agv3_confidence,1789645487.3109117,1789645487.3109117,0.6649
/camera/world/agv1_confidence,1789645487.3422842,1789645487.3422842,0.6622
/camera/world/agv2_confidence,1789645487.342394,1789645487.342394,0.6516
/camera/world/agv3_confidence,1789645487.3425174,1789645487.3425174,0.6634
/camera/world/agv1_confidence,1789645487.3704393,1789645487.3704393,0.6624
/camera/world/agv2_confidence,1789645487.3704503,1789645487.3704503,0.6512
/camera/world/agv3_confidence,1789645487.3706224,1789645487.3706224,0.6651
/camera/world/agv2_confidence,1789645487.4120266,1789645487.4120266,0.6524
/camera/world/agv1_confidence,1789645487.4120336,1789645487.4120336,0.6614
/camera/world/agv3_confidence,1789645487.412042,1789645487.412042,0.6622
/camera/world/agv1_confidence,1789645487.43902,1789645487.43902,0.6629
/camera/world/agv3_confidence,1789645487.4390922,1789645487.4390922,0.6636
/camera/world/agv2_confidence,1789645487.4390996,1789645487.4390996,0.6517
/camera/world/agv2_confidence,1789645487.4715958,1789645487.4715958,0.6539
/camera/world/agv3_confidence,1789645487.4716978,1789645487.4716978,0.6634
/camera/world/agv1_confidence,1789645487.471748,1789645487.471748,0.6597
/camera/world/agv1_confidence,1789645487.5096896,1789645487.5096896,0.6609
/camera/world/agv2_confidence,1789645487.5099974,1789645487.5099974,0.6525
/camera/world/agv3_confidence,1789645487.5100524,1789645487.5100524,0.6637
/camera/world/agv2_confidence,1789645487.5393062,1789645487.5393062,0.6511
/camera/world/agv1_confidence,1789645487.5394957,1789645487.5394957,0.6591
/camera/world/agv3_confidence,1789645487.5395088,1789645487.5395088,0.6634
/camera/world/agv1_confidence,1789645487.5677962,1789645487.5677962,0.6626
/camera/world/agv2_confidence,1789645487.5680854,1789645487.5680854,0.6541
/camera/world/agv3_confidence,1789645487.5681534,1789645487.5681534,0.6642
/camera/world/agv2_confidence,1789645487.6117141,1789645487.6117141,0.6516
/camera/world/agv1_confidence,1789645487.611948,1789645487.611948,0.6612
/camera/world/agv3_confidence,1789645487.6119874,1789645487.6119874,0.6614
/camera/world/agv1_confidence,1789645487.6482604,1789645487.6482604,0.6617
/camera/world/agv2_confidence,1789645487.6482747,1789645487.6482747,0.6524
/camera/world/agv3_confidence,1789645487.6487386,1789645487.6487386,0.6656
/camera/world/agv1_confidence,1789645487.6693447,1789645487.6693447,0.6623
/camera/world/agv2_confidence,1789645487.6693618,1789645487.6693618,0.6537
/camera/world/agv3_confidence,1789645487.6695397,1789645487.6695397,0.6622
/camera/world/agv1_confidence,1789645487.7078846,1789645487.7078846,0.6628
/camera/world/agv2_confidence,1789645487.7081144,1789645487.7081144,0.6525
/camera/world/agv3_confidence,1789645487.7082744,1789645487.7082744,0.6618
/camera/world/agv1_confidence,1789645487.7371747,1789645487.7371747,0.662
/camera/world/agv3_confidence,1789645487.7372649,1789645487.7372649,0.6618
/camera/world/agv2_confidence,1789645487.7373087,1789645487.7373087,0.6527
/camera/world/agv3_confidence,1789645487.7678545,1789645487.7678545,0.6611
/camera/world/agv1_confidence,1789645487.7678792,1789645487.7678792,0.6611
/camera/world/agv2_confidence,1789645487.7679675,1789645487.7679675,0.6526
/camera/world/agv2_confidence,1789645487.8068779,1789645487.8068779,0.6523
/camera/world/agv1_confidence,1789645487.8068976,1789645487.8068976,0.6614
/camera/world/agv3_confidence,1789645487.8069863,1789645487.8069863,0.6617
/camera/world/agv1_confidence,1789645487.8402262,1789645487.8402262,0.6616
/camera/world/agv2_confidence,1789645487.8402498,1789645487.8402498,0.6544
/camera/world/agv3_confidence,1789645487.8402534,1789645487.8402534,0.6631
/camera/world/agv2_confidence,1789645487.8686736,1789645487.8686736,0.6515
/camera/world/agv3_confidence,1789645487.8687572,1789645487.8687572,0.6629
/camera/world/agv1_confidence,1789645487.8688824,1789645487.8688824,0.6611
/camera/world/agv2_confidence,1789645487.9037087,1789645487.9037087,0.6529
/camera/world/agv1_confidence,1789645487.903743,1789645487.903743,0.6608
/camera/world/agv3_confidence,1789645487.9039311,1789645487.9039311,0.6638
/camera/world/agv2_confidence,1789645487.9425955,1789645487.9425955,0.6534
/camera/world/agv1_confidence,1789645487.9426975,1789645487.9426975,0.6614
/camera/world/agv3_confidence,1789645487.942725,1789645487.942725,0.6627
/camera/world/agv2_confidence,1789645487.9701912,1789645487.9701912,0.6519
/camera/world/agv3_confidence,1789645487.9702678,1789645487.9702678,0.6639
/camera/world/agv1_confidence,1789645487.9703085,1789645487.9703085,0.6614
/camera/world/agv2_confidence,1789645488.0017188,1789645488.0017188,0.6513
/camera/world/agv1_confidence,1789645488.0017536,1789645488.0017536,0.6611
/camera/world/agv3_confidence,1789645488.001807,1789645488.001807,0.6619
/camera/world/agv1_confidence,1789645488.0364318,1789645488.0364318,0.663
/camera/world/agv2_confidence,1789645488.036498,1789645488.036498,0.6511
/camera/world/agv3_confidence,1789645488.0365782,1789645488.0365782,0.6655
/camera/world/agv1_confidence,1789645488.0721056,1789645488.0721056,0.66
/camera/world/agv2_confidence,1789645488.0723238,1789645488.0723238,0.651
/camera/world/agv3_confidence,1789645488.0725205,1789645488.0725205,0.6614
/camera/world/agv1_confidence,1789645488.111327,1789645488.111327,0.6605
/camera/world/agv2_confidence,1789645488.1113353,1789645488.1113353,0.6544
/camera/world/agv3_confidence,1789645488.1113575,1789645488.1113575,0.6631
/camera/world/agv2_confidence,1789645488.1394243,1789645488.1394243,0.6543
/camera/world/agv1_confidence,1789645488.1394684,1789645488.1394684,0.6609
/camera/world/agv3_confidence,1789645488.1396115,1789645488.1396115,0.6629
/camera/world/agv1_confidence,1789645488.1718898,1789645488.1718898,0.6597
/camera/world/agv2_confidence,1789645488.1719406,1789645488.1719406,0.6532
/camera/world/agv3_confidence,1789645488.1719468,1789645488.1719468,0.6612
/camera/world/agv1_confidence,1789645488.2019308,1789645488.2019308,0.6603
/camera/world/agv2_confidence,1789645488.2021167,1789645488.2021167,0.6522
/camera/world/agv3_confidence,1789645488.202244,1789645488.202244,0.6642
/camera/world/agv1_confidence,1789645488.2399542,1789645488.2399542,0.6606
/camera/world/agv3_confidence,1789645488.2399838,1789645488.2399838,0.6626
/camera/world/agv2_confidence,1789645488.239994,1789645488.239994,0.6519
/camera/world/agv1_confidence,1789645488.274495,1789645488.274495,0.6603
/camera/world/agv3_confidence,1789645488.2745125,1789645488.2745125,0.6632
/camera/world/agv2_confidence,1789645488.2745464,1789645488.2745464,0.6516
/camera/world/agv1_confidence,1789645488.3122442,1789645488.3122442,0.6614
/camera/world/agv2_confidence,1789645488.312404,1789645488.312404,0.6516
/camera/world/agv3_confidence,1789645488.312405,1789645488.312405,0.6647
/camera/world/agv1_confidence,1789645488.3397727,1789645488.3397727,0.6592
/camera/world/agv2_confidence,1789645488.339922,1789645488.339922,0.6513
/camera/world/agv3_confidence,1789645488.3400834,1789645488.3400834,0.6609
/camera/world/agv1_confidence,1789645488.37745,1789645488.37745,0.6601
/camera/world/agv2_confidence,1789645488.3776767,1789645488.3776767,0.6501
/camera/world/agv3_confidence,1789645488.3778446,1789645488.3778446,0.6642
/camera/world/agv2_confidence,1789645488.4112804,1789645488.4112804,0.6522
/camera/world/agv3_confidence,1789645488.4113152,1789645488.4113152,0.6622
/camera/world/agv1_confidence,1789645488.411353,1789645488.411353,0.6608
/camera/world/agv1_confidence,1789645488.4395525,1789645488.4395525,0.661
/camera/world/agv3_confidence,1789645488.439907,1789645488.439907,0.6621
/camera/world/agv2_confidence,1789645488.4400196,1789645488.4400196,0.6523
/camera/world/agv1_confidence,1789645488.4757946,1789645488.4757946,0.6609
/camera/world/agv2_confidence,1789645488.4760427,1789645488.4760427,0.6524
/camera/world/agv3_confidence,1789645488.476196,1789645488.476196,0.6636
/camera/world/agv2_confidence,1789645488.503868,1789645488.503868,0.652
/camera/world/agv1_confidence,1789645488.5039103,1789645488.5039103,0.6587
/camera/world/agv3_confidence,1789645488.5039217,1789645488.5039217,0.6642
/camera/world/agv1_confidence,1789645488.5475588,1789645488.5475588,0.6612
/camera/world/agv3_confidence,1789645488.5475926,1789645488.5475926,0.6628
/camera/world/agv2_confidence,1789645488.5476255,1789645488.5476255,0.6517
/camera/world/agv1_confidence,1789645488.570028,1789645488.570028,0.6625
/camera/world/agv2_confidence,1789645488.5702064,1789645488.5702064,0.65
/camera/world/agv3_confidence,1789645488.570208,1789645488.570208,0.6626
/camera/world/agv2_confidence,1789645488.6110902,1789645488.6110902,0.6518
/camera/world/agv3_confidence,1789645488.6112452,1789645488.6112452,0.6623
/camera/world/agv1_confidence,1789645488.6112943,1789645488.6112943,0.6625
/camera/world/agv1_confidence,1789645488.637222,1789645488.637222,0.662
/camera/world/agv2_confidence,1789645488.6375835,1789645488.6375835,0.6506
/camera/world/agv3_confidence,1789645488.6376352,1789645488.6376352,0.6648
/camera/world/agv2_confidence,1789645488.6832242,1789645488.6832242,0.6529
/camera/world/agv1_confidence,1789645488.6832592,1789645488.6832592,0.6595
/camera/world/agv3_confidence,1789645488.6834896,1789645488.6834896,0.6627
/camera/world/agv1_confidence,1789645488.7053037,1789645488.7053037,0.6617
/camera/world/agv2_confidence,1789645488.7053246,1789645488.7053246,0.6534
/camera/world/agv3_confidence,1789645488.705368,1789645488.705368,0.6645
/camera/world/agv2_confidence,1789645488.736662,1789645488.736662,0.6512
/camera/world/agv1_confidence,1789645488.736806,1789645488.736806,0.6615
/camera/world/agv3_confidence,1789645488.7369988,1789645488.7369988,0.6641
/camera/world/agv1_confidence,1789645488.7793086,1789645488.7793086,0.662
/camera/world/agv2_confidence,1789645488.7794383,1789645488.7794383,0.6515
/camera/world/agv3_confidence,1789645488.7794883,1789645488.7794883,0.6643
/camera/world/agv3_confidence,1789645488.813686,1789645488.813686,0.6639
/camera/world/agv2_confidence,1789645488.813697,1789645488.813697,0.6498
/camera/world/agv1_confidence,1789645488.81393,1789645488.81393,0.6608
/camera/world/agv1_confidence,1789645488.8430982,1789645488.8430982,0.6585
/camera/world/agv2_confidence,1789645488.843298,1789645488.843298,0.6505
/camera/world/agv3_confidence,1789645488.843397,1789645488.843397,0.6632
/camera/world/agv1_confidence,1789645488.869592,1789645488.869592,0.66
/camera/world/agv2_confidence,1789645488.8696682,1789645488.8696682,0.6508
/camera/world/agv3_confidence,1789645488.869827,1789645488.869827,0.6637
/camera/world/agv1_confidence,1789645488.909376,1789645488.909376,0.6602
/camera/world/agv3_confidence,1789645488.9094877,1789645488.9094877,0.6622
/camera/world/agv2_confidence,1789645488.9094908,1789645488.9094908,0.6531
/camera/world/agv1_confidence,1789645488.944071,1789645488.944071,0.66
/camera/world/agv2_confidence,1789645488.9442787,1789645488.9442787,0.6511
/camera/world/agv3_confidence,1789645488.9444654,1789645488.9444654,0.6646
/camera/world/agv1_confidence,1789645488.9722774,1789645488.9722774,0.6605
/camera/world/agv2_confidence,1789645488.9723854,1789645488.9723854,0.652
/camera/world/agv3_confidence,1789645488.9724422,1789645488.9724422,0.6647
/camera/world/agv1_confidence,1789645489.0042007,1789645489.0042007,0.6587
/camera/world/agv3_confidence,1789645489.0045178,1789645489.0045178,0.665
/camera/world/agv2_confidence,1789645489.004532,1789645489.004532,0.6529
/camera/world/agv1_confidence,1789645489.0453808,1789645489.0453808,0.6595
/camera/world/agv2_confidence,1789645489.0454667,1789645489.0454667,0.6513
/camera/world/agv3_confidence,1789645489.045543,1789645489.045543,0.6643
/camera/world/agv1_confidence,1789645489.0707958,1789645489.0707958,0.66
/camera/world/agv2_confidence,1789645489.071033,1789645489.071033,0.6521
/camera/world/agv3_confidence,1789645489.0710468,1789645489.0710468,0.664
/camera/world/agv2_confidence,1789645489.1088173,1789645489.1088173,0.6513
/camera/world/agv1_confidence,1789645489.1088362,1789645489.1088362,0.6602
/camera/world/agv3_confidence,1789645489.1089447,1789645489.1089447,0.6633
/camera/world/agv1_confidence,1789645489.1519365,1789645489.1519365,0.6608
/camera/world/agv2_confidence,1789645489.1521227,1789645489.1521227,0.6514
/camera/world/agv3_confidence,1789645489.1523864,1789645489.1523864,0.6636
/camera/world/agv2_confidence,1789645489.1730397,1789645489.1730397,0.6512
/camera/world/agv1_confidence,1789645489.1731648,1789645489.1731648,0.6609
/camera/world/agv3_confidence,1789645489.1732128,1789645489.1732128,0.6645
/camera/world/agv1_confidence,1789645489.2064993,1789645489.2064993,0.6613
/camera/world/agv2_confidence,1789645489.206902,1789645489.206902,0.6515
/camera/world/agv3_confidence,1789645489.2069223,1789645489.2069223,0.6641
/camera/world/agv1_confidence,1789645489.2333033,1789645489.2333033,0.6608
/camera/world/agv2_confidence,1789645489.233521,1789645489.233521,0.6526
/camera/world/agv3_confidence,1789645489.2335236,1789645489.2335236,0.6611
/camera/world/agv1_confidence,1789645489.274967,1789645489.274967,0.6607
/camera/world/agv3_confidence,1789645489.2749777,1789645489.2749777,0.6629
/camera/world/agv2_confidence,1789645489.2749944,1789645489.2749944,0.6517
/camera/world/agv2_confidence,1789645489.309965,1789645489.309965,0.6506
/camera/world/agv1_confidence,1789645489.3099964,1789645489.3099964,0.6599
/camera/world/agv3_confidence,1789645489.3100417,1789645489.3100417,0.6627
/camera/world/agv1_confidence,1789645489.3395317,1789645489.3395317,0.6605
/camera/world/agv2_confidence,1789645489.3397284,1789645489.3397284,0.6511
/camera/world/agv3_confidence,1789645489.3398871,1789645489.3398871,0.666
/camera/world/agv1_confidence,1789645489.369187,1789645489.369187,0.6621
/camera/world/agv3_confidence,1789645489.3694477,1789645489.3694477,0.6616
/camera/world/agv2_confidence,1789645489.3694892,1789645489.3694892,0.6507
/camera/world/agv1_confidence,1789645489.41117,1789645489.41117,0.6606
/camera/world/agv2_confidence,1789645489.4113853,1789645489.4113853,0.6495
/camera/world/agv3_confidence,1789645489.4114597,1789645489.4114597,0.6613
/camera/world/agv1_confidence,1789645489.4512966,1789645489.4512966,0.6607
/camera/world/agv2_confidence,1789645489.451316,1789645489.451316,0.6521
/camera/world/agv3_confidence,1789645489.4515495,1789645489.4515495,0.6641
/camera/world/agv2_confidence,1789645489.475575,1789645489.475575,0.6529
/camera/world/agv1_confidence,1789645489.4756954,1789645489.4756954,0.661
/camera/world/agv3_confidence,1789645489.4757419,1789645489.4757419,0.6631
/camera/world/agv1_confidence,1789645489.506826,1789645489.506826,0.6614
/camera/world/agv3_confidence,1789645489.5068343,1789645489.5068343,0.6638
/camera/world/agv2_confidence,1789645489.5068626,1789645489.5068626,0.6533
/camera/world/agv3_confidence,1789645489.5370672,1789645489.5370672,0.6641
/camera/world/agv2_confidence,1789645489.5370796,1789645489.5370796,0.6519
/camera/world/agv1_confidence,1789645489.5371256,1789645489.5371256,0.661
/camera/world/agv2_confidence,1789645489.6056464,1789645489.6056464,0.6523
/camera/world/agv3_confidence,1789645489.6056836,1789645489.6056836,0.664
/camera/world/agv1_confidence,1789645489.6057298,1789645489.6057298,0.6611
/camera/world/agv2_confidence,1789645489.607094,1789645489.607094,0.6506
/camera/world/agv1_confidence,1789645489.607098,1789645489.607098,0.6607
/camera/world/agv3_confidence,1789645489.6072128,1789645489.6072128,0.665
/camera/world/agv1_confidence,1789645489.6352375,1789645489.6352375,0.6602
/camera/world/agv3_confidence,1789645489.6352522,1789645489.6352522,0.6612
/camera/world/agv2_confidence,1789645489.6352649,1789645489.6352649,0.6516
/camera/world/agv2_confidence,1789645489.6715226,1789645489.6715226,0.6531
/camera/world/agv3_confidence,1789645489.6716053,1789645489.6716053,0.6597
/camera/world/agv1_confidence,1789645489.6716473,1789645489.6716473,0.66
/camera/world/agv3_confidence,1789645489.7149513,1789645489.7149513,0.6634
/camera/world/agv2_confidence,1789645489.7149732,1789645489.7149732,0.6539
/camera/world/agv1_confidence,1789645489.715008,1789645489.715008,0.6606
/camera/world/agv3_confidence,1789645489.7383595,1789645489.7383595,0.6632
/camera/world/agv1_confidence,1789645489.7383642,1789645489.7383642,0.662
/camera/world/agv2_confidence,1789645489.7384338,1789645489.7384338,0.6524
/camera/world/agv2_confidence,1789645489.7678947,1789645489.7678947,0.6525
/camera/world/agv1_confidence,1789645489.7679071,1789645489.7679071,0.6609
/camera/world/agv3_confidence,1789645489.7679312,1789645489.7679312,0.6643
/camera/world/agv1_confidence,1789645489.8110445,1789645489.8110445,0.6601
/camera/world/agv2_confidence,1789645489.811075,1789645489.811075,0.6508
/camera/world/agv3_confidence,1789645489.811266,1789645489.811266,0.6639
/camera/world/agv2_confidence,1789645489.8491282,1789645489.8491282,0.6512
/camera/world/agv1_confidence,1789645489.8491433,1789645489.8491433,0.6621
/camera/world/agv3_confidence,1789645489.8493938,1789645489.8493938,0.6645
/camera/world/agv2_confidence,1789645489.8768082,1789645489.8768082,0.6514
/camera/world/agv1_confidence,1789645489.876821,1789645489.876821,0.6601
/camera/world/agv3_confidence,1789645489.8768811,1789645489.8768811,0.662
/camera/world/agv1_confidence,1789645489.912861,1789645489.912861,0.6599
/camera/world/agv2_confidence,1789645489.912906,1789645489.912906,0.6507
/camera/world/agv3_confidence,1789645489.9130318,1789645489.9130318,0.6635
/camera/world/agv1_confidence,1789645489.937277,1789645489.937277,0.6607
/camera/world/agv2_confidence,1789645489.9372818,1789645489.9372818,0.6515
/camera/world/agv3_confidence,1789645489.9373193,1789645489.9373193,0.6648
/camera/world/agv2_confidence,1789645489.9751496,1789645489.9751496,0.6514
/camera/world/agv1_confidence,1789645489.9752135,1789645489.9752135,0.6603
/camera/world/agv3_confidence,1789645489.975228,1789645489.975228,0.6618
/camera/world/agv3_confidence,1789645490.0070472,1789645490.0070472,0.6626
/camera/world/agv2_confidence,1789645490.0070546,1789645490.0070546,0.6512
/camera/world/agv1_confidence,1789645490.007094,1789645490.007094,0.6615
/camera/world/agv1_confidence,1789645490.0421927,1789645490.0421927,0.661
/camera/world/agv2_confidence,1789645490.042416,1789645490.042416,0.652
/camera/world/agv3_confidence,1789645490.0425472,1789645490.0425472,0.663
/camera/world/agv2_confidence,1789645490.0768838,1789645490.0768838,0.6516
/camera/world/agv3_confidence,1789645490.0769966,1789645490.0769966,0.6627
/camera/world/agv1_confidence,1789645490.077018,1789645490.077018,0.6613
/camera/world/agv1_confidence,1789645490.1058052,1789645490.1058052,0.6616
/camera/world/agv2_confidence,1789645490.1059787,1789645490.1059787,0.6522
/camera/world/agv3_confidence,1789645490.106211,1789645490.106211,0.663
/camera/world/agv2_confidence,1789645490.1346512,1789645490.1346512,0.6512
/camera/world/agv1_confidence,1789645490.1347163,1789645490.1347163,0.6605
/camera/world/agv3_confidence,1789645490.1347237,1789645490.1347237,0.6622
/camera/world/agv1_confidence,1789645490.1733086,1789645490.1733086,0.6618
/camera/world/agv2_confidence,1789645490.1734502,1789645490.1734502,0.6515
/camera/world/agv3_confidence,1789645490.1734824,1789645490.1734824,0.6639
/camera/world/agv2_confidence,1789645490.2048786,1789645490.2048786,0.6523
/camera/world/agv1_confidence,1789645490.2051415,1789645490.2051415,0.661
/camera/world/agv3_confidence,1789645490.2051978,1789645490.2051978,0.6631
/camera/world/agv1_confidence,1789645490.2420828,1789645490.2420828,0.6604
/camera/world/agv2_confidence,1789645490.2420948,1789645490.2420948,0.6503
/camera/world/agv3_confidence,1789645490.242109,1789645490.242109,0.6613
/camera/world/agv1_confidence,1789645490.2767382,1789645490.2767382,0.6625
/camera/world/agv2_confidence,1789645490.2767432,1789645490.2767432,0.6495
/camera/world/agv3_confidence,1789645490.2768142,1789645490.2768142,0.6631
/camera/world/agv2_confidence,1789645490.3063083,1789645490.3063083,0.6504
/camera/world/agv1_confidence,1789645490.306367,1789645490.306367,0.6619
/camera/world/agv3_confidence,1789645490.3063948,1789645490.3063948,0.662
/camera/world/agv2_confidence,1789645490.3386269,1789645490.3386269,0.6493
/camera/world/agv1_confidence,1789645490.3386712,1789645490.3386712,0.6627
/camera/world/agv3_confidence,1789645490.338818,1789645490.338818,0.6618
/camera/world/agv1_confidence,1789645490.3715801,1789645490.3715801,0.6616
/camera/world/agv2_confidence,1789645490.3717732,1789645490.3717732,0.652
/camera/world/agv3_confidence,1789645490.3718073,1789645490.3718073,0.6612
/camera/world/agv1_confidence,1789645490.4037073,1789645490.4037073,0.6622
/camera/world/agv2_confidence,1789645490.4038363,1789645490.4038363,0.6495
/camera/world/agv3_confidence,1789645490.403955,1789645490.403955,0.6604
/camera/world/agv3_confidence,1789645490.445133,1789645490.445133,0.6624
/camera/world/agv1_confidence,1789645490.4452052,1789645490.4452052,0.6615
/camera/world/agv2_confidence,1789645490.445233,1789645490.445233,0.6507
/camera/world/agv1_confidence,1789645490.4711773,1789645490.4711773,0.6625
/camera/world/agv2_confidence,1789645490.4712644,1789645490.4712644,0.6495
/camera/world/agv3_confidence,1789645490.4714744,1789645490.4714744,0.6619
/camera/world/agv2_confidence,1789645490.4998395,1789645490.4998395,0.6512
/camera/world/agv1_confidence,1789645490.499949,1789645490.499949,0.6636
/camera/world/agv3_confidence,1789645490.5000453,1789645490.5000453,0.6619
/camera/world/agv3_confidence,1789645490.538646,1789645490.538646,0.6596
/camera/world/agv2_confidence,1789645490.5387135,1789645490.5387135,0.6511
/camera/world/agv1_confidence,1789645490.5388112,1789645490.5388112,0.6621
/camera/world/agv3_confidence,1789645490.569446,1789645490.569446,0.6606
/camera/world/agv2_confidence,1789645490.569487,1789645490.569487,0.6494
/camera/world/agv1_confidence,1789645490.5695038,1789645490.5695038,0.6613
/camera/world/agv2_confidence,1789645490.6090233,1789645490.6090233,0.6517
/camera/world/agv3_confidence,1789645490.6090324,1789645490.6090324,0.6616
/camera/world/agv1_confidence,1789645490.6091084,1789645490.6091084,0.6613
/camera/world/agv2_confidence,1789645490.6387396,1789645490.6387396,0.6491
/camera/world/agv1_confidence,1789645490.6388834,1789645490.6388834,0.6626
/camera/world/agv3_confidence,1789645490.6390276,1789645490.6390276,0.6627
/camera/world/agv1_confidence,1789645490.672102,1789645490.672102,0.6622
/camera/world/agv2_confidence,1789645490.672243,1789645490.672243,0.6525
/camera/world/agv3_confidence,1789645490.672267,1789645490.672267,0.661
/camera/world/agv1_confidence,1789645490.7011695,1789645490.7011695,0.6615
/camera/world/agv2_confidence,1789645490.701219,1789645490.701219,0.6505
/camera/world/agv3_confidence,1789645490.701348,1789645490.701348,0.6594
/camera/world/agv1_confidence,1789645490.738516,1789645490.738516,0.662
/camera/world/agv2_confidence,1789645490.7387326,1789645490.7387326,0.6515
/camera/world/agv3_confidence,1789645490.738815,1789645490.738815,0.6625
/camera/world/agv2_confidence,1789645490.7707052,1789645490.7707052,0.6507
/camera/world/agv1_confidence,1789645490.770863,1789645490.770863,0.6614
/camera/world/agv3_confidence,1789645490.7708743,1789645490.7708743,0.662
/camera/world/agv2_confidence,1789645490.8074734,1789645490.8074734,0.6497
/camera/world/agv1_confidence,1789645490.8074756,1789645490.8074756,0.6627
/camera/world/agv3_confidence,1789645490.807492,1789645490.807492,0.6617
/camera/world/agv1_confidence,1789645490.8337302,1789645490.8337302,0.6624
/camera/world/agv2_confidence,1789645490.8338177,1789645490.8338177,0.6496
/camera/world/agv3_confidence,1789645490.8338268,1789645490.8338268,0.6612
/camera/world/agv1_confidence,1789645490.8707702,1789645490.8707702,0.663
/camera/world/agv2_confidence,1789645490.8709671,1789645490.8709671,0.6498
/camera/world/agv3_confidence,1789645490.8710191,1789645490.8710191,0.6619
/camera/world/agv3_confidence,1789645490.9097311,1789645490.9097311,0.6633
/camera/world/agv2_confidence,1789645490.9097536,1789645490.9097536,0.6525
/camera/world/agv1_confidence,1789645490.9097939,1789645490.9097939,0.6606
/camera/world/agv1_confidence,1789645490.936652,1789645490.936652,0.6631
/camera/world/agv2_confidence,1789645490.9367979,1789645490.9367979,0.651
/camera/world/agv3_confidence,1789645490.936811,1789645490.936811,0.6628
/camera/world/agv1_confidence,1789645490.975625,1789645490.975625,0.6617
/camera/world/agv2_confidence,1789645490.975815,1789645490.975815,0.6495
/camera/world/agv3_confidence,1789645490.9759123,1789645490.9759123,0.6625
/camera/world/agv2_confidence,1789645491.004941,1789645491.004941,0.6498
/camera/world/agv1_confidence,1789645491.0049438,1789645491.0049438,0.6609
/camera/world/agv3_confidence,1789645491.0051136,1789645491.0051136,0.6608
/camera/world/agv1_confidence,1789645491.0365224,1789645491.0365224,0.663
/camera/world/agv2_confidence,1789645491.0366852,1789645491.0366852,0.6502
/camera/world/agv3_confidence,1789645491.0367692,1789645491.0367692,0.6593
/camera/world/agv1_confidence,1789645491.07679,1789645491.07679,0.6641
/camera/world/agv3_confidence,1789645491.0768113,1789645491.0768113,0.6606
/camera/world/agv2_confidence,1789645491.076819,1789645491.076819,0.6507
/camera/world/agv2_confidence,1789645491.109708,1789645491.109708,0.6499
/camera/world/agv1_confidence,1789645491.1097412,1789645491.1097412,0.6626
/camera/world/agv3_confidence,1789645491.1098578,1789645491.1098578,0.6623
/camera/world/agv1_confidence,1789645491.1401744,1789645491.1401744,0.6634
/camera/world/agv3_confidence,1789645491.1404018,1789645491.1404018,0.6618
/camera/world/agv2_confidence,1789645491.1404145,1789645491.1404145,0.6483
/camera/world/agv1_confidence,1789645491.1701431,1789645491.1701431,0.6626
/camera/world/agv3_confidence,1789645491.1704242,1789645491.1704242,0.6621
/camera/world/agv2_confidence,1789645491.1704583,1789645491.1704583,0.6496
/camera/world/agv1_confidence,1789645491.2015648,1789645491.2015648,0.6634
/camera/world/agv2_confidence,1789645491.2016432,1789645491.2016432,0.6492
/camera/world/agv3_confidence,1789645491.2016778,1789645491.2016778,0.6609
/camera/world/agv1_confidence,1789645491.248609,1789645491.248609,0.6638
/camera/world/agv3_confidence,1789645491.2487047,1789645491.2487047,0.6592
/camera/world/agv2_confidence,1789645491.248724,1789645491.248724,0.6508
/camera/world/agv1_confidence,1789645491.2688696,1789645491.2688696,0.6632
/camera/world/agv2_confidence,1789645491.269162,1789645491.269162,0.6481
/camera/world/agv3_confidence,1789645491.2693164,1789645491.2693164,0.6628
/camera/world/agv2_confidence,1789645491.3128953,1789645491.3128953,0.6489
/camera/world/agv3_confidence,1789645491.313044,1789645491.313044,0.661
/camera/world/agv1_confidence,1789645491.3130558,1789645491.3130558,0.663
/camera/world/agv2_confidence,1789645491.3458936,1789645491.3458936,0.649
/camera/world/agv1_confidence,1789645491.3459148,1789645491.3459148,0.6609
/camera/world/agv3_confidence,1789645491.3460147,1789645491.3460147,0.6625
/camera/world/agv3_confidence,1789645491.3779378,1789645491.3779378,0.661
/camera/world/agv1_confidence,1789645491.3779423,1789645491.3779423,0.6634
/camera/world/agv2_confidence,1789645491.3779948,1789645491.3779948,0.649
/camera/world/agv1_confidence,1789645491.406231,1789645491.406231,0.6635
/camera/world/agv2_confidence,1789645491.40632,1789645491.40632,0.6491
/camera/world/agv3_confidence,1789645491.4066768,1789645491.4066768,0.6603
/camera/world/agv1_confidence,1789645491.436233,1789645491.436233,0.6631
/camera/world/agv2_confidence,1789645491.4363384,1789645491.4363384,0.6476
/camera/world/agv3_confidence,1789645491.4365094,1789645491.4365094,0.66
/camera/world/agv1_confidence,1789645491.4749146,1789645491.4749146,0.6629
/camera/world/agv2_confidence,1789645491.475087,1789645491.475087,0.6482
/camera/world/agv3_confidence,1789645491.475343,1789645491.475343,0.6602
/camera/world/agv1_confidence,1789645491.5077136,1789645491.5077136,0.6621
/camera/world/agv3_confidence,1789645491.5079422,1789645491.5079422,0.6612
/camera/world/agv2_confidence,1789645491.5079587,1789645491.5079587,0.6492
/camera/world/agv1_confidence,1789645491.5352972,1789645491.5352972,0.6636
/camera/world/agv2_confidence,1789645491.5354395,1789645491.5354395,0.6516
/camera/world/agv3_confidence,1789645491.5355291,1789645491.5355291,0.662
/camera/world/agv2_confidence,1789645491.575508,1789645491.575508,0.6502
/camera/world/agv3_confidence,1789645491.575536,1789645491.575536,0.6614
/camera/world/agv1_confidence,1789645491.5756748,1789645491.5756748,0.6626
/camera/world/agv1_confidence,1789645491.60562,1789645491.60562,0.6628
/camera/world/agv2_confidence,1789645491.6058629,1789645491.6058629,0.6493
/camera/world/agv3_confidence,1789645491.6059747,1789645491.6059747,0.6594
/camera/world/agv1_confidence,1789645491.6376777,1789645491.6376777,0.6619
/camera/world/agv2_confidence,1789645491.6376798,1789645491.6376798,0.6488
/camera/world/agv3_confidence,1789645491.6378417,1789645491.6378417,0.6627
/camera/world/agv1_confidence,1789645491.6728182,1789645491.6728182,0.6629
/camera/world/agv3_confidence,1789645491.6729734,1789645491.6729734,0.6609
/camera/world/agv2_confidence,1789645491.672987,1789645491.672987,0.6501
/camera/world/agv2_confidence,1789645491.7081206,1789645491.7081206,0.649
/camera/world/agv1_confidence,1789645491.708184,1789645491.708184,0.6625
/camera/world/agv3_confidence,1789645491.708373,1789645491.708373,0.6601
/camera/world/agv1_confidence,1789645491.7438362,1789645491.7438362,0.6622
/camera/world/agv2_confidence,1789645491.7439878,1789645491.7439878,0.6494
/camera/world/agv3_confidence,1789645491.7440157,1789645491.7440157,0.6617
/camera/world/agv2_confidence,1789645491.7684212,1789645491.7684212,0.6487
/camera/world/agv1_confidence,1789645491.7684295,1789645491.7684295,0.6634
/camera/world/agv3_confidence,1789645491.7688,1789645491.7688,0.6603
/camera/world/agv2_confidence,1789645491.8106542,1789645491.8106542,0.6505
/camera/world/agv1_confidence,1789645491.8106875,1789645491.8106875,0.6636
/camera/world/agv3_confidence,1789645491.8109126,1789645491.8109126,0.663
/camera/world/agv2_confidence,1789645491.8370776,1789645491.8370776,0.6478
/camera/world/agv1_confidence,1789645491.8371015,1789645491.8371015,0.6647
/camera/world/agv3_confidence,1789645491.8371937,1789645491.8371937,0.6587
/camera/world/agv1_confidence,1789645491.8766239,1789645491.8766239,0.6633
/camera/world/agv2_confidence,1789645491.8767452,1789645491.8767452,0.6502
/camera/world/agv3_confidence,1789645491.8767555,1789645491.8767555,0.6606
/camera/world/agv1_confidence,1789645491.905416,1789645491.905416,0.6654
/camera/world/agv2_confidence,1789645491.9054813,1789645491.9054813,0.6498
/camera/world/agv3_confidence,1789645491.9055257,1789645491.9055257,0.6607
/camera/world/agv1_confidence,1789645491.9376905,1789645491.9376905,0.6647
/camera/world/agv2_confidence,1789645491.9377532,1789645491.9377532,0.6495
/camera/world/agv3_confidence,1789645491.9379673,1789645491.9379673,0.6617
/camera/world/agv1_confidence,1789645491.967297,1789645491.967297,0.6634
/camera/world/agv2_confidence,1789645491.9673007,1789645491.9673007,0.649
/camera/world/agv3_confidence,1789645491.9673035,1789645491.9673035,0.6631
/camera/world/agv1_confidence,1789645492.007049,1789645492.007049,0.6645
/camera/world/agv2_confidence,1789645492.0070667,1789645492.0070667,0.6492
/camera/world/agv3_confidence,1789645492.0073235,1789645492.0073235,0.6624
/camera/world/agv2_confidence,1789645492.0386453,1789645492.0386453,0.6502
/camera/world/agv3_confidence,1789645492.0386498,1789645492.0386498,0.6628
/camera/world/agv1_confidence,1789645492.0386944,1789645492.0386944,0.6647
/camera/world/agv3_confidence,1789645492.0751812,1789645492.0751812,0.6608
/camera/world/agv1_confidence,1789645492.075183,1789645492.075183,0.665
/camera/world/agv2_confidence,1789645492.0753326,1789645492.0753326,0.6488
/camera/world/agv3_confidence,1789645492.1050665,1789645492.1050665,0.6587
/camera/world/agv1_confidence,1789645492.1051693,1789645492.1051693,0.6653
/camera/world/agv2_confidence,1789645492.1051924,1789645492.1051924,0.6505
/camera/world/agv1_confidence,1789645492.1341107,1789645492.1341107,0.6638
/camera/world/agv2_confidence,1789645492.134172,1789645492.134172,0.6486
/camera/world/agv3_confidence,1789645492.13438,1789645492.13438,0.6597
/camera/world/agv1_confidence,1789645492.171014,1789645492.171014,0.6647
/camera/world/agv2_confidence,1789645492.1711147,1789645492.1711147,0.649
/camera/world/agv3_confidence,1789645492.1711645,1789645492.1711645,0.6615
/camera/world/agv1_confidence,1789645492.2073593,1789645492.2073593,0.664
/camera/world/agv2_confidence,1789645492.2073631,1789645492.2073631,0.6467
/camera/world/agv3_confidence,1789645492.2074003,1789645492.2074003,0.6577
/camera/world/agv1_confidence,1789645492.235045,1789645492.235045,0.6639
/camera/world/agv3_confidence,1789645492.2351031,1789645492.2351031,0.6623
/camera/world/agv2_confidence,1789645492.2351897,1789645492.2351897,0.6482
/camera/world/agv1_confidence,1789645492.2734838,1789645492.2734838,0.6629
/camera/world/agv3_confidence,1789645492.2735693,1789645492.2735693,0.6603
/camera/world/agv2_confidence,1789645492.2736773,1789645492.2736773,0.6481
/camera/world/agv2_confidence,1789645492.3072572,1789645492.3072572,0.6491
/camera/world/agv1_confidence,1789645492.307268,1789645492.307268,0.6628
/camera/world/agv3_confidence,1789645492.3075743,1789645492.3075743,0.6623
/camera/world/agv1_confidence,1789645492.3456666,1789645492.3456666,0.6656
/camera/world/agv2_confidence,1789645492.3457115,1789645492.3457115,0.6499
/camera/world/agv3_confidence,1789645492.3457816,1789645492.3457816,0.6572
/camera/world/agv1_confidence,1789645492.3730476,1789645492.3730476,0.6643
/camera/world/agv3_confidence,1789645492.3732958,1789645492.3732958,0.6589
/camera/world/agv2_confidence,1789645492.37336,1789645492.37336,0.648
/camera/world/agv1_confidence,1789645492.4043543,1789645492.4043543,0.6646
/camera/world/agv2_confidence,1789645492.404558,1789645492.404558,0.6508
/camera/world/agv3_confidence,1789645492.4046936,1789645492.4046936,0.659
/camera/world/agv2_confidence,1789645492.44533,1789645492.44533,0.649
/camera/world/agv1_confidence,1789645492.4454153,1789645492.4454153,0.6648
/camera/world/agv3_confidence,1789645492.445431,1789645492.445431,0.6624
/camera/world/agv1_confidence,1789645492.477409,1789645492.477409,0.6653
/camera/world/agv3_confidence,1789645492.477612,1789645492.477612,0.6594
/camera/world/agv2_confidence,1789645492.4776742,1789645492.4776742,0.6498
/camera/world/agv1_confidence,1789645492.5029612,1789645492.5029612,0.6651
/camera/world/agv2_confidence,1789645492.503035,1789645492.503035,0.6493
/camera/world/agv3_confidence,1789645492.5032244,1789645492.5032244,0.6607
/camera/world/agv1_confidence,1789645492.540109,1789645492.540109,0.6649
/camera/world/agv3_confidence,1789645492.5401342,1789645492.5401342,0.6618
/camera/world/agv2_confidence,1789645492.54015,1789645492.54015,0.6482
/camera/world/agv1_confidence,1789645492.5730274,1789645492.5730274,0.6646
/camera/world/agv2_confidence,1789645492.5731583,1789645492.5731583,0.6497
/camera/world/agv3_confidence,1789645492.5732596,1789645492.5732596,0.6584
/camera/world/agv1_confidence,1789645492.605252,1789645492.605252,0.6654
/camera/world/agv3_confidence,1789645492.605256,1789645492.605256,0.6616
/camera/world/agv2_confidence,1789645492.6052825,1789645492.6052825,0.6466
/camera/world/agv2_confidence,1789645492.634674,1789645492.634674,0.6462
/camera/world/agv1_confidence,1789645492.635024,1789645492.635024,0.6649
/camera/world/agv3_confidence,1789645492.6350744,1789645492.6350744,0.6622
/camera/world/agv2_confidence,1789645492.6712232,1789645492.6712232,0.6497
/camera/world/agv1_confidence,1789645492.671348,1789645492.671348,0.666
/camera/world/agv3_confidence,1789645492.671542,1789645492.671542,0.6588
/camera/world/agv1_confidence,1789645492.7121246,1789645492.7121246,0.6643
/camera/world/agv2_confidence,1789645492.7123592,1789645492.7123592,0.6482
/camera/world/agv3_confidence,1789645492.7123642,1789645492.7123642,0.6603
/camera/world/agv1_confidence,1789645492.7448578,1789645492.7448578,0.6633
/camera/world/agv3_confidence,1789645492.745198,1789645492.745198,0.6599
/camera/world/agv2_confidence,1789645492.745211,1789645492.745211,0.6504
/camera/world/agv1_confidence,1789645492.7717319,1789645492.7717319,0.6639
/camera/world/agv2_confidence,1789645492.7718658,1789645492.7718658,0.6512
/camera/world/agv3_confidence,1789645492.7720442,1789645492.7720442,0.6607
/camera/world/agv3_confidence,1789645492.802183,1789645492.802183,0.6594
/camera/world/agv1_confidence,1789645492.8022316,1789645492.8022316,0.6649
/camera/world/agv2_confidence,1789645492.8024776,1789645492.8024776,0.6484
/camera/world/agv1_confidence,1789645492.843694,1789645492.843694,0.6649
/camera/world/agv3_confidence,1789645492.8439374,1789645492.8439374,0.6616
/camera/world/agv2_confidence,1789645492.8439486,1789645492.8439486,0.6476
/camera/world/agv1_confidence,1789645492.867532,1789645492.867532,0.6655
/camera/world/agv2_confidence,1789645492.8675547,1789645492.8675547,0.6503
/camera/world/agv3_confidence,1789645492.8676538,1789645492.8676538,0.6613
/camera/world/agv2_confidence,1789645492.9047344,1789645492.9047344,0.6501
/camera/world/agv1_confidence,1789645492.9048727,1789645492.9048727,0.6664
/camera/world/agv3_confidence,1789645492.9049902,1789645492.9049902,0.6606
/camera/world/agv1_confidence,1789645492.933472,1789645492.933472,0.6666
/camera/world/agv2_confidence,1789645492.933669,1789645492.933669,0.6476
/camera/world/agv3_confidence,1789645492.9338286,1789645492.9338286,0.6609
/camera/world/agv1_confidence,1789645492.9716191,1789645492.9716191,0.6632
/camera/world/agv2_confidence,1789645492.971667,1789645492.971667,0.6504
/camera/world/agv3_confidence,1789645492.9718287,1789645492.9718287,0.6572
/camera/world/agv2_confidence,1789645493.003057,1789645493.003057,0.6476
/camera/world/agv3_confidence,1789645493.0030646,1789645493.0030646,0.6604
/camera/world/agv1_confidence,1789645493.003099,1789645493.003099,0.665
/camera/world/agv1_confidence,1789645493.0433195,1789645493.0433195,0.6665
/camera/world/agv2_confidence,1789645493.0433633,1789645493.0433633,0.6478
/camera/world/agv3_confidence,1789645493.0433667,1789645493.0433667,0.6604
/camera/world/agv1_confidence,1789645493.0718381,1789645493.0718381,0.6657
/camera/world/agv2_confidence,1789645493.071853,1789645493.071853,0.6492
/camera/world/agv3_confidence,1789645493.072042,1789645493.072042,0.6611
/camera/world/agv1_confidence,1789645493.1031995,1789645493.1031995,0.6642
/camera/world/agv2_confidence,1789645493.1032615,1789645493.1032615,0.6497
/camera/world/agv3_confidence,1789645493.1036403,1789645493.1036403,0.6599
/camera/world/agv1_confidence,1789645493.137326,1789645493.137326,0.6644
/camera/world/agv2_confidence,1789645493.1375067,1789645493.1375067,0.6484
/camera/world/agv3_confidence,1789645493.1376452,1789645493.1376452,0.6612
/camera/world/agv1_confidence,1789645493.173347,1789645493.173347,0.6647
/camera/world/agv3_confidence,1789645493.1733618,1789645493.1733618,0.6582
/camera/world/agv2_confidence,1789645493.173503,1789645493.173503,0.6487
/camera/world/agv2_confidence,1789645493.20973,1789645493.20973,0.6505
/camera/world/agv1_confidence,1789645493.2097435,1789645493.2097435,0.6632
/camera/world/agv3_confidence,1789645493.2099276,1789645493.2099276,0.6609
/camera/world/agv1_confidence,1789645493.2438684,1789645493.2438684,0.6628
/camera/world/agv2_confidence,1789645493.2438931,1789645493.2438931,0.6511
/camera/world/agv3_confidence,1789645493.2440116,1789645493.2440116,0.6607
/camera/world/agv1_confidence,1789645493.2740242,1789645493.2740242,0.6662
/camera/world/agv2_confidence,1789645493.2742274,1789645493.2742274,0.6503
/camera/world/agv3_confidence,1789645493.2743223,1789645493.2743223,0.6605
/camera/world/agv1_confidence,1789645493.3035128,1789645493.3035128,0.6658
/camera/world/agv2_confidence,1789645493.3035138,1789645493.3035138,0.6499
/camera/world/agv3_confidence,1789645493.3036816,1789645493.3036816,0.6607
/camera/world/agv2_confidence,1789645493.3431907,1789645493.3431907,0.6498
/camera/world/agv1_confidence,1789645493.3432724,1789645493.3432724,0.6669
/camera/world/agv3_confidence,1789645493.3433673,1789645493.3433673,0.6623
/camera/world/agv1_confidence,1789645493.3713262,1789645493.3713262,0.666
/camera/world/agv3_confidence,1789645493.3715653,1789645493.3715653,0.6625
/camera/world/agv2_confidence,1789645493.3716998,1789645493.3716998,0.6499
/camera/world/agv3_confidence,1789645493.4026458,1789645493.4026458,0.6601
/camera/world/agv1_confidence,1789645493.402731,1789645493.402731,0.665
/camera/world/agv2_confidence,1789645493.4027448,1789645493.4027448,0.6503
/camera/world/agv1_confidence,1789645493.4451215,1789645493.4451215,0.6667
/camera/world/agv2_confidence,1789645493.4451792,1789645493.4451792,0.6503
/camera/world/agv3_confidence,1789645493.4454136,1789645493.4454136,0.662
/camera/world/agv1_confidence,1789645493.472518,1789645493.472518,0.6648
/camera/world/agv3_confidence,1789645493.4730937,1789645493.4730937,0.6612
/camera/world/agv2_confidence,1789645493.4731047,1789645493.4731047,0.6499
/camera/world/agv1_confidence,1789645493.5095818,1789645493.5095818,0.6663
/camera/world/agv2_confidence,1789645493.5096076,1789645493.5096076,0.6489
/camera/world/agv3_confidence,1789645493.509828,1789645493.509828,0.6607
/camera/world/agv1_confidence,1789645493.5427458,1789645493.5427458,0.6649
/camera/world/agv2_confidence,1789645493.5427482,1789645493.5427482,0.6485
/camera/world/agv3_confidence,1789645493.5429916,1789645493.5429916,0.6625
/camera/world/agv3_confidence,1789645493.571556,1789645493.571556,0.6627
/camera/world/agv1_confidence,1789645493.5715623,1789645493.5715623,0.6671
/camera/world/agv2_confidence,1789645493.5715647,1789645493.5715647,0.6492
/camera/world/agv2_confidence,1789645493.6039824,1789645493.6039824,0.6495
/camera/world/agv1_confidence,1789645493.604054,1789645493.604054,0.6661
/camera/world/agv3_confidence,1789645493.6041183,1789645493.6041183,0.662
/camera/world/agv2_confidence,1789645493.6353343,1789645493.6353343,0.6486
/camera/world/agv3_confidence,1789645493.6353695,1789645493.6353695,0.6605
/camera/world/agv1_confidence,1789645493.635587,1789645493.635587,0.6659
/camera/world/agv3_confidence,1789645493.667152,1789645493.667152,0.6616
/camera/world/agv1_confidence,1789645493.6672451,1789645493.6672451,0.6668
/camera/world/agv2_confidence,1789645493.6673663,1789645493.6673663,0.6475
/camera/world/agv2_confidence,1789645493.70571,1789645493.70571,0.6479
/camera/world/agv1_confidence,1789645493.7057273,1789645493.7057273,0.6651
/camera/world/agv3_confidence,1789645493.7058713,1789645493.7058713,0.6613
/camera/world/agv1_confidence,1789645493.7411559,1789645493.7411559,0.6651
/camera/world/agv2_confidence,1789645493.7412407,1789645493.7412407,0.6503
/camera/world/agv3_confidence,1789645493.741521,1789645493.741521,0.6607
/camera/world/agv1_confidence,1789645493.771111,1789645493.771111,0.6673
/camera/world/agv3_confidence,1789645493.7711146,1789645493.7711146,0.659
/camera/world/agv2_confidence,1789645493.7711217,1789645493.7711217,0.6505
/camera/world/agv2_confidence,1789645493.803129,1789645493.803129,0.6501
/camera/world/agv1_confidence,1789645493.8032062,1789645493.8032062,0.6667
/camera/world/agv3_confidence,1789645493.803274,1789645493.803274,0.6602
/camera/world/agv2_confidence,1789645493.838564,1789645493.838564,0.651
/camera/world/agv1_confidence,1789645493.838687,1789645493.838687,0.6662
/camera/world/agv3_confidence,1789645493.8388414,1789645493.8388414,0.6568
/camera/world/agv2_confidence,1789645493.8758721,1789645493.8758721,0.651
/camera/world/agv1_confidence,1789645493.8759325,1789645493.8759325,0.6672
/camera/world/agv3_confidence,1789645493.8763437,1789645493.8763437,0.6591
/camera/world/agv2_confidence,1789645493.9040458,1789645493.9040458,0.6497
/camera/world/agv1_confidence,1789645493.9040864,1789645493.9040864,0.6663
/camera/world/agv3_confidence,1789645493.9043696,1789645493.9043696,0.6595
/camera/world/agv1_confidence,1789645493.9369211,1789645493.9369211,0.6663
/camera/world/agv2_confidence,1789645493.936928,1789645493.936928,0.6506
/camera/world/agv3_confidence,1789645493.9369545,1789645493.9369545,0.662
/camera/world/agv3_confidence,1789645493.974147,1789645493.974147,0.6618
/camera/world/agv2_confidence,1789645493.974166,1789645493.974166,0.6499
/camera/world/agv1_confidence,1789645493.9742732,1789645493.9742732,0.6661
/camera/world/agv1_confidence,1789645494.0083668,1789645494.0083668,0.6672
/camera/world/agv2_confidence,1789645494.0086384,1789645494.0086384,0.6501
/camera/world/agv3_confidence,1789645494.0088043,1789645494.0088043,0.6601
/camera/world/agv1_confidence,1789645494.0369713,1789645494.0369713,0.668
/camera/world/agv2_confidence,1789645494.0371344,1789645494.0371344,0.6503
/camera/world/agv3_confidence,1789645494.037248,1789645494.037248,0.6593
/camera/world/agv1_confidence,1789645494.0736017,1789645494.0736017,0.6675
/camera/world/agv3_confidence,1789645494.0736797,1789645494.0736797,0.661
/camera/world/agv2_confidence,1789645494.0738404,1789645494.0738404,0.6496
/camera/world/agv1_confidence,1789645494.103014,1789645494.103014,0.6686
/camera/world/agv3_confidence,1789645494.103032,1789645494.103032,0.6587
/camera/world/agv2_confidence,1789645494.1030488,1789645494.1030488,0.6492
/camera/world/agv2_confidence,1789645494.1404355,1789645494.1404355,0.651
/camera/world/agv3_confidence,1789645494.1406178,1789645494.1406178,0.6604
/camera/world/agv1_confidence,1789645494.1406505,1789645494.1406505,0.6666
/camera/world/agv2_confidence,1789645494.1716075,1789645494.1716075,0.6506
/camera/world/agv3_confidence,1789645494.1717246,1789645494.1717246,0.6601
/camera/world/agv1_confidence,1789645494.1717362,1789645494.1717362,0.6676
/camera/world/agv1_confidence,1789645494.209737,1789645494.209737,0.6689
/camera/world/agv2_confidence,1789645494.2097692,1789645494.2097692,0.6509
/camera/world/agv3_confidence,1789645494.2099583,1789645494.2099583,0.6578
/camera/world/agv3_confidence,1789645494.2449515,1789645494.2449515,0.6612
/camera/world/agv2_confidence,1789645494.244954,1789645494.244954,0.6501
/camera/world/agv1_confidence,1789645494.24497,1789645494.24497,0.6676
/camera/world/agv1_confidence,1789645494.2758307,1789645494.2758307,0.6684
/camera/world/agv3_confidence,1789645494.276076,1789645494.276076,0.6598
/camera/world/agv2_confidence,1789645494.2761002,1789645494.2761002,0.6494
/camera/world/agv1_confidence,1789645494.306435,1789645494.306435,0.669
/camera/world/agv2_confidence,1789645494.3065963,1789645494.3065963,0.6509
/camera/world/agv3_confidence,1789645494.3066406,1789645494.3066406,0.6578
/camera/world/agv1_confidence,1789645494.3418217,1789645494.3418217,0.6683
/camera/world/agv3_confidence,1789645494.3418996,1789645494.3418996,0.6613
/camera/world/agv2_confidence,1789645494.3419259,1789645494.3419259,0.6506
/camera/world/agv1_confidence,1789645494.3706279,1789645494.3706279,0.6674
/camera/world/agv3_confidence,1789645494.3706934,1789645494.3706934,0.6621
/camera/world/agv2_confidence,1789645494.370704,1789645494.370704,0.6507
/camera/world/agv3_confidence,1789645494.413033,1789645494.413033,0.6617
/camera/world/agv1_confidence,1789645494.4130619,1789645494.4130619,0.6664
/camera/world/agv2_confidence,1789645494.4131029,1789645494.4131029,0.6507
/camera/world/agv1_confidence,1789645494.4394896,1789645494.4394896,0.6686
/camera/world/agv2_confidence,1789645494.439521,1789645494.439521,0.6503
/camera/world/agv3_confidence,1789645494.4397244,1789645494.4397244,0.6596
/camera/world/agv2_confidence,1789645494.472915,1789645494.472915,0.651
/camera/world/agv1_confidence,1789645494.4729414,1789645494.4729414,0.6663
/camera/world/agv3_confidence,1789645494.4729831,1789645494.4729831,0.6591
/camera/world/agv1_confidence,1789645494.5113494,1789645494.5113494,0.6664
/camera/world/agv3_confidence,1789645494.5115962,1789645494.5115962,0.659
/camera/world/agv2_confidence,1789645494.51162,1789645494.51162,0.6507
/camera/world/agv1_confidence,1789645494.546599,1789645494.546599,0.6679
/camera/world/agv2_confidence,1789645494.5468624,1789645494.5468624,0.6518
/camera/world/agv3_confidence,1789645494.5471406,1789645494.5471406,0.6607
/camera/world/agv1_confidence,1789645494.5720649,1789645494.5720649,0.6673
/camera/world/agv2_confidence,1789645494.572262,1789645494.572262,0.6503
/camera/world/agv3_confidence,1789645494.5723734,1789645494.5723734,0.6624
/camera/world/agv1_confidence,1789645494.6103954,1789645494.6103954,0.6675
/camera/world/agv2_confidence,1789645494.61054,1789645494.61054,0.6501
/camera/world/agv3_confidence,1789645494.61055,1789645494.61055,0.6617
/camera/world/agv2_confidence,1789645494.6388857,1789645494.6388857,0.6495
/camera/world/agv3_confidence,1789645494.6389844,1789645494.6389844,0.66
/camera/world/agv1_confidence,1789645494.6391978,1789645494.6391978,0.668
/camera/world/agv2_confidence,1789645494.6730473,1789645494.6730473,0.6523
/camera/world/agv3_confidence,1789645494.673139,1789645494.673139,0.6623
/camera/world/agv1_confidence,1789645494.6733334,1789645494.6733334,0.6667
/camera/world/agv1_confidence,1789645494.705922,1789645494.705922,0.6682
/camera/world/agv2_confidence,1789645494.7063365,1789645494.7063365,0.6493
/camera/world/agv3_confidence,1789645494.7064314,1789645494.7064314,0.6606
/camera/world/agv1_confidence,1789645494.7397695,1789645494.7397695,0.6655
/camera/world/agv2_confidence,1789645494.740047,1789645494.740047,0.6497
/camera/world/agv3_confidence,1789645494.7402577,1789645494.7402577,0.6617
/camera/world/agv1_confidence,1789645494.7684689,1789645494.7684689,0.6684
/camera/world/agv2_confidence,1789645494.7687223,1789645494.7687223,0.6509
/camera/world/agv3_confidence,1789645494.7687929,1789645494.7687929,0.6613
/camera/world/agv1_confidence,1789645494.8071938,1789645494.8071938,0.6675
/camera/world/agv3_confidence,1789645494.8073995,1789645494.8073995,0.6623
/camera/world/agv2_confidence,1789645494.8074293,1789645494.8074293,0.6527
/camera/world/agv1_confidence,1789645494.8368957,1789645494.8368957,0.6674
/camera/world/agv2_confidence,1789645494.8370786,1789645494.8370786,0.6516
/camera/world/agv3_confidence,1789645494.8371577,1789645494.8371577,0.6632
/camera/world/agv1_confidence,1789645494.8727553,1789645494.8727553,0.6694
/camera/world/agv2_confidence,1789645494.8729143,1789645494.8729143,0.6516
/camera/world/agv3_confidence,1789645494.873037,1789645494.873037,0.6629
/camera/world/agv1_confidence,1789645494.9072564,1789645494.9072564,0.6679
/camera/world/agv2_confidence,1789645494.9076068,1789645494.9076068,0.6519
/camera/world/agv3_confidence,1789645494.9076533,1789645494.9076533,0.663
/camera/world/agv1_confidence,1789645494.9402711,1789645494.9402711,0.6679
/camera/world/agv2_confidence,1789645494.9404702,1789645494.9404702,0.6511
/camera/world/agv3_confidence,1789645494.9405944,1789645494.9405944,0.6619
/camera/world/agv1_confidence,1789645494.9676988,1789645494.9676988,0.6701
/camera/world/agv2_confidence,1789645494.9678433,1789645494.9678433,0.6502
/camera/world/agv3_confidence,1789645494.9679463,1789645494.9679463,0.6628
/camera/world/agv3_confidence,1789645495.0050395,1789645495.0050395,0.6633
/camera/world/agv1_confidence,1789645495.0050526,1789645495.0050526,0.6683
/camera/world/agv2_confidence,1789645495.005059,1789645495.005059,0.6523
/camera/world/agv1_confidence,1789645495.045289,1789645495.045289,0.6669
/camera/world/agv3_confidence,1789645495.045502,1789645495.045502,0.6635
/camera/world/agv2_confidence,1789645495.0455048,1789645495.0455048,0.6519
/camera/world/agv1_confidence,1789645495.0768692,1789645495.0768692,0.6668
/camera/world/agv2_confidence,1789645495.0768743,1789645495.0768743,0.652
/camera/world/agv3_confidence,1789645495.0771089,1789645495.0771089,0.6634
/camera/world/agv1_confidence,1789645495.1049602,1789645495.1049602,0.6672
/camera/world/agv3_confidence,1789645495.1049886,1789645495.1049886,0.6625
/camera/world/agv2_confidence,1789645495.105038,1789645495.105038,0.6509
/camera/world/agv1_confidence,1789645495.1356888,1789645495.1356888,0.6679
/camera/world/agv2_confidence,1789645495.13571,1789645495.13571,0.6525
/camera/world/agv3_confidence,1789645495.135799,1789645495.135799,0.6634
/camera/world/agv1_confidence,1789645495.1731422,1789645495.1731422,0.6694
/camera/world/agv3_confidence,1789645495.1735077,1789645495.1735077,0.6611
/camera/world/agv2_confidence,1789645495.1736197,1789645495.1736197,0.6516
/camera/world/agv1_confidence,1789645495.2014012,1789645495.2014012,0.6677
/camera/world/agv2_confidence,1789645495.2018108,1789645495.2018108,0.651
/camera/world/agv3_confidence,1789645495.201817,1789645495.201817,0.6616
/camera/world/agv1_confidence,1789645495.2432601,1789645495.2432601,0.6691
/camera/world/agv3_confidence,1789645495.2434945,1789645495.2434945,0.6597
/camera/world/agv2_confidence,1789645495.2435477,1789645495.2435477,0.6518
/camera/world/agv1_confidence,1789645495.2750947,1789645495.2750947,0.6679
/camera/world/agv2_confidence,1789645495.2753496,1789645495.2753496,0.6511
/camera/world/agv3_confidence,1789645495.2753758,1789645495.2753758,0.6611
/camera/world/agv1_confidence,1789645495.3037264,1789645495.3037264,0.6665
/camera/world/agv2_confidence,1789645495.3037395,1789645495.3037395,0.6518
/camera/world/agv3_confidence,1789645495.3039804,1789645495.3039804,0.6635
/camera/world/agv1_confidence,1789645495.336639,1789645495.336639,0.6668
/camera/world/agv2_confidence,1789645495.3368118,1789645495.3368118,0.6512
/camera/world/agv3_confidence,1789645495.3369164,1789645495.3369164,0.6632
/camera/world/agv1_confidence,1789645495.375806,1789645495.375806,0.6677
/camera/world/agv3_confidence,1789645495.3759494,1789645495.3759494,0.6634
/camera/world/agv2_confidence,1789645495.3759599,1789645495.3759599,0.6542
/camera/world/agv1_confidence,1789645495.407057,1789645495.407057,0.6661
/camera/world/agv3_confidence,1789645495.4073327,1789645495.4073327,0.6623
/camera/world/agv2_confidence,1789645495.4073746,1789645495.4073746,0.6502
/camera/world/agv3_confidence,1789645495.438031,1789645495.438031,0.6619
/camera/world/agv1_confidence,1789645495.4380345,1789645495.4380345,0.6679
/camera/world/agv2_confidence,1789645495.4380853,1789645495.4380853,0.6511
/camera/world/agv2_confidence,1789645495.4735312,1789645495.4735312,0.651
/camera/world/agv1_confidence,1789645495.4736412,1789645495.4736412,0.6688
/camera/world/agv3_confidence,1789645495.473721,1789645495.473721,0.6614
/camera/world/agv1_confidence,1789645495.5017715,1789645495.5017715,0.6683
/camera/world/agv3_confidence,1789645495.5019395,1789645495.5019395,0.6621
/camera/world/agv2_confidence,1789645495.502062,1789645495.502062,0.6519
/camera/world/agv1_confidence,1789645495.5421195,1789645495.5421195,0.6688
/camera/world/agv2_confidence,1789645495.542126,1789645495.542126,0.6511
/camera/world/agv3_confidence,1789645495.542343,1789645495.542343,0.663
/camera/world/agv1_confidence,1789645495.5708613,1789645495.5708613,0.6663
/camera/world/agv2_confidence,1789645495.5710397,1789645495.5710397,0.6516
/camera/world/agv3_confidence,1789645495.5711,1789645495.5711,0.6626
/camera/world/agv2_confidence,1789645495.601758,1789645495.601758,0.6519
/camera/world/agv1_confidence,1789645495.6017618,1789645495.6017618,0.6664
/camera/world/agv3_confidence,1789645495.6018872,1789645495.6018872,0.6627
/camera/world/agv1_confidence,1789645495.6394892,1789645495.6394892,0.6682
/camera/world/agv3_confidence,1789645495.639584,1789645495.639584,0.6634
/camera/world/agv2_confidence,1789645495.6395895,1789645495.6395895,0.6518
/camera/world/agv1_confidence,1789645495.669552,1789645495.669552,0.6672
/camera/world/agv3_confidence,1789645495.6698506,1789645495.6698506,0.6622
/camera/world/agv2_confidence,1789645495.6698513,1789645495.6698513,0.6506
/camera/world/agv1_confidence,1789645495.7059686,1789645495.7059686,0.6681
/camera/world/agv2_confidence,1789645495.705976,1789645495.705976,0.6532
/camera/world/agv3_confidence,1789645495.706228,1789645495.706228,0.6635
/camera/world/agv3_confidence,1789645495.736191,1789645495.736191,0.6621
/camera/world/agv2_confidence,1789645495.7362206,1789645495.7362206,0.6527
/camera/world/agv1_confidence,1789645495.7362216,1789645495.7362216,0.6683
/camera/world/agv2_confidence,1789645495.7682362,1789645495.7682362,0.654
/camera/world/agv3_confidence,1789645495.768238,1789645495.768238,0.6633
/camera/world/agv1_confidence,1789645495.7682426,1789645495.7682426,0.6677
/camera/world/agv1_confidence,1789645495.80779,1789645495.80779,0.6689
/camera/world/agv2_confidence,1789645495.8078249,1789645495.8078249,0.6514
/camera/world/agv3_confidence,1789645495.8078985,1789645495.8078985,0.664
/camera/world/agv1_confidence,1789645495.8370962,1789645495.8370962,0.6677
/camera/world/agv3_confidence,1789645495.837231,1789645495.837231,0.6602
/camera/world/agv2_confidence,1789645495.83727,1789645495.83727,0.6535
/camera/world/agv2_confidence,1789645495.873528,1789645495.873528,0.6512
/camera/world/agv1_confidence,1789645495.8735797,1789645495.8735797,0.667
/camera/world/agv3_confidence,1789645495.8737233,1789645495.8737233,0.6626
/camera/world/agv1_confidence,1789645495.905114,1789645495.905114,0.6668
/camera/world/agv2_confidence,1789645495.9052439,1789645495.9052439,0.6526
/camera/world/agv3_confidence,1789645495.9052813,1789645495.9052813,0.6625
/camera/world/agv3_confidence,1789645495.9356627,1789645495.9356627,0.6639
/camera/world/agv2_confidence,1789645495.9357,1789645495.9357,0.6545
/camera/world/agv1_confidence,1789645495.9357128,1789645495.9357128,0.6672
/camera/world/agv1_confidence,1789645495.9744198,1789645495.9744198,0.6672
/camera/world/agv3_confidence,1789645495.974431,1789645495.974431,0.6633
/camera/world/agv2_confidence,1789645495.9744797,1789645495.9744797,0.6538
/camera/world/agv1_confidence,1789645496.0065455,1789645496.0065455,0.667
/camera/world/agv3_confidence,1789645496.0065742,1789645496.0065742,0.6644
/camera/world/agv2_confidence,1789645496.0065918,1789645496.0065918,0.6532
/camera/world/agv3_confidence,1789645496.0347798,1789645496.0347798,0.6639
/camera/world/agv2_confidence,1789645496.0347955,1789645496.0347955,0.6524
/camera/world/agv1_confidence,1789645496.0348334,1789645496.0348334,0.6676
/camera/world/agv1_confidence,1789645496.074928,1789645496.074928,0.6682
/camera/world/agv2_confidence,1789645496.0750809,1789645496.0750809,0.6538
/camera/world/agv3_confidence,1789645496.0753193,1789645496.0753193,0.6615
/camera/world/agv1_confidence,1789645496.102982,1789645496.102982,0.6681
/camera/world/agv2_confidence,1789645496.103146,1789645496.103146,0.6536
/camera/world/agv3_confidence,1789645496.1032104,1789645496.1032104,0.6624
/camera/world/agv1_confidence,1789645496.1422987,1789645496.1422987,0.6669
/camera/world/agv3_confidence,1789645496.1423185,1789645496.1423185,0.6628
/camera/world/agv2_confidence,1789645496.1424453,1789645496.1424453,0.6531
/camera/world/agv2_confidence,1789645496.1709988,1789645496.1709988,0.6537
/camera/world/agv1_confidence,1789645496.1710238,1789645496.1710238,0.6687
/camera/world/agv3_confidence,1789645496.1712308,1789645496.1712308,0.6628
/camera/world/agv1_confidence,1789645496.2119868,1789645496.2119868,0.6672
/camera/world/agv2_confidence,1789645496.212178,1789645496.212178,0.6544
/camera/world/agv3_confidence,1789645496.212181,1789645496.212181,0.6632
/camera/world/agv1_confidence,1789645496.2430868,1789645496.2430868,0.6652
/camera/world/agv2_confidence,1789645496.2432628,1789645496.2432628,0.6545
/camera/world/agv3_confidence,1789645496.2434406,1789645496.2434406,0.6634
/camera/world/agv1_confidence,1789645496.2731907,1789645496.2731907,0.667
/camera/world/agv2_confidence,1789645496.273238,1789645496.273238,0.6541
/camera/world/agv3_confidence,1789645496.2732403,1789645496.2732403,0.6629
/camera/world/agv2_confidence,1789645496.2996216,1789645496.2996216,0.6537
/camera/world/agv1_confidence,1789645496.2996247,1789645496.2996247,0.6664
/camera/world/agv3_confidence,1789645496.2998621,1789645496.2998621,0.663
/camera/world/agv1_confidence,1789645496.3396442,1789645496.3396442,0.669
/camera/world/agv3_confidence,1789645496.3397615,1789645496.3397615,0.6657
/camera/world/agv2_confidence,1789645496.3397732,1789645496.3397732,0.655
/camera/world/agv1_confidence,1789645496.376968,1789645496.376968,0.669
/camera/world/agv2_confidence,1789645496.37731,1789645496.37731,0.6544
/camera/world/agv3_confidence,1789645496.377631,1789645496.377631,0.6625
/camera/world/agv1_confidence,1789645496.4106858,1789645496.4106858,0.6679
/camera/world/agv2_confidence,1789645496.4110858,1789645496.4110858,0.6548
/camera/world/agv3_confidence,1789645496.4111683,1789645496.4111683,0.662
/camera/world/agv2_confidence,1789645496.439031,1789645496.439031,0.6554
/camera/world/agv3_confidence,1789645496.439079,1789645496.439079,0.6639
/camera/world/agv1_confidence,1789645496.4392557,1789645496.4392557,0.6682
/camera/world/agv1_confidence,1789645496.4827263,1789645496.4827263,0.6678
/camera/world/agv2_confidence,1789645496.4829438,1789645496.4829438,0.6546
/camera/world/agv3_confidence,1789645496.4829726,1789645496.4829726,0.6645
/camera/world/agv3_confidence,1789645496.506172,1789645496.506172,0.6656
/camera/world/agv2_confidence,1789645496.5062,1789645496.5062,0.6539
/camera/world/agv1_confidence,1789645496.506216,1789645496.506216,0.6668
/camera/world/agv1_confidence,1789645496.5420425,1789645496.5420425,0.6673
/camera/world/agv2_confidence,1789645496.542048,1789645496.542048,0.6559
/camera/world/agv3_confidence,1789645496.5422592,1789645496.5422592,0.6651
/camera/world/agv1_confidence,1789645496.5720596,1789645496.5720596,0.6689
/camera/world/agv2_confidence,1789645496.572238,1789645496.572238,0.6544
/camera/world/agv3_confidence,1789645496.5722861,1789645496.5722861,0.6627
/camera/world/agv2_confidence,1789645496.6099,1789645496.6099,0.6557
/camera/world/agv1_confidence,1789645496.6099758,1789645496.6099758,0.667
/camera/world/agv3_confidence,1789645496.6100852,1789645496.6100852,0.6641
/camera/world/agv2_confidence,1789645496.6415126,1789645496.6415126,0.6563
/camera/world/agv1_confidence,1789645496.6415205,1789645496.6415205,0.6699
/camera/world/agv3_confidence,1789645496.6416588,1789645496.6416588,0.6634
/camera/world/agv1_confidence,1789645496.6737537,1789645496.6737537,0.6656
/camera/world/agv3_confidence,1789645496.6737835,1789645496.6737835,0.6621
/camera/world/agv2_confidence,1789645496.6738436,1789645496.6738436,0.6556
/camera/world/agv3_confidence,1789645496.7031417,1789645496.7031417,0.6652
/camera/world/agv1_confidence,1789645496.703161,1789645496.703161,0.6669
/camera/world/agv2_confidence,1789645496.7031736,1789645496.7031736,0.6554
/camera/world/agv2_confidence,1789645496.7456276,1789645496.7456276,0.6567
/camera/world/agv1_confidence,1789645496.7456653,1789645496.7456653,0.6676
/camera/world/agv3_confidence,1789645496.745772,1789645496.745772,0.6641
/camera/world/agv2_confidence,1789645496.77671,1789645496.77671,0.6559
/camera/world/agv1_confidence,1789645496.7767785,1789645496.7767785,0.6673
/camera/world/agv3_confidence,1789645496.7768824,1789645496.7768824,0.664
/camera/world/agv1_confidence,1789645496.8077865,1789645496.8077865,0.6679
/camera/world/agv2_confidence,1789645496.8079875,1789645496.8079875,0.6581
/camera/world/agv3_confidence,1789645496.808388,1789645496.808388,0.6631
/camera/world/agv1_confidence,1789645496.8343484,1789645496.8343484,0.6675
/camera/world/agv2_confidence,1789645496.8345077,1789645496.8345077,0.6557
/camera/world/agv3_confidence,1789645496.8347237,1789645496.8347237,0.6647
/camera/world/agv1_confidence,1789645496.8717706,1789645496.8717706,0.6669
/camera/world/agv2_confidence,1789645496.8719993,1789645496.8719993,0.6543
/camera/world/agv3_confidence,1789645496.8720174,1789645496.8720174,0.6639
/camera/world/agv1_confidence,1789645496.9102404,1789645496.9102404,0.6681
/camera/world/agv2_confidence,1789645496.910436,1789645496.910436,0.6564
/camera/world/agv3_confidence,1789645496.9106843,1789645496.9106843,0.6649
/camera/world/agv1_confidence,1789645496.9398243,1789645496.9398243,0.6683
/camera/world/agv3_confidence,1789645496.9399652,1789645496.9399652,0.6654
/camera/world/agv2_confidence,1789645496.9400477,1789645496.9400477,0.6559
/camera/world/agv1_confidence,1789645496.972185,1789645496.972185,0.6662
/camera/world/agv2_confidence,1789645496.9722872,1789645496.9722872,0.6574
/camera/world/agv3_confidence,1789645496.9724817,1789645496.9724817,0.6668
/camera/world/agv1_confidence,1789645497.002533,1789645497.002533,0.6667
/camera/world/agv3_confidence,1789645497.0027559,1789645497.0027559,0.6661
/camera/world/agv2_confidence,1789645497.002822,1789645497.002822,0.6555
/camera/world/agv1_confidence,1789645497.0389838,1789645497.0389838,0.6677
/camera/world/agv2_confidence,1789645497.0391843,1789645497.0391843,0.6572
/camera/world/agv3_confidence,1789645497.0393755,1789645497.0393755,0.6636
/camera/world/agv2_confidence,1789645497.0678005,1789645497.0678005,0.656
/camera/world/agv1_confidence,1789645497.0678022,1789645497.0678022,0.6681
/camera/world/agv3_confidence,1789645497.0678048,1789645497.0678048,0.6638
/camera/world/agv1_confidence,1789645497.109832,1789645497.109832,0.6669
/camera/world/agv3_confidence,1789645497.1098504,1789645497.1098504,0.6647
/camera/world/agv2_confidence,1789645497.1099148,1789645497.1099148,0.6553
/camera/world/agv1_confidence,1789645497.1450546,1789645497.1450546,0.6681
/camera/world/agv2_confidence,1789645497.1451237,1789645497.1451237,0.6561
/camera/world/agv3_confidence,1789645497.145254,1789645497.145254,0.6642
/camera/world/agv1_confidence,1789645497.1697142,1789645497.1697142,0.6672
/camera/world/agv2_confidence,1789645497.1697774,1789645497.1697774,0.6572
/camera/world/agv3_confidence,1789645497.1700902,1789645497.1700902,0.6618
/camera/world/agv3_confidence,1789645497.212376,1789645497.212376,0.6649
/camera/world/agv2_confidence,1789645497.2124755,1789645497.2124755,0.6571
/camera/world/agv1_confidence,1789645497.212537,1789645497.212537,0.6682
/camera/world/agv1_confidence,1789645497.238025,1789645497.238025,0.6669
/camera/world/agv2_confidence,1789645497.2381785,1789645497.2381785,0.6559
/camera/world/agv3_confidence,1789645497.238241,1789645497.238241,0.6656
/camera/world/agv1_confidence,1789645497.274179,1789645497.274179,0.6687
/camera/world/agv2_confidence,1789645497.274315,1789645497.274315,0.6559
/camera/world/agv3_confidence,1789645497.2744882,1789645497.2744882,0.6644
/camera/world/agv3_confidence,1789645497.3050494,1789645497.3050494,0.6647
/camera/world/agv1_confidence,1789645497.3050566,1789645497.3050566,0.6672
/camera/world/agv2_confidence,1789645497.3050811,1789645497.3050811,0.6565
/camera/world/agv2_confidence,1789645497.3431504,1789645497.3431504,0.6557
/camera/world/agv3_confidence,1789645497.3432488,1789645497.3432488,0.6653
/camera/world/agv1_confidence,1789645497.3433104,1789645497.3433104,0.6667
/camera/world/agv1_confidence,1789645497.373548,1789645497.373548,0.6667
/camera/world/agv2_confidence,1789645497.3736813,1789645497.3736813,0.6579
/camera/world/agv3_confidence,1789645497.37408,1789645497.37408,0.663
/camera/world/agv1_confidence,1789645497.404099,1789645497.404099,0.668
/camera/world/agv2_confidence,1789645497.4042306,1789645497.4042306,0.6579
/camera/world/agv3_confidence,1789645497.4043653,1789645497.4043653,0.6649
/camera/world/agv2_confidence,1789645497.447612,1789645497.447612,0.6574
/camera/world/agv3_confidence,1789645497.4479265,1789645497.4479265,0.6644
/camera/world/agv1_confidence,1789645497.4480577,1789645497.4480577,0.6667
/camera/world/agv2_confidence,1789645497.470737,1789645497.470737,0.6574
/camera/world/agv1_confidence,1789645497.4707727,1789645497.4707727,0.6687
/camera/world/agv3_confidence,1789645497.470947,1789645497.470947,0.665
/camera/world/agv3_confidence,1789645497.5159543,1789645497.5159543,0.665
/camera/world/agv1_confidence,1789645497.5159848,1789645497.5159848,0.6667
/camera/world/agv2_confidence,1789645497.516051,1789645497.516051,0.6579
/camera/world/agv1_confidence,1789645497.5357924,1789645497.5357924,0.6682
/camera/world/agv3_confidence,1789645497.5358255,1789645497.5358255,0.6641
/camera/world/agv2_confidence,1789645497.5358274,1789645497.5358274,0.658
/camera/world/agv1_confidence,1789645497.572867,1789645497.572867,0.6682
/camera/world/agv2_confidence,1789645497.5728755,1789645497.5728755,0.6592
/camera/world/agv3_confidence,1789645497.5730803,1789645497.5730803,0.6657
/camera/world/agv3_confidence,1789645497.599737,1789645497.599737,0.6673
/camera/world/agv2_confidence,1789645497.5997493,1789645497.5997493,0.6577
/camera/world/agv1_confidence,1789645497.59988,1789645497.59988,0.6653
/camera/world/agv3_confidence,1789645497.6387336,1789645497.6387336,0.6648
/camera/world/agv2_confidence,1789645497.638738,1789645497.638738,0.6565
/camera/world/agv1_confidence,1789645497.6387782,1789645497.6387782,0.667
/camera/world/agv2_confidence,1789645497.6759644,1789645497.6759644,0.6585
/camera/world/agv1_confidence,1789645497.6760437,1789645497.6760437,0.6675
/camera/world/agv3_confidence,1789645497.6760514,1789645497.6760514,0.665
/camera/world/agv2_confidence,1789645497.7097645,1789645497.7097645,0.6579
/camera/world/agv1_confidence,1789645497.709803,1789645497.709803,0.6668
/camera/world/agv3_confidence,1789645497.7098262,1789645497.7098262,0.6657
/camera/world/agv1_confidence,1789645497.7446673,1789645497.7446673,0.6665
/camera/world/agv2_confidence,1789645497.7447739,1789645497.7447739,0.6578
/camera/world/agv3_confidence,1789645497.745026,1789645497.745026,0.6655
/camera/world/agv1_confidence,1789645497.7740512,1789645497.7740512,0.6661
/camera/world/agv3_confidence,1789645497.7740543,1789645497.7740543,0.6664
/camera/world/agv2_confidence,1789645497.7740803,1789645497.7740803,0.6585
/camera/world/agv1_confidence,1789645497.8106594,1789645497.8106594,0.6667
/camera/world/agv2_confidence,1789645497.810669,1789645497.810669,0.658
/camera/world/agv3_confidence,1789645497.8107152,1789645497.8107152,0.6635
/camera/world/agv1_confidence,1789645497.838658,1789645497.838658,0.6659
/camera/world/agv2_confidence,1789645497.838666,1789645497.838666,0.6579
/camera/world/agv3_confidence,1789645497.838815,1789645497.838815,0.667
/camera/world/agv1_confidence,1789645497.87262,1789645497.87262,0.6667
/camera/world/agv3_confidence,1789645497.872921,1789645497.872921,0.6671
/camera/world/agv2_confidence,1789645497.8729722,1789645497.8729722,0.6559
/camera/world/agv1_confidence,1789645497.9110684,1789645497.9110684,0.6675
/camera/world/agv3_confidence,1789645497.911084,1789645497.911084,0.6649
/camera/world/agv2_confidence,1789645497.9112828,1789645497.9112828,0.6581
/camera/world/agv1_confidence,1789645497.9463358,1789645497.9463358,0.6675
/camera/world/agv2_confidence,1789645497.946417,1789645497.946417,0.6567
/camera/world/agv3_confidence,1789645497.9465768,1789645497.9465768,0.6664
/camera/world/agv1_confidence,1789645497.9717333,1789645497.9717333,0.6684
/camera/world/agv3_confidence,1789645497.97205,1789645497.97205,0.6645
/camera/world/agv2_confidence,1789645497.9720707,1789645497.9720707,0.6572
/camera/world/agv2_confidence,1789645498.0025146,1789645498.0025146,0.6584
/camera/world/agv1_confidence,1789645498.002558,1789645498.002558,0.6662
/camera/world/agv3_confidence,1789645498.0026827,1789645498.0026827,0.6648
/camera/world/agv2_confidence,1789645498.0386689,1789645498.0386689,0.658
/camera/world/agv1_confidence,1789645498.0387013,1789645498.0387013,0.6673
/camera/world/agv3_confidence,1789645498.0388925,1789645498.0388925,0.6649
/camera/world/agv1_confidence,1789645498.069734,1789645498.069734,0.6679
/camera/world/agv3_confidence,1789645498.069741,1789645498.069741,0.6646
/camera/world/agv2_confidence,1789645498.069784,1789645498.069784,0.6567
/camera/world/agv1_confidence,1789645498.1084344,1789645498.1084344,0.6673
/camera/world/agv2_confidence,1789645498.1085505,1789645498.1085505,0.6572
/camera/world/agv3_confidence,1789645498.1086597,1789645498.1086597,0.6626
/camera/world/agv1_confidence,1789645498.1363838,1789645498.1363838,0.6668
/camera/world/agv3_confidence,1789645498.136437,1789645498.136437,0.6651
/camera/world/agv2_confidence,1789645498.136475,1789645498.136475,0.6585
/camera/world/agv1_confidence,1789645498.168415,1789645498.168415,0.6662
/camera/world/agv2_confidence,1789645498.168647,1789645498.168647,0.6584
/camera/world/agv3_confidence,1789645498.1689186,1789645498.1689186,0.666
/camera/world/agv1_confidence,1789645498.211175,1789645498.211175,0.6668
/camera/world/agv2_confidence,1789645498.2113433,1789645498.2113433,0.6586
/camera/world/agv3_confidence,1789645498.2114136,1789645498.2114136,0.6657
/camera/world/agv2_confidence,1789645498.2361774,1789645498.2361774,0.66
/camera/world/agv1_confidence,1789645498.236232,1789645498.236232,0.6691
/camera/world/agv3_confidence,1789645498.2365344,1789645498.2365344,0.6671
/camera/world/agv1_confidence,1789645498.2769735,1789645498.2769735,0.6673
/camera/world/agv2_confidence,1789645498.276988,1789645498.276988,0.658
/camera/world/agv3_confidence,1789645498.2771614,1789645498.2771614,0.6645
/camera/world/agv1_confidence,1789645498.306974,1789645498.306974,0.6666
/camera/world/agv2_confidence,1789645498.307025,1789645498.307025,0.6588
/camera/world/agv3_confidence,1789645498.307268,1789645498.307268,0.6681
/camera/world/agv2_confidence,1789645498.3363695,1789645498.3363695,0.6577
/camera/world/agv1_confidence,1789645498.3363812,1789645498.3363812,0.6666
/camera/world/agv3_confidence,1789645498.3364494,1789645498.3364494,0.6666
/camera/world/agv1_confidence,1789645498.3719244,1789645498.3719244,0.6663
/camera/world/agv3_confidence,1789645498.3719275,1789645498.3719275,0.6654
/camera/world/agv2_confidence,1789645498.3720512,1789645498.3720512,0.6586
/camera/world/agv2_confidence,1789645498.4046106,1789645498.4046106,0.658
/camera/world/agv1_confidence,1789645498.404614,1789645498.404614,0.6654
/camera/world/agv3_confidence,1789645498.4046786,1789645498.4046786,0.6658
/camera/world/agv1_confidence,1789645498.4353414,1789645498.4353414,0.6669
/camera/world/agv3_confidence,1789645498.435362,1789645498.435362,0.666
/camera/world/agv2_confidence,1789645498.435377,1789645498.435377,0.6583
/camera/world/agv2_confidence,1789645498.4773614,1789645498.4773614,0.6586
/camera/world/agv3_confidence,1789645498.477376,1789645498.477376,0.6641
/camera/world/agv1_confidence,1789645498.4773781,1789645498.4773781,0.6661
/camera/world/agv1_confidence,1789645498.5076447,1789645498.5076447,0.6681
/camera/world/agv2_confidence,1789645498.50797,1789645498.50797,0.6593
/camera/world/agv3_confidence,1789645498.5080237,1789645498.5080237,0.6653
/camera/world/agv2_confidence,1789645498.5353694,1789645498.5353694,0.6605
/camera/world/agv1_confidence,1789645498.5353816,1789645498.5353816,0.6674
/camera/world/agv3_confidence,1789645498.5355048,1789645498.5355048,0.6644
/camera/world/agv2_confidence,1789645498.5736678,1789645498.5736678,0.6587
/camera/world/agv3_confidence,1789645498.5737395,1789645498.5737395,0.6669
/camera/world/agv1_confidence,1789645498.5737908,1789645498.5737908,0.6666
/camera/world/agv3_confidence,1789645498.6072881,1789645498.6072881,0.6646
/camera/world/agv1_confidence,1789645498.60732,1789645498.60732,0.6659
/camera/world/agv2_confidence,1789645498.6074483,1789645498.6074483,0.6603
/camera/world/agv2_confidence,1789645498.6361687,1789645498.6361687,0.6587
/camera/world/agv3_confidence,1789645498.6362422,1789645498.6362422,0.6671
/camera/world/agv1_confidence,1789645498.6362495,1789645498.6362495,0.6669
/camera/world/agv1_confidence,1789645498.6756344,1789645498.6756344,0.6666
/camera/world/agv3_confidence,1789645498.6758287,1789645498.6758287,0.6648
/camera/world/agv2_confidence,1789645498.6758378,1789645498.6758378,0.6596
/camera/world/agv2_confidence,1789645498.7056413,1789645498.7056413,0.6579
/camera/world/agv1_confidence,1789645498.7057626,1789645498.7057626,0.6669
/camera/world/agv3_confidence,1789645498.705947,1789645498.705947,0.6647
/camera/world/agv1_confidence,1789645498.7365801,1789645498.7365801,0.6673
/camera/world/agv3_confidence,1789645498.736736,1789645498.736736,0.6661
/camera/world/agv2_confidence,1789645498.7367587,1789645498.7367587,0.6576
/camera/world/agv2_confidence,1789645498.7767663,1789645498.7767663,0.6606
/camera/world/agv3_confidence,1789645498.7769167,1789645498.7769167,0.6661
/camera/world/agv1_confidence,1789645498.7769244,1789645498.7769244,0.6674
/camera/world/agv2_confidence,1789645498.8077765,1789645498.8077765,0.6605
/camera/world/agv1_confidence,1789645498.807837,1789645498.807837,0.6674
/camera/world/agv3_confidence,1789645498.8079002,1789645498.8079002,0.6682
/camera/world/agv3_confidence,1789645498.8349385,1789645498.8349385,0.6659
/camera/world/agv2_confidence,1789645498.8349898,1789645498.8349898,0.6596
/camera/world/agv1_confidence,1789645498.835085,1789645498.835085,0.6657
/camera/world/agv1_confidence,1789645498.87546,1789645498.87546,0.6649
/camera/world/agv2_confidence,1789645498.8755212,1789645498.8755212,0.6582
/camera/world/agv3_confidence,1789645498.8756585,1789645498.8756585,0.668
/camera/world/agv2_confidence,1789645498.912153,1789645498.912153,0.6584
/camera/world/agv1_confidence,1789645498.912156,1789645498.912156,0.6664
/camera/world/agv3_confidence,1789645498.912342,1789645498.912342,0.666
/camera/world/agv1_confidence,1789645498.936716,1789645498.936716,0.6664
/camera/world/agv3_confidence,1789645498.936799,1789645498.936799,0.6669
/camera/world/agv2_confidence,1789645498.9369469,1789645498.9369469,0.659
/camera/world/agv1_confidence,1789645498.974318,1789645498.974318,0.6665
/camera/world/agv2_confidence,1789645498.9743383,1789645498.9743383,0.659
/camera/world/agv3_confidence,1789645498.9745836,1789645498.9745836,0.6679
/camera/world/agv1_confidence,1789645499.0086133,1789645499.0086133,0.6659
/camera/world/agv2_confidence,1789645499.0088525,1789645499.0088525,0.6608
/camera/world/agv3_confidence,1789645499.0088563,1789645499.0088563,0.6676
/camera/world/agv1_confidence,1789645499.03603,1789645499.03603,0.6659
/camera/world/agv2_confidence,1789645499.0360842,1789645499.0360842,0.6598
/camera/world/agv3_confidence,1789645499.0362456,1789645499.0362456,0.6669
/camera/world/agv1_confidence,1789645499.0715997,1789645499.0715997,0.6681
/camera/world/agv2_confidence,1789645499.071689,1789645499.071689,0.6595
/camera/world/agv3_confidence,1789645499.0719016,1789645499.0719016,0.6668
/camera/world/agv2_confidence,1789645499.102136,1789645499.102136,0.6578
/camera/world/agv1_confidence,1789645499.1022186,1789645499.1022186,0.6677
/camera/world/agv3_confidence,1789645499.102449,1789645499.102449,0.6678
/camera/world/agv2_confidence,1789645499.136867,1789645499.136867,0.6586
/camera/world/agv1_confidence,1789645499.1368995,1789645499.1368995,0.6671
/camera/world/agv3_confidence,1789645499.1371064,1789645499.1371064,0.6643
/camera/world/agv1_confidence,1789645499.177139,1789645499.177139,0.6672
/camera/world/agv3_confidence,1789645499.177141,1789645499.177141,0.6685
/camera/world/agv2_confidence,1789645499.1772215,1789645499.1772215,0.6596
/camera/world/agv1_confidence,1789645499.2043903,1789645499.2043903,0.6671
/camera/world/agv3_confidence,1789645499.2046185,1789645499.2046185,0.667
/camera/world/agv2_confidence,1789645499.204641,1789645499.204641,0.6603
/camera/world/agv2_confidence,1789645499.2450457,1789645499.2450457,0.6602
/camera/world/agv3_confidence,1789645499.2451315,1789645499.2451315,0.6688
/camera/world/agv1_confidence,1789645499.2451997,1789645499.2451997,0.6662
/camera/world/agv1_confidence,1789645499.2759006,1789645499.2759006,0.6643
/camera/world/agv3_confidence,1789645499.276085,1789645499.276085,0.6666
/camera/world/agv2_confidence,1789645499.276111,1789645499.276111,0.6603
/camera/world/agv1_confidence,1789645499.3057458,1789645499.3057458,0.6658
/camera/world/agv3_confidence,1789645499.3057516,1789645499.3057516,0.665
/camera/world/agv2_confidence,1789645499.3058765,1789645499.3058765,0.6597
/camera/world/agv1_confidence,1789645499.337118,1789645499.337118,0.6657
/camera/world/agv2_confidence,1789645499.3371553,1789645499.3371553,0.6596
/camera/world/agv3_confidence,1789645499.3372002,1789645499.3372002,0.6645
/camera/world/agv2_confidence,1789645499.378542,1789645499.378542,0.6595
/camera/world/agv3_confidence,1789645499.378577,1789645499.378577,0.667
/camera/world/agv1_confidence,1789645499.3786418,1789645499.3786418,0.665
/camera/world/agv1_confidence,1789645499.4137928,1789645499.4137928,0.6655
/camera/world/agv3_confidence,1789645499.4140017,1789645499.4140017,0.6658
/camera/world/agv2_confidence,1789645499.4140692,1789645499.4140692,0.6587
/camera/world/agv1_confidence,1789645499.43734,1789645499.43734,0.6663
/camera/world/agv2_confidence,1789645499.4373736,1789645499.4373736,0.6609
/camera/world/agv3_confidence,1789645499.4376197,1789645499.4376197,0.6675
/camera/world/agv1_confidence,1789645499.4757867,1789645499.4757867,0.6663
/camera/world/agv2_confidence,1789645499.4760296,1789645499.4760296,0.6584
/camera/world/agv3_confidence,1789645499.4762027,1789645499.4762027,0.6649
/camera/world/agv1_confidence,1789645499.5045705,1789645499.5045705,0.6661
/camera/world/agv2_confidence,1789645499.504761,1789645499.504761,0.659
/camera/world/agv3_confidence,1789645499.5048404,1789645499.5048404,0.6661
/camera/world/agv1_confidence,1789645499.5428042,1789645499.5428042,0.6658
/camera/world/agv2_confidence,1789645499.5431712,1789645499.5431712,0.6605
/camera/world/agv3_confidence,1789645499.5433083,1789645499.5433083,0.6642
/camera/world/agv1_confidence,1789645499.571659,1789645499.571659,0.665
/camera/world/agv2_confidence,1789645499.57195,1789645499.57195,0.6596
/camera/world/agv3_confidence,1789645499.5719523,1789645499.5719523,0.664
/camera/world/agv1_confidence,1789645499.6010594,1789645499.6010594,0.6664
/camera/world/agv3_confidence,1789645499.6011486,1789645499.6011486,0.6661
/camera/world/agv2_confidence,1789645499.601156,1789645499.601156,0.6598
/camera/world/agv1_confidence,1789645499.6370754,1789645499.6370754,0.6664
/camera/world/agv3_confidence,1789645499.637147,1789645499.637147,0.6664
/camera/world/agv2_confidence,1789645499.637158,1789645499.637158,0.6596
/camera/world/agv1_confidence,1789645499.6771657,1789645499.6771657,0.6662
/camera/world/agv2_confidence,1789645499.6771848,1789645499.6771848,0.6579
/camera/world/agv3_confidence,1789645499.6772418,1789645499.6772418,0.6672
/camera/world/agv2_confidence,1789645499.7019582,1789645499.7019582,0.6606
/camera/world/agv1_confidence,1789645499.701966,1789645499.701966,0.6668
/camera/world/agv3_confidence,1789645499.70206,1789645499.70206,0.6667
/camera/world/agv1_confidence,1789645499.7394807,1789645499.7394807,0.6656
/camera/world/agv2_confidence,1789645499.7395897,1789645499.7395897,0.6592
/camera/world/agv3_confidence,1789645499.739612,1789645499.739612,0.6653
/camera/world/agv1_confidence,1789645499.76859,1789645499.76859,0.6659
/camera/world/agv2_confidence,1789645499.7687607,1789645499.7687607,0.6588
/camera/world/agv3_confidence,1789645499.7688174,1789645499.7688174,0.6661
/camera/world/agv1_confidence,1789645499.804883,1789645499.804883,0.6652
/camera/world/agv2_confidence,1789645499.8048964,1789645499.8048964,0.6593
/camera/world/agv3_confidence,1789645499.805009,1789645499.805009,0.6657
/camera/world/agv1_confidence,1789645499.8440974,1789645499.8440974,0.6663
/camera/world/agv3_confidence,1789645499.8441288,1789645499.8441288,0.6643
/camera/world/agv2_confidence,1789645499.8441339,1789645499.8441339,0.659
/camera/world/agv2_confidence,1789645499.875028,1789645499.875028,0.6577
/camera/world/agv3_confidence,1789645499.8750448,1789645499.8750448,0.6672
/camera/world/agv1_confidence,1789645499.8752146,1789645499.8752146,0.666
/camera/world/agv3_confidence,1789645499.9029374,1789645499.9029374,0.6672
/camera/world/agv1_confidence,1789645499.9029949,1789645499.9029949,0.6661
/camera/world/agv2_confidence,1789645499.9030318,1789645499.9030318,0.6588
/camera/world/agv2_confidence,1789645499.9459841,1789645499.9459841,0.6614
/camera/world/agv3_confidence,1789645499.9460316,1789645499.9460316,0.6673
/camera/world/agv1_confidence,1789645499.946159,1789645499.946159,0.667
/camera/world/agv3_confidence,1789645499.9740517,1789645499.9740517,0.6657
/camera/world/agv2_confidence,1789645499.974061,1789645499.974061,0.6611
/camera/world/agv1_confidence,1789645499.9740977,1789645499.9740977,0.6667
/camera/world/agv2_confidence,1789645500.0035746,1789645500.0035746,0.6597
/camera/world/agv3_confidence,1789645500.0037158,1789645500.0037158,0.6647
/camera/world/agv1_confidence,1789645500.003782,1789645500.003782,0.6665
/camera/world/agv2_confidence,1789645500.0459335,1789645500.0459335,0.6607
/camera/world/agv3_confidence,1789645500.045945,1789645500.045945,0.6668
/camera/world/agv1_confidence,1789645500.0460522,1789645500.0460522,0.666
/camera/world/agv2_confidence,1789645500.0714679,1789645500.0714679,0.661
/camera/world/agv3_confidence,1789645500.0714805,1789645500.0714805,0.6657
/camera/world/agv1_confidence,1789645500.0714839,1789645500.0714839,0.6651
/camera/world/agv1_confidence,1789645500.1037846,1789645500.1037846,0.6658
/camera/world/agv2_confidence,1789645500.1038094,1789645500.1038094,0.6579
/camera/world/agv3_confidence,1789645500.1041749,1789645500.1041749,0.6662
/camera/world/agv2_confidence,1789645500.1466029,1789645500.1466029,0.66
/camera/world/agv3_confidence,1789645500.1466126,1789645500.1466126,0.6667
/camera/world/agv1_confidence,1789645500.1469247,1789645500.1469247,0.666
/camera/world/agv2_confidence,1789645500.1752923,1789645500.1752923,0.656
/camera/world/agv3_confidence,1789645500.1755207,1789645500.1755207,0.6651
/camera/world/agv1_confidence,1789645500.17555,1789645500.17555,0.6648
/camera/world/agv1_confidence,1789645500.2064655,1789645500.2064655,0.6647
/camera/world/agv2_confidence,1789645500.2066846,1789645500.2066846,0.658
/camera/world/agv3_confidence,1789645500.2067428,1789645500.2067428,0.6667
/camera/world/agv3_confidence,1789645500.235518,1789645500.235518,0.666
/camera/world/agv1_confidence,1789645500.2355683,1789645500.2355683,0.6668
/camera/world/agv2_confidence,1789645500.2355988,1789645500.2355988,0.6592
/camera/world/agv1_confidence,1789645500.2786644,1789645500.2786644,0.6679
/camera/world/agv3_confidence,1789645500.2786844,1789645500.2786844,0.6667
/camera/world/agv2_confidence,1789645500.2788067,1789645500.2788067,0.6592
/camera/world/agv2_confidence,1789645500.3142798,1789645500.3142798,0.6589
/camera/world/agv1_confidence,1789645500.3143425,1789645500.3143425,0.6648
/camera/world/agv3_confidence,1789645500.3143492,1789645500.3143492,0.6676
/camera/world/agv2_confidence,1789645500.3390954,1789645500.3390954,0.6574
/camera/world/agv1_confidence,1789645500.3391137,1789645500.3391137,0.6658
/camera/world/agv3_confidence,1789645500.3391795,1789645500.3391795,0.6664
/camera/world/agv1_confidence,1789645500.372875,1789645500.372875,0.6646
/camera/world/agv2_confidence,1789645500.3732367,1789645500.3732367,0.66
/camera/world/agv3_confidence,1789645500.3732486,1789645500.3732486,0.6667
/camera/world/agv1_confidence,1789645500.4060066,1789645500.4060066,0.6649
/camera/world/agv2_confidence,1789645500.4060085,1789645500.4060085,0.6593
/camera/world/agv3_confidence,1789645500.4062693,1789645500.4062693,0.6686
/camera/world/agv1_confidence,1789645500.4448884,1789645500.4448884,0.6663
/camera/world/agv2_confidence,1789645500.4448938,1789645500.4448938,0.6599
/camera/world/agv3_confidence,1789645500.4450877,1789645500.4450877,0.6676
/camera/world/agv2_confidence,1789645500.4732857,1789645500.4732857,0.6601
/camera/world/agv3_confidence,1789645500.4734752,1789645500.4734752,0.6662
/camera/world/agv1_confidence,1789645500.4735143,1789645500.4735143,0.666
/camera/world/agv3_confidence,1789645500.508008,1789645500.508008,0.6644
/camera/world/agv2_confidence,1789645500.508074,1789645500.508074,0.6598
/camera/world/agv1_confidence,1789645500.5080907,1789645500.5080907,0.6653
/camera/world/agv1_confidence,1789645500.536788,1789645500.536788,0.6663
/camera/world/agv2_confidence,1789645500.5370002,1789645500.5370002,0.6598
/camera/world/agv3_confidence,1789645500.5371032,1789645500.5371032,0.666
/camera/world/agv1_confidence,1789645500.569755,1789645500.569755,0.6671
/camera/world/agv2_confidence,1789645500.569917,1789645500.569917,0.6594
/camera/world/agv3_confidence,1789645500.5699837,1789645500.5699837,0.6672
/camera/world/agv1_confidence,1789645500.6088564,1789645500.6088564,0.6662
/camera/world/agv3_confidence,1789645500.609105,1789645500.609105,0.6663
/camera/world/agv2_confidence,1789645500.609126,1789645500.609126,0.6572
/camera/world/agv2_confidence,1789645500.6369956,1789645500.6369956,0.6599
/camera/world/agv1_confidence,1789645500.6371047,1789645500.6371047,0.6674
/camera/world/agv3_confidence,1789645500.6371686,1789645500.6371686,0.6677
/camera/world/agv1_confidence,1789645500.6715653,1789645500.6715653,0.6663
/camera/world/agv2_confidence,1789645500.6717525,1789645500.6717525,0.6605
/camera/world/agv3_confidence,1789645500.6719494,1789645500.6719494,0.6677
/camera/world/agv1_confidence,1789645500.7091935,1789645500.7091935,0.6577
/camera/world/agv2_confidence,1789645500.7092316,1789645500.7092316,0.6613
/camera/world/agv3_confidence,1789645500.7095244,1789645500.7095244,0.6671
/camera/world/agv1_confidence,1789645500.7388406,1789645500.7388406,0.6678
/camera/world/agv2_confidence,1789645500.7391849,1789645500.7391849,0.661
/camera/world/agv3_confidence,1789645500.7392037,1789645500.7392037,0.667
/camera/world/agv1_confidence,1789645500.77386,1789645500.77386,0.6656
/camera/world/agv2_confidence,1789645500.7738864,1789645500.7738864,0.66
/camera/world/agv3_confidence,1789645500.7742484,1789645500.7742484,0.6665
/camera/world/agv1_confidence,1789645500.8024385,1789645500.8024385,0.6659
/camera/world/agv2_confidence,1789645500.8025055,1789645500.8025055,0.6603
/camera/world/agv3_confidence,1789645500.8027177,1789645500.8027177,0.6661
/camera/world/agv1_confidence,1789645500.8482628,1789645500.8482628,0.6654
/camera/world/agv3_confidence,1789645500.84843,1789645500.84843,0.6655
/camera/world/agv2_confidence,1789645500.8485475,1789645500.8485475,0.6606
/camera/world/agv1_confidence,1789645500.8689873,1789645500.8689873,0.6659
/camera/world/agv2_confidence,1789645500.8691235,1789645500.8691235,0.6589
/camera/world/agv3_confidence,1789645500.8691525,1789645500.8691525,0.6674
/camera/world/agv2_confidence,1789645500.906749,1789645500.906749,0.6604
/camera/world/agv3_confidence,1789645500.9069006,1789645500.9069006,0.6671
/camera/world/agv1_confidence,1789645500.9069324,1789645500.9069324,0.668
/camera/world/agv1_confidence,1789645500.937871,1789645500.937871,0.6649
/camera/world/agv3_confidence,1789645500.9381797,1789645500.9381797,0.6648
/camera/world/agv2_confidence,1789645500.9382434,1789645500.9382434,0.6596
/camera/world/agv3_confidence,1789645500.9689085,1789645500.9689085,0.6673
/camera/world/agv2_confidence,1789645500.9689095,1789645500.9689095,0.6598
/camera/world/agv1_confidence,1789645500.9690282,1789645500.9690282,0.6654
/camera/world/agv2_confidence,1789645501.006206,1789645501.006206,0.6592
/camera/world/agv3_confidence,1789645501.0063152,1789645501.0063152,0.6663
/camera/world/agv1_confidence,1789645501.0064728,1789645501.0064728,0.6663
/camera/world/agv1_confidence,1789645501.036939,1789645501.036939,0.6661
/camera/world/agv3_confidence,1789645501.0370455,1789645501.0370455,0.667
/camera/world/agv2_confidence,1789645501.037075,1789645501.037075,0.6588
/camera/world/agv1_confidence,1789645501.0749915,1789645501.0749915,0.6666
/camera/world/agv2_confidence,1789645501.0750039,1789645501.0750039,0.6588
/camera/world/agv3_confidence,1789645501.0750198,1789645501.0750198,0.6671
/camera/world/agv1_confidence,1789645501.1076076,1789645501.1076076,0.6648
/camera/world/agv2_confidence,1789645501.1077738,1789645501.1077738,0.6598
/camera/world/agv3_confidence,1789645501.1077795,1789645501.1077795,0.6676
/camera/world/agv1_confidence,1789645501.1346607,1789645501.1346607,0.6694
/camera/world/agv3_confidence,1789645501.1352444,1789645501.1352444,0.6673
/camera/world/agv2_confidence,1789645501.1354022,1789645501.1354022,0.6577
/camera/world/agv1_confidence,1789645501.1725605,1789645501.1725605,0.6637
/camera/world/agv2_confidence,1789645501.1726284,1789645501.1726284,0.6586
/camera/world/agv3_confidence,1789645501.1728272,1789645501.1728272,0.6653
/camera/world/agv3_confidence,1789645501.2007399,1789645501.2007399,0.6665
/camera/world/agv1_confidence,1789645501.2007492,1789645501.2007492,0.666
/camera/world/agv2_confidence,1789645501.2007706,1789645501.2007706,0.6625
/camera/world/agv2_confidence,1789645501.2388093,1789645501.2388093,0.6585
/camera/world/agv1_confidence,1789645501.238955,1789645501.238955,0.6649
/camera/world/agv3_confidence,1789645501.2391121,1789645501.2391121,0.6657
/camera/world/agv2_confidence,1789645501.2758417,1789645501.2758417,0.6606
/camera/world/agv1_confidence,1789645501.2758439,1789645501.2758439,0.668
/camera/world/agv3_confidence,1789645501.2759678,1789645501.2759678,0.6668
/camera/world/agv2_confidence,1789645501.3028278,1789645501.3028278,0.6584
/camera/world/agv1_confidence,1789645501.3028383,1789645501.3028383,0.666
/camera/world/agv3_confidence,1789645501.3029237,1789645501.3029237,0.6662
/camera/world/agv1_confidence,1789645501.3436043,1789645501.3436043,0.6678
/camera/world/agv2_confidence,1789645501.3436263,1789645501.3436263,0.6609
/camera/world/agv3_confidence,1789645501.3437314,1789645501.3437314,0.666
/camera/world/agv1_confidence,1789645501.3736832,1789645501.3736832,0.6681
/camera/world/agv2_confidence,1789645501.3738198,1789645501.3738198,0.6586
/camera/world/agv3_confidence,1789645501.3741603,1789645501.3741603,0.6679
/camera/world/agv1_confidence,1789645501.4152043,1789645501.4152043,0.6657
/camera/world/agv3_confidence,1789645501.4152806,1789645501.4152806,0.6675
/camera/world/agv2_confidence,1789645501.4154086,1789645501.4154086,0.659
/camera/world/agv1_confidence,1789645501.4358566,1789645501.4358566,0.6685
/camera/world/agv3_confidence,1789645501.4361176,1789645501.4361176,0.6663
/camera/world/agv2_confidence,1789645501.4361377,1789645501.4361377,0.6596
/camera/world/agv1_confidence,1789645501.4752562,1789645501.4752562,0.6669
/camera/world/agv2_confidence,1789645501.4753017,1789645501.4753017,0.6584
/camera/world/agv3_confidence,1789645501.4754581,1789645501.4754581,0.6662
/camera/world/agv1_confidence,1789645501.5040119,1789645501.5040119,0.6658
/camera/world/agv3_confidence,1789645501.5042274,1789645501.5042274,0.6665
/camera/world/agv2_confidence,1789645501.504246,1789645501.504246,0.6606
/camera/world/agv2_confidence,1789645501.5411603,1789645501.5411603,0.6592
/camera/world/agv1_confidence,1789645501.541179,1789645501.541179,0.6662
/camera/world/agv3_confidence,1789645501.5412183,1789645501.5412183,0.6665
/camera/world/agv2_confidence,1789645501.5696955,1789645501.5696955,0.6569
/camera/world/agv3_confidence,1789645501.569744,1789645501.569744,0.6633
/camera/world/agv1_confidence,1789645501.569826,1789645501.569826,0.6664
/camera/world/agv1_confidence,1789645501.6062922,1789645501.6062922,0.667
/camera/world/agv2_confidence,1789645501.606299,1789645501.606299,0.6609
/camera/world/agv3_confidence,1789645501.606581,1789645501.606581,0.6675
/camera/world/agv1_confidence,1789645501.6347165,1789645501.6347165,0.669
/camera/world/agv3_confidence,1789645501.6349707,1789645501.6349707,0.6673
/camera/world/agv2_confidence,1789645501.63498,1789645501.63498,0.6605
/camera/world/agv2_confidence,1789645501.6789637,1789645501.6789637,0.659
/camera/world/agv1_confidence,1789645501.6790085,1789645501.6790085,0.667
/camera/world/agv3_confidence,1789645501.679107,1789645501.679107,0.6685
/camera/world/agv2_confidence,1789645501.7049065,1789645501.7049065,0.6596
/camera/world/agv1_confidence,1789645501.705022,1789645501.705022,0.6653
/camera/world/agv3_confidence,1789645501.7051792,1789645501.7051792,0.6647
/camera/world/agv1_confidence,1789645501.7447462,1789645501.7447462,0.6666
/camera/world/agv2_confidence,1789645501.7448194,1789645501.7448194,0.6599
/camera/world/agv3_confidence,1789645501.7449868,1789645501.7449868,0.6664
/camera/world/agv1_confidence,1789645501.7753444,1789645501.7753444,0.6663
/camera/world/agv2_confidence,1789645501.7753506,1789645501.7753506,0.6612
/camera/world/agv3_confidence,1789645501.775417,1789645501.775417,0.667
/camera/world/agv1_confidence,1789645501.8083243,1789645501.8083243,0.6654
/camera/world/agv2_confidence,1789645501.8083498,1789645501.8083498,0.6598
/camera/world/agv3_confidence,1789645501.8084264,1789645501.8084264,0.6678
/camera/world/agv2_confidence,1789645501.8404694,1789645501.8404694,0.6588
/camera/world/agv3_confidence,1789645501.8405638,1789645501.8405638,0.6654
/camera/world/agv1_confidence,1789645501.8405879,1789645501.8405879,0.6662
/camera/world/agv3_confidence,1789645501.8744888,1789645501.8744888,0.6664
/camera/world/agv1_confidence,1789645501.8745046,1789645501.8745046,0.6691
/camera/world/agv2_confidence,1789645501.8745074,1789645501.8745074,0.6612
/camera/world/agv2_confidence,1789645501.9052331,1789645501.9052331,0.6603
/camera/world/agv1_confidence,1789645501.905272,1789645501.905272,0.6664
/camera/world/agv3_confidence,1789645501.90535,1789645501.90535,0.6644
/camera/world/agv1_confidence,1789645501.934867,1789645501.934867,0.6648
/camera/world/agv2_confidence,1789645501.9349325,1789645501.9349325,0.661
/camera/world/agv3_confidence,1789645501.9352796,1789645501.9352796,0.6659
/camera/world/agv1_confidence,1789645501.976537,1789645501.976537,0.6595
/camera/world/agv2_confidence,1789645501.9767275,1789645501.9767275,0.6596
/camera/world/agv3_confidence,1789645501.976791,1789645501.976791,0.6651
/camera/world/agv1_confidence,1789645502.011293,1789645502.011293,0.6676
/camera/world/agv2_confidence,1789645502.011295,1789645502.011295,0.6594
/camera/world/agv3_confidence,1789645502.0114746,1789645502.0114746,0.6655
/camera/world/agv2_confidence,1789645502.045233,1789645502.045233,0.6599
/camera/world/agv3_confidence,1789645502.0453882,1789645502.0453882,0.6644
/camera/world/agv1_confidence,1789645502.045411,1789645502.045411,0.6682
/camera/world/agv2_confidence,1789645502.078998,1789645502.078998,0.6598
/camera/world/agv1_confidence,1789645502.0792174,1789645502.0792174,0.6658
/camera/world/agv3_confidence,1789645502.0793436,1789645502.0793436,0.6672
/camera/world/agv1_confidence,1789645502.1104207,1789645502.1104207,0.6658
/camera/world/agv3_confidence,1789645502.1104896,1789645502.1104896,0.6662
/camera/world/agv2_confidence,1789645502.1106339,1789645502.1106339,0.6595
/camera/world/agv1_confidence,1789645502.1402347,1789645502.1402347,0.6663
/camera/world/agv2_confidence,1789645502.140477,1789645502.140477,0.6586
/camera/world/agv3_confidence,1789645502.1405468,1789645502.1405468,0.6669
/camera/world/agv1_confidence,1789645502.171931,1789645502.171931,0.6684
/camera/world/agv2_confidence,1789645502.1719472,1789645502.1719472,0.6591
/camera/world/agv3_confidence,1789645502.1719494,1789645502.1719494,0.6663
/camera/world/agv1_confidence,1789645502.2051408,1789645502.2051408,0.6683
/camera/world/agv3_confidence,1789645502.2052243,1789645502.2052243,0.6648
/camera/world/agv2_confidence,1789645502.2052438,1789645502.2052438,0.6594
/camera/world/agv1_confidence,1789645502.234621,1789645502.234621,0.6647
/camera/world/agv2_confidence,1789645502.2347455,1789645502.2347455,0.6585
/camera/world/agv3_confidence,1789645502.2349527,1789645502.2349527,0.6645
/camera/world/agv1_confidence,1789645502.283926,1789645502.283926,0.6664
/camera/world/agv2_confidence,1789645502.2841382,1789645502.2841382,0.6591
/camera/world/agv3_confidence,1789645502.284269,1789645502.284269,0.6657
/camera/world/agv1_confidence,1789645502.3039794,1789645502.3039794,0.6668
/camera/world/agv2_confidence,1789645502.3040032,1789645502.3040032,0.6593
/camera/world/agv3_confidence,1789645502.3040648,1789645502.3040648,0.6644
/camera/world/agv3_confidence,1789645502.3453498,1789645502.3453498,0.6654
/camera/world/agv1_confidence,1789645502.3453634,1789645502.3453634,0.6658
/camera/world/agv2_confidence,1789645502.3453712,1789645502.3453712,0.6581
/camera/world/agv2_confidence,1789645502.3736799,1789645502.3736799,0.6594
/camera/world/agv3_confidence,1789645502.3737736,1789645502.3737736,0.6668
/camera/world/agv1_confidence,1789645502.3738024,1789645502.3738024,0.6645
/camera/world/agv1_confidence,1789645502.4082272,1789645502.4082272,0.6668
/camera/world/agv3_confidence,1789645502.4082367,1789645502.4082367,0.6668
/camera/world/agv2_confidence,1789645502.4084787,1789645502.4084787,0.6594
/camera/world/agv1_confidence,1789645502.4459677,1789645502.4459677,0.6658
/camera/world/agv3_confidence,1789645502.4459705,1789645502.4459705,0.6666
/camera/world/agv2_confidence,1789645502.4462206,1789645502.4462206,0.6616
/camera/world/agv1_confidence,1789645502.4743931,1789645502.4743931,0.6662
/camera/world/agv2_confidence,1789645502.4746406,1789645502.4746406,0.6578
/camera/world/agv3_confidence,1789645502.4747944,1789645502.4747944,0.6644
/camera/world/agv1_confidence,1789645502.5052452,1789645502.5052452,0.6654
/camera/world/agv2_confidence,1789645502.5052657,1789645502.5052657,0.6595
/camera/world/agv3_confidence,1789645502.505477,1789645502.505477,0.6664
/camera/world/agv1_confidence,1789645502.545004,1789645502.545004,0.6666
/camera/world/agv3_confidence,1789645502.5450335,1789645502.5450335,0.6648
/camera/world/agv2_confidence,1789645502.5450425,1789645502.5450425,0.6593
/camera/world/agv1_confidence,1789645502.5727327,1789645502.5727327,0.667
/camera/world/agv3_confidence,1789645502.572746,1789645502.572746,0.6664
/camera/world/agv2_confidence,1789645502.5727613,1789645502.5727613,0.6588
/camera/world/agv1_confidence,1789645502.6028142,1789645502.6028142,0.667
/camera/world/agv2_confidence,1789645502.6029398,1789645502.6029398,0.6603
/camera/world/agv3_confidence,1789645502.6032035,1789645502.6032035,0.6647
/camera/world/agv1_confidence,1789645502.6390655,1789645502.6390655,0.6681
/camera/world/agv2_confidence,1789645502.6392162,1789645502.6392162,0.6579
/camera/world/agv3_confidence,1789645502.639534,1789645502.639534,0.6652
/camera/world/agv2_confidence,1789645502.6725156,1789645502.6725156,0.6591
/camera/world/agv3_confidence,1789645502.6725953,1789645502.6725953,0.6662
/camera/world/agv1_confidence,1789645502.6726768,1789645502.6726768,0.6669
/camera/world/agv2_confidence,1789645502.7019114,1789645502.7019114,0.661
/camera/world/agv1_confidence,1789645502.7019644,1789645502.7019644,0.6657
/camera/world/agv3_confidence,1789645502.7020013,1789645502.7020013,0.666
/camera/world/agv3_confidence,1789645502.735707,1789645502.735707,0.6663
/camera/world/agv1_confidence,1789645502.7357075,1789645502.7357075,0.6657
/camera/world/agv2_confidence,1789645502.735716,1789645502.735716,0.6577
/camera/world/agv2_confidence,1789645502.7779472,1789645502.7779472,0.66
/camera/world/agv1_confidence,1789645502.7780817,1789645502.7780817,0.6662
/camera/world/agv3_confidence,1789645502.7782195,1789645502.7782195,0.6648
/camera/world/agv1_confidence,1789645502.8105934,1789645502.8105934,0.6648
/camera/world/agv2_confidence,1789645502.810617,1789645502.810617,0.6591
/camera/world/agv3_confidence,1789645502.810797,1789645502.810797,0.6669
/camera/world/agv1_confidence,1789645502.8356686,1789645502.8356686,0.666
/camera/world/agv2_confidence,1789645502.8356698,1789645502.8356698,0.6575
/camera/world/agv3_confidence,1789645502.835965,1789645502.835965,0.6667
/camera/world/agv2_confidence,1789645502.8794174,1789645502.8794174,0.6604
/camera/world/agv3_confidence,1789645502.8795388,1789645502.8795388,0.6641
/camera/world/agv1_confidence,1789645502.8795428,1789645502.8795428,0.6653
/camera/world/agv2_confidence,1789645502.9057002,1789645502.9057002,0.66
/camera/world/agv3_confidence,1789645502.905801,1789645502.905801,0.6631
/camera/world/agv1_confidence,1789645502.9058082,1789645502.9058082,0.6651
/camera/world/agv3_confidence,1789645502.935534,1789645502.935534,0.6644
/camera/world/agv1_confidence,1789645502.9356024,1789645502.9356024,0.6644
/camera/world/agv2_confidence,1789645502.9356499,1789645502.9356499,0.6574
/camera/world/agv2_confidence,1789645502.9737766,1789645502.9737766,0.6586
/camera/world/agv1_confidence,1789645502.9738002,1789645502.9738002,0.6652
/camera/world/agv3_confidence,1789645502.973827,1789645502.973827,0.6672
/camera/world/agv1_confidence,1789645503.004437,1789645503.004437,0.6657
/camera/world/agv2_confidence,1789645503.0045533,1789645503.0045533,0.6588
/camera/world/agv3_confidence,1789645503.0047293,1789645503.0047293,0.665
/camera/world/agv1_confidence,1789645503.0347342,1789645503.0347342,0.6665
/camera/world/agv3_confidence,1789645503.0349529,1789645503.0349529,0.6678
/camera/world/agv2_confidence,1789645503.0349765,1789645503.0349765,0.6586
/camera/world/agv1_confidence,1789645503.0762482,1789645503.0762482,0.6685
/camera/world/agv2_confidence,1789645503.0762746,1789645503.0762746,0.6593
/camera/world/agv3_confidence,1789645503.0764296,1789645503.0764296,0.6669
/camera/world/agv1_confidence,1789645503.1051257,1789645503.1051257,0.6688
/camera/world/agv2_confidence,1789645503.1052456,1789645503.1052456,0.6593
/camera/world/agv3_confidence,1789645503.1052477,1789645503.1052477,0.6654
/camera/world/agv2_confidence,1789645503.135774,1789645503.135774,0.658
/camera/world/agv1_confidence,1789645503.1358736,1789645503.1358736,0.6668
/camera/world/agv3_confidence,1789645503.135989,1789645503.135989,0.6653
/camera/world/agv1_confidence,1789645503.1736183,1789645503.1736183,0.6681
/camera/world/agv2_confidence,1789645503.1736631,1789645503.1736631,0.6594
/camera/world/agv3_confidence,1789645503.1738625,1789645503.1738625,0.6656
/camera/world/agv1_confidence,1789645503.2052963,1789645503.2052963,0.6681
/camera/world/agv2_confidence,1789645503.2053018,1789645503.2053018,0.6594
/camera/world/agv3_confidence,1789645503.2053494,1789645503.2053494,0.6651
/camera/world/agv1_confidence,1789645503.2328014,1789645503.2328014,0.6691
/camera/world/agv2_confidence,1789645503.2329934,1789645503.2329934,0.6583
/camera/world/agv3_confidence,1789645503.2330763,1789645503.2330763,0.6645
/camera/world/agv1_confidence,1789645503.2710137,1789645503.2710137,0.6671
/camera/world/agv2_confidence,1789645503.271204,1789645503.271204,0.6579
/camera/world/agv3_confidence,1789645503.2713413,1789645503.2713413,0.665
/camera/world/agv1_confidence,1789645503.302483,1789645503.302483,0.6637
/camera/world/agv2_confidence,1789645503.3026018,1789645503.3026018,0.6594
/camera/world/agv3_confidence,1789645503.3026812,1789645503.3026812,0.6663
/camera/world/agv1_confidence,1789645503.3379648,1789645503.3379648,0.6655
/camera/world/agv2_confidence,1789645503.3381865,1789645503.3381865,0.6589
/camera/world/agv3_confidence,1789645503.338334,1789645503.338334,0.6643
/camera/world/agv2_confidence,1789645503.376766,1789645503.376766,0.6591
/camera/world/agv3_confidence,1789645503.3767848,1789645503.3767848,0.6662
/camera/world/agv1_confidence,1789645503.3768148,1789645503.3768148,0.664
/camera/world/agv2_confidence,1789645503.41322,1789645503.41322,0.6581
/camera/world/agv1_confidence,1789645503.413248,1789645503.413248,0.6666
/camera/world/agv3_confidence,1789645503.4132957,1789645503.4132957,0.6659
/camera/world/agv2_confidence,1789645503.439532,1789645503.439532,0.6595
/camera/world/agv1_confidence,1789645503.4397597,1789645503.4397597,0.6638
/camera/world/agv3_confidence,1789645503.4397714,1789645503.4397714,0.6644
/camera/world/agv2_confidence,1789645503.474916,1789645503.474916,0.659
/camera/world/agv1_confidence,1789645503.4749446,1789645503.4749446,0.6645
/camera/world/agv3_confidence,1789645503.4750025,1789645503.4750025,0.6653
/camera/world/agv1_confidence,1789645503.501916,1789645503.501916,0.6648
/camera/world/agv3_confidence,1789645503.5020854,1789645503.5020854,0.6651
/camera/world/agv2_confidence,1789645503.5022118,1789645503.5022118,0.658
/camera/world/agv1_confidence,1789645503.538128,1789645503.538128,0.6641
/camera/world/agv3_confidence,1789645503.5381703,1789645503.5381703,0.6653
/camera/world/agv2_confidence,1789645503.5383255,1789645503.5383255,0.6591
/camera/world/agv1_confidence,1789645503.5761094,1789645503.5761094,0.6647
/camera/world/agv2_confidence,1789645503.5762286,1789645503.5762286,0.6587
/camera/world/agv3_confidence,1789645503.576262,1789645503.576262,0.6614
/camera/world/agv2_confidence,1789645503.605294,1789645503.605294,0.6587
/camera/world/agv1_confidence,1789645503.605454,1789645503.605454,0.6671
/camera/world/agv3_confidence,1789645503.6054685,1789645503.6054685,0.6628
/camera/world/agv3_confidence,1789645503.6343162,1789645503.6343162,0.6662
/camera/world/agv2_confidence,1789645503.634342,1789645503.634342,0.6587
/camera/world/agv1_confidence,1789645503.634443,1789645503.634443,0.6661
/camera/world/agv1_confidence,1789645503.6726303,1789645503.6726303,0.6665
/camera/world/agv3_confidence,1789645503.6726408,1789645503.6726408,0.6642
/camera/world/agv2_confidence,1789645503.6726506,1789645503.6726506,0.6583
/camera/world/agv2_confidence,1789645503.708831,1789645503.708831,0.6588
/camera/world/agv3_confidence,1789645503.7088761,1789645503.7088761,0.6644
/camera/world/agv1_confidence,1789645503.7090123,1789645503.7090123,0.6661
/camera/world/agv1_confidence,1789645503.7369103,1789645503.7369103,0.6658
/camera/world/agv3_confidence,1789645503.737277,1789645503.737277,0.6632
/camera/world/agv2_confidence,1789645503.7372801,1789645503.7372801,0.6575
/camera/world/agv1_confidence,1789645503.7767634,1789645503.7767634,0.6694
/camera/world/agv2_confidence,1789645503.7769592,1789645503.7769592,0.6593
/camera/world/agv3_confidence,1789645503.7771356,1789645503.7771356,0.6649
/camera/world/agv3_confidence,1789645503.806155,1789645503.806155,0.6645
/camera/world/agv1_confidence,1789645503.8061619,1789645503.8061619,0.6694
/camera/world/agv2_confidence,1789645503.8061864,1789645503.8061864,0.6541
/camera/world/agv1_confidence,1789645503.840457,1789645503.840457,0.6662
/camera/world/agv2_confidence,1789645503.840721,1789645503.840721,0.6569
/camera/world/agv3_confidence,1789645503.8407722,1789645503.8407722,0.6613
/camera/world/agv1_confidence,1789645503.8746123,1789645503.8746123,0.6557
/camera/world/agv2_confidence,1789645503.8746161,1789645503.8746161,0.6592
/camera/world/agv3_confidence,1789645503.8746629,1789645503.8746629,0.6651
/camera/world/agv1_confidence,1789645503.9056304,1789645503.9056304,0.6695
/camera/world/agv2_confidence,1789645503.905859,1789645503.905859,0.6597
/camera/world/agv3_confidence,1789645503.9059875,1789645503.9059875,0.6643
/camera/world/agv1_confidence,1789645503.9356265,1789645503.9356265,0.6675
/camera/world/agv2_confidence,1789645503.9357004,1789645503.9357004,0.6581
/camera/world/agv3_confidence,1789645503.9357924,1789645503.9357924,0.6651
/camera/world/agv2_confidence,1789645503.9771998,1789645503.9771998,0.6582
/camera/world/agv1_confidence,1789645503.9772031,1789645503.9772031,0.6661
/camera/world/agv3_confidence,1789645503.9774892,1789645503.9774892,0.6649
/camera/world/agv1_confidence,1789645504.0133393,1789645504.0133393,0.6686
/camera/world/agv2_confidence,1789645504.0134916,1789645504.0134916,0.6579
/camera/world/agv3_confidence,1789645504.0135703,1789645504.0135703,0.6628
/camera/world/agv2_confidence,1789645504.0397081,1789645504.0397081,0.6575
/camera/world/agv3_confidence,1789645504.039743,1789645504.039743,0.6612
/camera/world/agv1_confidence,1789645504.0398796,1789645504.0398796,0.6635
/camera/world/agv1_confidence,1789645504.074079,1789645504.074079,0.6656
/camera/world/agv3_confidence,1789645504.0741055,1789645504.0741055,0.6641
/camera/world/agv2_confidence,1789645504.0741272,1789645504.0741272,0.6586
/camera/world/agv2_confidence,1789645504.1068003,1789645504.1068003,0.6574
/camera/world/agv3_confidence,1789645504.106888,1789645504.106888,0.6643
/camera/world/agv1_confidence,1789645504.1069074,1789645504.1069074,0.6654
/camera/world/agv1_confidence,1789645504.1514785,1789645504.1514785,0.6636
/camera/world/agv2_confidence,1789645504.1516807,1789645504.1516807,0.659
/camera/world/agv3_confidence,1789645504.1518273,1789645504.1518273,0.6626
/camera/world/agv1_confidence,1789645504.175066,1789645504.175066,0.6647
/camera/world/agv3_confidence,1789645504.175308,1789645504.175308,0.6635
/camera/world/agv2_confidence,1789645504.1753225,1789645504.1753225,0.6568
/camera/world/agv1_confidence,1789645504.2038724,1789645504.2038724,0.6651
/camera/world/agv2_confidence,1789645504.2042053,1789645504.2042053,0.6567
/camera/world/agv3_confidence,1789645504.2042086,1789645504.2042086,0.6653
/camera/world/agv1_confidence,1789645504.2357903,1789645504.2357903,0.664
/camera/world/agv3_confidence,1789645504.2359793,1789645504.2359793,0.6651
/camera/world/agv2_confidence,1789645504.2359948,1789645504.2359948,0.6574
/camera/world/agv1_confidence,1789645504.272769,1789645504.272769,0.6649
/camera/world/agv2_confidence,1789645504.2729805,1789645504.2729805,0.6579
/camera/world/agv3_confidence,1789645504.273128,1789645504.273128,0.6642
/camera/world/agv1_confidence,1789645504.302539,1789645504.302539,0.6635
/camera/world/agv3_confidence,1789645504.3025548,1789645504.3025548,0.6641
/camera/world/agv2_confidence,1789645504.3025572,1789645504.3025572,0.6583
/camera/world/agv2_confidence,1789645504.3466184,1789645504.3466184,0.6584
/camera/world/agv1_confidence,1789645504.3466282,1789645504.3466282,0.6663
/camera/world/agv3_confidence,1789645504.3467064,1789645504.3467064,0.6671
/camera/world/agv1_confidence,1789645504.3794546,1789645504.3794546,0.6644
/camera/world/agv2_confidence,1789645504.3794718,1789645504.3794718,0.6586
/camera/world/agv3_confidence,1789645504.3796422,1789645504.3796422,0.6606
/camera/world/agv1_confidence,1789645504.405894,1789645504.405894,0.6644
/camera/world/agv2_confidence,1789645504.4059327,1789645504.4059327,0.6587
/camera/world/agv3_confidence,1789645504.4063432,1789645504.4063432,0.6608
/camera/world/agv1_confidence,1789645504.4362319,1789645504.4362319,0.6638
/camera/world/agv3_confidence,1789645504.4363518,1789645504.4363518,0.6638
/camera/world/agv2_confidence,1789645504.436355,1789645504.436355,0.6581
/camera/world/agv2_confidence,1789645504.4756079,1789645504.4756079,0.6581
/camera/world/agv1_confidence,1789645504.4756196,1789645504.4756196,0.6658
/camera/world/agv3_confidence,1789645504.475687,1789645504.475687,0.6629
/camera/world/agv1_confidence,1789645504.506001,1789645504.506001,0.6643
/camera/world/agv2_confidence,1789645504.5061018,1789645504.5061018,0.6588
/camera/world/agv3_confidence,1789645504.5062823,1789645504.5062823,0.6637
/camera/world/agv1_confidence,1789645504.537001,1789645504.537001,0.6633
/camera/world/agv3_confidence,1789645504.5370405,1789645504.5370405,0.6627
/camera/world/agv2_confidence,1789645504.5371723,1789645504.5371723,0.6594
/camera/world/agv1_confidence,1789645504.5722094,1789645504.5722094,0.6652
/camera/world/agv2_confidence,1789645504.5722754,1789645504.5722754,0.6581
/camera/world/agv3_confidence,1789645504.5723615,1789645504.5723615,0.6644
/camera/world/agv2_confidence,1789645504.6057553,1789645504.6057553,0.6586
/camera/world/agv1_confidence,1789645504.605809,1789645504.605809,0.6645
/camera/world/agv3_confidence,1789645504.606192,1789645504.606192,0.6493
/camera/world/agv2_confidence,1789645504.639171,1789645504.639171,0.6507
/camera/world/agv3_confidence,1789645504.6392965,1789645504.6392965,0.6644
/camera/world/agv1_confidence,1789645504.6393402,1789645504.6393402,0.6657
/camera/world/agv1_confidence,1789645504.6681843,1789645504.6681843,0.6639
/camera/world/agv3_confidence,1789645504.6683414,1789645504.6683414,0.6647
/camera/world/agv2_confidence,1789645504.668436,1789645504.668436,0.6587
/camera/world/agv1_confidence,1789645504.7064462,1789645504.7064462,0.6653
/camera/world/agv2_confidence,1789645504.706457,1789645504.706457,0.6581
/camera/world/agv3_confidence,1789645504.7064824,1789645504.7064824,0.6611
/camera/world/agv2_confidence,1789645504.740568,1789645504.740568,0.6578
/camera/world/agv1_confidence,1789645504.740696,1789645504.740696,0.6651
/camera/world/agv3_confidence,1789645504.7407756,1789645504.7407756,0.6661
/camera/world/agv2_confidence,1789645504.7683375,1789645504.7683375,0.6563
/camera/world/agv1_confidence,1789645504.7683485,1789645504.7683485,0.6644
/camera/world/agv3_confidence,1789645504.768883,1789645504.768883,0.6679
/camera/world/agv2_confidence,1789645504.8094072,1789645504.8094072,0.6587
/camera/world/agv1_confidence,1789645504.8095276,1789645504.8095276,0.6659
/camera/world/agv3_confidence,1789645504.809608,1789645504.809608,0.6644
/camera/world/agv1_confidence,1789645504.8388345,1789645504.8388345,0.665
/camera/world/agv3_confidence,1789645504.8390648,1789645504.8390648,0.6675
/camera/world/agv2_confidence,1789645504.83911,1789645504.83911,0.6584
/camera/world/agv1_confidence,1789645504.876398,1789645504.876398,0.6662
/camera/world/agv2_confidence,1789645504.8765428,1789645504.8765428,0.6591
/camera/world/agv3_confidence,1789645504.876743,1789645504.876743,0.6642
/camera/world/agv1_confidence,1789645504.9095445,1789645504.9095445,0.668
/camera/world/agv2_confidence,1789645504.9095874,1789645504.9095874,0.6595
/camera/world/agv3_confidence,1789645504.909627,1789645504.909627,0.6647
/camera/world/agv3_confidence,1789645504.9349325,1789645504.9349325,0.6634
/camera/world/agv2_confidence,1789645504.9349842,1789645504.9349842,0.6587
/camera/world/agv1_confidence,1789645504.9350076,1789645504.9350076,0.6682
/camera/world/agv2_confidence,1789645504.9732723,1789645504.9732723,0.6587
/camera/world/agv1_confidence,1789645504.973316,1789645504.973316,0.6653
/camera/world/agv3_confidence,1789645504.9737103,1789645504.9737103,0.6641
/camera/world/agv3_confidence,1789645505.003353,1789645505.003353,0.6644
/camera/world/agv2_confidence,1789645505.0033746,1789645505.0033746,0.6588
/camera/world/agv1_confidence,1789645505.003642,1789645505.003642,0.6664
/camera/world/agv1_confidence,1789645505.0396135,1789645505.0396135,0.6648
/camera/world/agv2_confidence,1789645505.0397117,1789645505.0397117,0.6545
/camera/world/agv3_confidence,1789645505.0397289,1789645505.0397289,0.6627
/camera/world/agv1_confidence,1789645505.0717566,1789645505.0717566,0.6646
/camera/world/agv3_confidence,1789645505.0718024,1789645505.0718024,0.6648
/camera/world/agv2_confidence,1789645505.0720189,1789645505.0720189,0.658
/camera/world/agv1_confidence,1789645505.1125336,1789645505.1125336,0.665
/camera/world/agv2_confidence,1789645505.1127033,1789645505.1127033,0.6565
/camera/world/agv3_confidence,1789645505.1128628,1789645505.1128628,0.6663
/camera/world/agv1_confidence,1789645505.1339414,1789645505.1339414,0.6648
/camera/world/agv2_confidence,1789645505.1340113,1789645505.1340113,0.6585
/camera/world/agv3_confidence,1789645505.1342587,1789645505.1342587,0.6655
/camera/world/agv3_confidence,1789645505.1678808,1789645505.1678808,0.6655
/camera/world/agv1_confidence,1789645505.167895,1789645505.167895,0.663
/camera/world/agv2_confidence,1789645505.1680045,1789645505.1680045,0.6582
/camera/world/agv2_confidence,1789645505.2055914,1789645505.2055914,0.6592
/camera/world/agv1_confidence,1789645505.2055945,1789645505.2055945,0.6644
/camera/world/agv3_confidence,1789645505.2056675,1789645505.2056675,0.668
/camera/world/agv1_confidence,1789645505.2395885,1789645505.2395885,0.6638
/camera/world/agv2_confidence,1789645505.239852,1789645505.239852,0.6569
/camera/world/agv3_confidence,1789645505.239906,1789645505.239906,0.6655
/camera/world/agv1_confidence,1789645505.2755163,1789645505.2755163,0.6637
/camera/world/agv2_confidence,1789645505.2757041,1789645505.2757041,0.6588
/camera/world/agv3_confidence,1789645505.2757359,1789645505.2757359,0.666
/camera/world/agv1_confidence,1789645505.3047388,1789645505.3047388,0.664
/camera/world/agv2_confidence,1789645505.3048136,1789645505.3048136,0.6594
/camera/world/agv3_confidence,1789645505.3049974,1789645505.3049974,0.6671
/camera/world/agv2_confidence,1789645505.345649,1789645505.345649,0.6584
/camera/world/agv1_confidence,1789645505.3456624,1789645505.3456624,0.6645
/camera/world/agv3_confidence,1789645505.3459103,1789645505.3459103,0.6653
/camera/world/agv3_confidence,1789645505.3766234,1789645505.3766234,0.6662
/camera/world/agv1_confidence,1789645505.3766294,1789645505.3766294,0.6648
/camera/world/agv2_confidence,1789645505.3766937,1789645505.3766937,0.6584
/camera/world/agv1_confidence,1789645505.4062202,1789645505.4062202,0.6643
/camera/world/agv3_confidence,1789645505.4064753,1789645505.4064753,0.6665
/camera/world/agv2_confidence,1789645505.406484,1789645505.406484,0.6586
/camera/world/agv1_confidence,1789645505.4493587,1789645505.4493587,0.6645
/camera/world/agv3_confidence,1789645505.449504,1789645505.449504,0.667
/camera/world/agv2_confidence,1789645505.4495132,1789645505.4495132,0.655
/camera/world/agv1_confidence,1789645505.4725144,1789645505.4725144,0.6645
/camera/world/agv3_confidence,1789645505.4725711,1789645505.4725711,0.6675
/camera/world/agv2_confidence,1789645505.4725952,1789645505.4725952,0.6568
/camera/world/agv1_confidence,1789645505.5002413,1789645505.5002413,0.6648
/camera/world/agv2_confidence,1789645505.5003383,1789645505.5003383,0.6569
/camera/world/agv3_confidence,1789645505.500476,1789645505.500476,0.6672
/camera/world/agv1_confidence,1789645505.538602,1789645505.538602,0.664
/camera/world/agv2_confidence,1789645505.5386047,1789645505.5386047,0.6588
/camera/world/agv3_confidence,1789645505.5387993,1789645505.5387993,0.667
/camera/world/agv2_confidence,1789645505.5691464,1789645505.5691464,0.6575
/camera/world/agv1_confidence,1789645505.5693352,1789645505.5693352,0.6641
/camera/world/agv3_confidence,1789645505.5693448,1789645505.5693448,0.6656
/camera/world/agv1_confidence,1789645505.6052656,1789645505.6052656,0.6664
/camera/world/agv3_confidence,1789645505.6054282,1789645505.6054282,0.6656
/camera/world/agv2_confidence,1789645505.605524,1789645505.605524,0.6563
/camera/world/agv1_confidence,1789645505.6354191,1789645505.6354191,0.6646
/camera/world/agv3_confidence,1789645505.6354308,1789645505.6354308,0.6651
/camera/world/agv2_confidence,1789645505.63547,1789645505.63547,0.6562
/camera/world/agv1_confidence,1789645505.671748,1789645505.671748,0.6635
/camera/world/agv2_confidence,1789645505.6719663,1789645505.6719663,0.6595
/camera/world/agv3_confidence,1789645505.6719768,1789645505.6719768,0.6658
/camera/world/agv1_confidence,1789645505.7089806,1789645505.7089806,0.6645
/camera/world/agv2_confidence,1789645505.7091818,1789645505.7091818,0.6584
/camera/world/agv3_confidence,1789645505.7091846,1789645505.7091846,0.6654
/camera/world/agv1_confidence,1789645505.7387407,1789645505.7387407,0.6598
/camera/world/agv3_confidence,1789645505.7387948,1789645505.7387948,0.6652
/camera/world/agv2_confidence,1789645505.7388203,1789645505.7388203,0.6581
/camera/world/agv1_confidence,1789645505.7673874,1789645505.7673874,0.663
/camera/world/agv2_confidence,1789645505.7675955,1789645505.7675955,0.6583
/camera/world/agv3_confidence,1789645505.7677696,1789645505.7677696,0.6655
/camera/world/agv1_confidence,1789645505.806133,1789645505.806133,0.6634
/camera/world/agv3_confidence,1789645505.8064225,1789645505.8064225,0.6623
/camera/world/agv2_confidence,1789645505.806458,1789645505.806458,0.6586
/camera/world/agv1_confidence,1789645505.8430095,1789645505.8430095,0.6646
/camera/world/agv2_confidence,1789645505.8431647,1789645505.8431647,0.6577
/camera/world/agv3_confidence,1789645505.8433933,1789645505.8433933,0.6645
/camera/world/agv1_confidence,1789645505.8732662,1789645505.8732662,0.6634
/camera/world/agv2_confidence,1789645505.8733528,1789645505.8733528,0.6584
/camera/world/agv3_confidence,1789645505.8735306,1789645505.8735306,0.6653
/camera/world/agv3_confidence,1789645505.9063125,1789645505.9063125,0.6662
/camera/world/agv2_confidence,1789645505.9063277,1789645505.9063277,0.6594
/camera/world/agv1_confidence,1789645505.9063709,1789645505.9063709,0.6641
/camera/world/agv1_confidence,1789645505.9440215,1789645505.9440215,0.6645
/camera/world/agv2_confidence,1789645505.9441786,1789645505.9441786,0.6578
/camera/world/agv3_confidence,1789645505.944267,1789645505.944267,0.6661
/camera/world/agv2_confidence,1789645505.9725332,1789645505.9725332,0.6572
/camera/world/agv1_confidence,1789645505.9725409,1789645505.9725409,0.6634
/camera/world/agv3_confidence,1789645505.972694,1789645505.972694,0.6622
/camera/world/agv1_confidence,1789645506.008845,1789645506.008845,0.6631
/camera/world/agv3_confidence,1789645506.0089338,1789645506.0089338,0.6651
/camera/world/agv2_confidence,1789645506.008966,1789645506.008966,0.6591
/camera/world/agv2_confidence,1789645506.0383365,1789645506.0383365,0.6589
/camera/world/agv1_confidence,1789645506.0383375,1789645506.0383375,0.6653
/camera/world/agv3_confidence,1789645506.038349,1789645506.038349,0.6635
/camera/world/agv1_confidence,1789645506.066605,1789645506.066605,0.6643
/camera/world/agv3_confidence,1789645506.0666516,1789645506.0666516,0.6663
/camera/world/agv2_confidence,1789645506.0666564,1789645506.0666564,0.66
/camera/world/agv3_confidence,1789645506.1084135,1789645506.1084135,0.6654
/camera/world/agv2_confidence,1789645506.1084352,1789645506.1084352,0.6587
/camera/world/agv1_confidence,1789645506.108554,1789645506.108554,0.6629
/camera/world/agv1_confidence,1789645506.1384254,1789645506.1384254,0.6651
/camera/world/agv2_confidence,1789645506.1385145,1789645506.1385145,0.6596
/camera/world/agv3_confidence,1789645506.1387107,1789645506.1387107,0.6645
/camera/world/agv1_confidence,1789645506.1740065,1789645506.1740065,0.665
/camera/world/agv2_confidence,1789645506.1740487,1789645506.1740487,0.6596
/camera/world/agv3_confidence,1789645506.174287,1789645506.174287,0.6652
/camera/world/agv1_confidence,1789645506.2097995,1789645506.2097995,0.6626
/camera/world/agv2_confidence,1789645506.209829,1789645506.209829,0.6592
/camera/world/agv3_confidence,1789645506.2098584,1789645506.2098584,0.6676
/camera/world/agv2_confidence,1789645506.2432826,1789645506.2432826,0.6591
/camera/world/agv3_confidence,1789645506.2436957,1789645506.2436957,0.6666
/camera/world/agv1_confidence,1789645506.243723,1789645506.243723,0.6628
/camera/world/agv2_confidence,1789645506.2731287,1789645506.2731287,0.6581
/camera/world/agv1_confidence,1789645506.2731717,1789645506.2731717,0.6632
/camera/world/agv3_confidence,1789645506.2733188,1789645506.2733188,0.6659
/camera/world/agv3_confidence,1789645506.3058712,1789645506.3058712,0.6697
/camera/world/agv2_confidence,1789645506.305916,1789645506.305916,0.6579
/camera/world/agv1_confidence,1789645506.3059564,1789645506.3059564,0.6616
/camera/world/agv2_confidence,1789645506.3453395,1789645506.3453395,0.6585
/camera/world/agv1_confidence,1789645506.345369,1789645506.345369,0.663
/camera/world/agv3_confidence,1789645506.3454301,1789645506.3454301,0.6667
/camera/world/agv1_confidence,1789645506.3786116,1789645506.3786116,0.6646
/camera/world/agv2_confidence,1789645506.378624,1789645506.378624,0.6583
/camera/world/agv3_confidence,1789645506.3788638,1789645506.3788638,0.6528
/camera/world/agv1_confidence,1789645506.4055943,1789645506.4055943,0.663
/camera/world/agv2_confidence,1789645506.4058268,1789645506.4058268,0.6556
/camera/world/agv3_confidence,1789645506.4058392,1789645506.4058392,0.6572
/camera/world/agv2_confidence,1789645506.4351258,1789645506.4351258,0.6583
/camera/world/agv1_confidence,1789645506.435147,1789645506.435147,0.6644
/camera/world/agv3_confidence,1789645506.4353888,1789645506.4353888,0.6689
/camera/world/agv1_confidence,1789645506.4771612,1789645506.4771612,0.6636
/camera/world/agv3_confidence,1789645506.477167,1789645506.477167,0.655
/camera/world/agv2_confidence,1789645506.4771855,1789645506.4771855,0.6589
/camera/world/agv1_confidence,1789645506.5066905,1789645506.5066905,0.6636
/camera/world/agv3_confidence,1789645506.506914,1789645506.506914,0.6693
/camera/world/agv2_confidence,1789645506.507023,1789645506.507023,0.657
/camera/world/agv1_confidence,1789645506.537728,1789645506.537728,0.6637
/camera/world/agv2_confidence,1789645506.53773,1789645506.53773,0.6597
/camera/world/agv3_confidence,1789645506.5379388,1789645506.5379388,0.6679
/camera/world/agv2_confidence,1789645506.5693462,1789645506.5693462,0.6598
/camera/world/agv1_confidence,1789645506.569388,1789645506.569388,0.6626
/camera/world/agv3_confidence,1789645506.5696096,1789645506.5696096,0.6504
/camera/world/agv1_confidence,1789645506.6071408,1789645506.6071408,0.6629
/camera/world/agv2_confidence,1789645506.607303,1789645506.607303,0.6585
/camera/world/agv3_confidence,1789645506.6073227,1789645506.6073227,0.6678
/camera/world/agv3_confidence,1789645506.6344328,1789645506.6344328,0.669
/camera/world/agv1_confidence,1789645506.63457,1789645506.63457,0.6631
/camera/world/agv2_confidence,1789645506.6345735,1789645506.6345735,0.6591
/camera/world/agv2_confidence,1789645506.6666243,1789645506.6666243,0.6593
/camera/world/agv1_confidence,1789645506.6666746,1789645506.6666746,0.6661
/camera/world/agv3_confidence,1789645506.6667838,1789645506.6667838,0.6685
/camera/world/agv2_confidence,1789645506.7061446,1789645506.7061446,0.6591
/camera/world/agv1_confidence,1789645506.7061484,1789645506.7061484,0.6625
/camera/world/agv3_confidence,1789645506.7062016,1789645506.7062016,0.6659
/camera/world/agv1_confidence,1789645506.7441456,1789645506.7441456,0.6631
/camera/world/agv3_confidence,1789645506.7441797,1789645506.7441797,0.6676
/camera/world/agv2_confidence,1789645506.7441916,1789645506.7441916,0.6596
/camera/world/agv1_confidence,1789645506.7732928,1789645506.7732928,0.6632
/camera/world/agv3_confidence,1789645506.7733495,1789645506.7733495,0.6683
/camera/world/agv2_confidence,1789645506.7733755,1789645506.7733755,0.6595
/camera/world/agv1_confidence,1789645506.801324,1789645506.801324,0.6622
/camera/world/agv3_confidence,1789645506.8014035,1789645506.8014035,0.6663
/camera/world/agv2_confidence,1789645506.8014445,1789645506.8014445,0.6593
/camera/world/agv1_confidence,1789645506.845997,1789645506.845997,0.6593
/camera/world/agv2_confidence,1789645506.846283,1789645506.846283,0.6598
/camera/world/agv3_confidence,1789645506.8462918,1789645506.8462918,0.6635
/camera/world/agv2_confidence,1789645506.878266,1789645506.878266,0.6601
/camera/world/agv1_confidence,1789645506.878438,1789645506.878438,0.6606
/camera/world/agv3_confidence,1789645506.8784833,1789645506.8784833,0.663
/camera/world/agv1_confidence,1789645506.9088635,1789645506.9088635,0.6611
/camera/world/agv2_confidence,1789645506.9090116,1789645506.9090116,0.6595
/camera/world/agv3_confidence,1789645506.9091964,1789645506.9091964,0.6633
/camera/world/agv3_confidence,1789645506.9370344,1789645506.9370344,0.6651
/camera/world/agv1_confidence,1789645506.9371045,1789645506.9371045,0.6624
/camera/world/agv2_confidence,1789645506.9372127,1789645506.9372127,0.6572
/camera/world/agv2_confidence,1789645506.9741545,1789645506.9741545,0.6581
/camera/world/agv3_confidence,1789645506.9742038,1789645506.9742038,0.6666
/camera/world/agv1_confidence,1789645506.974245,1789645506.974245,0.6615
/camera/world/agv1_confidence,1789645507.0026875,1789645507.0026875,0.6622
/camera/world/agv2_confidence,1789645507.0027897,1789645507.0027897,0.6589
/camera/world/agv3_confidence,1789645507.0028286,1789645507.0028286,0.6697
/camera/world/agv2_confidence,1789645507.0346372,1789645507.0346372,0.6586
/camera/world/agv3_confidence,1789645507.034777,1789645507.034777,0.6673
/camera/world/agv1_confidence,1789645507.0348074,1789645507.0348074,0.6614
/camera/world/agv1_confidence,1789645507.0727093,1789645507.0727093,0.6606
/camera/world/agv3_confidence,1789645507.0727227,1789645507.0727227,0.6685
/camera/world/agv2_confidence,1789645507.0727277,1789645507.0727277,0.6579
/camera/world/agv1_confidence,1789645507.1010773,1789645507.1010773,0.6623
/camera/world/agv3_confidence,1789645507.1011274,1789645507.1011274,0.6674
/camera/world/agv2_confidence,1789645507.1011631,1789645507.1011631,0.6582
/camera/world/agv1_confidence,1789645507.1448057,1789645507.1448057,0.6607
/camera/world/agv2_confidence,1789645507.1448698,1789645507.1448698,0.6578
/camera/world/agv3_confidence,1789645507.1449556,1789645507.1449556,0.668
/camera/world/agv1_confidence,1789645507.175532,1789645507.175532,0.6608
/camera/world/agv2_confidence,1789645507.1757536,1789645507.1757536,0.6581
/camera/world/agv3_confidence,1789645507.1757982,1789645507.1757982,0.6666
/camera/world/agv2_confidence,1789645507.2059233,1789645507.2059233,0.6581
/camera/world/agv1_confidence,1789645507.2060025,1789645507.2060025,0.6625
/camera/world/agv3_confidence,1789645507.206051,1789645507.206051,0.6665
/camera/world/agv2_confidence,1789645507.2464416,1789645507.2464416,0.6589
/camera/world/agv1_confidence,1789645507.246456,1789645507.246456,0.6613
/camera/world/agv3_confidence,1789645507.2466443,1789645507.2466443,0.666
/camera/world/agv1_confidence,1789645507.2666955,1789645507.2666955,0.6609
/camera/world/agv2_confidence,1789645507.2668514,1789645507.2668514,0.6586
/camera/world/agv3_confidence,1789645507.2669427,1789645507.2669427,0.6674
/camera/world/agv1_confidence,1789645507.3087265,1789645507.3087265,0.6619
/camera/world/agv3_confidence,1789645507.3088396,1789645507.3088396,0.6661
/camera/world/agv2_confidence,1789645507.3088505,1789645507.3088505,0.6597
/camera/world/agv1_confidence,1789645507.337225,1789645507.337225,0.661
/camera/world/agv3_confidence,1789645507.3373256,1789645507.3373256,0.6671
/camera/world/agv2_confidence,1789645507.3373516,1789645507.3373516,0.6592
/camera/world/agv3_confidence,1789645507.3689845,1789645507.3689845,0.6666
/camera/world/agv2_confidence,1789645507.3689916,1789645507.3689916,0.6588
/camera/world/agv1_confidence,1789645507.369001,1789645507.369001,0.6611
/camera/world/agv1_confidence,1789645507.4060664,1789645507.4060664,0.6604
/camera/world/agv2_confidence,1789645507.4061835,1789645507.4061835,0.6579
/camera/world/agv3_confidence,1789645507.4064379,1789645507.4064379,0.6684
/camera/world/agv1_confidence,1789645507.435621,1789645507.435621,0.6609
/camera/world/agv3_confidence,1789645507.435849,1789645507.435849,0.6662
/camera/world/agv2_confidence,1789645507.4360118,1789645507.4360118,0.659
/camera/world/agv2_confidence,1789645507.4736378,1789645507.4736378,0.6582
/camera/world/agv3_confidence,1789645507.4738245,1789645507.4738245,0.6671
/camera/world/agv1_confidence,1789645507.4738445,1789645507.4738445,0.6608
/camera/world/agv3_confidence,1789645507.5015907,1789645507.5015907,0.6684
/camera/world/agv1_confidence,1789645507.5015945,1789645507.5015945,0.6612
/camera/world/agv2_confidence,1789645507.5020554,1789645507.5020554,0.6595
/camera/world/agv2_confidence,1789645507.5396547,1789645507.5396547,0.6574
/camera/world/agv1_confidence,1789645507.5397694,1789645507.5397694,0.6616
/camera/world/agv3_confidence,1789645507.539782,1789645507.539782,0.6672
/camera/world/agv1_confidence,1789645507.5698571,1789645507.5698571,0.6616
/camera/world/agv3_confidence,1789645507.5702286,1789645507.5702286,0.6672
/camera/world/agv2_confidence,1789645507.5702946,1789645507.5702946,0.6586
/camera/world/agv3_confidence,1789645507.6044257,1789645507.6044257,0.6667
/camera/world/agv1_confidence,1789645507.6044376,1789645507.6044376,0.661
/camera/world/agv2_confidence,1789645507.6044493,1789645507.6044493,0.6578
/camera/world/agv1_confidence,1789645507.6384563,1789645507.6384563,0.6612
/camera/world/agv2_confidence,1789645507.6386907,1789645507.6386907,0.6582
/camera/world/agv3_confidence,1789645507.638813,1789645507.638813,0.6662
/camera/world/agv3_confidence,1789645507.6694024,1789645507.6694024,0.6669
/camera/world/agv1_confidence,1789645507.669415,1789645507.669415,0.6618
/camera/world/agv2_confidence,1789645507.6694858,1789645507.6694858,0.6596
/camera/world/agv2_confidence,1789645507.706534,1789645507.706534,0.6593
/camera/world/agv1_confidence,1789645507.7065482,1789645507.7065482,0.6605
/camera/world/agv3_confidence,1789645507.7066448,1789645507.7066448,0.6667
/camera/world/agv1_confidence,1789645507.73697,1789645507.73697,0.6617
/camera/world/agv2_confidence,1789645507.7370799,1789645507.7370799,0.6577
/camera/world/agv3_confidence,1789645507.737103,1789645507.737103,0.6673
/camera/world/agv2_confidence,1789645507.7668383,1789645507.7668383,0.6599
/camera/world/agv1_confidence,1789645507.7668693,1789645507.7668693,0.661
/camera/world/agv3_confidence,1789645507.766944,1789645507.766944,0.6678
/camera/world/agv2_confidence,1789645507.8064282,1789645507.8064282,0.6554
/camera/world/agv1_confidence,1789645507.8065622,1789645507.8065622,0.6615
/camera/world/agv3_confidence,1789645507.8066764,1789645507.8066764,0.6674
/camera/world/agv3_confidence,1789645507.8351874,1789645507.8351874,0.6671
/camera/world/agv2_confidence,1789645507.8351903,1789645507.8351903,0.6578
/camera/world/agv1_confidence,1789645507.8352203,1789645507.8352203,0.6616
/camera/world/agv1_confidence,1789645507.8729897,1789645507.8729897,0.6614
/camera/world/agv2_confidence,1789645507.8730502,1789645507.8730502,0.6589
/camera/world/agv3_confidence,1789645507.8732285,1789645507.8732285,0.6669
/camera/world/agv2_confidence,1789645507.9026887,1789645507.9026887,0.6583
/camera/world/agv1_confidence,1789645507.9027853,1789645507.9027853,0.6606
/camera/world/agv3_confidence,1789645507.902858,1789645507.902858,0.6669
/camera/world/agv2_confidence,1789645507.9389195,1789645507.9389195,0.659
/camera/world/agv1_confidence,1789645507.9390888,1789645507.9390888,0.6612
/camera/world/agv3_confidence,1789645507.9392607,1789645507.9392607,0.6667
/camera/world/agv1_confidence,1789645507.96978,1789645507.96978,0.6615
/camera/world/agv3_confidence,1789645507.9698198,1789645507.9698198,0.6672
/camera/world/agv2_confidence,1789645507.9699767,1789645507.9699767,0.6586
/camera/world/agv2_confidence,1789645508.0051503,1789645508.0051503,0.6595
/camera/world/agv1_confidence,1789645508.005231,1789645508.005231,0.661
/camera/world/agv3_confidence,1789645508.0053759,1789645508.0053759,0.6665
/camera/world/agv1_confidence,1789645508.0418327,1789645508.0418327,0.6612
/camera/world/agv2_confidence,1789645508.0422845,1789645508.0422845,0.6582
/camera/world/agv3_confidence,1789645508.0423825,1789645508.0423825,0.6676
/camera/world/agv1_confidence,1789645508.0715735,1789645508.0715735,0.6614
/camera/world/agv3_confidence,1789645508.071631,1789645508.071631,0.6666
/camera/world/agv2_confidence,1789645508.0716596,1789645508.0716596,0.6586
/camera/world/agv1_confidence,1789645508.113695,1789645508.113695,0.662
/camera/world/agv2_confidence,1789645508.1137934,1789645508.1137934,0.659
/camera/world/agv3_confidence,1789645508.1139657,1789645508.1139657,0.6677
/camera/world/agv1_confidence,1789645508.151752,1789645508.151752,0.6609
/camera/world/agv3_confidence,1789645508.1517775,1789645508.1517775,0.6668
/camera/world/agv2_confidence,1789645508.1518257,1789645508.1518257,0.6592
/camera/world/agv1_confidence,1789645508.1786392,1789645508.1786392,0.6616
/camera/world/agv2_confidence,1789645508.1787593,1789645508.1787593,0.6573
/camera/world/agv3_confidence,1789645508.1788332,1789645508.1788332,0.6662
/camera/world/agv1_confidence,1789645508.2097156,1789645508.2097156,0.6622
/camera/world/agv2_confidence,1789645508.2098057,1789645508.2098057,0.6599
/camera/world/agv3_confidence,1789645508.2100334,1789645508.2100334,0.6668
/camera/world/agv1_confidence,1789645508.2446632,1789645508.2446632,0.6617
/camera/world/agv2_confidence,1789645508.2448668,1789645508.2448668,0.6587
/camera/world/agv3_confidence,1789645508.245007,1789645508.245007,0.6667
/camera/world/agv1_confidence,1789645508.2746766,1789645508.2746766,0.6617
/camera/world/agv2_confidence,1789645508.274877,1789645508.274877,0.6584
/camera/world/agv3_confidence,1789645508.2751343,1789645508.2751343,0.6667
/camera/world/agv1_confidence,1789645508.3054998,1789645508.3054998,0.662
/camera/world/agv2_confidence,1789645508.3055139,1789645508.3055139,0.6602
/camera/world/agv3_confidence,1789645508.3056762,1789645508.3056762,0.6674
/camera/world/agv1_confidence,1789645508.3371327,1789645508.3371327,0.6614
/camera/world/agv2_confidence,1789645508.3371387,1789645508.3371387,0.6591
/camera/world/agv3_confidence,1789645508.3373182,1789645508.3373182,0.6668
/camera/world/agv2_confidence,1789645508.376002,1789645508.376002,0.6572
/camera/world/agv1_confidence,1789645508.3760197,1789645508.3760197,0.6612
/camera/world/agv3_confidence,1789645508.3762505,1789645508.3762505,0.6679
/camera/world/agv3_confidence,1789645508.4107206,1789645508.4107206,0.6678
/camera/world/agv2_confidence,1789645508.4108942,1789645508.4108942,0.6593
/camera/world/agv1_confidence,1789645508.410902,1789645508.410902,0.6615
/camera/world/agv1_confidence,1789645508.439266,1789645508.439266,0.6618
/camera/world/agv2_confidence,1789645508.439473,1789645508.439473,0.659
/camera/world/agv3_confidence,1789645508.4396145,1789645508.4396145,0.6671
/camera/world/agv1_confidence,1789645508.473209,1789645508.473209,0.6604
/camera/world/agv2_confidence,1789645508.4732575,1789645508.4732575,0.6591
/camera/world/agv3_confidence,1789645508.473512,1789645508.473512,0.6656
/camera/world/agv1_confidence,1789645508.505119,1789645508.505119,0.6612
/camera/world/agv2_confidence,1789645508.5051327,1789645508.5051327,0.6594
/camera/world/agv3_confidence,1789645508.5054684,1789645508.5054684,0.6672
/camera/world/agv1_confidence,1789645508.5412278,1789645508.5412278,0.661
/camera/world/agv2_confidence,1789645508.5413396,1789645508.5413396,0.659
/camera/world/agv3_confidence,1789645508.5415027,1789645508.5415027,0.6672
/camera/world/agv1_confidence,1789645508.5736558,1789645508.5736558,0.6615
/camera/world/agv3_confidence,1789645508.5742855,1789645508.5742855,0.6679
/camera/world/agv2_confidence,1789645508.5744374,1789645508.5744374,0.6587
/camera/world/agv2_confidence,1789645508.606783,1789645508.606783,0.6586
/camera/world/agv1_confidence,1789645508.6069412,1789645508.6069412,0.6608
/camera/world/agv3_confidence,1789645508.607119,1789645508.607119,0.6663
/camera/world/agv1_confidence,1789645508.6368585,1789645508.6368585,0.6618
/camera/world/agv2_confidence,1789645508.6371346,1789645508.6371346,0.658
/camera/world/agv3_confidence,1789645508.6371853,1789645508.6371853,0.6667
/camera/world/agv2_confidence,1789645508.677014,1789645508.677014,0.6594
/camera/world/agv3_confidence,1789645508.6770744,1789645508.6770744,0.668
/camera/world/agv1_confidence,1789645508.6771278,1789645508.6771278,0.661
/camera/world/agv1_confidence,1789645508.7066138,1789645508.7066138,0.6613
/camera/world/agv2_confidence,1789645508.7066154,1789645508.7066154,0.6583
/camera/world/agv3_confidence,1789645508.7068145,1789645508.7068145,0.6674
/camera/world/agv2_confidence,1789645508.7371347,1789645508.7371347,0.6584
/camera/world/agv1_confidence,1789645508.7372954,1789645508.7372954,0.6611
/camera/world/agv3_confidence,1789645508.7373197,1789645508.7373197,0.6674
/camera/world/agv2_confidence,1789645508.77177,1789645508.77177,0.6576
/camera/world/agv1_confidence,1789645508.7718413,1789645508.7718413,0.6602
/camera/world/agv3_confidence,1789645508.7719054,1789645508.7719054,0.6671
/camera/world/agv1_confidence,1789645508.811926,1789645508.811926,0.6616
/camera/world/agv2_confidence,1789645508.8120813,1789645508.8120813,0.6584
/camera/world/agv3_confidence,1789645508.8121092,1789645508.8121092,0.6672
/camera/world/agv2_confidence,1789645508.8458202,1789645508.8458202,0.6586
/camera/world/agv1_confidence,1789645508.8459883,1789645508.8459883,0.6618
/camera/world/agv3_confidence,1789645508.8459902,1789645508.8459902,0.6668
/camera/world/agv1_confidence,1789645508.876924,1789645508.876924,0.6619
/camera/world/agv3_confidence,1789645508.8769827,1789645508.8769827,0.6676
/camera/world/agv2_confidence,1789645508.877008,1789645508.877008,0.6597
/camera/world/agv1_confidence,1789645508.9054193,1789645508.9054193,0.6614
/camera/world/agv2_confidence,1789645508.905582,1789645508.905582,0.6593
/camera/world/agv3_confidence,1789645508.9055965,1789645508.9055965,0.6674
/camera/world/agv1_confidence,1789645508.9444878,1789645508.9444878,0.6608
/camera/world/agv3_confidence,1789645508.944605,1789645508.944605,0.6677
/camera/world/agv2_confidence,1789645508.9446087,1789645508.9446087,0.6585
/camera/world/agv1_confidence,1789645508.977916,1789645508.977916,0.6608
/camera/world/agv2_confidence,1789645508.978019,1789645508.978019,0.6596
/camera/world/agv3_confidence,1789645508.9782312,1789645508.9782312,0.6658
/camera/world/agv1_confidence,1789645509.013264,1789645509.013264,0.6607
/camera/world/agv3_confidence,1789645509.0134568,1789645509.0134568,0.6669
/camera/world/agv2_confidence,1789645509.0135255,1789645509.0135255,0.6583
/camera/world/agv1_confidence,1789645509.0345345,1789645509.0345345,0.6611
/camera/world/agv2_confidence,1789645509.0346208,1789645509.0346208,0.6595
/camera/world/agv3_confidence,1789645509.0347345,1789645509.0347345,0.6675
/camera/world/agv1_confidence,1789645509.0759656,1789645509.0759656,0.6611
/camera/world/agv2_confidence,1789645509.0759928,1789645509.0759928,0.6596
/camera/world/agv3_confidence,1789645509.0761733,1789645509.0761733,0.6671
/camera/world/agv1_confidence,1789645509.109239,1789645509.109239,0.6614
/camera/world/agv2_confidence,1789645509.1092436,1789645509.1092436,0.658
/camera/world/agv3_confidence,1789645509.109439,1789645509.109439,0.6686
/camera/world/agv1_confidence,1789645509.14392,1789645509.14392,0.6613
/camera/world/agv3_confidence,1789645509.14401,1789645509.14401,0.668
/camera/world/agv2_confidence,1789645509.1440363,1789645509.1440363,0.6602
/camera/world/agv1_confidence,1789645509.173332,1789645509.173332,0.66
/camera/world/agv2_confidence,1789645509.173397,1789645509.173397,0.6579
/camera/world/agv3_confidence,1789645509.173581,1789645509.173581,0.6669
/camera/world/agv2_confidence,1789645509.208185,1789645509.208185,0.6594
/camera/world/agv3_confidence,1789645509.2082305,1789645509.2082305,0.6682
/camera/world/agv1_confidence,1789645509.2082329,1789645509.2082329,0.6621
/camera/world/agv1_confidence,1789645509.2360342,1789645509.2360342,0.662
/camera/world/agv2_confidence,1789645509.2362347,1789645509.2362347,0.6593
/camera/world/agv3_confidence,1789645509.236256,1789645509.236256,0.6664
/camera/world/agv1_confidence,1789645509.2759147,1789645509.2759147,0.6612
/camera/world/agv2_confidence,1789645509.2759173,1789645509.2759173,0.6583
/camera/world/agv3_confidence,1789645509.2760906,1789645509.2760906,0.6688
/camera/world/agv2_confidence,1789645509.3080034,1789645509.3080034,0.659
/camera/world/agv3_confidence,1789645509.308153,1789645509.308153,0.667
/camera/world/agv1_confidence,1789645509.3082561,1789645509.3082561,0.6626
/camera/world/agv2_confidence,1789645509.3364189,1789645509.3364189,0.6592
/camera/world/agv1_confidence,1789645509.3365438,1789645509.3365438,0.6608
/camera/world/agv3_confidence,1789645509.3366222,1789645509.3366222,0.666
/camera/world/agv1_confidence,1789645509.3668728,1789645509.3668728,0.6604
/camera/world/agv3_confidence,1789645509.3671427,1789645509.3671427,0.6661
/camera/world/agv2_confidence,1789645509.3671944,1789645509.3671944,0.659
/camera/world/agv1_confidence,1789645509.4092999,1789645509.4092999,0.6609
/camera/world/agv2_confidence,1789645509.4096117,1789645509.4096117,0.6599
/camera/world/agv3_confidence,1789645509.4096289,1789645509.4096289,0.6677
/camera/world/agv1_confidence,1789645509.43779,1789645509.43779,0.6608
/camera/world/agv3_confidence,1789645509.437915,1789645509.437915,0.6669
/camera/world/agv2_confidence,1789645509.437927,1789645509.437927,0.6592
/camera/world/agv2_confidence,1789645509.47762,1789645509.47762,0.6587
/camera/world/agv3_confidence,1789645509.4777293,1789645509.4777293,0.6667
/camera/world/agv1_confidence,1789645509.477831,1789645509.477831,0.6611
/camera/world/agv1_confidence,1789645509.5053234,1789645509.5053234,0.6605
/camera/world/agv2_confidence,1789645509.5057297,1789645509.5057297,0.6596
/camera/world/agv3_confidence,1789645509.5057502,1789645509.5057502,0.6657
/camera/world/agv1_confidence,1789645509.543379,1789645509.543379,0.6618
/camera/world/agv2_confidence,1789645509.543401,1789645509.543401,0.6596
/camera/world/agv3_confidence,1789645509.5434704,1789645509.5434704,0.6679
/camera/world/agv2_confidence,1789645509.5765448,1789645509.5765448,0.6593
/camera/world/agv1_confidence,1789645509.5765839,1789645509.5765839,0.6614
/camera/world/agv3_confidence,1789645509.5768921,1789645509.5768921,0.6671
/camera/world/agv3_confidence,1789645509.6059172,1789645509.6059172,0.6668
/camera/world/agv2_confidence,1789645509.6060755,1789645509.6060755,0.6586
/camera/world/agv1_confidence,1789645509.606226,1789645509.606226,0.6613
/camera/world/agv1_confidence,1789645509.6351259,1789645509.6351259,0.661
/camera/world/agv2_confidence,1789645509.6351485,1789645509.6351485,0.6594
/camera/world/agv3_confidence,1789645509.6351552,1789645509.6351552,0.6669
/camera/world/agv1_confidence,1789645509.6757262,1789645509.6757262,0.6613
/camera/world/agv3_confidence,1789645509.6757553,1789645509.6757553,0.6676
/camera/world/agv2_confidence,1789645509.6757698,1789645509.6757698,0.6593
/camera/world/agv2_confidence,1789645509.7033439,1789645509.7033439,0.6597
/camera/world/agv1_confidence,1789645509.7035291,1789645509.7035291,0.6612
/camera/world/agv3_confidence,1789645509.7035909,1789645509.7035909,0.6681
/camera/world/agv1_confidence,1789645509.734805,1789645509.734805,0.6614
/camera/world/agv2_confidence,1789645509.7349353,1789645509.7349353,0.6591
/camera/world/agv3_confidence,1789645509.7351034,1789645509.7351034,0.6665
