topic,bag_stamp,header_stamp,robot_id,capability_seq,max_wheel_velocity_left,max_wheel_velocity_right,max_wheel_acceleration_left,max_wheel_acceleration_right,max_wheel_deceleration_left,max_wheel_deceleration_right,derating_ratio,derating_mode,derating_active,battery_voltage
/agv1/capability_report,1788412775.1858218,1788412775.1666143,1,389211,0.08,0.08,1.0,1.0,2.0,2.0,1.0,0,False,11.151501655578613
/agv1/capability_report,1788412775.1858382,1788412775.178728,1,389212,0.08,0.08,1.0,1.0,2.0,2.0,1.0,0,False,11.151501655578613
/agv1/capability_report,1788412775.1866415,1788412775.1865602,1,389213,0.08,0.08,1.0,1.0,2.0,2.0,1.0,0,False,11.151501655578613
/agv2/capability_report,1788412775.1962686,1788412775.1898723,2,388765,0.08,0.08,1.0,1.0,2.0,2.0,1.0,0,False,11.718828201293945
/agv3/capability_report,1788412775.1974895,1788412775.189781,3,387879,0.08,0.08,1.0,1.0,2.0,2.0,1.0,0,False,11.718828201293945
/agv1/capability_report,1788412775.1987364,1788412775.198617,1,389214,0.08,0.08,1.0,1.0,2.0,2.0,1.0,0,False,11.151501655578613
/agv1/capability_report,1788412775.2067218,1788412775.2066042,1,389215,0.08,0.08,1.0,1.0,2.0,2.0,1.0,0,False,11.151501655578613
/agv2/capability_report,1788412775.2093878,1788412775.2018695,2,388766,0.08,0.08,1.0,1.0,2.0,2.0,1.0,0,False,11.718828201293945
/agv3/capability_report,1788412775.2094111,1788412775.2017775,3,387880,0.08,0.08,1.0,1.0,2.0,2.0,1.0,0,False,11.718828201293945
/agv3/capability_report,1788412775.2149484,1788412775.2097971,3,387881,0.08,0.08,1.0,1.0,2.0,2.0,1.0,0,False,11.718828201293945
/agv2/capability_report,1788412775.2163844,1788412775.2099483,2,388767,0.08,0.08,1.0,1.0,2.0,2.0,1.0,0,False,11.718828201293945
/agv1/capability_report,1788412775.218725,1788412775.2186,1,389216,0.08,0.08,1.0,1.0,2.0,2.0,1.0,0,False,11.151501655578613
/agv3/capability_report,1788412775.2263546,1788412775.2217827,3,387882,0.08,0.08,1.0,1.0,2.0,2.0,1.0,0,False,11.718828201293945
/agv1/capability_report,1788412775.2266471,1788412775.2265828,1,389217,0.08,0.08,1.0,1.0,2.0,2.0,1.0,0,False,11.151501655578613
/agv2/capability_report,1788412775.2326007,1788412775.221841,2,388768,0.08,0.08,1.0,1.0,2.0,2.0,1.0,0,False,11.718828201293945
/agv3/capability_report,1788412775.2343338,1788412775.2297807,3,387883,0.08,0.08,1.0,1.0,2.0,2.0,1.0,0,False,11.718828201293945
/agv2/capability_report,1788412775.2353053,1788412775.2298408,2,388769,0.08,0.08,1.0,1.0,2.0,2.0,1.0,0,False,11.718828201293945
/agv1/capability_report,1788412775.2387757,1788412775.2386281,1,389218,0.08,0.08,1.0,1.0,2.0,2.0,1.0,0,False,11.151501655578613
/agv1/capability_report,1788412775.2466323,1788412775.246569,1,389219,0.08,0.08,1.0,1.0,2.0,2.0,1.0,0,False,11.151501655578613
/agv3/capability_report,1788412775.2467973,1788412775.2417855,3,387884,0.08,0.08,1.0,1.0,2.0,2.0,1.0,0,False,11.718828201293945
/agv2/capability_report,1788412775.2488022,1788412775.2418773,2,388770,0.08,0.08,1.0,1.0,2.0,2.0,1.0,0,False,11.718828201293945
/agv3/capability_report,1788412775.258493,1788412775.2497814,3,387885,0.08,0.08,1.0,1.0,2.0,2.0,1.0,0,False,11.718828201293945
/agv1/capability_report,1788412775.2586377,1788412775.2585793,1,389220,0.08,0.08,1.0,1.0,2.0,2.0,1.0,0,False,11.00967025756836
/agv2/capability_report,1788412775.2648137,1788412775.2498875,2,388771,0.08,0.08,1.0,1.0,2.0,2.0,1.0,0,False,11.718828201293945
/agv3/capability_report,1788412775.2667632,1788412775.2617667,3,387886,0.08,0.08,1.0,1.0,2.0,2.0,1.0,0,False,11.718828201293945
/agv1/capability_report,1788412775.266804,1788412775.2666101,1,389221,0.08,0.08,1.0,1.0,2.0,2.0,1.0,0,False,11.00967025756836
/agv2/capability_report,1788412775.2675211,1788412775.2617495,2,388772,0.08,0.08,1.0,1.0,2.0,2.0,1.0,0,False,11.718828201293945
/agv3/capability_report,1788412775.2754676,1788412775.2697964,3,387887,0.08,0.08,1.0,1.0,2.0,2.0,1.0,0,False,11.718828201293945
/agv2/capability_report,1788412775.2768404,1788412775.2698696,2,388773,0.08,0.08,1.0,1.0,2.0,2.0,1.0,0,False,11.718828201293945
/agv1/capability_report,1788412775.278688,1788412775.2786138,1,389222,0.08,0.08,1.0,1.0,2.0,2.0,1.0,0,False,11.00967025756836
/agv3/capability_report,1788412775.2865286,1788412775.2817826,3,387888,0.08,0.08,1.0,1.0,2.0,2.0,1.0,0,False,11.718828201293945
/agv1/capability_report,1788412775.286771,1788412775.2866662,1,389223,0.08,0.08,1.0,1.0,2.0,2.0,1.0,0,False,11.00967025756836
/agv2/capability_report,1788412775.2892709,1788412775.28188,2,388774,0.08,0.08,1.0,1.0,2.0,2.0,1.0,0,False,11.718828201293945
/agv2/capability_report,1788412775.295161,1788412775.2898498,2,388775,0.08,0.08,1.0,1.0,2.0,2.0,1.0,0,False,11.718828201293945
/agv3/capability_report,1788412775.298308,1788412775.2897918,3,387889,0.08,0.08,1.0,1.0,2.0,2.0,1.0,0,False,11.718828201293945
/agv1/capability_report,1788412775.2986252,1788412775.2985692,1,389224,0.08,0.08,1.0,1.0,2.0,2.0,1.0,0,False,11.00967025756836
/agv3/capability_report,1788412775.3064113,1788412775.3017814,3,387890,0.08,0.08,1.0,1.0,2.0,2.0,1.0,0,False,11.825201034545898
/agv1/capability_report,1788412775.3066766,1788412775.3065596,1,389225,0.08,0.08,1.0,1.0,2.0,2.0,1.0,0,False,11.00967025756836
/agv2/capability_report,1788412775.3074577,1788412775.3017561,2,388776,0.08,0.08,1.0,1.0,2.0,2.0,1.0,0,False,11.718828201293945
/agv3/capability_report,1788412775.3143132,1788412775.3097737,3,387891,0.08,0.08,1.0,1.0,2.0,2.0,1.0,0,False,11.825201034545898
/agv2/capability_report,1788412775.315343,1788412775.3098822,2,388777,0.08,0.08,1.0,1.0,2.0,2.0,1.0,0,False,11.718828201293945
/agv1/capability_report,1788412775.3187299,1788412775.318566,1,389226,0.08,0.08,1.0,1.0,2.0,2.0,1.0,0,False,11.00967025756836
/agv1/capability_report,1788412775.3266897,1788412775.3265765,1,389227,0.08,0.08,1.0,1.0,2.0,2.0,1.0,0,False,11.00967025756836
/agv2/capability_report,1788412775.3279247,1788412775.3218722,2,388778,0.08,0.08,1.0,1.0,2.0,2.0,1.0,0,False,11.70996379852295
/agv3/capability_report,1788412775.3280196,1788412775.3217483,3,387892,0.08,0.08,1.0,1.0,2.0,2.0,1.0,0,False,11.825201034545898
/agv3/capability_report,1788412775.3343441,1788412775.329749,3,387893,0.08,0.08,1.0,1.0,2.0,2.0,1.0,0,False,11.825201034545898
/agv2/capability_report,1788412775.3355005,1788412775.3298702,2,388779,0.08,0.08,1.0,1.0,2.0,2.0,1.0,0,False,11.70996379852295
/agv1/capability_report,1788412775.3388486,1788412775.3387136,1,389228,0.08,0.08,1.0,1.0,2.0,2.0,1.0,0,False,11.00967025756836
/agv3/capability_report,1788412775.3468075,1788412775.3417745,3,387894,0.08,0.08,1.0,1.0,2.0,2.0,1.0,0,False,11.825201034545898
/agv1/capability_report,1788412775.3470747,1788412775.3468974,1,389229,0.08,0.08,1.0,1.0,2.0,2.0,1.0,0,False,11.00967025756836
/agv2/capability_report,1788412775.347513,1788412775.3417327,2,388780,0.08,0.08,1.0,1.0,2.0,2.0,1.0,0,False,11.70996379852295
/agv3/capability_report,1788412775.3544667,1788412775.349795,3,387895,0.08,0.08,1.0,1.0,2.0,2.0,1.0,0,False,11.825201034545898
/agv2/capability_report,1788412775.3568177,1788412775.3498704,2,388781,0.08,0.08,1.0,1.0,2.0,2.0,1.0,0,False,11.70996379852295
/agv1/capability_report,1788412775.3586752,1788412775.3585725,1,389230,0.08,0.08,1.0,1.0,2.0,2.0,1.0,0,False,11.00967025756836
/agv3/capability_report,1788412775.3665514,1788412775.361794,3,387896,0.08,0.08,1.0,1.0,2.0,2.0,1.0,0,False,11.825201034545898
/agv1/capability_report,1788412775.3666787,1788412775.366566,1,389231,0.08,0.08,1.0,1.0,2.0,2.0,1.0,0,False,11.00967025756836
/agv2/capability_report,1788412775.3671017,1788412775.3618722,2,388782,0.08,0.08,1.0,1.0,2.0,2.0,1.0,0,False,11.70996379852295
/agv3/capability_report,1788412775.3742943,1788412775.3697848,3,387897,0.08,0.08,1.0,1.0,2.0,2.0,1.0,0,False,11.825201034545898
/agv2/capability_report,1788412775.3762617,1788412775.3697462,2,388783,0.08,0.08,1.0,1.0,2.0,2.0,1.0,0,False,11.70996379852295
/agv1/capability_report,1788412775.3786736,1788412775.3785698,1,389232,0.08,0.08,1.0,1.0,2.0,2.0,1.0,0,False,11.00967025756836
/agv1/capability_report,1788412775.3866696,1788412775.386584,1,389233,0.08,0.08,1.0,1.0,2.0,2.0,1.0,0,False,11.00967025756836
/agv3/capability_report,1788412775.388641,1788412775.3817668,3,387898,0.08,0.08,1.0,1.0,2.0,2.0,1.0,0,False,11.825201034545898
/agv2/capability_report,1788412775.3886518,1788412775.3817525,2,388784,0.08,0.08,1.0,1.0,2.0,2.0,1.0,0,False,11.70996379852295
/agv3/capability_report,1788412775.3943481,1788412775.3897924,3,387899,0.08,0.08,1.0,1.0,2.0,2.0,1.0,0,False,11.825201034545898
/agv2/capability_report,1788412775.3956714,1788412775.3898802,2,388785,0.08,0.08,1.0,1.0,2.0,2.0,1.0,0,False,11.70996379852295
/agv1/capability_report,1788412775.39867,1788412775.3985693,1,389234,0.08,0.08,1.0,1.0,2.0,2.0,1.0,0,False,11.00967025756836
/agv3/capability_report,1788412775.406712,1788412775.4018,3,387900,0.08,0.08,1.0,1.0,2.0,2.0,1.0,0,False,11.825201034545898
/agv1/capability_report,1788412775.406722,1788412775.4065673,1,389235,0.08,0.08,1.0,1.0,2.0,2.0,1.0,0,False,11.00967025756836
/agv2/capability_report,1788412775.4079142,1788412775.4018698,2,388786,0.08,0.08,1.0,1.0,2.0,2.0,1.0,0,False,11.70996379852295
/agv3/capability_report,1788412775.4146476,1788412775.4097996,3,387901,0.08,0.08,1.0,1.0,2.0,2.0,1.0,0,False,11.825201034545898
/agv2/capability_report,1788412775.4157078,1788412775.4098706,2,388787,0.08,0.08,1.0,1.0,2.0,2.0,1.0,0,False,11.70996379852295
/agv1/capability_report,1788412775.418719,1788412775.4185803,1,389236,0.08,0.08,1.0,1.0,2.0,2.0,1.0,0,False,10.04344367980957
/agv1/capability_report,1788412775.4268146,1788412775.4265757,1,389237,0.08,0.08,1.0,1.0,2.0,2.0,1.0,0,False,10.04344367980957
/agv3/capability_report,1788412775.4272375,1788412775.4217293,3,387902,0.08,0.08,1.0,1.0,2.0,2.0,1.0,0,False,11.825201034545898
/agv2/capability_report,1788412775.4272532,1788412775.4217534,2,388788,0.08,0.08,1.0,1.0,2.0,2.0,1.0,0,False,11.70996379852295
/agv3/capability_report,1788412775.4343762,1788412775.4298048,3,387903,0.08,0.08,1.0,1.0,2.0,2.0,1.0,0,False,11.825201034545898
/agv2/capability_report,1788412775.4351137,1788412775.4298756,2,388789,0.08,0.08,1.0,1.0,2.0,2.0,1.0,0,False,11.70996379852295
/agv1/capability_report,1788412775.438723,1788412775.4386048,1,389238,0.08,0.08,1.0,1.0,2.0,2.0,1.0,0,False,10.04344367980957
/agv3/capability_report,1788412775.4463487,1788412775.4417763,3,387904,0.08,0.08,1.0,1.0,2.0,2.0,1.0,0,False,11.825201034545898
/agv1/capability_report,1788412775.4466698,1788412775.4465716,1,389239,0.08,0.08,1.0,1.0,2.0,2.0,1.0,0,False,10.04344367980957
/agv2/capability_report,1788412775.4473293,1788412775.44188,2,388790,0.08,0.08,1.0,1.0,2.0,2.0,1.0,0,False,11.70996379852295
/agv3/capability_report,1788412775.4543357,1788412775.4497333,3,387905,0.08,0.08,1.0,1.0,2.0,2.0,1.0,0,False,11.825201034545898
/agv2/capability_report,1788412775.4560468,1788412775.4498878,2,388791,0.08,0.08,1.0,1.0,2.0,2.0,1.0,0,False,11.70996379852295
/agv1/capability_report,1788412775.4587457,1788412775.4586124,1,389240,0.08,0.08,1.0,1.0,2.0,2.0,1.0,0,False,10.04344367980957
/agv3/capability_report,1788412775.46626,1788412775.4617534,3,387906,0.08,0.08,1.0,1.0,2.0,2.0,1.0,0,False,11.736557006835938
/agv1/capability_report,1788412775.4666655,1788412775.4665782,1,389241,0.08,0.08,1.0,1.0,2.0,2.0,1.0,0,False,10.04344367980957
/agv2/capability_report,1788412775.4684887,1788412775.4617517,2,388792,0.08,0.08,1.0,1.0,2.0,2.0,1.0,0,False,11.70996379852295
/agv3/capability_report,1788412775.4745083,1788412775.4697988,3,387907,0.08,0.08,1.0,1.0,2.0,2.0,1.0,0,False,11.736557006835938
/agv2/capability_report,1788412775.47528,1788412775.4699006,2,388793,0.08,0.08,1.0,1.0,2.0,2.0,1.0,0,False,11.70996379852295
/agv1/capability_report,1788412775.4787166,1788412775.4786038,1,389242,0.08,0.08,1.0,1.0,2.0,2.0,1.0,0,False,10.04344367980957
/agv3/capability_report,1788412775.4864218,1788412775.4817886,3,387908,0.08,0.08,1.0,1.0,2.0,2.0,1.0,0,False,11.736557006835938
/agv1/capability_report,1788412775.4868073,1788412775.4866025,1,389243,0.08,0.08,1.0,1.0,2.0,2.0,1.0,0,False,10.04344367980957
/agv2/capability_report,1788412775.4875848,1788412775.4818754,2,388794,0.08,0.08,1.0,1.0,2.0,2.0,1.0,0,False,11.727692604064941
/agv3/capability_report,1788412775.4969478,1788412775.4897788,3,387909,0.08,0.08,1.0,1.0,2.0,2.0,1.0,0,False,11.736557006835938
/agv1/capability_report,1788412775.49883,1788412775.4986978,1,389244,0.08,0.08,1.0,1.0,2.0,2.0,1.0,0,False,10.04344367980957
/agv2/capability_report,1788412775.5033276,1788412775.4898617,2,388795,0.08,0.08,1.0,1.0,2.0,2.0,1.0,0,False,11.727692604064941
/agv1/capability_report,1788412775.5068018,1788412775.5066378,1,389245,0.08,0.08,1.0,1.0,2.0,2.0,1.0,0,False,10.04344367980957
/agv3/capability_report,1788412775.5093586,1788412775.5017793,3,387910,0.08,0.08,1.0,1.0,2.0,2.0,1.0,0,False,11.736557006835938
/agv2/capability_report,1788412775.5099342,1788412775.5017517,2,388796,0.08,0.08,1.0,1.0,2.0,2.0,1.0,0,False,11.727692604064941
/agv3/capability_report,1788412775.5150728,1788412775.5097966,3,387911,0.08,0.08,1.0,1.0,2.0,2.0,1.0,0,False,11.736557006835938
/agv2/capability_report,1788412775.516537,1788412775.5098727,2,388797,0.08,0.08,1.0,1.0,2.0,2.0,1.0,0,False,11.727692604064941
/agv1/capability_report,1788412775.5186737,1788412775.5185697,1,389246,0.08,0.08,1.0,1.0,2.0,2.0,1.0,0,False,10.04344367980957
/agv3/capability_report,1788412775.5263665,1788412775.5217788,3,387912,0.08,0.08,1.0,1.0,2.0,2.0,1.0,0,False,11.736557006835938
/agv1/capability_report,1788412775.526638,1788412775.5265777,1,389247,0.08,0.08,1.0,1.0,2.0,2.0,1.0,0,False,10.04344367980957
/agv2/capability_report,1788412775.5273364,1788412775.521868,2,388798,0.08,0.08,1.0,1.0,2.0,2.0,1.0,0,False,11.727692604064941
/agv3/capability_report,1788412775.5343738,1788412775.5297925,3,387913,0.08,0.08,1.0,1.0,2.0,2.0,1.0,0,False,11.736557006835938
/agv2/capability_report,1788412775.5361385,1788412775.5298743,2,388799,0.08,0.08,1.0,1.0,2.0,2.0,1.0,0,False,11.727692604064941
/agv1/capability_report,1788412775.5387123,1788412775.5386117,1,389248,0.08,0.08,1.0,1.0,2.0,2.0,1.0,0,False,10.04344367980957
/agv1/capability_report,1788412775.546636,1788412775.5465798,1,389249,0.08,0.08,1.0,1.0,2.0,2.0,1.0,0,False,10.04344367980957
/agv3/capability_report,1788412775.5475976,1788412775.5417674,3,387914,0.08,0.08,1.0,1.0,2.0,2.0,1.0,0,False,11.736557006835938
/agv2/capability_report,1788412775.5476348,1788412775.541752,2,388800,0.08,0.08,1.0,1.0,2.0,2.0,1.0,0,False,11.727692604064941
/agv3/capability_report,1788412775.5543292,1788412775.5497336,3,387915,0.08,0.08,1.0,1.0,2.0,2.0,1.0,0,False,11.736557006835938
/agv2/capability_report,1788412775.5550625,1788412775.549868,2,388801,0.08,0.08,1.0,1.0,2.0,2.0,1.0,0,False,11.727692604064941
/agv1/capability_report,1788412775.5588434,1788412775.5587058,1,389250,0.08,0.08,1.0,1.0,2.0,2.0,1.0,0,False,10.04344367980957
/agv3/capability_report,1788412775.5663424,1788412775.5618079,3,387916,0.08,0.08,1.0,1.0,2.0,2.0,1.0,0,False,11.736557006835938
/agv1/capability_report,1788412775.5666258,1788412775.566571,1,389251,0.08,0.08,1.0,1.0,2.0,2.0,1.0,0,False,10.04344367980957
/agv2/capability_report,1788412775.5679786,1788412775.5618706,2,388802,0.08,0.08,1.0,1.0,2.0,2.0,1.0,0,False,11.727692604064941
/agv3/capability_report,1788412775.5743997,1788412775.5697794,3,387917,0.08,0.08,1.0,1.0,2.0,2.0,1.0,0,False,11.736557006835938
/agv2/capability_report,1788412775.5759206,1788412775.5698705,2,388803,0.08,0.08,1.0,1.0,2.0,2.0,1.0,0,False,11.727692604064941
/agv1/capability_report,1788412775.5787501,1788412775.578633,1,389252,0.08,0.08,1.0,1.0,2.0,2.0,1.0,0,False,11.186960220336914
/agv1/capability_report,1788412775.5866868,1788412775.5865695,1,389253,0.08,0.08,1.0,1.0,2.0,2.0,1.0,0,False,11.186960220336914
/agv2/capability_report,1788412775.587587,1788412775.5817513,2,388804,0.08,0.08,1.0,1.0,2.0,2.0,1.0,0,False,11.727692604064941
/agv3/capability_report,1788412775.5876136,1788412775.5817857,3,387918,0.08,0.08,1.0,1.0,2.0,2.0,1.0,0,False,11.736557006835938
/agv3/capability_report,1788412775.594382,1788412775.5897753,3,387919,0.08,0.08,1.0,1.0,2.0,2.0,1.0,0,False,11.736557006835938
/agv2/capability_report,1788412775.5959105,1788412775.589877,2,388805,0.08,0.08,1.0,1.0,2.0,2.0,1.0,0,False,11.727692604064941
/agv1/capability_report,1788412775.598737,1788412775.598616,1,389254,0.08,0.08,1.0,1.0,2.0,2.0,1.0,0,False,11.186960220336914
/agv1/capability_report,1788412775.6067247,1788412775.6066012,1,389255,0.08,0.08,1.0,1.0,2.0,2.0,1.0,0,False,11.186960220336914
/agv3/capability_report,1788412775.6079605,1788412775.6017835,3,387920,0.08,0.08,1.0,1.0,2.0,2.0,1.0,0,False,11.736557006835938
/agv2/capability_report,1788412775.6099787,1788412775.60187,2,388806,0.08,0.08,1.0,1.0,2.0,2.0,1.0,0,False,11.727692604064941
/agv3/capability_report,1788412775.6154895,1788412775.6097822,3,387921,0.08,0.08,1.0,1.0,2.0,2.0,1.0,0,False,11.736557006835938
/agv2/capability_report,1788412775.6176715,1788412775.609868,2,388807,0.08,0.08,1.0,1.0,2.0,2.0,1.0,0,False,11.727692604064941
/agv1/capability_report,1788412775.6187565,1788412775.6186104,1,389256,0.08,0.08,1.0,1.0,2.0,2.0,1.0,0,False,11.186960220336914
/agv1/capability_report,1788412775.6267958,1788412775.6265614,1,389257,0.08,0.08,1.0,1.0,2.0,2.0,1.0,0,False,11.186960220336914
/agv3/capability_report,1788412775.6297557,1788412775.6217346,3,387922,0.08,0.08,1.0,1.0,2.0,2.0,1.0,0,False,11.701099395751953
/agv3/capability_report,1788412775.6344576,1788412775.6297808,3,387923,0.08,0.08,1.0,1.0,2.0,2.0,1.0,0,False,11.701099395751953
/agv1/capability_report,1788412775.638738,1788412775.6386278,1,389258,0.08,0.08,1.0,1.0,2.0,2.0,1.0,0,False,11.186960220336914
/agv1/capability_report,1788412775.64663,1788412775.6465747,1,389259,0.08,0.08,1.0,1.0,2.0,2.0,1.0,0,False,11.186960220336914
/agv3/capability_report,1788412775.6466687,1788412775.641775,3,387924,0.08,0.08,1.0,1.0,2.0,2.0,1.0,0,False,11.701099395751953
/agv3/capability_report,1788412775.6544793,1788412775.649768,3,387925,0.08,0.08,1.0,1.0,2.0,2.0,1.0,0,False,11.701099395751953
/agv1/capability_report,1788412775.6587868,1788412775.6586974,1,389260,0.08,0.08,1.0,1.0,2.0,2.0,1.0,0,False,11.186960220336914
/agv3/capability_report,1788412775.6665165,1788412775.6617851,3,387926,0.08,0.08,1.0,1.0,2.0,2.0,1.0,0,False,11.701099395751953
/agv1/capability_report,1788412775.6667693,1788412775.6665864,1,389261,0.08,0.08,1.0,1.0,2.0,2.0,1.0,0,False,11.186960220336914
/agv2/capability_report,1788412775.6699822,1788412775.6217527,2,388808,0.08,0.08,1.0,1.0,2.0,2.0,1.0,0,False,11.727692604064941
/agv2/capability_report,1788412775.6720512,1788412775.6298692,2,388809,0.08,0.08,1.0,1.0,2.0,2.0,1.0,0,False,11.727692604064941
/agv2/capability_report,1788412775.6720536,1788412775.641873,2,388810,0.08,0.08,1.0,1.0,2.0,2.0,1.0,0,False,11.701099395751953
/agv2/capability_report,1788412775.6720583,1788412775.6498687,2,388811,0.08,0.08,1.0,1.0,2.0,2.0,1.0,0,False,11.701099395751953
/agv2/capability_report,1788412775.6720755,1788412775.6617393,2,388812,0.08,0.08,1.0,1.0,2.0,2.0,1.0,0,False,11.701099395751953
/agv3/capability_report,1788412775.674382,1788412775.669777,3,387927,0.08,0.08,1.0,1.0,2.0,2.0,1.0,0,False,11.701099395751953
/agv2/capability_report,1788412775.6769536,1788412775.6698577,2,388813,0.08,0.08,1.0,1.0,2.0,2.0,1.0,0,False,11.701099395751953
/agv1/capability_report,1788412775.6786633,1788412775.6785774,1,389262,0.08,0.08,1.0,1.0,2.0,2.0,1.0,0,False,11.186960220336914
/agv1/capability_report,1788412775.6866863,1788412775.6865675,1,389263,0.08,0.08,1.0,1.0,2.0,2.0,1.0,0,False,11.186960220336914
/agv3/capability_report,1788412775.686879,1788412775.6817777,3,387928,0.08,0.08,1.0,1.0,2.0,2.0,1.0,0,False,11.701099395751953
/agv2/capability_report,1788412775.68699,1788412775.6818757,2,388814,0.08,0.08,1.0,1.0,2.0,2.0,1.0,0,False,11.701099395751953
/agv3/capability_report,1788412775.695241,1788412775.6897724,3,387929,0.08,0.08,1.0,1.0,2.0,2.0,1.0,0,False,11.701099395751953
/agv2/capability_report,1788412775.6952746,1788412775.6898682,2,388815,0.08,0.08,1.0,1.0,2.0,2.0,1.0,0,False,11.701099395751953
/agv1/capability_report,1788412775.6988318,1788412775.6986756,1,389264,0.08,0.08,1.0,1.0,2.0,2.0,1.0,0,False,11.186960220336914
/agv3/capability_report,1788412775.7062695,1788412775.7017694,3,387930,0.08,0.08,1.0,1.0,2.0,2.0,1.0,0,False,11.701099395751953
/agv1/capability_report,1788412775.7066715,1788412775.706579,1,389265,0.08,0.08,1.0,1.0,2.0,2.0,1.0,0,False,11.186960220336914
/agv2/capability_report,1788412775.707617,1788412775.7017522,2,388816,0.08,0.08,1.0,1.0,2.0,2.0,1.0,0,False,11.701099395751953
/agv3/capability_report,1788412775.7143,1788412775.7097752,3,387931,0.08,0.08,1.0,1.0,2.0,2.0,1.0,0,False,11.701099395751953
/agv2/capability_report,1788412775.7163568,1788412775.709871,2,388817,0.08,0.08,1.0,1.0,2.0,2.0,1.0,0,False,11.701099395751953
/agv1/capability_report,1788412775.7187097,1788412775.7186122,1,389266,0.08,0.08,1.0,1.0,2.0,2.0,1.0,0,False,11.186960220336914
/agv3/capability_report,1788412775.726651,1788412775.7217748,3,387932,0.08,0.08,1.0,1.0,2.0,2.0,1.0,0,False,11.701099395751953
/agv1/capability_report,1788412775.7266738,1788412775.7265885,1,389267,0.08,0.08,1.0,1.0,2.0,2.0,1.0,0,False,11.186960220336914
/agv2/capability_report,1788412775.7270842,1788412775.7218707,2,388818,0.08,0.08,1.0,1.0,2.0,2.0,1.0,0,False,11.701099395751953
/agv3/capability_report,1788412775.7344728,1788412775.7297664,3,387933,0.08,0.08,1.0,1.0,2.0,2.0,1.0,0,False,11.701099395751953
/agv2/capability_report,1788412775.735517,1788412775.729872,2,388819,0.08,0.08,1.0,1.0,2.0,2.0,1.0,0,False,11.701099395751953
/agv1/capability_report,1788412775.7387295,1788412775.7385986,1,389268,0.08,0.08,1.0,1.0,2.0,2.0,1.0,0,False,10.823516845703125
/agv1/capability_report,1788412775.746778,1788412775.7465556,1,389269,0.08,0.08,1.0,1.0,2.0,2.0,1.0,0,False,10.823516845703125
/agv2/capability_report,1788412775.7468824,1788412775.7416997,2,388820,0.08,0.08,1.0,1.0,2.0,2.0,1.0,0,False,11.701099395751953
/agv3/capability_report,1788412775.746934,1788412775.7417367,3,387934,0.08,0.08,1.0,1.0,2.0,2.0,1.0,0,False,11.701099395751953
/agv3/capability_report,1788412775.7545002,1788412775.7497962,3,387935,0.08,0.08,1.0,1.0,2.0,2.0,1.0,0,False,11.701099395751953
/agv2/capability_report,1788412775.7557118,1788412775.749857,2,388821,0.08,0.08,1.0,1.0,2.0,2.0,1.0,0,False,11.701099395751953
/agv1/capability_report,1788412775.7587137,1788412775.758598,1,389270,0.08,0.08,1.0,1.0,2.0,2.0,1.0,0,False,10.823516845703125
/agv3/capability_report,1788412775.766359,1788412775.7617645,3,387936,0.08,0.08,1.0,1.0,2.0,2.0,1.0,0,False,11.701099395751953
/agv1/capability_report,1788412775.7666547,1788412775.7665534,1,389271,0.08,0.08,1.0,1.0,2.0,2.0,1.0,0,False,10.823516845703125
/agv2/capability_report,1788412775.7672489,1788412775.7619166,2,388822,0.08,0.08,1.0,1.0,2.0,2.0,1.0,0,False,11.701099395751953
/agv3/capability_report,1788412775.7742662,1788412775.769782,3,387937,0.08,0.08,1.0,1.0,2.0,2.0,1.0,0,False,11.701099395751953
/agv2/capability_report,1788412775.7768548,1788412775.7698832,2,388823,0.08,0.08,1.0,1.0,2.0,2.0,1.0,0,False,11.701099395751953
/agv1/capability_report,1788412775.7786188,1788412775.7785642,1,389272,0.08,0.08,1.0,1.0,2.0,2.0,1.0,0,False,10.823516845703125
/agv3/capability_report,1788412775.786343,1788412775.7817814,3,387938,0.08,0.08,1.0,1.0,2.0,2.0,1.0,0,False,11.683369636535645
/agv1/capability_report,1788412775.7866554,1788412775.786562,1,389273,0.08,0.08,1.0,1.0,2.0,2.0,1.0,0,False,10.823516845703125
/agv2/capability_report,1788412775.7875924,1788412775.781753,2,388824,0.08,0.08,1.0,1.0,2.0,2.0,1.0,0,False,11.701099395751953
/agv3/capability_report,1788412775.7943513,1788412775.789786,3,387939,0.08,0.08,1.0,1.0,2.0,2.0,1.0,0,False,11.683369636535645
/agv2/capability_report,1788412775.7956257,1788412775.7899168,2,388825,0.08,0.08,1.0,1.0,2.0,2.0,1.0,0,False,11.701099395751953
/agv1/capability_report,1788412775.7987738,1788412775.7985902,1,389274,0.08,0.08,1.0,1.0,2.0,2.0,1.0,0,False,10.823516845703125
/agv3/capability_report,1788412775.8066924,1788412775.801775,3,387940,0.08,0.08,1.0,1.0,2.0,2.0,1.0,0,False,11.683369636535645
/agv1/capability_report,1788412775.8067334,1788412775.8065605,1,389275,0.08,0.08,1.0,1.0,2.0,2.0,1.0,0,False,10.823516845703125
/agv2/capability_report,1788412775.807253,1788412775.8018813,2,388826,0.08,0.08,1.0,1.0,2.0,2.0,1.0,0,False,11.701099395751953
/agv3/capability_report,1788412775.8148744,1788412775.809775,3,387941,0.08,0.08,1.0,1.0,2.0,2.0,1.0,0,False,11.683369636535645
/agv2/capability_report,1788412775.8169332,1788412775.8098726,2,388827,0.08,0.08,1.0,1.0,2.0,2.0,1.0,0,False,11.701099395751953
/agv1/capability_report,1788412775.8186467,1788412775.8185964,1,389276,0.08,0.08,1.0,1.0,2.0,2.0,1.0,0,False,10.823516845703125
/agv3/capability_report,1788412775.8264253,1788412775.8217783,3,387942,0.08,0.08,1.0,1.0,2.0,2.0,1.0,0,False,11.683369636535645
/agv1/capability_report,1788412775.8266056,1788412775.826558,1,389277,0.08,0.08,1.0,1.0,2.0,2.0,1.0,0,False,10.823516845703125
/agv2/capability_report,1788412775.82833,1788412775.8217504,2,388828,0.08,0.08,1.0,1.0,2.0,2.0,1.0,0,False,11.701099395751953
/agv3/capability_report,1788412775.8346388,1788412775.829794,3,387943,0.08,0.08,1.0,1.0,2.0,2.0,1.0,0,False,11.683369636535645
/agv2/capability_report,1788412775.835136,1788412775.829882,2,388829,0.08,0.08,1.0,1.0,2.0,2.0,1.0,0,False,11.701099395751953
/agv1/capability_report,1788412775.8386483,1788412775.838589,1,389278,0.08,0.08,1.0,1.0,2.0,2.0,1.0,0,False,10.823516845703125
/agv3/capability_report,1788412775.8463154,1788412775.8417797,3,387944,0.08,0.08,1.0,1.0,2.0,2.0,1.0,0,False,11.683369636535645
/agv1/capability_report,1788412775.8466346,1788412775.8465662,1,389279,0.08,0.08,1.0,1.0,2.0,2.0,1.0,0,False,10.823516845703125
/agv2/capability_report,1788412775.848097,1788412775.8418782,2,388830,0.08,0.08,1.0,1.0,2.0,2.0,1.0,0,False,11.701099395751953
/agv3/capability_report,1788412775.854342,1788412775.8497741,3,387945,0.08,0.08,1.0,1.0,2.0,2.0,1.0,0,False,11.683369636535645
/agv2/capability_report,1788412775.8553526,1788412775.849875,2,388831,0.08,0.08,1.0,1.0,2.0,2.0,1.0,0,False,11.701099395751953
/agv1/capability_report,1788412775.8588388,1788412775.85859,1,389280,0.08,0.08,1.0,1.0,2.0,2.0,1.0,0,False,10.823516845703125
/agv3/capability_report,1788412775.8664436,1788412775.8617835,3,387946,0.08,0.08,1.0,1.0,2.0,2.0,1.0,0,False,11.683369636535645
/agv1/capability_report,1788412775.8666255,1788412775.8665564,1,389281,0.08,0.08,1.0,1.0,2.0,2.0,1.0,0,False,10.823516845703125
/agv2/capability_report,1788412775.8690562,1788412775.861817,2,388832,0.08,0.08,1.0,1.0,2.0,2.0,1.0,0,False,11.701099395751953
/agv3/capability_report,1788412775.875145,1788412775.8697798,3,387947,0.08,0.08,1.0,1.0,2.0,2.0,1.0,0,False,11.683369636535645
/agv2/capability_report,1788412775.8752337,1788412775.869868,2,388833,0.08,0.08,1.0,1.0,2.0,2.0,1.0,0,False,11.701099395751953
/agv1/capability_report,1788412775.8787057,1788412775.8786201,1,389282,0.08,0.08,1.0,1.0,2.0,2.0,1.0,0,False,10.823516845703125
/agv3/capability_report,1788412775.8863835,1788412775.881771,3,387948,0.08,0.08,1.0,1.0,2.0,2.0,1.0,0,False,11.683369636535645
/agv1/capability_report,1788412775.8866909,1788412775.886557,1,389283,0.08,0.08,1.0,1.0,2.0,2.0,1.0,0,False,10.823516845703125
/agv2/capability_report,1788412775.8878055,1788412775.8818734,2,388834,0.08,0.08,1.0,1.0,2.0,2.0,1.0,0,False,11.701099395751953
/agv3/capability_report,1788412775.8956504,1788412775.8897712,3,387949,0.08,0.08,1.0,1.0,2.0,2.0,1.0,0,False,11.683369636535645
/agv2/capability_report,1788412775.8957632,1788412775.889878,2,388835,0.08,0.08,1.0,1.0,2.0,2.0,1.0,0,False,11.701099395751953
/agv1/capability_report,1788412775.8988447,1788412775.8986065,1,389284,0.08,0.08,1.0,1.0,2.0,2.0,1.0,0,False,11.133772850036621
/agv3/capability_report,1788412775.906462,1788412775.9017808,3,387950,0.08,0.08,1.0,1.0,2.0,2.0,1.0,0,False,11.683369636535645
/agv1/capability_report,1788412775.9066677,1788412775.9065566,1,389285,0.08,0.08,1.0,1.0,2.0,2.0,1.0,0,False,11.133772850036621
/agv2/capability_report,1788412775.9087756,1788412775.9017518,2,388836,0.08,0.08,1.0,1.0,2.0,2.0,1.0,0,False,11.701099395751953
/agv3/capability_report,1788412775.9143708,1788412775.909786,3,387951,0.08,0.08,1.0,1.0,2.0,2.0,1.0,0,False,11.683369636535645
/agv2/capability_report,1788412775.916521,1788412775.9098854,2,388837,0.08,0.08,1.0,1.0,2.0,2.0,1.0,0,False,11.701099395751953
/agv1/capability_report,1788412775.9187534,1788412775.918592,1,389286,0.08,0.08,1.0,1.0,2.0,2.0,1.0,0,False,11.133772850036621
/agv3/capability_report,1788412775.9264736,1788412775.9217784,3,387952,0.08,0.08,1.0,1.0,2.0,2.0,1.0,0,False,11.683369636535645
/agv1/capability_report,1788412775.9266803,1788412775.9265556,1,389287,0.08,0.08,1.0,1.0,2.0,2.0,1.0,0,False,11.133772850036621
/agv2/capability_report,1788412775.927356,1788412775.9218779,2,388838,0.08,0.08,1.0,1.0,2.0,2.0,1.0,0,False,11.701099395751953
/agv3/capability_report,1788412775.9344106,1788412775.92978,3,387953,0.08,0.08,1.0,1.0,2.0,2.0,1.0,0,False,11.683369636535645
/agv2/capability_report,1788412775.935592,1788412775.9298651,2,388839,0.08,0.08,1.0,1.0,2.0,2.0,1.0,0,False,11.701099395751953
/agv1/capability_report,1788412775.9388416,1788412775.938607,1,389288,0.08,0.08,1.0,1.0,2.0,2.0,1.0,0,False,11.133772850036621
/agv3/capability_report,1788412775.9462864,1788412775.9417555,3,387954,0.08,0.08,1.0,1.0,2.0,2.0,1.0,0,False,11.75428581237793
/agv1/capability_report,1788412775.9466457,1788412775.9465582,1,389289,0.08,0.08,1.0,1.0,2.0,2.0,1.0,0,False,11.133772850036621
/agv2/capability_report,1788412775.9489324,1788412775.9417517,2,388840,0.08,0.08,1.0,1.0,2.0,2.0,1.0,0,False,11.701099395751953
/agv3/capability_report,1788412775.9544518,1788412775.9497736,3,387955,0.08,0.08,1.0,1.0,2.0,2.0,1.0,0,False,11.75428581237793
/agv2/capability_report,1788412775.9553437,1788412775.9498708,2,388841,0.08,0.08,1.0,1.0,2.0,2.0,1.0,0,False,11.701099395751953
/agv1/capability_report,1788412775.9588363,1788412775.9586117,1,389290,0.08,0.08,1.0,1.0,2.0,2.0,1.0,0,False,11.133772850036621
/agv3/capability_report,1788412775.966497,1788412775.9617817,3,387956,0.08,0.08,1.0,1.0,2.0,2.0,1.0,0,False,11.75428581237793
/agv1/capability_report,1788412775.9666994,1788412775.9665668,1,389291,0.08,0.08,1.0,1.0,2.0,2.0,1.0,0,False,11.133772850036621
/agv2/capability_report,1788412775.9675684,1788412775.9618752,2,388842,0.08,0.08,1.0,1.0,2.0,2.0,1.0,0,False,11.674505233764648
/agv3/capability_report,1788412775.974529,1788412775.969791,3,387957,0.08,0.08,1.0,1.0,2.0,2.0,1.0,0,False,11.75428581237793
/agv2/capability_report,1788412775.975507,1788412775.969893,2,388843,0.08,0.08,1.0,1.0,2.0,2.0,1.0,0,False,11.674505233764648
/agv1/capability_report,1788412775.9788013,1788412775.978609,1,389292,0.08,0.08,1.0,1.0,2.0,2.0,1.0,0,False,11.133772850036621
/agv3/capability_report,1788412775.9866464,1788412775.9817765,3,387958,0.08,0.08,1.0,1.0,2.0,2.0,1.0,0,False,11.75428581237793
/agv1/capability_report,1788412775.9866776,1788412775.9865913,1,389293,0.08,0.08,1.0,1.0,2.0,2.0,1.0,0,False,11.133772850036621
/agv2/capability_report,1788412775.9875157,1788412775.9817512,2,388844,0.08,0.08,1.0,1.0,2.0,2.0,1.0,0,False,11.674505233764648
/agv3/capability_report,1788412775.995284,1788412775.989783,3,387959,0.08,0.08,1.0,1.0,2.0,2.0,1.0,0,False,11.75428581237793
/agv2/capability_report,1788412775.9966614,1788412775.989905,2,388845,0.08,0.08,1.0,1.0,2.0,2.0,1.0,0,False,11.674505233764648
/agv1/capability_report,1788412775.9987113,1788412775.9985955,1,389294,0.08,0.08,1.0,1.0,2.0,2.0,1.0,0,False,11.133772850036621
/agv3/capability_report,1788412776.0064175,1788412776.0017767,3,387960,0.08,0.08,1.0,1.0,2.0,2.0,1.0,0,False,11.75428581237793
/agv1/capability_report,1788412776.006666,1788412776.0065641,1,389295,0.08,0.08,1.0,1.0,2.0,2.0,1.0,0,False,11.133772850036621
/agv2/capability_report,1788412776.007807,1788412776.0018709,2,388846,0.08,0.08,1.0,1.0,2.0,2.0,1.0,0,False,11.674505233764648
/agv3/capability_report,1788412776.0143619,1788412776.0097651,3,387961,0.08,0.08,1.0,1.0,2.0,2.0,1.0,0,False,11.75428581237793
/agv2/capability_report,1788412776.0161188,1788412776.009871,2,388847,0.08,0.08,1.0,1.0,2.0,2.0,1.0,0,False,11.674505233764648
/agv1/capability_report,1788412776.0188487,1788412776.0186112,1,389296,0.08,0.08,1.0,1.0,2.0,2.0,1.0,0,False,11.133772850036621
/agv3/capability_report,1788412776.0263908,1788412776.0217767,3,387962,0.08,0.08,1.0,1.0,2.0,2.0,1.0,0,False,11.75428581237793
/agv1/capability_report,1788412776.0266008,1788412776.0265572,1,389297,0.08,0.08,1.0,1.0,2.0,2.0,1.0,0,False,11.133772850036621
/agv2/capability_report,1788412776.0287101,1788412776.0217524,2,388848,0.08,0.08,1.0,1.0,2.0,2.0,1.0,0,False,11.674505233764648
/agv3/capability_report,1788412776.0354662,1788412776.029773,3,387963,0.08,0.08,1.0,1.0,2.0,2.0,1.0,0,False,11.75428581237793
/agv2/capability_report,1788412776.038181,1788412776.0298803,2,388849,0.08,0.08,1.0,1.0,2.0,2.0,1.0,0,False,11.674505233764648
/agv1/capability_report,1788412776.038726,1788412776.038607,1,389298,0.08,0.08,1.0,1.0,2.0,2.0,1.0,0,False,11.133772850036621
/agv3/capability_report,1788412776.0463593,1788412776.0417771,3,387964,0.08,0.08,1.0,1.0,2.0,2.0,1.0,0,False,11.75428581237793
/agv1/capability_report,1788412776.0467095,1788412776.0465605,1,389299,0.08,0.08,1.0,1.0,2.0,2.0,1.0,0,False,11.133772850036621
/agv2/capability_report,1788412776.047764,1788412776.041873,2,388850,0.08,0.08,1.0,1.0,2.0,2.0,1.0,0,False,11.674505233764648
/agv3/capability_report,1788412776.0556536,1788412776.0497823,3,387965,0.08,0.08,1.0,1.0,2.0,2.0,1.0,0,False,11.75428581237793
/agv2/capability_report,1788412776.0577683,1788412776.0498626,2,388851,0.08,0.08,1.0,1.0,2.0,2.0,1.0,0,False,11.674505233764648
/agv1/capability_report,1788412776.0587153,1788412776.058588,1,389300,0.08,0.08,1.0,1.0,2.0,2.0,1.0,0,False,10.947619438171387
/agv1/capability_report,1788412776.0666935,1788412776.0665886,1,389301,0.08,0.08,1.0,1.0,2.0,2.0,1.0,0,False,10.947619438171387
/agv2/capability_report,1788412776.0677247,1788412776.0617518,2,388852,0.08,0.08,1.0,1.0,2.0,2.0,1.0,0,False,11.674505233764648
/agv3/capability_report,1788412776.0677817,1788412776.061802,3,387966,0.08,0.08,1.0,1.0,2.0,2.0,1.0,0,False,11.75428581237793
/agv3/capability_report,1788412776.07457,1788412776.0698016,3,387967,0.08,0.08,1.0,1.0,2.0,2.0,1.0,0,False,11.75428581237793
/agv2/capability_report,1788412776.0753715,1788412776.0698407,2,388853,0.08,0.08,1.0,1.0,2.0,2.0,1.0,0,False,11.674505233764648
/agv1/capability_report,1788412776.0787354,1788412776.0785959,1,389302,0.08,0.08,1.0,1.0,2.0,2.0,1.0,0,False,10.947619438171387
/agv1/capability_report,1788412776.0866594,1788412776.0865555,1,389303,0.08,0.08,1.0,1.0,2.0,2.0,1.0,0,False,10.947619438171387
/agv3/capability_report,1788412776.0867596,1788412776.0817916,3,387968,0.08,0.08,1.0,1.0,2.0,2.0,1.0,0,False,11.75428581237793
/agv2/capability_report,1788412776.0875583,1788412776.0818417,2,388854,0.08,0.08,1.0,1.0,2.0,2.0,1.0,0,False,11.674505233764648
/agv2/capability_report,1788412776.0949519,1788412776.0898445,2,388855,0.08,0.08,1.0,1.0,2.0,2.0,1.0,0,False,11.674505233764648
/agv3/capability_report,1788412776.0960584,1788412776.089767,3,387969,0.08,0.08,1.0,1.0,2.0,2.0,1.0,0,False,11.772014617919922
/agv1/capability_report,1788412776.0988102,1788412776.0986114,1,389304,0.08,0.08,1.0,1.0,2.0,2.0,1.0,0,False,10.947619438171387
/agv3/capability_report,1788412776.1063597,1788412776.101777,3,387970,0.08,0.08,1.0,1.0,2.0,2.0,1.0,0,False,11.772014617919922
/agv1/capability_report,1788412776.1067202,1788412776.1065533,1,389305,0.08,0.08,1.0,1.0,2.0,2.0,1.0,0,False,10.947619438171387
/agv2/capability_report,1788412776.1075385,1788412776.1017518,2,388856,0.08,0.08,1.0,1.0,2.0,2.0,1.0,0,False,11.674505233764648
/agv3/capability_report,1788412776.114349,1788412776.109776,3,387971,0.08,0.08,1.0,1.0,2.0,2.0,1.0,0,False,11.772014617919922
/agv2/capability_report,1788412776.1167102,1788412776.1098692,2,388857,0.08,0.08,1.0,1.0,2.0,2.0,1.0,0,False,11.674505233764648
/agv1/capability_report,1788412776.118882,1788412776.118608,1,389306,0.08,0.08,1.0,1.0,2.0,2.0,1.0,0,False,10.947619438171387
/agv3/capability_report,1788412776.1264913,1788412776.1217725,3,387972,0.08,0.08,1.0,1.0,2.0,2.0,1.0,0,False,11.772014617919922
/agv1/capability_report,1788412776.1267364,1788412776.1266134,1,389307,0.08,0.08,1.0,1.0,2.0,2.0,1.0,0,False,10.947619438171387
/agv2/capability_report,1788412776.1271331,1788412776.1218667,2,388858,0.08,0.08,1.0,1.0,2.0,2.0,1.0,0,False,11.64791202545166
/agv3/capability_report,1788412776.1345282,1788412776.129767,3,387973,0.08,0.08,1.0,1.0,2.0,2.0,1.0,0,False,11.772014617919922
/agv2/capability_report,1788412776.1357489,1788412776.1298807,2,388859,0.08,0.08,1.0,1.0,2.0,2.0,1.0,0,False,11.64791202545166
/agv1/capability_report,1788412776.1386986,1788412776.1386008,1,389308,0.08,0.08,1.0,1.0,2.0,2.0,1.0,0,False,10.947619438171387
/agv3/capability_report,1788412776.1462855,1788412776.1418023,3,387974,0.08,0.08,1.0,1.0,2.0,2.0,1.0,0,False,11.772014617919922
/agv1/capability_report,1788412776.1466024,1788412776.1465602,1,389309,0.08,0.08,1.0,1.0,2.0,2.0,1.0,0,False,10.947619438171387
/agv2/capability_report,1788412776.147965,1788412776.1418242,2,388860,0.08,0.08,1.0,1.0,2.0,2.0,1.0,0,False,11.64791202545166
/agv2/capability_report,1788412776.1581361,1788412776.1498392,2,388861,0.08,0.08,1.0,1.0,2.0,2.0,1.0,0,False,11.64791202545166
/agv3/capability_report,1788412776.1581392,1788412776.1497946,3,387975,0.08,0.08,1.0,1.0,2.0,2.0,1.0,0,False,11.772014617919922
/agv1/capability_report,1788412776.1586328,1788412776.1585877,1,389310,0.08,0.08,1.0,1.0,2.0,2.0,1.0,0,False,10.947619438171387
/agv3/capability_report,1788412776.1662457,1788412776.1617968,3,387976,0.08,0.08,1.0,1.0,2.0,2.0,1.0,0,False,11.772014617919922
/agv1/capability_report,1788412776.1666296,1788412776.166555,1,389311,0.08,0.08,1.0,1.0,2.0,2.0,1.0,0,False,10.947619438171387
/agv2/capability_report,1788412776.1676111,1788412776.1618495,2,388862,0.08,0.08,1.0,1.0,2.0,2.0,1.0,0,False,11.64791202545166
/agv3/capability_report,1788412776.174713,1788412776.1697948,3,387977,0.08,0.08,1.0,1.0,2.0,2.0,1.0,0,False,11.772014617919922
/agv2/capability_report,1788412776.1771846,1788412776.169882,2,388863,0.08,0.08,1.0,1.0,2.0,2.0,1.0,0,False,11.64791202545166
/agv1/capability_report,1788412776.1787474,1788412776.1785939,1,389312,0.08,0.08,1.0,1.0,2.0,2.0,1.0,0,False,10.947619438171387
/agv3/capability_report,1788412776.1865053,1788412776.1818402,3,387978,0.08,0.08,1.0,1.0,2.0,2.0,1.0,0,False,11.772014617919922
/agv1/capability_report,1788412776.186651,1788412776.1865695,1,389313,0.08,0.08,1.0,1.0,2.0,2.0,1.0,0,False,10.947619438171387
/agv2/capability_report,1788412776.1875622,1788412776.1818328,2,388864,0.08,0.08,1.0,1.0,2.0,2.0,1.0,0,False,11.64791202545166
/agv3/capability_report,1788412776.194292,1788412776.189774,3,387979,0.08,0.08,1.0,1.0,2.0,2.0,1.0,0,False,11.772014617919922
/agv2/capability_report,1788412776.1951401,1788412776.1898746,2,388865,0.08,0.08,1.0,1.0,2.0,2.0,1.0,0,False,11.64791202545166
/agv1/capability_report,1788412776.1987922,1788412776.1985843,1,389314,0.08,0.08,1.0,1.0,2.0,2.0,1.0,0,False,10.947619438171387
/agv3/capability_report,1788412776.2063558,1788412776.2018018,3,387980,0.08,0.08,1.0,1.0,2.0,2.0,1.0,0,False,11.772014617919922
/agv1/capability_report,1788412776.2066905,1788412776.206565,1,389315,0.08,0.08,1.0,1.0,2.0,2.0,1.0,0,False,10.991941452026367
/agv2/capability_report,1788412776.2073748,1788412776.2018697,2,388866,0.08,0.08,1.0,1.0,2.0,2.0,1.0,0,False,11.64791202545166
/agv1/capability_report,1788412776.21883,1788412776.218588,1,389316,0.08,0.08,1.0,1.0,2.0,2.0,1.0,0,False,10.991941452026367
/agv2/capability_report,1788412776.2212837,1788412776.209867,2,388867,0.08,0.08,1.0,1.0,2.0,2.0,1.0,0,False,11.64791202545166
/agv3/capability_report,1788412776.221316,1788412776.20976,3,387981,0.08,0.08,1.0,1.0,2.0,2.0,1.0,0,False,11.772014617919922
/agv3/capability_report,1788412776.2264547,1788412776.221804,3,387982,0.08,0.08,1.0,1.0,2.0,2.0,1.0,0,False,11.772014617919922
/agv1/capability_report,1788412776.2266622,1788412776.2265506,1,389317,0.08,0.08,1.0,1.0,2.0,2.0,1.0,0,False,10.991941452026367
/agv2/capability_report,1788412776.2277708,1788412776.2218773,2,388868,0.08,0.08,1.0,1.0,2.0,2.0,1.0,0,False,11.64791202545166
/agv3/capability_report,1788412776.234792,1788412776.2297943,3,387983,0.08,0.08,1.0,1.0,2.0,2.0,1.0,0,False,11.772014617919922
/agv2/capability_report,1788412776.235816,1788412776.2298744,2,388869,0.08,0.08,1.0,1.0,2.0,2.0,1.0,0,False,11.64791202545166
/agv1/capability_report,1788412776.2388446,1788412776.2385936,1,389318,0.08,0.08,1.0,1.0,2.0,2.0,1.0,0,False,10.991941452026367
/agv3/capability_report,1788412776.246362,1788412776.241773,3,387984,0.08,0.08,1.0,1.0,2.0,2.0,1.0,0,False,11.772014617919922
/agv1/capability_report,1788412776.2466924,1788412776.246573,1,389319,0.08,0.08,1.0,1.0,2.0,2.0,1.0,0,False,10.991941452026367
/agv2/capability_report,1788412776.247361,1788412776.2418678,2,388870,0.08,0.08,1.0,1.0,2.0,2.0,1.0,0,False,11.64791202545166
/agv3/capability_report,1788412776.2543757,1788412776.249779,3,387985,0.08,0.08,1.0,1.0,2.0,2.0,1.0,0,False,11.825201034545898
/agv2/capability_report,1788412776.2565258,1788412776.2498724,2,388871,0.08,0.08,1.0,1.0,2.0,2.0,1.0,0,False,11.64791202545166
/agv1/capability_report,1788412776.2587187,1788412776.258582,1,389320,0.08,0.08,1.0,1.0,2.0,2.0,1.0,0,False,10.991941452026367
/agv3/capability_report,1788412776.266344,1788412776.261799,3,387986,0.08,0.08,1.0,1.0,2.0,2.0,1.0,0,False,11.825201034545898
/agv1/capability_report,1788412776.2667205,1788412776.2665665,1,389321,0.08,0.08,1.0,1.0,2.0,2.0,1.0,0,False,10.991941452026367
/agv2/capability_report,1788412776.2677555,1788412776.2618334,2,388872,0.08,0.08,1.0,1.0,2.0,2.0,1.0,0,False,11.64791202545166
/agv3/capability_report,1788412776.274279,1788412776.269837,3,387987,0.08,0.08,1.0,1.0,2.0,2.0,1.0,0,False,11.825201034545898
/agv2/capability_report,1788412776.2762086,1788412776.2698755,2,388873,0.08,0.08,1.0,1.0,2.0,2.0,1.0,0,False,11.64791202545166
/agv1/capability_report,1788412776.278708,1788412776.2786033,1,389322,0.08,0.08,1.0,1.0,2.0,2.0,1.0,0,False,10.991941452026367
/agv3/capability_report,1788412776.2863166,1788412776.281776,3,387988,0.08,0.08,1.0,1.0,2.0,2.0,1.0,0,False,11.825201034545898
/agv1/capability_report,1788412776.2867258,1788412776.2865698,1,389323,0.08,0.08,1.0,1.0,2.0,2.0,1.0,0,False,10.991941452026367
/agv2/capability_report,1788412776.2881806,1788412776.2818744,2,388874,0.08,0.08,1.0,1.0,2.0,2.0,1.0,0,False,11.621318817138672
/agv3/capability_report,1788412776.2942758,1788412776.2897508,3,387989,0.08,0.08,1.0,1.0,2.0,2.0,1.0,0,False,11.825201034545898
/agv2/capability_report,1788412776.2949667,1788412776.2898781,2,388875,0.08,0.08,1.0,1.0,2.0,2.0,1.0,0,False,11.621318817138672
/agv1/capability_report,1788412776.2986808,1788412776.298572,1,389324,0.08,0.08,1.0,1.0,2.0,2.0,1.0,0,False,10.991941452026367
/agv1/capability_report,1788412776.3067482,1788412776.3065958,1,389325,0.08,0.08,1.0,1.0,2.0,2.0,1.0,0,False,10.991941452026367
/agv3/capability_report,1788412776.3116488,1788412776.3017988,3,387990,0.08,0.08,1.0,1.0,2.0,2.0,1.0,0,False,11.825201034545898
/agv2/capability_report,1788412776.3116622,1788412776.3018184,2,388876,0.08,0.08,1.0,1.0,2.0,2.0,1.0,0,False,11.621318817138672
/agv3/capability_report,1788412776.3146672,1788412776.3097372,3,387991,0.08,0.08,1.0,1.0,2.0,2.0,1.0,0,False,11.825201034545898
/agv2/capability_report,1788412776.3160458,1788412776.3098586,2,388877,0.08,0.08,1.0,1.0,2.0,2.0,1.0,0,False,11.621318817138672
/agv1/capability_report,1788412776.3187623,1788412776.3186042,1,389326,0.08,0.08,1.0,1.0,2.0,2.0,1.0,0,False,10.991941452026367
/agv3/capability_report,1788412776.3263958,1788412776.3217366,3,387992,0.08,0.08,1.0,1.0,2.0,2.0,1.0,0,False,11.825201034545898
/agv1/capability_report,1788412776.3267434,1788412776.3265603,1,389327,0.08,0.08,1.0,1.0,2.0,2.0,1.0,0,False,10.991941452026367
/agv2/capability_report,1788412776.328526,1788412776.3218777,2,388878,0.08,0.08,1.0,1.0,2.0,2.0,1.0,0,False,11.621318817138672
/agv3/capability_report,1788412776.3343399,1788412776.3297834,3,387993,0.08,0.08,1.0,1.0,2.0,2.0,1.0,0,False,11.825201034545898
/agv2/capability_report,1788412776.3352942,1788412776.3298762,2,388879,0.08,0.08,1.0,1.0,2.0,2.0,1.0,0,False,11.621318817138672
/agv1/capability_report,1788412776.3387196,1788412776.3385923,1,389328,0.08,0.08,1.0,1.0,2.0,2.0,1.0,0,False,10.991941452026367
/agv3/capability_report,1788412776.3463225,1788412776.3417957,3,387994,0.08,0.08,1.0,1.0,2.0,2.0,1.0,0,False,11.825201034545898
/agv1/capability_report,1788412776.346623,1788412776.3465545,1,389329,0.08,0.08,1.0,1.0,2.0,2.0,1.0,0,False,10.991941452026367
/agv2/capability_report,1788412776.3485165,1788412776.3417518,2,388880,0.08,0.08,1.0,1.0,2.0,2.0,1.0,0,False,11.621318817138672
/agv3/capability_report,1788412776.3555133,1788412776.349837,3,387995,0.08,0.08,1.0,1.0,2.0,2.0,1.0,0,False,11.825201034545898
/agv2/capability_report,1788412776.355574,1788412776.349868,2,388881,0.08,0.08,1.0,1.0,2.0,2.0,1.0,0,False,11.621318817138672
/agv1/capability_report,1788412776.358666,1788412776.3585916,1,389330,0.08,0.08,1.0,1.0,2.0,2.0,1.0,0,False,10.991941452026367
/agv1/capability_report,1788412776.3666563,1788412776.366559,1,389331,0.08,0.08,1.0,1.0,2.0,2.0,1.0,0,False,11.408571243286133
/agv3/capability_report,1788412776.3668962,1788412776.3617861,3,387996,0.08,0.08,1.0,1.0,2.0,2.0,1.0,0,False,11.825201034545898
/agv2/capability_report,1788412776.3674352,1788412776.3619125,2,388882,0.08,0.08,1.0,1.0,2.0,2.0,1.0,0,False,11.621318817138672
/agv2/capability_report,1788412776.3758323,1788412776.3697412,2,388883,0.08,0.08,1.0,1.0,2.0,2.0,1.0,0,False,11.621318817138672
/agv3/capability_report,1788412776.3778093,1788412776.3697946,3,387997,0.08,0.08,1.0,1.0,2.0,2.0,1.0,0,False,11.825201034545898
/agv1/capability_report,1788412776.3788064,1788412776.3786116,1,389332,0.08,0.08,1.0,1.0,2.0,2.0,1.0,0,False,11.408571243286133
/agv3/capability_report,1788412776.3863535,1788412776.3817823,3,387998,0.08,0.08,1.0,1.0,2.0,2.0,1.0,0,False,11.825201034545898
/agv1/capability_report,1788412776.386659,1788412776.3865542,1,389333,0.08,0.08,1.0,1.0,2.0,2.0,1.0,0,False,11.408571243286133
/agv2/capability_report,1788412776.3881335,1788412776.3818192,2,388884,0.08,0.08,1.0,1.0,2.0,2.0,1.0,0,False,11.621318817138672
/agv3/capability_report,1788412776.397247,1788412776.3897927,3,387999,0.08,0.08,1.0,1.0,2.0,2.0,1.0,0,False,11.825201034545898
/agv2/capability_report,1788412776.3982744,1788412776.389876,2,388885,0.08,0.08,1.0,1.0,2.0,2.0,1.0,0,False,11.621318817138672
/agv1/capability_report,1788412776.3987963,1788412776.3985567,1,389334,0.08,0.08,1.0,1.0,2.0,2.0,1.0,0,False,11.408571243286133
/agv3/capability_report,1788412776.4062734,1788412776.40178,3,388000,0.08,0.08,1.0,1.0,2.0,2.0,1.0,0,False,11.825201034545898
/agv1/capability_report,1788412776.4066777,1788412776.4065545,1,389335,0.08,0.08,1.0,1.0,2.0,2.0,1.0,0,False,11.408571243286133
/agv2/capability_report,1788412776.4093206,1788412776.4018748,2,388886,0.08,0.08,1.0,1.0,2.0,2.0,1.0,0,False,11.621318817138672
/agv2/capability_report,1788412776.415793,1788412776.409872,2,388887,0.08,0.08,1.0,1.0,2.0,2.0,1.0,0,False,11.621318817138672
/agv3/capability_report,1788412776.416029,1788412776.4097717,3,388001,0.08,0.08,1.0,1.0,2.0,2.0,1.0,0,False,11.79860782623291
/agv1/capability_report,1788412776.4187598,1788412776.41861,1,389336,0.08,0.08,1.0,1.0,2.0,2.0,1.0,0,False,11.408571243286133
/agv1/capability_report,1788412776.4267943,1788412776.426592,1,389337,0.08,0.08,1.0,1.0,2.0,2.0,1.0,0,False,11.408571243286133
/agv2/capability_report,1788412776.42782,1788412776.421815,2,388888,0.08,0.08,1.0,1.0,2.0,2.0,1.0,0,False,11.621318817138672
/agv3/capability_report,1788412776.4278345,1788412776.4217818,3,388002,0.08,0.08,1.0,1.0,2.0,2.0,1.0,0,False,11.79860782623291
/agv3/capability_report,1788412776.4354753,1788412776.4297826,3,388003,0.08,0.08,1.0,1.0,2.0,2.0,1.0,0,False,11.79860782623291
/agv2/capability_report,1788412776.4366941,1788412776.4298742,2,388889,0.08,0.08,1.0,1.0,2.0,2.0,1.0,0,False,11.621318817138672
/agv1/capability_report,1788412776.438789,1788412776.438612,1,389338,0.08,0.08,1.0,1.0,2.0,2.0,1.0,0,False,11.408571243286133
/agv1/capability_report,1788412776.4467025,1788412776.4465911,1,389339,0.08,0.08,1.0,1.0,2.0,2.0,1.0,0,False,11.408571243286133
/agv2/capability_report,1788412776.448474,1788412776.4418755,2,388890,0.08,0.08,1.0,1.0,2.0,2.0,1.0,0,False,11.639047622680664
/agv3/capability_report,1788412776.4484854,1788412776.4417908,3,388004,0.08,0.08,1.0,1.0,2.0,2.0,1.0,0,False,11.79860782623291
/agv3/capability_report,1788412776.4551811,1788412776.4497828,3,388005,0.08,0.08,1.0,1.0,2.0,2.0,1.0,0,False,11.79860782623291
/agv2/capability_report,1788412776.4572039,1788412776.449872,2,388891,0.08,0.08,1.0,1.0,2.0,2.0,1.0,0,False,11.639047622680664
/agv1/capability_report,1788412776.458691,1788412776.4586072,1,389340,0.08,0.08,1.0,1.0,2.0,2.0,1.0,0,False,11.408571243286133
/agv3/capability_report,1788412776.4663055,1788412776.4618058,3,388006,0.08,0.08,1.0,1.0,2.0,2.0,1.0,0,False,11.79860782623291
/agv1/capability_report,1788412776.4666142,1788412776.4665518,1,389341,0.08,0.08,1.0,1.0,2.0,2.0,1.0,0,False,11.408571243286133
/agv2/capability_report,1788412776.4671726,1788412776.461818,2,388892,0.08,0.08,1.0,1.0,2.0,2.0,1.0,0,False,11.639047622680664
/agv3/capability_report,1788412776.4742272,1788412776.4697838,3,388007,0.08,0.08,1.0,1.0,2.0,2.0,1.0,0,False,11.79860782623291
/agv2/capability_report,1788412776.4772055,1788412776.4698722,2,388893,0.08,0.08,1.0,1.0,2.0,2.0,1.0,0,False,11.639047622680664
/agv1/capability_report,1788412776.4788072,1788412776.4786086,1,389342,0.08,0.08,1.0,1.0,2.0,2.0,1.0,0,False,11.408571243286133
/agv3/capability_report,1788412776.4863966,1788412776.4817977,3,388008,0.08,0.08,1.0,1.0,2.0,2.0,1.0,0,False,11.79860782623291
/agv1/capability_report,1788412776.486651,1788412776.4865532,1,389343,0.08,0.08,1.0,1.0,2.0,2.0,1.0,0,False,11.408571243286133
/agv2/capability_report,1788412776.4872394,1788412776.4818716,2,388894,0.08,0.08,1.0,1.0,2.0,2.0,1.0,0,False,11.639047622680664
/agv3/capability_report,1788412776.4947157,1788412776.489774,3,388009,0.08,0.08,1.0,1.0,2.0,2.0,1.0,0,False,11.79860782623291
/agv2/capability_report,1788412776.4964755,1788412776.4898856,2,388895,0.08,0.08,1.0,1.0,2.0,2.0,1.0,0,False,11.639047622680664
/agv1/capability_report,1788412776.4986012,1788412776.4985547,1,389344,0.08,0.08,1.0,1.0,2.0,2.0,1.0,0,False,11.408571243286133
/agv3/capability_report,1788412776.5063686,1788412776.5017936,3,388010,0.08,0.08,1.0,1.0,2.0,2.0,1.0,0,False,11.79860782623291
/agv1/capability_report,1788412776.506646,1788412776.5065591,1,389345,0.08,0.08,1.0,1.0,2.0,2.0,1.0,0,False,11.408571243286133
/agv2/capability_report,1788412776.5078273,1788412776.5018125,2,388896,0.08,0.08,1.0,1.0,2.0,2.0,1.0,0,False,11.639047622680664
/agv3/capability_report,1788412776.5161119,1788412776.5097709,3,388011,0.08,0.08,1.0,1.0,2.0,2.0,1.0,0,False,11.79860782623291
/agv2/capability_report,1788412776.5185366,1788412776.5098677,2,388897,0.08,0.08,1.0,1.0,2.0,2.0,1.0,0,False,11.639047622680664
/agv1/capability_report,1788412776.5186286,1788412776.518565,1,389346,0.08,0.08,1.0,1.0,2.0,2.0,1.0,0,False,11.408571243286133
/agv3/capability_report,1788412776.526587,1788412776.5217724,3,388012,0.08,0.08,1.0,1.0,2.0,2.0,1.0,0,False,11.79860782623291
/agv1/capability_report,1788412776.5266893,1788412776.5265613,1,389347,0.08,0.08,1.0,1.0,2.0,2.0,1.0,0,False,11.328791618347168
/agv2/capability_report,1788412776.527807,1788412776.521868,2,388898,0.08,0.08,1.0,1.0,2.0,2.0,1.0,0,False,11.639047622680664
/agv2/capability_report,1788412776.5365894,1788412776.5298722,2,388899,0.08,0.08,1.0,1.0,2.0,2.0,1.0,0,False,11.639047622680664
/agv1/capability_report,1788412776.5387435,1788412776.5385993,1,389348,0.08,0.08,1.0,1.0,2.0,2.0,1.0,0,False,11.328791618347168
/agv3/capability_report,1788412776.5390027,1788412776.529775,3,388013,0.08,0.08,1.0,1.0,2.0,2.0,1.0,0,False,11.79860782623291
/agv3/capability_report,1788412776.5465057,1788412776.5418153,3,388014,0.08,0.08,1.0,1.0,2.0,2.0,1.0,0,False,11.79860782623291
/agv1/capability_report,1788412776.5466876,1788412776.5465765,1,389349,0.08,0.08,1.0,1.0,2.0,2.0,1.0,0,False,11.328791618347168
/agv2/capability_report,1788412776.5475333,1788412776.5418203,2,388900,0.08,0.08,1.0,1.0,2.0,2.0,1.0,0,False,11.639047622680664
/agv3/capability_report,1788412776.554343,1788412776.5497873,3,388015,0.08,0.08,1.0,1.0,2.0,2.0,1.0,0,False,11.79860782623291
/agv2/capability_report,1788412776.5554204,1788412776.5498366,2,388901,0.08,0.08,1.0,1.0,2.0,2.0,1.0,0,False,11.639047622680664
/agv1/capability_report,1788412776.5587075,1788412776.558577,1,389350,0.08,0.08,1.0,1.0,2.0,2.0,1.0,0,False,11.328791618347168
/agv3/capability_report,1788412776.5662994,1788412776.561802,3,388016,0.08,0.08,1.0,1.0,2.0,2.0,1.0,0,False,11.79860782623291
/agv1/capability_report,1788412776.5667012,1788412776.5665743,1,389351,0.08,0.08,1.0,1.0,2.0,2.0,1.0,0,False,11.328791618347168
/agv2/capability_report,1788412776.5677972,1788412776.5618656,2,388902,0.08,0.08,1.0,1.0,2.0,2.0,1.0,0,False,11.639047622680664
/agv3/capability_report,1788412776.5742283,1788412776.5697665,3,388017,0.08,0.08,1.0,1.0,2.0,2.0,1.0,0,False,11.718828201293945
/agv2/capability_report,1788412776.5767417,1788412776.5698757,2,388903,0.08,0.08,1.0,1.0,2.0,2.0,1.0,0,False,11.639047622680664
/agv1/capability_report,1788412776.5787005,1788412776.5786035,1,389352,0.08,0.08,1.0,1.0,2.0,2.0,1.0,0,False,11.328791618347168
/agv1/capability_report,1788412776.5866425,1788412776.5865574,1,389353,0.08,0.08,1.0,1.0,2.0,2.0,1.0,0,False,11.328791618347168
/agv3/capability_report,1788412776.5876486,1788412776.5817797,3,388018,0.08,0.08,1.0,1.0,2.0,2.0,1.0,0,False,11.718828201293945
/agv2/capability_report,1788412776.588617,1788412776.5818257,2,388904,0.08,0.08,1.0,1.0,2.0,2.0,1.0,0,False,11.639047622680664
/agv3/capability_report,1788412776.5942535,1788412776.589773,3,388019,0.08,0.08,1.0,1.0,2.0,2.0,1.0,0,False,11.718828201293945
/agv2/capability_report,1788412776.5952835,1788412776.589868,2,388905,0.08,0.08,1.0,1.0,2.0,2.0,1.0,0,False,11.639047622680664
/agv1/capability_report,1788412776.5986776,1788412776.5985594,1,389354,0.08,0.08,1.0,1.0,2.0,2.0,1.0,0,False,11.328791618347168
/agv3/capability_report,1788412776.6062915,1788412776.601793,3,388020,0.08,0.08,1.0,1.0,2.0,2.0,1.0,0,False,11.718828201293945
/agv1/capability_report,1788412776.6066556,1788412776.6065602,1,389355,0.08,0.08,1.0,1.0,2.0,2.0,1.0,0,False,11.328791618347168
/agv2/capability_report,1788412776.608039,1788412776.6018722,2,388906,0.08,0.08,1.0,1.0,2.0,2.0,1.0,0,False,11.54153823852539
/agv2/capability_report,1788412776.6151855,1788412776.6098714,2,388907,0.08,0.08,1.0,1.0,2.0,2.0,1.0,0,False,11.54153823852539
/agv3/capability_report,1788412776.6168168,1788412776.6097584,3,388021,0.08,0.08,1.0,1.0,2.0,2.0,1.0,0,False,11.718828201293945
/agv1/capability_report,1788412776.6186612,1788412776.6185575,1,389356,0.08,0.08,1.0,1.0,2.0,2.0,1.0,0,False,11.328791618347168
/agv1/capability_report,1788412776.6267357,1788412776.6265574,1,389357,0.08,0.08,1.0,1.0,2.0,2.0,1.0,0,False,11.328791618347168
/agv3/capability_report,1788412776.626754,1788412776.6217787,3,388022,0.08,0.08,1.0,1.0,2.0,2.0,1.0,0,False,11.718828201293945
/agv2/capability_report,1788412776.627462,1788412776.6218152,2,388908,0.08,0.08,1.0,1.0,2.0,2.0,1.0,0,False,11.54153823852539
/agv2/capability_report,1788412776.63596,1788412776.6298728,2,388909,0.08,0.08,1.0,1.0,2.0,2.0,1.0,0,False,11.54153823852539
/agv3/capability_report,1788412776.6359625,1788412776.6297812,3,388023,0.08,0.08,1.0,1.0,2.0,2.0,1.0,0,False,11.718828201293945
/agv1/capability_report,1788412776.6386368,1788412776.6385596,1,389358,0.08,0.08,1.0,1.0,2.0,2.0,1.0,0,False,11.328791618347168
/agv3/capability_report,1788412776.6463273,1788412776.6417708,3,388024,0.08,0.08,1.0,1.0,2.0,2.0,1.0,0,False,11.718828201293945
/agv1/capability_report,1788412776.6467185,1788412776.646565,1,389359,0.08,0.08,1.0,1.0,2.0,2.0,1.0,0,False,11.328791618347168
/agv2/capability_report,1788412776.6479504,1788412776.6418793,2,388910,0.08,0.08,1.0,1.0,2.0,2.0,1.0,0,False,11.54153823852539
/agv3/capability_report,1788412776.654768,1788412776.649776,3,388025,0.08,0.08,1.0,1.0,2.0,2.0,1.0,0,False,11.718828201293945
/agv2/capability_report,1788412776.655743,1788412776.6498673,2,388911,0.08,0.08,1.0,1.0,2.0,2.0,1.0,0,False,11.54153823852539
/agv1/capability_report,1788412776.6588013,1788412776.6586118,1,389360,0.08,0.08,1.0,1.0,2.0,2.0,1.0,0,False,11.328791618347168
/agv3/capability_report,1788412776.6662905,1788412776.661743,3,388026,0.08,0.08,1.0,1.0,2.0,2.0,1.0,0,False,11.718828201293945
/agv1/capability_report,1788412776.6666927,1788412776.666573,1,389361,0.08,0.08,1.0,1.0,2.0,2.0,1.0,0,False,11.328791618347168
/agv2/capability_report,1788412776.6681814,1788412776.661814,2,388912,0.08,0.08,1.0,1.0,2.0,2.0,1.0,0,False,11.54153823852539
/agv3/capability_report,1788412776.6744604,1788412776.669846,3,388027,0.08,0.08,1.0,1.0,2.0,2.0,1.0,0,False,11.718828201293945
/agv2/capability_report,1788412776.6768603,1788412776.6699152,2,388913,0.08,0.08,1.0,1.0,2.0,2.0,1.0,0,False,11.54153823852539
/agv1/capability_report,1788412776.678683,1788412776.67858,1,389362,0.08,0.08,1.0,1.0,2.0,2.0,1.0,0,False,11.328791618347168
/agv3/capability_report,1788412776.686322,1788412776.6817796,3,388028,0.08,0.08,1.0,1.0,2.0,2.0,1.0,0,False,11.718828201293945
/agv1/capability_report,1788412776.6866508,1788412776.686577,1,389363,0.08,0.08,1.0,1.0,2.0,2.0,1.0,0,False,10.699414253234863
/agv2/capability_report,1788412776.6890092,1788412776.681874,2,388914,0.08,0.08,1.0,1.0,2.0,2.0,1.0,0,False,11.54153823852539
/agv2/capability_report,1788412776.6959617,1788412776.6898725,2,388915,0.08,0.08,1.0,1.0,2.0,2.0,1.0,0,False,11.54153823852539
/agv3/capability_report,1788412776.695972,1788412776.689766,3,388029,0.08,0.08,1.0,1.0,2.0,2.0,1.0,0,False,11.718828201293945
/agv1/capability_report,1788412776.698815,1788412776.6986105,1,389364,0.08,0.08,1.0,1.0,2.0,2.0,1.0,0,False,10.699414253234863
/agv3/capability_report,1788412776.706248,1788412776.7017305,3,388030,0.08,0.08,1.0,1.0,2.0,2.0,1.0,0,False,11.718828201293945
/agv1/capability_report,1788412776.7066746,1788412776.7065833,1,389365,0.08,0.08,1.0,1.0,2.0,2.0,1.0,0,False,10.699414253234863
/agv2/capability_report,1788412776.7072217,1788412776.7018116,2,388916,0.08,0.08,1.0,1.0,2.0,2.0,1.0,0,False,11.54153823852539
/agv3/capability_report,1788412776.7145276,1788412776.7097878,3,388031,0.08,0.08,1.0,1.0,2.0,2.0,1.0,0,False,11.718828201293945
/agv2/capability_report,1788412776.7167346,1788412776.709874,2,388917,0.08,0.08,1.0,1.0,2.0,2.0,1.0,0,False,11.54153823852539
/agv1/capability_report,1788412776.7187188,1788412776.718616,1,389366,0.08,0.08,1.0,1.0,2.0,2.0,1.0,0,False,10.699414253234863
/agv1/capability_report,1788412776.7267194,1788412776.726599,1,389367,0.08,0.08,1.0,1.0,2.0,2.0,1.0,0,False,10.699414253234863
/agv3/capability_report,1788412776.7275388,1788412776.721768,3,388032,0.08,0.08,1.0,1.0,2.0,2.0,1.0,0,False,11.718828201293945
/agv2/capability_report,1788412776.7291415,1788412776.721743,2,388918,0.08,0.08,1.0,1.0,2.0,2.0,1.0,0,False,11.54153823852539
/agv3/capability_report,1788412776.7345948,1788412776.729772,3,388033,0.08,0.08,1.0,1.0,2.0,2.0,1.0,0,False,11.727692604064941
/agv2/capability_report,1788412776.7367623,1788412776.7298665,2,388919,0.08,0.08,1.0,1.0,2.0,2.0,1.0,0,False,11.54153823852539
/agv1/capability_report,1788412776.73877,1788412776.7386107,1,389368,0.08,0.08,1.0,1.0,2.0,2.0,1.0,0,False,10.699414253234863
/agv1/capability_report,1788412776.7466788,1788412776.7465885,1,389369,0.08,0.08,1.0,1.0,2.0,2.0,1.0,0,False,10.699414253234863
/agv3/capability_report,1788412776.7468946,1788412776.7417939,3,388034,0.08,0.08,1.0,1.0,2.0,2.0,1.0,0,False,11.727692604064941
/agv2/capability_report,1788412776.7470515,1788412776.7418108,2,388920,0.08,0.08,1.0,1.0,2.0,2.0,1.0,0,False,11.54153823852539
/agv3/capability_report,1788412776.754411,1788412776.749775,3,388035,0.08,0.08,1.0,1.0,2.0,2.0,1.0,0,False,11.727692604064941
/agv2/capability_report,1788412776.7555137,1788412776.749863,2,388921,0.08,0.08,1.0,1.0,2.0,2.0,1.0,0,False,11.54153823852539
/agv1/capability_report,1788412776.758666,1788412776.7585602,1,389370,0.08,0.08,1.0,1.0,2.0,2.0,1.0,0,False,10.699414253234863
/agv1/capability_report,1788412776.7667239,1788412776.7665844,1,389371,0.08,0.08,1.0,1.0,2.0,2.0,1.0,0,False,10.699414253234863
/agv2/capability_report,1788412776.7669778,1788412776.7618728,2,388922,0.08,0.08,1.0,1.0,2.0,2.0,1.0,0,False,11.612454414367676
/agv3/capability_report,1788412776.7693353,1788412776.7617762,3,388036,0.08,0.08,1.0,1.0,2.0,2.0,1.0,0,False,11.727692604064941
/agv2/capability_report,1788412776.7758222,1788412776.7699032,2,388923,0.08,0.08,1.0,1.0,2.0,2.0,1.0,0,False,11.612454414367676
/agv3/capability_report,1788412776.7758653,1788412776.7697988,3,388037,0.08,0.08,1.0,1.0,2.0,2.0,1.0,0,False,11.727692604064941
/agv1/capability_report,1788412776.7787127,1788412776.77856,1,389372,0.08,0.08,1.0,1.0,2.0,2.0,1.0,0,False,10.699414253234863
/agv3/capability_report,1788412776.786307,1788412776.7817779,3,388038,0.08,0.08,1.0,1.0,2.0,2.0,1.0,0,False,11.727692604064941
/agv1/capability_report,1788412776.786646,1788412776.7865522,1,389373,0.08,0.08,1.0,1.0,2.0,2.0,1.0,0,False,10.699414253234863
/agv2/capability_report,1788412776.7875998,1788412776.7818332,2,388924,0.08,0.08,1.0,1.0,2.0,2.0,1.0,0,False,11.612454414367676
/agv3/capability_report,1788412776.794387,1788412776.78978,3,388039,0.08,0.08,1.0,1.0,2.0,2.0,1.0,0,False,11.727692604064941
/agv2/capability_report,1788412776.7963605,1788412776.7898724,2,388925,0.08,0.08,1.0,1.0,2.0,2.0,1.0,0,False,11.612454414367676
/agv1/capability_report,1788412776.7988327,1788412776.798592,1,389374,0.08,0.08,1.0,1.0,2.0,2.0,1.0,0,False,10.699414253234863
/agv1/capability_report,1788412776.8067904,1788412776.8065627,1,389375,0.08,0.08,1.0,1.0,2.0,2.0,1.0,0,False,10.699414253234863
/agv3/capability_report,1788412776.8069534,1788412776.801799,3,388040,0.08,0.08,1.0,1.0,2.0,2.0,1.0,0,False,11.727692604064941
/agv2/capability_report,1788412776.8078518,1788412776.801875,2,388926,0.08,0.08,1.0,1.0,2.0,2.0,1.0,0,False,11.612454414367676
/agv3/capability_report,1788412776.8145192,1788412776.8097894,3,388041,0.08,0.08,1.0,1.0,2.0,2.0,1.0,0,False,11.727692604064941
/agv2/capability_report,1788412776.8164258,1788412776.8098738,2,388927,0.08,0.08,1.0,1.0,2.0,2.0,1.0,0,False,11.612454414367676
/agv1/capability_report,1788412776.818795,1788412776.8187244,1,389376,0.08,0.08,1.0,1.0,2.0,2.0,1.0,0,False,10.699414253234863
/agv3/capability_report,1788412776.8263795,1788412776.8218231,3,388042,0.08,0.08,1.0,1.0,2.0,2.0,1.0,0,False,11.727692604064941
/agv1/capability_report,1788412776.8266933,1788412776.826569,1,389377,0.08,0.08,1.0,1.0,2.0,2.0,1.0,0,False,10.699414253234863
/agv2/capability_report,1788412776.8273215,1788412776.821832,2,388928,0.08,0.08,1.0,1.0,2.0,2.0,1.0,0,False,11.612454414367676
/agv3/capability_report,1788412776.834416,1788412776.8297784,3,388043,0.08,0.08,1.0,1.0,2.0,2.0,1.0,0,False,11.727692604064941
/agv2/capability_report,1788412776.836369,1788412776.829873,2,388929,0.08,0.08,1.0,1.0,2.0,2.0,1.0,0,False,11.612454414367676
/agv1/capability_report,1788412776.8386474,1788412776.8385875,1,389378,0.08,0.08,1.0,1.0,2.0,2.0,1.0,0,False,10.699414253234863
/agv3/capability_report,1788412776.8463333,1788412776.841775,3,388044,0.08,0.08,1.0,1.0,2.0,2.0,1.0,0,False,11.727692604064941
/agv1/capability_report,1788412776.846673,1788412776.8465838,1,389379,0.08,0.08,1.0,1.0,2.0,2.0,1.0,0,False,11.05399227142334
/agv2/capability_report,1788412776.8472853,1788412776.841872,2,388930,0.08,0.08,1.0,1.0,2.0,2.0,1.0,0,False,11.612454414367676
/agv2/capability_report,1788412776.8566067,1788412776.849873,2,388931,0.08,0.08,1.0,1.0,2.0,2.0,1.0,0,False,11.612454414367676
/agv3/capability_report,1788412776.8566163,1788412776.8497777,3,388045,0.08,0.08,1.0,1.0,2.0,2.0,1.0,0,False,11.727692604064941
/agv1/capability_report,1788412776.8587394,1788412776.858619,1,389380,0.08,0.08,1.0,1.0,2.0,2.0,1.0,0,False,11.05399227142334
/agv1/capability_report,1788412776.8667526,1788412776.866637,1,389381,0.08,0.08,1.0,1.0,2.0,2.0,1.0,0,False,11.05399227142334
/agv2/capability_report,1788412776.8774326,1788412776.861833,2,388932,0.08,0.08,1.0,1.0,2.0,2.0,1.0,0,False,11.612454414367676
/agv3/capability_report,1788412776.8774679,1788412776.8617392,3,388046,0.08,0.08,1.0,1.0,2.0,2.0,1.0,0,False,11.727692604064941
/agv1/capability_report,1788412776.8787766,1788412776.8786166,1,389382,0.08,0.08,1.0,1.0,2.0,2.0,1.0,0,False,11.05399227142334
/agv3/capability_report,1788412776.8806467,1788412776.8697984,3,388047,0.08,0.08,1.0,1.0,2.0,2.0,1.0,0,False,11.727692604064941
/agv2/capability_report,1788412776.8815887,1788412776.869871,2,388933,0.08,0.08,1.0,1.0,2.0,2.0,1.0,0,False,11.612454414367676
/agv1/capability_report,1788412776.886681,1788412776.8865674,1,389383,0.08,0.08,1.0,1.0,2.0,2.0,1.0,0,False,11.05399227142334
/agv3/capability_report,1788412776.8871622,1788412776.8817725,3,388048,0.08,0.08,1.0,1.0,2.0,2.0,1.0,0,False,11.727692604064941
/agv2/capability_report,1788412776.8872006,1788412776.8818758,2,388934,0.08,0.08,1.0,1.0,2.0,2.0,1.0,0,False,11.612454414367676
/agv3/capability_report,1788412776.8950677,1788412776.8897748,3,388049,0.08,0.08,1.0,1.0,2.0,2.0,1.0,0,False,11.718828201293945
/agv2/capability_report,1788412776.8952007,1788412776.889877,2,388935,0.08,0.08,1.0,1.0,2.0,2.0,1.0,0,False,11.612454414367676
/agv1/capability_report,1788412776.8987625,1788412776.8986213,1,389384,0.08,0.08,1.0,1.0,2.0,2.0,1.0,0,False,11.05399227142334
/agv1/capability_report,1788412776.9066558,1788412776.9065773,1,389385,0.08,0.08,1.0,1.0,2.0,2.0,1.0,0,False,11.05399227142334
/agv3/capability_report,1788412776.908154,1788412776.9017456,3,388050,0.08,0.08,1.0,1.0,2.0,2.0,1.0,0,False,11.718828201293945
/agv2/capability_report,1788412776.9081848,1788412776.9018302,2,388936,0.08,0.08,1.0,1.0,2.0,2.0,1.0,0,False,11.612454414367676
/agv3/capability_report,1788412776.9143493,1788412776.9097729,3,388051,0.08,0.08,1.0,1.0,2.0,2.0,1.0,0,False,11.718828201293945
/agv2/capability_report,1788412776.9158597,1788412776.909871,2,388937,0.08,0.08,1.0,1.0,2.0,2.0,1.0,0,False,11.612454414367676
/agv1/capability_report,1788412776.9186645,1788412776.9185655,1,389386,0.08,0.08,1.0,1.0,2.0,2.0,1.0,0,False,11.05399227142334
/agv1/capability_report,1788412776.926719,1788412776.9266083,1,389387,0.08,0.08,1.0,1.0,2.0,2.0,1.0,0,False,11.05399227142334
/agv2/capability_report,1788412776.9273674,1788412776.9218297,2,388938,0.08,0.08,1.0,1.0,2.0,2.0,1.0,0,False,11.701099395751953
/agv3/capability_report,1788412776.928008,1788412776.9217763,3,388052,0.08,0.08,1.0,1.0,2.0,2.0,1.0,0,False,11.718828201293945
/agv3/capability_report,1788412776.9357545,1788412776.9297752,3,388053,0.08,0.08,1.0,1.0,2.0,2.0,1.0,0,False,11.718828201293945
/agv2/capability_report,1788412776.936357,1788412776.9298744,2,388939,0.08,0.08,1.0,1.0,2.0,2.0,1.0,0,False,11.701099395751953
/agv1/capability_report,1788412776.9387705,1788412776.9386196,1,389388,0.08,0.08,1.0,1.0,2.0,2.0,1.0,0,False,11.05399227142334
/agv3/capability_report,1788412776.9463084,1788412776.941791,3,388054,0.08,0.08,1.0,1.0,2.0,2.0,1.0,0,False,11.718828201293945
/agv1/capability_report,1788412776.9466925,1788412776.9465625,1,389389,0.08,0.08,1.0,1.0,2.0,2.0,1.0,0,False,11.05399227142334
/agv2/capability_report,1788412776.9478972,1788412776.9418304,2,388940,0.08,0.08,1.0,1.0,2.0,2.0,1.0,0,False,11.701099395751953
/agv3/capability_report,1788412776.9544652,1788412776.949776,3,388055,0.08,0.08,1.0,1.0,2.0,2.0,1.0,0,False,11.718828201293945
/agv2/capability_report,1788412776.9561138,1788412776.949874,2,388941,0.08,0.08,1.0,1.0,2.0,2.0,1.0,0,False,11.701099395751953
/agv1/capability_report,1788412776.9586933,1788412776.9586027,1,389390,0.08,0.08,1.0,1.0,2.0,2.0,1.0,0,False,11.05399227142334
/agv1/capability_report,1788412776.9666648,1788412776.9665647,1,389391,0.08,0.08,1.0,1.0,2.0,2.0,1.0,0,False,11.05399227142334
/agv3/capability_report,1788412776.967106,1788412776.9617867,3,388056,0.08,0.08,1.0,1.0,2.0,2.0,1.0,0,False,11.718828201293945
/agv2/capability_report,1788412776.9679353,1788412776.9618793,2,388942,0.08,0.08,1.0,1.0,2.0,2.0,1.0,0,False,11.701099395751953
/agv2/capability_report,1788412776.9777324,1788412776.9698868,2,388943,0.08,0.08,1.0,1.0,2.0,2.0,1.0,0,False,11.701099395751953
/agv1/capability_report,1788412776.9787662,1788412776.9786043,1,389392,0.08,0.08,1.0,1.0,2.0,2.0,1.0,0,False,11.05399227142334
/agv3/capability_report,1788412776.9801233,1788412776.9698105,3,388057,0.08,0.08,1.0,1.0,2.0,2.0,1.0,0,False,11.718828201293945
/agv3/capability_report,1788412776.9865675,1788412776.981733,3,388058,0.08,0.08,1.0,1.0,2.0,2.0,1.0,0,False,11.718828201293945
/agv1/capability_report,1788412776.986589,1788412776.9865494,1,389393,0.08,0.08,1.0,1.0,2.0,2.0,1.0,0,False,11.05399227142334
/agv2/capability_report,1788412776.987489,1788412776.9818366,2,388944,0.08,0.08,1.0,1.0,2.0,2.0,1.0,0,False,11.701099395751953
/agv3/capability_report,1788412776.994723,1788412776.989777,3,388059,0.08,0.08,1.0,1.0,2.0,2.0,1.0,0,False,11.718828201293945
/agv2/capability_report,1788412776.9956872,1788412776.9898734,2,388945,0.08,0.08,1.0,1.0,2.0,2.0,1.0,0,False,11.701099395751953
/agv1/capability_report,1788412776.9986913,1788412776.99861,1,389394,0.08,0.08,1.0,1.0,2.0,2.0,1.0,0,False,11.05399227142334
/agv3/capability_report,1788412777.0064545,1788412777.0018005,3,388060,0.08,0.08,1.0,1.0,2.0,2.0,1.0,0,False,11.718828201293945
/agv1/capability_report,1788412777.006671,1788412777.0065603,1,389395,0.08,0.08,1.0,1.0,2.0,2.0,1.0,0,False,11.204689025878906
/agv2/capability_report,1788412777.0075445,1788412777.001873,2,388946,0.08,0.08,1.0,1.0,2.0,2.0,1.0,0,False,11.701099395751953
/agv3/capability_report,1788412777.014372,1788412777.0097878,3,388061,0.08,0.08,1.0,1.0,2.0,2.0,1.0,0,False,11.718828201293945
/agv2/capability_report,1788412777.015506,1788412777.009872,2,388947,0.08,0.08,1.0,1.0,2.0,2.0,1.0,0,False,11.701099395751953
/agv1/capability_report,1788412777.0188186,1788412777.0185921,1,389396,0.08,0.08,1.0,1.0,2.0,2.0,1.0,0,False,11.204689025878906
/agv3/capability_report,1788412777.0264015,1788412777.021772,3,388062,0.08,0.08,1.0,1.0,2.0,2.0,1.0,0,False,11.718828201293945
/agv1/capability_report,1788412777.026671,1788412777.0265582,1,389397,0.08,0.08,1.0,1.0,2.0,2.0,1.0,0,False,11.204689025878906
/agv2/capability_report,1788412777.027368,1788412777.021834,2,388948,0.08,0.08,1.0,1.0,2.0,2.0,1.0,0,False,11.701099395751953
/agv3/capability_report,1788412777.0344114,1788412777.0297768,3,388063,0.08,0.08,1.0,1.0,2.0,2.0,1.0,0,False,11.718828201293945
/agv2/capability_report,1788412777.0361183,1788412777.0298698,2,388949,0.08,0.08,1.0,1.0,2.0,2.0,1.0,0,False,11.701099395751953
/agv1/capability_report,1788412777.0386894,1788412777.0385594,1,389398,0.08,0.08,1.0,1.0,2.0,2.0,1.0,0,False,11.204689025878906
/agv3/capability_report,1788412777.0463,1788412777.0417738,3,388064,0.08,0.08,1.0,1.0,2.0,2.0,1.0,0,False,11.718828201293945
/agv1/capability_report,1788412777.0466304,1788412777.0465555,1,389399,0.08,0.08,1.0,1.0,2.0,2.0,1.0,0,False,11.204689025878906
/agv2/capability_report,1788412777.046966,1788412777.0418704,2,388950,0.08,0.08,1.0,1.0,2.0,2.0,1.0,0,False,11.701099395751953
/agv2/capability_report,1788412777.0551698,1788412777.0498738,2,388951,0.08,0.08,1.0,1.0,2.0,2.0,1.0,0,False,11.701099395751953
/agv3/capability_report,1788412777.0562966,1788412777.0497787,3,388065,0.08,0.08,1.0,1.0,2.0,2.0,1.0,0,False,11.772014617919922
/agv1/capability_report,1788412777.058707,1788412777.0585837,1,389400,0.08,0.08,1.0,1.0,2.0,2.0,1.0,0,False,11.204689025878906
/agv3/capability_report,1788412777.0662665,1788412777.0617812,3,388066,0.08,0.08,1.0,1.0,2.0,2.0,1.0,0,False,11.772014617919922
/agv1/capability_report,1788412777.0667229,1788412777.0665524,1,389401,0.08,0.08,1.0,1.0,2.0,2.0,1.0,0,False,11.204689025878906
/agv2/capability_report,1788412777.067353,1788412777.0618424,2,388952,0.08,0.08,1.0,1.0,2.0,2.0,1.0,0,False,11.701099395751953
/agv3/capability_report,1788412777.0742717,1788412777.0697966,3,388067,0.08,0.08,1.0,1.0,2.0,2.0,1.0,0,False,11.772014617919922
/agv2/capability_report,1788412777.076089,1788412777.069836,2,388953,0.08,0.08,1.0,1.0,2.0,2.0,1.0,0,False,11.701099395751953
/agv1/capability_report,1788412777.0787814,1788412777.0785944,1,389402,0.08,0.08,1.0,1.0,2.0,2.0,1.0,0,False,11.204689025878906
/agv3/capability_report,1788412777.0865679,1788412777.0817957,3,388068,0.08,0.08,1.0,1.0,2.0,2.0,1.0,0,False,11.772014617919922
/agv1/capability_report,1788412777.0866673,1788412777.0865548,1,389403,0.08,0.08,1.0,1.0,2.0,2.0,1.0,0,False,11.204689025878906
/agv2/capability_report,1788412777.0877862,1788412777.0818722,2,388954,0.08,0.08,1.0,1.0,2.0,2.0,1.0,0,False,11.612454414367676
/agv2/capability_report,1788412777.0955915,1788412777.089875,2,388955,0.08,0.08,1.0,1.0,2.0,2.0,1.0,0,False,11.612454414367676
/agv3/capability_report,1788412777.0956328,1788412777.0897734,3,388069,0.08,0.08,1.0,1.0,2.0,2.0,1.0,0,False,11.772014617919922
/agv1/capability_report,1788412777.0987487,1788412777.098613,1,389404,0.08,0.08,1.0,1.0,2.0,2.0,1.0,0,False,11.204689025878906
/agv3/capability_report,1788412777.1063633,1788412777.1017997,3,388070,0.08,0.08,1.0,1.0,2.0,2.0,1.0,0,False,11.772014617919922
/agv1/capability_report,1788412777.1066632,1788412777.1065643,1,389405,0.08,0.08,1.0,1.0,2.0,2.0,1.0,0,False,11.204689025878906
/agv2/capability_report,1788412777.107368,1788412777.1018548,2,388956,0.08,0.08,1.0,1.0,2.0,2.0,1.0,0,False,11.612454414367676
/agv2/capability_report,1788412777.115545,1788412777.1098754,2,388957,0.08,0.08,1.0,1.0,2.0,2.0,1.0,0,False,11.612454414367676
/agv3/capability_report,1788412777.115554,1788412777.1097953,3,388071,0.08,0.08,1.0,1.0,2.0,2.0,1.0,0,False,11.772014617919922
/agv1/capability_report,1788412777.118844,1788412777.1186137,1,389406,0.08,0.08,1.0,1.0,2.0,2.0,1.0,0,False,11.204689025878906
/agv3/capability_report,1788412777.1264029,1788412777.1217825,3,388072,0.08,0.08,1.0,1.0,2.0,2.0,1.0,0,False,11.772014617919922
/agv1/capability_report,1788412777.126654,1788412777.1265585,1,389407,0.08,0.08,1.0,1.0,2.0,2.0,1.0,0,False,11.204689025878906
/agv2/capability_report,1788412777.1281507,1788412777.1218674,2,388958,0.08,0.08,1.0,1.0,2.0,2.0,1.0,0,False,11.612454414367676
/agv2/capability_report,1788412777.1359382,1788412777.1298747,2,388959,0.08,0.08,1.0,1.0,2.0,2.0,1.0,0,False,11.612454414367676
/agv1/capability_report,1788412777.138759,1788412777.1386156,1,389408,0.08,0.08,1.0,1.0,2.0,2.0,1.0,0,False,11.204689025878906
/agv3/capability_report,1788412777.1396,1788412777.129783,3,388073,0.08,0.08,1.0,1.0,2.0,2.0,1.0,0,False,11.772014617919922
/agv1/capability_report,1788412777.1466506,1788412777.1465573,1,389409,0.08,0.08,1.0,1.0,2.0,2.0,1.0,0,False,11.204689025878906
/agv2/capability_report,1788412777.1474812,1788412777.1418393,2,388960,0.08,0.08,1.0,1.0,2.0,2.0,1.0,0,False,11.612454414367676
/agv3/capability_report,1788412777.147535,1788412777.1417937,3,388074,0.08,0.08,1.0,1.0,2.0,2.0,1.0,0,False,11.772014617919922
/agv3/capability_report,1788412777.1546237,1788412777.1497753,3,388075,0.08,0.08,1.0,1.0,2.0,2.0,1.0,0,False,11.772014617919922
/agv2/capability_report,1788412777.1558483,1788412777.1498685,2,388961,0.08,0.08,1.0,1.0,2.0,2.0,1.0,0,False,11.612454414367676
/agv1/capability_report,1788412777.1588678,1788412777.1586125,1,389410,0.08,0.08,1.0,1.0,2.0,2.0,1.0,0,False,11.204689025878906
/agv3/capability_report,1788412777.1663654,1788412777.1617472,3,388076,0.08,0.08,1.0,1.0,2.0,2.0,1.0,0,False,11.772014617919922
/agv1/capability_report,1788412777.1666112,1788412777.1665604,1,389411,0.08,0.08,1.0,1.0,2.0,2.0,1.0,0,False,11.399706840515137
/agv2/capability_report,1788412777.167864,1788412777.1618779,2,388962,0.08,0.08,1.0,1.0,2.0,2.0,1.0,0,False,11.612454414367676
/agv2/capability_report,1788412777.1754007,1788412777.169871,2,388963,0.08,0.08,1.0,1.0,2.0,2.0,1.0,0,False,11.612454414367676
/agv3/capability_report,1788412777.1754189,1788412777.1698036,3,388077,0.08,0.08,1.0,1.0,2.0,2.0,1.0,0,False,11.772014617919922
/agv1/capability_report,1788412777.1786797,1788412777.1786005,1,389412,0.08,0.08,1.0,1.0,2.0,2.0,1.0,0,False,11.399706840515137
/agv3/capability_report,1788412777.186389,1788412777.1817849,3,388078,0.08,0.08,1.0,1.0,2.0,2.0,1.0,0,False,11.772014617919922
/agv1/capability_report,1788412777.1866834,1788412777.1865642,1,389413,0.08,0.08,1.0,1.0,2.0,2.0,1.0,0,False,11.399706840515137
/agv2/capability_report,1788412777.1882548,1788412777.1818447,2,388964,0.08,0.08,1.0,1.0,2.0,2.0,1.0,0,False,11.612454414367676
/agv3/capability_report,1788412777.1944458,1788412777.1897786,3,388079,0.08,0.08,1.0,1.0,2.0,2.0,1.0,0,False,11.772014617919922
/agv2/capability_report,1788412777.1962576,1788412777.1898797,2,388965,0.08,0.08,1.0,1.0,2.0,2.0,1.0,0,False,11.612454414367676
/agv1/capability_report,1788412777.1986964,1788412777.1985862,1,389414,0.08,0.08,1.0,1.0,2.0,2.0,1.0,0,False,11.399706840515137
/agv1/capability_report,1788412777.2068937,1788412777.2066674,1,389415,0.08,0.08,1.0,1.0,2.0,2.0,1.0,0,False,11.399706840515137
/agv3/capability_report,1788412777.207053,1788412777.2017822,3,388080,0.08,0.08,1.0,1.0,2.0,2.0,1.0,0,False,11.772014617919922
/agv3/capability_report,1788412777.2147043,1788412777.2098,3,388081,0.08,0.08,1.0,1.0,2.0,2.0,1.0,0,False,11.763150215148926
/agv1/capability_report,1788412777.2187347,1788412777.2186065,1,389416,0.08,0.08,1.0,1.0,2.0,2.0,1.0,0,False,11.399706840515137
/agv2/capability_report,1788412777.2227237,1788412777.2018685,2,388966,0.08,0.08,1.0,1.0,2.0,2.0,1.0,0,False,11.612454414367676
/agv2/capability_report,1788412777.2266164,1788412777.2098985,2,388967,0.08,0.08,1.0,1.0,2.0,2.0,1.0,0,False,11.612454414367676
/agv1/capability_report,1788412777.2266426,1788412777.2265537,1,389417,0.08,0.08,1.0,1.0,2.0,2.0,1.0,0,False,11.399706840515137
/agv3/capability_report,1788412777.2289534,1788412777.2217908,3,388082,0.08,0.08,1.0,1.0,2.0,2.0,1.0,0,False,11.763150215148926
/agv2/capability_report,1788412777.232492,1788412777.221751,2,388968,0.08,0.08,1.0,1.0,2.0,2.0,1.0,0,False,11.612454414367676
/agv3/capability_report,1788412777.23458,1788412777.2297719,3,388083,0.08,0.08,1.0,1.0,2.0,2.0,1.0,0,False,11.763150215148926
/agv1/capability_report,1788412777.2387297,1788412777.2385607,1,389418,0.08,0.08,1.0,1.0,2.0,2.0,1.0,0,False,11.399706840515137
/agv2/capability_report,1788412777.2416077,1788412777.2298696,2,388969,0.08,0.08,1.0,1.0,2.0,2.0,1.0,0,False,11.612454414367676
/agv1/capability_report,1788412777.2466242,1788412777.2465649,1,389419,0.08,0.08,1.0,1.0,2.0,2.0,1.0,0,False,11.399706840515137
/agv2/capability_report,1788412777.249977,1788412777.241851,2,388970,0.08,0.08,1.0,1.0,2.0,2.0,1.0,0,False,11.399706840515137
/agv3/capability_report,1788412777.253678,1788412777.2417722,3,388084,0.08,0.08,1.0,1.0,2.0,2.0,1.0,0,False,11.763150215148926
/agv2/capability_report,1788412777.2572365,1788412777.2498748,2,388971,0.08,0.08,1.0,1.0,2.0,2.0,1.0,0,False,11.399706840515137
/agv3/capability_report,1788412777.2572725,1788412777.249754,3,388085,0.08,0.08,1.0,1.0,2.0,2.0,1.0,0,False,11.763150215148926
/agv1/capability_report,1788412777.2588153,1788412777.2586148,1,389420,0.08,0.08,1.0,1.0,2.0,2.0,1.0,0,False,11.399706840515137
/agv3/capability_report,1788412777.2664497,1788412777.2618067,3,388086,0.08,0.08,1.0,1.0,2.0,2.0,1.0,0,False,11.763150215148926
/agv1/capability_report,1788412777.266612,1788412777.266562,1,389421,0.08,0.08,1.0,1.0,2.0,2.0,1.0,0,False,11.399706840515137
/agv2/capability_report,1788412777.2671933,1788412777.2617342,2,388972,0.08,0.08,1.0,1.0,2.0,2.0,1.0,0,False,11.399706840515137
/agv3/capability_report,1788412777.274234,1788412777.2697735,3,388087,0.08,0.08,1.0,1.0,2.0,2.0,1.0,0,False,11.763150215148926
/agv2/capability_report,1788412777.2776358,1788412777.269876,2,388973,0.08,0.08,1.0,1.0,2.0,2.0,1.0,0,False,11.399706840515137
/agv1/capability_report,1788412777.278731,1788412777.2785957,1,389422,0.08,0.08,1.0,1.0,2.0,2.0,1.0,0,False,11.399706840515137
/agv3/capability_report,1788412777.2866015,1788412777.2817798,3,388088,0.08,0.08,1.0,1.0,2.0,2.0,1.0,0,False,11.763150215148926
/agv1/capability_report,1788412777.2867608,1788412777.2865508,1,389423,0.08,0.08,1.0,1.0,2.0,2.0,1.0,0,False,11.399706840515137
/agv2/capability_report,1788412777.2872756,1788412777.2818687,2,388974,0.08,0.08,1.0,1.0,2.0,2.0,1.0,0,False,11.399706840515137
/agv3/capability_report,1788412777.2958493,1788412777.28977,3,388089,0.08,0.08,1.0,1.0,2.0,2.0,1.0,0,False,11.763150215148926
/agv2/capability_report,1788412777.2965972,1788412777.2898695,2,388975,0.08,0.08,1.0,1.0,2.0,2.0,1.0,0,False,11.399706840515137
/agv1/capability_report,1788412777.2987692,1788412777.2986174,1,389424,0.08,0.08,1.0,1.0,2.0,2.0,1.0,0,False,11.399706840515137
/agv3/capability_report,1788412777.3062325,1788412777.3017757,3,388090,0.08,0.08,1.0,1.0,2.0,2.0,1.0,0,False,11.763150215148926
/agv1/capability_report,1788412777.3066063,1788412777.3065605,1,389425,0.08,0.08,1.0,1.0,2.0,2.0,1.0,0,False,11.399706840515137
/agv2/capability_report,1788412777.3077948,1788412777.3017342,2,388976,0.08,0.08,1.0,1.0,2.0,2.0,1.0,0,False,11.399706840515137
/agv3/capability_report,1788412777.314345,1788412777.3097787,3,388091,0.08,0.08,1.0,1.0,2.0,2.0,1.0,0,False,11.763150215148926
/agv2/capability_report,1788412777.3159516,1788412777.3098795,2,388977,0.08,0.08,1.0,1.0,2.0,2.0,1.0,0,False,11.399706840515137
/agv1/capability_report,1788412777.3187494,1788412777.3186076,1,389426,0.08,0.08,1.0,1.0,2.0,2.0,1.0,0,False,11.399706840515137
/agv3/capability_report,1788412777.326316,1788412777.321777,3,388092,0.08,0.08,1.0,1.0,2.0,2.0,1.0,0,False,11.763150215148926
/agv1/capability_report,1788412777.326617,1788412777.3265553,1,389427,0.08,0.08,1.0,1.0,2.0,2.0,1.0,0,False,11.39084243774414
/agv2/capability_report,1788412777.3270159,1788412777.3218644,2,388978,0.08,0.08,1.0,1.0,2.0,2.0,1.0,0,False,11.399706840515137
/agv3/capability_report,1788412777.3347912,1788412777.3297791,3,388093,0.08,0.08,1.0,1.0,2.0,2.0,1.0,0,False,11.763150215148926
/agv2/capability_report,1788412777.335851,1788412777.3298702,2,388979,0.08,0.08,1.0,1.0,2.0,2.0,1.0,0,False,11.399706840515137
/agv1/capability_report,1788412777.3387456,1788412777.3386075,1,389428,0.08,0.08,1.0,1.0,2.0,2.0,1.0,0,False,11.39084243774414
/agv3/capability_report,1788412777.3463051,1788412777.3417928,3,388094,0.08,0.08,1.0,1.0,2.0,2.0,1.0,0,False,11.763150215148926
/agv1/capability_report,1788412777.3466146,1788412777.346556,1,389429,0.08,0.08,1.0,1.0,2.0,2.0,1.0,0,False,11.39084243774414
/agv2/capability_report,1788412777.347637,1788412777.3417354,2,388980,0.08,0.08,1.0,1.0,2.0,2.0,1.0,0,False,11.399706840515137
/agv3/capability_report,1788412777.3545358,1788412777.349789,3,388095,0.08,0.08,1.0,1.0,2.0,2.0,1.0,0,False,11.763150215148926
/agv2/capability_report,1788412777.3555393,1788412777.3498743,2,388981,0.08,0.08,1.0,1.0,2.0,2.0,1.0,0,False,11.399706840515137
/agv1/capability_report,1788412777.3587446,1788412777.3585994,1,389430,0.08,0.08,1.0,1.0,2.0,2.0,1.0,0,False,11.39084243774414
/agv3/capability_report,1788412777.3662832,1788412777.3617795,3,388096,0.08,0.08,1.0,1.0,2.0,2.0,1.0,0,False,11.763150215148926
/agv1/capability_report,1788412777.366695,1788412777.3665636,1,389431,0.08,0.08,1.0,1.0,2.0,2.0,1.0,0,False,11.39084243774414
/agv2/capability_report,1788412777.3681505,1788412777.3618684,2,388982,0.08,0.08,1.0,1.0,2.0,2.0,1.0,0,False,11.399706840515137
/agv2/capability_report,1788412777.3755858,1788412777.369868,2,388983,0.08,0.08,1.0,1.0,2.0,2.0,1.0,0,False,11.399706840515137
/agv3/capability_report,1788412777.3755906,1788412777.3697984,3,388097,0.08,0.08,1.0,1.0,2.0,2.0,1.0,0,False,11.789743423461914
/agv1/capability_report,1788412777.37867,1788412777.3785925,1,389432,0.08,0.08,1.0,1.0,2.0,2.0,1.0,0,False,11.39084243774414
/agv1/capability_report,1788412777.3866515,1788412777.386606,1,389433,0.08,0.08,1.0,1.0,2.0,2.0,1.0,0,False,11.39084243774414
/agv3/capability_report,1788412777.3871434,1788412777.38178,3,388098,0.08,0.08,1.0,1.0,2.0,2.0,1.0,0,False,11.789743423461914
/agv2/capability_report,1788412777.3872306,1788412777.381734,2,388984,0.08,0.08,1.0,1.0,2.0,2.0,1.0,0,False,11.399706840515137
/agv3/capability_report,1788412777.3944137,1788412777.3897688,3,388099,0.08,0.08,1.0,1.0,2.0,2.0,1.0,0,False,11.789743423461914
/agv2/capability_report,1788412777.3958662,1788412777.3898747,2,388985,0.08,0.08,1.0,1.0,2.0,2.0,1.0,0,False,11.718828201293945
/agv1/capability_report,1788412777.3988268,1788412777.398671,1,389434,0.08,0.08,1.0,1.0,2.0,2.0,1.0,0,False,11.39084243774414
/agv3/capability_report,1788412777.406425,1788412777.401786,3,388100,0.08,0.08,1.0,1.0,2.0,2.0,1.0,0,False,11.789743423461914
/agv1/capability_report,1788412777.4066045,1788412777.406563,1,389435,0.08,0.08,1.0,1.0,2.0,2.0,1.0,0,False,11.39084243774414
/agv2/capability_report,1788412777.4076362,1788412777.40187,2,388986,0.08,0.08,1.0,1.0,2.0,2.0,1.0,0,False,11.718828201293945
/agv3/capability_report,1788412777.414437,1788412777.4097896,3,388101,0.08,0.08,1.0,1.0,2.0,2.0,1.0,0,False,11.789743423461914
/agv2/capability_report,1788412777.4154987,1788412777.4098825,2,388987,0.08,0.08,1.0,1.0,2.0,2.0,1.0,0,False,11.718828201293945
/agv1/capability_report,1788412777.4186015,1788412777.4185567,1,389436,0.08,0.08,1.0,1.0,2.0,2.0,1.0,0,False,11.39084243774414
/agv3/capability_report,1788412777.4264338,1788412777.4217906,3,388102,0.08,0.08,1.0,1.0,2.0,2.0,1.0,0,False,11.789743423461914
/agv1/capability_report,1788412777.426701,1788412777.4265537,1,389437,0.08,0.08,1.0,1.0,2.0,2.0,1.0,0,False,11.39084243774414
/agv2/capability_report,1788412777.4270756,1788412777.421734,2,388988,0.08,0.08,1.0,1.0,2.0,2.0,1.0,0,False,11.718828201293945
/agv3/capability_report,1788412777.4344254,1788412777.429783,3,388103,0.08,0.08,1.0,1.0,2.0,2.0,1.0,0,False,11.789743423461914
/agv2/capability_report,1788412777.4356773,1788412777.4298713,2,388989,0.08,0.08,1.0,1.0,2.0,2.0,1.0,0,False,11.718828201293945
/agv1/capability_report,1788412777.4387896,1788412777.4385955,1,389438,0.08,0.08,1.0,1.0,2.0,2.0,1.0,0,False,11.39084243774414
/agv3/capability_report,1788412777.4462547,1788412777.4417756,3,388104,0.08,0.08,1.0,1.0,2.0,2.0,1.0,0,False,11.789743423461914
/agv1/capability_report,1788412777.4466777,1788412777.4465556,1,389439,0.08,0.08,1.0,1.0,2.0,2.0,1.0,0,False,11.39084243774414
/agv2/capability_report,1788412777.4496021,1788412777.4418707,2,388990,0.08,0.08,1.0,1.0,2.0,2.0,1.0,0,False,11.718828201293945
/agv3/capability_report,1788412777.4550176,1788412777.4497705,3,388105,0.08,0.08,1.0,1.0,2.0,2.0,1.0,0,False,11.789743423461914
/agv2/capability_report,1788412777.456117,1788412777.44987,2,388991,0.08,0.08,1.0,1.0,2.0,2.0,1.0,0,False,11.718828201293945
/agv1/capability_report,1788412777.4587114,1788412777.4585557,1,389440,0.08,0.08,1.0,1.0,2.0,2.0,1.0,0,False,11.39084243774414
/agv3/capability_report,1788412777.4664164,1788412777.4617784,3,388106,0.08,0.08,1.0,1.0,2.0,2.0,1.0,0,False,11.789743423461914
/agv1/capability_report,1788412777.4667451,1788412777.466567,1,389441,0.08,0.08,1.0,1.0,2.0,2.0,1.0,0,False,11.39084243774414
/agv2/capability_report,1788412777.4673965,1788412777.461734,2,388992,0.08,0.08,1.0,1.0,2.0,2.0,1.0,0,False,11.718828201293945
/agv3/capability_report,1788412777.4743037,1788412777.4697497,3,388107,0.08,0.08,1.0,1.0,2.0,2.0,1.0,0,False,11.789743423461914
/agv2/capability_report,1788412777.4755979,1788412777.4698737,2,388993,0.08,0.08,1.0,1.0,2.0,2.0,1.0,0,False,11.718828201293945
/agv1/capability_report,1788412777.4788396,1788412777.478588,1,389442,0.08,0.08,1.0,1.0,2.0,2.0,1.0,0,False,11.39084243774414
/agv3/capability_report,1788412777.4865081,1788412777.4817493,3,388108,0.08,0.08,1.0,1.0,2.0,2.0,1.0,0,False,11.789743423461914
/agv1/capability_report,1788412777.486735,1788412777.4865606,1,389443,0.08,0.08,1.0,1.0,2.0,2.0,1.0,0,False,10.894432067871094
/agv2/capability_report,1788412777.4880455,1788412777.4818668,2,388994,0.08,0.08,1.0,1.0,2.0,2.0,1.0,0,False,11.718828201293945
/agv2/capability_report,1788412777.4958615,1788412777.4898725,2,388995,0.08,0.08,1.0,1.0,2.0,2.0,1.0,0,False,11.718828201293945
/agv3/capability_report,1788412777.4970043,1788412777.4897652,3,388109,0.08,0.08,1.0,1.0,2.0,2.0,1.0,0,False,11.789743423461914
/agv1/capability_report,1788412777.4988687,1788412777.49859,1,389444,0.08,0.08,1.0,1.0,2.0,2.0,1.0,0,False,10.894432067871094
/agv3/capability_report,1788412777.506453,1788412777.5017753,3,388110,0.08,0.08,1.0,1.0,2.0,2.0,1.0,0,False,11.789743423461914
/agv1/capability_report,1788412777.5066843,1788412777.5065603,1,389445,0.08,0.08,1.0,1.0,2.0,2.0,1.0,0,False,10.894432067871094
/agv2/capability_report,1788412777.5073996,1788412777.501733,2,388996,0.08,0.08,1.0,1.0,2.0,2.0,1.0,0,False,11.718828201293945
/agv3/capability_report,1788412777.5143683,1788412777.5097942,3,388111,0.08,0.08,1.0,1.0,2.0,2.0,1.0,0,False,11.789743423461914
/agv2/capability_report,1788412777.5167117,1788412777.5098753,2,388997,0.08,0.08,1.0,1.0,2.0,2.0,1.0,0,False,11.718828201293945
/agv1/capability_report,1788412777.518791,1788412777.5185955,1,389446,0.08,0.08,1.0,1.0,2.0,2.0,1.0,0,False,10.894432067871094
/agv3/capability_report,1788412777.5264606,1788412777.5217755,3,388112,0.08,0.08,1.0,1.0,2.0,2.0,1.0,0,False,11.789743423461914
/agv1/capability_report,1788412777.5266407,1788412777.5265548,1,389447,0.08,0.08,1.0,1.0,2.0,2.0,1.0,0,False,10.894432067871094
/agv2/capability_report,1788412777.530303,1788412777.5218716,2,388998,0.08,0.08,1.0,1.0,2.0,2.0,1.0,0,False,11.718828201293945
/agv3/capability_report,1788412777.535523,1788412777.529781,3,388113,0.08,0.08,1.0,1.0,2.0,2.0,1.0,0,False,11.763150215148926
/agv1/capability_report,1788412777.538758,1788412777.538593,1,389448,0.08,0.08,1.0,1.0,2.0,2.0,1.0,0,False,10.894432067871094
/agv2/capability_report,1788412777.541729,1788412777.529874,2,388999,0.08,0.08,1.0,1.0,2.0,2.0,1.0,0,False,11.718828201293945
/agv3/capability_report,1788412777.5463152,1788412777.5417821,3,388114,0.08,0.08,1.0,1.0,2.0,2.0,1.0,0,False,11.763150215148926
/agv1/capability_report,1788412777.5467014,1788412777.5465739,1,389449,0.08,0.08,1.0,1.0,2.0,2.0,1.0,0,False,10.894432067871094
/agv2/capability_report,1788412777.5476239,1788412777.5417345,2,389000,0.08,0.08,1.0,1.0,2.0,2.0,1.0,0,False,11.718828201293945
/agv2/capability_report,1788412777.5560513,1788412777.5498729,2,389001,0.08,0.08,1.0,1.0,2.0,2.0,1.0,0,False,11.630183219909668
/agv3/capability_report,1788412777.5561059,1788412777.5497806,3,388115,0.08,0.08,1.0,1.0,2.0,2.0,1.0,0,False,11.763150215148926
/agv1/capability_report,1788412777.558803,1788412777.5586002,1,389450,0.08,0.08,1.0,1.0,2.0,2.0,1.0,0,False,10.894432067871094
/agv3/capability_report,1788412777.5664058,1788412777.5618026,3,388116,0.08,0.08,1.0,1.0,2.0,2.0,1.0,0,False,11.763150215148926
/agv1/capability_report,1788412777.5666854,1788412777.566577,1,389451,0.08,0.08,1.0,1.0,2.0,2.0,1.0,0,False,10.894432067871094
/agv2/capability_report,1788412777.567026,1788412777.5618727,2,389002,0.08,0.08,1.0,1.0,2.0,2.0,1.0,0,False,11.630183219909668
/agv3/capability_report,1788412777.574943,1788412777.5697916,3,388117,0.08,0.08,1.0,1.0,2.0,2.0,1.0,0,False,11.763150215148926
/agv2/capability_report,1788412777.5754504,1788412777.5698688,2,389003,0.08,0.08,1.0,1.0,2.0,2.0,1.0,0,False,11.630183219909668
/agv1/capability_report,1788412777.578749,1788412777.5786185,1,389452,0.08,0.08,1.0,1.0,2.0,2.0,1.0,0,False,10.894432067871094
/agv3/capability_report,1788412777.5864167,1788412777.5817869,3,388118,0.08,0.08,1.0,1.0,2.0,2.0,1.0,0,False,11.763150215148926
/agv1/capability_report,1788412777.5866015,1788412777.586554,1,389453,0.08,0.08,1.0,1.0,2.0,2.0,1.0,0,False,10.894432067871094
/agv2/capability_report,1788412777.5871148,1788412777.5817335,2,389004,0.08,0.08,1.0,1.0,2.0,2.0,1.0,0,False,11.630183219909668
/agv3/capability_report,1788412777.594766,1788412777.5897784,3,388119,0.08,0.08,1.0,1.0,2.0,2.0,1.0,0,False,11.763150215148926
/agv2/capability_report,1788412777.5956655,1788412777.5898705,2,389005,0.08,0.08,1.0,1.0,2.0,2.0,1.0,0,False,11.630183219909668
/agv1/capability_report,1788412777.5987735,1788412777.5985925,1,389454,0.08,0.08,1.0,1.0,2.0,2.0,1.0,0,False,10.894432067871094
/agv3/capability_report,1788412777.6062512,1788412777.6017733,3,388120,0.08,0.08,1.0,1.0,2.0,2.0,1.0,0,False,11.763150215148926
/agv1/capability_report,1788412777.6066322,1788412777.606562,1,389455,0.08,0.08,1.0,1.0,2.0,2.0,1.0,0,False,10.894432067871094
/agv2/capability_report,1788412777.6075754,1788412777.60192,2,389006,0.08,0.08,1.0,1.0,2.0,2.0,1.0,0,False,11.630183219909668
/agv3/capability_report,1788412777.6149583,1788412777.6097972,3,388121,0.08,0.08,1.0,1.0,2.0,2.0,1.0,0,False,11.763150215148926
/agv2/capability_report,1788412777.6167464,1788412777.6098726,2,389007,0.08,0.08,1.0,1.0,2.0,2.0,1.0,0,False,11.630183219909668
/agv1/capability_report,1788412777.618829,1788412777.618609,1,389456,0.08,0.08,1.0,1.0,2.0,2.0,1.0,0,False,10.894432067871094
/agv3/capability_report,1788412777.6264315,1788412777.6217766,3,388122,0.08,0.08,1.0,1.0,2.0,2.0,1.0,0,False,11.763150215148926
/agv1/capability_report,1788412777.6267388,1788412777.6266208,1,389457,0.08,0.08,1.0,1.0,2.0,2.0,1.0,0,False,10.894432067871094
/agv2/capability_report,1788412777.626974,1788412777.6217353,2,389008,0.08,0.08,1.0,1.0,2.0,2.0,1.0,0,False,11.630183219909668
/agv3/capability_report,1788412777.6344445,1788412777.62977,3,388123,0.08,0.08,1.0,1.0,2.0,2.0,1.0,0,False,11.763150215148926
/agv2/capability_report,1788412777.6356888,1788412777.6298573,2,389009,0.08,0.08,1.0,1.0,2.0,2.0,1.0,0,False,11.630183219909668
/agv1/capability_report,1788412777.6388285,1788412777.6385865,1,389458,0.08,0.08,1.0,1.0,2.0,2.0,1.0,0,False,11.107179641723633
/agv3/capability_report,1788412777.6463988,1788412777.6417773,3,388124,0.08,0.08,1.0,1.0,2.0,2.0,1.0,0,False,11.763150215148926
/agv1/capability_report,1788412777.646608,1788412777.646557,1,389459,0.08,0.08,1.0,1.0,2.0,2.0,1.0,0,False,11.107179641723633
/agv2/capability_report,1788412777.6478982,1788412777.6418703,2,389010,0.08,0.08,1.0,1.0,2.0,2.0,1.0,0,False,11.630183219909668
/agv3/capability_report,1788412777.6545727,1788412777.6498024,3,388125,0.08,0.08,1.0,1.0,2.0,2.0,1.0,0,False,11.763150215148926
/agv2/capability_report,1788412777.655867,1788412777.649869,2,389011,0.08,0.08,1.0,1.0,2.0,2.0,1.0,0,False,11.630183219909668
/agv1/capability_report,1788412777.65867,1788412777.6585877,1,389460,0.08,0.08,1.0,1.0,2.0,2.0,1.0,0,False,11.107179641723633
/agv3/capability_report,1788412777.6663284,1788412777.6617756,3,388126,0.08,0.08,1.0,1.0,2.0,2.0,1.0,0,False,11.763150215148926
/agv1/capability_report,1788412777.6667466,1788412777.6666005,1,389461,0.08,0.08,1.0,1.0,2.0,2.0,1.0,0,False,11.107179641723633
/agv2/capability_report,1788412777.6674829,1788412777.6617343,2,389012,0.08,0.08,1.0,1.0,2.0,2.0,1.0,0,False,11.630183219909668
/agv3/capability_report,1788412777.6744914,1788412777.6698,3,388127,0.08,0.08,1.0,1.0,2.0,2.0,1.0,0,False,11.763150215148926
/agv2/capability_report,1788412777.6754167,1788412777.6698732,2,389013,0.08,0.08,1.0,1.0,2.0,2.0,1.0,0,False,11.630183219909668
/agv1/capability_report,1788412777.6787534,1788412777.6785765,1,389462,0.08,0.08,1.0,1.0,2.0,2.0,1.0,0,False,11.107179641723633
/agv1/capability_report,1788412777.6867275,1788412777.6865754,1,389463,0.08,0.08,1.0,1.0,2.0,2.0,1.0,0,False,11.107179641723633
/agv3/capability_report,1788412777.6869068,1788412777.6817827,3,388128,0.08,0.08,1.0,1.0,2.0,2.0,1.0,0,False,11.816336631774902
/agv2/capability_report,1788412777.6874692,1788412777.6818695,2,389014,0.08,0.08,1.0,1.0,2.0,2.0,1.0,0,False,11.630183219909668
/agv3/capability_report,1788412777.694412,1788412777.6897736,3,388129,0.08,0.08,1.0,1.0,2.0,2.0,1.0,0,False,11.816336631774902
/agv2/capability_report,1788412777.6958685,1788412777.6898794,2,389015,0.08,0.08,1.0,1.0,2.0,2.0,1.0,0,False,11.630183219909668
/agv1/capability_report,1788412777.6987486,1788412777.698576,1,389464,0.08,0.08,1.0,1.0,2.0,2.0,1.0,0,False,11.107179641723633
/agv3/capability_report,1788412777.706678,1788412777.7017753,3,388130,0.08,0.08,1.0,1.0,2.0,2.0,1.0,0,False,11.816336631774902
/agv1/capability_report,1788412777.7067146,1788412777.7065759,1,389465,0.08,0.08,1.0,1.0,2.0,2.0,1.0,0,False,11.107179641723633
/agv2/capability_report,1788412777.7081664,1788412777.7017353,2,389016,0.08,0.08,1.0,1.0,2.0,2.0,1.0,0,False,11.630183219909668
/agv2/capability_report,1788412777.7155085,1788412777.7098768,2,389017,0.08,0.08,1.0,1.0,2.0,2.0,1.0,0,False,11.639047622680664
/agv3/capability_report,1788412777.7164853,1788412777.709793,3,388131,0.08,0.08,1.0,1.0,2.0,2.0,1.0,0,False,11.816336631774902
/agv1/capability_report,1788412777.7188406,1788412777.7186346,1,389466,0.08,0.08,1.0,1.0,2.0,2.0,1.0,0,False,11.107179641723633
/agv3/capability_report,1788412777.7266698,1788412777.7218008,3,388132,0.08,0.08,1.0,1.0,2.0,2.0,1.0,0,False,11.816336631774902
/agv1/capability_report,1788412777.726753,1788412777.7265747,1,389467,0.08,0.08,1.0,1.0,2.0,2.0,1.0,0,False,11.107179641723633
/agv2/capability_report,1788412777.7279103,1788412777.721869,2,389018,0.08,0.08,1.0,1.0,2.0,2.0,1.0,0,False,11.639047622680664
/agv3/capability_report,1788412777.7351334,1788412777.729779,3,388133,0.08,0.08,1.0,1.0,2.0,2.0,1.0,0,False,11.816336631774902
/agv2/capability_report,1788412777.7360356,1788412777.7299187,2,389019,0.08,0.08,1.0,1.0,2.0,2.0,1.0,0,False,11.639047622680664
/agv1/capability_report,1788412777.7386727,1788412777.7386184,1,389468,0.08,0.08,1.0,1.0,2.0,2.0,1.0,0,False,11.107179641723633
/agv1/capability_report,1788412777.7467241,1788412777.746617,1,389469,0.08,0.08,1.0,1.0,2.0,2.0,1.0,0,False,11.107179641723633
/agv3/capability_report,1788412777.746957,1788412777.7417812,3,388134,0.08,0.08,1.0,1.0,2.0,2.0,1.0,0,False,11.816336631774902
/agv2/capability_report,1788412777.746976,1788412777.7417488,2,389020,0.08,0.08,1.0,1.0,2.0,2.0,1.0,0,False,11.639047622680664
/agv3/capability_report,1788412777.7543702,1788412777.7497938,3,388135,0.08,0.08,1.0,1.0,2.0,2.0,1.0,0,False,11.816336631774902
/agv2/capability_report,1788412777.7568858,1788412777.7499208,2,389021,0.08,0.08,1.0,1.0,2.0,2.0,1.0,0,False,11.639047622680664
/agv1/capability_report,1788412777.7589598,1788412777.7587073,1,389470,0.08,0.08,1.0,1.0,2.0,2.0,1.0,0,False,11.107179641723633
/agv3/capability_report,1788412777.7663705,1788412777.761799,3,388136,0.08,0.08,1.0,1.0,2.0,2.0,1.0,0,False,11.816336631774902
/agv1/capability_report,1788412777.766663,1788412777.7665691,1,389471,0.08,0.08,1.0,1.0,2.0,2.0,1.0,0,False,11.107179641723633
/agv2/capability_report,1788412777.768896,1788412777.7618773,2,389022,0.08,0.08,1.0,1.0,2.0,2.0,1.0,0,False,11.639047622680664
/agv3/capability_report,1788412777.774489,1788412777.7697937,3,388137,0.08,0.08,1.0,1.0,2.0,2.0,1.0,0,False,11.816336631774902
/agv2/capability_report,1788412777.7764473,1788412777.769873,2,389023,0.08,0.08,1.0,1.0,2.0,2.0,1.0,0,False,11.639047622680664
/agv1/capability_report,1788412777.7788017,1788412777.7785792,1,389472,0.08,0.08,1.0,1.0,2.0,2.0,1.0,0,False,11.107179641723633
/agv3/capability_report,1788412777.7867093,1788412777.7818003,3,388138,0.08,0.08,1.0,1.0,2.0,2.0,1.0,0,False,11.816336631774902
/agv1/capability_report,1788412777.7867777,1788412777.7866354,1,389473,0.08,0.08,1.0,1.0,2.0,2.0,1.0,0,False,11.107179641723633
/agv2/capability_report,1788412777.7883997,1788412777.781837,2,389024,0.08,0.08,1.0,1.0,2.0,2.0,1.0,0,False,11.639047622680664
/agv3/capability_report,1788412777.7943294,1788412777.7897875,3,388139,0.08,0.08,1.0,1.0,2.0,2.0,1.0,0,False,11.816336631774902
/agv2/capability_report,1788412777.7954926,1788412777.7898738,2,389025,0.08,0.08,1.0,1.0,2.0,2.0,1.0,0,False,11.639047622680664
/agv1/capability_report,1788412777.7987156,1788412777.7985828,1,389474,0.08,0.08,1.0,1.0,2.0,2.0,1.0,0,False,11.098315238952637
/agv3/capability_report,1788412777.8064127,1788412777.8018124,3,388140,0.08,0.08,1.0,1.0,2.0,2.0,1.0,0,False,11.816336631774902
/agv1/capability_report,1788412777.8067086,1788412777.806576,1,389475,0.08,0.08,1.0,1.0,2.0,2.0,1.0,0,False,11.098315238952637
/agv2/capability_report,1788412777.8069966,1788412777.8018706,2,389026,0.08,0.08,1.0,1.0,2.0,2.0,1.0,0,False,11.639047622680664
/agv3/capability_report,1788412777.8143473,1788412777.8097942,3,388141,0.08,0.08,1.0,1.0,2.0,2.0,1.0,0,False,11.816336631774902
/agv2/capability_report,1788412777.8170002,1788412777.809897,2,389027,0.08,0.08,1.0,1.0,2.0,2.0,1.0,0,False,11.639047622680664
/agv1/capability_report,1788412777.8186698,1788412777.818573,1,389476,0.08,0.08,1.0,1.0,2.0,2.0,1.0,0,False,11.098315238952637
/agv1/capability_report,1788412777.8266678,1788412777.826566,1,389477,0.08,0.08,1.0,1.0,2.0,2.0,1.0,0,False,11.098315238952637
/agv3/capability_report,1788412777.8270383,1788412777.8217738,3,388142,0.08,0.08,1.0,1.0,2.0,2.0,1.0,0,False,11.816336631774902
/agv2/capability_report,1788412777.8270788,1788412777.8218446,2,389028,0.08,0.08,1.0,1.0,2.0,2.0,1.0,0,False,11.639047622680664
/agv2/capability_report,1788412777.8369045,1788412777.8298724,2,389029,0.08,0.08,1.0,1.0,2.0,2.0,1.0,0,False,11.639047622680664
/agv3/capability_report,1788412777.8381643,1788412777.8297694,3,388143,0.08,0.08,1.0,1.0,2.0,2.0,1.0,0,False,11.816336631774902
/agv1/capability_report,1788412777.838699,1788412777.8385715,1,389478,0.08,0.08,1.0,1.0,2.0,2.0,1.0,0,False,11.098315238952637
/agv3/capability_report,1788412777.8465505,1788412777.841801,3,388144,0.08,0.08,1.0,1.0,2.0,2.0,1.0,0,False,11.701099395751953
/agv1/capability_report,1788412777.847279,1788412777.8466067,1,389479,0.08,0.08,1.0,1.0,2.0,2.0,1.0,0,False,11.098315238952637
/agv2/capability_report,1788412777.84807,1788412777.8418727,2,389030,0.08,0.08,1.0,1.0,2.0,2.0,1.0,0,False,11.639047622680664
/agv2/capability_report,1788412777.855696,1788412777.8498642,2,389031,0.08,0.08,1.0,1.0,2.0,2.0,1.0,0,False,11.639047622680664
/agv3/capability_report,1788412777.8557098,1788412777.8497796,3,388145,0.08,0.08,1.0,1.0,2.0,2.0,1.0,0,False,11.701099395751953
/agv1/capability_report,1788412777.8586607,1788412777.8585718,1,389480,0.08,0.08,1.0,1.0,2.0,2.0,1.0,0,False,11.098315238952637
/agv3/capability_report,1788412777.8666067,1788412777.861796,3,388146,0.08,0.08,1.0,1.0,2.0,2.0,1.0,0,False,11.701099395751953
/agv1/capability_report,1788412777.8667805,1788412777.8667026,1,389481,0.08,0.08,1.0,1.0,2.0,2.0,1.0,0,False,11.098315238952637
/agv2/capability_report,1788412777.8679683,1788412777.8618217,2,389032,0.08,0.08,1.0,1.0,2.0,2.0,1.0,0,False,11.639047622680664
/agv3/capability_report,1788412777.8749092,1788412777.869795,3,388147,0.08,0.08,1.0,1.0,2.0,2.0,1.0,0,False,11.701099395751953
/agv2/capability_report,1788412777.8764238,1788412777.8698723,2,389033,0.08,0.08,1.0,1.0,2.0,2.0,1.0,0,False,11.665640830993652
/agv1/capability_report,1788412777.8787396,1788412777.8785732,1,389482,0.08,0.08,1.0,1.0,2.0,2.0,1.0,0,False,11.098315238952637
/agv1/capability_report,1788412777.8868606,1788412777.886579,1,389483,0.08,0.08,1.0,1.0,2.0,2.0,1.0,0,False,11.098315238952637
/agv3/capability_report,1788412777.8869307,1788412777.8818028,3,388148,0.08,0.08,1.0,1.0,2.0,2.0,1.0,0,False,11.701099395751953
/agv2/capability_report,1788412777.8890202,1788412777.88187,2,389034,0.08,0.08,1.0,1.0,2.0,2.0,1.0,0,False,11.665640830993652
/agv2/capability_report,1788412777.89673,1788412777.88987,2,389035,0.08,0.08,1.0,1.0,2.0,2.0,1.0,0,False,11.665640830993652
/agv3/capability_report,1788412777.8967807,1788412777.889765,3,388149,0.08,0.08,1.0,1.0,2.0,2.0,1.0,0,False,11.701099395751953
/agv1/capability_report,1788412777.8987916,1788412777.8986118,1,389484,0.08,0.08,1.0,1.0,2.0,2.0,1.0,0,False,11.098315238952637
/agv1/capability_report,1788412777.9067607,1788412777.9065778,1,389485,0.08,0.08,1.0,1.0,2.0,2.0,1.0,0,False,11.098315238952637
/agv2/capability_report,1788412777.9073937,1788412777.9018288,2,389036,0.08,0.08,1.0,1.0,2.0,2.0,1.0,0,False,11.665640830993652
/agv3/capability_report,1788412777.909845,1788412777.9017835,3,388150,0.08,0.08,1.0,1.0,2.0,2.0,1.0,0,False,11.701099395751953
/agv3/capability_report,1788412777.9145799,1788412777.9097435,3,388151,0.08,0.08,1.0,1.0,2.0,2.0,1.0,0,False,11.701099395751953
/agv2/capability_report,1788412777.9169447,1788412777.9098835,2,389037,0.08,0.08,1.0,1.0,2.0,2.0,1.0,0,False,11.665640830993652
/agv1/capability_report,1788412777.9187155,1788412777.9186144,1,389486,0.08,0.08,1.0,1.0,2.0,2.0,1.0,0,False,11.098315238952637
/agv1/capability_report,1788412777.9266772,1788412777.9265707,1,389487,0.08,0.08,1.0,1.0,2.0,2.0,1.0,0,False,11.098315238952637
/agv2/capability_report,1788412777.9278107,1788412777.9218743,2,389038,0.08,0.08,1.0,1.0,2.0,2.0,1.0,0,False,11.665640830993652
/agv3/capability_report,1788412777.928796,1788412777.921785,3,388152,0.08,0.08,1.0,1.0,2.0,2.0,1.0,0,False,11.701099395751953
/agv3/capability_report,1788412777.9370847,1788412777.929786,3,388153,0.08,0.08,1.0,1.0,2.0,2.0,1.0,0,False,11.701099395751953
/agv2/capability_report,1788412777.9371552,1788412777.9298892,2,389039,0.08,0.08,1.0,1.0,2.0,2.0,1.0,0,False,11.665640830993652
/agv1/capability_report,1788412777.9387121,1788412777.938581,1,389488,0.08,0.08,1.0,1.0,2.0,2.0,1.0,0,False,11.098315238952637
/agv1/capability_report,1788412777.946717,1788412777.946584,1,389489,0.08,0.08,1.0,1.0,2.0,2.0,1.0,0,False,11.098315238952637
/agv3/capability_report,1788412777.9480424,1788412777.941828,3,388154,0.08,0.08,1.0,1.0,2.0,2.0,1.0,0,False,11.701099395751953
/agv2/capability_report,1788412777.9480908,1788412777.9417331,2,389040,0.08,0.08,1.0,1.0,2.0,2.0,1.0,0,False,11.665640830993652
/agv3/capability_report,1788412777.9545774,1788412777.9497986,3,388155,0.08,0.08,1.0,1.0,2.0,2.0,1.0,0,False,11.701099395751953
/agv2/capability_report,1788412777.958467,1788412777.949875,2,389041,0.08,0.08,1.0,1.0,2.0,2.0,1.0,0,False,11.665640830993652
/agv1/capability_report,1788412777.958648,1788412777.9585724,1,389490,0.08,0.08,1.0,1.0,2.0,2.0,1.0,0,False,11.018534660339355
/agv1/capability_report,1788412777.9668255,1788412777.9665792,1,389491,0.08,0.08,1.0,1.0,2.0,2.0,1.0,0,False,11.018534660339355
/agv3/capability_report,1788412777.9668324,1788412777.9617782,3,388156,0.08,0.08,1.0,1.0,2.0,2.0,1.0,0,False,11.701099395751953
/agv2/capability_report,1788412777.9673462,1788412777.9618738,2,389042,0.08,0.08,1.0,1.0,2.0,2.0,1.0,0,False,11.665640830993652
/agv2/capability_report,1788412777.9755237,1788412777.9698734,2,389043,0.08,0.08,1.0,1.0,2.0,2.0,1.0,0,False,11.665640830993652
/agv3/capability_report,1788412777.9755397,1788412777.9698138,3,388157,0.08,0.08,1.0,1.0,2.0,2.0,1.0,0,False,11.701099395751953
/agv1/capability_report,1788412777.978702,1788412777.9786072,1,389492,0.08,0.08,1.0,1.0,2.0,2.0,1.0,0,False,11.018534660339355
/agv3/capability_report,1788412777.9864597,1788412777.981787,3,388158,0.08,0.08,1.0,1.0,2.0,2.0,1.0,0,False,11.701099395751953
/agv1/capability_report,1788412777.986716,1788412777.9866178,1,389493,0.08,0.08,1.0,1.0,2.0,2.0,1.0,0,False,11.018534660339355
/agv2/capability_report,1788412777.9874802,1788412777.9817348,2,389044,0.08,0.08,1.0,1.0,2.0,2.0,1.0,0,False,11.665640830993652
/agv3/capability_report,1788412777.9943838,1788412777.98981,3,388159,0.08,0.08,1.0,1.0,2.0,2.0,1.0,0,False,11.701099395751953
/agv2/capability_report,1788412777.9961455,1788412777.989874,2,389045,0.08,0.08,1.0,1.0,2.0,2.0,1.0,0,False,11.665640830993652
/agv1/capability_report,1788412777.9986613,1788412777.9986024,1,389494,0.08,0.08,1.0,1.0,2.0,2.0,1.0,0,False,11.018534660339355
/agv1/capability_report,1788412778.0066648,1788412778.0065703,1,389495,0.08,0.08,1.0,1.0,2.0,2.0,1.0,0,False,11.018534660339355
/agv2/capability_report,1788412778.0071537,1788412778.001873,2,389046,0.08,0.08,1.0,1.0,2.0,2.0,1.0,0,False,11.665640830993652
/agv3/capability_report,1788412778.0095692,1788412778.001784,3,388160,0.08,0.08,1.0,1.0,2.0,2.0,1.0,0,False,11.69223403930664
/agv3/capability_report,1788412778.0144205,1788412778.0097973,3,388161,0.08,0.08,1.0,1.0,2.0,2.0,1.0,0,False,11.69223403930664
/agv2/capability_report,1788412778.0155976,1788412778.0098727,2,389047,0.08,0.08,1.0,1.0,2.0,2.0,1.0,0,False,11.665640830993652
/agv1/capability_report,1788412778.0188382,1788412778.018679,1,389496,0.08,0.08,1.0,1.0,2.0,2.0,1.0,0,False,11.018534660339355
/agv3/capability_report,1788412778.026782,1788412778.0217803,3,388162,0.08,0.08,1.0,1.0,2.0,2.0,1.0,0,False,11.69223403930664
/agv1/capability_report,1788412778.0268195,1788412778.026675,1,389497,0.08,0.08,1.0,1.0,2.0,2.0,1.0,0,False,11.018534660339355
/agv2/capability_report,1788412778.0279806,1788412778.021733,2,389048,0.08,0.08,1.0,1.0,2.0,2.0,1.0,0,False,11.665640830993652
/agv3/capability_report,1788412778.0344102,1788412778.0297744,3,388163,0.08,0.08,1.0,1.0,2.0,2.0,1.0,0,False,11.69223403930664
/agv2/capability_report,1788412778.0354989,1788412778.0298717,2,389049,0.08,0.08,1.0,1.0,2.0,2.0,1.0,0,False,11.683369636535645
/agv1/capability_report,1788412778.0387561,1788412778.0386133,1,389498,0.08,0.08,1.0,1.0,2.0,2.0,1.0,0,False,11.018534660339355
/agv3/capability_report,1788412778.0464072,1788412778.0417805,3,388164,0.08,0.08,1.0,1.0,2.0,2.0,1.0,0,False,11.69223403930664
/agv1/capability_report,1788412778.046634,1788412778.0465639,1,389499,0.08,0.08,1.0,1.0,2.0,2.0,1.0,0,False,11.018534660339355
/agv2/capability_report,1788412778.047141,1788412778.041874,2,389050,0.08,0.08,1.0,1.0,2.0,2.0,1.0,0,False,11.683369636535645
/agv2/capability_report,1788412778.056941,1788412778.0498757,2,389051,0.08,0.08,1.0,1.0,2.0,2.0,1.0,0,False,11.683369636535645
/agv3/capability_report,1788412778.0569582,1788412778.0497813,3,388165,0.08,0.08,1.0,1.0,2.0,2.0,1.0,0,False,11.69223403930664
/agv1/capability_report,1788412778.0588033,1788412778.0585957,1,389500,0.08,0.08,1.0,1.0,2.0,2.0,1.0,0,False,11.018534660339355
/agv1/capability_report,1788412778.0666087,1788412778.0665605,1,389501,0.08,0.08,1.0,1.0,2.0,2.0,1.0,0,False,11.018534660339355
/agv2/capability_report,1788412778.0678532,1788412778.0617347,2,389052,0.08,0.08,1.0,1.0,2.0,2.0,1.0,0,False,11.683369636535645
/agv3/capability_report,1788412778.067866,1788412778.06176,3,388166,0.08,0.08,1.0,1.0,2.0,2.0,1.0,0,False,11.69223403930664
/agv2/capability_report,1788412778.0761905,1788412778.069876,2,389053,0.08,0.08,1.0,1.0,2.0,2.0,1.0,0,False,11.683369636535645
/agv3/capability_report,1788412778.0762143,1788412778.069796,3,388167,0.08,0.08,1.0,1.0,2.0,2.0,1.0,0,False,11.69223403930664
/agv1/capability_report,1788412778.0787773,1788412778.078676,1,389502,0.08,0.08,1.0,1.0,2.0,2.0,1.0,0,False,11.018534660339355
/agv3/capability_report,1788412778.086272,1788412778.0818157,3,388168,0.08,0.08,1.0,1.0,2.0,2.0,1.0,0,False,11.69223403930664
/agv1/capability_report,1788412778.086681,1788412778.0865953,1,389503,0.08,0.08,1.0,1.0,2.0,2.0,1.0,0,False,11.018534660339355
/agv2/capability_report,1788412778.0877678,1788412778.0818677,2,389054,0.08,0.08,1.0,1.0,2.0,2.0,1.0,0,False,11.683369636535645
/agv3/capability_report,1788412778.0956204,1788412778.089783,3,388169,0.08,0.08,1.0,1.0,2.0,2.0,1.0,0,False,11.69223403930664
/agv2/capability_report,1788412778.0960703,1788412778.0898747,2,389055,0.08,0.08,1.0,1.0,2.0,2.0,1.0,0,False,11.683369636535645
/agv1/capability_report,1788412778.098871,1788412778.0987186,1,389504,0.08,0.08,1.0,1.0,2.0,2.0,1.0,0,False,11.018534660339355
/agv1/capability_report,1788412778.1066961,1788412778.106578,1,389505,0.08,0.08,1.0,1.0,2.0,2.0,1.0,0,False,11.018534660339355
/agv2/capability_report,1788412778.106873,1788412778.1017346,2,389056,0.08,0.08,1.0,1.0,2.0,2.0,1.0,0,False,11.683369636535645
/agv3/capability_report,1788412778.1069314,1788412778.1017962,3,388170,0.08,0.08,1.0,1.0,2.0,2.0,1.0,0,False,11.69223403930664
/agv3/capability_report,1788412778.1143494,1788412778.1098013,3,388171,0.08,0.08,1.0,1.0,2.0,2.0,1.0,0,False,11.69223403930664
/agv2/capability_report,1788412778.1169791,1788412778.1098695,2,389057,0.08,0.08,1.0,1.0,2.0,2.0,1.0,0,False,11.683369636535645
/agv1/capability_report,1788412778.1188416,1788412778.1187115,1,389506,0.08,0.08,1.0,1.0,2.0,2.0,1.0,0,False,11.19582462310791
/agv1/capability_report,1788412778.126739,1788412778.1266153,1,389507,0.08,0.08,1.0,1.0,2.0,2.0,1.0,0,False,11.19582462310791
/agv2/capability_report,1788412778.127381,1788412778.1218727,2,389058,0.08,0.08,1.0,1.0,2.0,2.0,1.0,0,False,11.683369636535645
/agv3/capability_report,1788412778.1273844,1788412778.1217828,3,388172,0.08,0.08,1.0,1.0,2.0,2.0,1.0,0,False,11.69223403930664
/agv3/capability_report,1788412778.1344025,1788412778.1297758,3,388173,0.08,0.08,1.0,1.0,2.0,2.0,1.0,0,False,11.69223403930664
/agv2/capability_report,1788412778.1354969,1788412778.129908,2,389059,0.08,0.08,1.0,1.0,2.0,2.0,1.0,0,False,11.683369636535645
/agv1/capability_report,1788412778.138723,1788412778.1385987,1,389508,0.08,0.08,1.0,1.0,2.0,2.0,1.0,0,False,11.19582462310791
/agv3/capability_report,1788412778.1463523,1788412778.141779,3,388174,0.08,0.08,1.0,1.0,2.0,2.0,1.0,0,False,11.69223403930664
/agv1/capability_report,1788412778.1466424,1788412778.1465533,1,389509,0.08,0.08,1.0,1.0,2.0,2.0,1.0,0,False,11.19582462310791
/agv2/capability_report,1788412778.147105,1788412778.141733,2,389060,0.08,0.08,1.0,1.0,2.0,2.0,1.0,0,False,11.683369636535645
/agv3/capability_report,1788412778.154422,1788412778.1497393,3,388175,0.08,0.08,1.0,1.0,2.0,2.0,1.0,0,False,11.69223403930664
/agv2/capability_report,1788412778.15554,1788412778.149876,2,389061,0.08,0.08,1.0,1.0,2.0,2.0,1.0,0,False,11.683369636535645
/agv1/capability_report,1788412778.1588507,1788412778.158609,1,389510,0.08,0.08,1.0,1.0,2.0,2.0,1.0,0,False,11.19582462310791
/agv1/capability_report,1788412778.166697,1788412778.166587,1,389511,0.08,0.08,1.0,1.0,2.0,2.0,1.0,0,False,11.19582462310791
/agv3/capability_report,1788412778.1671755,1788412778.16174,3,388176,0.08,0.08,1.0,1.0,2.0,2.0,1.0,0,False,11.780879020690918
/agv2/capability_report,1788412778.1672845,1788412778.1618671,2,389062,0.08,0.08,1.0,1.0,2.0,2.0,1.0,0,False,11.683369636535645
/agv3/capability_report,1788412778.1753912,1788412778.1697826,3,388177,0.08,0.08,1.0,1.0,2.0,2.0,1.0,0,False,11.780879020690918
/agv2/capability_report,1788412778.1755338,1788412778.1698735,2,389063,0.08,0.08,1.0,1.0,2.0,2.0,1.0,0,False,11.683369636535645
/agv1/capability_report,1788412778.1787293,1788412778.1786032,1,389512,0.08,0.08,1.0,1.0,2.0,2.0,1.0,0,False,11.19582462310791
/agv3/capability_report,1788412778.1863303,1788412778.1818132,3,388178,0.08,0.08,1.0,1.0,2.0,2.0,1.0,0,False,11.780879020690918
/agv1/capability_report,1788412778.1866653,1788412778.186568,1,389513,0.08,0.08,1.0,1.0,2.0,2.0,1.0,0,False,11.19582462310791
/agv2/capability_report,1788412778.1876097,1788412778.1817343,2,389064,0.08,0.08,1.0,1.0,2.0,2.0,1.0,0,False,11.683369636535645
/agv3/capability_report,1788412778.1943786,1788412778.1897752,3,388179,0.08,0.08,1.0,1.0,2.0,2.0,1.0,0,False,11.780879020690918
/agv2/capability_report,1788412778.196128,1788412778.1898742,2,389065,0.08,0.08,1.0,1.0,2.0,2.0,1.0,0,False,11.683369636535645
/agv1/capability_report,1788412778.198677,1788412778.1985917,1,389514,0.08,0.08,1.0,1.0,2.0,2.0,1.0,0,False,11.19582462310791
/agv3/capability_report,1788412778.206272,1788412778.201794,3,388180,0.08,0.08,1.0,1.0,2.0,2.0,1.0,0,False,11.780879020690918
/agv1/capability_report,1788412778.2066286,1788412778.2065551,1,389515,0.08,0.08,1.0,1.0,2.0,2.0,1.0,0,False,11.19582462310791
/agv2/capability_report,1788412778.2073035,1788412778.2018728,2,389066,0.08,0.08,1.0,1.0,2.0,2.0,1.0,0,False,11.683369636535645
/agv2/capability_report,1788412778.2166393,1788412778.2098742,2,389067,0.08,0.08,1.0,1.0,2.0,2.0,1.0,0,False,11.683369636535645
/agv3/capability_report,1788412778.2166448,1788412778.2097945,3,388181,0.08,0.08,1.0,1.0,2.0,2.0,1.0,0,False,11.780879020690918
/agv1/capability_report,1788412778.2187736,1788412778.2186108,1,389516,0.08,0.08,1.0,1.0,2.0,2.0,1.0,0,False,11.19582462310791
/agv3/capability_report,1788412778.2263541,1788412778.2217762,3,388182,0.08,0.08,1.0,1.0,2.0,2.0,1.0,0,False,11.780879020690918
/agv1/capability_report,1788412778.226603,1788412778.2265553,1,389517,0.08,0.08,1.0,1.0,2.0,2.0,1.0,0,False,11.19582462310791
/agv2/capability_report,1788412778.228094,1788412778.221734,2,389068,0.08,0.08,1.0,1.0,2.0,2.0,1.0,0,False,11.683369636535645
/agv3/capability_report,1788412778.2344666,1788412778.229777,3,388183,0.08,0.08,1.0,1.0,2.0,2.0,1.0,0,False,11.780879020690918
/agv2/capability_report,1788412778.2351925,1788412778.2298958,2,389069,0.08,0.08,1.0,1.0,2.0,2.0,1.0,0,False,11.683369636535645
/agv1/capability_report,1788412778.238656,1788412778.2385628,1,389518,0.08,0.08,1.0,1.0,2.0,2.0,1.0,0,False,11.19582462310791
/agv1/capability_report,1788412778.2466683,1788412778.2465603,1,389519,0.08,0.08,1.0,1.0,2.0,2.0,1.0,0,False,11.19582462310791
/agv3/capability_report,1788412778.247427,1788412778.2417784,3,388184,0.08,0.08,1.0,1.0,2.0,2.0,1.0,0,False,11.780879020690918
/agv2/capability_report,1788412778.24745,1788412778.2418718,2,389070,0.08,0.08,1.0,1.0,2.0,2.0,1.0,0,False,11.683369636535645
/agv3/capability_report,1788412778.2546701,1788412778.2497733,3,388185,0.08,0.08,1.0,1.0,2.0,2.0,1.0,0,False,11.780879020690918
/agv2/capability_report,1788412778.2562296,1788412778.2497425,2,389071,0.08,0.08,1.0,1.0,2.0,2.0,1.0,0,False,11.683369636535645
/agv1/capability_report,1788412778.2588139,1788412778.258615,1,389520,0.08,0.08,1.0,1.0,2.0,2.0,1.0,0,False,11.19582462310791
/agv3/capability_report,1788412778.2665703,1788412778.2617908,3,388186,0.08,0.08,1.0,1.0,2.0,2.0,1.0,0,False,11.780879020690918
/agv1/capability_report,1788412778.26667,1788412778.266562,1,389521,0.08,0.08,1.0,1.0,2.0,2.0,1.0,0,False,11.19582462310791
/agv2/capability_report,1788412778.2695196,1788412778.2617345,2,389072,0.08,0.08,1.0,1.0,2.0,2.0,1.0,0,False,11.683369636535645
/agv3/capability_report,1788412778.2742877,1788412778.2697957,3,388187,0.08,0.08,1.0,1.0,2.0,2.0,1.0,0,False,11.780879020690918
/agv2/capability_report,1788412778.2753446,1788412778.2698753,2,389073,0.08,0.08,1.0,1.0,2.0,2.0,1.0,0,False,11.683369636535645
/agv1/capability_report,1788412778.2787294,1788412778.2785962,1,389522,0.08,0.08,1.0,1.0,2.0,2.0,1.0,0,False,11.213553428649902
/agv3/capability_report,1788412778.2863379,1788412778.281792,3,388188,0.08,0.08,1.0,1.0,2.0,2.0,1.0,0,False,11.780879020690918
/agv1/capability_report,1788412778.2866695,1788412778.2865546,1,389523,0.08,0.08,1.0,1.0,2.0,2.0,1.0,0,False,11.213553428649902
/agv2/capability_report,1788412778.287373,1788412778.2818809,2,389074,0.08,0.08,1.0,1.0,2.0,2.0,1.0,0,False,11.683369636535645
/agv3/capability_report,1788412778.2963643,1788412778.2897754,3,388189,0.08,0.08,1.0,1.0,2.0,2.0,1.0,0,False,11.780879020690918
/agv2/capability_report,1788412778.297132,1788412778.2898793,2,389075,0.08,0.08,1.0,1.0,2.0,2.0,1.0,0,False,11.683369636535645
/agv1/capability_report,1788412778.2987504,1788412778.2985923,1,389524,0.08,0.08,1.0,1.0,2.0,2.0,1.0,0,False,11.213553428649902
/agv3/capability_report,1788412778.3064308,1788412778.3018005,3,388190,0.08,0.08,1.0,1.0,2.0,2.0,1.0,0,False,11.780879020690918
/agv1/capability_report,1788412778.3066363,1788412778.3065612,1,389525,0.08,0.08,1.0,1.0,2.0,2.0,1.0,0,False,11.213553428649902
/agv2/capability_report,1788412778.3070533,1788412778.3017342,2,389076,0.08,0.08,1.0,1.0,2.0,2.0,1.0,0,False,11.683369636535645
/agv3/capability_report,1788412778.3144422,1788412778.3098001,3,388191,0.08,0.08,1.0,1.0,2.0,2.0,1.0,0,False,11.780879020690918
/agv2/capability_report,1788412778.3158774,1788412778.3098743,2,389077,0.08,0.08,1.0,1.0,2.0,2.0,1.0,0,False,11.683369636535645
/agv1/capability_report,1788412778.318769,1788412778.3186128,1,389526,0.08,0.08,1.0,1.0,2.0,2.0,1.0,0,False,11.213553428649902
/agv3/capability_report,1788412778.3263988,1788412778.321778,3,388192,0.08,0.08,1.0,1.0,2.0,2.0,1.0,0,False,11.736557006835938
/agv1/capability_report,1788412778.326604,1788412778.326556,1,389527,0.08,0.08,1.0,1.0,2.0,2.0,1.0,0,False,11.213553428649902
/agv2/capability_report,1788412778.3278654,1788412778.321847,2,389078,0.08,0.08,1.0,1.0,2.0,2.0,1.0,0,False,11.683369636535645
/agv3/capability_report,1788412778.3343375,1788412778.3297794,3,388193,0.08,0.08,1.0,1.0,2.0,2.0,1.0,0,False,11.736557006835938
/agv2/capability_report,1788412778.3361022,1788412778.3298712,2,389079,0.08,0.08,1.0,1.0,2.0,2.0,1.0,0,False,11.683369636535645
/agv1/capability_report,1788412778.3388028,1788412778.3386123,1,389528,0.08,0.08,1.0,1.0,2.0,2.0,1.0,0,False,11.213553428649902
/agv3/capability_report,1788412778.346398,1788412778.3418407,3,388194,0.08,0.08,1.0,1.0,2.0,2.0,1.0,0,False,11.736557006835938
/agv1/capability_report,1788412778.3466663,1788412778.346557,1,389529,0.08,0.08,1.0,1.0,2.0,2.0,1.0,0,False,11.213553428649902
/agv2/capability_report,1788412778.3474066,1788412778.3417342,2,389080,0.08,0.08,1.0,1.0,2.0,2.0,1.0,0,False,11.683369636535645
/agv2/capability_report,1788412778.3571975,1788412778.3498812,2,389081,0.08,0.08,1.0,1.0,2.0,2.0,1.0,0,False,11.656776428222656
/agv3/capability_report,1788412778.3573067,1788412778.34978,3,388195,0.08,0.08,1.0,1.0,2.0,2.0,1.0,0,False,11.736557006835938
/agv1/capability_report,1788412778.358734,1788412778.3586109,1,389530,0.08,0.08,1.0,1.0,2.0,2.0,1.0,0,False,11.213553428649902
/agv3/capability_report,1788412778.3664181,1788412778.3617585,3,388196,0.08,0.08,1.0,1.0,2.0,2.0,1.0,0,False,11.736557006835938
/agv1/capability_report,1788412778.366683,1788412778.3665566,1,389531,0.08,0.08,1.0,1.0,2.0,2.0,1.0,0,False,11.213553428649902
/agv2/capability_report,1788412778.3676884,1788412778.361849,2,389082,0.08,0.08,1.0,1.0,2.0,2.0,1.0,0,False,11.656776428222656
/agv3/capability_report,1788412778.3756363,1788412778.3698013,3,388197,0.08,0.08,1.0,1.0,2.0,2.0,1.0,0,False,11.736557006835938
/agv2/capability_report,1788412778.3756745,1788412778.3698752,2,389083,0.08,0.08,1.0,1.0,2.0,2.0,1.0,0,False,11.656776428222656
/agv1/capability_report,1788412778.3787332,1788412778.3785906,1,389532,0.08,0.08,1.0,1.0,2.0,2.0,1.0,0,False,11.213553428649902
/agv3/capability_report,1788412778.386427,1788412778.3817995,3,388198,0.08,0.08,1.0,1.0,2.0,2.0,1.0,0,False,11.736557006835938
/agv1/capability_report,1788412778.386703,1788412778.3865724,1,389533,0.08,0.08,1.0,1.0,2.0,2.0,1.0,0,False,11.213553428649902
/agv2/capability_report,1788412778.38838,1788412778.3817348,2,389084,0.08,0.08,1.0,1.0,2.0,2.0,1.0,0,False,11.656776428222656
/agv3/capability_report,1788412778.3946087,1788412778.389775,3,388199,0.08,0.08,1.0,1.0,2.0,2.0,1.0,0,False,11.736557006835938
/agv2/capability_report,1788412778.396322,1788412778.3898373,2,389085,0.08,0.08,1.0,1.0,2.0,2.0,1.0,0,False,11.656776428222656
/agv1/capability_report,1788412778.3987308,1788412778.3986082,1,389534,0.08,0.08,1.0,1.0,2.0,2.0,1.0,0,False,11.213553428649902
/agv3/capability_report,1788412778.4063718,1788412778.4017992,3,388200,0.08,0.08,1.0,1.0,2.0,2.0,1.0,0,False,11.736557006835938
/agv1/capability_report,1788412778.4066458,1788412778.4065554,1,389535,0.08,0.08,1.0,1.0,2.0,2.0,1.0,0,False,11.213553428649902
/agv2/capability_report,1788412778.408301,1788412778.4018729,2,389086,0.08,0.08,1.0,1.0,2.0,2.0,1.0,0,False,11.656776428222656
/agv3/capability_report,1788412778.4157116,1788412778.4097385,3,388201,0.08,0.08,1.0,1.0,2.0,2.0,1.0,0,False,11.736557006835938
/agv2/capability_report,1788412778.4157138,1788412778.4098732,2,389087,0.08,0.08,1.0,1.0,2.0,2.0,1.0,0,False,11.656776428222656
/agv1/capability_report,1788412778.4187894,1788412778.4185877,1,389536,0.08,0.08,1.0,1.0,2.0,2.0,1.0,0,False,11.213553428649902
/agv1/capability_report,1788412778.426658,1788412778.426553,1,389537,0.08,0.08,1.0,1.0,2.0,2.0,1.0,0,False,11.213553428649902
/agv3/capability_report,1788412778.4277158,1788412778.421723,3,388202,0.08,0.08,1.0,1.0,2.0,2.0,1.0,0,False,11.736557006835938
/agv2/capability_report,1788412778.4283688,1788412778.4217348,2,389088,0.08,0.08,1.0,1.0,2.0,2.0,1.0,0,False,11.656776428222656
/agv3/capability_report,1788412778.4346356,1788412778.4297814,3,388203,0.08,0.08,1.0,1.0,2.0,2.0,1.0,0,False,11.736557006835938
/agv2/capability_report,1788412778.4369226,1788412778.429875,2,389089,0.08,0.08,1.0,1.0,2.0,2.0,1.0,0,False,11.656776428222656
/agv1/capability_report,1788412778.438728,1788412778.438601,1,389538,0.08,0.08,1.0,1.0,2.0,2.0,1.0,0,False,11.266739845275879
/agv3/capability_report,1788412778.446354,1788412778.4417734,3,388204,0.08,0.08,1.0,1.0,2.0,2.0,1.0,0,False,11.736557006835938
/agv1/capability_report,1788412778.4466047,1788412778.4465592,1,389539,0.08,0.08,1.0,1.0,2.0,2.0,1.0,0,False,11.266739845275879
/agv2/capability_report,1788412778.4479558,1788412778.441862,2,389090,0.08,0.08,1.0,1.0,2.0,2.0,1.0,0,False,11.656776428222656
/agv3/capability_report,1788412778.4550955,1788412778.449773,3,388205,0.08,0.08,1.0,1.0,2.0,2.0,1.0,0,False,11.736557006835938
/agv2/capability_report,1788412778.4560685,1788412778.4498725,2,389091,0.08,0.08,1.0,1.0,2.0,2.0,1.0,0,False,11.656776428222656
/agv1/capability_report,1788412778.4587584,1788412778.4586074,1,389540,0.08,0.08,1.0,1.0,2.0,2.0,1.0,0,False,11.266739845275879
/agv1/capability_report,1788412778.46666,1788412778.4665532,1,389541,0.08,0.08,1.0,1.0,2.0,2.0,1.0,0,False,11.266739845275879
/agv2/capability_report,1788412778.468381,1788412778.461824,2,389092,0.08,0.08,1.0,1.0,2.0,2.0,1.0,0,False,11.656776428222656
/agv3/capability_report,1788412778.4684913,1788412778.4617257,3,388206,0.08,0.08,1.0,1.0,2.0,2.0,1.0,0,False,11.736557006835938
/agv3/capability_report,1788412778.4755337,1788412778.4697964,3,388207,0.08,0.08,1.0,1.0,2.0,2.0,1.0,0,False,11.736557006835938
/agv2/capability_report,1788412778.4755383,1788412778.469872,2,389093,0.08,0.08,1.0,1.0,2.0,2.0,1.0,0,False,11.656776428222656
/agv1/capability_report,1788412778.4787526,1788412778.4786098,1,389542,0.08,0.08,1.0,1.0,2.0,2.0,1.0,0,False,11.266739845275879
/agv3/capability_report,1788412778.4864097,1788412778.4817996,3,388208,0.08,0.08,1.0,1.0,2.0,2.0,1.0,0,False,11.674505233764648
/agv1/capability_report,1788412778.4866138,1788412778.486555,1,389543,0.08,0.08,1.0,1.0,2.0,2.0,1.0,0,False,11.266739845275879
/agv2/capability_report,1788412778.4894037,1788412778.4818718,2,389094,0.08,0.08,1.0,1.0,2.0,2.0,1.0,0,False,11.656776428222656
/agv3/capability_report,1788412778.4943562,1788412778.4897845,3,388209,0.08,0.08,1.0,1.0,2.0,2.0,1.0,0,False,11.674505233764648
/agv2/capability_report,1788412778.4954917,1788412778.4898932,2,389095,0.08,0.08,1.0,1.0,2.0,2.0,1.0,0,False,11.656776428222656
/agv1/capability_report,1788412778.4987345,1788412778.4986043,1,389544,0.08,0.08,1.0,1.0,2.0,2.0,1.0,0,False,11.266739845275879
/agv3/capability_report,1788412778.506486,1788412778.501798,3,388210,0.08,0.08,1.0,1.0,2.0,2.0,1.0,0,False,11.674505233764648
/agv1/capability_report,1788412778.5065956,1788412778.5065558,1,389545,0.08,0.08,1.0,1.0,2.0,2.0,1.0,0,False,11.266739845275879
/agv2/capability_report,1788412778.5089388,1788412778.5018737,2,389096,0.08,0.08,1.0,1.0,2.0,2.0,1.0,0,False,11.656776428222656
/agv3/capability_report,1788412778.5157497,1788412778.5097294,3,388211,0.08,0.08,1.0,1.0,2.0,2.0,1.0,0,False,11.674505233764648
/agv2/capability_report,1788412778.5174072,1788412778.5098672,2,389097,0.08,0.08,1.0,1.0,2.0,2.0,1.0,0,False,11.639047622680664
/agv1/capability_report,1788412778.5187352,1788412778.5186088,1,389546,0.08,0.08,1.0,1.0,2.0,2.0,1.0,0,False,11.266739845275879
/agv1/capability_report,1788412778.526608,1788412778.526553,1,389547,0.08,0.08,1.0,1.0,2.0,2.0,1.0,0,False,11.266739845275879
/agv2/capability_report,1788412778.5276725,1788412778.5218701,2,389098,0.08,0.08,1.0,1.0,2.0,2.0,1.0,0,False,11.639047622680664
/agv3/capability_report,1788412778.5276875,1788412778.5217772,3,388212,0.08,0.08,1.0,1.0,2.0,2.0,1.0,0,False,11.674505233764648
/agv2/capability_report,1788412778.5361302,1788412778.5298707,2,389099,0.08,0.08,1.0,1.0,2.0,2.0,1.0,0,False,11.639047622680664
/agv3/capability_report,1788412778.536984,1788412778.5297818,3,388213,0.08,0.08,1.0,1.0,2.0,2.0,1.0,0,False,11.674505233764648
/agv1/capability_report,1788412778.5386593,1788412778.538561,1,389548,0.08,0.08,1.0,1.0,2.0,2.0,1.0,0,False,11.266739845275879
/agv3/capability_report,1788412778.5464091,1788412778.5417826,3,388214,0.08,0.08,1.0,1.0,2.0,2.0,1.0,0,False,11.674505233764648
/agv1/capability_report,1788412778.5466628,1788412778.546562,1,389549,0.08,0.08,1.0,1.0,2.0,2.0,1.0,0,False,11.266739845275879
/agv2/capability_report,1788412778.5473487,1788412778.5418744,2,389100,0.08,0.08,1.0,1.0,2.0,2.0,1.0,0,False,11.639047622680664
/agv2/capability_report,1788412778.5556927,1788412778.5498748,2,389101,0.08,0.08,1.0,1.0,2.0,2.0,1.0,0,False,11.639047622680664
/agv3/capability_report,1788412778.5558696,1788412778.5497887,3,388215,0.08,0.08,1.0,1.0,2.0,2.0,1.0,0,False,11.674505233764648
/agv1/capability_report,1788412778.5587232,1788412778.5585563,1,389550,0.08,0.08,1.0,1.0,2.0,2.0,1.0,0,False,11.266739845275879
/agv3/capability_report,1788412778.5665886,1788412778.561776,3,388216,0.08,0.08,1.0,1.0,2.0,2.0,1.0,0,False,11.674505233764648
/agv1/capability_report,1788412778.566695,1788412778.5666203,1,389551,0.08,0.08,1.0,1.0,2.0,2.0,1.0,0,False,11.266739845275879
/agv2/capability_report,1788412778.5688167,1788412778.5618756,2,389102,0.08,0.08,1.0,1.0,2.0,2.0,1.0,0,False,11.639047622680664
/agv2/capability_report,1788412778.5751736,1788412778.5698736,2,389103,0.08,0.08,1.0,1.0,2.0,2.0,1.0,0,False,11.639047622680664
/agv3/capability_report,1788412778.5751872,1788412778.569792,3,388217,0.08,0.08,1.0,1.0,2.0,2.0,1.0,0,False,11.674505233764648
/agv1/capability_report,1788412778.5787308,1788412778.578628,1,389552,0.08,0.08,1.0,1.0,2.0,2.0,1.0,0,False,11.266739845275879
/agv3/capability_report,1788412778.5862942,1788412778.581799,3,388218,0.08,0.08,1.0,1.0,2.0,2.0,1.0,0,False,11.674505233764648
/agv1/capability_report,1788412778.586672,1788412778.5865695,1,389553,0.08,0.08,1.0,1.0,2.0,2.0,1.0,0,False,11.266739845275879
/agv2/capability_report,1788412778.5878768,1788412778.5818472,2,389104,0.08,0.08,1.0,1.0,2.0,2.0,1.0,0,False,11.639047622680664
/agv3/capability_report,1788412778.5943813,1788412778.5897756,3,388219,0.08,0.08,1.0,1.0,2.0,2.0,1.0,0,False,11.674505233764648
/agv2/capability_report,1788412778.5956829,1788412778.5898736,2,389105,0.08,0.08,1.0,1.0,2.0,2.0,1.0,0,False,11.639047622680664
/agv1/capability_report,1788412778.598815,1788412778.5987132,1,389554,0.08,0.08,1.0,1.0,2.0,2.0,1.0,0,False,11.186960220336914
/agv3/capability_report,1788412778.6064396,1788412778.6017983,3,388220,0.08,0.08,1.0,1.0,2.0,2.0,1.0,0,False,11.674505233764648
/agv1/capability_report,1788412778.6066794,1788412778.6065733,1,389555,0.08,0.08,1.0,1.0,2.0,2.0,1.0,0,False,11.186960220336914
/agv2/capability_report,1788412778.6079397,1788412778.6018708,2,389106,0.08,0.08,1.0,1.0,2.0,2.0,1.0,0,False,11.639047622680664
/agv3/capability_report,1788412778.6158469,1788412778.6097932,3,388221,0.08,0.08,1.0,1.0,2.0,2.0,1.0,0,False,11.674505233764648
/agv2/capability_report,1788412778.616055,1788412778.6098633,2,389107,0.08,0.08,1.0,1.0,2.0,2.0,1.0,0,False,11.639047622680664
/agv1/capability_report,1788412778.6188614,1788412778.6186488,1,389556,0.08,0.08,1.0,1.0,2.0,2.0,1.0,0,False,11.186960220336914
/agv3/capability_report,1788412778.6263711,1788412778.6217797,3,388222,0.08,0.08,1.0,1.0,2.0,2.0,1.0,0,False,11.674505233764648
/agv1/capability_report,1788412778.626669,1788412778.626573,1,389557,0.08,0.08,1.0,1.0,2.0,2.0,1.0,0,False,11.186960220336914
/agv2/capability_report,1788412778.6285129,1788412778.6218698,2,389108,0.08,0.08,1.0,1.0,2.0,2.0,1.0,0,False,11.639047622680664
/agv2/capability_report,1788412778.635513,1788412778.6298716,2,389109,0.08,0.08,1.0,1.0,2.0,2.0,1.0,0,False,11.639047622680664
/agv3/capability_report,1788412778.6356032,1788412778.6297858,3,388223,0.08,0.08,1.0,1.0,2.0,2.0,1.0,0,False,11.674505233764648
/agv1/capability_report,1788412778.6388452,1788412778.638709,1,389558,0.08,0.08,1.0,1.0,2.0,2.0,1.0,0,False,11.186960220336914
/agv3/capability_report,1788412778.646254,1788412778.6417422,3,388224,0.08,0.08,1.0,1.0,2.0,2.0,1.0,0,False,11.64791202545166
/agv1/capability_report,1788412778.646687,1788412778.6465707,1,389559,0.08,0.08,1.0,1.0,2.0,2.0,1.0,0,False,11.186960220336914
/agv2/capability_report,1788412778.6472805,1788412778.641868,2,389110,0.08,0.08,1.0,1.0,2.0,2.0,1.0,0,False,11.639047622680664
/agv2/capability_report,1788412778.6556816,1788412778.6498723,2,389111,0.08,0.08,1.0,1.0,2.0,2.0,1.0,0,False,11.639047622680664
/agv3/capability_report,1788412778.6558352,1788412778.6497667,3,388225,0.08,0.08,1.0,1.0,2.0,2.0,1.0,0,False,11.64791202545166
/agv1/capability_report,1788412778.6587677,1788412778.6586614,1,389560,0.08,0.08,1.0,1.0,2.0,2.0,1.0,0,False,11.186960220336914
/agv3/capability_report,1788412778.6666293,1788412778.661785,3,388226,0.08,0.08,1.0,1.0,2.0,2.0,1.0,0,False,11.64791202545166
/agv1/capability_report,1788412778.6666873,1788412778.666629,1,389561,0.08,0.08,1.0,1.0,2.0,2.0,1.0,0,False,11.186960220336914
/agv2/capability_report,1788412778.670277,1788412778.6618493,2,389112,0.08,0.08,1.0,1.0,2.0,2.0,1.0,0,False,11.639047622680664
/agv3/capability_report,1788412778.6744344,1788412778.669792,3,388227,0.08,0.08,1.0,1.0,2.0,2.0,1.0,0,False,11.64791202545166
/agv2/capability_report,1788412778.6756625,1788412778.6698692,2,389113,0.08,0.08,1.0,1.0,2.0,2.0,1.0,0,False,11.594725608825684
/agv1/capability_report,1788412778.6787577,1788412778.6786873,1,389562,0.08,0.08,1.0,1.0,2.0,2.0,1.0,0,False,11.186960220336914
/agv3/capability_report,1788412778.6864173,1788412778.681798,3,388228,0.08,0.08,1.0,1.0,2.0,2.0,1.0,0,False,11.64791202545166
/agv1/capability_report,1788412778.6866305,1788412778.6865764,1,389563,0.08,0.08,1.0,1.0,2.0,2.0,1.0,0,False,11.186960220336914
/agv2/capability_report,1788412778.687268,1788412778.681871,2,389114,0.08,0.08,1.0,1.0,2.0,2.0,1.0,0,False,11.594725608825684
/agv2/capability_report,1788412778.6959512,1788412778.689868,2,389115,0.08,0.08,1.0,1.0,2.0,2.0,1.0,0,False,11.594725608825684
/agv3/capability_report,1788412778.6960037,1788412778.6897643,3,388229,0.08,0.08,1.0,1.0,2.0,2.0,1.0,0,False,11.64791202545166
/agv1/capability_report,1788412778.6987832,1788412778.6987023,1,389564,0.08,0.08,1.0,1.0,2.0,2.0,1.0,0,False,11.186960220336914
/agv3/capability_report,1788412778.7063065,1788412778.7017949,3,388230,0.08,0.08,1.0,1.0,2.0,2.0,1.0,0,False,11.64791202545166
/agv1/capability_report,1788412778.7066383,1788412778.706576,1,389565,0.08,0.08,1.0,1.0,2.0,2.0,1.0,0,False,11.186960220336914
/agv2/capability_report,1788412778.7081313,1788412778.7018678,2,389116,0.08,0.08,1.0,1.0,2.0,2.0,1.0,0,False,11.594725608825684
/agv3/capability_report,1788412778.7142632,1788412778.7097995,3,388231,0.08,0.08,1.0,1.0,2.0,2.0,1.0,0,False,11.64791202545166
/agv2/capability_report,1788412778.715611,1788412778.7098742,2,389117,0.08,0.08,1.0,1.0,2.0,2.0,1.0,0,False,11.594725608825684
/agv1/capability_report,1788412778.7187362,1788412778.7185972,1,389566,0.08,0.08,1.0,1.0,2.0,2.0,1.0,0,False,11.186960220336914
/agv1/capability_report,1788412778.7266648,1788412778.7265692,1,389567,0.08,0.08,1.0,1.0,2.0,2.0,1.0,0,False,11.186960220336914
/agv2/capability_report,1788412778.7281404,1788412778.7218692,2,389118,0.08,0.08,1.0,1.0,2.0,2.0,1.0,0,False,11.594725608825684
/agv3/capability_report,1788412778.728152,1788412778.7217975,3,388232,0.08,0.08,1.0,1.0,2.0,2.0,1.0,0,False,11.64791202545166
/agv2/capability_report,1788412778.736905,1788412778.7298748,2,389119,0.08,0.08,1.0,1.0,2.0,2.0,1.0,0,False,11.594725608825684
/agv1/capability_report,1788412778.738619,1788412778.7385721,1,389568,0.08,0.08,1.0,1.0,2.0,2.0,1.0,0,False,11.186960220336914
/agv3/capability_report,1788412778.7421684,1788412778.7297847,3,388233,0.08,0.08,1.0,1.0,2.0,2.0,1.0,0,False,11.64791202545166
/agv3/capability_report,1788412778.7462678,1788412778.7417984,3,388234,0.08,0.08,1.0,1.0,2.0,2.0,1.0,0,False,11.64791202545166
/agv1/capability_report,1788412778.7466803,1788412778.7465653,1,389569,0.08,0.08,1.0,1.0,2.0,2.0,1.0,0,False,11.036263465881348
/agv2/capability_report,1788412778.7483332,1788412778.7418175,2,389120,0.08,0.08,1.0,1.0,2.0,2.0,1.0,0,False,11.594725608825684
/agv3/capability_report,1788412778.7548647,1788412778.749784,3,388235,0.08,0.08,1.0,1.0,2.0,2.0,1.0,0,False,11.64791202545166
/agv2/capability_report,1788412778.7557867,1788412778.7498631,2,389121,0.08,0.08,1.0,1.0,2.0,2.0,1.0,0,False,11.594725608825684
/agv1/capability_report,1788412778.7586815,1788412778.758595,1,389570,0.08,0.08,1.0,1.0,2.0,2.0,1.0,0,False,11.036263465881348
/agv3/capability_report,1788412778.766165,1788412778.7617745,3,388236,0.08,0.08,1.0,1.0,2.0,2.0,1.0,0,False,11.64791202545166
/agv1/capability_report,1788412778.766614,1788412778.766558,1,389571,0.08,0.08,1.0,1.0,2.0,2.0,1.0,0,False,11.036263465881348
/agv2/capability_report,1788412778.7673311,1788412778.761876,2,389122,0.08,0.08,1.0,1.0,2.0,2.0,1.0,0,False,11.594725608825684
/agv1/capability_report,1788412778.7788253,1788412778.7785933,1,389572,0.08,0.08,1.0,1.0,2.0,2.0,1.0,0,False,11.036263465881348
/agv2/capability_report,1788412778.7789018,1788412778.7698662,2,389123,0.08,0.08,1.0,1.0,2.0,2.0,1.0,0,False,11.594725608825684
/agv3/capability_report,1788412778.778915,1788412778.7697926,3,388237,0.08,0.08,1.0,1.0,2.0,2.0,1.0,0,False,11.64791202545166
/agv3/capability_report,1788412778.786672,1788412778.781797,3,388238,0.08,0.08,1.0,1.0,2.0,2.0,1.0,0,False,11.64791202545166
/agv1/capability_report,1788412778.7867148,1788412778.7865555,1,389573,0.08,0.08,1.0,1.0,2.0,2.0,1.0,0,False,11.036263465881348
/agv2/capability_report,1788412778.7883377,1788412778.781859,2,389124,0.08,0.08,1.0,1.0,2.0,2.0,1.0,0,False,11.594725608825684
/agv3/capability_report,1788412778.794319,1788412778.789779,3,388239,0.08,0.08,1.0,1.0,2.0,2.0,1.0,0,False,11.75428581237793
/agv2/capability_report,1788412778.7951539,1788412778.7898731,2,389125,0.08,0.08,1.0,1.0,2.0,2.0,1.0,0,False,11.594725608825684
/agv1/capability_report,1788412778.798907,1788412778.7987242,1,389574,0.08,0.08,1.0,1.0,2.0,2.0,1.0,0,False,11.036263465881348
/agv3/capability_report,1788412778.8063664,1788412778.8017764,3,388240,0.08,0.08,1.0,1.0,2.0,2.0,1.0,0,False,11.75428581237793
/agv1/capability_report,1788412778.8066835,1788412778.8066041,1,389575,0.08,0.08,1.0,1.0,2.0,2.0,1.0,0,False,11.036263465881348
/agv2/capability_report,1788412778.8071897,1788412778.8019125,2,389126,0.08,0.08,1.0,1.0,2.0,2.0,1.0,0,False,11.594725608825684
/agv3/capability_report,1788412778.814405,1788412778.809784,3,388241,0.08,0.08,1.0,1.0,2.0,2.0,1.0,0,False,11.75428581237793
/agv2/capability_report,1788412778.8150766,1788412778.809873,2,389127,0.08,0.08,1.0,1.0,2.0,2.0,1.0,0,False,11.594725608825684
/agv1/capability_report,1788412778.8189025,1788412778.8186235,1,389576,0.08,0.08,1.0,1.0,2.0,2.0,1.0,0,False,11.036263465881348
/agv3/capability_report,1788412778.826378,1788412778.8217816,3,388242,0.08,0.08,1.0,1.0,2.0,2.0,1.0,0,False,11.75428581237793
/agv1/capability_report,1788412778.8266485,1788412778.826561,1,389577,0.08,0.08,1.0,1.0,2.0,2.0,1.0,0,False,11.036263465881348
/agv2/capability_report,1788412778.827924,1788412778.8218656,2,389128,0.08,0.08,1.0,1.0,2.0,2.0,1.0,0,False,11.665640830993652
/agv3/capability_report,1788412778.8342798,1788412778.8297791,3,388243,0.08,0.08,1.0,1.0,2.0,2.0,1.0,0,False,11.75428581237793
/agv2/capability_report,1788412778.8359036,1788412778.829921,2,389129,0.08,0.08,1.0,1.0,2.0,2.0,1.0,0,False,11.665640830993652
/agv1/capability_report,1788412778.838713,1788412778.8385603,1,389578,0.08,0.08,1.0,1.0,2.0,2.0,1.0,0,False,11.036263465881348
/agv3/capability_report,1788412778.846428,1788412778.8417928,3,388244,0.08,0.08,1.0,1.0,2.0,2.0,1.0,0,False,11.75428581237793
/agv1/capability_report,1788412778.8466907,1788412778.846568,1,389579,0.08,0.08,1.0,1.0,2.0,2.0,1.0,0,False,11.036263465881348
/agv2/capability_report,1788412778.8481908,1788412778.841874,2,389130,0.08,0.08,1.0,1.0,2.0,2.0,1.0,0,False,11.665640830993652
/agv2/capability_report,1788412778.8561609,1788412778.8498704,2,389131,0.08,0.08,1.0,1.0,2.0,2.0,1.0,0,False,11.665640830993652
/agv3/capability_report,1788412778.8562045,1788412778.849796,3,388245,0.08,0.08,1.0,1.0,2.0,2.0,1.0,0,False,11.75428581237793
/agv1/capability_report,1788412778.8588321,1788412778.858596,1,389580,0.08,0.08,1.0,1.0,2.0,2.0,1.0,0,False,11.036263465881348
/agv3/capability_report,1788412778.8662512,1788412778.8617911,3,388246,0.08,0.08,1.0,1.0,2.0,2.0,1.0,0,False,11.75428581237793
/agv1/capability_report,1788412778.8666863,1788412778.8665545,1,389581,0.08,0.08,1.0,1.0,2.0,2.0,1.0,0,False,11.036263465881348
/agv2/capability_report,1788412778.8680022,1788412778.8618512,2,389132,0.08,0.08,1.0,1.0,2.0,2.0,1.0,0,False,11.665640830993652
/agv2/capability_report,1788412778.875295,1788412778.8698764,2,389133,0.08,0.08,1.0,1.0,2.0,2.0,1.0,0,False,11.665640830993652
/agv3/capability_report,1788412778.8768828,1788412778.8697827,3,388247,0.08,0.08,1.0,1.0,2.0,2.0,1.0,0,False,11.75428581237793
/agv1/capability_report,1788412778.8788016,1788412778.8786101,1,389582,0.08,0.08,1.0,1.0,2.0,2.0,1.0,0,False,11.036263465881348
/agv3/capability_report,1788412778.8863413,1788412778.8817978,3,388248,0.08,0.08,1.0,1.0,2.0,2.0,1.0,0,False,11.75428581237793
/agv1/capability_report,1788412778.8866713,1788412778.8866086,1,389583,0.08,0.08,1.0,1.0,2.0,2.0,1.0,0,False,11.036263465881348
/agv2/capability_report,1788412778.8873732,1788412778.881869,2,389134,0.08,0.08,1.0,1.0,2.0,2.0,1.0,0,False,11.665640830993652
/agv3/capability_report,1788412778.8944564,1788412778.8897727,3,388249,0.08,0.08,1.0,1.0,2.0,2.0,1.0,0,False,11.75428581237793
/agv2/capability_report,1788412778.8957891,1788412778.8898723,2,389135,0.08,0.08,1.0,1.0,2.0,2.0,1.0,0,False,11.665640830993652
/agv1/capability_report,1788412778.8988068,1788412778.8985922,1,389584,0.08,0.08,1.0,1.0,2.0,2.0,1.0,0,False,11.036263465881348
/agv3/capability_report,1788412778.9062953,1788412778.9017873,3,388250,0.08,0.08,1.0,1.0,2.0,2.0,1.0,0,False,11.75428581237793
/agv1/capability_report,1788412778.9066122,1788412778.9065645,1,389585,0.08,0.08,1.0,1.0,2.0,2.0,1.0,0,False,11.16036605834961
/agv2/capability_report,1788412778.9072137,1788412778.9018645,2,389136,0.08,0.08,1.0,1.0,2.0,2.0,1.0,0,False,11.665640830993652
/agv3/capability_report,1788412778.9157128,1788412778.9097984,3,388251,0.08,0.08,1.0,1.0,2.0,2.0,1.0,0,False,11.75428581237793
/agv2/capability_report,1788412778.9177597,1788412778.909868,2,389137,0.08,0.08,1.0,1.0,2.0,2.0,1.0,0,False,11.665640830993652
/agv1/capability_report,1788412778.918778,1788412778.918602,1,389586,0.08,0.08,1.0,1.0,2.0,2.0,1.0,0,False,11.16036605834961
/agv3/capability_report,1788412778.926422,1788412778.921777,3,388252,0.08,0.08,1.0,1.0,2.0,2.0,1.0,0,False,11.75428581237793
/agv1/capability_report,1788412778.9266186,1788412778.9265563,1,389587,0.08,0.08,1.0,1.0,2.0,2.0,1.0,0,False,11.16036605834961
/agv2/capability_report,1788412778.9270358,1788412778.9218693,2,389138,0.08,0.08,1.0,1.0,2.0,2.0,1.0,0,False,11.665640830993652
/agv2/capability_report,1788412778.936021,1788412778.9298673,2,389139,0.08,0.08,1.0,1.0,2.0,2.0,1.0,0,False,11.665640830993652
/agv3/capability_report,1788412778.93772,1788412778.9297824,3,388253,0.08,0.08,1.0,1.0,2.0,2.0,1.0,0,False,11.75428581237793
/agv1/capability_report,1788412778.938739,1788412778.9386132,1,389588,0.08,0.08,1.0,1.0,2.0,2.0,1.0,0,False,11.16036605834961
/agv3/capability_report,1788412778.9463391,1788412778.9418018,3,388254,0.08,0.08,1.0,1.0,2.0,2.0,1.0,0,False,11.75428581237793
/agv1/capability_report,1788412778.946705,1788412778.9465976,1,389589,0.08,0.08,1.0,1.0,2.0,2.0,1.0,0,False,11.16036605834961
/agv2/capability_report,1788412778.9474862,1788412778.9418817,2,389140,0.08,0.08,1.0,1.0,2.0,2.0,1.0,0,False,11.665640830993652
/agv3/capability_report,1788412778.9544399,1788412778.949783,3,388255,0.08,0.08,1.0,1.0,2.0,2.0,1.0,0,False,11.807472229003906
/agv2/capability_report,1788412778.9555528,1788412778.949919,2,389141,0.08,0.08,1.0,1.0,2.0,2.0,1.0,0,False,11.665640830993652
/agv1/capability_report,1788412778.9588575,1788412778.9587405,1,389590,0.08,0.08,1.0,1.0,2.0,2.0,1.0,0,False,11.16036605834961
/agv1/capability_report,1788412778.9666293,1788412778.9665785,1,389591,0.08,0.08,1.0,1.0,2.0,2.0,1.0,0,False,11.16036605834961
/agv3/capability_report,1788412778.9678135,1788412778.9617877,3,388256,0.08,0.08,1.0,1.0,2.0,2.0,1.0,0,False,11.807472229003906
/agv3/capability_report,1788412778.9747944,1788412778.9697912,3,388257,0.08,0.08,1.0,1.0,2.0,2.0,1.0,0,False,11.807472229003906
/agv1/capability_report,1788412778.9786482,1788412778.978565,1,389592,0.08,0.08,1.0,1.0,2.0,2.0,1.0,0,False,11.16036605834961
/agv2/capability_report,1788412778.9790568,1788412778.9618754,2,389142,0.08,0.08,1.0,1.0,2.0,2.0,1.0,0,False,11.665640830993652
/agv2/capability_report,1788412778.982574,1788412778.9698915,2,389143,0.08,0.08,1.0,1.0,2.0,2.0,1.0,0,False,11.665640830993652
/agv1/capability_report,1788412778.9866242,1788412778.9865692,1,389593,0.08,0.08,1.0,1.0,2.0,2.0,1.0,0,False,11.16036605834961
/agv3/capability_report,1788412778.9898255,1788412778.98182,3,388258,0.08,0.08,1.0,1.0,2.0,2.0,1.0,0,False,11.807472229003906
/agv2/capability_report,1788412778.9917054,1788412778.9818594,2,389144,0.08,0.08,1.0,1.0,2.0,2.0,1.0,0,False,11.60359001159668
/agv3/capability_report,1788412778.994666,1788412778.989781,3,388259,0.08,0.08,1.0,1.0,2.0,2.0,1.0,0,False,11.807472229003906
/agv2/capability_report,1788412778.9959238,1788412778.9898899,2,389145,0.08,0.08,1.0,1.0,2.0,2.0,1.0,0,False,11.60359001159668
/agv1/capability_report,1788412778.99875,1788412778.9986324,1,389594,0.08,0.08,1.0,1.0,2.0,2.0,1.0,0,False,11.16036605834961
/agv3/capability_report,1788412779.006452,1788412779.001773,3,388260,0.08,0.08,1.0,1.0,2.0,2.0,1.0,0,False,11.807472229003906
/agv1/capability_report,1788412779.006649,1788412779.006603,1,389595,0.08,0.08,1.0,1.0,2.0,2.0,1.0,0,False,11.16036605834961
/agv2/capability_report,1788412779.0081477,1788412779.0018709,2,389146,0.08,0.08,1.0,1.0,2.0,2.0,1.0,0,False,11.60359001159668
/agv3/capability_report,1788412779.0143535,1788412779.0097942,3,388261,0.08,0.08,1.0,1.0,2.0,2.0,1.0,0,False,11.807472229003906
/agv2/capability_report,1788412779.0185163,1788412779.0098722,2,389147,0.08,0.08,1.0,1.0,2.0,2.0,1.0,0,False,11.60359001159668
/agv1/capability_report,1788412779.0187192,1788412779.0186076,1,389596,0.08,0.08,1.0,1.0,2.0,2.0,1.0,0,False,11.16036605834961
/agv1/capability_report,1788412779.0267117,1788412779.0266469,1,389597,0.08,0.08,1.0,1.0,2.0,2.0,1.0,0,False,11.16036605834961
/agv2/capability_report,1788412779.0280821,1788412779.0218477,2,389148,0.08,0.08,1.0,1.0,2.0,2.0,1.0,0,False,11.60359001159668
/agv3/capability_report,1788412779.0281394,1788412779.0217717,3,388262,0.08,0.08,1.0,1.0,2.0,2.0,1.0,0,False,11.807472229003906
/agv2/capability_report,1788412779.0373456,1788412779.029868,2,389149,0.08,0.08,1.0,1.0,2.0,2.0,1.0,0,False,11.60359001159668
/agv3/capability_report,1788412779.0373924,1788412779.0297945,3,388263,0.08,0.08,1.0,1.0,2.0,2.0,1.0,0,False,11.807472229003906
/agv1/capability_report,1788412779.0388405,1788412779.0387013,1,389598,0.08,0.08,1.0,1.0,2.0,2.0,1.0,0,False,11.16036605834961
/agv3/capability_report,1788412779.0464292,1788412779.0418358,3,388264,0.08,0.08,1.0,1.0,2.0,2.0,1.0,0,False,11.807472229003906
/agv1/capability_report,1788412779.0466316,1788412779.0465853,1,389599,0.08,0.08,1.0,1.0,2.0,2.0,1.0,0,False,11.16036605834961
/agv2/capability_report,1788412779.048217,1788412779.04187,2,389150,0.08,0.08,1.0,1.0,2.0,2.0,1.0,0,False,11.60359001159668
/agv3/capability_report,1788412779.0546389,1788412779.0497844,3,388265,0.08,0.08,1.0,1.0,2.0,2.0,1.0,0,False,11.807472229003906
/agv2/capability_report,1788412779.0562017,1788412779.049876,2,389151,0.08,0.08,1.0,1.0,2.0,2.0,1.0,0,False,11.60359001159668
/agv1/capability_report,1788412779.0586603,1788412779.0585656,1,389600,0.08,0.08,1.0,1.0,2.0,2.0,1.0,0,False,11.16036605834961
/agv3/capability_report,1788412779.0662358,1788412779.0617855,3,388266,0.08,0.08,1.0,1.0,2.0,2.0,1.0,0,False,11.807472229003906
/agv1/capability_report,1788412779.0666635,1788412779.0665603,1,389601,0.08,0.08,1.0,1.0,2.0,2.0,1.0,0,False,11.00967025756836
/agv2/capability_report,1788412779.067407,1788412779.0618553,2,389152,0.08,0.08,1.0,1.0,2.0,2.0,1.0,0,False,11.60359001159668
/agv3/capability_report,1788412779.0742896,1788412779.0698726,3,388267,0.08,0.08,1.0,1.0,2.0,2.0,1.0,0,False,11.807472229003906
/agv2/capability_report,1788412779.0763621,1788412779.0698726,2,389153,0.08,0.08,1.0,1.0,2.0,2.0,1.0,0,False,11.60359001159668
/agv1/capability_report,1788412779.078651,1788412779.0785596,1,389602,0.08,0.08,1.0,1.0,2.0,2.0,1.0,0,False,11.00967025756836
/agv3/capability_report,1788412779.0862865,1788412779.081782,3,388268,0.08,0.08,1.0,1.0,2.0,2.0,1.0,0,False,11.807472229003906
/agv1/capability_report,1788412779.0867105,1788412779.086637,1,389603,0.08,0.08,1.0,1.0,2.0,2.0,1.0,0,False,11.00967025756836
/agv2/capability_report,1788412779.0875592,1788412779.081872,2,389154,0.08,0.08,1.0,1.0,2.0,2.0,1.0,0,False,11.60359001159668
/agv3/capability_report,1788412779.09575,1788412779.0897703,3,388269,0.08,0.08,1.0,1.0,2.0,2.0,1.0,0,False,11.807472229003906
/agv2/capability_report,1788412779.0957856,1788412779.0898678,2,389155,0.08,0.08,1.0,1.0,2.0,2.0,1.0,0,False,11.60359001159668
/agv1/capability_report,1788412779.0986443,1788412779.0985713,1,389604,0.08,0.08,1.0,1.0,2.0,2.0,1.0,0,False,11.00967025756836
/agv1/capability_report,1788412779.1066372,1788412779.1065667,1,389605,0.08,0.08,1.0,1.0,2.0,2.0,1.0,0,False,11.00967025756836
/agv3/capability_report,1788412779.1067138,1788412779.1018217,3,388270,0.08,0.08,1.0,1.0,2.0,2.0,1.0,0,False,11.807472229003906
/agv2/capability_report,1788412779.108132,1788412779.101855,2,389156,0.08,0.08,1.0,1.0,2.0,2.0,1.0,0,False,11.60359001159668
/agv3/capability_report,1788412779.1150367,1788412779.109796,3,388271,0.08,0.08,1.0,1.0,2.0,2.0,1.0,0,False,11.683369636535645
/agv2/capability_report,1788412779.1150758,1788412779.109861,2,389157,0.08,0.08,1.0,1.0,2.0,2.0,1.0,0,False,11.60359001159668
/agv1/capability_report,1788412779.1186492,1788412779.1185646,1,389606,0.08,0.08,1.0,1.0,2.0,2.0,1.0,0,False,11.00967025756836
/agv3/capability_report,1788412779.126299,1788412779.1217816,3,388272,0.08,0.08,1.0,1.0,2.0,2.0,1.0,0,False,11.683369636535645
/agv1/capability_report,1788412779.1267211,1788412779.1265604,1,389607,0.08,0.08,1.0,1.0,2.0,2.0,1.0,0,False,11.00967025756836
/agv2/capability_report,1788412779.1310787,1788412779.1218724,2,389158,0.08,0.08,1.0,1.0,2.0,2.0,1.0,0,False,11.60359001159668
/agv3/capability_report,1788412779.134912,1788412779.1297805,3,388273,0.08,0.08,1.0,1.0,2.0,2.0,1.0,0,False,11.683369636535645
/agv2/capability_report,1788412779.1368809,1788412779.1298735,2,389159,0.08,0.08,1.0,1.0,2.0,2.0,1.0,0,False,11.60359001159668
/agv1/capability_report,1788412779.1387587,1788412779.1386156,1,389608,0.08,0.08,1.0,1.0,2.0,2.0,1.0,0,False,11.00967025756836
/agv3/capability_report,1788412779.1463668,1788412779.1417973,3,388274,0.08,0.08,1.0,1.0,2.0,2.0,1.0,0,False,11.683369636535645
/agv1/capability_report,1788412779.1466725,1788412779.1465747,1,389609,0.08,0.08,1.0,1.0,2.0,2.0,1.0,0,False,11.00967025756836
/agv2/capability_report,1788412779.1471498,1788412779.1417344,2,389160,0.08,0.08,1.0,1.0,2.0,2.0,1.0,0,False,11.683369636535645
/agv3/capability_report,1788412779.1552553,1788412779.149781,3,388275,0.08,0.08,1.0,1.0,2.0,2.0,1.0,0,False,11.683369636535645
/agv2/capability_report,1788412779.1552682,1788412779.1498773,2,389161,0.08,0.08,1.0,1.0,2.0,2.0,1.0,0,False,11.683369636535645
/agv1/capability_report,1788412779.15871,1788412779.158614,1,389610,0.08,0.08,1.0,1.0,2.0,2.0,1.0,0,False,11.00967025756836
/agv3/capability_report,1788412779.1662393,1788412779.1618018,3,388276,0.08,0.08,1.0,1.0,2.0,2.0,1.0,0,False,11.683369636535645
/agv1/capability_report,1788412779.1666858,1788412779.1665695,1,389611,0.08,0.08,1.0,1.0,2.0,2.0,1.0,0,False,11.00967025756836
/agv2/capability_report,1788412779.167834,1788412779.161876,2,389162,0.08,0.08,1.0,1.0,2.0,2.0,1.0,0,False,11.683369636535645
/agv3/capability_report,1788412779.1742606,1788412779.169784,3,388277,0.08,0.08,1.0,1.0,2.0,2.0,1.0,0,False,11.683369636535645
/agv2/capability_report,1788412779.1764245,1788412779.1698756,2,389163,0.08,0.08,1.0,1.0,2.0,2.0,1.0,0,False,11.683369636535645
/agv1/capability_report,1788412779.1788003,1788412779.1785743,1,389612,0.08,0.08,1.0,1.0,2.0,2.0,1.0,0,False,11.00967025756836
/agv3/capability_report,1788412779.1862888,1788412779.181779,3,388278,0.08,0.08,1.0,1.0,2.0,2.0,1.0,0,False,11.683369636535645
/agv1/capability_report,1788412779.1867545,1788412779.186568,1,389613,0.08,0.08,1.0,1.0,2.0,2.0,1.0,0,False,11.00967025756836
/agv2/capability_report,1788412779.1871586,1788412779.1817327,2,389164,0.08,0.08,1.0,1.0,2.0,2.0,1.0,0,False,11.683369636535645
/agv3/capability_report,1788412779.1950371,1788412779.189765,3,388279,0.08,0.08,1.0,1.0,2.0,2.0,1.0,0,False,11.683369636535645
/agv2/capability_report,1788412779.1951704,1788412779.1898737,2,389165,0.08,0.08,1.0,1.0,2.0,2.0,1.0,0,False,11.683369636535645
/agv1/capability_report,1788412779.1987448,1788412779.1985955,1,389614,0.08,0.08,1.0,1.0,2.0,2.0,1.0,0,False,11.00967025756836
/agv1/capability_report,1788412779.206753,1788412779.2065856,1,389615,0.08,0.08,1.0,1.0,2.0,2.0,1.0,0,False,11.00967025756836
/agv2/capability_report,1788412779.2071166,1788412779.201919,2,389166,0.08,0.08,1.0,1.0,2.0,2.0,1.0,0,False,11.683369636535645
/agv3/capability_report,1788412779.2097232,1788412779.201797,3,388280,0.08,0.08,1.0,1.0,2.0,2.0,1.0,0,False,11.683369636535645
/agv2/capability_report,1788412779.2172127,1788412779.2098684,2,389167,0.08,0.08,1.0,1.0,2.0,2.0,1.0,0,False,11.683369636535645
/agv3/capability_report,1788412779.2178843,1788412779.2098048,3,388281,0.08,0.08,1.0,1.0,2.0,2.0,1.0,0,False,11.683369636535645
/agv1/capability_report,1788412779.2187397,1788412779.2185612,1,389616,0.08,0.08,1.0,1.0,2.0,2.0,1.0,0,False,11.00967025756836
/agv3/capability_report,1788412779.2264054,1788412779.2218006,3,388282,0.08,0.08,1.0,1.0,2.0,2.0,1.0,0,False,11.683369636535645
/agv1/capability_report,1788412779.226666,1788412779.2265522,1,389617,0.08,0.08,1.0,1.0,2.0,2.0,1.0,0,False,11.169230461120605
/agv2/capability_report,1788412779.228035,1788412779.2217355,2,389168,0.08,0.08,1.0,1.0,2.0,2.0,1.0,0,False,11.683369636535645
/agv3/capability_report,1788412779.2344816,1788412779.229838,3,388283,0.08,0.08,1.0,1.0,2.0,2.0,1.0,0,False,11.683369636535645
/agv2/capability_report,1788412779.235675,1788412779.2298758,2,389169,0.08,0.08,1.0,1.0,2.0,2.0,1.0,0,False,11.683369636535645
/agv1/capability_report,1788412779.2387946,1788412779.238595,1,389618,0.08,0.08,1.0,1.0,2.0,2.0,1.0,0,False,11.169230461120605
/agv1/capability_report,1788412779.2466598,1788412779.2465615,1,389619,0.08,0.08,1.0,1.0,2.0,2.0,1.0,0,False,11.169230461120605
/agv2/capability_report,1788412779.2480965,1788412779.2418697,2,389170,0.08,0.08,1.0,1.0,2.0,2.0,1.0,0,False,11.683369636535645
/agv3/capability_report,1788412779.2481084,1788412779.2417982,3,388284,0.08,0.08,1.0,1.0,2.0,2.0,1.0,0,False,11.683369636535645
/agv2/capability_report,1788412779.2586908,1788412779.2498777,2,389171,0.08,0.08,1.0,1.0,2.0,2.0,1.0,0,False,11.683369636535645
/agv1/capability_report,1788412779.2587557,1788412779.2585971,1,389620,0.08,0.08,1.0,1.0,2.0,2.0,1.0,0,False,11.169230461120605
/agv3/capability_report,1788412779.2609384,1788412779.2497647,3,388285,0.08,0.08,1.0,1.0,2.0,2.0,1.0,0,False,11.683369636535645
/agv3/capability_report,1788412779.2663074,1788412779.2617743,3,388286,0.08,0.08,1.0,1.0,2.0,2.0,1.0,0,False,11.683369636535645
/agv1/capability_report,1788412779.26667,1788412779.2665575,1,389621,0.08,0.08,1.0,1.0,2.0,2.0,1.0,0,False,11.169230461120605
/agv2/capability_report,1788412779.2670102,1788412779.2617357,2,389172,0.08,0.08,1.0,1.0,2.0,2.0,1.0,0,False,11.683369636535645
/agv2/capability_report,1788412779.2757514,1788412779.269872,2,389173,0.08,0.08,1.0,1.0,2.0,2.0,1.0,0,False,11.683369636535645
/agv1/capability_report,1788412779.2788167,1788412779.2786112,1,389622,0.08,0.08,1.0,1.0,2.0,2.0,1.0,0,False,11.169230461120605
/agv3/capability_report,1788412779.2791452,1788412779.2697854,3,388287,0.08,0.08,1.0,1.0,2.0,2.0,1.0,0,False,11.727692604064941
/agv3/capability_report,1788412779.2862663,1788412779.2817752,3,388288,0.08,0.08,1.0,1.0,2.0,2.0,1.0,0,False,11.727692604064941
/agv1/capability_report,1788412779.286604,1788412779.286559,1,389623,0.08,0.08,1.0,1.0,2.0,2.0,1.0,0,False,11.169230461120605
/agv2/capability_report,1788412779.2868798,1788412779.2818723,2,389174,0.08,0.08,1.0,1.0,2.0,2.0,1.0,0,False,11.683369636535645
/agv3/capability_report,1788412779.2942436,1788412779.289775,3,388289,0.08,0.08,1.0,1.0,2.0,2.0,1.0,0,False,11.727692604064941
/agv2/capability_report,1788412779.2958329,1788412779.28985,2,389175,0.08,0.08,1.0,1.0,2.0,2.0,1.0,0,False,11.683369636535645
/agv1/capability_report,1788412779.2987134,1788412779.2985556,1,389624,0.08,0.08,1.0,1.0,2.0,2.0,1.0,0,False,11.169230461120605
/agv3/capability_report,1788412779.3065145,1788412779.3017762,3,388290,0.08,0.08,1.0,1.0,2.0,2.0,1.0,0,False,11.727692604064941
/agv1/capability_report,1788412779.3066409,1788412779.306562,1,389625,0.08,0.08,1.0,1.0,2.0,2.0,1.0,0,False,11.169230461120605
/agv2/capability_report,1788412779.307439,1788412779.3017342,2,389176,0.08,0.08,1.0,1.0,2.0,2.0,1.0,0,False,11.665640830993652
/agv3/capability_report,1788412779.3143153,1788412779.3097951,3,388291,0.08,0.08,1.0,1.0,2.0,2.0,1.0,0,False,11.727692604064941
/agv2/capability_report,1788412779.315356,1788412779.3098745,2,389177,0.08,0.08,1.0,1.0,2.0,2.0,1.0,0,False,11.665640830993652
/agv1/capability_report,1788412779.3188117,1788412779.3185973,1,389626,0.08,0.08,1.0,1.0,2.0,2.0,1.0,0,False,11.169230461120605
/agv3/capability_report,1788412779.3264062,1788412779.321779,3,388292,0.08,0.08,1.0,1.0,2.0,2.0,1.0,0,False,11.727692604064941
/agv1/capability_report,1788412779.326676,1788412779.3265796,1,389627,0.08,0.08,1.0,1.0,2.0,2.0,1.0,0,False,11.169230461120605
/agv2/capability_report,1788412779.3269897,1788412779.3218718,2,389178,0.08,0.08,1.0,1.0,2.0,2.0,1.0,0,False,11.665640830993652
/agv3/capability_report,1788412779.3349757,1788412779.3297372,3,388293,0.08,0.08,1.0,1.0,2.0,2.0,1.0,0,False,11.727692604064941
/agv2/capability_report,1788412779.3351867,1788412779.3298786,2,389179,0.08,0.08,1.0,1.0,2.0,2.0,1.0,0,False,11.665640830993652
/agv1/capability_report,1788412779.3387399,1788412779.3386147,1,389628,0.08,0.08,1.0,1.0,2.0,2.0,1.0,0,False,11.169230461120605
/agv3/capability_report,1788412779.3464172,1788412779.3418016,3,388294,0.08,0.08,1.0,1.0,2.0,2.0,1.0,0,False,11.727692604064941
/agv1/capability_report,1788412779.3467474,1788412779.3465528,1,389629,0.08,0.08,1.0,1.0,2.0,2.0,1.0,0,False,11.169230461120605
/agv2/capability_report,1788412779.3475575,1788412779.341734,2,389180,0.08,0.08,1.0,1.0,2.0,2.0,1.0,0,False,11.665640830993652
/agv3/capability_report,1788412779.3550143,1788412779.3498018,3,388295,0.08,0.08,1.0,1.0,2.0,2.0,1.0,0,False,11.727692604064941
/agv2/capability_report,1788412779.3556445,1788412779.3498752,2,389181,0.08,0.08,1.0,1.0,2.0,2.0,1.0,0,False,11.665640830993652
/agv1/capability_report,1788412779.3588214,1788412779.358596,1,389630,0.08,0.08,1.0,1.0,2.0,2.0,1.0,0,False,11.169230461120605
/agv3/capability_report,1788412779.3664887,1788412779.361804,3,388296,0.08,0.08,1.0,1.0,2.0,2.0,1.0,0,False,11.727692604064941
/agv1/capability_report,1788412779.3667245,1788412779.3666222,1,389631,0.08,0.08,1.0,1.0,2.0,2.0,1.0,0,False,11.169230461120605
/agv2/capability_report,1788412779.3674278,1788412779.361918,2,389182,0.08,0.08,1.0,1.0,2.0,2.0,1.0,0,False,11.665640830993652
/agv3/capability_report,1788412779.3755913,1788412779.3697538,3,388297,0.08,0.08,1.0,1.0,2.0,2.0,1.0,0,False,11.727692604064941
/agv2/capability_report,1788412779.3756428,1788412779.3698478,2,389183,0.08,0.08,1.0,1.0,2.0,2.0,1.0,0,False,11.665640830993652
/agv1/capability_report,1788412779.3788073,1788412779.378572,1,389632,0.08,0.08,1.0,1.0,2.0,2.0,1.0,0,False,11.169230461120605
/agv3/capability_report,1788412779.3865623,1788412779.3817797,3,388298,0.08,0.08,1.0,1.0,2.0,2.0,1.0,0,False,11.727692604064941
/agv1/capability_report,1788412779.3866441,1788412779.3865724,1,389633,0.08,0.08,1.0,1.0,2.0,2.0,1.0,0,False,11.24014663696289
/agv2/capability_report,1788412779.388254,1788412779.3817346,2,389184,0.08,0.08,1.0,1.0,2.0,2.0,1.0,0,False,11.665640830993652
/agv3/capability_report,1788412779.394327,1788412779.3897784,3,388299,0.08,0.08,1.0,1.0,2.0,2.0,1.0,0,False,11.727692604064941
/agv2/capability_report,1788412779.3951223,1788412779.3898613,2,389185,0.08,0.08,1.0,1.0,2.0,2.0,1.0,0,False,11.665640830993652
/agv1/capability_report,1788412779.3989096,1788412779.398734,1,389634,0.08,0.08,1.0,1.0,2.0,2.0,1.0,0,False,11.24014663696289
/agv1/capability_report,1788412779.4066305,1788412779.4065597,1,389635,0.08,0.08,1.0,1.0,2.0,2.0,1.0,0,False,11.24014663696289
/agv3/capability_report,1788412779.4069517,1788412779.4017735,3,388300,0.08,0.08,1.0,1.0,2.0,2.0,1.0,0,False,11.727692604064941
/agv2/capability_report,1788412779.4070296,1788412779.4018722,2,389186,0.08,0.08,1.0,1.0,2.0,2.0,1.0,0,False,11.665640830993652
/agv3/capability_report,1788412779.4151392,1788412779.409757,3,388301,0.08,0.08,1.0,1.0,2.0,2.0,1.0,0,False,11.727692604064941
/agv2/capability_report,1788412779.415182,1788412779.4098713,2,389187,0.08,0.08,1.0,1.0,2.0,2.0,1.0,0,False,11.665640830993652
/agv1/capability_report,1788412779.418878,1788412779.4186826,1,389636,0.08,0.08,1.0,1.0,2.0,2.0,1.0,0,False,11.24014663696289
/agv1/capability_report,1788412779.4268496,1788412779.4266093,1,389637,0.08,0.08,1.0,1.0,2.0,2.0,1.0,0,False,11.24014663696289
/agv2/capability_report,1788412779.427812,1788412779.4217339,2,389188,0.08,0.08,1.0,1.0,2.0,2.0,1.0,0,False,11.665640830993652
/agv3/capability_report,1788412779.427818,1788412779.4217842,3,388302,0.08,0.08,1.0,1.0,2.0,2.0,1.0,0,False,11.727692604064941
/agv3/capability_report,1788412779.435017,1788412779.429777,3,388303,0.08,0.08,1.0,1.0,2.0,2.0,1.0,0,False,11.665640830993652
/agv2/capability_report,1788412779.4361494,1788412779.429874,2,389189,0.08,0.08,1.0,1.0,2.0,2.0,1.0,0,False,11.665640830993652
/agv1/capability_report,1788412779.4388828,1788412779.4386692,1,389638,0.08,0.08,1.0,1.0,2.0,2.0,1.0,0,False,11.24014663696289
/agv1/capability_report,1788412779.4467175,1788412779.4465742,1,389639,0.08,0.08,1.0,1.0,2.0,2.0,1.0,0,False,11.24014663696289
/agv3/capability_report,1788412779.446844,1788412779.4417956,3,388304,0.08,0.08,1.0,1.0,2.0,2.0,1.0,0,False,11.665640830993652
/agv2/capability_report,1788412779.4480245,1788412779.4418747,2,389190,0.08,0.08,1.0,1.0,2.0,2.0,1.0,0,False,11.665640830993652
/agv3/capability_report,1788412779.4556277,1788412779.4497726,3,388305,0.08,0.08,1.0,1.0,2.0,2.0,1.0,0,False,11.665640830993652
/agv2/capability_report,1788412779.4572687,1788412779.449835,2,389191,0.08,0.08,1.0,1.0,2.0,2.0,1.0,0,False,11.665640830993652
/agv1/capability_report,1788412779.4589162,1788412779.4587069,1,389640,0.08,0.08,1.0,1.0,2.0,2.0,1.0,0,False,11.24014663696289
/agv3/capability_report,1788412779.4664915,1788412779.461778,3,388306,0.08,0.08,1.0,1.0,2.0,2.0,1.0,0,False,11.665640830993652
/agv1/capability_report,1788412779.466623,1788412779.466571,1,389641,0.08,0.08,1.0,1.0,2.0,2.0,1.0,0,False,11.24014663696289
/agv2/capability_report,1788412779.4679327,1788412779.4617336,2,389192,0.08,0.08,1.0,1.0,2.0,2.0,1.0,0,False,11.69223403930664
/agv3/capability_report,1788412779.4743915,1788412779.4697816,3,388307,0.08,0.08,1.0,1.0,2.0,2.0,1.0,0,False,11.665640830993652
/agv2/capability_report,1788412779.4761653,1788412779.4698758,2,389193,0.08,0.08,1.0,1.0,2.0,2.0,1.0,0,False,11.69223403930664
/agv1/capability_report,1788412779.4788043,1788412779.4786046,1,389642,0.08,0.08,1.0,1.0,2.0,2.0,1.0,0,False,11.24014663696289
/agv1/capability_report,1788412779.4866223,1788412779.4865603,1,389643,0.08,0.08,1.0,1.0,2.0,2.0,1.0,0,False,11.24014663696289
/agv2/capability_report,1788412779.488487,1788412779.4818819,2,389194,0.08,0.08,1.0,1.0,2.0,2.0,1.0,0,False,11.69223403930664
/agv3/capability_report,1788412779.4884887,1788412779.4817836,3,388308,0.08,0.08,1.0,1.0,2.0,2.0,1.0,0,False,11.665640830993652
/agv3/capability_report,1788412779.4952846,1788412779.4897861,3,388309,0.08,0.08,1.0,1.0,2.0,2.0,1.0,0,False,11.665640830993652
/agv2/capability_report,1788412779.4953053,1788412779.489875,2,389195,0.08,0.08,1.0,1.0,2.0,2.0,1.0,0,False,11.69223403930664
/agv1/capability_report,1788412779.4987252,1788412779.498609,1,389644,0.08,0.08,1.0,1.0,2.0,2.0,1.0,0,False,11.24014663696289
/agv3/capability_report,1788412779.506354,1788412779.5018353,3,388310,0.08,0.08,1.0,1.0,2.0,2.0,1.0,0,False,11.665640830993652
/agv1/capability_report,1788412779.50661,1788412779.5065582,1,389645,0.08,0.08,1.0,1.0,2.0,2.0,1.0,0,False,11.24014663696289
/agv2/capability_report,1788412779.5080037,1788412779.5017335,2,389196,0.08,0.08,1.0,1.0,2.0,2.0,1.0,0,False,11.69223403930664
/agv3/capability_report,1788412779.514685,1788412779.5098073,3,388311,0.08,0.08,1.0,1.0,2.0,2.0,1.0,0,False,11.665640830993652
/agv2/capability_report,1788412779.5161881,1788412779.509874,2,389197,0.08,0.08,1.0,1.0,2.0,2.0,1.0,0,False,11.69223403930664
/agv1/capability_report,1788412779.5186698,1788412779.518593,1,389646,0.08,0.08,1.0,1.0,2.0,2.0,1.0,0,False,11.24014663696289
/agv3/capability_report,1788412779.5263114,1788412779.52178,3,388312,0.08,0.08,1.0,1.0,2.0,2.0,1.0,0,False,11.665640830993652
/agv1/capability_report,1788412779.5266533,1788412779.5265536,1,389647,0.08,0.08,1.0,1.0,2.0,2.0,1.0,0,False,11.24014663696289
/agv2/capability_report,1788412779.5273943,1788412779.521875,2,389198,0.08,0.08,1.0,1.0,2.0,2.0,1.0,0,False,11.69223403930664
/agv3/capability_report,1788412779.5343344,1788412779.5297647,3,388313,0.08,0.08,1.0,1.0,2.0,2.0,1.0,0,False,11.665640830993652
/agv2/capability_report,1788412779.536488,1788412779.5299006,2,389199,0.08,0.08,1.0,1.0,2.0,2.0,1.0,0,False,11.69223403930664
/agv1/capability_report,1788412779.5386088,1788412779.538563,1,389648,0.08,0.08,1.0,1.0,2.0,2.0,1.0,0,False,11.24014663696289
/agv1/capability_report,1788412779.5467002,1788412779.5465875,1,389649,0.08,0.08,1.0,1.0,2.0,2.0,1.0,0,False,11.178094863891602
/agv2/capability_report,1788412779.547638,1788412779.5417347,2,389200,0.08,0.08,1.0,1.0,2.0,2.0,1.0,0,False,11.69223403930664
/agv3/capability_report,1788412779.5476494,1788412779.5417817,3,388314,0.08,0.08,1.0,1.0,2.0,2.0,1.0,0,False,11.665640830993652
/agv3/capability_report,1788412779.554336,1788412779.5497777,3,388315,0.08,0.08,1.0,1.0,2.0,2.0,1.0,0,False,11.665640830993652
/agv2/capability_report,1788412779.5556364,1788412779.5498753,2,389201,0.08,0.08,1.0,1.0,2.0,2.0,1.0,0,False,11.69223403930664
/agv1/capability_report,1788412779.558821,1788412779.5586073,1,389650,0.08,0.08,1.0,1.0,2.0,2.0,1.0,0,False,11.178094863891602
/agv3/capability_report,1788412779.566291,1788412779.5617948,3,388316,0.08,0.08,1.0,1.0,2.0,2.0,1.0,0,False,11.665640830993652
/agv1/capability_report,1788412779.566763,1788412779.5665636,1,389651,0.08,0.08,1.0,1.0,2.0,2.0,1.0,0,False,11.178094863891602
/agv2/capability_report,1788412779.567398,1788412779.5618684,2,389202,0.08,0.08,1.0,1.0,2.0,2.0,1.0,0,False,11.69223403930664
/agv2/capability_report,1788412779.5756385,1788412779.569868,2,389203,0.08,0.08,1.0,1.0,2.0,2.0,1.0,0,False,11.69223403930664
/agv3/capability_report,1788412779.576643,1788412779.569794,3,388317,0.08,0.08,1.0,1.0,2.0,2.0,1.0,0,False,11.665640830993652
/agv1/capability_report,1788412779.5787728,1788412779.5785625,1,389652,0.08,0.08,1.0,1.0,2.0,2.0,1.0,0,False,11.178094863891602
/agv3/capability_report,1788412779.5863287,1788412779.5818322,3,388318,0.08,0.08,1.0,1.0,2.0,2.0,1.0,0,False,11.665640830993652
/agv1/capability_report,1788412779.586659,1788412779.5865583,1,389653,0.08,0.08,1.0,1.0,2.0,2.0,1.0,0,False,11.178094863891602
/agv2/capability_report,1788412779.5882196,1788412779.5817325,2,389204,0.08,0.08,1.0,1.0,2.0,2.0,1.0,0,False,11.69223403930664
/agv2/capability_report,1788412779.5954936,1788412779.589881,2,389205,0.08,0.08,1.0,1.0,2.0,2.0,1.0,0,False,11.69223403930664
/agv3/capability_report,1788412779.5954983,1788412779.5897734,3,388319,0.08,0.08,1.0,1.0,2.0,2.0,1.0,0,False,11.842930793762207
/agv1/capability_report,1788412779.5988047,1788412779.5985603,1,389654,0.08,0.08,1.0,1.0,2.0,2.0,1.0,0,False,11.178094863891602
/agv1/capability_report,1788412779.6067395,1788412779.606593,1,389655,0.08,0.08,1.0,1.0,2.0,2.0,1.0,0,False,11.178094863891602
/agv3/capability_report,1788412779.6069205,1788412779.6017735,3,388320,0.08,0.08,1.0,1.0,2.0,2.0,1.0,0,False,11.842930793762207
/agv2/capability_report,1788412779.6079814,1788412779.60187,2,389206,0.08,0.08,1.0,1.0,2.0,2.0,1.0,0,False,11.69223403930664
/agv2/capability_report,1788412779.61486,1788412779.609874,2,389207,0.08,0.08,1.0,1.0,2.0,2.0,1.0,0,False,11.69223403930664
/agv3/capability_report,1788412779.6167152,1788412779.6097784,3,388321,0.08,0.08,1.0,1.0,2.0,2.0,1.0,0,False,11.842930793762207
/agv1/capability_report,1788412779.618721,1788412779.6186128,1,389656,0.08,0.08,1.0,1.0,2.0,2.0,1.0,0,False,11.178094863891602
/agv1/capability_report,1788412779.6267126,1788412779.626588,1,389657,0.08,0.08,1.0,1.0,2.0,2.0,1.0,0,False,11.178094863891602
/agv2/capability_report,1788412779.626946,1788412779.6217344,2,389208,0.08,0.08,1.0,1.0,2.0,2.0,1.0,0,False,11.69223403930664
/agv3/capability_report,1788412779.6289914,1788412779.6217782,3,388322,0.08,0.08,1.0,1.0,2.0,2.0,1.0,0,False,11.842930793762207
/agv3/capability_report,1788412779.6343765,1788412779.6297762,3,388323,0.08,0.08,1.0,1.0,2.0,2.0,1.0,0,False,11.842930793762207
/agv2/capability_report,1788412779.636125,1788412779.6298745,2,389209,0.08,0.08,1.0,1.0,2.0,2.0,1.0,0,False,11.69223403930664
/agv1/capability_report,1788412779.638656,1788412779.638589,1,389658,0.08,0.08,1.0,1.0,2.0,2.0,1.0,0,False,11.178094863891602
/agv3/capability_report,1788412779.6462731,1788412779.6417973,3,388324,0.08,0.08,1.0,1.0,2.0,2.0,1.0,0,False,11.842930793762207
/agv1/capability_report,1788412779.646621,1788412779.646566,1,389659,0.08,0.08,1.0,1.0,2.0,2.0,1.0,0,False,11.178094863891602
/agv2/capability_report,1788412779.6469462,1788412779.6418765,2,389210,0.08,0.08,1.0,1.0,2.0,2.0,1.0,0,False,11.69223403930664
/agv3/capability_report,1788412779.6551304,1788412779.649778,3,388325,0.08,0.08,1.0,1.0,2.0,2.0,1.0,0,False,11.842930793762207
/agv2/capability_report,1788412779.6555352,1788412779.6498733,2,389211,0.08,0.08,1.0,1.0,2.0,2.0,1.0,0,False,11.69223403930664
/agv1/capability_report,1788412779.6587744,1788412779.6585984,1,389660,0.08,0.08,1.0,1.0,2.0,2.0,1.0,0,False,11.178094863891602
/agv1/capability_report,1788412779.6666589,1788412779.6665697,1,389661,0.08,0.08,1.0,1.0,2.0,2.0,1.0,0,False,11.178094863891602
/agv3/capability_report,1788412779.667476,1788412779.6617906,3,388326,0.08,0.08,1.0,1.0,2.0,2.0,1.0,0,False,11.842930793762207
/agv2/capability_report,1788412779.6712866,1788412779.6618736,2,389212,0.08,0.08,1.0,1.0,2.0,2.0,1.0,0,False,11.69223403930664
/agv3/capability_report,1788412779.674416,1788412779.66979,3,388327,0.08,0.08,1.0,1.0,2.0,2.0,1.0,0,False,11.842930793762207
/agv2/capability_report,1788412779.6768632,1788412779.6698925,2,389213,0.08,0.08,1.0,1.0,2.0,2.0,1.0,0,False,11.69223403930664
/agv1/capability_report,1788412779.678715,1788412779.6785996,1,389662,0.08,0.08,1.0,1.0,2.0,2.0,1.0,0,False,11.178094863891602
/agv3/capability_report,1788412779.6866226,1788412779.6817765,3,388328,0.08,0.08,1.0,1.0,2.0,2.0,1.0,0,False,11.842930793762207
/agv1/capability_report,1788412779.6867046,1788412779.6865802,1,389663,0.08,0.08,1.0,1.0,2.0,2.0,1.0,0,False,11.178094863891602
/agv2/capability_report,1788412779.6877282,1788412779.681873,2,389214,0.08,0.08,1.0,1.0,2.0,2.0,1.0,0,False,11.69223403930664
/agv2/capability_report,1788412779.6953986,1788412779.6898751,2,389215,0.08,0.08,1.0,1.0,2.0,2.0,1.0,0,False,11.69223403930664
/agv3/capability_report,1788412779.6981966,1788412779.6897593,3,388329,0.08,0.08,1.0,1.0,2.0,2.0,1.0,0,False,11.842930793762207
/agv1/capability_report,1788412779.6986759,1788412779.6985674,1,389664,0.08,0.08,1.0,1.0,2.0,2.0,1.0,0,False,11.178094863891602
/agv3/capability_report,1788412779.7063215,1788412779.7017777,3,388330,0.08,0.08,1.0,1.0,2.0,2.0,1.0,0,False,11.842930793762207
/agv1/capability_report,1788412779.706653,1788412779.70657,1,389665,0.08,0.08,1.0,1.0,2.0,2.0,1.0,0,False,11.00967025756836
/agv2/capability_report,1788412779.707618,1788412779.701867,2,389216,0.08,0.08,1.0,1.0,2.0,2.0,1.0,0,False,11.69223403930664
/agv3/capability_report,1788412779.7143638,1788412779.7097924,3,388331,0.08,0.08,1.0,1.0,2.0,2.0,1.0,0,False,11.842930793762207
/agv2/capability_report,1788412779.7160192,1788412779.7098832,2,389217,0.08,0.08,1.0,1.0,2.0,2.0,1.0,0,False,11.69223403930664
/agv1/capability_report,1788412779.7187467,1788412779.7185936,1,389666,0.08,0.08,1.0,1.0,2.0,2.0,1.0,0,False,11.00967025756836
/agv3/capability_report,1788412779.7267356,1788412779.7218008,3,388332,0.08,0.08,1.0,1.0,2.0,2.0,1.0,0,False,11.842930793762207
/agv1/capability_report,1788412779.7267823,1788412779.726582,1,389667,0.08,0.08,1.0,1.0,2.0,2.0,1.0,0,False,11.00967025756836
/agv2/capability_report,1788412779.730482,1788412779.7218728,2,389218,0.08,0.08,1.0,1.0,2.0,2.0,1.0,0,False,11.69223403930664
/agv3/capability_report,1788412779.7343822,1788412779.7298017,3,388333,0.08,0.08,1.0,1.0,2.0,2.0,1.0,0,False,11.842930793762207
/agv2/capability_report,1788412779.7354622,1788412779.7298741,2,389219,0.08,0.08,1.0,1.0,2.0,2.0,1.0,0,False,11.69223403930664
/agv1/capability_report,1788412779.738646,1788412779.7385654,1,389668,0.08,0.08,1.0,1.0,2.0,2.0,1.0,0,False,11.00967025756836
/agv3/capability_report,1788412779.7463298,1788412779.7417834,3,388334,0.08,0.08,1.0,1.0,2.0,2.0,1.0,0,False,11.842930793762207
/agv1/capability_report,1788412779.7466495,1788412779.7465596,1,389669,0.08,0.08,1.0,1.0,2.0,2.0,1.0,0,False,11.00967025756836
/agv2/capability_report,1788412779.747403,1788412779.741704,2,389220,0.08,0.08,1.0,1.0,2.0,2.0,1.0,0,False,11.69223403930664
/agv3/capability_report,1788412779.7544324,1788412779.7497835,3,388335,0.08,0.08,1.0,1.0,2.0,2.0,1.0,0,False,11.763150215148926
/agv2/capability_report,1788412779.7552907,1788412779.7498648,2,389221,0.08,0.08,1.0,1.0,2.0,2.0,1.0,0,False,11.69223403930664
/agv1/capability_report,1788412779.7587376,1788412779.758607,1,389670,0.08,0.08,1.0,1.0,2.0,2.0,1.0,0,False,11.00967025756836
/agv3/capability_report,1788412779.7663872,1788412779.7617846,3,388336,0.08,0.08,1.0,1.0,2.0,2.0,1.0,0,False,11.763150215148926
/agv1/capability_report,1788412779.7665927,1788412779.7665536,1,389671,0.08,0.08,1.0,1.0,2.0,2.0,1.0,0,False,11.00967025756836
/agv2/capability_report,1788412779.7669475,1788412779.7618783,2,389222,0.08,0.08,1.0,1.0,2.0,2.0,1.0,0,False,11.69223403930664
/agv3/capability_report,1788412779.7756307,1788412779.7697725,3,388337,0.08,0.08,1.0,1.0,2.0,2.0,1.0,0,False,11.763150215148926
/agv2/capability_report,1788412779.7771666,1788412779.7698715,2,389223,0.08,0.08,1.0,1.0,2.0,2.0,1.0,0,False,11.69223403930664
/agv1/capability_report,1788412779.7787182,1788412779.7785957,1,389672,0.08,0.08,1.0,1.0,2.0,2.0,1.0,0,False,11.00967025756836
/agv3/capability_report,1788412779.7863483,1788412779.7817972,3,388338,0.08,0.08,1.0,1.0,2.0,2.0,1.0,0,False,11.763150215148926
/agv1/capability_report,1788412779.7866566,1788412779.7865603,1,389673,0.08,0.08,1.0,1.0,2.0,2.0,1.0,0,False,11.00967025756836
/agv2/capability_report,1788412779.7872233,1788412779.781867,2,389224,0.08,0.08,1.0,1.0,2.0,2.0,1.0,0,False,11.665640830993652
/agv3/capability_report,1788412779.7944312,1788412779.789772,3,388339,0.08,0.08,1.0,1.0,2.0,2.0,1.0,0,False,11.763150215148926
/agv2/capability_report,1788412779.7952557,1788412779.7898684,2,389225,0.08,0.08,1.0,1.0,2.0,2.0,1.0,0,False,11.665640830993652
/agv1/capability_report,1788412779.7987247,1788412779.7986088,1,389674,0.08,0.08,1.0,1.0,2.0,2.0,1.0,0,False,11.00967025756836
/agv3/capability_report,1788412779.8063562,1788412779.8017812,3,388340,0.08,0.08,1.0,1.0,2.0,2.0,1.0,0,False,11.763150215148926
/agv1/capability_report,1788412779.806657,1788412779.8065627,1,389675,0.08,0.08,1.0,1.0,2.0,2.0,1.0,0,False,11.00967025756836
/agv2/capability_report,1788412779.8077652,1788412779.8018777,2,389226,0.08,0.08,1.0,1.0,2.0,2.0,1.0,0,False,11.665640830993652
/agv3/capability_report,1788412779.8144042,1788412779.809795,3,388341,0.08,0.08,1.0,1.0,2.0,2.0,1.0,0,False,11.763150215148926
/agv2/capability_report,1788412779.815424,1788412779.8098667,2,389227,0.08,0.08,1.0,1.0,2.0,2.0,1.0,0,False,11.665640830993652
/agv1/capability_report,1788412779.818686,1788412779.8185885,1,389676,0.08,0.08,1.0,1.0,2.0,2.0,1.0,0,False,11.00967025756836
/agv3/capability_report,1788412779.8264017,1788412779.8217797,3,388342,0.08,0.08,1.0,1.0,2.0,2.0,1.0,0,False,11.763150215148926
/agv1/capability_report,1788412779.8266156,1788412779.8265543,1,389677,0.08,0.08,1.0,1.0,2.0,2.0,1.0,0,False,11.00967025756836
/agv2/capability_report,1788412779.8273938,1788412779.8217354,2,389228,0.08,0.08,1.0,1.0,2.0,2.0,1.0,0,False,11.665640830993652
/agv3/capability_report,1788412779.8347905,1788412779.8297744,3,388343,0.08,0.08,1.0,1.0,2.0,2.0,1.0,0,False,11.763150215148926
/agv1/capability_report,1788412779.8387961,1788412779.8386073,1,389678,0.08,0.08,1.0,1.0,2.0,2.0,1.0,0,False,11.00967025756836
/agv2/capability_report,1788412779.8429327,1788412779.829875,2,389229,0.08,0.08,1.0,1.0,2.0,2.0,1.0,0,False,11.665640830993652
/agv3/capability_report,1788412779.8463454,1788412779.841796,3,388344,0.08,0.08,1.0,1.0,2.0,2.0,1.0,0,False,11.763150215148926
/agv1/capability_report,1788412779.846653,1788412779.8465579,1,389679,0.08,0.08,1.0,1.0,2.0,2.0,1.0,0,False,11.00967025756836
/agv2/capability_report,1788412779.8473437,1788412779.841838,2,389230,0.08,0.08,1.0,1.0,2.0,2.0,1.0,0,False,11.665640830993652
/agv3/capability_report,1788412779.8544855,1788412779.8497806,3,388345,0.08,0.08,1.0,1.0,2.0,2.0,1.0,0,False,11.763150215148926
/agv1/capability_report,1788412779.8587933,1788412779.8585875,1,389680,0.08,0.08,1.0,1.0,2.0,2.0,1.0,0,False,11.00967025756836
/agv2/capability_report,1788412779.8588457,1788412779.849745,2,389231,0.08,0.08,1.0,1.0,2.0,2.0,1.0,0,False,11.665640830993652
/agv3/capability_report,1788412779.866474,1788412779.8617795,3,388346,0.08,0.08,1.0,1.0,2.0,2.0,1.0,0,False,11.763150215148926
/agv1/capability_report,1788412779.866673,1788412779.8665564,1,389681,0.08,0.08,1.0,1.0,2.0,2.0,1.0,0,False,11.364249229431152
/agv2/capability_report,1788412779.8674345,1788412779.8617342,2,389232,0.08,0.08,1.0,1.0,2.0,2.0,1.0,0,False,11.665640830993652
/agv2/capability_report,1788412779.8750558,1788412779.8698761,2,389233,0.08,0.08,1.0,1.0,2.0,2.0,1.0,0,False,11.665640830993652
/agv3/capability_report,1788412779.8766575,1788412779.869823,3,388347,0.08,0.08,1.0,1.0,2.0,2.0,1.0,0,False,11.763150215148926
/agv1/capability_report,1788412779.8786829,1788412779.8785882,1,389682,0.08,0.08,1.0,1.0,2.0,2.0,1.0,0,False,11.364249229431152
/agv3/capability_report,1788412779.8862906,1788412779.8817797,3,388348,0.08,0.08,1.0,1.0,2.0,2.0,1.0,0,False,11.763150215148926
/agv1/capability_report,1788412779.8866138,1788412779.8865592,1,389683,0.08,0.08,1.0,1.0,2.0,2.0,1.0,0,False,11.364249229431152
/agv2/capability_report,1788412779.8872569,1788412779.8818834,2,389234,0.08,0.08,1.0,1.0,2.0,2.0,1.0,0,False,11.665640830993652
/agv3/capability_report,1788412779.8948534,1788412779.8897846,3,388349,0.08,0.08,1.0,1.0,2.0,2.0,1.0,0,False,11.763150215148926
/agv2/capability_report,1788412779.895703,1788412779.889868,2,389235,0.08,0.08,1.0,1.0,2.0,2.0,1.0,0,False,11.665640830993652
/agv1/capability_report,1788412779.8987198,1788412779.8985925,1,389684,0.08,0.08,1.0,1.0,2.0,2.0,1.0,0,False,11.364249229431152
/agv1/capability_report,1788412779.9066324,1788412779.9065573,1,389685,0.08,0.08,1.0,1.0,2.0,2.0,1.0,0,False,11.364249229431152
/agv2/capability_report,1788412779.9069808,1788412779.9017353,2,389236,0.08,0.08,1.0,1.0,2.0,2.0,1.0,0,False,11.665640830993652
/agv3/capability_report,1788412779.9079347,1788412779.9017844,3,388350,0.08,0.08,1.0,1.0,2.0,2.0,1.0,0,False,11.763150215148926
/agv3/capability_report,1788412779.9149268,1788412779.909839,3,388351,0.08,0.08,1.0,1.0,2.0,2.0,1.0,0,False,11.75428581237793
/agv2/capability_report,1788412779.9156024,1788412779.9098926,2,389237,0.08,0.08,1.0,1.0,2.0,2.0,1.0,0,False,11.665640830993652
/agv1/capability_report,1788412779.918726,1788412779.9185936,1,389686,0.08,0.08,1.0,1.0,2.0,2.0,1.0,0,False,11.364249229431152
/agv3/capability_report,1788412779.926496,1788412779.9217434,3,388352,0.08,0.08,1.0,1.0,2.0,2.0,1.0,0,False,11.75428581237793
/agv1/capability_report,1788412779.9266787,1788412779.9265559,1,389687,0.08,0.08,1.0,1.0,2.0,2.0,1.0,0,False,11.364249229431152
/agv2/capability_report,1788412779.9272993,1788412779.921875,2,389238,0.08,0.08,1.0,1.0,2.0,2.0,1.0,0,False,11.665640830993652
/agv3/capability_report,1788412779.9345794,1788412779.9297702,3,388353,0.08,0.08,1.0,1.0,2.0,2.0,1.0,0,False,11.75428581237793
/agv2/capability_report,1788412779.9355657,1788412779.9298673,2,389239,0.08,0.08,1.0,1.0,2.0,2.0,1.0,0,False,11.665640830993652
/agv1/capability_report,1788412779.9386013,1788412779.9385567,1,389688,0.08,0.08,1.0,1.0,2.0,2.0,1.0,0,False,11.364249229431152
/agv1/capability_report,1788412779.9465954,1788412779.9465523,1,389689,0.08,0.08,1.0,1.0,2.0,2.0,1.0,0,False,11.364249229431152
/agv2/capability_report,1788412779.9474409,1788412779.9417338,2,389240,0.08,0.08,1.0,1.0,2.0,2.0,1.0,0,False,11.683369636535645
/agv3/capability_report,1788412779.9474657,1788412779.9417794,3,388354,0.08,0.08,1.0,1.0,2.0,2.0,1.0,0,False,11.75428581237793
/agv3/capability_report,1788412779.9543664,1788412779.9497786,3,388355,0.08,0.08,1.0,1.0,2.0,2.0,1.0,0,False,11.75428581237793
/agv2/capability_report,1788412779.956272,1788412779.9497347,2,389241,0.08,0.08,1.0,1.0,2.0,2.0,1.0,0,False,11.683369636535645
/agv1/capability_report,1788412779.958719,1788412779.9585903,1,389690,0.08,0.08,1.0,1.0,2.0,2.0,1.0,0,False,11.364249229431152
/agv3/capability_report,1788412779.9663372,1788412779.9617944,3,388356,0.08,0.08,1.0,1.0,2.0,2.0,1.0,0,False,11.75428581237793
/agv1/capability_report,1788412779.9666243,1788412779.9665635,1,389691,0.08,0.08,1.0,1.0,2.0,2.0,1.0,0,False,11.364249229431152
/agv2/capability_report,1788412779.9684236,1788412779.9618707,2,389242,0.08,0.08,1.0,1.0,2.0,2.0,1.0,0,False,11.683369636535645
/agv3/capability_report,1788412779.9742014,1788412779.9697154,3,388357,0.08,0.08,1.0,1.0,2.0,2.0,1.0,0,False,11.75428581237793
/agv2/capability_report,1788412779.9750304,1788412779.969872,2,389243,0.08,0.08,1.0,1.0,2.0,2.0,1.0,0,False,11.683369636535645
/agv1/capability_report,1788412779.9787858,1788412779.9785936,1,389692,0.08,0.08,1.0,1.0,2.0,2.0,1.0,0,False,11.364249229431152
/agv3/capability_report,1788412779.9864295,1788412779.9817865,3,388358,0.08,0.08,1.0,1.0,2.0,2.0,1.0,0,False,11.75428581237793
/agv1/capability_report,1788412779.986603,1788412779.9865558,1,389693,0.08,0.08,1.0,1.0,2.0,2.0,1.0,0,False,11.364249229431152
/agv2/capability_report,1788412779.9872665,1788412779.9817326,2,389244,0.08,0.08,1.0,1.0,2.0,2.0,1.0,0,False,11.683369636535645
/agv3/capability_report,1788412779.9943893,1788412779.9897764,3,388359,0.08,0.08,1.0,1.0,2.0,2.0,1.0,0,False,11.75428581237793
/agv2/capability_report,1788412779.995456,1788412779.9898758,2,389245,0.08,0.08,1.0,1.0,2.0,2.0,1.0,0,False,11.683369636535645
/agv1/capability_report,1788412779.9987447,1788412779.99859,1,389694,0.08,0.08,1.0,1.0,2.0,2.0,1.0,0,False,11.364249229431152
/agv3/capability_report,1788412780.0063481,1788412780.001777,3,388360,0.08,0.08,1.0,1.0,2.0,2.0,1.0,0,False,11.75428581237793
/agv1/capability_report,1788412780.0066264,1788412780.0065627,1,389695,0.08,0.08,1.0,1.0,2.0,2.0,1.0,0,False,11.364249229431152
/agv2/capability_report,1788412780.0079484,1788412780.001881,2,389246,0.08,0.08,1.0,1.0,2.0,2.0,1.0,0,False,11.683369636535645
/agv3/capability_report,1788412780.014382,1788412780.0097644,3,388361,0.08,0.08,1.0,1.0,2.0,2.0,1.0,0,False,11.75428581237793
/agv2/capability_report,1788412780.0161543,1788412780.0099242,2,389247,0.08,0.08,1.0,1.0,2.0,2.0,1.0,0,False,11.683369636535645
/agv1/capability_report,1788412780.0187378,1788412780.0185916,1,389696,0.08,0.08,1.0,1.0,2.0,2.0,1.0,0,False,11.364249229431152
/agv3/capability_report,1788412780.0263877,1788412780.021799,3,388362,0.08,0.08,1.0,1.0,2.0,2.0,1.0,0,False,11.75428581237793
/agv1/capability_report,1788412780.0266936,1788412780.026567,1,389697,0.08,0.08,1.0,1.0,2.0,2.0,1.0,0,False,11.08945083618164
/agv2/capability_report,1788412780.0279758,1788412780.0217338,2,389248,0.08,0.08,1.0,1.0,2.0,2.0,1.0,0,False,11.683369636535645
/agv3/capability_report,1788412780.0353599,1788412780.0297499,3,388363,0.08,0.08,1.0,1.0,2.0,2.0,1.0,0,False,11.75428581237793
/agv2/capability_report,1788412780.0354123,1788412780.0298767,2,389249,0.08,0.08,1.0,1.0,2.0,2.0,1.0,0,False,11.683369636535645
/agv1/capability_report,1788412780.0389085,1788412780.0386026,1,389698,0.08,0.08,1.0,1.0,2.0,2.0,1.0,0,False,11.08945083618164
/agv3/capability_report,1788412780.0463197,1788412780.041773,3,388364,0.08,0.08,1.0,1.0,2.0,2.0,1.0,0,False,11.75428581237793
/agv1/capability_report,1788412780.046727,1788412780.04658,1,389699,0.08,0.08,1.0,1.0,2.0,2.0,1.0,0,False,11.08945083618164
/agv2/capability_report,1788412780.0494952,1788412780.041872,2,389250,0.08,0.08,1.0,1.0,2.0,2.0,1.0,0,False,11.683369636535645
/agv3/capability_report,1788412780.0552344,1788412780.0497768,3,388365,0.08,0.08,1.0,1.0,2.0,2.0,1.0,0,False,11.75428581237793
/agv2/capability_report,1788412780.055433,1788412780.0498562,2,389251,0.08,0.08,1.0,1.0,2.0,2.0,1.0,0,False,11.683369636535645
/agv1/capability_report,1788412780.058761,1788412780.058591,1,389700,0.08,0.08,1.0,1.0,2.0,2.0,1.0,0,False,11.08945083618164
/agv3/capability_report,1788412780.0666742,1788412780.0617983,3,388366,0.08,0.08,1.0,1.0,2.0,2.0,1.0,0,False,11.75428581237793
/agv1/capability_report,1788412780.0667768,1788412780.0665514,1,389701,0.08,0.08,1.0,1.0,2.0,2.0,1.0,0,False,11.08945083618164
/agv2/capability_report,1788412780.0686738,1788412780.061883,2,389252,0.08,0.08,1.0,1.0,2.0,2.0,1.0,0,False,11.683369636535645
/agv3/capability_report,1788412780.0743358,1788412780.069716,3,388367,0.08,0.08,1.0,1.0,2.0,2.0,1.0,0,False,11.745421409606934
/agv2/capability_report,1788412780.075831,1788412780.0698771,2,389253,0.08,0.08,1.0,1.0,2.0,2.0,1.0,0,False,11.683369636535645
/agv1/capability_report,1788412780.0788102,1788412780.0785878,1,389702,0.08,0.08,1.0,1.0,2.0,2.0,1.0,0,False,11.08945083618164
/agv3/capability_report,1788412780.0863867,1788412780.081798,3,388368,0.08,0.08,1.0,1.0,2.0,2.0,1.0,0,False,11.745421409606934
/agv1/capability_report,1788412780.0866034,1788412780.0865595,1,389703,0.08,0.08,1.0,1.0,2.0,2.0,1.0,0,False,11.08945083618164
/agv2/capability_report,1788412780.0870981,1788412780.0818758,2,389254,0.08,0.08,1.0,1.0,2.0,2.0,1.0,0,False,11.683369636535645
/agv3/capability_report,1788412780.0945766,1788412780.0898128,3,388369,0.08,0.08,1.0,1.0,2.0,2.0,1.0,0,False,11.745421409606934
/agv2/capability_report,1788412780.0962415,1788412780.0898588,2,389255,0.08,0.08,1.0,1.0,2.0,2.0,1.0,0,False,11.64791202545166
/agv1/capability_report,1788412780.0988183,1788412780.0985703,1,389704,0.08,0.08,1.0,1.0,2.0,2.0,1.0,0,False,11.08945083618164
/agv3/capability_report,1788412780.106368,1788412780.1017785,3,388370,0.08,0.08,1.0,1.0,2.0,2.0,1.0,0,False,11.745421409606934
/agv1/capability_report,1788412780.1066093,1788412780.1065629,1,389705,0.08,0.08,1.0,1.0,2.0,2.0,1.0,0,False,11.08945083618164
/agv2/capability_report,1788412780.1075804,1788412780.1018798,2,389256,0.08,0.08,1.0,1.0,2.0,2.0,1.0,0,False,11.64791202545166
/agv3/capability_report,1788412780.1144235,1788412780.1097822,3,388371,0.08,0.08,1.0,1.0,2.0,2.0,1.0,0,False,11.745421409606934
/agv2/capability_report,1788412780.1156638,1788412780.1098688,2,389257,0.08,0.08,1.0,1.0,2.0,2.0,1.0,0,False,11.64791202545166
/agv1/capability_report,1788412780.1186988,1788412780.118585,1,389706,0.08,0.08,1.0,1.0,2.0,2.0,1.0,0,False,11.08945083618164
/agv3/capability_report,1788412780.1262965,1788412780.121778,3,388372,0.08,0.08,1.0,1.0,2.0,2.0,1.0,0,False,11.745421409606934
/agv1/capability_report,1788412780.1266947,1788412780.1265564,1,389707,0.08,0.08,1.0,1.0,2.0,2.0,1.0,0,False,11.08945083618164
/agv2/capability_report,1788412780.1275752,1788412780.1218739,2,389258,0.08,0.08,1.0,1.0,2.0,2.0,1.0,0,False,11.64791202545166
/agv3/capability_report,1788412780.134567,1788412780.1297781,3,388373,0.08,0.08,1.0,1.0,2.0,2.0,1.0,0,False,11.745421409606934
/agv2/capability_report,1788412780.1357331,1788412780.1298485,2,389259,0.08,0.08,1.0,1.0,2.0,2.0,1.0,0,False,11.64791202545166
/agv1/capability_report,1788412780.1388369,1788412780.138614,1,389708,0.08,0.08,1.0,1.0,2.0,2.0,1.0,0,False,11.08945083618164
/agv3/capability_report,1788412780.1464095,1788412780.141823,3,388374,0.08,0.08,1.0,1.0,2.0,2.0,1.0,0,False,11.745421409606934
/agv1/capability_report,1788412780.1466255,1788412780.1465635,1,389709,0.08,0.08,1.0,1.0,2.0,2.0,1.0,0,False,11.08945083618164
/agv2/capability_report,1788412780.1471014,1788412780.1418598,2,389260,0.08,0.08,1.0,1.0,2.0,2.0,1.0,0,False,11.64791202545166
/agv3/capability_report,1788412780.1548157,1788412780.1497788,3,388375,0.08,0.08,1.0,1.0,2.0,2.0,1.0,0,False,11.745421409606934
/agv2/capability_report,1788412780.1560218,1788412780.1498692,2,389261,0.08,0.08,1.0,1.0,2.0,2.0,1.0,0,False,11.64791202545166
/agv1/capability_report,1788412780.158751,1788412780.1586106,1,389710,0.08,0.08,1.0,1.0,2.0,2.0,1.0,0,False,11.08945083618164
/agv3/capability_report,1788412780.1663442,1788412780.1617785,3,388376,0.08,0.08,1.0,1.0,2.0,2.0,1.0,0,False,11.745421409606934
/agv1/capability_report,1788412780.1666303,1788412780.1665683,1,389711,0.08,0.08,1.0,1.0,2.0,2.0,1.0,0,False,11.08945083618164
/agv2/capability_report,1788412780.1687787,1788412780.1618674,2,389262,0.08,0.08,1.0,1.0,2.0,2.0,1.0,0,False,11.64791202545166
/agv3/capability_report,1788412780.174432,1788412780.1699033,3,388377,0.08,0.08,1.0,1.0,2.0,2.0,1.0,0,False,11.745421409606934
/agv2/capability_report,1788412780.1754546,1788412780.1698732,2,389263,0.08,0.08,1.0,1.0,2.0,2.0,1.0,0,False,11.64791202545166
/agv1/capability_report,1788412780.1787558,1788412780.1786122,1,389712,0.08,0.08,1.0,1.0,2.0,2.0,1.0,0,False,11.08945083618164
/agv3/capability_report,1788412780.1865168,1788412780.181803,3,388378,0.08,0.08,1.0,1.0,2.0,2.0,1.0,0,False,11.745421409606934
/agv1/capability_report,1788412780.1866791,1788412780.1865618,1,389713,0.08,0.08,1.0,1.0,2.0,2.0,1.0,0,False,11.364249229431152
/agv2/capability_report,1788412780.187468,1788412780.1818588,2,389264,0.08,0.08,1.0,1.0,2.0,2.0,1.0,0,False,11.64791202545166
/agv3/capability_report,1788412780.194409,1788412780.18973,3,388379,0.08,0.08,1.0,1.0,2.0,2.0,1.0,0,False,11.745421409606934
/agv2/capability_report,1788412780.1956522,1788412780.1898735,2,389265,0.08,0.08,1.0,1.0,2.0,2.0,1.0,0,False,11.64791202545166
/agv1/capability_report,1788412780.198871,1788412780.1986134,1,389714,0.08,0.08,1.0,1.0,2.0,2.0,1.0,0,False,11.364249229431152
/agv3/capability_report,1788412780.20635,1788412780.2017708,3,388380,0.08,0.08,1.0,1.0,2.0,2.0,1.0,0,False,11.745421409606934
/agv1/capability_report,1788412780.2066598,1788412780.206561,1,389715,0.08,0.08,1.0,1.0,2.0,2.0,1.0,0,False,11.364249229431152
/agv2/capability_report,1788412780.207532,1788412780.2019162,2,389266,0.08,0.08,1.0,1.0,2.0,2.0,1.0,0,False,11.64791202545166
/agv3/capability_report,1788412780.214971,1788412780.2097666,3,388381,0.08,0.08,1.0,1.0,2.0,2.0,1.0,0,False,11.745421409606934
/agv2/capability_report,1788412780.216064,1788412780.2098634,2,389267,0.08,0.08,1.0,1.0,2.0,2.0,1.0,0,False,11.64791202545166
/agv1/capability_report,1788412780.2187889,1788412780.218607,1,389716,0.08,0.08,1.0,1.0,2.0,2.0,1.0,0,False,11.364249229431152
/agv3/capability_report,1788412780.2263656,1788412780.2217796,3,388382,0.08,0.08,1.0,1.0,2.0,2.0,1.0,0,False,11.745421409606934
/agv1/capability_report,1788412780.2267365,1788412780.2265656,1,389717,0.08,0.08,1.0,1.0,2.0,2.0,1.0,0,False,11.364249229431152
/agv2/capability_report,1788412780.228928,1788412780.2218723,2,389268,0.08,0.08,1.0,1.0,2.0,2.0,1.0,0,False,11.64791202545166
/agv3/capability_report,1788412780.2344089,1788412780.2297776,3,388383,0.08,0.08,1.0,1.0,2.0,2.0,1.0,0,False,11.64791202545166
/agv2/capability_report,1788412780.235659,1788412780.229873,2,389269,0.08,0.08,1.0,1.0,2.0,2.0,1.0,0,False,11.64791202545166
/agv1/capability_report,1788412780.2387714,1788412780.2385848,1,389718,0.08,0.08,1.0,1.0,2.0,2.0,1.0,0,False,11.364249229431152
/agv1/capability_report,1788412780.2466218,1788412780.2465553,1,389719,0.08,0.08,1.0,1.0,2.0,2.0,1.0,0,False,11.364249229431152
/agv3/capability_report,1788412780.2469378,1788412780.241778,3,388384,0.08,0.08,1.0,1.0,2.0,2.0,1.0,0,False,11.64791202545166
/agv2/capability_report,1788412780.2470815,1788412780.2418709,2,389270,0.08,0.08,1.0,1.0,2.0,2.0,1.0,0,False,11.64791202545166
/agv2/capability_report,1788412780.2557154,1788412780.2498732,2,389271,0.08,0.08,1.0,1.0,2.0,2.0,1.0,0,False,11.736557006835938
/agv3/capability_report,1788412780.2577436,1788412780.2497742,3,388385,0.08,0.08,1.0,1.0,2.0,2.0,1.0,0,False,11.64791202545166
/agv1/capability_report,1788412780.2587159,1788412780.2585983,1,389720,0.08,0.08,1.0,1.0,2.0,2.0,1.0,0,False,11.364249229431152
/agv3/capability_report,1788412780.2664385,1788412780.2618005,3,388386,0.08,0.08,1.0,1.0,2.0,2.0,1.0,0,False,11.64791202545166
/agv1/capability_report,1788412780.2667203,1788412780.266563,1,389721,0.08,0.08,1.0,1.0,2.0,2.0,1.0,0,False,11.364249229431152
/agv2/capability_report,1788412780.2679029,1788412780.2618577,2,389272,0.08,0.08,1.0,1.0,2.0,2.0,1.0,0,False,11.736557006835938
/agv3/capability_report,1788412780.2751603,1788412780.269777,3,388387,0.08,0.08,1.0,1.0,2.0,2.0,1.0,0,False,11.64791202545166
/agv2/capability_report,1788412780.2767766,1788412780.2698722,2,389273,0.08,0.08,1.0,1.0,2.0,2.0,1.0,0,False,11.736557006835938
/agv1/capability_report,1788412780.278728,1788412780.2785718,1,389722,0.08,0.08,1.0,1.0,2.0,2.0,1.0,0,False,11.364249229431152
/agv3/capability_report,1788412780.2863047,1788412780.2817724,3,388388,0.08,0.08,1.0,1.0,2.0,2.0,1.0,0,False,11.64791202545166
/agv1/capability_report,1788412780.28677,1788412780.286569,1,389723,0.08,0.08,1.0,1.0,2.0,2.0,1.0,0,False,11.364249229431152
/agv2/capability_report,1788412780.2873478,1788412780.28188,2,389274,0.08,0.08,1.0,1.0,2.0,2.0,1.0,0,False,11.736557006835938
/agv2/capability_report,1788412780.295447,1788412780.2898705,2,389275,0.08,0.08,1.0,1.0,2.0,2.0,1.0,0,False,11.736557006835938
/agv3/capability_report,1788412780.2962046,1788412780.2897909,3,388389,0.08,0.08,1.0,1.0,2.0,2.0,1.0,0,False,11.64791202545166
/agv1/capability_report,1788412780.2988057,1788412780.2986035,1,389724,0.08,0.08,1.0,1.0,2.0,2.0,1.0,0,False,11.364249229431152
/agv1/capability_report,1788412780.3066974,1788412780.3065646,1,389725,0.08,0.08,1.0,1.0,2.0,2.0,1.0,0,False,11.364249229431152
/agv2/capability_report,1788412780.3076556,1788412780.3018608,2,389276,0.08,0.08,1.0,1.0,2.0,2.0,1.0,0,False,11.736557006835938
/agv3/capability_report,1788412780.3077989,1788412780.301781,3,388390,0.08,0.08,1.0,1.0,2.0,2.0,1.0,0,False,11.64791202545166
/agv3/capability_report,1788412780.314247,1788412780.3097777,3,388391,0.08,0.08,1.0,1.0,2.0,2.0,1.0,0,False,11.64791202545166
/agv2/capability_report,1788412780.315289,1788412780.3098936,2,389277,0.08,0.08,1.0,1.0,2.0,2.0,1.0,0,False,11.736557006835938
/agv1/capability_report,1788412780.3186877,1788412780.3185666,1,389726,0.08,0.08,1.0,1.0,2.0,2.0,1.0,0,False,11.364249229431152
/agv3/capability_report,1788412780.3262136,1788412780.3217769,3,388392,0.08,0.08,1.0,1.0,2.0,2.0,1.0,0,False,11.64791202545166
/agv1/capability_report,1788412780.326673,1788412780.3265643,1,389727,0.08,0.08,1.0,1.0,2.0,2.0,1.0,0,False,11.364249229431152
/agv2/capability_report,1788412780.3282568,1788412780.3218746,2,389278,0.08,0.08,1.0,1.0,2.0,2.0,1.0,0,False,11.736557006835938
/agv3/capability_report,1788412780.334268,1788412780.3297946,3,388393,0.08,0.08,1.0,1.0,2.0,2.0,1.0,0,False,11.64791202545166
/agv2/capability_report,1788412780.3352797,1788412780.3298745,2,389279,0.08,0.08,1.0,1.0,2.0,2.0,1.0,0,False,11.736557006835938
/agv1/capability_report,1788412780.3386886,1788412780.3385708,1,389728,0.08,0.08,1.0,1.0,2.0,2.0,1.0,0,False,10.04344367980957
/agv3/capability_report,1788412780.346312,1788412780.3417923,3,388394,0.08,0.08,1.0,1.0,2.0,2.0,1.0,0,False,11.64791202545166
/agv1/capability_report,1788412780.3466828,1788412780.3465683,1,389729,0.08,0.08,1.0,1.0,2.0,2.0,1.0,0,False,10.04344367980957
/agv2/capability_report,1788412780.3485236,1788412780.34186,2,389280,0.08,0.08,1.0,1.0,2.0,2.0,1.0,0,False,11.736557006835938
/agv3/capability_report,1788412780.3542824,1788412780.3497808,3,388395,0.08,0.08,1.0,1.0,2.0,2.0,1.0,0,False,11.64791202545166
/agv2/capability_report,1788412780.3553264,1788412780.3498976,2,389281,0.08,0.08,1.0,1.0,2.0,2.0,1.0,0,False,11.736557006835938
/agv1/capability_report,1788412780.3586726,1788412780.3585691,1,389730,0.08,0.08,1.0,1.0,2.0,2.0,1.0,0,False,10.04344367980957
/agv1/capability_report,1788412780.366887,1788412780.3666153,1,389731,0.08,0.08,1.0,1.0,2.0,2.0,1.0,0,False,10.04344367980957
/agv3/capability_report,1788412780.3670356,1788412780.3617837,3,388396,0.08,0.08,1.0,1.0,2.0,2.0,1.0,0,False,11.64791202545166
/agv2/capability_report,1788412780.3672824,1788412780.3618755,2,389282,0.08,0.08,1.0,1.0,2.0,2.0,1.0,0,False,11.736557006835938
/agv3/capability_report,1788412780.3748848,1788412780.3697877,3,388397,0.08,0.08,1.0,1.0,2.0,2.0,1.0,0,False,11.64791202545166
/agv2/capability_report,1788412780.3757477,1788412780.3698738,2,389283,0.08,0.08,1.0,1.0,2.0,2.0,1.0,0,False,11.736557006835938
/agv1/capability_report,1788412780.3787184,1788412780.3786118,1,389732,0.08,0.08,1.0,1.0,2.0,2.0,1.0,0,False,10.04344367980957
/agv3/capability_report,1788412780.3864841,1788412780.3817801,3,388398,0.08,0.08,1.0,1.0,2.0,2.0,1.0,0,False,11.736557006835938
/agv1/capability_report,1788412780.3866804,1788412780.386581,1,389733,0.08,0.08,1.0,1.0,2.0,2.0,1.0,0,False,10.04344367980957
/agv2/capability_report,1788412780.3877687,1788412780.3818638,2,389284,0.08,0.08,1.0,1.0,2.0,2.0,1.0,0,False,11.736557006835938
/agv3/capability_report,1788412780.3943684,1788412780.389776,3,388399,0.08,0.08,1.0,1.0,2.0,2.0,1.0,0,False,11.736557006835938
/agv2/capability_report,1788412780.396248,1788412780.389876,2,389285,0.08,0.08,1.0,1.0,2.0,2.0,1.0,0,False,11.736557006835938
/agv1/capability_report,1788412780.3987517,1788412780.3986146,1,389734,0.08,0.08,1.0,1.0,2.0,2.0,1.0,0,False,10.04344367980957
/agv3/capability_report,1788412780.4066749,1788412780.40178,3,388400,0.08,0.08,1.0,1.0,2.0,2.0,1.0,0,False,11.736557006835938
/agv1/capability_report,1788412780.4067092,1788412780.4065802,1,389735,0.08,0.08,1.0,1.0,2.0,2.0,1.0,0,False,10.04344367980957
/agv2/capability_report,1788412780.407613,1788412780.4018738,2,389286,0.08,0.08,1.0,1.0,2.0,2.0,1.0,0,False,11.736557006835938
/agv3/capability_report,1788412780.4154713,1788412780.4097948,3,388401,0.08,0.08,1.0,1.0,2.0,2.0,1.0,0,False,11.736557006835938
/agv2/capability_report,1788412780.4155006,1788412780.4098742,2,389287,0.08,0.08,1.0,1.0,2.0,2.0,1.0,0,False,11.674505233764648
/agv1/capability_report,1788412780.4187145,1788412780.4185755,1,389736,0.08,0.08,1.0,1.0,2.0,2.0,1.0,0,False,10.04344367980957
/agv3/capability_report,1788412780.4264402,1788412780.421843,3,388402,0.08,0.08,1.0,1.0,2.0,2.0,1.0,0,False,11.736557006835938
/agv1/capability_report,1788412780.4266765,1788412780.4265819,1,389737,0.08,0.08,1.0,1.0,2.0,2.0,1.0,0,False,10.04344367980957
/agv2/capability_report,1788412780.4272344,1788412780.4218726,2,389288,0.08,0.08,1.0,1.0,2.0,2.0,1.0,0,False,11.674505233764648
/agv3/capability_report,1788412780.4351575,1788412780.429774,3,388403,0.08,0.08,1.0,1.0,2.0,2.0,1.0,0,False,11.736557006835938
/agv2/capability_report,1788412780.436577,1788412780.429928,2,389289,0.08,0.08,1.0,1.0,2.0,2.0,1.0,0,False,11.674505233764648
/agv1/capability_report,1788412780.4387105,1788412780.438573,1,389738,0.08,0.08,1.0,1.0,2.0,2.0,1.0,0,False,10.04344367980957
/agv1/capability_report,1788412780.4466422,1788412780.4465663,1,389739,0.08,0.08,1.0,1.0,2.0,2.0,1.0,0,False,10.04344367980957
/agv2/capability_report,1788412780.4468844,1788412780.441872,2,389290,0.08,0.08,1.0,1.0,2.0,2.0,1.0,0,False,11.674505233764648
/agv3/capability_report,1788412780.4468906,1788412780.4417863,3,388404,0.08,0.08,1.0,1.0,2.0,2.0,1.0,0,False,11.736557006835938
/agv2/capability_report,1788412780.4561574,1788412780.4498699,2,389291,0.08,0.08,1.0,1.0,2.0,2.0,1.0,0,False,11.674505233764648
/agv3/capability_report,1788412780.4561796,1788412780.449787,3,388405,0.08,0.08,1.0,1.0,2.0,2.0,1.0,0,False,11.736557006835938
/agv1/capability_report,1788412780.4587212,1788412780.4585667,1,389740,0.08,0.08,1.0,1.0,2.0,2.0,1.0,0,False,10.04344367980957
/agv3/capability_report,1788412780.4662693,1788412780.4617782,3,388406,0.08,0.08,1.0,1.0,2.0,2.0,1.0,0,False,11.736557006835938
/agv1/capability_report,1788412780.4666107,1788412780.4665618,1,389741,0.08,0.08,1.0,1.0,2.0,2.0,1.0,0,False,10.04344367980957
/agv2/capability_report,1788412780.470003,1788412780.461858,2,389292,0.08,0.08,1.0,1.0,2.0,2.0,1.0,0,False,11.674505233764648
/agv2/capability_report,1788412780.475958,1788412780.469875,2,389293,0.08,0.08,1.0,1.0,2.0,2.0,1.0,0,False,11.674505233764648
/agv3/capability_report,1788412780.4768426,1788412780.4697874,3,388407,0.08,0.08,1.0,1.0,2.0,2.0,1.0,0,False,11.736557006835938
/agv1/capability_report,1788412780.4786997,1788412780.478612,1,389742,0.08,0.08,1.0,1.0,2.0,2.0,1.0,0,False,10.04344367980957
/agv1/capability_report,1788412780.486607,1788412780.4865606,1,389743,0.08,0.08,1.0,1.0,2.0,2.0,1.0,0,False,10.04344367980957
/agv2/capability_report,1788412780.4881577,1788412780.4818692,2,389294,0.08,0.08,1.0,1.0,2.0,2.0,1.0,0,False,11.674505233764648
/agv3/capability_report,1788412780.4882548,1788412780.4817789,3,388408,0.08,0.08,1.0,1.0,2.0,2.0,1.0,0,False,11.736557006835938
/agv3/capability_report,1788412780.4947863,1788412780.489768,3,388409,0.08,0.08,1.0,1.0,2.0,2.0,1.0,0,False,11.736557006835938
/agv2/capability_report,1788412780.496704,1788412780.4898708,2,389295,0.08,0.08,1.0,1.0,2.0,2.0,1.0,0,False,11.674505233764648
/agv1/capability_report,1788412780.498743,1788412780.498563,1,389744,0.08,0.08,1.0,1.0,2.0,2.0,1.0,0,False,11.19582462310791
/agv3/capability_report,1788412780.5064335,1788412780.5017748,3,388410,0.08,0.08,1.0,1.0,2.0,2.0,1.0,0,False,11.736557006835938
/agv1/capability_report,1788412780.506649,1788412780.5065598,1,389745,0.08,0.08,1.0,1.0,2.0,2.0,1.0,0,False,11.19582462310791
/agv2/capability_report,1788412780.5074902,1788412780.5018559,2,389296,0.08,0.08,1.0,1.0,2.0,2.0,1.0,0,False,11.674505233764648
/agv3/capability_report,1788412780.5143998,1788412780.509779,3,388411,0.08,0.08,1.0,1.0,2.0,2.0,1.0,0,False,11.736557006835938
/agv2/capability_report,1788412780.5161002,1788412780.5098665,2,389297,0.08,0.08,1.0,1.0,2.0,2.0,1.0,0,False,11.674505233764648
/agv1/capability_report,1788412780.5186527,1788412780.5185642,1,389746,0.08,0.08,1.0,1.0,2.0,2.0,1.0,0,False,11.19582462310791
/agv3/capability_report,1788412780.5263891,1788412780.5217776,3,388412,0.08,0.08,1.0,1.0,2.0,2.0,1.0,0,False,11.736557006835938
/agv1/capability_report,1788412780.5266094,1788412780.5265574,1,389747,0.08,0.08,1.0,1.0,2.0,2.0,1.0,0,False,11.19582462310791
/agv2/capability_report,1788412780.5273504,1788412780.5218716,2,389298,0.08,0.08,1.0,1.0,2.0,2.0,1.0,0,False,11.674505233764648
/agv3/capability_report,1788412780.5343738,1788412780.5297744,3,388413,0.08,0.08,1.0,1.0,2.0,2.0,1.0,0,False,11.736557006835938
/agv2/capability_report,1788412780.5355718,1788412780.5298743,2,389299,0.08,0.08,1.0,1.0,2.0,2.0,1.0,0,False,11.674505233764648
/agv1/capability_report,1788412780.538802,1788412780.538608,1,389748,0.08,0.08,1.0,1.0,2.0,2.0,1.0,0,False,11.19582462310791
/agv3/capability_report,1788412780.546346,1788412780.5417871,3,388414,0.08,0.08,1.0,1.0,2.0,2.0,1.0,0,False,11.807472229003906
/agv1/capability_report,1788412780.5466688,1788412780.5465598,1,389749,0.08,0.08,1.0,1.0,2.0,2.0,1.0,0,False,11.19582462310791
/agv2/capability_report,1788412780.5482118,1788412780.5418663,2,389300,0.08,0.08,1.0,1.0,2.0,2.0,1.0,0,False,11.674505233764648
/agv3/capability_report,1788412780.5544677,1788412780.549806,3,388415,0.08,0.08,1.0,1.0,2.0,2.0,1.0,0,False,11.807472229003906
/agv2/capability_report,1788412780.5561135,1788412780.5498688,2,389301,0.08,0.08,1.0,1.0,2.0,2.0,1.0,0,False,11.674505233764648
/agv1/capability_report,1788412780.558763,1788412780.558598,1,389750,0.08,0.08,1.0,1.0,2.0,2.0,1.0,0,False,11.19582462310791
/agv1/capability_report,1788412780.5667946,1788412780.5665755,1,389751,0.08,0.08,1.0,1.0,2.0,2.0,1.0,0,False,11.19582462310791
/agv2/capability_report,1788412780.5684338,1788412780.5618703,2,389302,0.08,0.08,1.0,1.0,2.0,2.0,1.0,0,False,11.674505233764648
/agv3/capability_report,1788412780.5684597,1788412780.5617812,3,388416,0.08,0.08,1.0,1.0,2.0,2.0,1.0,0,False,11.807472229003906
/agv3/capability_report,1788412780.5748382,1788412780.5697792,3,388417,0.08,0.08,1.0,1.0,2.0,2.0,1.0,0,False,11.807472229003906
/agv2/capability_report,1788412780.576392,1788412780.5698707,2,389303,0.08,0.08,1.0,1.0,2.0,2.0,1.0,0,False,11.674505233764648
/agv1/capability_report,1788412780.578735,1788412780.578569,1,389752,0.08,0.08,1.0,1.0,2.0,2.0,1.0,0,False,11.19582462310791
/agv3/capability_report,1788412780.5863967,1788412780.5817845,3,388418,0.08,0.08,1.0,1.0,2.0,2.0,1.0,0,False,11.807472229003906
/agv1/capability_report,1788412780.5866065,1788412780.5865598,1,389753,0.08,0.08,1.0,1.0,2.0,2.0,1.0,0,False,11.19582462310791
/agv2/capability_report,1788412780.588337,1788412780.5818639,2,389304,0.08,0.08,1.0,1.0,2.0,2.0,1.0,0,False,11.674505233764648
/agv3/capability_report,1788412780.5944948,1788412780.5897918,3,388419,0.08,0.08,1.0,1.0,2.0,2.0,1.0,0,False,11.807472229003906
/agv2/capability_report,1788412780.5962436,1788412780.5898645,2,389305,0.08,0.08,1.0,1.0,2.0,2.0,1.0,0,False,11.674505233764648
/agv1/capability_report,1788412780.598696,1788412780.5986042,1,389754,0.08,0.08,1.0,1.0,2.0,2.0,1.0,0,False,11.19582462310791
/agv1/capability_report,1788412780.6066108,1788412780.606557,1,389755,0.08,0.08,1.0,1.0,2.0,2.0,1.0,0,False,11.19582462310791
/agv2/capability_report,1788412780.6080034,1788412780.6017644,2,389306,0.08,0.08,1.0,1.0,2.0,2.0,1.0,0,False,11.674505233764648
/agv3/capability_report,1788412780.608044,1788412780.6017752,3,388420,0.08,0.08,1.0,1.0,2.0,2.0,1.0,0,False,11.807472229003906
/agv3/capability_report,1788412780.614953,1788412780.6097894,3,388421,0.08,0.08,1.0,1.0,2.0,2.0,1.0,0,False,11.807472229003906
/agv2/capability_report,1788412780.6153517,1788412780.609867,2,389307,0.08,0.08,1.0,1.0,2.0,2.0,1.0,0,False,11.674505233764648
/agv1/capability_report,1788412780.6186903,1788412780.6185586,1,389756,0.08,0.08,1.0,1.0,2.0,2.0,1.0,0,False,11.19582462310791
/agv3/capability_report,1788412780.6265793,1788412780.6217787,3,388422,0.08,0.08,1.0,1.0,2.0,2.0,1.0,0,False,11.807472229003906
/agv1/capability_report,1788412780.626677,1788412780.6265707,1,389757,0.08,0.08,1.0,1.0,2.0,2.0,1.0,0,False,11.19582462310791
/agv2/capability_report,1788412780.6275833,1788412780.6218622,2,389308,0.08,0.08,1.0,1.0,2.0,2.0,1.0,0,False,11.674505233764648
/agv3/capability_report,1788412780.634462,1788412780.6298192,3,388423,0.08,0.08,1.0,1.0,2.0,2.0,1.0,0,False,11.807472229003906
/agv2/capability_report,1788412780.63567,1788412780.6298742,2,389309,0.08,0.08,1.0,1.0,2.0,2.0,1.0,0,False,11.674505233764648
/agv1/capability_report,1788412780.6387303,1788412780.638606,1,389758,0.08,0.08,1.0,1.0,2.0,2.0,1.0,0,False,11.19582462310791
/agv3/capability_report,1788412780.6462677,1788412780.6417742,3,388424,0.08,0.08,1.0,1.0,2.0,2.0,1.0,0,False,11.807472229003906
/agv1/capability_report,1788412780.6466246,1788412780.6465728,1,389759,0.08,0.08,1.0,1.0,2.0,2.0,1.0,0,False,11.19582462310791
/agv2/capability_report,1788412780.648305,1788412780.6418667,2,389310,0.08,0.08,1.0,1.0,2.0,2.0,1.0,0,False,11.674505233764648
/agv3/capability_report,1788412780.654382,1788412780.649793,3,388425,0.08,0.08,1.0,1.0,2.0,2.0,1.0,0,False,11.807472229003906
/agv2/capability_report,1788412780.6577992,1788412780.649868,2,389311,0.08,0.08,1.0,1.0,2.0,2.0,1.0,0,False,11.674505233764648
/agv1/capability_report,1788412780.6587508,1788412780.6586347,1,389760,0.08,0.08,1.0,1.0,2.0,2.0,1.0,0,False,11.204689025878906
/agv3/capability_report,1788412780.6663077,1788412780.6617758,3,388426,0.08,0.08,1.0,1.0,2.0,2.0,1.0,0,False,11.807472229003906
/agv1/capability_report,1788412780.666638,1788412780.6665797,1,389761,0.08,0.08,1.0,1.0,2.0,2.0,1.0,0,False,11.204689025878906
/agv2/capability_report,1788412780.6675363,1788412780.661866,2,389312,0.08,0.08,1.0,1.0,2.0,2.0,1.0,0,False,11.674505233764648
/agv3/capability_report,1788412780.6755126,1788412780.669804,3,388427,0.08,0.08,1.0,1.0,2.0,2.0,1.0,0,False,11.807472229003906
/agv2/capability_report,1788412780.678665,1788412780.669867,2,389313,0.08,0.08,1.0,1.0,2.0,2.0,1.0,0,False,11.674505233764648
/agv1/capability_report,1788412780.678676,1788412780.6786232,1,389762,0.08,0.08,1.0,1.0,2.0,2.0,1.0,0,False,11.204689025878906
/agv1/capability_report,1788412780.6866257,1788412780.686568,1,389763,0.08,0.08,1.0,1.0,2.0,2.0,1.0,0,False,11.204689025878906
/agv3/capability_report,1788412780.686691,1788412780.6818042,3,388428,0.08,0.08,1.0,1.0,2.0,2.0,1.0,0,False,11.807472229003906
/agv2/capability_report,1788412780.688811,1788412780.6818702,2,389314,0.08,0.08,1.0,1.0,2.0,2.0,1.0,0,False,11.674505233764648
/agv3/capability_report,1788412780.6943617,1788412780.689778,3,388429,0.08,0.08,1.0,1.0,2.0,2.0,1.0,0,False,11.807472229003906
/agv2/capability_report,1788412780.6955214,1788412780.6898713,2,389315,0.08,0.08,1.0,1.0,2.0,2.0,1.0,0,False,11.674505233764648
/agv1/capability_report,1788412780.6987739,1788412780.6986308,1,389764,0.08,0.08,1.0,1.0,2.0,2.0,1.0,0,False,11.204689025878906
/agv3/capability_report,1788412780.7063239,1788412780.7017963,3,388430,0.08,0.08,1.0,1.0,2.0,2.0,1.0,0,False,11.825201034545898
/agv1/capability_report,1788412780.7066162,1788412780.7065718,1,389765,0.08,0.08,1.0,1.0,2.0,2.0,1.0,0,False,11.204689025878906
/agv2/capability_report,1788412780.7076201,1788412780.7018557,2,389316,0.08,0.08,1.0,1.0,2.0,2.0,1.0,0,False,11.674505233764648
/agv3/capability_report,1788412780.7147856,1788412780.7097871,3,388431,0.08,0.08,1.0,1.0,2.0,2.0,1.0,0,False,11.825201034545898
/agv2/capability_report,1788412780.7153702,1788412780.7098765,2,389317,0.08,0.08,1.0,1.0,2.0,2.0,1.0,0,False,11.674505233764648
/agv1/capability_report,1788412780.7187064,1788412780.7186184,1,389766,0.08,0.08,1.0,1.0,2.0,2.0,1.0,0,False,11.204689025878906
/agv1/capability_report,1788412780.726734,1788412780.7265594,1,389767,0.08,0.08,1.0,1.0,2.0,2.0,1.0,0,False,11.204689025878906
/agv3/capability_report,1788412780.7273245,1788412780.721859,3,388432,0.08,0.08,1.0,1.0,2.0,2.0,1.0,0,False,11.825201034545898
/agv2/capability_report,1788412780.7273676,1788412780.7218707,2,389318,0.08,0.08,1.0,1.0,2.0,2.0,1.0,0,False,11.674505233764648
/agv3/capability_report,1788412780.7356381,1788412780.729805,3,388433,0.08,0.08,1.0,1.0,2.0,2.0,1.0,0,False,11.825201034545898
/agv1/capability_report,1788412780.7387006,1788412780.738594,1,389768,0.08,0.08,1.0,1.0,2.0,2.0,1.0,0,False,11.204689025878906
/agv1/capability_report,1788412780.746714,1788412780.7466216,1,389769,0.08,0.08,1.0,1.0,2.0,2.0,1.0,0,False,11.204689025878906
/agv3/capability_report,1788412780.7468429,1788412780.7417767,3,388434,0.08,0.08,1.0,1.0,2.0,2.0,1.0,0,False,11.825201034545898
/agv3/capability_report,1788412780.7544384,1788412780.7497783,3,388435,0.08,0.08,1.0,1.0,2.0,2.0,1.0,0,False,11.825201034545898
/agv1/capability_report,1788412780.7588253,1788412780.758743,1,389770,0.08,0.08,1.0,1.0,2.0,2.0,1.0,0,False,11.204689025878906
/agv1/capability_report,1788412780.7666342,1788412780.7665768,1,389771,0.08,0.08,1.0,1.0,2.0,2.0,1.0,0,False,11.204689025878906
/agv3/capability_report,1788412780.7669785,1788412780.7618208,3,388436,0.08,0.08,1.0,1.0,2.0,2.0,1.0,0,False,11.825201034545898
/agv3/capability_report,1788412780.7756736,1788412780.769781,3,388437,0.08,0.08,1.0,1.0,2.0,2.0,1.0,0,False,11.825201034545898
/agv1/capability_report,1788412780.7786655,1788412780.7785733,1,389772,0.08,0.08,1.0,1.0,2.0,2.0,1.0,0,False,11.204689025878906
/agv3/capability_report,1788412780.7864683,1788412780.7818282,3,388438,0.08,0.08,1.0,1.0,2.0,2.0,1.0,0,False,11.825201034545898
/agv1/capability_report,1788412780.786716,1788412780.7865732,1,389773,0.08,0.08,1.0,1.0,2.0,2.0,1.0,0,False,11.204689025878906
/agv3/capability_report,1788412780.7943878,1788412780.7897732,3,388439,0.08,0.08,1.0,1.0,2.0,2.0,1.0,0,False,11.825201034545898
/agv1/capability_report,1788412780.7988129,1788412780.7986765,1,389774,0.08,0.08,1.0,1.0,2.0,2.0,1.0,0,False,11.204689025878906
/agv3/capability_report,1788412780.806658,1788412780.801776,3,388440,0.08,0.08,1.0,1.0,2.0,2.0,1.0,0,False,11.825201034545898
/agv1/capability_report,1788412780.8066661,1788412780.8065681,1,389775,0.08,0.08,1.0,1.0,2.0,2.0,1.0,0,False,11.204689025878906
/agv3/capability_report,1788412780.8146458,1788412780.8097937,3,388441,0.08,0.08,1.0,1.0,2.0,2.0,1.0,0,False,11.825201034545898
/agv1/capability_report,1788412780.81872,1788412780.818624,1,389776,0.08,0.08,1.0,1.0,2.0,2.0,1.0,0,False,10.974212646484375
/agv3/capability_report,1788412780.8263483,1788412780.8217976,3,388442,0.08,0.08,1.0,1.0,2.0,2.0,1.0,0,False,11.825201034545898
/agv1/capability_report,1788412780.8266597,1788412780.826561,1,389777,0.08,0.08,1.0,1.0,2.0,2.0,1.0,0,False,10.974212646484375
/agv3/capability_report,1788412780.8347678,1788412780.8298275,3,388443,0.08,0.08,1.0,1.0,2.0,2.0,1.0,0,False,11.825201034545898
/agv2/capability_report,1788412780.8381538,1788412780.729872,2,389319,0.08,0.08,1.0,1.0,2.0,2.0,1.0,0,False,11.60359001159668
/agv2/capability_report,1788412780.838156,1788412780.7418292,2,389320,0.08,0.08,1.0,1.0,2.0,2.0,1.0,0,False,11.60359001159668
/agv2/capability_report,1788412780.8381572,1788412780.7498648,2,389321,0.08,0.08,1.0,1.0,2.0,2.0,1.0,0,False,11.60359001159668
/agv2/capability_report,1788412780.838159,1788412780.76187,2,389322,0.08,0.08,1.0,1.0,2.0,2.0,1.0,0,False,11.60359001159668
/agv2/capability_report,1788412780.8381605,1788412780.7698734,2,389323,0.08,0.08,1.0,1.0,2.0,2.0,1.0,0,False,11.60359001159668
/agv2/capability_report,1788412780.838162,1788412780.7817335,2,389324,0.08,0.08,1.0,1.0,2.0,2.0,1.0,0,False,11.60359001159668
/agv2/capability_report,1788412780.8381634,1788412780.789871,2,389325,0.08,0.08,1.0,1.0,2.0,2.0,1.0,0,False,11.60359001159668
/agv2/capability_report,1788412780.8381708,1788412780.801881,2,389326,0.08,0.08,1.0,1.0,2.0,2.0,1.0,0,False,11.60359001159668
/agv2/capability_report,1788412780.838227,1788412780.8098736,2,389327,0.08,0.08,1.0,1.0,2.0,2.0,1.0,0,False,11.60359001159668
/agv2/capability_report,1788412780.8382452,1788412780.821735,2,389328,0.08,0.08,1.0,1.0,2.0,2.0,1.0,0,False,11.60359001159668
/agv2/capability_report,1788412780.8382592,1788412780.8298743,2,389329,0.08,0.08,1.0,1.0,2.0,2.0,1.0,0,False,11.60359001159668
/agv1/capability_report,1788412780.8388524,1788412780.8386035,1,389778,0.08,0.08,1.0,1.0,2.0,2.0,1.0,0,False,10.974212646484375
/agv3/capability_report,1788412780.8463356,1788412780.8417745,3,388444,0.08,0.08,1.0,1.0,2.0,2.0,1.0,0,False,11.825201034545898
/agv1/capability_report,1788412780.8466032,1788412780.8465612,1,389779,0.08,0.08,1.0,1.0,2.0,2.0,1.0,0,False,10.974212646484375
/agv2/capability_report,1788412780.847098,1788412780.8418713,2,389330,0.08,0.08,1.0,1.0,2.0,2.0,1.0,0,False,11.60359001159668
/agv3/capability_report,1788412780.854974,1788412780.849761,3,388445,0.08,0.08,1.0,1.0,2.0,2.0,1.0,0,False,11.825201034545898
/agv2/capability_report,1788412780.8558562,1788412780.8498745,2,389331,0.08,0.08,1.0,1.0,2.0,2.0,1.0,0,False,11.60359001159668
/agv1/capability_report,1788412780.8587253,1788412780.8585954,1,389780,0.08,0.08,1.0,1.0,2.0,2.0,1.0,0,False,10.974212646484375
/agv3/capability_report,1788412780.866478,1788412780.8617764,3,388446,0.08,0.08,1.0,1.0,2.0,2.0,1.0,0,False,11.772014617919922
/agv1/capability_report,1788412780.8666592,1788412780.866616,1,389781,0.08,0.08,1.0,1.0,2.0,2.0,1.0,0,False,10.974212646484375
/agv2/capability_report,1788412780.8673537,1788412780.8617342,2,389332,0.08,0.08,1.0,1.0,2.0,2.0,1.0,0,False,11.60359001159668
/agv3/capability_report,1788412780.874432,1788412780.869785,3,388447,0.08,0.08,1.0,1.0,2.0,2.0,1.0,0,False,11.772014617919922
/agv2/capability_report,1788412780.8761983,1788412780.8698747,2,389333,0.08,0.08,1.0,1.0,2.0,2.0,1.0,0,False,11.60359001159668
/agv1/capability_report,1788412780.8788335,1788412780.8786883,1,389782,0.08,0.08,1.0,1.0,2.0,2.0,1.0,0,False,10.974212646484375
/agv1/capability_report,1788412780.8867316,1788412780.8865738,1,389783,0.08,0.08,1.0,1.0,2.0,2.0,1.0,0,False,10.974212646484375
/agv2/capability_report,1788412780.8869863,1788412780.8818815,2,389334,0.08,0.08,1.0,1.0,2.0,2.0,1.0,0,False,11.60359001159668
/agv3/capability_report,1788412780.8879175,1788412780.8817868,3,388448,0.08,0.08,1.0,1.0,2.0,2.0,1.0,0,False,11.772014617919922
/agv2/capability_report,1788412780.8956614,1788412780.8898716,2,389335,0.08,0.08,1.0,1.0,2.0,2.0,1.0,0,False,11.683369636535645
/agv3/capability_report,1788412780.8957815,1788412780.889766,3,388449,0.08,0.08,1.0,1.0,2.0,2.0,1.0,0,False,11.772014617919922
/agv1/capability_report,1788412780.898865,1788412780.8987045,1,389784,0.08,0.08,1.0,1.0,2.0,2.0,1.0,0,False,10.974212646484375
/agv3/capability_report,1788412780.9062965,1788412780.9017758,3,388450,0.08,0.08,1.0,1.0,2.0,2.0,1.0,0,False,11.772014617919922
/agv1/capability_report,1788412780.9066584,1788412780.9065733,1,389785,0.08,0.08,1.0,1.0,2.0,2.0,1.0,0,False,10.974212646484375
/agv2/capability_report,1788412780.9073682,1788412780.9017339,2,389336,0.08,0.08,1.0,1.0,2.0,2.0,1.0,0,False,11.683369636535645
/agv3/capability_report,1788412780.9147797,1788412780.909843,3,388451,0.08,0.08,1.0,1.0,2.0,2.0,1.0,0,False,11.772014617919922
/agv2/capability_report,1788412780.9163313,1788412780.9098732,2,389337,0.08,0.08,1.0,1.0,2.0,2.0,1.0,0,False,11.683369636535645
/agv1/capability_report,1788412780.9187376,1788412780.918615,1,389786,0.08,0.08,1.0,1.0,2.0,2.0,1.0,0,False,10.974212646484375
/agv3/capability_report,1788412780.9265623,1788412780.9217758,3,388452,0.08,0.08,1.0,1.0,2.0,2.0,1.0,0,False,11.772014617919922
/agv1/capability_report,1788412780.926717,1788412780.926637,1,389787,0.08,0.08,1.0,1.0,2.0,2.0,1.0,0,False,10.974212646484375
/agv2/capability_report,1788412780.9299495,1788412780.9218805,2,389338,0.08,0.08,1.0,1.0,2.0,2.0,1.0,0,False,11.683369636535645
/agv2/capability_report,1788412780.9354436,1788412780.929875,2,389339,0.08,0.08,1.0,1.0,2.0,2.0,1.0,0,False,11.683369636535645
/agv3/capability_report,1788412780.936928,1788412780.9298337,3,388453,0.08,0.08,1.0,1.0,2.0,2.0,1.0,0,False,11.772014617919922
/agv1/capability_report,1788412780.9387517,1788412780.9386075,1,389788,0.08,0.08,1.0,1.0,2.0,2.0,1.0,0,False,10.974212646484375
/agv3/capability_report,1788412780.946447,1788412780.9417825,3,388454,0.08,0.08,1.0,1.0,2.0,2.0,1.0,0,False,11.772014617919922
/agv1/capability_report,1788412780.9466522,1788412780.9465606,1,389789,0.08,0.08,1.0,1.0,2.0,2.0,1.0,0,False,10.974212646484375
/agv2/capability_report,1788412780.9478984,1788412780.9417353,2,389340,0.08,0.08,1.0,1.0,2.0,2.0,1.0,0,False,11.683369636535645
/agv3/capability_report,1788412780.9543428,1788412780.9497561,3,388455,0.08,0.08,1.0,1.0,2.0,2.0,1.0,0,False,11.772014617919922
/agv2/capability_report,1788412780.9566364,1788412780.9498737,2,389341,0.08,0.08,1.0,1.0,2.0,2.0,1.0,0,False,11.683369636535645
/agv1/capability_report,1788412780.9587572,1788412780.9585595,1,389790,0.08,0.08,1.0,1.0,2.0,2.0,1.0,0,False,10.974212646484375
/agv3/capability_report,1788412780.9664984,1788412780.9617789,3,388456,0.08,0.08,1.0,1.0,2.0,2.0,1.0,0,False,11.772014617919922
/agv1/capability_report,1788412780.9667065,1788412780.9665701,1,389791,0.08,0.08,1.0,1.0,2.0,2.0,1.0,0,False,10.974212646484375
/agv2/capability_report,1788412780.9683087,1788412780.9618764,2,389342,0.08,0.08,1.0,1.0,2.0,2.0,1.0,0,False,11.683369636535645
/agv3/capability_report,1788412780.9743972,1788412780.969807,3,388457,0.08,0.08,1.0,1.0,2.0,2.0,1.0,0,False,11.772014617919922
/agv2/capability_report,1788412780.9752886,1788412780.9698718,2,389343,0.08,0.08,1.0,1.0,2.0,2.0,1.0,0,False,11.683369636535645
/agv1/capability_report,1788412780.9788432,1788412780.9786098,1,389792,0.08,0.08,1.0,1.0,2.0,2.0,1.0,0,False,10.504395484924316
/agv3/capability_report,1788412780.9864264,1788412780.981839,3,388458,0.08,0.08,1.0,1.0,2.0,2.0,1.0,0,False,11.772014617919922
/agv1/capability_report,1788412780.9867313,1788412780.9865537,1,389793,0.08,0.08,1.0,1.0,2.0,2.0,1.0,0,False,10.504395484924316
/agv2/capability_report,1788412780.9880953,1788412780.981864,2,389344,0.08,0.08,1.0,1.0,2.0,2.0,1.0,0,False,11.683369636535645
/agv3/capability_report,1788412780.9943328,1788412780.9897828,3,388459,0.08,0.08,1.0,1.0,2.0,2.0,1.0,0,False,11.772014617919922
/agv2/capability_report,1788412780.9961698,1788412780.9898708,2,389345,0.08,0.08,1.0,1.0,2.0,2.0,1.0,0,False,11.683369636535645
/agv1/capability_report,1788412780.9987724,1788412780.998591,1,389794,0.08,0.08,1.0,1.0,2.0,2.0,1.0,0,False,10.504395484924316
/agv3/capability_report,1788412781.0063515,1788412781.001822,3,388460,0.08,0.08,1.0,1.0,2.0,2.0,1.0,0,False,11.772014617919922
/agv1/capability_report,1788412781.0066094,1788412781.0065558,1,389795,0.08,0.08,1.0,1.0,2.0,2.0,1.0,0,False,10.504395484924316
/agv2/capability_report,1788412781.0070195,1788412781.0018373,2,389346,0.08,0.08,1.0,1.0,2.0,2.0,1.0,0,False,11.683369636535645
/agv3/capability_report,1788412781.0145364,1788412781.0097833,3,388461,0.08,0.08,1.0,1.0,2.0,2.0,1.0,0,False,11.772014617919922
/agv2/capability_report,1788412781.015971,1788412781.0098736,2,389347,0.08,0.08,1.0,1.0,2.0,2.0,1.0,0,False,11.683369636535645
/agv1/capability_report,1788412781.0187972,1788412781.0186079,1,389796,0.08,0.08,1.0,1.0,2.0,2.0,1.0,0,False,10.504395484924316
/agv3/capability_report,1788412781.0263522,1788412781.0217807,3,388462,0.08,0.08,1.0,1.0,2.0,2.0,1.0,0,False,11.772014617919922
/agv1/capability_report,1788412781.0267055,1788412781.0265596,1,389797,0.08,0.08,1.0,1.0,2.0,2.0,1.0,0,False,10.504395484924316
/agv2/capability_report,1788412781.0273795,1788412781.0218608,2,389348,0.08,0.08,1.0,1.0,2.0,2.0,1.0,0,False,11.683369636535645
/agv3/capability_report,1788412781.0344334,1788412781.0297768,3,388463,0.08,0.08,1.0,1.0,2.0,2.0,1.0,0,False,11.772014617919922
/agv2/capability_report,1788412781.0354168,1788412781.0298698,2,389349,0.08,0.08,1.0,1.0,2.0,2.0,1.0,0,False,11.683369636535645
/agv1/capability_report,1788412781.0387268,1788412781.0385563,1,389798,0.08,0.08,1.0,1.0,2.0,2.0,1.0,0,False,10.504395484924316
/agv3/capability_report,1788412781.046697,1788412781.0417814,3,388464,0.08,0.08,1.0,1.0,2.0,2.0,1.0,0,False,11.772014617919922
/agv1/capability_report,1788412781.0467052,1788412781.0465574,1,389799,0.08,0.08,1.0,1.0,2.0,2.0,1.0,0,False,10.504395484924316
/agv2/capability_report,1788412781.0475285,1788412781.0418332,2,389350,0.08,0.08,1.0,1.0,2.0,2.0,1.0,0,False,11.683369636535645
/agv3/capability_report,1788412781.054558,1788412781.0497746,3,388465,0.08,0.08,1.0,1.0,2.0,2.0,1.0,0,False,11.772014617919922
/agv2/capability_report,1788412781.055568,1788412781.0498738,2,389351,0.08,0.08,1.0,1.0,2.0,2.0,1.0,0,False,11.674505233764648
/agv1/capability_report,1788412781.0588286,1788412781.0586984,1,389800,0.08,0.08,1.0,1.0,2.0,2.0,1.0,0,False,10.504395484924316
/agv1/capability_report,1788412781.0666385,1788412781.0665712,1,389801,0.08,0.08,1.0,1.0,2.0,2.0,1.0,0,False,10.504395484924316
/agv2/capability_report,1788412781.0681329,1788412781.0617473,2,389352,0.08,0.08,1.0,1.0,2.0,2.0,1.0,0,False,11.674505233764648
/agv3/capability_report,1788412781.068142,1788412781.0617957,3,388466,0.08,0.08,1.0,1.0,2.0,2.0,1.0,0,False,11.772014617919922
/agv2/capability_report,1788412781.0754397,1788412781.0698988,2,389353,0.08,0.08,1.0,1.0,2.0,2.0,1.0,0,False,11.674505233764648
/agv3/capability_report,1788412781.0755498,1788412781.069803,3,388467,0.08,0.08,1.0,1.0,2.0,2.0,1.0,0,False,11.772014617919922
/agv1/capability_report,1788412781.0787191,1788412781.0785766,1,389802,0.08,0.08,1.0,1.0,2.0,2.0,1.0,0,False,10.504395484924316
/agv3/capability_report,1788412781.0864034,1788412781.081791,3,388468,0.08,0.08,1.0,1.0,2.0,2.0,1.0,0,False,11.772014617919922
/agv1/capability_report,1788412781.0867167,1788412781.086617,1,389803,0.08,0.08,1.0,1.0,2.0,2.0,1.0,0,False,10.504395484924316
/agv2/capability_report,1788412781.087596,1788412781.0818768,2,389354,0.08,0.08,1.0,1.0,2.0,2.0,1.0,0,False,11.674505233764648
/agv2/capability_report,1788412781.0963407,1788412781.0898747,2,389355,0.08,0.08,1.0,1.0,2.0,2.0,1.0,0,False,11.674505233764648
/agv3/capability_report,1788412781.0963557,1788412781.0897505,3,388469,0.08,0.08,1.0,1.0,2.0,2.0,1.0,0,False,11.772014617919922
/agv1/capability_report,1788412781.0988955,1788412781.0987058,1,389804,0.08,0.08,1.0,1.0,2.0,2.0,1.0,0,False,10.504395484924316
/agv1/capability_report,1788412781.1067407,1788412781.106637,1,389805,0.08,0.08,1.0,1.0,2.0,2.0,1.0,0,False,10.504395484924316
/agv2/capability_report,1788412781.1097553,1788412781.1017532,2,389356,0.08,0.08,1.0,1.0,2.0,2.0,1.0,0,False,11.674505233764648
/agv3/capability_report,1788412781.109925,1788412781.1017869,3,388470,0.08,0.08,1.0,1.0,2.0,2.0,1.0,0,False,11.772014617919922
/agv3/capability_report,1788412781.1146703,1788412781.109797,3,388471,0.08,0.08,1.0,1.0,2.0,2.0,1.0,0,False,11.772014617919922
/agv2/capability_report,1788412781.1157556,1788412781.109891,2,389357,0.08,0.08,1.0,1.0,2.0,2.0,1.0,0,False,11.674505233764648
/agv1/capability_report,1788412781.1188812,1788412781.1187065,1,389806,0.08,0.08,1.0,1.0,2.0,2.0,1.0,0,False,10.504395484924316
/agv3/capability_report,1788412781.12657,1788412781.1217725,3,388472,0.08,0.08,1.0,1.0,2.0,2.0,1.0,0,False,11.772014617919922
/agv1/capability_report,1788412781.1266713,1788412781.1265697,1,389807,0.08,0.08,1.0,1.0,2.0,2.0,1.0,0,False,10.504395484924316
/agv2/capability_report,1788412781.1270602,1788412781.1218736,2,389358,0.08,0.08,1.0,1.0,2.0,2.0,1.0,0,False,11.674505233764648
/agv3/capability_report,1788412781.135006,1788412781.1297638,3,388473,0.08,0.08,1.0,1.0,2.0,2.0,1.0,0,False,11.772014617919922
/agv2/capability_report,1788412781.1357014,1788412781.129859,2,389359,0.08,0.08,1.0,1.0,2.0,2.0,1.0,0,False,11.674505233764648
/agv1/capability_report,1788412781.1387818,1788412781.1385949,1,389808,0.08,0.08,1.0,1.0,2.0,2.0,1.0,0,False,10.93875503540039
/agv3/capability_report,1788412781.1463263,1788412781.1417804,3,388474,0.08,0.08,1.0,1.0,2.0,2.0,1.0,0,False,11.772014617919922
/agv1/capability_report,1788412781.1466012,1788412781.1465595,1,389809,0.08,0.08,1.0,1.0,2.0,2.0,1.0,0,False,10.93875503540039
/agv2/capability_report,1788412781.147888,1788412781.141748,2,389360,0.08,0.08,1.0,1.0,2.0,2.0,1.0,0,False,11.674505233764648
/agv3/capability_report,1788412781.1550884,1788412781.1497881,3,388475,0.08,0.08,1.0,1.0,2.0,2.0,1.0,0,False,11.772014617919922
/agv2/capability_report,1788412781.1565487,1788412781.149881,2,389361,0.08,0.08,1.0,1.0,2.0,2.0,1.0,0,False,11.674505233764648
/agv1/capability_report,1788412781.1586761,1788412781.1585913,1,389810,0.08,0.08,1.0,1.0,2.0,2.0,1.0,0,False,10.93875503540039
/agv3/capability_report,1788412781.1666417,1788412781.1617785,3,388476,0.08,0.08,1.0,1.0,2.0,2.0,1.0,0,False,11.772014617919922
/agv1/capability_report,1788412781.1666474,1788412781.1665509,1,389811,0.08,0.08,1.0,1.0,2.0,2.0,1.0,0,False,10.93875503540039
/agv2/capability_report,1788412781.1689403,1788412781.1617355,2,389362,0.08,0.08,1.0,1.0,2.0,2.0,1.0,0,False,11.674505233764648
/agv3/capability_report,1788412781.1744883,1788412781.1698017,3,388477,0.08,0.08,1.0,1.0,2.0,2.0,1.0,0,False,11.772014617919922
/agv2/capability_report,1788412781.176589,1788412781.1698713,2,389363,0.08,0.08,1.0,1.0,2.0,2.0,1.0,0,False,11.674505233764648
/agv1/capability_report,1788412781.1787739,1788412781.178561,1,389812,0.08,0.08,1.0,1.0,2.0,2.0,1.0,0,False,10.93875503540039
/agv3/capability_report,1788412781.1863177,1788412781.181785,3,388478,0.08,0.08,1.0,1.0,2.0,2.0,1.0,0,False,11.772014617919922
/agv1/capability_report,1788412781.1866493,1788412781.1865575,1,389813,0.08,0.08,1.0,1.0,2.0,2.0,1.0,0,False,10.93875503540039
/agv2/capability_report,1788412781.1877801,1788412781.1818645,2,389364,0.08,0.08,1.0,1.0,2.0,2.0,1.0,0,False,11.674505233764648
/agv2/capability_report,1788412781.1984203,1788412781.1898758,2,389365,0.08,0.08,1.0,1.0,2.0,2.0,1.0,0,False,11.674505233764648
/agv3/capability_report,1788412781.198443,1788412781.189776,3,388479,0.08,0.08,1.0,1.0,2.0,2.0,1.0,0,False,11.772014617919922
/agv1/capability_report,1788412781.1987493,1788412781.1985605,1,389814,0.08,0.08,1.0,1.0,2.0,2.0,1.0,0,False,10.93875503540039
/agv1/capability_report,1788412781.206731,1788412781.20657,1,389815,0.08,0.08,1.0,1.0,2.0,2.0,1.0,0,False,10.93875503540039
/agv3/capability_report,1788412781.2088163,1788412781.2017791,3,388480,0.08,0.08,1.0,1.0,2.0,2.0,1.0,0,False,11.772014617919922
/agv2/capability_report,1788412781.2103841,1788412781.2018764,2,389366,0.08,0.08,1.0,1.0,2.0,2.0,1.0,0,False,11.674505233764648
/agv3/capability_report,1788412781.2148159,1788412781.2097704,3,388481,0.08,0.08,1.0,1.0,2.0,2.0,1.0,0,False,11.772014617919922
/agv2/capability_report,1788412781.2157314,1788412781.2098703,2,389367,0.08,0.08,1.0,1.0,2.0,2.0,1.0,0,False,11.612454414367676
/agv1/capability_report,1788412781.2187078,1788412781.2185574,1,389816,0.08,0.08,1.0,1.0,2.0,2.0,1.0,0,False,10.93875503540039
/agv1/capability_report,1788412781.2267182,1788412781.2265573,1,389817,0.08,0.08,1.0,1.0,2.0,2.0,1.0,0,False,10.93875503540039
/agv3/capability_report,1788412781.2274213,1788412781.2217803,3,388482,0.08,0.08,1.0,1.0,2.0,2.0,1.0,0,False,11.772014617919922
/agv2/capability_report,1788412781.2287385,1788412781.2218692,2,389368,0.08,0.08,1.0,1.0,2.0,2.0,1.0,0,False,11.612454414367676
/agv3/capability_report,1788412781.238198,1788412781.2297993,3,388483,0.08,0.08,1.0,1.0,2.0,2.0,1.0,0,False,11.772014617919922
/agv1/capability_report,1788412781.2387276,1788412781.2385864,1,389818,0.08,0.08,1.0,1.0,2.0,2.0,1.0,0,False,10.93875503540039
/agv2/capability_report,1788412781.2416918,1788412781.2298353,2,389369,0.08,0.08,1.0,1.0,2.0,2.0,1.0,0,False,11.612454414367676
/agv1/capability_report,1788412781.2466948,1788412781.2465565,1,389819,0.08,0.08,1.0,1.0,2.0,2.0,1.0,0,False,10.93875503540039
/agv2/capability_report,1788412781.2476301,1788412781.24187,2,389370,0.08,0.08,1.0,1.0,2.0,2.0,1.0,0,False,11.612454414367676
/agv3/capability_report,1788412781.2476437,1788412781.2417812,3,388484,0.08,0.08,1.0,1.0,2.0,2.0,1.0,0,False,11.772014617919922
/agv3/capability_report,1788412781.2544897,1788412781.249796,3,388485,0.08,0.08,1.0,1.0,2.0,2.0,1.0,0,False,11.772014617919922
/agv2/capability_report,1788412781.2556863,1788412781.249874,2,389371,0.08,0.08,1.0,1.0,2.0,2.0,1.0,0,False,11.612454414367676
/agv1/capability_report,1788412781.2587926,1788412781.258589,1,389820,0.08,0.08,1.0,1.0,2.0,2.0,1.0,0,False,10.93875503540039
/agv3/capability_report,1788412781.2664402,1788412781.261799,3,388486,0.08,0.08,1.0,1.0,2.0,2.0,1.0,0,False,11.772014617919922
/agv1/capability_report,1788412781.2666874,1788412781.2665722,1,389821,0.08,0.08,1.0,1.0,2.0,2.0,1.0,0,False,10.93875503540039
/agv2/capability_report,1788412781.2673128,1788412781.2618623,2,389372,0.08,0.08,1.0,1.0,2.0,2.0,1.0,0,False,11.612454414367676
/agv3/capability_report,1788412781.2744787,1788412781.2698,3,388487,0.08,0.08,1.0,1.0,2.0,2.0,1.0,0,False,11.772014617919922
/agv2/capability_report,1788412781.275753,1788412781.2698734,2,389373,0.08,0.08,1.0,1.0,2.0,2.0,1.0,0,False,11.612454414367676
/agv1/capability_report,1788412781.278794,1788412781.2786117,1,389822,0.08,0.08,1.0,1.0,2.0,2.0,1.0,0,False,10.93875503540039
/agv3/capability_report,1788412781.2867692,1788412781.2817864,3,388488,0.08,0.08,1.0,1.0,2.0,2.0,1.0,0,False,11.772014617919922
/agv1/capability_report,1788412781.2868347,1788412781.2866423,1,389823,0.08,0.08,1.0,1.0,2.0,2.0,1.0,0,False,10.93875503540039
/agv2/capability_report,1788412781.2882946,1788412781.2818706,2,389374,0.08,0.08,1.0,1.0,2.0,2.0,1.0,0,False,11.612454414367676
/agv3/capability_report,1788412781.295263,1788412781.2897716,3,388489,0.08,0.08,1.0,1.0,2.0,2.0,1.0,0,False,11.772014617919922
/agv2/capability_report,1788412781.296338,1788412781.2898767,2,389375,0.08,0.08,1.0,1.0,2.0,2.0,1.0,0,False,11.612454414367676
/agv1/capability_report,1788412781.298688,1788412781.298571,1,389824,0.08,0.08,1.0,1.0,2.0,2.0,1.0,0,False,10.841245651245117
/agv3/capability_report,1788412781.3063102,1788412781.3017497,3,388490,0.08,0.08,1.0,1.0,2.0,2.0,1.0,0,False,11.772014617919922
/agv1/capability_report,1788412781.3066742,1788412781.3065736,1,389825,0.08,0.08,1.0,1.0,2.0,2.0,1.0,0,False,10.841245651245117
/agv2/capability_report,1788412781.308154,1788412781.3017337,2,389376,0.08,0.08,1.0,1.0,2.0,2.0,1.0,0,False,11.612454414367676
/agv3/capability_report,1788412781.3142667,1788412781.3097863,3,388491,0.08,0.08,1.0,1.0,2.0,2.0,1.0,0,False,11.772014617919922
/agv2/capability_report,1788412781.3153203,1788412781.309875,2,389377,0.08,0.08,1.0,1.0,2.0,2.0,1.0,0,False,11.612454414367676
/agv1/capability_report,1788412781.3187551,1788412781.3186283,1,389826,0.08,0.08,1.0,1.0,2.0,2.0,1.0,0,False,10.841245651245117
/agv3/capability_report,1788412781.3263881,1788412781.321784,3,388492,0.08,0.08,1.0,1.0,2.0,2.0,1.0,0,False,11.772014617919922
/agv1/capability_report,1788412781.3266382,1788412781.3265703,1,389827,0.08,0.08,1.0,1.0,2.0,2.0,1.0,0,False,10.841245651245117
/agv2/capability_report,1788412781.327459,1788412781.3218408,2,389378,0.08,0.08,1.0,1.0,2.0,2.0,1.0,0,False,11.612454414367676
/agv2/capability_report,1788412781.3356235,1788412781.3298755,2,389379,0.08,0.08,1.0,1.0,2.0,2.0,1.0,0,False,11.612454414367676
/agv3/capability_report,1788412781.3357565,1788412781.3297942,3,388493,0.08,0.08,1.0,1.0,2.0,2.0,1.0,0,False,11.772014617919922
/agv1/capability_report,1788412781.3386877,1788412781.3386104,1,389828,0.08,0.08,1.0,1.0,2.0,2.0,1.0,0,False,10.841245651245117
/agv3/capability_report,1788412781.3462899,1788412781.3418021,3,388494,0.08,0.08,1.0,1.0,2.0,2.0,1.0,0,False,11.75428581237793
/agv1/capability_report,1788412781.3466232,1788412781.3465762,1,389829,0.08,0.08,1.0,1.0,2.0,2.0,1.0,0,False,10.841245651245117
/agv2/capability_report,1788412781.3474686,1788412781.341863,2,389380,0.08,0.08,1.0,1.0,2.0,2.0,1.0,0,False,11.612454414367676
/agv3/capability_report,1788412781.35474,1788412781.3497963,3,388495,0.08,0.08,1.0,1.0,2.0,2.0,1.0,0,False,11.75428581237793
/agv2/capability_report,1788412781.3564024,1788412781.3498702,2,389381,0.08,0.08,1.0,1.0,2.0,2.0,1.0,0,False,11.612454414367676
/agv1/capability_report,1788412781.3588302,1788412781.3586888,1,389830,0.08,0.08,1.0,1.0,2.0,2.0,1.0,0,False,10.841245651245117
/agv3/capability_report,1788412781.36645,1788412781.3617833,3,388496,0.08,0.08,1.0,1.0,2.0,2.0,1.0,0,False,11.75428581237793
/agv1/capability_report,1788412781.3666413,1788412781.3665698,1,389831,0.08,0.08,1.0,1.0,2.0,2.0,1.0,0,False,10.841245651245117
/agv2/capability_report,1788412781.3670452,1788412781.3618748,2,389382,0.08,0.08,1.0,1.0,2.0,2.0,1.0,0,False,11.612454414367676
/agv3/capability_report,1788412781.3748834,1788412781.3697836,3,388497,0.08,0.08,1.0,1.0,2.0,2.0,1.0,0,False,11.75428581237793
/agv2/capability_report,1788412781.3756378,1788412781.3698692,2,389383,0.08,0.08,1.0,1.0,2.0,2.0,1.0,0,False,11.54153823852539
/agv1/capability_report,1788412781.37873,1788412781.3786352,1,389832,0.08,0.08,1.0,1.0,2.0,2.0,1.0,0,False,10.841245651245117
/agv3/capability_report,1788412781.3864172,1788412781.381783,3,388498,0.08,0.08,1.0,1.0,2.0,2.0,1.0,0,False,11.75428581237793
/agv1/capability_report,1788412781.3866203,1788412781.386575,1,389833,0.08,0.08,1.0,1.0,2.0,2.0,1.0,0,False,10.841245651245117
/agv2/capability_report,1788412781.3873317,1788412781.381755,2,389384,0.08,0.08,1.0,1.0,2.0,2.0,1.0,0,False,11.54153823852539
/agv2/capability_report,1788412781.395691,1788412781.3898683,2,389385,0.08,0.08,1.0,1.0,2.0,2.0,1.0,0,False,11.54153823852539
/agv1/capability_report,1788412781.398841,1788412781.3987405,1,389834,0.08,0.08,1.0,1.0,2.0,2.0,1.0,0,False,10.841245651245117
/agv3/capability_report,1788412781.3992553,1788412781.3897755,3,388499,0.08,0.08,1.0,1.0,2.0,2.0,1.0,0,False,11.75428581237793
/agv3/capability_report,1788412781.4063203,1788412781.4017403,3,388500,0.08,0.08,1.0,1.0,2.0,2.0,1.0,0,False,11.75428581237793
/agv1/capability_report,1788412781.4066248,1788412781.4065738,1,389835,0.08,0.08,1.0,1.0,2.0,2.0,1.0,0,False,10.841245651245117
/agv2/capability_report,1788412781.407481,1788412781.4018738,2,389386,0.08,0.08,1.0,1.0,2.0,2.0,1.0,0,False,11.54153823852539
/agv3/capability_report,1788412781.4143548,1788412781.4097724,3,388501,0.08,0.08,1.0,1.0,2.0,2.0,1.0,0,False,11.75428581237793
/agv2/capability_report,1788412781.4155817,1788412781.4098756,2,389387,0.08,0.08,1.0,1.0,2.0,2.0,1.0,0,False,11.54153823852539
/agv1/capability_report,1788412781.4187534,1788412781.4186158,1,389836,0.08,0.08,1.0,1.0,2.0,2.0,1.0,0,False,10.841245651245117
/agv3/capability_report,1788412781.4264612,1788412781.4217796,3,388502,0.08,0.08,1.0,1.0,2.0,2.0,1.0,0,False,11.75428581237793
/agv1/capability_report,1788412781.426648,1788412781.426569,1,389837,0.08,0.08,1.0,1.0,2.0,2.0,1.0,0,False,10.841245651245117
/agv2/capability_report,1788412781.4277499,1788412781.421753,2,389388,0.08,0.08,1.0,1.0,2.0,2.0,1.0,0,False,11.54153823852539
/agv3/capability_report,1788412781.434363,1788412781.429777,3,388503,0.08,0.08,1.0,1.0,2.0,2.0,1.0,0,False,11.75428581237793
/agv2/capability_report,1788412781.4361727,1788412781.4298465,2,389389,0.08,0.08,1.0,1.0,2.0,2.0,1.0,0,False,11.54153823852539
/agv1/capability_report,1788412781.438764,1788412781.4386315,1,389838,0.08,0.08,1.0,1.0,2.0,2.0,1.0,0,False,10.841245651245117
/agv3/capability_report,1788412781.446299,1788412781.4417794,3,388504,0.08,0.08,1.0,1.0,2.0,2.0,1.0,0,False,11.75428581237793
/agv1/capability_report,1788412781.4466724,1788412781.4465714,1,389839,0.08,0.08,1.0,1.0,2.0,2.0,1.0,0,False,10.841245651245117
/agv2/capability_report,1788412781.447804,1788412781.441873,2,389390,0.08,0.08,1.0,1.0,2.0,2.0,1.0,0,False,11.54153823852539
/agv2/capability_report,1788412781.4555235,1788412781.4498715,2,389391,0.08,0.08,1.0,1.0,2.0,2.0,1.0,0,False,11.54153823852539
/agv3/capability_report,1788412781.455554,1788412781.4497929,3,388505,0.08,0.08,1.0,1.0,2.0,2.0,1.0,0,False,11.75428581237793
/agv1/capability_report,1788412781.4587977,1788412781.4586115,1,389840,0.08,0.08,1.0,1.0,2.0,2.0,1.0,0,False,11.364249229431152
/agv3/capability_report,1788412781.4664295,1788412781.4617777,3,388506,0.08,0.08,1.0,1.0,2.0,2.0,1.0,0,False,11.75428581237793
/agv1/capability_report,1788412781.466737,1788412781.4666147,1,389841,0.08,0.08,1.0,1.0,2.0,2.0,1.0,0,False,11.364249229431152
/agv2/capability_report,1788412781.4679043,1788412781.4617517,2,389392,0.08,0.08,1.0,1.0,2.0,2.0,1.0,0,False,11.54153823852539
/agv3/capability_report,1788412781.4754374,1788412781.469758,3,388507,0.08,0.08,1.0,1.0,2.0,2.0,1.0,0,False,11.75428581237793
/agv2/capability_report,1788412781.4780009,1788412781.4698718,2,389393,0.08,0.08,1.0,1.0,2.0,2.0,1.0,0,False,11.54153823852539
/agv1/capability_report,1788412781.4787579,1788412781.478608,1,389842,0.08,0.08,1.0,1.0,2.0,2.0,1.0,0,False,11.364249229431152
/agv3/capability_report,1788412781.486442,1788412781.4817817,3,388508,0.08,0.08,1.0,1.0,2.0,2.0,1.0,0,False,11.75428581237793
/agv1/capability_report,1788412781.48665,1788412781.4865959,1,389843,0.08,0.08,1.0,1.0,2.0,2.0,1.0,0,False,11.364249229431152
/agv2/capability_report,1788412781.4881544,1788412781.4818752,2,389394,0.08,0.08,1.0,1.0,2.0,2.0,1.0,0,False,11.54153823852539
/agv3/capability_report,1788412781.495225,1788412781.4897804,3,388509,0.08,0.08,1.0,1.0,2.0,2.0,1.0,0,False,11.75428581237793
/agv2/capability_report,1788412781.4962153,1788412781.4898684,2,389395,0.08,0.08,1.0,1.0,2.0,2.0,1.0,0,False,11.54153823852539
/agv1/capability_report,1788412781.4987519,1788412781.4986708,1,389844,0.08,0.08,1.0,1.0,2.0,2.0,1.0,0,False,11.364249229431152
/agv3/capability_report,1788412781.506377,1788412781.5017753,3,388510,0.08,0.08,1.0,1.0,2.0,2.0,1.0,0,False,11.834066390991211
/agv1/capability_report,1788412781.506694,1788412781.5066063,1,389845,0.08,0.08,1.0,1.0,2.0,2.0,1.0,0,False,11.364249229431152
/agv2/capability_report,1788412781.507898,1788412781.5017548,2,389396,0.08,0.08,1.0,1.0,2.0,2.0,1.0,0,False,11.54153823852539
/agv2/capability_report,1788412781.5152047,1788412781.5098684,2,389397,0.08,0.08,1.0,1.0,2.0,2.0,1.0,0,False,11.54153823852539
/agv3/capability_report,1788412781.5165708,1788412781.5097694,3,388511,0.08,0.08,1.0,1.0,2.0,2.0,1.0,0,False,11.834066390991211
/agv1/capability_report,1788412781.5189135,1788412781.518703,1,389846,0.08,0.08,1.0,1.0,2.0,2.0,1.0,0,False,11.364249229431152
/agv1/capability_report,1788412781.526771,1788412781.5266392,1,389847,0.08,0.08,1.0,1.0,2.0,2.0,1.0,0,False,11.364249229431152
/agv2/capability_report,1788412781.5272062,1788412781.521874,2,389398,0.08,0.08,1.0,1.0,2.0,2.0,1.0,0,False,11.656776428222656
/agv3/capability_report,1788412781.52721,1788412781.5217764,3,388512,0.08,0.08,1.0,1.0,2.0,2.0,1.0,0,False,11.834066390991211
/agv3/capability_report,1788412781.5347555,1788412781.5297632,3,388513,0.08,0.08,1.0,1.0,2.0,2.0,1.0,0,False,11.834066390991211
/agv2/capability_report,1788412781.5364726,1788412781.5298698,2,389399,0.08,0.08,1.0,1.0,2.0,2.0,1.0,0,False,11.656776428222656
/agv1/capability_report,1788412781.5386777,1788412781.5385823,1,389848,0.08,0.08,1.0,1.0,2.0,2.0,1.0,0,False,11.364249229431152
/agv1/capability_report,1788412781.546737,1788412781.5465612,1,389849,0.08,0.08,1.0,1.0,2.0,2.0,1.0,0,False,11.364249229431152
/agv2/capability_report,1788412781.5477047,1788412781.5417552,2,389400,0.08,0.08,1.0,1.0,2.0,2.0,1.0,0,False,11.656776428222656
/agv3/capability_report,1788412781.5477254,1788412781.54178,3,388514,0.08,0.08,1.0,1.0,2.0,2.0,1.0,0,False,11.834066390991211
/agv2/capability_report,1788412781.5575395,1788412781.549875,2,389401,0.08,0.08,1.0,1.0,2.0,2.0,1.0,0,False,11.656776428222656
/agv1/capability_report,1788412781.5586476,1788412781.5585659,1,389850,0.08,0.08,1.0,1.0,2.0,2.0,1.0,0,False,11.364249229431152
/agv3/capability_report,1788412781.5619004,1788412781.5497704,3,388515,0.08,0.08,1.0,1.0,2.0,2.0,1.0,0,False,11.834066390991211
/agv3/capability_report,1788412781.566424,1788412781.5618038,3,388516,0.08,0.08,1.0,1.0,2.0,2.0,1.0,0,False,11.834066390991211
/agv1/capability_report,1788412781.566904,1788412781.5666404,1,389851,0.08,0.08,1.0,1.0,2.0,2.0,1.0,0,False,11.364249229431152
/agv2/capability_report,1788412781.5671244,1788412781.561878,2,389402,0.08,0.08,1.0,1.0,2.0,2.0,1.0,0,False,11.656776428222656
/agv3/capability_report,1788412781.574207,1788412781.569764,3,388517,0.08,0.08,1.0,1.0,2.0,2.0,1.0,0,False,11.834066390991211
/agv2/capability_report,1788412781.5762506,1788412781.5698771,2,389403,0.08,0.08,1.0,1.0,2.0,2.0,1.0,0,False,11.656776428222656
/agv1/capability_report,1788412781.578672,1788412781.5785763,1,389852,0.08,0.08,1.0,1.0,2.0,2.0,1.0,0,False,11.364249229431152
/agv1/capability_report,1788412781.5866969,1788412781.58659,1,389853,0.08,0.08,1.0,1.0,2.0,2.0,1.0,0,False,11.364249229431152
/agv3/capability_report,1788412781.587728,1788412781.5817811,3,388518,0.08,0.08,1.0,1.0,2.0,2.0,1.0,0,False,11.834066390991211
/agv2/capability_report,1788412781.5877414,1788412781.581756,2,389404,0.08,0.08,1.0,1.0,2.0,2.0,1.0,0,False,11.656776428222656
/agv3/capability_report,1788412781.5944707,1788412781.5898015,3,388519,0.08,0.08,1.0,1.0,2.0,2.0,1.0,0,False,11.834066390991211
/agv2/capability_report,1788412781.5979264,1788412781.589858,2,389405,0.08,0.08,1.0,1.0,2.0,2.0,1.0,0,False,11.656776428222656
/agv1/capability_report,1788412781.5987194,1788412781.5986109,1,389854,0.08,0.08,1.0,1.0,2.0,2.0,1.0,0,False,11.364249229431152
/agv1/capability_report,1788412781.6066644,1788412781.6065774,1,389855,0.08,0.08,1.0,1.0,2.0,2.0,1.0,0,False,11.364249229431152
/agv3/capability_report,1788412781.6069047,1788412781.6017818,3,388520,0.08,0.08,1.0,1.0,2.0,2.0,1.0,0,False,11.834066390991211
/agv2/capability_report,1788412781.6079774,1788412781.6018753,2,389406,0.08,0.08,1.0,1.0,2.0,2.0,1.0,0,False,11.656776428222656
/agv3/capability_report,1788412781.6144795,1788412781.6097863,3,388521,0.08,0.08,1.0,1.0,2.0,2.0,1.0,0,False,11.834066390991211
/agv2/capability_report,1788412781.6154916,1788412781.6098726,2,389407,0.08,0.08,1.0,1.0,2.0,2.0,1.0,0,False,11.656776428222656
/agv1/capability_report,1788412781.6187491,1788412781.6186392,1,389856,0.08,0.08,1.0,1.0,2.0,2.0,1.0,0,False,10.965348243713379
/agv3/capability_report,1788412781.6264966,1788412781.621776,3,388522,0.08,0.08,1.0,1.0,2.0,2.0,1.0,0,False,11.834066390991211
/agv1/capability_report,1788412781.6266525,1788412781.6265886,1,389857,0.08,0.08,1.0,1.0,2.0,2.0,1.0,0,False,10.965348243713379
/agv2/capability_report,1788412781.6272752,1788412781.6217556,2,389408,0.08,0.08,1.0,1.0,2.0,2.0,1.0,0,False,11.656776428222656
/agv3/capability_report,1788412781.6344604,1788412781.6297789,3,388523,0.08,0.08,1.0,1.0,2.0,2.0,1.0,0,False,11.834066390991211
/agv2/capability_report,1788412781.635128,1788412781.6298695,2,389409,0.08,0.08,1.0,1.0,2.0,2.0,1.0,0,False,11.656776428222656
/agv1/capability_report,1788412781.6387713,1788412781.6386085,1,389858,0.08,0.08,1.0,1.0,2.0,2.0,1.0,0,False,10.965348243713379
/agv1/capability_report,1788412781.6467407,1788412781.6466315,1,389859,0.08,0.08,1.0,1.0,2.0,2.0,1.0,0,False,10.965348243713379
/agv3/capability_report,1788412781.6468754,1788412781.6417742,3,388524,0.08,0.08,1.0,1.0,2.0,2.0,1.0,0,False,11.834066390991211
/agv2/capability_report,1788412781.6470184,1788412781.6418715,2,389410,0.08,0.08,1.0,1.0,2.0,2.0,1.0,0,False,11.656776428222656
/agv3/capability_report,1788412781.654406,1788412781.649773,3,388525,0.08,0.08,1.0,1.0,2.0,2.0,1.0,0,False,11.834066390991211
/agv2/capability_report,1788412781.6553667,1788412781.649861,2,389411,0.08,0.08,1.0,1.0,2.0,2.0,1.0,0,False,11.656776428222656
/agv1/capability_report,1788412781.6588013,1788412781.6586452,1,389860,0.08,0.08,1.0,1.0,2.0,2.0,1.0,0,False,10.965348243713379
/agv1/capability_report,1788412781.6667309,1788412781.6665823,1,389861,0.08,0.08,1.0,1.0,2.0,2.0,1.0,0,False,10.965348243713379
/agv2/capability_report,1788412781.6677043,1788412781.661755,2,389412,0.08,0.08,1.0,1.0,2.0,2.0,1.0,0,False,11.656776428222656
/agv3/capability_report,1788412781.6677356,1788412781.6617732,3,388526,0.08,0.08,1.0,1.0,2.0,2.0,1.0,0,False,11.763150215148926
/agv3/capability_report,1788412781.6742675,1788412781.6697767,3,388527,0.08,0.08,1.0,1.0,2.0,2.0,1.0,0,False,11.763150215148926
/agv2/capability_report,1788412781.6752725,1788412781.669745,2,389413,0.08,0.08,1.0,1.0,2.0,2.0,1.0,0,False,11.656776428222656
/agv1/capability_report,1788412781.6787305,1788412781.678609,1,389862,0.08,0.08,1.0,1.0,2.0,2.0,1.0,0,False,10.965348243713379
/agv3/capability_report,1788412781.686402,1788412781.681781,3,388528,0.08,0.08,1.0,1.0,2.0,2.0,1.0,0,False,11.763150215148926
/agv1/capability_report,1788412781.6866512,1788412781.6865811,1,389863,0.08,0.08,1.0,1.0,2.0,2.0,1.0,0,False,10.965348243713379
/agv2/capability_report,1788412781.6878755,1788412781.6818688,2,389414,0.08,0.08,1.0,1.0,2.0,2.0,1.0,0,False,11.621318817138672
/agv3/capability_report,1788412781.6944158,1788412781.689795,3,388529,0.08,0.08,1.0,1.0,2.0,2.0,1.0,0,False,11.763150215148926
/agv2/capability_report,1788412781.6955078,1788412781.689867,2,389415,0.08,0.08,1.0,1.0,2.0,2.0,1.0,0,False,11.621318817138672
/agv1/capability_report,1788412781.6987412,1788412781.6986122,1,389864,0.08,0.08,1.0,1.0,2.0,2.0,1.0,0,False,10.965348243713379
/agv1/capability_report,1788412781.706722,1788412781.7065794,1,389865,0.08,0.08,1.0,1.0,2.0,2.0,1.0,0,False,10.965348243713379
/agv3/capability_report,1788412781.7068157,1788412781.701763,3,388530,0.08,0.08,1.0,1.0,2.0,2.0,1.0,0,False,11.763150215148926
/agv2/capability_report,1788412781.707644,1788412781.7017543,2,389416,0.08,0.08,1.0,1.0,2.0,2.0,1.0,0,False,11.621318817138672
/agv3/capability_report,1788412781.714694,1788412781.7097964,3,388531,0.08,0.08,1.0,1.0,2.0,2.0,1.0,0,False,11.763150215148926
/agv2/capability_report,1788412781.7158449,1788412781.709868,2,389417,0.08,0.08,1.0,1.0,2.0,2.0,1.0,0,False,11.621318817138672
/agv1/capability_report,1788412781.7186947,1788412781.7185698,1,389866,0.08,0.08,1.0,1.0,2.0,2.0,1.0,0,False,10.965348243713379
/agv3/capability_report,1788412781.7263265,1788412781.721792,3,388532,0.08,0.08,1.0,1.0,2.0,2.0,1.0,0,False,11.763150215148926
/agv1/capability_report,1788412781.7266803,1788412781.7265491,1,389867,0.08,0.08,1.0,1.0,2.0,2.0,1.0,0,False,10.965348243713379
/agv2/capability_report,1788412781.727396,1788412781.7218728,2,389418,0.08,0.08,1.0,1.0,2.0,2.0,1.0,0,False,11.621318817138672
/agv3/capability_report,1788412781.7345784,1788412781.729778,3,388533,0.08,0.08,1.0,1.0,2.0,2.0,1.0,0,False,11.763150215148926
/agv2/capability_report,1788412781.7354045,1788412781.7298703,2,389419,0.08,0.08,1.0,1.0,2.0,2.0,1.0,0,False,11.621318817138672
/agv1/capability_report,1788412781.7388222,1788412781.7385974,1,389868,0.08,0.08,1.0,1.0,2.0,2.0,1.0,0,False,10.965348243713379
/agv1/capability_report,1788412781.746649,1788412781.746588,1,389869,0.08,0.08,1.0,1.0,2.0,2.0,1.0,0,False,10.965348243713379
/agv3/capability_report,1788412781.748001,1788412781.7417789,3,388534,0.08,0.08,1.0,1.0,2.0,2.0,1.0,0,False,11.763150215148926
/agv2/capability_report,1788412781.7553217,1788412781.7417338,2,389420,0.08,0.08,1.0,1.0,2.0,2.0,1.0,0,False,11.621318817138672
/agv3/capability_report,1788412781.7553236,1788412781.749771,3,388535,0.08,0.08,1.0,1.0,2.0,2.0,1.0,0,False,11.763150215148926
/agv2/capability_report,1788412781.7578268,1788412781.749829,2,389421,0.08,0.08,1.0,1.0,2.0,2.0,1.0,0,False,11.621318817138672
/agv1/capability_report,1788412781.7588658,1788412781.7587278,1,389870,0.08,0.08,1.0,1.0,2.0,2.0,1.0,0,False,10.965348243713379
/agv1/capability_report,1788412781.7667594,1788412781.7666132,1,389871,0.08,0.08,1.0,1.0,2.0,2.0,1.0,0,False,10.965348243713379
/agv2/capability_report,1788412781.767665,1788412781.7618744,2,389422,0.08,0.08,1.0,1.0,2.0,2.0,1.0,0,False,11.621318817138672
/agv3/capability_report,1788412781.7676651,1788412781.7617748,3,388536,0.08,0.08,1.0,1.0,2.0,2.0,1.0,0,False,11.763150215148926
/agv2/capability_report,1788412781.7763884,1788412781.7697332,2,389423,0.08,0.08,1.0,1.0,2.0,2.0,1.0,0,False,11.621318817138672
/agv3/capability_report,1788412781.7764049,1788412781.7697988,3,388537,0.08,0.08,1.0,1.0,2.0,2.0,1.0,0,False,11.763150215148926
/agv1/capability_report,1788412781.7787955,1788412781.7786868,1,389872,0.08,0.08,1.0,1.0,2.0,2.0,1.0,0,False,11.275604248046875
/agv3/capability_report,1788412781.7864988,1788412781.7817767,3,388538,0.08,0.08,1.0,1.0,2.0,2.0,1.0,0,False,11.763150215148926
/agv1/capability_report,1788412781.786622,1788412781.7865694,1,389873,0.08,0.08,1.0,1.0,2.0,2.0,1.0,0,False,11.275604248046875
/agv2/capability_report,1788412781.7879288,1788412781.7817543,2,389424,0.08,0.08,1.0,1.0,2.0,2.0,1.0,0,False,11.621318817138672
/agv3/capability_report,1788412781.7947662,1788412781.789779,3,388539,0.08,0.08,1.0,1.0,2.0,2.0,1.0,0,False,11.763150215148926
/agv2/capability_report,1788412781.7965374,1788412781.7898712,2,389425,0.08,0.08,1.0,1.0,2.0,2.0,1.0,0,False,11.621318817138672
/agv1/capability_report,1788412781.7986872,1788412781.798602,1,389874,0.08,0.08,1.0,1.0,2.0,2.0,1.0,0,False,11.275604248046875
/agv1/capability_report,1788412781.8069005,1788412781.8066044,1,389875,0.08,0.08,1.0,1.0,2.0,2.0,1.0,0,False,11.275604248046875
/agv3/capability_report,1788412781.8069239,1788412781.8017795,3,388540,0.08,0.08,1.0,1.0,2.0,2.0,1.0,0,False,11.763150215148926
/agv2/capability_report,1788412781.8087208,1788412781.8018734,2,389426,0.08,0.08,1.0,1.0,2.0,2.0,1.0,0,False,11.621318817138672
/agv3/capability_report,1788412781.81495,1788412781.8097854,3,388541,0.08,0.08,1.0,1.0,2.0,2.0,1.0,0,False,11.763150215148926
/agv2/capability_report,1788412781.8164515,1788412781.8098722,2,389427,0.08,0.08,1.0,1.0,2.0,2.0,1.0,0,False,11.621318817138672
/agv1/capability_report,1788412781.8188355,1788412781.8186235,1,389876,0.08,0.08,1.0,1.0,2.0,2.0,1.0,0,False,11.275604248046875
/agv3/capability_report,1788412781.8265698,1788412781.8217776,3,388542,0.08,0.08,1.0,1.0,2.0,2.0,1.0,0,False,11.807472229003906
/agv1/capability_report,1788412781.8266714,1788412781.8265579,1,389877,0.08,0.08,1.0,1.0,2.0,2.0,1.0,0,False,11.275604248046875
/agv2/capability_report,1788412781.8274446,1788412781.8217576,2,389428,0.08,0.08,1.0,1.0,2.0,2.0,1.0,0,False,11.621318817138672
/agv3/capability_report,1788412781.8349519,1788412781.8297813,3,388543,0.08,0.08,1.0,1.0,2.0,2.0,1.0,0,False,11.807472229003906
/agv2/capability_report,1788412781.8350794,1788412781.8298738,2,389429,0.08,0.08,1.0,1.0,2.0,2.0,1.0,0,False,11.621318817138672
/agv1/capability_report,1788412781.838836,1788412781.8386145,1,389878,0.08,0.08,1.0,1.0,2.0,2.0,1.0,0,False,11.275604248046875
/agv3/capability_report,1788412781.8462565,1788412781.84178,3,388544,0.08,0.08,1.0,1.0,2.0,2.0,1.0,0,False,11.807472229003906
/agv1/capability_report,1788412781.8466268,1788412781.8465626,1,389879,0.08,0.08,1.0,1.0,2.0,2.0,1.0,0,False,11.275604248046875
/agv2/capability_report,1788412781.8479838,1788412781.8418782,2,389430,0.08,0.08,1.0,1.0,2.0,2.0,1.0,0,False,11.674505233764648
/agv3/capability_report,1788412781.8550947,1788412781.8497655,3,388545,0.08,0.08,1.0,1.0,2.0,2.0,1.0,0,False,11.807472229003906
/agv2/capability_report,1788412781.8552103,1788412781.8498712,2,389431,0.08,0.08,1.0,1.0,2.0,2.0,1.0,0,False,11.674505233764648
/agv1/capability_report,1788412781.8586774,1788412781.858563,1,389880,0.08,0.08,1.0,1.0,2.0,2.0,1.0,0,False,11.275604248046875
/agv1/capability_report,1788412781.8667839,1788412781.8665578,1,389881,0.08,0.08,1.0,1.0,2.0,2.0,1.0,0,False,11.275604248046875
/agv3/capability_report,1788412781.8669016,1788412781.8617928,3,388546,0.08,0.08,1.0,1.0,2.0,2.0,1.0,0,False,11.807472229003906
/agv2/capability_report,1788412781.867077,1788412781.8617759,2,389432,0.08,0.08,1.0,1.0,2.0,2.0,1.0,0,False,11.674505233764648
/agv3/capability_report,1788412781.8743856,1788412781.869735,3,388547,0.08,0.08,1.0,1.0,2.0,2.0,1.0,0,False,11.807472229003906
/agv2/capability_report,1788412781.8750706,1788412781.869878,2,389433,0.08,0.08,1.0,1.0,2.0,2.0,1.0,0,False,11.674505233764648
/agv1/capability_report,1788412781.8787766,1788412781.8786151,1,389882,0.08,0.08,1.0,1.0,2.0,2.0,1.0,0,False,11.275604248046875
/agv3/capability_report,1788412781.8863325,1788412781.8817933,3,388548,0.08,0.08,1.0,1.0,2.0,2.0,1.0,0,False,11.807472229003906
/agv1/capability_report,1788412781.8866682,1788412781.886559,1,389883,0.08,0.08,1.0,1.0,2.0,2.0,1.0,0,False,11.275604248046875
/agv2/capability_report,1788412781.8878613,1788412781.8818715,2,389434,0.08,0.08,1.0,1.0,2.0,2.0,1.0,0,False,11.674505233764648
/agv3/capability_report,1788412781.89449,1788412781.8897784,3,388549,0.08,0.08,1.0,1.0,2.0,2.0,1.0,0,False,11.807472229003906
/agv2/capability_report,1788412781.8955328,1788412781.889875,2,389435,0.08,0.08,1.0,1.0,2.0,2.0,1.0,0,False,11.674505233764648
/agv1/capability_report,1788412781.8987284,1788412781.8986397,1,389884,0.08,0.08,1.0,1.0,2.0,2.0,1.0,0,False,11.275604248046875
/agv1/capability_report,1788412781.9066408,1788412781.9065635,1,389885,0.08,0.08,1.0,1.0,2.0,2.0,1.0,0,False,11.275604248046875
/agv2/capability_report,1788412781.9067984,1788412781.9017549,2,389436,0.08,0.08,1.0,1.0,2.0,2.0,1.0,0,False,11.674505233764648
/agv3/capability_report,1788412781.9068043,1788412781.9017925,3,388550,0.08,0.08,1.0,1.0,2.0,2.0,1.0,0,False,11.807472229003906
/agv3/capability_report,1788412781.914563,1788412781.9097815,3,388551,0.08,0.08,1.0,1.0,2.0,2.0,1.0,0,False,11.807472229003906
/agv2/capability_report,1788412781.9157488,1788412781.9098744,2,389437,0.08,0.08,1.0,1.0,2.0,2.0,1.0,0,False,11.674505233764648
/agv1/capability_report,1788412781.9187012,1788412781.9185698,1,389886,0.08,0.08,1.0,1.0,2.0,2.0,1.0,0,False,11.275604248046875
/agv3/capability_report,1788412781.926325,1788412781.9217844,3,388552,0.08,0.08,1.0,1.0,2.0,2.0,1.0,0,False,11.807472229003906
/agv1/capability_report,1788412781.9266677,1788412781.9265597,1,389887,0.08,0.08,1.0,1.0,2.0,2.0,1.0,0,False,11.275604248046875
/agv2/capability_report,1788412781.9276483,1788412781.92187,2,389438,0.08,0.08,1.0,1.0,2.0,2.0,1.0,0,False,11.674505233764648
/agv3/capability_report,1788412781.9367702,1788412781.929789,3,388553,0.08,0.08,1.0,1.0,2.0,2.0,1.0,0,False,11.807472229003906
/agv1/capability_report,1788412781.93891,1788412781.9386158,1,389888,0.08,0.08,1.0,1.0,2.0,2.0,1.0,0,False,11.408571243286133
/agv2/capability_report,1788412781.9415364,1788412781.9298694,2,389439,0.08,0.08,1.0,1.0,2.0,2.0,1.0,0,False,11.674505233764648
/agv3/capability_report,1788412781.9463441,1788412781.9417768,3,388554,0.08,0.08,1.0,1.0,2.0,2.0,1.0,0,False,11.807472229003906
/agv1/capability_report,1788412781.9466608,1788412781.946557,1,389889,0.08,0.08,1.0,1.0,2.0,2.0,1.0,0,False,11.408571243286133
/agv2/capability_report,1788412781.9476671,1788412781.941755,2,389440,0.08,0.08,1.0,1.0,2.0,2.0,1.0,0,False,11.674505233764648
/agv2/capability_report,1788412781.9559782,1788412781.949869,2,389441,0.08,0.08,1.0,1.0,2.0,2.0,1.0,0,False,11.674505233764648
/agv3/capability_report,1788412781.955985,1788412781.9497776,3,388555,0.08,0.08,1.0,1.0,2.0,2.0,1.0,0,False,11.807472229003906
/agv1/capability_report,1788412781.9588177,1788412781.9585552,1,389890,0.08,0.08,1.0,1.0,2.0,2.0,1.0,0,False,11.408571243286133
/agv3/capability_report,1788412781.9663758,1788412781.9618225,3,388556,0.08,0.08,1.0,1.0,2.0,2.0,1.0,0,False,11.807472229003906
/agv1/capability_report,1788412781.9666905,1788412781.9665716,1,389891,0.08,0.08,1.0,1.0,2.0,2.0,1.0,0,False,11.408571243286133
/agv2/capability_report,1788412781.9676282,1788412781.9618707,2,389442,0.08,0.08,1.0,1.0,2.0,2.0,1.0,0,False,11.674505233764648
/agv3/capability_report,1788412781.974373,1788412781.969763,3,388557,0.08,0.08,1.0,1.0,2.0,2.0,1.0,0,False,11.807472229003906
/agv2/capability_report,1788412781.9758759,1788412781.9698744,2,389443,0.08,0.08,1.0,1.0,2.0,2.0,1.0,0,False,11.674505233764648
/agv1/capability_report,1788412781.9788516,1788412781.9787266,1,389892,0.08,0.08,1.0,1.0,2.0,2.0,1.0,0,False,11.408571243286133
/agv1/capability_report,1788412781.9866626,1788412781.9865682,1,389893,0.08,0.08,1.0,1.0,2.0,2.0,1.0,0,False,11.408571243286133
/agv2/capability_report,1788412781.9868994,1788412781.981757,2,389444,0.08,0.08,1.0,1.0,2.0,2.0,1.0,0,False,11.674505233764648
/agv3/capability_report,1788412781.988708,1788412781.9817777,3,388558,0.08,0.08,1.0,1.0,2.0,2.0,1.0,0,False,11.772014617919922
/agv2/capability_report,1788412781.9953456,1788412781.9898746,2,389445,0.08,0.08,1.0,1.0,2.0,2.0,1.0,0,False,11.674505233764648
/agv3/capability_report,1788412781.9953847,1788412781.9897838,3,388559,0.08,0.08,1.0,1.0,2.0,2.0,1.0,0,False,11.772014617919922
/agv1/capability_report,1788412781.99873,1788412781.998641,1,389894,0.08,0.08,1.0,1.0,2.0,2.0,1.0,0,False,11.408571243286133
/agv1/capability_report,1788412782.0067976,1788412782.0066264,1,389895,0.08,0.08,1.0,1.0,2.0,2.0,1.0,0,False,11.408571243286133
/agv2/capability_report,1788412782.0082896,1788412782.0018704,2,389446,0.08,0.08,1.0,1.0,2.0,2.0,1.0,0,False,11.64791202545166
/agv3/capability_report,1788412782.0083065,1788412782.001774,3,388560,0.08,0.08,1.0,1.0,2.0,2.0,1.0,0,False,11.772014617919922
/agv3/capability_report,1788412782.0151353,1788412782.009771,3,388561,0.08,0.08,1.0,1.0,2.0,2.0,1.0,0,False,11.772014617919922
/agv2/capability_report,1788412782.0164258,1788412782.0098712,2,389447,0.08,0.08,1.0,1.0,2.0,2.0,1.0,0,False,11.64791202545166
/agv1/capability_report,1788412782.0187352,1788412782.0185626,1,389896,0.08,0.08,1.0,1.0,2.0,2.0,1.0,0,False,11.408571243286133
/agv1/capability_report,1788412782.026667,1788412782.0266144,1,389897,0.08,0.08,1.0,1.0,2.0,2.0,1.0,0,False,11.408571243286133
/agv2/capability_report,1788412782.02761,1788412782.0217557,2,389448,0.08,0.08,1.0,1.0,2.0,2.0,1.0,0,False,11.64791202545166
/agv3/capability_report,1788412782.0276933,1788412782.0217795,3,388562,0.08,0.08,1.0,1.0,2.0,2.0,1.0,0,False,11.772014617919922
/agv2/capability_report,1788412782.036799,1788412782.0299263,2,389449,0.08,0.08,1.0,1.0,2.0,2.0,1.0,0,False,11.64791202545166
/agv3/capability_report,1788412782.036917,1788412782.029762,3,388563,0.08,0.08,1.0,1.0,2.0,2.0,1.0,0,False,11.772014617919922
/agv1/capability_report,1788412782.0389378,1788412782.03873,1,389898,0.08,0.08,1.0,1.0,2.0,2.0,1.0,0,False,11.408571243286133
/agv3/capability_report,1788412782.0463562,1788412782.0417686,3,388564,0.08,0.08,1.0,1.0,2.0,2.0,1.0,0,False,11.772014617919922
/agv1/capability_report,1788412782.0466404,1788412782.0465748,1,389899,0.08,0.08,1.0,1.0,2.0,2.0,1.0,0,False,11.408571243286133
/agv2/capability_report,1788412782.0484214,1788412782.041879,2,389450,0.08,0.08,1.0,1.0,2.0,2.0,1.0,0,False,11.64791202545166
/agv3/capability_report,1788412782.0549262,1788412782.0497842,3,388565,0.08,0.08,1.0,1.0,2.0,2.0,1.0,0,False,11.772014617919922
/agv1/capability_report,1788412782.0587428,1788412782.0586967,1,389900,0.08,0.08,1.0,1.0,2.0,2.0,1.0,0,False,11.408571243286133
/agv2/capability_report,1788412782.0633304,1788412782.0498743,2,389451,0.08,0.08,1.0,1.0,2.0,2.0,1.0,0,False,11.64791202545166
/agv1/capability_report,1788412782.0667515,1788412782.0666423,1,389901,0.08,0.08,1.0,1.0,2.0,2.0,1.0,0,False,11.408571243286133
/agv2/capability_report,1788412782.06707,1788412782.0617657,2,389452,0.08,0.08,1.0,1.0,2.0,2.0,1.0,0,False,11.64791202545166
/agv3/capability_report,1788412782.0671952,1788412782.0617397,3,388566,0.08,0.08,1.0,1.0,2.0,2.0,1.0,0,False,11.772014617919922
/agv3/capability_report,1788412782.0743384,1788412782.0697954,3,388567,0.08,0.08,1.0,1.0,2.0,2.0,1.0,0,False,11.772014617919922
/agv2/capability_report,1788412782.0758727,1788412782.06984,2,389453,0.08,0.08,1.0,1.0,2.0,2.0,1.0,0,False,11.64791202545166
/agv1/capability_report,1788412782.0787826,1788412782.07861,1,389902,0.08,0.08,1.0,1.0,2.0,2.0,1.0,0,False,11.408571243286133
/agv3/capability_report,1788412782.0864341,1788412782.0817995,3,388568,0.08,0.08,1.0,1.0,2.0,2.0,1.0,0,False,11.772014617919922
/agv1/capability_report,1788412782.0866196,1788412782.0865676,1,389903,0.08,0.08,1.0,1.0,2.0,2.0,1.0,0,False,11.408571243286133
/agv2/capability_report,1788412782.0874953,1788412782.0818207,2,389454,0.08,0.08,1.0,1.0,2.0,2.0,1.0,0,False,11.64791202545166
/agv1/capability_report,1788412782.0986052,1788412782.0985577,1,389904,0.08,0.08,1.0,1.0,2.0,2.0,1.0,0,False,11.178094863891602
/agv3/capability_report,1788412782.1008363,1788412782.0897765,3,388569,0.08,0.08,1.0,1.0,2.0,2.0,1.0,0,False,11.772014617919922
/agv2/capability_report,1788412782.1012378,1788412782.0899222,2,389455,0.08,0.08,1.0,1.0,2.0,2.0,1.0,0,False,11.64791202545166
/agv3/capability_report,1788412782.1062613,1788412782.101778,3,388570,0.08,0.08,1.0,1.0,2.0,2.0,1.0,0,False,11.772014617919922
/agv1/capability_report,1788412782.1066349,1788412782.1065633,1,389905,0.08,0.08,1.0,1.0,2.0,2.0,1.0,0,False,11.178094863891602
/agv2/capability_report,1788412782.1079628,1788412782.1017547,2,389456,0.08,0.08,1.0,1.0,2.0,2.0,1.0,0,False,11.64791202545166
/agv3/capability_report,1788412782.1143687,1788412782.1097822,3,388571,0.08,0.08,1.0,1.0,2.0,2.0,1.0,0,False,11.772014617919922
/agv2/capability_report,1788412782.1164126,1788412782.1098742,2,389457,0.08,0.08,1.0,1.0,2.0,2.0,1.0,0,False,11.64791202545166
/agv1/capability_report,1788412782.118857,1788412782.1187027,1,389906,0.08,0.08,1.0,1.0,2.0,2.0,1.0,0,False,11.178094863891602
/agv3/capability_report,1788412782.1263683,1788412782.1217752,3,388572,0.08,0.08,1.0,1.0,2.0,2.0,1.0,0,False,11.772014617919922
/agv1/capability_report,1788412782.126687,1788412782.1265674,1,389907,0.08,0.08,1.0,1.0,2.0,2.0,1.0,0,False,11.178094863891602
/agv2/capability_report,1788412782.1275258,1788412782.12183,2,389458,0.08,0.08,1.0,1.0,2.0,2.0,1.0,0,False,11.64791202545166
/agv3/capability_report,1788412782.1350033,1788412782.129774,3,388573,0.08,0.08,1.0,1.0,2.0,2.0,1.0,0,False,11.772014617919922
/agv2/capability_report,1788412782.1359453,1788412782.129871,2,389459,0.08,0.08,1.0,1.0,2.0,2.0,1.0,0,False,11.64791202545166
/agv1/capability_report,1788412782.1387677,1788412782.1386309,1,389908,0.08,0.08,1.0,1.0,2.0,2.0,1.0,0,False,11.178094863891602
/agv1/capability_report,1788412782.1467345,1788412782.1465802,1,389909,0.08,0.08,1.0,1.0,2.0,2.0,1.0,0,False,11.178094863891602
/agv2/capability_report,1788412782.1474345,1788412782.141753,2,389460,0.08,0.08,1.0,1.0,2.0,2.0,1.0,0,False,11.64791202545166
/agv3/capability_report,1788412782.1474597,1788412782.1417763,3,388574,0.08,0.08,1.0,1.0,2.0,2.0,1.0,0,False,11.780879020690918
/agv3/capability_report,1788412782.1545405,1788412782.1497886,3,388575,0.08,0.08,1.0,1.0,2.0,2.0,1.0,0,False,11.780879020690918
/agv2/capability_report,1788412782.1565914,1788412782.1498744,2,389461,0.08,0.08,1.0,1.0,2.0,2.0,1.0,0,False,11.64791202545166
/agv1/capability_report,1788412782.1587992,1788412782.1586163,1,389910,0.08,0.08,1.0,1.0,2.0,2.0,1.0,0,False,11.178094863891602
/agv3/capability_report,1788412782.1664183,1788412782.1617792,3,388576,0.08,0.08,1.0,1.0,2.0,2.0,1.0,0,False,11.780879020690918
/agv1/capability_report,1788412782.1665957,1788412782.1665561,1,389911,0.08,0.08,1.0,1.0,2.0,2.0,1.0,0,False,11.178094863891602
/agv2/capability_report,1788412782.1675804,1788412782.1619155,2,389462,0.08,0.08,1.0,1.0,2.0,2.0,1.0,0,False,11.621318817138672
/agv3/capability_report,1788412782.174365,1788412782.1698,3,388577,0.08,0.08,1.0,1.0,2.0,2.0,1.0,0,False,11.780879020690918
/agv2/capability_report,1788412782.1765268,1788412782.169874,2,389463,0.08,0.08,1.0,1.0,2.0,2.0,1.0,0,False,11.621318817138672
/agv1/capability_report,1788412782.1788352,1788412782.1786053,1,389912,0.08,0.08,1.0,1.0,2.0,2.0,1.0,0,False,11.178094863891602
/agv3/capability_report,1788412782.1863713,1788412782.1817853,3,388578,0.08,0.08,1.0,1.0,2.0,2.0,1.0,0,False,11.780879020690918
/agv1/capability_report,1788412782.1866941,1788412782.186578,1,389913,0.08,0.08,1.0,1.0,2.0,2.0,1.0,0,False,11.178094863891602
/agv2/capability_report,1788412782.1889794,1788412782.1817548,2,389464,0.08,0.08,1.0,1.0,2.0,2.0,1.0,0,False,11.621318817138672
/agv3/capability_report,1788412782.1947281,1788412782.189788,3,388579,0.08,0.08,1.0,1.0,2.0,2.0,1.0,0,False,11.780879020690918
/agv2/capability_report,1788412782.197488,1788412782.1898766,2,389465,0.08,0.08,1.0,1.0,2.0,2.0,1.0,0,False,11.621318817138672
/agv1/capability_report,1788412782.198675,1788412782.1985602,1,389914,0.08,0.08,1.0,1.0,2.0,2.0,1.0,0,False,11.178094863891602
/agv1/capability_report,1788412782.2066562,1788412782.2065914,1,389915,0.08,0.08,1.0,1.0,2.0,2.0,1.0,0,False,11.178094863891602
/agv3/capability_report,1788412782.2070084,1788412782.2017803,3,388580,0.08,0.08,1.0,1.0,2.0,2.0,1.0,0,False,11.780879020690918
/agv2/capability_report,1788412782.2099502,1788412782.2018437,2,389466,0.08,0.08,1.0,1.0,2.0,2.0,1.0,0,False,11.621318817138672
/agv3/capability_report,1788412782.2144718,1788412782.2097707,3,388581,0.08,0.08,1.0,1.0,2.0,2.0,1.0,0,False,11.780879020690918
/agv2/capability_report,1788412782.2154145,1788412782.209872,2,389467,0.08,0.08,1.0,1.0,2.0,2.0,1.0,0,False,11.621318817138672
/agv1/capability_report,1788412782.2187176,1788412782.218604,1,389916,0.08,0.08,1.0,1.0,2.0,2.0,1.0,0,False,11.178094863891602
/agv3/capability_report,1788412782.2264323,1788412782.2217724,3,388582,0.08,0.08,1.0,1.0,2.0,2.0,1.0,0,False,11.780879020690918
/agv1/capability_report,1788412782.2265933,1788412782.2265544,1,389917,0.08,0.08,1.0,1.0,2.0,2.0,1.0,0,False,11.178094863891602
/agv2/capability_report,1788412782.2289124,1788412782.221755,2,389468,0.08,0.08,1.0,1.0,2.0,2.0,1.0,0,False,11.621318817138672
/agv2/capability_report,1788412782.235647,1788412782.2298694,2,389469,0.08,0.08,1.0,1.0,2.0,2.0,1.0,0,False,11.621318817138672
/agv3/capability_report,1788412782.235669,1788412782.2297795,3,388583,0.08,0.08,1.0,1.0,2.0,2.0,1.0,0,False,11.780879020690918
/agv1/capability_report,1788412782.2387774,1788412782.2385888,1,389918,0.08,0.08,1.0,1.0,2.0,2.0,1.0,0,False,11.178094863891602
/agv1/capability_report,1788412782.2466989,1788412782.2465994,1,389919,0.08,0.08,1.0,1.0,2.0,2.0,1.0,0,False,11.178094863891602
/agv3/capability_report,1788412782.2469256,1788412782.2417805,3,388584,0.08,0.08,1.0,1.0,2.0,2.0,1.0,0,False,11.780879020690918
/agv2/capability_report,1788412782.247037,1788412782.2418752,2,389470,0.08,0.08,1.0,1.0,2.0,2.0,1.0,0,False,11.621318817138672
/agv2/capability_report,1788412782.2553122,1788412782.2498715,2,389471,0.08,0.08,1.0,1.0,2.0,2.0,1.0,0,False,11.621318817138672
/agv3/capability_report,1788412782.2553504,1788412782.2497807,3,388585,0.08,0.08,1.0,1.0,2.0,2.0,1.0,0,False,11.780879020690918
/agv1/capability_report,1788412782.2586288,1788412782.2585871,1,389920,0.08,0.08,1.0,1.0,2.0,2.0,1.0,0,False,11.142637252807617
/agv3/capability_report,1788412782.2662973,1788412782.261785,3,388586,0.08,0.08,1.0,1.0,2.0,2.0,1.0,0,False,11.780879020690918
/agv1/capability_report,1788412782.2665987,1788412782.2665536,1,389921,0.08,0.08,1.0,1.0,2.0,2.0,1.0,0,False,11.142637252807617
/agv2/capability_report,1788412782.2668736,1788412782.261755,2,389472,0.08,0.08,1.0,1.0,2.0,2.0,1.0,0,False,11.621318817138672
/agv3/capability_report,1788412782.274352,1788412782.2697713,3,388587,0.08,0.08,1.0,1.0,2.0,2.0,1.0,0,False,11.780879020690918
/agv2/capability_report,1788412782.275487,1788412782.269871,2,389473,0.08,0.08,1.0,1.0,2.0,2.0,1.0,0,False,11.621318817138672
/agv1/capability_report,1788412782.2786167,1788412782.2785594,1,389922,0.08,0.08,1.0,1.0,2.0,2.0,1.0,0,False,11.142637252807617
/agv3/capability_report,1788412782.2863052,1788412782.2817833,3,388588,0.08,0.08,1.0,1.0,2.0,2.0,1.0,0,False,11.780879020690918
/agv1/capability_report,1788412782.2866037,1788412782.2865598,1,389923,0.08,0.08,1.0,1.0,2.0,2.0,1.0,0,False,11.142637252807617
/agv2/capability_report,1788412782.2873046,1788412782.2818718,2,389474,0.08,0.08,1.0,1.0,2.0,2.0,1.0,0,False,11.621318817138672
/agv3/capability_report,1788412782.2943437,1788412782.2897823,3,388589,0.08,0.08,1.0,1.0,2.0,2.0,1.0,0,False,11.780879020690918
/agv2/capability_report,1788412782.2950704,1788412782.2898722,2,389475,0.08,0.08,1.0,1.0,2.0,2.0,1.0,0,False,11.621318817138672
/agv1/capability_report,1788412782.2986412,1788412782.2985556,1,389924,0.08,0.08,1.0,1.0,2.0,2.0,1.0,0,False,11.142637252807617
/agv3/capability_report,1788412782.3065302,1788412782.3017786,3,388590,0.08,0.08,1.0,1.0,2.0,2.0,1.0,0,False,11.807472229003906
/agv1/capability_report,1788412782.306669,1788412782.306557,1,389925,0.08,0.08,1.0,1.0,2.0,2.0,1.0,0,False,11.142637252807617
/agv2/capability_report,1788412782.3072314,1788412782.3017561,2,389476,0.08,0.08,1.0,1.0,2.0,2.0,1.0,0,False,11.621318817138672
/agv3/capability_report,1788412782.314432,1788412782.3097823,3,388591,0.08,0.08,1.0,1.0,2.0,2.0,1.0,0,False,11.807472229003906
/agv2/capability_report,1788412782.3164203,1788412782.3098774,2,389477,0.08,0.08,1.0,1.0,2.0,2.0,1.0,0,False,11.621318817138672
/agv1/capability_report,1788412782.3187907,1788412782.318605,1,389926,0.08,0.08,1.0,1.0,2.0,2.0,1.0,0,False,11.142637252807617
/agv3/capability_report,1788412782.3266563,1788412782.321783,3,388592,0.08,0.08,1.0,1.0,2.0,2.0,1.0,0,False,11.807472229003906
/agv1/capability_report,1788412782.3266633,1788412782.3265595,1,389927,0.08,0.08,1.0,1.0,2.0,2.0,1.0,0,False,11.142637252807617
/agv2/capability_report,1788412782.3281832,1788412782.3218749,2,389478,0.08,0.08,1.0,1.0,2.0,2.0,1.0,0,False,11.630183219909668
/agv3/capability_report,1788412782.3344352,1788412782.3298097,3,388593,0.08,0.08,1.0,1.0,2.0,2.0,1.0,0,False,11.807472229003906
/agv2/capability_report,1788412782.3357742,1788412782.329874,2,389479,0.08,0.08,1.0,1.0,2.0,2.0,1.0,0,False,11.630183219909668
/agv1/capability_report,1788412782.3386729,1788412782.3385878,1,389928,0.08,0.08,1.0,1.0,2.0,2.0,1.0,0,False,11.142637252807617
/agv3/capability_report,1788412782.3465466,1788412782.3418374,3,388594,0.08,0.08,1.0,1.0,2.0,2.0,1.0,0,False,11.807472229003906
/agv1/capability_report,1788412782.3466015,1788412782.3465533,1,389929,0.08,0.08,1.0,1.0,2.0,2.0,1.0,0,False,11.142637252807617
/agv2/capability_report,1788412782.350135,1788412782.341755,2,389480,0.08,0.08,1.0,1.0,2.0,2.0,1.0,0,False,11.630183219909668
/agv2/capability_report,1788412782.356779,1788412782.3498688,2,389481,0.08,0.08,1.0,1.0,2.0,2.0,1.0,0,False,11.630183219909668
/agv1/capability_report,1788412782.3586035,1788412782.3585575,1,389930,0.08,0.08,1.0,1.0,2.0,2.0,1.0,0,False,11.142637252807617
/agv3/capability_report,1788412782.3613656,1788412782.3497527,3,388595,0.08,0.08,1.0,1.0,2.0,2.0,1.0,0,False,11.807472229003906
/agv3/capability_report,1788412782.3662918,1788412782.3618002,3,388596,0.08,0.08,1.0,1.0,2.0,2.0,1.0,0,False,11.807472229003906
/agv1/capability_report,1788412782.366608,1788412782.3665566,1,389931,0.08,0.08,1.0,1.0,2.0,2.0,1.0,0,False,11.142637252807617
/agv2/capability_report,1788412782.3672512,1788412782.361871,2,389482,0.08,0.08,1.0,1.0,2.0,2.0,1.0,0,False,11.630183219909668
/agv2/capability_report,1788412782.3763473,1788412782.3698392,2,389483,0.08,0.08,1.0,1.0,2.0,2.0,1.0,0,False,11.630183219909668
/agv3/capability_report,1788412782.376415,1788412782.3697915,3,388597,0.08,0.08,1.0,1.0,2.0,2.0,1.0,0,False,11.807472229003906
/agv1/capability_report,1788412782.37878,1788412782.378603,1,389932,0.08,0.08,1.0,1.0,2.0,2.0,1.0,0,False,11.142637252807617
/agv1/capability_report,1788412782.3866353,1788412782.386561,1,389933,0.08,0.08,1.0,1.0,2.0,2.0,1.0,0,False,11.142637252807617
/agv3/capability_report,1788412782.387067,1788412782.381742,3,388598,0.08,0.08,1.0,1.0,2.0,2.0,1.0,0,False,11.807472229003906
/agv2/capability_report,1788412782.388489,1788412782.3818808,2,389484,0.08,0.08,1.0,1.0,2.0,2.0,1.0,0,False,11.630183219909668
/agv3/capability_report,1788412782.3944097,1788412782.3897803,3,388599,0.08,0.08,1.0,1.0,2.0,2.0,1.0,0,False,11.807472229003906
/agv2/capability_report,1788412782.3971615,1788412782.3898318,2,389485,0.08,0.08,1.0,1.0,2.0,2.0,1.0,0,False,11.630183219909668
/agv1/capability_report,1788412782.398737,1788412782.3985791,1,389934,0.08,0.08,1.0,1.0,2.0,2.0,1.0,0,False,11.142637252807617
/agv3/capability_report,1788412782.4064198,1788412782.4017773,3,388600,0.08,0.08,1.0,1.0,2.0,2.0,1.0,0,False,11.807472229003906
/agv1/capability_report,1788412782.4066665,1788412782.4065635,1,389935,0.08,0.08,1.0,1.0,2.0,2.0,1.0,0,False,11.142637252807617
/agv2/capability_report,1788412782.41083,1788412782.401873,2,389486,0.08,0.08,1.0,1.0,2.0,2.0,1.0,0,False,11.630183219909668
/agv3/capability_report,1788412782.414597,1788412782.409772,3,388601,0.08,0.08,1.0,1.0,2.0,2.0,1.0,0,False,11.807472229003906
/agv2/capability_report,1788412782.4157379,1788412782.4098754,2,389487,0.08,0.08,1.0,1.0,2.0,2.0,1.0,0,False,11.630183219909668
/agv1/capability_report,1788412782.4187,1788412782.4185913,1,389936,0.08,0.08,1.0,1.0,2.0,2.0,1.0,0,False,10.876703262329102
/agv3/capability_report,1788412782.4263074,1788412782.4217803,3,388602,0.08,0.08,1.0,1.0,2.0,2.0,1.0,0,False,11.807472229003906
/agv1/capability_report,1788412782.4266129,1788412782.4265528,1,389937,0.08,0.08,1.0,1.0,2.0,2.0,1.0,0,False,10.876703262329102
/agv2/capability_report,1788412782.4272413,1788412782.4217553,2,389488,0.08,0.08,1.0,1.0,2.0,2.0,1.0,0,False,11.630183219909668
/agv3/capability_report,1788412782.4347124,1788412782.429771,3,388603,0.08,0.08,1.0,1.0,2.0,2.0,1.0,0,False,11.807472229003906
/agv2/capability_report,1788412782.435607,1788412782.4298682,2,389489,0.08,0.08,1.0,1.0,2.0,2.0,1.0,0,False,11.630183219909668
/agv1/capability_report,1788412782.4386303,1788412782.4385872,1,389938,0.08,0.08,1.0,1.0,2.0,2.0,1.0,0,False,10.876703262329102
/agv3/capability_report,1788412782.4463356,1788412782.4417803,3,388604,0.08,0.08,1.0,1.0,2.0,2.0,1.0,0,False,11.807472229003906
/agv1/capability_report,1788412782.4466672,1788412782.4465644,1,389939,0.08,0.08,1.0,1.0,2.0,2.0,1.0,0,False,10.876703262329102
/agv2/capability_report,1788412782.4477656,1788412782.441873,2,389490,0.08,0.08,1.0,1.0,2.0,2.0,1.0,0,False,11.630183219909668
/agv2/capability_report,1788412782.4557407,1788412782.4498718,2,389491,0.08,0.08,1.0,1.0,2.0,2.0,1.0,0,False,11.630183219909668
/agv3/capability_report,1788412782.4557536,1788412782.449771,3,388605,0.08,0.08,1.0,1.0,2.0,2.0,1.0,0,False,11.807472229003906
/agv1/capability_report,1788412782.4588027,1788412782.4585958,1,389940,0.08,0.08,1.0,1.0,2.0,2.0,1.0,0,False,10.876703262329102
/agv3/capability_report,1788412782.4665368,1788412782.4617758,3,388606,0.08,0.08,1.0,1.0,2.0,2.0,1.0,0,False,11.75428581237793
/agv1/capability_report,1788412782.466663,1788412782.466562,1,389941,0.08,0.08,1.0,1.0,2.0,2.0,1.0,0,False,10.876703262329102
/agv2/capability_report,1788412782.468945,1788412782.4617543,2,389492,0.08,0.08,1.0,1.0,2.0,2.0,1.0,0,False,11.630183219909668
/agv2/capability_report,1788412782.4757395,1788412782.469873,2,389493,0.08,0.08,1.0,1.0,2.0,2.0,1.0,0,False,11.630183219909668
/agv3/capability_report,1788412782.4780588,1788412782.469775,3,388607,0.08,0.08,1.0,1.0,2.0,2.0,1.0,0,False,11.75428581237793
/agv1/capability_report,1788412782.478715,1788412782.4786,1,389942,0.08,0.08,1.0,1.0,2.0,2.0,1.0,0,False,10.876703262329102
/agv3/capability_report,1788412782.486351,1788412782.4818027,3,388608,0.08,0.08,1.0,1.0,2.0,2.0,1.0,0,False,11.75428581237793
/agv1/capability_report,1788412782.4866402,1788412782.4865522,1,389943,0.08,0.08,1.0,1.0,2.0,2.0,1.0,0,False,10.876703262329102
/agv2/capability_report,1788412782.4871058,1788412782.481874,2,389494,0.08,0.08,1.0,1.0,2.0,2.0,1.0,0,False,11.656776428222656
/agv3/capability_report,1788412782.4949977,1788412782.489781,3,388609,0.08,0.08,1.0,1.0,2.0,2.0,1.0,0,False,11.75428581237793
/agv2/capability_report,1788412782.4963114,1788412782.4898715,2,389495,0.08,0.08,1.0,1.0,2.0,2.0,1.0,0,False,11.656776428222656
/agv1/capability_report,1788412782.498636,1788412782.4985905,1,389944,0.08,0.08,1.0,1.0,2.0,2.0,1.0,0,False,10.876703262329102
/agv1/capability_report,1788412782.5067046,1788412782.506604,1,389945,0.08,0.08,1.0,1.0,2.0,2.0,1.0,0,False,10.876703262329102
/agv2/capability_report,1788412782.507219,1788412782.5017557,2,389496,0.08,0.08,1.0,1.0,2.0,2.0,1.0,0,False,11.656776428222656
/agv3/capability_report,1788412782.507277,1788412782.5017748,3,388610,0.08,0.08,1.0,1.0,2.0,2.0,1.0,0,False,11.75428581237793
/agv3/capability_report,1788412782.5155857,1788412782.5097752,3,388611,0.08,0.08,1.0,1.0,2.0,2.0,1.0,0,False,11.75428581237793
/agv2/capability_report,1788412782.5170631,1788412782.5098681,2,389497,0.08,0.08,1.0,1.0,2.0,2.0,1.0,0,False,11.656776428222656
/agv1/capability_report,1788412782.5188193,1788412782.518607,1,389946,0.08,0.08,1.0,1.0,2.0,2.0,1.0,0,False,10.876703262329102
/agv1/capability_report,1788412782.5266845,1788412782.5265617,1,389947,0.08,0.08,1.0,1.0,2.0,2.0,1.0,0,False,10.876703262329102
/agv2/capability_report,1788412782.5276752,1788412782.5218751,2,389498,0.08,0.08,1.0,1.0,2.0,2.0,1.0,0,False,11.656776428222656
/agv3/capability_report,1788412782.5277817,1788412782.5217807,3,388612,0.08,0.08,1.0,1.0,2.0,2.0,1.0,0,False,11.75428581237793
/agv3/capability_report,1788412782.534902,1788412782.529773,3,388613,0.08,0.08,1.0,1.0,2.0,2.0,1.0,0,False,11.75428581237793
/agv2/capability_report,1788412782.5364277,1788412782.5298698,2,389499,0.08,0.08,1.0,1.0,2.0,2.0,1.0,0,False,11.656776428222656
/agv1/capability_report,1788412782.53876,1788412782.538599,1,389948,0.08,0.08,1.0,1.0,2.0,2.0,1.0,0,False,10.876703262329102
/agv3/capability_report,1788412782.5463638,1788412782.5418234,3,388614,0.08,0.08,1.0,1.0,2.0,2.0,1.0,0,False,11.75428581237793
/agv1/capability_report,1788412782.5466468,1788412782.5465605,1,389949,0.08,0.08,1.0,1.0,2.0,2.0,1.0,0,False,10.876703262329102
/agv2/capability_report,1788412782.5480175,1788412782.5417542,2,389500,0.08,0.08,1.0,1.0,2.0,2.0,1.0,0,False,11.656776428222656
/agv2/capability_report,1788412782.5560384,1788412782.549872,2,389501,0.08,0.08,1.0,1.0,2.0,2.0,1.0,0,False,11.656776428222656
/agv3/capability_report,1788412782.556098,1788412782.5497818,3,388615,0.08,0.08,1.0,1.0,2.0,2.0,1.0,0,False,11.75428581237793
/agv1/capability_report,1788412782.5588038,1788412782.5586884,1,389950,0.08,0.08,1.0,1.0,2.0,2.0,1.0,0,False,10.876703262329102
/agv1/capability_report,1788412782.5666478,1788412782.5665636,1,389951,0.08,0.08,1.0,1.0,2.0,2.0,1.0,0,False,10.876703262329102
/agv3/capability_report,1788412782.567388,1788412782.5617814,3,388616,0.08,0.08,1.0,1.0,2.0,2.0,1.0,0,False,11.75428581237793
/agv2/capability_report,1788412782.56936,1788412782.5618718,2,389502,0.08,0.08,1.0,1.0,2.0,2.0,1.0,0,False,11.656776428222656
/agv3/capability_report,1788412782.5745902,1788412782.5697927,3,388617,0.08,0.08,1.0,1.0,2.0,2.0,1.0,0,False,11.75428581237793
/agv2/capability_report,1788412782.576674,1788412782.5698814,2,389503,0.08,0.08,1.0,1.0,2.0,2.0,1.0,0,False,11.656776428222656
/agv1/capability_report,1788412782.578663,1788412782.578564,1,389952,0.08,0.08,1.0,1.0,2.0,2.0,1.0,0,False,10.770329475402832
/agv3/capability_report,1788412782.586314,1788412782.5817883,3,388618,0.08,0.08,1.0,1.0,2.0,2.0,1.0,0,False,11.75428581237793
/agv1/capability_report,1788412782.5866122,1788412782.5865562,1,389953,0.08,0.08,1.0,1.0,2.0,2.0,1.0,0,False,10.770329475402832
/agv2/capability_report,1788412782.5883987,1788412782.5817552,2,389504,0.08,0.08,1.0,1.0,2.0,2.0,1.0,0,False,11.656776428222656
/agv3/capability_report,1788412782.594349,1788412782.5897887,3,388619,0.08,0.08,1.0,1.0,2.0,2.0,1.0,0,False,11.75428581237793
/agv2/capability_report,1788412782.5961149,1788412782.5898738,2,389505,0.08,0.08,1.0,1.0,2.0,2.0,1.0,0,False,11.656776428222656
/agv1/capability_report,1788412782.5987418,1788412782.5985882,1,389954,0.08,0.08,1.0,1.0,2.0,2.0,1.0,0,False,10.770329475402832
/agv3/capability_report,1788412782.6065474,1788412782.6017869,3,388620,0.08,0.08,1.0,1.0,2.0,2.0,1.0,0,False,11.75428581237793
/agv1/capability_report,1788412782.6067142,1788412782.6065633,1,389955,0.08,0.08,1.0,1.0,2.0,2.0,1.0,0,False,10.770329475402832
/agv2/capability_report,1788412782.6081529,1788412782.6018746,2,389506,0.08,0.08,1.0,1.0,2.0,2.0,1.0,0,False,11.656776428222656
/agv2/capability_report,1788412782.615583,1788412782.6099172,2,389507,0.08,0.08,1.0,1.0,2.0,2.0,1.0,0,False,11.656776428222656
/agv3/capability_report,1788412782.6156096,1788412782.6097791,3,388621,0.08,0.08,1.0,1.0,2.0,2.0,1.0,0,False,11.75428581237793
/agv1/capability_report,1788412782.6186748,1788412782.6185892,1,389956,0.08,0.08,1.0,1.0,2.0,2.0,1.0,0,False,10.770329475402832
/agv3/capability_report,1788412782.6264281,1788412782.6217806,3,388622,0.08,0.08,1.0,1.0,2.0,2.0,1.0,0,False,11.69223403930664
/agv1/capability_report,1788412782.6266658,1788412782.6265564,1,389957,0.08,0.08,1.0,1.0,2.0,2.0,1.0,0,False,10.770329475402832
/agv2/capability_report,1788412782.628074,1788412782.621756,2,389508,0.08,0.08,1.0,1.0,2.0,2.0,1.0,0,False,11.656776428222656
/agv3/capability_report,1788412782.6345968,1788412782.6297681,3,388623,0.08,0.08,1.0,1.0,2.0,2.0,1.0,0,False,11.69223403930664
/agv2/capability_report,1788412782.6368337,1788412782.6299176,2,389509,0.08,0.08,1.0,1.0,2.0,2.0,1.0,0,False,11.656776428222656
/agv1/capability_report,1788412782.6386502,1788412782.6385562,1,389958,0.08,0.08,1.0,1.0,2.0,2.0,1.0,0,False,10.770329475402832
/agv3/capability_report,1788412782.6463265,1788412782.6417782,3,388624,0.08,0.08,1.0,1.0,2.0,2.0,1.0,0,False,11.69223403930664
/agv1/capability_report,1788412782.646654,1788412782.6465664,1,389959,0.08,0.08,1.0,1.0,2.0,2.0,1.0,0,False,10.770329475402832
/agv2/capability_report,1788412782.6473303,1788412782.6418734,2,389510,0.08,0.08,1.0,1.0,2.0,2.0,1.0,0,False,11.594725608825684
/agv3/capability_report,1788412782.6547348,1788412782.6497693,3,388625,0.08,0.08,1.0,1.0,2.0,2.0,1.0,0,False,11.69223403930664
/agv2/capability_report,1788412782.658159,1788412782.64987,2,389511,0.08,0.08,1.0,1.0,2.0,2.0,1.0,0,False,11.594725608825684
/agv1/capability_report,1788412782.658744,1788412782.6585903,1,389960,0.08,0.08,1.0,1.0,2.0,2.0,1.0,0,False,10.770329475402832
/agv3/capability_report,1788412782.6663928,1788412782.6617825,3,388626,0.08,0.08,1.0,1.0,2.0,2.0,1.0,0,False,11.69223403930664
/agv1/capability_report,1788412782.666595,1788412782.6665547,1,389961,0.08,0.08,1.0,1.0,2.0,2.0,1.0,0,False,10.770329475402832
/agv2/capability_report,1788412782.6687133,1788412782.6617546,2,389512,0.08,0.08,1.0,1.0,2.0,2.0,1.0,0,False,11.594725608825684
/agv2/capability_report,1788412782.6750264,1788412782.6698701,2,389513,0.08,0.08,1.0,1.0,2.0,2.0,1.0,0,False,11.594725608825684
/agv3/capability_report,1788412782.6778905,1788412782.669789,3,388627,0.08,0.08,1.0,1.0,2.0,2.0,1.0,0,False,11.69223403930664
/agv1/capability_report,1788412782.6786547,1788412782.6785638,1,389962,0.08,0.08,1.0,1.0,2.0,2.0,1.0,0,False,10.770329475402832
/agv3/capability_report,1788412782.6863358,1788412782.6818373,3,388628,0.08,0.08,1.0,1.0,2.0,2.0,1.0,0,False,11.69223403930664
/agv1/capability_report,1788412782.6865997,1788412782.6865575,1,389963,0.08,0.08,1.0,1.0,2.0,2.0,1.0,0,False,10.770329475402832
/agv2/capability_report,1788412782.6878204,1788412782.6818748,2,389514,0.08,0.08,1.0,1.0,2.0,2.0,1.0,0,False,11.594725608825684
/agv2/capability_report,1788412782.6953692,1788412782.6898754,2,389515,0.08,0.08,1.0,1.0,2.0,2.0,1.0,0,False,11.594725608825684
/agv3/capability_report,1788412782.6963098,1788412782.6897423,3,388629,0.08,0.08,1.0,1.0,2.0,2.0,1.0,0,False,11.69223403930664
/agv1/capability_report,1788412782.6986558,1788412782.6986008,1,389964,0.08,0.08,1.0,1.0,2.0,2.0,1.0,0,False,10.770329475402832
/agv3/capability_report,1788412782.7063675,1788412782.7017794,3,388630,0.08,0.08,1.0,1.0,2.0,2.0,1.0,0,False,11.69223403930664
/agv1/capability_report,1788412782.7065883,1788412782.7065537,1,389965,0.08,0.08,1.0,1.0,2.0,2.0,1.0,0,False,10.770329475402832
/agv2/capability_report,1788412782.7076705,1788412782.7017543,2,389516,0.08,0.08,1.0,1.0,2.0,2.0,1.0,0,False,11.594725608825684
/agv3/capability_report,1788412782.7144017,1788412782.7097657,3,388631,0.08,0.08,1.0,1.0,2.0,2.0,1.0,0,False,11.69223403930664
/agv2/capability_report,1788412782.7164211,1788412782.7098694,2,389517,0.08,0.08,1.0,1.0,2.0,2.0,1.0,0,False,11.594725608825684
/agv1/capability_report,1788412782.71877,1788412782.7185888,1,389966,0.08,0.08,1.0,1.0,2.0,2.0,1.0,0,False,10.770329475402832
/agv1/capability_report,1788412782.7266316,1788412782.7265549,1,389967,0.08,0.08,1.0,1.0,2.0,2.0,1.0,0,False,10.770329475402832
/agv2/capability_report,1788412782.727793,1788412782.7218742,2,389518,0.08,0.08,1.0,1.0,2.0,2.0,1.0,0,False,11.594725608825684
/agv3/capability_report,1788412782.7278302,1788412782.7217503,3,388632,0.08,0.08,1.0,1.0,2.0,2.0,1.0,0,False,11.69223403930664
/agv3/capability_report,1788412782.7344239,1788412782.7297795,3,388633,0.08,0.08,1.0,1.0,2.0,2.0,1.0,0,False,11.69223403930664
/agv2/capability_report,1788412782.7354062,1788412782.7298772,2,389519,0.08,0.08,1.0,1.0,2.0,2.0,1.0,0,False,11.594725608825684
/agv1/capability_report,1788412782.7386842,1788412782.7385933,1,389968,0.08,0.08,1.0,1.0,2.0,2.0,1.0,0,False,11.133772850036621
/agv3/capability_report,1788412782.7462208,1788412782.741742,3,388634,0.08,0.08,1.0,1.0,2.0,2.0,1.0,0,False,11.69223403930664
/agv1/capability_report,1788412782.7466366,1788412782.7465603,1,389969,0.08,0.08,1.0,1.0,2.0,2.0,1.0,0,False,11.133772850036621
/agv2/capability_report,1788412782.7472315,1788412782.741741,2,389520,0.08,0.08,1.0,1.0,2.0,2.0,1.0,0,False,11.594725608825684
/agv3/capability_report,1788412782.7544286,1788412782.749776,3,388635,0.08,0.08,1.0,1.0,2.0,2.0,1.0,0,False,11.69223403930664
/agv2/capability_report,1788412782.7553608,1788412782.7498631,2,389521,0.08,0.08,1.0,1.0,2.0,2.0,1.0,0,False,11.594725608825684
/agv1/capability_report,1788412782.7587483,1788412782.7586033,1,389970,0.08,0.08,1.0,1.0,2.0,2.0,1.0,0,False,11.133772850036621
/agv1/capability_report,1788412782.7667735,1788412782.7666605,1,389971,0.08,0.08,1.0,1.0,2.0,2.0,1.0,0,False,11.133772850036621
/agv3/capability_report,1788412782.7669272,1788412782.7617803,3,388636,0.08,0.08,1.0,1.0,2.0,2.0,1.0,0,False,11.69223403930664
/agv2/capability_report,1788412782.767685,1788412782.7618701,2,389522,0.08,0.08,1.0,1.0,2.0,2.0,1.0,0,False,11.594725608825684
/agv3/capability_report,1788412782.7754297,1788412782.7698038,3,388637,0.08,0.08,1.0,1.0,2.0,2.0,1.0,0,False,11.69223403930664
/agv2/capability_report,1788412782.7767947,1788412782.7698634,2,389523,0.08,0.08,1.0,1.0,2.0,2.0,1.0,0,False,11.594725608825684
/agv1/capability_report,1788412782.7787058,1788412782.7785757,1,389972,0.08,0.08,1.0,1.0,2.0,2.0,1.0,0,False,11.133772850036621
/agv1/capability_report,1788412782.7867222,1788412782.7865627,1,389973,0.08,0.08,1.0,1.0,2.0,2.0,1.0,0,False,11.133772850036621
/agv3/capability_report,1788412782.7869606,1788412782.7818,3,388638,0.08,0.08,1.0,1.0,2.0,2.0,1.0,0,False,11.789743423461914
/agv2/capability_report,1788412782.7882507,1788412782.7817552,2,389524,0.08,0.08,1.0,1.0,2.0,2.0,1.0,0,False,11.594725608825684
/agv3/capability_report,1788412782.7941504,1788412782.7897449,3,388639,0.08,0.08,1.0,1.0,2.0,2.0,1.0,0,False,11.789743423461914
/agv2/capability_report,1788412782.7969732,1788412782.7898743,2,389525,0.08,0.08,1.0,1.0,2.0,2.0,1.0,0,False,11.594725608825684
/agv1/capability_report,1788412782.7986403,1788412782.7985666,1,389974,0.08,0.08,1.0,1.0,2.0,2.0,1.0,0,False,11.133772850036621
/agv3/capability_report,1788412782.8062565,1788412782.8017786,3,388640,0.08,0.08,1.0,1.0,2.0,2.0,1.0,0,False,11.789743423461914
/agv1/capability_report,1788412782.806717,1788412782.8065605,1,389975,0.08,0.08,1.0,1.0,2.0,2.0,1.0,0,False,11.133772850036621
/agv2/capability_report,1788412782.8078923,1788412782.801869,2,389526,0.08,0.08,1.0,1.0,2.0,2.0,1.0,0,False,11.718828201293945
/agv3/capability_report,1788412782.816857,1788412782.809782,3,388641,0.08,0.08,1.0,1.0,2.0,2.0,1.0,0,False,11.789743423461914
/agv2/capability_report,1788412782.8168826,1788412782.8098762,2,389527,0.08,0.08,1.0,1.0,2.0,2.0,1.0,0,False,11.718828201293945
/agv1/capability_report,1788412782.8186522,1788412782.8185687,1,389976,0.08,0.08,1.0,1.0,2.0,2.0,1.0,0,False,11.133772850036621
/agv1/capability_report,1788412782.8266268,1788412782.8265624,1,389977,0.08,0.08,1.0,1.0,2.0,2.0,1.0,0,False,11.133772850036621
/agv3/capability_report,1788412782.8268087,1788412782.821779,3,388642,0.08,0.08,1.0,1.0,2.0,2.0,1.0,0,False,11.789743423461914
/agv2/capability_report,1788412782.8274815,1788412782.821754,2,389528,0.08,0.08,1.0,1.0,2.0,2.0,1.0,0,False,11.718828201293945
/agv3/capability_report,1788412782.8342657,1788412782.8297653,3,388643,0.08,0.08,1.0,1.0,2.0,2.0,1.0,0,False,11.789743423461914
/agv2/capability_report,1788412782.8352778,1788412782.8298714,2,389529,0.08,0.08,1.0,1.0,2.0,2.0,1.0,0,False,11.718828201293945
/agv1/capability_report,1788412782.8387587,1788412782.8386006,1,389978,0.08,0.08,1.0,1.0,2.0,2.0,1.0,0,False,11.133772850036621
/agv3/capability_report,1788412782.8463507,1788412782.8417706,3,388644,0.08,0.08,1.0,1.0,2.0,2.0,1.0,0,False,11.789743423461914
/agv1/capability_report,1788412782.8466752,1788412782.8465674,1,389979,0.08,0.08,1.0,1.0,2.0,2.0,1.0,0,False,11.133772850036621
/agv2/capability_report,1788412782.847334,1788412782.8418715,2,389530,0.08,0.08,1.0,1.0,2.0,2.0,1.0,0,False,11.718828201293945
/agv3/capability_report,1788412782.8546166,1788412782.849786,3,388645,0.08,0.08,1.0,1.0,2.0,2.0,1.0,0,False,11.789743423461914
/agv2/capability_report,1788412782.8555584,1788412782.84987,2,389531,0.08,0.08,1.0,1.0,2.0,2.0,1.0,0,False,11.718828201293945
/agv1/capability_report,1788412782.8588555,1788412782.8586001,1,389980,0.08,0.08,1.0,1.0,2.0,2.0,1.0,0,False,11.133772850036621
/agv3/capability_report,1788412782.8664875,1788412782.8618262,3,388646,0.08,0.08,1.0,1.0,2.0,2.0,1.0,0,False,11.789743423461914
/agv1/capability_report,1788412782.8667202,1788412782.8665762,1,389981,0.08,0.08,1.0,1.0,2.0,2.0,1.0,0,False,11.133772850036621
/agv2/capability_report,1788412782.8674755,1788412782.8617547,2,389532,0.08,0.08,1.0,1.0,2.0,2.0,1.0,0,False,11.718828201293945
/agv3/capability_report,1788412782.8743582,1788412782.8697836,3,388647,0.08,0.08,1.0,1.0,2.0,2.0,1.0,0,False,11.789743423461914
/agv2/capability_report,1788412782.8756552,1788412782.8698306,2,389533,0.08,0.08,1.0,1.0,2.0,2.0,1.0,0,False,11.718828201293945
/agv1/capability_report,1788412782.8787653,1788412782.8786004,1,389982,0.08,0.08,1.0,1.0,2.0,2.0,1.0,0,False,11.133772850036621
/agv1/capability_report,1788412782.8866954,1788412782.8865714,1,389983,0.08,0.08,1.0,1.0,2.0,2.0,1.0,0,False,10.991941452026367
/agv3/capability_report,1788412782.8871055,1788412782.8817954,3,388648,0.08,0.08,1.0,1.0,2.0,2.0,1.0,0,False,11.789743423461914
/agv2/capability_report,1788412782.887138,1788412782.8818712,2,389534,0.08,0.08,1.0,1.0,2.0,2.0,1.0,0,False,11.718828201293945
/agv3/capability_report,1788412782.8943162,1788412782.889785,3,388649,0.08,0.08,1.0,1.0,2.0,2.0,1.0,0,False,11.789743423461914
/agv2/capability_report,1788412782.8956788,1788412782.8898716,2,389535,0.08,0.08,1.0,1.0,2.0,2.0,1.0,0,False,11.718828201293945
/agv1/capability_report,1788412782.8986917,1788412782.8985708,1,389984,0.08,0.08,1.0,1.0,2.0,2.0,1.0,0,False,10.991941452026367
/agv3/capability_report,1788412782.9063337,1788412782.9017775,3,388650,0.08,0.08,1.0,1.0,2.0,2.0,1.0,0,False,11.789743423461914
/agv1/capability_report,1788412782.9066472,1788412782.9065635,1,389985,0.08,0.08,1.0,1.0,2.0,2.0,1.0,0,False,10.991941452026367
/agv2/capability_report,1788412782.9069777,1788412782.9017553,2,389536,0.08,0.08,1.0,1.0,2.0,2.0,1.0,0,False,11.718828201293945
/agv3/capability_report,1788412782.9148748,1788412782.9097772,3,388651,0.08,0.08,1.0,1.0,2.0,2.0,1.0,0,False,11.789743423461914
/agv2/capability_report,1788412782.9169402,1788412782.9098907,2,389537,0.08,0.08,1.0,1.0,2.0,2.0,1.0,0,False,11.718828201293945
/agv1/capability_report,1788412782.9186988,1788412782.918589,1,389986,0.08,0.08,1.0,1.0,2.0,2.0,1.0,0,False,10.991941452026367
/agv3/capability_report,1788412782.9262638,1788412782.9217842,3,388652,0.08,0.08,1.0,1.0,2.0,2.0,1.0,0,False,11.789743423461914
/agv1/capability_report,1788412782.9266632,1788412782.9265678,1,389987,0.08,0.08,1.0,1.0,2.0,2.0,1.0,0,False,10.991941452026367
/agv2/capability_report,1788412782.9281921,1788412782.921869,2,389538,0.08,0.08,1.0,1.0,2.0,2.0,1.0,0,False,11.718828201293945
/agv2/capability_report,1788412782.9356713,1788412782.929875,2,389539,0.08,0.08,1.0,1.0,2.0,2.0,1.0,0,False,11.718828201293945
/agv3/capability_report,1788412782.935687,1788412782.9297643,3,388653,0.08,0.08,1.0,1.0,2.0,2.0,1.0,0,False,11.789743423461914
/agv1/capability_report,1788412782.938689,1788412782.9386082,1,389988,0.08,0.08,1.0,1.0,2.0,2.0,1.0,0,False,10.991941452026367
/agv3/capability_report,1788412782.9463327,1788412782.9417634,3,388654,0.08,0.08,1.0,1.0,2.0,2.0,1.0,0,False,11.683369636535645
/agv1/capability_report,1788412782.946606,1788412782.946557,1,389989,0.08,0.08,1.0,1.0,2.0,2.0,1.0,0,False,10.991941452026367
/agv2/capability_report,1788412782.9472601,1788412782.9417548,2,389540,0.08,0.08,1.0,1.0,2.0,2.0,1.0,0,False,11.718828201293945
/agv3/capability_report,1788412782.9545298,1788412782.9497929,3,388655,0.08,0.08,1.0,1.0,2.0,2.0,1.0,0,False,11.683369636535645
/agv2/capability_report,1788412782.9555454,1788412782.9498708,2,389541,0.08,0.08,1.0,1.0,2.0,2.0,1.0,0,False,11.718828201293945
/agv1/capability_report,1788412782.958836,1788412782.9586127,1,389990,0.08,0.08,1.0,1.0,2.0,2.0,1.0,0,False,10.991941452026367
/agv1/capability_report,1788412782.966611,1788412782.966563,1,389991,0.08,0.08,1.0,1.0,2.0,2.0,1.0,0,False,10.991941452026367
/agv3/capability_report,1788412782.9679382,1788412782.96178,3,388656,0.08,0.08,1.0,1.0,2.0,2.0,1.0,0,False,11.683369636535645
/agv2/capability_report,1788412782.9714878,1788412782.961876,2,389542,0.08,0.08,1.0,1.0,2.0,2.0,1.0,0,False,11.718828201293945
/agv3/capability_report,1788412782.9744143,1788412782.969803,3,388657,0.08,0.08,1.0,1.0,2.0,2.0,1.0,0,False,11.683369636535645
/agv2/capability_report,1788412782.9754772,1788412782.9698775,2,389543,0.08,0.08,1.0,1.0,2.0,2.0,1.0,0,False,11.718828201293945
/agv1/capability_report,1788412782.9787536,1788412782.9786088,1,389992,0.08,0.08,1.0,1.0,2.0,2.0,1.0,0,False,10.991941452026367
/agv3/capability_report,1788412782.986244,1788412782.9817972,3,388658,0.08,0.08,1.0,1.0,2.0,2.0,1.0,0,False,11.683369636535645
/agv1/capability_report,1788412782.9866347,1788412782.9865527,1,389993,0.08,0.08,1.0,1.0,2.0,2.0,1.0,0,False,10.991941452026367
/agv2/capability_report,1788412782.9874475,1788412782.9818718,2,389544,0.08,0.08,1.0,1.0,2.0,2.0,1.0,0,False,11.718828201293945
/agv3/capability_report,1788412782.994453,1788412782.9897907,3,388659,0.08,0.08,1.0,1.0,2.0,2.0,1.0,0,False,11.683369636535645
/agv2/capability_report,1788412782.99542,1788412782.9898689,2,389545,0.08,0.08,1.0,1.0,2.0,2.0,1.0,0,False,11.718828201293945
/agv1/capability_report,1788412782.9986773,1788412782.9985857,1,389994,0.08,0.08,1.0,1.0,2.0,2.0,1.0,0,False,10.991941452026367
/agv3/capability_report,1788412783.0064378,1788412783.0017788,3,388660,0.08,0.08,1.0,1.0,2.0,2.0,1.0,0,False,11.683369636535645
/agv1/capability_report,1788412783.0065913,1788412783.006553,1,389995,0.08,0.08,1.0,1.0,2.0,2.0,1.0,0,False,10.991941452026367
/agv2/capability_report,1788412783.009121,1788412783.0018682,2,389546,0.08,0.08,1.0,1.0,2.0,2.0,1.0,0,False,11.718828201293945
/agv3/capability_report,1788412783.0145168,1788412783.0097785,3,388661,0.08,0.08,1.0,1.0,2.0,2.0,1.0,0,False,11.683369636535645
/agv2/capability_report,1788412783.015426,1788412783.0099144,2,389547,0.08,0.08,1.0,1.0,2.0,2.0,1.0,0,False,11.718828201293945
/agv1/capability_report,1788412783.0188181,1788412783.018707,1,389996,0.08,0.08,1.0,1.0,2.0,2.0,1.0,0,False,10.991941452026367
/agv3/capability_report,1788412783.0263314,1788412783.0217743,3,388662,0.08,0.08,1.0,1.0,2.0,2.0,1.0,0,False,11.683369636535645
/agv1/capability_report,1788412783.0266066,1788412783.0265605,1,389997,0.08,0.08,1.0,1.0,2.0,2.0,1.0,0,False,10.991941452026367
/agv2/capability_report,1788412783.0269747,1788412783.0218716,2,389548,0.08,0.08,1.0,1.0,2.0,2.0,1.0,0,False,11.718828201293945
/agv3/capability_report,1788412783.0343707,1788412783.029773,3,388663,0.08,0.08,1.0,1.0,2.0,2.0,1.0,0,False,11.683369636535645
/agv2/capability_report,1788412783.035515,1788412783.0298696,2,389549,0.08,0.08,1.0,1.0,2.0,2.0,1.0,0,False,11.718828201293945
/agv1/capability_report,1788412783.038697,1788412783.0385962,1,389998,0.08,0.08,1.0,1.0,2.0,2.0,1.0,0,False,10.991941452026367
/agv1/capability_report,1788412783.0468194,1788412783.046617,1,389999,0.08,0.08,1.0,1.0,2.0,2.0,1.0,0,False,10.956483840942383
/agv3/capability_report,1788412783.0472043,1788412783.0417671,3,388664,0.08,0.08,1.0,1.0,2.0,2.0,1.0,0,False,11.683369636535645
/agv2/capability_report,1788412783.0484457,1788412783.0418715,2,389550,0.08,0.08,1.0,1.0,2.0,2.0,1.0,0,False,11.718828201293945
/agv3/capability_report,1788412783.0543516,1788412783.049762,3,388665,0.08,0.08,1.0,1.0,2.0,2.0,1.0,0,False,11.683369636535645
/agv2/capability_report,1788412783.0562778,1788412783.049875,2,389551,0.08,0.08,1.0,1.0,2.0,2.0,1.0,0,False,11.718828201293945
/agv1/capability_report,1788412783.0587635,1788412783.0586321,1,390000,0.08,0.08,1.0,1.0,2.0,2.0,1.0,0,False,10.956483840942383
/agv3/capability_report,1788412783.066303,1788412783.0617933,3,388666,0.08,0.08,1.0,1.0,2.0,2.0,1.0,0,False,11.683369636535645
/agv1/capability_report,1788412783.0666692,1788412783.066571,1,390001,0.08,0.08,1.0,1.0,2.0,2.0,1.0,0,False,10.956483840942383
/agv2/capability_report,1788412783.0692835,1788412783.061873,2,389552,0.08,0.08,1.0,1.0,2.0,2.0,1.0,0,False,11.718828201293945
/agv2/capability_report,1788412783.0758173,1788412783.0698748,2,389553,0.08,0.08,1.0,1.0,2.0,2.0,1.0,0,False,11.718828201293945
/agv1/capability_report,1788412783.0787668,1788412783.0786257,1,390002,0.08,0.08,1.0,1.0,2.0,2.0,1.0,0,False,10.956483840942383
/agv3/capability_report,1788412783.0828512,1788412783.0697978,3,388667,0.08,0.08,1.0,1.0,2.0,2.0,1.0,0,False,11.683369636535645
/agv1/capability_report,1788412783.086617,1788412783.0865805,1,390003,0.08,0.08,1.0,1.0,2.0,2.0,1.0,0,False,10.956483840942383
/agv2/capability_report,1788412783.0870464,1788412783.081871,2,389554,0.08,0.08,1.0,1.0,2.0,2.0,1.0,0,False,11.718828201293945
/agv3/capability_report,1788412783.0893288,1788412783.081738,3,388668,0.08,0.08,1.0,1.0,2.0,2.0,1.0,0,False,11.683369636535645
/agv2/capability_report,1788412783.0953894,1788412783.0898712,2,389555,0.08,0.08,1.0,1.0,2.0,2.0,1.0,0,False,11.718828201293945
/agv3/capability_report,1788412783.0966558,1788412783.0897813,3,388669,0.08,0.08,1.0,1.0,2.0,2.0,1.0,0,False,11.639047622680664
/agv1/capability_report,1788412783.098802,1788412783.0986116,1,390004,0.08,0.08,1.0,1.0,2.0,2.0,1.0,0,False,10.956483840942383
/agv1/capability_report,1788412783.1066697,1788412783.106619,1,390005,0.08,0.08,1.0,1.0,2.0,2.0,1.0,0,False,10.956483840942383
/agv2/capability_report,1788412783.1085556,1788412783.1018732,2,389556,0.08,0.08,1.0,1.0,2.0,2.0,1.0,0,False,11.718828201293945
/agv3/capability_report,1788412783.1086023,1788412783.1017792,3,388670,0.08,0.08,1.0,1.0,2.0,2.0,1.0,0,False,11.639047622680664
/agv3/capability_report,1788412783.115015,1788412783.1097333,3,388671,0.08,0.08,1.0,1.0,2.0,2.0,1.0,0,False,11.639047622680664
/agv1/capability_report,1788412783.1188145,1788412783.118683,1,390006,0.08,0.08,1.0,1.0,2.0,2.0,1.0,0,False,10.956483840942383
/agv3/capability_report,1788412783.1265242,1788412783.1217778,3,388672,0.08,0.08,1.0,1.0,2.0,2.0,1.0,0,False,11.639047622680664
/agv1/capability_report,1788412783.1266863,1788412783.1265664,1,390007,0.08,0.08,1.0,1.0,2.0,2.0,1.0,0,False,10.956483840942383
/agv2/capability_report,1788412783.137923,1788412783.1098475,2,389557,0.08,0.08,1.0,1.0,2.0,2.0,1.0,0,False,11.718828201293945
/agv1/capability_report,1788412783.1388223,1788412783.1386063,1,390008,0.08,0.08,1.0,1.0,2.0,2.0,1.0,0,False,10.956483840942383
/agv2/capability_report,1788412783.141779,1788412783.1219072,2,389558,0.08,0.08,1.0,1.0,2.0,2.0,1.0,0,False,11.69223403930664
/agv2/capability_report,1788412783.1417813,1788412783.1298811,2,389559,0.08,0.08,1.0,1.0,2.0,2.0,1.0,0,False,11.69223403930664
/agv3/capability_report,1788412783.1457963,1788412783.129779,3,388673,0.08,0.08,1.0,1.0,2.0,2.0,1.0,0,False,11.639047622680664
/agv1/capability_report,1788412783.1467078,1788412783.1465704,1,390009,0.08,0.08,1.0,1.0,2.0,2.0,1.0,0,False,10.956483840942383
/agv2/capability_report,1788412783.1501029,1788412783.1417542,2,389560,0.08,0.08,1.0,1.0,2.0,2.0,1.0,0,False,11.69223403930664
/agv3/capability_report,1788412783.1534863,1788412783.1417284,3,388674,0.08,0.08,1.0,1.0,2.0,2.0,1.0,0,False,11.639047622680664
/agv2/capability_report,1788412783.1555126,1788412783.1499298,2,389561,0.08,0.08,1.0,1.0,2.0,2.0,1.0,0,False,11.69223403930664
/agv3/capability_report,1788412783.1566365,1788412783.1497784,3,388675,0.08,0.08,1.0,1.0,2.0,2.0,1.0,0,False,11.639047622680664
/agv1/capability_report,1788412783.158698,1788412783.1585934,1,390010,0.08,0.08,1.0,1.0,2.0,2.0,1.0,0,False,10.956483840942383
/agv3/capability_report,1788412783.166346,1788412783.1618068,3,388676,0.08,0.08,1.0,1.0,2.0,2.0,1.0,0,False,11.639047622680664
/agv1/capability_report,1788412783.1666675,1788412783.1665595,1,390011,0.08,0.08,1.0,1.0,2.0,2.0,1.0,0,False,10.956483840942383
/agv2/capability_report,1788412783.1685889,1788412783.1618724,2,389562,0.08,0.08,1.0,1.0,2.0,2.0,1.0,0,False,11.69223403930664
/agv3/capability_report,1788412783.1748157,1788412783.1697767,3,388677,0.08,0.08,1.0,1.0,2.0,2.0,1.0,0,False,11.639047622680664
/agv2/capability_report,1788412783.1762395,1788412783.169874,2,389563,0.08,0.08,1.0,1.0,2.0,2.0,1.0,0,False,11.69223403930664
/agv1/capability_report,1788412783.1787412,1788412783.1785915,1,390012,0.08,0.08,1.0,1.0,2.0,2.0,1.0,0,False,10.956483840942383
/agv3/capability_report,1788412783.1864429,1788412783.1817791,3,388678,0.08,0.08,1.0,1.0,2.0,2.0,1.0,0,False,11.639047622680664
/agv1/capability_report,1788412783.1866822,1788412783.1865578,1,390013,0.08,0.08,1.0,1.0,2.0,2.0,1.0,0,False,10.956483840942383
/agv2/capability_report,1788412783.1872497,1788412783.1817553,2,389564,0.08,0.08,1.0,1.0,2.0,2.0,1.0,0,False,11.69223403930664
/agv3/capability_report,1788412783.1945012,1788412783.1897821,3,388679,0.08,0.08,1.0,1.0,2.0,2.0,1.0,0,False,11.639047622680664
/agv2/capability_report,1788412783.1958232,1788412783.1898744,2,389565,0.08,0.08,1.0,1.0,2.0,2.0,1.0,0,False,11.69223403930664
/agv1/capability_report,1788412783.1987648,1788412783.1986167,1,390014,0.08,0.08,1.0,1.0,2.0,2.0,1.0,0,False,10.956483840942383
/agv1/capability_report,1788412783.2066977,1788412783.2065582,1,390015,0.08,0.08,1.0,1.0,2.0,2.0,1.0,0,False,11.151501655578613
/agv2/capability_report,1788412783.2089958,1788412783.201876,2,389566,0.08,0.08,1.0,1.0,2.0,2.0,1.0,0,False,11.69223403930664
/agv3/capability_report,1788412783.212785,1788412783.2017782,3,388680,0.08,0.08,1.0,1.0,2.0,2.0,1.0,0,False,11.639047622680664
/agv1/capability_report,1788412783.2186632,1788412783.2185538,1,390016,0.08,0.08,1.0,1.0,2.0,2.0,1.0,0,False,11.151501655578613
/agv3/capability_report,1788412783.221474,1788412783.2097492,3,388681,0.08,0.08,1.0,1.0,2.0,2.0,1.0,0,False,11.639047622680664
/agv2/capability_report,1788412783.2230017,1788412783.209891,2,389567,0.08,0.08,1.0,1.0,2.0,2.0,1.0,0,False,11.69223403930664
/agv1/capability_report,1788412783.2266567,1788412783.2265549,1,390017,0.08,0.08,1.0,1.0,2.0,2.0,1.0,0,False,11.151501655578613
/agv2/capability_report,1788412783.2275841,1788412783.2217572,2,389568,0.08,0.08,1.0,1.0,2.0,2.0,1.0,0,False,11.69223403930664
/agv3/capability_report,1788412783.2290094,1788412783.2217734,3,388682,0.08,0.08,1.0,1.0,2.0,2.0,1.0,0,False,11.639047622680664
/agv3/capability_report,1788412783.2346606,1788412783.2297714,3,388683,0.08,0.08,1.0,1.0,2.0,2.0,1.0,0,False,11.639047622680664
/agv2/capability_report,1788412783.2356024,1788412783.2298603,2,389569,0.08,0.08,1.0,1.0,2.0,2.0,1.0,0,False,11.69223403930664
/agv1/capability_report,1788412783.2387316,1788412783.2386062,1,390018,0.08,0.08,1.0,1.0,2.0,2.0,1.0,0,False,11.151501655578613
/agv3/capability_report,1788412783.2463243,1788412783.2417762,3,388684,0.08,0.08,1.0,1.0,2.0,2.0,1.0,0,False,11.639047622680664
/agv1/capability_report,1788412783.2466478,1788412783.2465641,1,390019,0.08,0.08,1.0,1.0,2.0,2.0,1.0,0,False,11.151501655578613
/agv2/capability_report,1788412783.2469013,1788412783.2419093,2,389570,0.08,0.08,1.0,1.0,2.0,2.0,1.0,0,False,11.69223403930664
/agv3/capability_report,1788412783.25481,1788412783.249776,3,388685,0.08,0.08,1.0,1.0,2.0,2.0,1.0,0,False,11.736557006835938
/agv2/capability_report,1788412783.2557921,1788412783.249871,2,389571,0.08,0.08,1.0,1.0,2.0,2.0,1.0,0,False,11.69223403930664
/agv1/capability_report,1788412783.2588446,1788412783.258615,1,390020,0.08,0.08,1.0,1.0,2.0,2.0,1.0,0,False,11.151501655578613
/agv1/capability_report,1788412783.2667155,1788412783.2665536,1,390021,0.08,0.08,1.0,1.0,2.0,2.0,1.0,0,False,11.151501655578613
/agv3/capability_report,1788412783.2667544,1788412783.2617817,3,388686,0.08,0.08,1.0,1.0,2.0,2.0,1.0,0,False,11.736557006835938
/agv2/capability_report,1788412783.267361,1788412783.261754,2,389572,0.08,0.08,1.0,1.0,2.0,2.0,1.0,0,False,11.69223403930664
/agv3/capability_report,1788412783.2744794,1788412783.2698004,3,388687,0.08,0.08,1.0,1.0,2.0,2.0,1.0,0,False,11.736557006835938
/agv2/capability_report,1788412783.2756207,1788412783.269877,2,389573,0.08,0.08,1.0,1.0,2.0,2.0,1.0,0,False,11.69223403930664
/agv1/capability_report,1788412783.2787464,1788412783.2785926,1,390022,0.08,0.08,1.0,1.0,2.0,2.0,1.0,0,False,11.151501655578613
/agv1/capability_report,1788412783.286673,1788412783.2865894,1,390023,0.08,0.08,1.0,1.0,2.0,2.0,1.0,0,False,11.151501655578613
/agv2/capability_report,1788412783.2876005,1788412783.2818708,2,389574,0.08,0.08,1.0,1.0,2.0,2.0,1.0,0,False,11.674505233764648
/agv3/capability_report,1788412783.2876391,1788412783.2817976,3,388688,0.08,0.08,1.0,1.0,2.0,2.0,1.0,0,False,11.736557006835938
/agv2/capability_report,1788412783.2976298,1788412783.2898698,2,389575,0.08,0.08,1.0,1.0,2.0,2.0,1.0,0,False,11.674505233764648
/agv1/capability_report,1788412783.298856,1788412783.2986934,1,390024,0.08,0.08,1.0,1.0,2.0,2.0,1.0,0,False,11.151501655578613
/agv3/capability_report,1788412783.3018758,1788412783.2897792,3,388689,0.08,0.08,1.0,1.0,2.0,2.0,1.0,0,False,11.736557006835938
/agv3/capability_report,1788412783.3063054,1788412783.3017998,3,388690,0.08,0.08,1.0,1.0,2.0,2.0,1.0,0,False,11.736557006835938
/agv1/capability_report,1788412783.3066297,1788412783.3065631,1,390025,0.08,0.08,1.0,1.0,2.0,2.0,1.0,0,False,11.151501655578613
/agv2/capability_report,1788412783.3073738,1788412783.3017552,2,389576,0.08,0.08,1.0,1.0,2.0,2.0,1.0,0,False,11.674505233764648
/agv3/capability_report,1788412783.3147306,1788412783.3097744,3,388691,0.08,0.08,1.0,1.0,2.0,2.0,1.0,0,False,11.736557006835938
/agv2/capability_report,1788412783.3155491,1788412783.3099055,2,389577,0.08,0.08,1.0,1.0,2.0,2.0,1.0,0,False,11.674505233764648
/agv1/capability_report,1788412783.3186677,1788412783.3185894,1,390026,0.08,0.08,1.0,1.0,2.0,2.0,1.0,0,False,11.151501655578613
/agv1/capability_report,1788412783.326753,1788412783.3266003,1,390027,0.08,0.08,1.0,1.0,2.0,2.0,1.0,0,False,11.151501655578613
/agv3/capability_report,1788412783.3269908,1788412783.3217635,3,388692,0.08,0.08,1.0,1.0,2.0,2.0,1.0,0,False,11.736557006835938
/agv2/capability_report,1788412783.3279467,1788412783.321871,2,389578,0.08,0.08,1.0,1.0,2.0,2.0,1.0,0,False,11.674505233764648
/agv3/capability_report,1788412783.3352034,1788412783.32975,3,388693,0.08,0.08,1.0,1.0,2.0,2.0,1.0,0,False,11.736557006835938
/agv2/capability_report,1788412783.3361976,1788412783.3297951,2,389579,0.08,0.08,1.0,1.0,2.0,2.0,1.0,0,False,11.674505233764648
/agv1/capability_report,1788412783.3386743,1788412783.3385952,1,390028,0.08,0.08,1.0,1.0,2.0,2.0,1.0,0,False,11.151501655578613
/agv3/capability_report,1788412783.3466284,1788412783.3417988,3,388694,0.08,0.08,1.0,1.0,2.0,2.0,1.0,0,False,11.736557006835938
/agv1/capability_report,1788412783.3468015,1788412783.3466415,1,390029,0.08,0.08,1.0,1.0,2.0,2.0,1.0,0,False,11.151501655578613
/agv2/capability_report,1788412783.3478906,1788412783.3417127,2,389580,0.08,0.08,1.0,1.0,2.0,2.0,1.0,0,False,11.674505233764648
/agv2/capability_report,1788412783.3548882,1788412783.3498452,2,389581,0.08,0.08,1.0,1.0,2.0,2.0,1.0,0,False,11.674505233764648
/agv3/capability_report,1788412783.354889,1788412783.349778,3,388695,0.08,0.08,1.0,1.0,2.0,2.0,1.0,0,False,11.736557006835938
/agv1/capability_report,1788412783.358829,1788412783.3585858,1,390030,0.08,0.08,1.0,1.0,2.0,2.0,1.0,0,False,11.151501655578613
/agv3/capability_report,1788412783.366247,1788412783.361777,3,388696,0.08,0.08,1.0,1.0,2.0,2.0,1.0,0,False,11.736557006835938
/agv1/capability_report,1788412783.3666158,1788412783.366561,1,390031,0.08,0.08,1.0,1.0,2.0,2.0,1.0,0,False,11.435164451599121
/agv2/capability_report,1788412783.3675456,1788412783.3618627,2,389582,0.08,0.08,1.0,1.0,2.0,2.0,1.0,0,False,11.674505233764648
/agv3/capability_report,1788412783.3746479,1788412783.3697853,3,388697,0.08,0.08,1.0,1.0,2.0,2.0,1.0,0,False,11.736557006835938
/agv2/capability_report,1788412783.375399,1788412783.3698733,2,389583,0.08,0.08,1.0,1.0,2.0,2.0,1.0,0,False,11.674505233764648
/agv1/capability_report,1788412783.3788056,1788412783.3785605,1,390032,0.08,0.08,1.0,1.0,2.0,2.0,1.0,0,False,11.435164451599121
/agv3/capability_report,1788412783.3864741,1788412783.381811,3,388698,0.08,0.08,1.0,1.0,2.0,2.0,1.0,0,False,11.736557006835938
/agv1/capability_report,1788412783.3866243,1788412783.3865645,1,390033,0.08,0.08,1.0,1.0,2.0,2.0,1.0,0,False,11.435164451599121
/agv2/capability_report,1788412783.3890011,1788412783.3817523,2,389584,0.08,0.08,1.0,1.0,2.0,2.0,1.0,0,False,11.674505233764648
/agv3/capability_report,1788412783.3944075,1788412783.3897777,3,388699,0.08,0.08,1.0,1.0,2.0,2.0,1.0,0,False,11.736557006835938
/agv2/capability_report,1788412783.3951685,1788412783.389807,2,389585,0.08,0.08,1.0,1.0,2.0,2.0,1.0,0,False,11.674505233764648
/agv1/capability_report,1788412783.3987722,1788412783.398603,1,390034,0.08,0.08,1.0,1.0,2.0,2.0,1.0,0,False,11.435164451599121
/agv3/capability_report,1788412783.4065964,1788412783.4017782,3,388700,0.08,0.08,1.0,1.0,2.0,2.0,1.0,0,False,11.736557006835938
/agv1/capability_report,1788412783.4066753,1788412783.4065568,1,390035,0.08,0.08,1.0,1.0,2.0,2.0,1.0,0,False,11.435164451599121
/agv2/capability_report,1788412783.4076388,1788412783.4019256,2,389586,0.08,0.08,1.0,1.0,2.0,2.0,1.0,0,False,11.674505233764648
/agv3/capability_report,1788412783.414419,1788412783.4097962,3,388701,0.08,0.08,1.0,1.0,2.0,2.0,1.0,0,False,11.807472229003906
/agv2/capability_report,1788412783.4161098,1788412783.409875,2,389587,0.08,0.08,1.0,1.0,2.0,2.0,1.0,0,False,11.674505233764648
/agv1/capability_report,1788412783.418869,1788412783.4186,1,390036,0.08,0.08,1.0,1.0,2.0,2.0,1.0,0,False,11.435164451599121
/agv1/capability_report,1788412783.4267337,1788412783.4265635,1,390037,0.08,0.08,1.0,1.0,2.0,2.0,1.0,0,False,11.435164451599121
/agv3/capability_report,1788412783.4269032,1788412783.421778,3,388702,0.08,0.08,1.0,1.0,2.0,2.0,1.0,0,False,11.807472229003906
/agv2/capability_report,1788412783.4270525,1788412783.4217494,2,389588,0.08,0.08,1.0,1.0,2.0,2.0,1.0,0,False,11.674505233764648
/agv3/capability_report,1788412783.434589,1788412783.4297745,3,388703,0.08,0.08,1.0,1.0,2.0,2.0,1.0,0,False,11.807472229003906
/agv2/capability_report,1788412783.4363384,1788412783.4298754,2,389589,0.08,0.08,1.0,1.0,2.0,2.0,1.0,0,False,11.674505233764648
/agv1/capability_report,1788412783.438735,1788412783.4386055,1,390038,0.08,0.08,1.0,1.0,2.0,2.0,1.0,0,False,11.435164451599121
/agv3/capability_report,1788412783.446375,1788412783.441767,3,388704,0.08,0.08,1.0,1.0,2.0,2.0,1.0,0,False,11.807472229003906
/agv1/capability_report,1788412783.4466608,1788412783.4465647,1,390039,0.08,0.08,1.0,1.0,2.0,2.0,1.0,0,False,11.435164451599121
/agv2/capability_report,1788412783.447096,1788412783.4418752,2,389590,0.08,0.08,1.0,1.0,2.0,2.0,1.0,0,False,11.64791202545166
/agv2/capability_report,1788412783.455469,1788412783.4498713,2,389591,0.08,0.08,1.0,1.0,2.0,2.0,1.0,0,False,11.64791202545166
/agv3/capability_report,1788412783.4555354,1788412783.4497778,3,388705,0.08,0.08,1.0,1.0,2.0,2.0,1.0,0,False,11.807472229003906
/agv1/capability_report,1788412783.4587698,1788412783.4586165,1,390040,0.08,0.08,1.0,1.0,2.0,2.0,1.0,0,False,11.435164451599121
/agv3/capability_report,1788412783.4664252,1788412783.4617784,3,388706,0.08,0.08,1.0,1.0,2.0,2.0,1.0,0,False,11.807472229003906
/agv1/capability_report,1788412783.4666116,1788412783.4665613,1,390041,0.08,0.08,1.0,1.0,2.0,2.0,1.0,0,False,11.435164451599121
/agv2/capability_report,1788412783.467471,1788412783.4617505,2,389592,0.08,0.08,1.0,1.0,2.0,2.0,1.0,0,False,11.64791202545166
/agv2/capability_report,1788412783.4756367,1788412783.4698787,2,389593,0.08,0.08,1.0,1.0,2.0,2.0,1.0,0,False,11.64791202545166
/agv3/capability_report,1788412783.4758208,1788412783.46978,3,388707,0.08,0.08,1.0,1.0,2.0,2.0,1.0,0,False,11.807472229003906
/agv1/capability_report,1788412783.4788103,1788412783.4786766,1,390042,0.08,0.08,1.0,1.0,2.0,2.0,1.0,0,False,11.435164451599121
/agv3/capability_report,1788412783.4864316,1788412783.4817824,3,388708,0.08,0.08,1.0,1.0,2.0,2.0,1.0,0,False,11.807472229003906
/agv1/capability_report,1788412783.486625,1788412783.4865744,1,390043,0.08,0.08,1.0,1.0,2.0,2.0,1.0,0,False,11.435164451599121
/agv2/capability_report,1788412783.4878907,1788412783.4818711,2,389594,0.08,0.08,1.0,1.0,2.0,2.0,1.0,0,False,11.64791202545166
/agv3/capability_report,1788412783.4954352,1788412783.4897804,3,388709,0.08,0.08,1.0,1.0,2.0,2.0,1.0,0,False,11.807472229003906
/agv2/capability_report,1788412783.4955537,1788412783.4898694,2,389595,0.08,0.08,1.0,1.0,2.0,2.0,1.0,0,False,11.64791202545166
/agv1/capability_report,1788412783.4986951,1788412783.498574,1,390044,0.08,0.08,1.0,1.0,2.0,2.0,1.0,0,False,11.435164451599121
/agv1/capability_report,1788412783.5066764,1788412783.5065713,1,390045,0.08,0.08,1.0,1.0,2.0,2.0,1.0,0,False,11.435164451599121
/agv2/capability_report,1788412783.507326,1788412783.5017457,2,389596,0.08,0.08,1.0,1.0,2.0,2.0,1.0,0,False,11.64791202545166
/agv3/capability_report,1788412783.5074205,1788412783.5017722,3,388710,0.08,0.08,1.0,1.0,2.0,2.0,1.0,0,False,11.807472229003906
/agv3/capability_report,1788412783.514757,1788412783.5097911,3,388711,0.08,0.08,1.0,1.0,2.0,2.0,1.0,0,False,11.807472229003906
/agv2/capability_report,1788412783.516077,1788412783.5098617,2,389597,0.08,0.08,1.0,1.0,2.0,2.0,1.0,0,False,11.64791202545166
/agv1/capability_report,1788412783.518852,1788412783.5186987,1,390046,0.08,0.08,1.0,1.0,2.0,2.0,1.0,0,False,11.435164451599121
/agv1/capability_report,1788412783.5267072,1788412783.5266109,1,390047,0.08,0.08,1.0,1.0,2.0,2.0,1.0,0,False,11.24014663696289
/agv2/capability_report,1788412783.5275102,1788412783.5218723,2,389598,0.08,0.08,1.0,1.0,2.0,2.0,1.0,0,False,11.64791202545166
/agv3/capability_report,1788412783.5275269,1788412783.5217803,3,388712,0.08,0.08,1.0,1.0,2.0,2.0,1.0,0,False,11.807472229003906
/agv3/capability_report,1788412783.534353,1788412783.5297782,3,388713,0.08,0.08,1.0,1.0,2.0,2.0,1.0,0,False,11.807472229003906
/agv2/capability_report,1788412783.5362463,1788412783.5298727,2,389599,0.08,0.08,1.0,1.0,2.0,2.0,1.0,0,False,11.64791202545166
/agv1/capability_report,1788412783.5388525,1788412783.5386705,1,390048,0.08,0.08,1.0,1.0,2.0,2.0,1.0,0,False,11.24014663696289
/agv1/capability_report,1788412783.5466483,1788412783.5465643,1,390049,0.08,0.08,1.0,1.0,2.0,2.0,1.0,0,False,11.24014663696289
/agv3/capability_report,1788412783.5466502,1788412783.5417898,3,388714,0.08,0.08,1.0,1.0,2.0,2.0,1.0,0,False,11.807472229003906
/agv2/capability_report,1788412783.5477688,1788412783.541855,2,389600,0.08,0.08,1.0,1.0,2.0,2.0,1.0,0,False,11.64791202545166
/agv3/capability_report,1788412783.5543988,1788412783.5497706,3,388715,0.08,0.08,1.0,1.0,2.0,2.0,1.0,0,False,11.807472229003906
/agv2/capability_report,1788412783.5554192,1788412783.5498757,2,389601,0.08,0.08,1.0,1.0,2.0,2.0,1.0,0,False,11.64791202545166
/agv1/capability_report,1788412783.5587516,1788412783.5585933,1,390050,0.08,0.08,1.0,1.0,2.0,2.0,1.0,0,False,11.24014663696289
/agv1/capability_report,1788412783.5666518,1788412783.5665567,1,390051,0.08,0.08,1.0,1.0,2.0,2.0,1.0,0,False,11.24014663696289
/agv3/capability_report,1788412783.566702,1788412783.561789,3,388716,0.08,0.08,1.0,1.0,2.0,2.0,1.0,0,False,11.807472229003906
/agv2/capability_report,1788412783.5685978,1788412783.561874,2,389602,0.08,0.08,1.0,1.0,2.0,2.0,1.0,0,False,11.64791202545166
/agv3/capability_report,1788412783.5744445,1788412783.5697904,3,388717,0.08,0.08,1.0,1.0,2.0,2.0,1.0,0,False,11.594725608825684
/agv2/capability_report,1788412783.5756128,1788412783.5698683,2,389603,0.08,0.08,1.0,1.0,2.0,2.0,1.0,0,False,11.64791202545166
/agv1/capability_report,1788412783.5788078,1788412783.578606,1,390052,0.08,0.08,1.0,1.0,2.0,2.0,1.0,0,False,11.24014663696289
/agv3/capability_report,1788412783.5864813,1788412783.581796,3,388718,0.08,0.08,1.0,1.0,2.0,2.0,1.0,0,False,11.594725608825684
/agv1/capability_report,1788412783.5866077,1788412783.5865593,1,390053,0.08,0.08,1.0,1.0,2.0,2.0,1.0,0,False,11.24014663696289
/agv2/capability_report,1788412783.5876005,1788412783.5817506,2,389604,0.08,0.08,1.0,1.0,2.0,2.0,1.0,0,False,11.64791202545166
/agv3/capability_report,1788412783.5943456,1788412783.5898008,3,388719,0.08,0.08,1.0,1.0,2.0,2.0,1.0,0,False,11.594725608825684
/agv2/capability_report,1788412783.596557,1788412783.5898716,2,389605,0.08,0.08,1.0,1.0,2.0,2.0,1.0,0,False,11.64791202545166
/agv1/capability_report,1788412783.598738,1788412783.598588,1,390054,0.08,0.08,1.0,1.0,2.0,2.0,1.0,0,False,11.24014663696289
/agv3/capability_report,1788412783.6065671,1788412783.6017833,3,388720,0.08,0.08,1.0,1.0,2.0,2.0,1.0,0,False,11.594725608825684
/agv1/capability_report,1788412783.606635,1788412783.6065855,1,390055,0.08,0.08,1.0,1.0,2.0,2.0,1.0,0,False,11.24014663696289
/agv2/capability_report,1788412783.607074,1788412783.601879,2,389606,0.08,0.08,1.0,1.0,2.0,2.0,1.0,0,False,11.64791202545166
/agv2/capability_report,1788412783.6149938,1788412783.6098745,2,389607,0.08,0.08,1.0,1.0,2.0,2.0,1.0,0,False,11.64791202545166
/agv3/capability_report,1788412783.6164746,1788412783.609772,3,388721,0.08,0.08,1.0,1.0,2.0,2.0,1.0,0,False,11.594725608825684
/agv1/capability_report,1788412783.618699,1788412783.6186163,1,390056,0.08,0.08,1.0,1.0,2.0,2.0,1.0,0,False,11.24014663696289
/agv3/capability_report,1788412783.6263945,1788412783.6218014,3,388722,0.08,0.08,1.0,1.0,2.0,2.0,1.0,0,False,11.594725608825684
/agv1/capability_report,1788412783.6267147,1788412783.6265762,1,390057,0.08,0.08,1.0,1.0,2.0,2.0,1.0,0,False,11.24014663696289
/agv2/capability_report,1788412783.6275148,1788412783.621742,2,389608,0.08,0.08,1.0,1.0,2.0,2.0,1.0,0,False,11.64791202545166
/agv3/capability_report,1788412783.6345954,1788412783.629774,3,388723,0.08,0.08,1.0,1.0,2.0,2.0,1.0,0,False,11.594725608825684
/agv2/capability_report,1788412783.6362572,1788412783.6298711,2,389609,0.08,0.08,1.0,1.0,2.0,2.0,1.0,0,False,11.64791202545166
/agv1/capability_report,1788412783.638752,1788412783.6386259,1,390058,0.08,0.08,1.0,1.0,2.0,2.0,1.0,0,False,11.24014663696289
/agv3/capability_report,1788412783.64639,1788412783.6417694,3,388724,0.08,0.08,1.0,1.0,2.0,2.0,1.0,0,False,11.594725608825684
/agv1/capability_report,1788412783.6466355,1788412783.646578,1,390059,0.08,0.08,1.0,1.0,2.0,2.0,1.0,0,False,11.24014663696289
/agv2/capability_report,1788412783.6476772,1788412783.6419182,2,389610,0.08,0.08,1.0,1.0,2.0,2.0,1.0,0,False,11.64791202545166
/agv3/capability_report,1788412783.6547587,1788412783.649781,3,388725,0.08,0.08,1.0,1.0,2.0,2.0,1.0,0,False,11.594725608825684
/agv2/capability_report,1788412783.6561325,1788412783.6498685,2,389611,0.08,0.08,1.0,1.0,2.0,2.0,1.0,0,False,11.64791202545166
/agv1/capability_report,1788412783.658687,1788412783.6585975,1,390060,0.08,0.08,1.0,1.0,2.0,2.0,1.0,0,False,11.24014663696289
/agv3/capability_report,1788412783.6662984,1788412783.6617732,3,388726,0.08,0.08,1.0,1.0,2.0,2.0,1.0,0,False,11.594725608825684
/agv1/capability_report,1788412783.6666028,1788412783.6665602,1,390061,0.08,0.08,1.0,1.0,2.0,2.0,1.0,0,False,11.24014663696289
/agv2/capability_report,1788412783.6688466,1788412783.6617413,2,389612,0.08,0.08,1.0,1.0,2.0,2.0,1.0,0,False,11.64791202545166
/agv3/capability_report,1788412783.6754465,1788412783.669775,3,388727,0.08,0.08,1.0,1.0,2.0,2.0,1.0,0,False,11.594725608825684
/agv2/capability_report,1788412783.6756456,1788412783.6698701,2,389613,0.08,0.08,1.0,1.0,2.0,2.0,1.0,0,False,11.64791202545166
/agv1/capability_report,1788412783.6788385,1788412783.678592,1,390062,0.08,0.08,1.0,1.0,2.0,2.0,1.0,0,False,11.24014663696289
/agv3/capability_report,1788412783.6863587,1788412783.681795,3,388728,0.08,0.08,1.0,1.0,2.0,2.0,1.0,0,False,11.594725608825684
/agv1/capability_report,1788412783.6866271,1788412783.686557,1,390063,0.08,0.08,1.0,1.0,2.0,2.0,1.0,0,False,11.000805854797363
/agv2/capability_report,1788412783.6902814,1788412783.6818776,2,389614,0.08,0.08,1.0,1.0,2.0,2.0,1.0,0,False,11.64791202545166
/agv3/capability_report,1788412783.6944003,1788412783.6897924,3,388729,0.08,0.08,1.0,1.0,2.0,2.0,1.0,0,False,11.594725608825684
/agv2/capability_report,1788412783.6955245,1788412783.6898437,2,389615,0.08,0.08,1.0,1.0,2.0,2.0,1.0,0,False,11.64791202545166
/agv1/capability_report,1788412783.6986892,1788412783.6985564,1,390064,0.08,0.08,1.0,1.0,2.0,2.0,1.0,0,False,11.000805854797363
/agv3/capability_report,1788412783.7063808,1788412783.7017763,3,388730,0.08,0.08,1.0,1.0,2.0,2.0,1.0,0,False,11.594725608825684
/agv1/capability_report,1788412783.7066581,1788412783.7065635,1,390065,0.08,0.08,1.0,1.0,2.0,2.0,1.0,0,False,11.000805854797363
/agv2/capability_report,1788412783.7082348,1788412783.701733,2,389616,0.08,0.08,1.0,1.0,2.0,2.0,1.0,0,False,11.64791202545166
/agv3/capability_report,1788412783.7145677,1788412783.7097957,3,388731,0.08,0.08,1.0,1.0,2.0,2.0,1.0,0,False,11.594725608825684
/agv2/capability_report,1788412783.7161562,1788412783.70988,2,389617,0.08,0.08,1.0,1.0,2.0,2.0,1.0,0,False,11.64791202545166
/agv1/capability_report,1788412783.718815,1788412783.7186978,1,390066,0.08,0.08,1.0,1.0,2.0,2.0,1.0,0,False,11.000805854797363
/agv1/capability_report,1788412783.7266572,1788412783.7265718,1,390067,0.08,0.08,1.0,1.0,2.0,2.0,1.0,0,False,11.000805854797363
/agv3/capability_report,1788412783.7275648,1788412783.7217774,3,388732,0.08,0.08,1.0,1.0,2.0,2.0,1.0,0,False,11.594725608825684
/agv2/capability_report,1788412783.7321064,1788412783.7218697,2,389618,0.08,0.08,1.0,1.0,2.0,2.0,1.0,0,False,11.64791202545166
/agv3/capability_report,1788412783.7344642,1788412783.7297366,3,388733,0.08,0.08,1.0,1.0,2.0,2.0,1.0,0,False,11.816336631774902
/agv2/capability_report,1788412783.7362664,1788412783.7298691,2,389619,0.08,0.08,1.0,1.0,2.0,2.0,1.0,0,False,11.64791202545166
/agv1/capability_report,1788412783.7388053,1788412783.7387097,1,390068,0.08,0.08,1.0,1.0,2.0,2.0,1.0,0,False,11.000805854797363
/agv3/capability_report,1788412783.7464867,1788412783.7418475,3,388734,0.08,0.08,1.0,1.0,2.0,2.0,1.0,0,False,11.816336631774902
/agv1/capability_report,1788412783.7468116,1788412783.7466705,1,390069,0.08,0.08,1.0,1.0,2.0,2.0,1.0,0,False,11.000805854797363
/agv2/capability_report,1788412783.748639,1788412783.741741,2,389620,0.08,0.08,1.0,1.0,2.0,2.0,1.0,0,False,11.64791202545166
/agv3/capability_report,1788412783.7554278,1788412783.7497797,3,388735,0.08,0.08,1.0,1.0,2.0,2.0,1.0,0,False,11.816336631774902
/agv2/capability_report,1788412783.7574806,1788412783.749853,2,389621,0.08,0.08,1.0,1.0,2.0,2.0,1.0,0,False,11.64791202545166
/agv1/capability_report,1788412783.7587607,1788412783.758616,1,390070,0.08,0.08,1.0,1.0,2.0,2.0,1.0,0,False,11.000805854797363
/agv3/capability_report,1788412783.7663317,1788412783.761796,3,388736,0.08,0.08,1.0,1.0,2.0,2.0,1.0,0,False,11.816336631774902
/agv1/capability_report,1788412783.7666342,1788412783.7665696,1,390071,0.08,0.08,1.0,1.0,2.0,2.0,1.0,0,False,11.000805854797363
/agv2/capability_report,1788412783.7707489,1788412783.7618613,2,389622,0.08,0.08,1.0,1.0,2.0,2.0,1.0,0,False,11.64791202545166
/agv2/capability_report,1788412783.7763677,1788412783.7698975,2,389623,0.08,0.08,1.0,1.0,2.0,2.0,1.0,0,False,11.64791202545166
/agv1/capability_report,1788412783.7787747,1788412783.7785685,1,390072,0.08,0.08,1.0,1.0,2.0,2.0,1.0,0,False,11.000805854797363
/agv3/capability_report,1788412783.780596,1788412783.7697868,3,388737,0.08,0.08,1.0,1.0,2.0,2.0,1.0,0,False,11.816336631774902
/agv1/capability_report,1788412783.7866652,1788412783.7865999,1,390073,0.08,0.08,1.0,1.0,2.0,2.0,1.0,0,False,11.000805854797363
/agv3/capability_report,1788412783.7884626,1788412783.7817976,3,388738,0.08,0.08,1.0,1.0,2.0,2.0,1.0,0,False,11.816336631774902
/agv2/capability_report,1788412783.789454,1788412783.781742,2,389624,0.08,0.08,1.0,1.0,2.0,2.0,1.0,0,False,11.64791202545166
/agv3/capability_report,1788412783.7943242,1788412783.7897813,3,388739,0.08,0.08,1.0,1.0,2.0,2.0,1.0,0,False,11.816336631774902
/agv2/capability_report,1788412783.796133,1788412783.7899032,2,389625,0.08,0.08,1.0,1.0,2.0,2.0,1.0,0,False,11.64791202545166
/agv1/capability_report,1788412783.798764,1788412783.7986066,1,390074,0.08,0.08,1.0,1.0,2.0,2.0,1.0,0,False,11.000805854797363
/agv3/capability_report,1788412783.8063467,1788412783.8017855,3,388740,0.08,0.08,1.0,1.0,2.0,2.0,1.0,0,False,11.816336631774902
/agv1/capability_report,1788412783.806612,1788412783.8065612,1,390075,0.08,0.08,1.0,1.0,2.0,2.0,1.0,0,False,11.000805854797363
/agv2/capability_report,1788412783.807373,1788412783.801919,2,389626,0.08,0.08,1.0,1.0,2.0,2.0,1.0,0,False,11.64791202545166
/agv3/capability_report,1788412783.8144486,1788412783.8097916,3,388741,0.08,0.08,1.0,1.0,2.0,2.0,1.0,0,False,11.816336631774902
/agv1/capability_report,1788412783.8187246,1788412783.818592,1,390076,0.08,0.08,1.0,1.0,2.0,2.0,1.0,0,False,11.000805854797363
/agv2/capability_report,1788412783.8190138,1788412783.8098722,2,389627,0.08,0.08,1.0,1.0,2.0,2.0,1.0,0,False,11.64791202545166
/agv3/capability_report,1788412783.8264863,1788412783.8217783,3,388742,0.08,0.08,1.0,1.0,2.0,2.0,1.0,0,False,11.816336631774902
/agv1/capability_report,1788412783.8265977,1788412783.8265524,1,390077,0.08,0.08,1.0,1.0,2.0,2.0,1.0,0,False,11.000805854797363
/agv2/capability_report,1788412783.8274517,1788412783.821742,2,389628,0.08,0.08,1.0,1.0,2.0,2.0,1.0,0,False,11.64791202545166
/agv3/capability_report,1788412783.8343396,1788412783.8297403,3,388743,0.08,0.08,1.0,1.0,2.0,2.0,1.0,0,False,11.816336631774902
/agv2/capability_report,1788412783.835894,1788412783.8298728,2,389629,0.08,0.08,1.0,1.0,2.0,2.0,1.0,0,False,11.64791202545166
/agv1/capability_report,1788412783.8387334,1788412783.838608,1,390078,0.08,0.08,1.0,1.0,2.0,2.0,1.0,0,False,11.000805854797363
/agv1/capability_report,1788412783.8466167,1788412783.8465605,1,390079,0.08,0.08,1.0,1.0,2.0,2.0,1.0,0,False,11.293333053588867
/agv2/capability_report,1788412783.8470078,1788412783.84188,2,389630,0.08,0.08,1.0,1.0,2.0,2.0,1.0,0,False,11.64791202545166
/agv3/capability_report,1788412783.8470325,1788412783.8418317,3,388744,0.08,0.08,1.0,1.0,2.0,2.0,1.0,0,False,11.816336631774902
/agv2/capability_report,1788412783.8560991,1788412783.8498738,2,389631,0.08,0.08,1.0,1.0,2.0,2.0,1.0,0,False,11.64791202545166
/agv3/capability_report,1788412783.8573906,1788412783.8497763,3,388745,0.08,0.08,1.0,1.0,2.0,2.0,1.0,0,False,11.816336631774902
/agv1/capability_report,1788412783.8586795,1788412783.8586166,1,390080,0.08,0.08,1.0,1.0,2.0,2.0,1.0,0,False,11.293333053588867
/agv3/capability_report,1788412783.866365,1788412783.8617795,3,388746,0.08,0.08,1.0,1.0,2.0,2.0,1.0,0,False,11.816336631774902
/agv1/capability_report,1788412783.8666477,1788412783.8665602,1,390081,0.08,0.08,1.0,1.0,2.0,2.0,1.0,0,False,11.293333053588867
/agv2/capability_report,1788412783.8680818,1788412783.861734,2,389632,0.08,0.08,1.0,1.0,2.0,2.0,1.0,0,False,11.64791202545166
/agv1/capability_report,1788412783.8787475,1788412783.8786047,1,390082,0.08,0.08,1.0,1.0,2.0,2.0,1.0,0,False,11.293333053588867
/agv2/capability_report,1788412783.879767,1788412783.8698747,2,389633,0.08,0.08,1.0,1.0,2.0,2.0,1.0,0,False,11.64791202545166
/agv3/capability_report,1788412783.8797693,1788412783.8697798,3,388747,0.08,0.08,1.0,1.0,2.0,2.0,1.0,0,False,11.816336631774902
/agv3/capability_report,1788412783.8863063,1788412783.881796,3,388748,0.08,0.08,1.0,1.0,2.0,2.0,1.0,0,False,11.816336631774902
/agv1/capability_report,1788412783.8865998,1788412783.8865573,1,390083,0.08,0.08,1.0,1.0,2.0,2.0,1.0,0,False,11.293333053588867
/agv2/capability_report,1788412783.8870401,1788412783.8818727,2,389634,0.08,0.08,1.0,1.0,2.0,2.0,1.0,0,False,11.64791202545166
/agv3/capability_report,1788412783.8945642,1788412783.8897824,3,388749,0.08,0.08,1.0,1.0,2.0,2.0,1.0,0,False,11.825201034545898
/agv2/capability_report,1788412783.8964882,1788412783.8898737,2,389635,0.08,0.08,1.0,1.0,2.0,2.0,1.0,0,False,11.64791202545166
/agv1/capability_report,1788412783.8987718,1788412783.898609,1,390084,0.08,0.08,1.0,1.0,2.0,2.0,1.0,0,False,11.293333053588867
/agv1/capability_report,1788412783.9066782,1788412783.9066036,1,390085,0.08,0.08,1.0,1.0,2.0,2.0,1.0,0,False,11.293333053588867
/agv2/capability_report,1788412783.907774,1788412783.9017556,2,389636,0.08,0.08,1.0,1.0,2.0,2.0,1.0,0,False,11.64791202545166
/agv3/capability_report,1788412783.9090366,1788412783.901774,3,388750,0.08,0.08,1.0,1.0,2.0,2.0,1.0,0,False,11.825201034545898
/agv3/capability_report,1788412783.9144306,1788412783.9097757,3,388751,0.08,0.08,1.0,1.0,2.0,2.0,1.0,0,False,11.825201034545898
/agv2/capability_report,1788412783.9153137,1788412783.9098723,2,389637,0.08,0.08,1.0,1.0,2.0,2.0,1.0,0,False,11.64791202545166
/agv1/capability_report,1788412783.9188166,1788412783.9185843,1,390086,0.08,0.08,1.0,1.0,2.0,2.0,1.0,0,False,11.293333053588867
/agv1/capability_report,1788412783.9267147,1788412783.9265862,1,390087,0.08,0.08,1.0,1.0,2.0,2.0,1.0,0,False,11.293333053588867
/agv3/capability_report,1788412783.927055,1788412783.921779,3,388752,0.08,0.08,1.0,1.0,2.0,2.0,1.0,0,False,11.825201034545898
/agv2/capability_report,1788412783.927209,1788412783.921871,2,389638,0.08,0.08,1.0,1.0,2.0,2.0,1.0,0,False,11.630183219909668
/agv3/capability_report,1788412783.9346209,1788412783.9297726,3,388753,0.08,0.08,1.0,1.0,2.0,2.0,1.0,0,False,11.825201034545898
/agv2/capability_report,1788412783.9353533,1788412783.929868,2,389639,0.08,0.08,1.0,1.0,2.0,2.0,1.0,0,False,11.630183219909668
/agv1/capability_report,1788412783.9388182,1788412783.9385865,1,390088,0.08,0.08,1.0,1.0,2.0,2.0,1.0,0,False,11.293333053588867
/agv1/capability_report,1788412783.9466424,1788412783.9465864,1,390089,0.08,0.08,1.0,1.0,2.0,2.0,1.0,0,False,11.293333053588867
/agv2/capability_report,1788412783.946959,1788412783.9417546,2,389640,0.08,0.08,1.0,1.0,2.0,2.0,1.0,0,False,11.630183219909668
/agv3/capability_report,1788412783.94915,1788412783.9417813,3,388754,0.08,0.08,1.0,1.0,2.0,2.0,1.0,0,False,11.825201034545898
/agv3/capability_report,1788412783.9565575,1788412783.9498074,3,388755,0.08,0.08,1.0,1.0,2.0,2.0,1.0,0,False,11.825201034545898
/agv1/capability_report,1788412783.958933,1788412783.9586053,1,390090,0.08,0.08,1.0,1.0,2.0,2.0,1.0,0,False,11.293333053588867
/agv2/capability_report,1788412783.9607222,1788412783.9498732,2,389641,0.08,0.08,1.0,1.0,2.0,2.0,1.0,0,False,11.630183219909668
/agv1/capability_report,1788412783.9666378,1788412783.9665694,1,390091,0.08,0.08,1.0,1.0,2.0,2.0,1.0,0,False,11.293333053588867
/agv2/capability_report,1788412783.9675758,1788412783.9618754,2,389642,0.08,0.08,1.0,1.0,2.0,2.0,1.0,0,False,11.630183219909668
/agv3/capability_report,1788412783.9675975,1788412783.9617639,3,388756,0.08,0.08,1.0,1.0,2.0,2.0,1.0,0,False,11.825201034545898
/agv3/capability_report,1788412783.9743514,1788412783.9697907,3,388757,0.08,0.08,1.0,1.0,2.0,2.0,1.0,0,False,11.825201034545898
/agv2/capability_report,1788412783.976211,1788412783.9698727,2,389643,0.08,0.08,1.0,1.0,2.0,2.0,1.0,0,False,11.630183219909668
/agv1/capability_report,1788412783.978794,1788412783.9786015,1,390092,0.08,0.08,1.0,1.0,2.0,2.0,1.0,0,False,11.293333053588867
/agv3/capability_report,1788412783.9866116,1788412783.9817765,3,388758,0.08,0.08,1.0,1.0,2.0,2.0,1.0,0,False,11.825201034545898
/agv1/capability_report,1788412783.9866357,1788412783.9865663,1,390093,0.08,0.08,1.0,1.0,2.0,2.0,1.0,0,False,11.293333053588867
/agv2/capability_report,1788412783.9888456,1788412783.9817536,2,389644,0.08,0.08,1.0,1.0,2.0,2.0,1.0,0,False,11.630183219909668
/agv2/capability_report,1788412783.99674,1788412783.98992,2,389645,0.08,0.08,1.0,1.0,2.0,2.0,1.0,0,False,11.630183219909668
/agv3/capability_report,1788412783.996742,1788412783.9897676,3,388759,0.08,0.08,1.0,1.0,2.0,2.0,1.0,0,False,11.825201034545898
/agv1/capability_report,1788412783.9987388,1788412783.9986038,1,390094,0.08,0.08,1.0,1.0,2.0,2.0,1.0,0,False,11.293333053588867
/agv3/capability_report,1788412784.0065403,1788412784.001775,3,388760,0.08,0.08,1.0,1.0,2.0,2.0,1.0,0,False,11.825201034545898
/agv1/capability_report,1788412784.0067513,1788412784.0065708,1,390095,0.08,0.08,1.0,1.0,2.0,2.0,1.0,0,False,10.956483840942383
/agv2/capability_report,1788412784.0075269,1788412784.0019195,2,389646,0.08,0.08,1.0,1.0,2.0,2.0,1.0,0,False,11.630183219909668
/agv3/capability_report,1788412784.0143292,1788412784.0097938,3,388761,0.08,0.08,1.0,1.0,2.0,2.0,1.0,0,False,11.825201034545898
/agv2/capability_report,1788412784.015266,1788412784.0098755,2,389647,0.08,0.08,1.0,1.0,2.0,2.0,1.0,0,False,11.630183219909668
/agv1/capability_report,1788412784.0186954,1788412784.0185716,1,390096,0.08,0.08,1.0,1.0,2.0,2.0,1.0,0,False,10.956483840942383
/agv1/capability_report,1788412784.026748,1788412784.026563,1,390097,0.08,0.08,1.0,1.0,2.0,2.0,1.0,0,False,10.956483840942383
/agv3/capability_report,1788412784.0276208,1788412784.0217786,3,388762,0.08,0.08,1.0,1.0,2.0,2.0,1.0,0,False,11.825201034545898
/agv2/capability_report,1788412784.0276265,1788412784.0217545,2,389648,0.08,0.08,1.0,1.0,2.0,2.0,1.0,0,False,11.630183219909668
/agv3/capability_report,1788412784.03508,1788412784.0297701,3,388763,0.08,0.08,1.0,1.0,2.0,2.0,1.0,0,False,11.825201034545898
/agv1/capability_report,1788412784.0386648,1788412784.038572,1,390098,0.08,0.08,1.0,1.0,2.0,2.0,1.0,0,False,10.956483840942383
/agv2/capability_report,1788412784.0398245,1788412784.0298676,2,389649,0.08,0.08,1.0,1.0,2.0,2.0,1.0,0,False,11.630183219909668
/agv1/capability_report,1788412784.0466516,1788412784.0465608,1,390099,0.08,0.08,1.0,1.0,2.0,2.0,1.0,0,False,10.956483840942383
/agv2/capability_report,1788412784.0472028,1788412784.0418682,2,389650,0.08,0.08,1.0,1.0,2.0,2.0,1.0,0,False,11.630183219909668
/agv3/capability_report,1788412784.0495195,1788412784.041778,3,388764,0.08,0.08,1.0,1.0,2.0,2.0,1.0,0,False,11.825201034545898
/agv3/capability_report,1788412784.0556479,1788412784.0497735,3,388765,0.08,0.08,1.0,1.0,2.0,2.0,1.0,0,False,11.763150215148926
/agv2/capability_report,1788412784.0558398,1788412784.0498676,2,389651,0.08,0.08,1.0,1.0,2.0,2.0,1.0,0,False,11.630183219909668
/agv1/capability_report,1788412784.0586288,1788412784.0585601,1,390100,0.08,0.08,1.0,1.0,2.0,2.0,1.0,0,False,10.956483840942383
/agv3/capability_report,1788412784.0663738,1788412784.061778,3,388766,0.08,0.08,1.0,1.0,2.0,2.0,1.0,0,False,11.763150215148926
/agv1/capability_report,1788412784.066618,1788412784.0665557,1,390101,0.08,0.08,1.0,1.0,2.0,2.0,1.0,0,False,10.956483840942383
/agv2/capability_report,1788412784.068179,1788412784.0618737,2,389652,0.08,0.08,1.0,1.0,2.0,2.0,1.0,0,False,11.630183219909668
/agv3/capability_report,1788412784.0744805,1788412784.0697744,3,388767,0.08,0.08,1.0,1.0,2.0,2.0,1.0,0,False,11.763150215148926
/agv2/capability_report,1788412784.0768492,1788412784.0698757,2,389653,0.08,0.08,1.0,1.0,2.0,2.0,1.0,0,False,11.630183219909668
/agv1/capability_report,1788412784.0787466,1788412784.0785754,1,390102,0.08,0.08,1.0,1.0,2.0,2.0,1.0,0,False,10.956483840942383
/agv3/capability_report,1788412784.0863721,1788412784.081801,3,388768,0.08,0.08,1.0,1.0,2.0,2.0,1.0,0,False,11.763150215148926
/agv1/capability_report,1788412784.0866408,1788412784.0865622,1,390103,0.08,0.08,1.0,1.0,2.0,2.0,1.0,0,False,10.956483840942383
/agv2/capability_report,1788412784.0875444,1788412784.0818691,2,389654,0.08,0.08,1.0,1.0,2.0,2.0,1.0,0,False,11.772014617919922
/agv3/capability_report,1788412784.0944285,1788412784.0897665,3,388769,0.08,0.08,1.0,1.0,2.0,2.0,1.0,0,False,11.763150215148926
/agv2/capability_report,1788412784.0972996,1788412784.0898669,2,389655,0.08,0.08,1.0,1.0,2.0,2.0,1.0,0,False,11.772014617919922
/agv1/capability_report,1788412784.0988076,1788412784.098597,1,390104,0.08,0.08,1.0,1.0,2.0,2.0,1.0,0,False,10.956483840942383
/agv3/capability_report,1788412784.1065297,1788412784.101778,3,388770,0.08,0.08,1.0,1.0,2.0,2.0,1.0,0,False,11.763150215148926
/agv1/capability_report,1788412784.1067245,1788412784.1065805,1,390105,0.08,0.08,1.0,1.0,2.0,2.0,1.0,0,False,10.956483840942383
/agv2/capability_report,1788412784.1073048,1788412784.1018808,2,389656,0.08,0.08,1.0,1.0,2.0,2.0,1.0,0,False,11.772014617919922
/agv3/capability_report,1788412784.1143475,1788412784.1097927,3,388771,0.08,0.08,1.0,1.0,2.0,2.0,1.0,0,False,11.763150215148926
/agv2/capability_report,1788412784.1150506,1788412784.109865,2,389657,0.08,0.08,1.0,1.0,2.0,2.0,1.0,0,False,11.772014617919922
/agv1/capability_report,1788412784.1187508,1788412784.118584,1,390106,0.08,0.08,1.0,1.0,2.0,2.0,1.0,0,False,10.956483840942383
/agv3/capability_report,1788412784.126343,1788412784.1217737,3,388772,0.08,0.08,1.0,1.0,2.0,2.0,1.0,0,False,11.763150215148926
/agv1/capability_report,1788412784.126663,1788412784.1265845,1,390107,0.08,0.08,1.0,1.0,2.0,2.0,1.0,0,False,10.956483840942383
/agv2/capability_report,1788412784.1296034,1788412784.1218674,2,389658,0.08,0.08,1.0,1.0,2.0,2.0,1.0,0,False,11.772014617919922
/agv3/capability_report,1788412784.1343606,1788412784.129779,3,388773,0.08,0.08,1.0,1.0,2.0,2.0,1.0,0,False,11.763150215148926
/agv2/capability_report,1788412784.1355007,1788412784.1298718,2,389659,0.08,0.08,1.0,1.0,2.0,2.0,1.0,0,False,11.772014617919922
/agv1/capability_report,1788412784.1386716,1788412784.1385775,1,390108,0.08,0.08,1.0,1.0,2.0,2.0,1.0,0,False,10.956483840942383
/agv3/capability_report,1788412784.1463852,1788412784.1417797,3,388774,0.08,0.08,1.0,1.0,2.0,2.0,1.0,0,False,11.763150215148926
/agv1/capability_report,1788412784.1466916,1788412784.1465957,1,390109,0.08,0.08,1.0,1.0,2.0,2.0,1.0,0,False,10.956483840942383
/agv2/capability_report,1788412784.148202,1788412784.141868,2,389660,0.08,0.08,1.0,1.0,2.0,2.0,1.0,0,False,11.772014617919922
/agv3/capability_report,1788412784.154448,1788412784.1497724,3,388775,0.08,0.08,1.0,1.0,2.0,2.0,1.0,0,False,11.763150215148926
/agv1/capability_report,1788412784.158711,1788412784.1585948,1,390110,0.08,0.08,1.0,1.0,2.0,2.0,1.0,0,False,10.956483840942383
/agv2/capability_report,1788412784.1589854,1788412784.1498795,2,389661,0.08,0.08,1.0,1.0,2.0,2.0,1.0,0,False,11.772014617919922
/agv3/capability_report,1788412784.1666286,1788412784.161775,3,388776,0.08,0.08,1.0,1.0,2.0,2.0,1.0,0,False,11.763150215148926
/agv1/capability_report,1788412784.166661,1788412784.1665647,1,390111,0.08,0.08,1.0,1.0,2.0,2.0,1.0,0,False,10.867838859558105
/agv2/capability_report,1788412784.167929,1788412784.1618788,2,389662,0.08,0.08,1.0,1.0,2.0,2.0,1.0,0,False,11.772014617919922
/agv3/capability_report,1788412784.175109,1788412784.1697605,3,388777,0.08,0.08,1.0,1.0,2.0,2.0,1.0,0,False,11.763150215148926
/agv2/capability_report,1788412784.1760106,1788412784.1698797,2,389663,0.08,0.08,1.0,1.0,2.0,2.0,1.0,0,False,11.772014617919922
/agv1/capability_report,1788412784.1787627,1788412784.1786065,1,390112,0.08,0.08,1.0,1.0,2.0,2.0,1.0,0,False,10.867838859558105
/agv3/capability_report,1788412784.186341,1788412784.1817987,3,388778,0.08,0.08,1.0,1.0,2.0,2.0,1.0,0,False,11.763150215148926
/agv1/capability_report,1788412784.1866455,1788412784.1865575,1,390113,0.08,0.08,1.0,1.0,2.0,2.0,1.0,0,False,10.867838859558105
/agv2/capability_report,1788412784.1883857,1788412784.1818714,2,389664,0.08,0.08,1.0,1.0,2.0,2.0,1.0,0,False,11.772014617919922
/agv2/capability_report,1788412784.1955328,1788412784.1898735,2,389665,0.08,0.08,1.0,1.0,2.0,2.0,1.0,0,False,11.772014617919922
/agv3/capability_report,1788412784.1981938,1788412784.1897771,3,388779,0.08,0.08,1.0,1.0,2.0,2.0,1.0,0,False,11.763150215148926
/agv1/capability_report,1788412784.1986187,1788412784.1985583,1,390114,0.08,0.08,1.0,1.0,2.0,2.0,1.0,0,False,10.867838859558105
/agv3/capability_report,1788412784.2062972,1788412784.201774,3,388780,0.08,0.08,1.0,1.0,2.0,2.0,1.0,0,False,11.763150215148926
/agv1/capability_report,1788412784.2066193,1788412784.206559,1,390115,0.08,0.08,1.0,1.0,2.0,2.0,1.0,0,False,10.867838859558105
/agv2/capability_report,1788412784.2078187,1788412784.2018676,2,389666,0.08,0.08,1.0,1.0,2.0,2.0,1.0,0,False,11.772014617919922
/agv3/capability_report,1788412784.2144346,1788412784.2097936,3,388781,0.08,0.08,1.0,1.0,2.0,2.0,1.0,0,False,11.75428581237793
/agv2/capability_report,1788412784.2160103,1788412784.209847,2,389667,0.08,0.08,1.0,1.0,2.0,2.0,1.0,0,False,11.772014617919922
/agv1/capability_report,1788412784.2188244,1788412784.2186067,1,390116,0.08,0.08,1.0,1.0,2.0,2.0,1.0,0,False,10.867838859558105
/agv3/capability_report,1788412784.2263443,1788412784.221782,3,388782,0.08,0.08,1.0,1.0,2.0,2.0,1.0,0,False,11.75428581237793
/agv1/capability_report,1788412784.2266526,1788412784.2265534,1,390117,0.08,0.08,1.0,1.0,2.0,2.0,1.0,0,False,10.867838859558105
/agv2/capability_report,1788412784.2272685,1788412784.2218733,2,389668,0.08,0.08,1.0,1.0,2.0,2.0,1.0,0,False,11.772014617919922
/agv2/capability_report,1788412784.235396,1788412784.2298737,2,389669,0.08,0.08,1.0,1.0,2.0,2.0,1.0,0,False,11.639047622680664
/agv3/capability_report,1788412784.2354238,1788412784.2297795,3,388783,0.08,0.08,1.0,1.0,2.0,2.0,1.0,0,False,11.75428581237793
/agv1/capability_report,1788412784.2386844,1788412784.2385597,1,390118,0.08,0.08,1.0,1.0,2.0,2.0,1.0,0,False,10.867838859558105
/agv3/capability_report,1788412784.2465622,1788412784.2417793,3,388784,0.08,0.08,1.0,1.0,2.0,2.0,1.0,0,False,11.75428581237793
/agv1/capability_report,1788412784.2466397,1788412784.2465587,1,390119,0.08,0.08,1.0,1.0,2.0,2.0,1.0,0,False,10.867838859558105
/agv2/capability_report,1788412784.248396,1788412784.2418756,2,389670,0.08,0.08,1.0,1.0,2.0,2.0,1.0,0,False,11.639047622680664
/agv3/capability_report,1788412784.2544408,1788412784.2497656,3,388785,0.08,0.08,1.0,1.0,2.0,2.0,1.0,0,False,11.75428581237793
/agv2/capability_report,1788412784.2572014,1788412784.2498794,2,389671,0.08,0.08,1.0,1.0,2.0,2.0,1.0,0,False,11.639047622680664
/agv1/capability_report,1788412784.2588477,1788412784.2586088,1,390120,0.08,0.08,1.0,1.0,2.0,2.0,1.0,0,False,10.867838859558105
/agv1/capability_report,1788412784.2666552,1788412784.2665606,1,390121,0.08,0.08,1.0,1.0,2.0,2.0,1.0,0,False,10.867838859558105
/agv3/capability_report,1788412784.2669554,1788412784.2618008,3,388786,0.08,0.08,1.0,1.0,2.0,2.0,1.0,0,False,11.75428581237793
/agv2/capability_report,1788412784.2681568,1788412784.261876,2,389672,0.08,0.08,1.0,1.0,2.0,2.0,1.0,0,False,11.639047622680664
/agv3/capability_report,1788412784.2746656,1788412784.2697775,3,388787,0.08,0.08,1.0,1.0,2.0,2.0,1.0,0,False,11.75428581237793
/agv2/capability_report,1788412784.2760248,1788412784.26984,2,389673,0.08,0.08,1.0,1.0,2.0,2.0,1.0,0,False,11.639047622680664
/agv1/capability_report,1788412784.2787743,1788412784.2786114,1,390122,0.08,0.08,1.0,1.0,2.0,2.0,1.0,0,False,10.867838859558105
/agv1/capability_report,1788412784.2866962,1788412784.2865758,1,390123,0.08,0.08,1.0,1.0,2.0,2.0,1.0,0,False,10.867838859558105
/agv3/capability_report,1788412784.286904,1788412784.281772,3,388788,0.08,0.08,1.0,1.0,2.0,2.0,1.0,0,False,11.75428581237793
/agv2/capability_report,1788412784.2884617,1788412784.28187,2,389674,0.08,0.08,1.0,1.0,2.0,2.0,1.0,0,False,11.639047622680664
/agv3/capability_report,1788412784.295348,1788412784.289737,3,388789,0.08,0.08,1.0,1.0,2.0,2.0,1.0,0,False,11.75428581237793
/agv2/capability_report,1788412784.2953997,1788412784.2898583,2,389675,0.08,0.08,1.0,1.0,2.0,2.0,1.0,0,False,11.639047622680664
/agv1/capability_report,1788412784.298717,1788412784.2985659,1,390124,0.08,0.08,1.0,1.0,2.0,2.0,1.0,0,False,10.867838859558105
/agv3/capability_report,1788412784.3064637,1788412784.3017776,3,388790,0.08,0.08,1.0,1.0,2.0,2.0,1.0,0,False,11.75428581237793
/agv1/capability_report,1788412784.306608,1788412784.3065584,1,390125,0.08,0.08,1.0,1.0,2.0,2.0,1.0,0,False,10.867838859558105
/agv2/capability_report,1788412784.3075745,1788412784.3018737,2,389676,0.08,0.08,1.0,1.0,2.0,2.0,1.0,0,False,11.639047622680664
/agv3/capability_report,1788412784.3152947,1788412784.30979,3,388791,0.08,0.08,1.0,1.0,2.0,2.0,1.0,0,False,11.75428581237793
/agv2/capability_report,1788412784.3163269,1788412784.309875,2,389677,0.08,0.08,1.0,1.0,2.0,2.0,1.0,0,False,11.639047622680664
/agv1/capability_report,1788412784.3187156,1788412784.3186212,1,390126,0.08,0.08,1.0,1.0,2.0,2.0,1.0,0,False,11.036263465881348
/agv1/capability_report,1788412784.3266268,1788412784.3265595,1,390127,0.08,0.08,1.0,1.0,2.0,2.0,1.0,0,False,11.036263465881348
/agv3/capability_report,1788412784.3275657,1788412784.3217144,3,388792,0.08,0.08,1.0,1.0,2.0,2.0,1.0,0,False,11.75428581237793
/agv2/capability_report,1788412784.3297381,1788412784.321876,2,389678,0.08,0.08,1.0,1.0,2.0,2.0,1.0,0,False,11.639047622680664
/agv3/capability_report,1788412784.334257,1788412784.3297555,3,388793,0.08,0.08,1.0,1.0,2.0,2.0,1.0,0,False,11.75428581237793
/agv1/capability_report,1788412784.3387485,1788412784.3385642,1,390128,0.08,0.08,1.0,1.0,2.0,2.0,1.0,0,False,11.036263465881348
/agv3/capability_report,1788412784.3462403,1788412784.3417947,3,388794,0.08,0.08,1.0,1.0,2.0,2.0,1.0,0,False,11.75428581237793
/agv1/capability_report,1788412784.3466458,1788412784.346565,1,390129,0.08,0.08,1.0,1.0,2.0,2.0,1.0,0,False,11.036263465881348
/agv2/capability_report,1788412784.3482454,1788412784.3298686,2,389679,0.08,0.08,1.0,1.0,2.0,2.0,1.0,0,False,11.639047622680664
/agv2/capability_report,1788412784.353084,1788412784.3418722,2,389680,0.08,0.08,1.0,1.0,2.0,2.0,1.0,0,False,11.639047622680664
/agv2/capability_report,1788412784.3555427,1788412784.3498943,2,389681,0.08,0.08,1.0,1.0,2.0,2.0,1.0,0,False,11.639047622680664
/agv3/capability_report,1788412784.3566613,1788412784.3497887,3,388795,0.08,0.08,1.0,1.0,2.0,2.0,1.0,0,False,11.75428581237793
/agv1/capability_report,1788412784.358735,1788412784.3586192,1,390130,0.08,0.08,1.0,1.0,2.0,2.0,1.0,0,False,11.036263465881348
/agv3/capability_report,1788412784.3663216,1788412784.3617685,3,388796,0.08,0.08,1.0,1.0,2.0,2.0,1.0,0,False,11.763150215148926
/agv1/capability_report,1788412784.366613,1788412784.366563,1,390131,0.08,0.08,1.0,1.0,2.0,2.0,1.0,0,False,11.036263465881348
/agv2/capability_report,1788412784.3689392,1788412784.361872,2,389682,0.08,0.08,1.0,1.0,2.0,2.0,1.0,0,False,11.639047622680664
/agv2/capability_report,1788412784.3763828,1788412784.3698776,2,389683,0.08,0.08,1.0,1.0,2.0,2.0,1.0,0,False,11.639047622680664
/agv3/capability_report,1788412784.3764055,1788412784.369784,3,388797,0.08,0.08,1.0,1.0,2.0,2.0,1.0,0,False,11.763150215148926
/agv1/capability_report,1788412784.3786972,1788412784.378564,1,390132,0.08,0.08,1.0,1.0,2.0,2.0,1.0,0,False,11.036263465881348
/agv1/capability_report,1788412784.386648,1788412784.3865597,1,390133,0.08,0.08,1.0,1.0,2.0,2.0,1.0,0,False,11.036263465881348
/agv2/capability_report,1788412784.3879163,1788412784.3818696,2,389684,0.08,0.08,1.0,1.0,2.0,2.0,1.0,0,False,11.639047622680664
/agv3/capability_report,1788412784.389611,1788412784.3817797,3,388798,0.08,0.08,1.0,1.0,2.0,2.0,1.0,0,False,11.763150215148926
/agv3/capability_report,1788412784.3942509,1788412784.3897824,3,388799,0.08,0.08,1.0,1.0,2.0,2.0,1.0,0,False,11.763150215148926
/agv2/capability_report,1788412784.3956246,1788412784.3898335,2,389685,0.08,0.08,1.0,1.0,2.0,2.0,1.0,0,False,11.69223403930664
/agv1/capability_report,1788412784.3987622,1788412784.3986144,1,390134,0.08,0.08,1.0,1.0,2.0,2.0,1.0,0,False,11.036263465881348
/agv3/capability_report,1788412784.4063416,1788412784.4017837,3,388800,0.08,0.08,1.0,1.0,2.0,2.0,1.0,0,False,11.763150215148926
/agv1/capability_report,1788412784.406662,1788412784.4065607,1,390135,0.08,0.08,1.0,1.0,2.0,2.0,1.0,0,False,11.036263465881348
/agv2/capability_report,1788412784.4080393,1788412784.4018595,2,389686,0.08,0.08,1.0,1.0,2.0,2.0,1.0,0,False,11.69223403930664
/agv3/capability_report,1788412784.4144056,1788412784.4097855,3,388801,0.08,0.08,1.0,1.0,2.0,2.0,1.0,0,False,11.763150215148926
/agv2/capability_report,1788412784.4155085,1788412784.4098387,2,389687,0.08,0.08,1.0,1.0,2.0,2.0,1.0,0,False,11.69223403930664
/agv1/capability_report,1788412784.4187243,1788412784.4185615,1,390136,0.08,0.08,1.0,1.0,2.0,2.0,1.0,0,False,11.036263465881348
/agv3/capability_report,1788412784.4263291,1788412784.4217145,3,388802,0.08,0.08,1.0,1.0,2.0,2.0,1.0,0,False,11.763150215148926
/agv1/capability_report,1788412784.426627,1788412784.4265578,1,390137,0.08,0.08,1.0,1.0,2.0,2.0,1.0,0,False,11.036263465881348
/agv2/capability_report,1788412784.4269793,1788412784.4218752,2,389688,0.08,0.08,1.0,1.0,2.0,2.0,1.0,0,False,11.69223403930664
/agv3/capability_report,1788412784.4344194,1788412784.4297893,3,388803,0.08,0.08,1.0,1.0,2.0,2.0,1.0,0,False,11.763150215148926
/agv2/capability_report,1788412784.4355931,1788412784.4298716,2,389689,0.08,0.08,1.0,1.0,2.0,2.0,1.0,0,False,11.69223403930664
/agv1/capability_report,1788412784.4386969,1788412784.4386044,1,390138,0.08,0.08,1.0,1.0,2.0,2.0,1.0,0,False,11.036263465881348
/agv3/capability_report,1788412784.446378,1788412784.4417326,3,388804,0.08,0.08,1.0,1.0,2.0,2.0,1.0,0,False,11.763150215148926
/agv1/capability_report,1788412784.446676,1788412784.4465585,1,390139,0.08,0.08,1.0,1.0,2.0,2.0,1.0,0,False,11.036263465881348
/agv2/capability_report,1788412784.447711,1788412784.4418674,2,389690,0.08,0.08,1.0,1.0,2.0,2.0,1.0,0,False,11.69223403930664
/agv3/capability_report,1788412784.4560578,1788412784.4497771,3,388805,0.08,0.08,1.0,1.0,2.0,2.0,1.0,0,False,11.763150215148926
/agv2/capability_report,1788412784.4567814,1788412784.4498637,2,389691,0.08,0.08,1.0,1.0,2.0,2.0,1.0,0,False,11.69223403930664
/agv1/capability_report,1788412784.458688,1788412784.4585588,1,390140,0.08,0.08,1.0,1.0,2.0,2.0,1.0,0,False,11.036263465881348
/agv3/capability_report,1788412784.4663749,1788412784.4617817,3,388806,0.08,0.08,1.0,1.0,2.0,2.0,1.0,0,False,11.763150215148926
/agv1/capability_report,1788412784.4666653,1788412784.4665544,1,390141,0.08,0.08,1.0,1.0,2.0,2.0,1.0,0,False,11.036263465881348
/agv2/capability_report,1788412784.467631,1788412784.461923,2,389692,0.08,0.08,1.0,1.0,2.0,2.0,1.0,0,False,11.69223403930664
/agv3/capability_report,1788412784.4745057,1788412784.4697824,3,388807,0.08,0.08,1.0,1.0,2.0,2.0,1.0,0,False,11.763150215148926
/agv2/capability_report,1788412784.4760115,1788412784.4698725,2,389693,0.08,0.08,1.0,1.0,2.0,2.0,1.0,0,False,11.69223403930664
/agv1/capability_report,1788412784.4786603,1788412784.4785542,1,390142,0.08,0.08,1.0,1.0,2.0,2.0,1.0,0,False,11.16036605834961
/agv3/capability_report,1788412784.486299,1788412784.4817889,3,388808,0.08,0.08,1.0,1.0,2.0,2.0,1.0,0,False,11.763150215148926
/agv1/capability_report,1788412784.4867134,1788412784.4865534,1,390143,0.08,0.08,1.0,1.0,2.0,2.0,1.0,0,False,11.16036605834961
/agv2/capability_report,1788412784.4876285,1788412784.4818707,2,389694,0.08,0.08,1.0,1.0,2.0,2.0,1.0,0,False,11.69223403930664
/agv3/capability_report,1788412784.494483,1788412784.4897742,3,388809,0.08,0.08,1.0,1.0,2.0,2.0,1.0,0,False,11.763150215148926
/agv2/capability_report,1788412784.4955766,1788412784.4898758,2,389695,0.08,0.08,1.0,1.0,2.0,2.0,1.0,0,False,11.69223403930664
/agv1/capability_report,1788412784.4986901,1788412784.498606,1,390144,0.08,0.08,1.0,1.0,2.0,2.0,1.0,0,False,11.16036605834961
/agv1/capability_report,1788412784.5066893,1788412784.5066035,1,390145,0.08,0.08,1.0,1.0,2.0,2.0,1.0,0,False,11.16036605834961
/agv3/capability_report,1788412784.507021,1788412784.5017946,3,388810,0.08,0.08,1.0,1.0,2.0,2.0,1.0,0,False,11.763150215148926
/agv2/capability_report,1788412784.507035,1788412784.5018444,2,389696,0.08,0.08,1.0,1.0,2.0,2.0,1.0,0,False,11.69223403930664
/agv2/capability_report,1788412784.5157542,1788412784.5098739,2,389697,0.08,0.08,1.0,1.0,2.0,2.0,1.0,0,False,11.69223403930664
/agv1/capability_report,1788412784.5188086,1788412784.518614,1,390146,0.08,0.08,1.0,1.0,2.0,2.0,1.0,0,False,11.16036605834961
/agv3/capability_report,1788412784.5200696,1788412784.5097897,3,388811,0.08,0.08,1.0,1.0,2.0,2.0,1.0,0,False,11.763150215148926
/agv3/capability_report,1788412784.5263257,1788412784.521841,3,388812,0.08,0.08,1.0,1.0,2.0,2.0,1.0,0,False,11.789743423461914
/agv1/capability_report,1788412784.5266135,1788412784.5265532,1,390147,0.08,0.08,1.0,1.0,2.0,2.0,1.0,0,False,11.16036605834961
/agv2/capability_report,1788412784.528124,1788412784.5218723,2,389698,0.08,0.08,1.0,1.0,2.0,2.0,1.0,0,False,11.69223403930664
/agv3/capability_report,1788412784.5343456,1788412784.5297754,3,388813,0.08,0.08,1.0,1.0,2.0,2.0,1.0,0,False,11.789743423461914
/agv2/capability_report,1788412784.5360942,1788412784.5298743,2,389699,0.08,0.08,1.0,1.0,2.0,2.0,1.0,0,False,11.69223403930664
/agv1/capability_report,1788412784.5387294,1788412784.5385833,1,390148,0.08,0.08,1.0,1.0,2.0,2.0,1.0,0,False,11.16036605834961
/agv1/capability_report,1788412784.54669,1788412784.5465927,1,390149,0.08,0.08,1.0,1.0,2.0,2.0,1.0,0,False,11.16036605834961
/agv2/capability_report,1788412784.5473356,1788412784.5417552,2,389700,0.08,0.08,1.0,1.0,2.0,2.0,1.0,0,False,11.69223403930664
/agv3/capability_report,1788412784.5475264,1788412784.541784,3,388814,0.08,0.08,1.0,1.0,2.0,2.0,1.0,0,False,11.789743423461914
/agv3/capability_report,1788412784.5555747,1788412784.5497668,3,388815,0.08,0.08,1.0,1.0,2.0,2.0,1.0,0,False,11.789743423461914
/agv2/capability_report,1788412784.5564601,1788412784.5498548,2,389701,0.08,0.08,1.0,1.0,2.0,2.0,1.0,0,False,11.576996803283691
/agv1/capability_report,1788412784.55878,1788412784.5585568,1,390150,0.08,0.08,1.0,1.0,2.0,2.0,1.0,0,False,11.16036605834961
/agv1/capability_report,1788412784.5667741,1788412784.5665972,1,390151,0.08,0.08,1.0,1.0,2.0,2.0,1.0,0,False,11.16036605834961
/agv3/capability_report,1788412784.5668137,1788412784.5617492,3,388816,0.08,0.08,1.0,1.0,2.0,2.0,1.0,0,False,11.789743423461914
/agv2/capability_report,1788412784.568287,1788412784.5618732,2,389702,0.08,0.08,1.0,1.0,2.0,2.0,1.0,0,False,11.576996803283691
/agv3/capability_report,1788412784.5744426,1788412784.5697715,3,388817,0.08,0.08,1.0,1.0,2.0,2.0,1.0,0,False,11.789743423461914
/agv2/capability_report,1788412784.5754955,1788412784.5698707,2,389703,0.08,0.08,1.0,1.0,2.0,2.0,1.0,0,False,11.576996803283691
/agv1/capability_report,1788412784.5788095,1788412784.578593,1,390152,0.08,0.08,1.0,1.0,2.0,2.0,1.0,0,False,11.16036605834961
/agv1/capability_report,1788412784.5867305,1788412784.5865855,1,390153,0.08,0.08,1.0,1.0,2.0,2.0,1.0,0,False,11.16036605834961
/agv2/capability_report,1788412784.587211,1788412784.5818717,2,389704,0.08,0.08,1.0,1.0,2.0,2.0,1.0,0,False,11.576996803283691
/agv3/capability_report,1788412784.589181,1788412784.5818005,3,388818,0.08,0.08,1.0,1.0,2.0,2.0,1.0,0,False,11.789743423461914
/agv3/capability_report,1788412784.5951421,1788412784.5897658,3,388819,0.08,0.08,1.0,1.0,2.0,2.0,1.0,0,False,11.789743423461914
/agv2/capability_report,1788412784.5963366,1788412784.5898707,2,389705,0.08,0.08,1.0,1.0,2.0,2.0,1.0,0,False,11.576996803283691
/agv1/capability_report,1788412784.5986967,1788412784.5985963,1,390154,0.08,0.08,1.0,1.0,2.0,2.0,1.0,0,False,11.16036605834961
/agv1/capability_report,1788412784.6066964,1788412784.6065955,1,390155,0.08,0.08,1.0,1.0,2.0,2.0,1.0,0,False,11.16036605834961
/agv2/capability_report,1788412784.6109478,1788412784.6018348,2,389706,0.08,0.08,1.0,1.0,2.0,2.0,1.0,0,False,11.576996803283691
/agv3/capability_report,1788412784.611036,1788412784.6017635,3,388820,0.08,0.08,1.0,1.0,2.0,2.0,1.0,0,False,11.789743423461914
/agv3/capability_report,1788412784.6149096,1788412784.6097984,3,388821,0.08,0.08,1.0,1.0,2.0,2.0,1.0,0,False,11.789743423461914
/agv2/capability_report,1788412784.6158028,1788412784.6098912,2,389707,0.08,0.08,1.0,1.0,2.0,2.0,1.0,0,False,11.576996803283691
/agv1/capability_report,1788412784.61881,1788412784.6186068,1,390156,0.08,0.08,1.0,1.0,2.0,2.0,1.0,0,False,11.16036605834961
/agv3/capability_report,1788412784.626335,1788412784.6217842,3,388822,0.08,0.08,1.0,1.0,2.0,2.0,1.0,0,False,11.789743423461914
/agv1/capability_report,1788412784.6265898,1788412784.6265538,1,390157,0.08,0.08,1.0,1.0,2.0,2.0,1.0,0,False,11.16036605834961
/agv2/capability_report,1788412784.627563,1788412784.6218698,2,389708,0.08,0.08,1.0,1.0,2.0,2.0,1.0,0,False,11.576996803283691
/agv2/capability_report,1788412784.6352117,1788412784.6298995,2,389709,0.08,0.08,1.0,1.0,2.0,2.0,1.0,0,False,11.576996803283691
/agv3/capability_report,1788412784.6362677,1788412784.629887,3,388823,0.08,0.08,1.0,1.0,2.0,2.0,1.0,0,False,11.789743423461914
/agv1/capability_report,1788412784.6387165,1788412784.6386042,1,390158,0.08,0.08,1.0,1.0,2.0,2.0,1.0,0,False,11.399706840515137
/agv2/capability_report,1788412784.6467745,1788412784.6418736,2,389710,0.08,0.08,1.0,1.0,2.0,2.0,1.0,0,False,11.576996803283691
/agv1/capability_report,1788412784.646778,1788412784.6465995,1,390159,0.08,0.08,1.0,1.0,2.0,2.0,1.0,0,False,11.399706840515137
/agv3/capability_report,1788412784.647744,1788412784.6417785,3,388824,0.08,0.08,1.0,1.0,2.0,2.0,1.0,0,False,11.789743423461914
/agv3/capability_report,1788412784.6545205,1788412784.6498108,3,388825,0.08,0.08,1.0,1.0,2.0,2.0,1.0,0,False,11.789743423461914
/agv2/capability_report,1788412784.6557243,1788412784.649894,2,389711,0.08,0.08,1.0,1.0,2.0,2.0,1.0,0,False,11.576996803283691
/agv1/capability_report,1788412784.6588075,1788412784.6586063,1,390160,0.08,0.08,1.0,1.0,2.0,2.0,1.0,0,False,11.399706840515137
/agv3/capability_report,1788412784.6666467,1788412784.6617715,3,388826,0.08,0.08,1.0,1.0,2.0,2.0,1.0,0,False,11.789743423461914
/agv1/capability_report,1788412784.6666532,1788412784.6665537,1,390161,0.08,0.08,1.0,1.0,2.0,2.0,1.0,0,False,11.399706840515137
/agv2/capability_report,1788412784.6688893,1788412784.661871,2,389712,0.08,0.08,1.0,1.0,2.0,2.0,1.0,0,False,11.576996803283691
/agv3/capability_report,1788412784.674496,1788412784.6697922,3,388827,0.08,0.08,1.0,1.0,2.0,2.0,1.0,0,False,11.789743423461914
/agv2/capability_report,1788412784.676934,1788412784.6698732,2,389713,0.08,0.08,1.0,1.0,2.0,2.0,1.0,0,False,11.576996803283691
/agv1/capability_report,1788412784.6787336,1788412784.6786106,1,390162,0.08,0.08,1.0,1.0,2.0,2.0,1.0,0,False,11.399706840515137
/agv3/capability_report,1788412784.6863341,1788412784.6818016,3,388828,0.08,0.08,1.0,1.0,2.0,2.0,1.0,0,False,11.674505233764648
/agv1/capability_report,1788412784.6866317,1788412784.6865606,1,390163,0.08,0.08,1.0,1.0,2.0,2.0,1.0,0,False,11.399706840515137
/agv2/capability_report,1788412784.6881373,1788412784.6818707,2,389714,0.08,0.08,1.0,1.0,2.0,2.0,1.0,0,False,11.576996803283691
/agv3/capability_report,1788412784.6943572,1788412784.689823,3,388829,0.08,0.08,1.0,1.0,2.0,2.0,1.0,0,False,11.674505233764648
/agv2/capability_report,1788412784.696414,1788412784.6898718,2,389715,0.08,0.08,1.0,1.0,2.0,2.0,1.0,0,False,11.576996803283691
/agv1/capability_report,1788412784.6987066,1788412784.6986067,1,390164,0.08,0.08,1.0,1.0,2.0,2.0,1.0,0,False,11.399706840515137
/agv3/capability_report,1788412784.7062023,1788412784.7017756,3,388830,0.08,0.08,1.0,1.0,2.0,2.0,1.0,0,False,11.674505233764648
/agv1/capability_report,1788412784.7066782,1788412784.706579,1,390165,0.08,0.08,1.0,1.0,2.0,2.0,1.0,0,False,11.399706840515137
/agv2/capability_report,1788412784.707211,1788412784.7018383,2,389716,0.08,0.08,1.0,1.0,2.0,2.0,1.0,0,False,11.576996803283691
/agv3/capability_report,1788412784.7157714,1788412784.709791,3,388831,0.08,0.08,1.0,1.0,2.0,2.0,1.0,0,False,11.674505233764648
/agv1/capability_report,1788412784.718753,1788412784.718619,1,390166,0.08,0.08,1.0,1.0,2.0,2.0,1.0,0,False,11.399706840515137
/agv2/capability_report,1788412784.7200139,1788412784.7098684,2,389717,0.08,0.08,1.0,1.0,2.0,2.0,1.0,0,False,11.736557006835938
/agv3/capability_report,1788412784.7262993,1788412784.7217329,3,388832,0.08,0.08,1.0,1.0,2.0,2.0,1.0,0,False,11.674505233764648
/agv1/capability_report,1788412784.7265959,1788412784.7265549,1,390167,0.08,0.08,1.0,1.0,2.0,2.0,1.0,0,False,11.399706840515137
/agv2/capability_report,1788412784.727483,1788412784.7218752,2,389718,0.08,0.08,1.0,1.0,2.0,2.0,1.0,0,False,11.736557006835938
/agv3/capability_report,1788412784.734375,1788412784.7297752,3,388833,0.08,0.08,1.0,1.0,2.0,2.0,1.0,0,False,11.674505233764648
/agv2/capability_report,1788412784.7354436,1788412784.7299137,2,389719,0.08,0.08,1.0,1.0,2.0,2.0,1.0,0,False,11.736557006835938
/agv1/capability_report,1788412784.7387724,1788412784.7386062,1,390168,0.08,0.08,1.0,1.0,2.0,2.0,1.0,0,False,11.399706840515137
/agv3/capability_report,1788412784.7463164,1788412784.7417908,3,388834,0.08,0.08,1.0,1.0,2.0,2.0,1.0,0,False,11.674505233764648
/agv1/capability_report,1788412784.7466211,1788412784.7465658,1,390169,0.08,0.08,1.0,1.0,2.0,2.0,1.0,0,False,11.399706840515137
/agv2/capability_report,1788412784.7473185,1788412784.7418337,2,389720,0.08,0.08,1.0,1.0,2.0,2.0,1.0,0,False,11.736557006835938
/agv2/capability_report,1788412784.7554955,1788412784.7498512,2,389721,0.08,0.08,1.0,1.0,2.0,2.0,1.0,0,False,11.736557006835938
/agv3/capability_report,1788412784.755503,1788412784.7497814,3,388835,0.08,0.08,1.0,1.0,2.0,2.0,1.0,0,False,11.674505233764648
/agv1/capability_report,1788412784.7587109,1788412784.7585616,1,390170,0.08,0.08,1.0,1.0,2.0,2.0,1.0,0,False,11.399706840515137
/agv3/capability_report,1788412784.766339,1788412784.761769,3,388836,0.08,0.08,1.0,1.0,2.0,2.0,1.0,0,False,11.674505233764648
/agv1/capability_report,1788412784.766606,1788412784.766559,1,390171,0.08,0.08,1.0,1.0,2.0,2.0,1.0,0,False,11.399706840515137
/agv2/capability_report,1788412784.767724,1788412784.7618735,2,389722,0.08,0.08,1.0,1.0,2.0,2.0,1.0,0,False,11.736557006835938
/agv3/capability_report,1788412784.7745104,1788412784.7697623,3,388837,0.08,0.08,1.0,1.0,2.0,2.0,1.0,0,False,11.674505233764648
/agv2/capability_report,1788412784.775541,1788412784.7698717,2,389723,0.08,0.08,1.0,1.0,2.0,2.0,1.0,0,False,11.736557006835938
/agv1/capability_report,1788412784.7786531,1788412784.7785923,1,390172,0.08,0.08,1.0,1.0,2.0,2.0,1.0,0,False,11.399706840515137
/agv1/capability_report,1788412784.786704,1788412784.7865515,1,390173,0.08,0.08,1.0,1.0,2.0,2.0,1.0,0,False,11.399706840515137
/agv3/capability_report,1788412784.7867336,1788412784.7817771,3,388838,0.08,0.08,1.0,1.0,2.0,2.0,1.0,0,False,11.674505233764648
/agv2/capability_report,1788412784.7879725,1788412784.7818718,2,389724,0.08,0.08,1.0,1.0,2.0,2.0,1.0,0,False,11.736557006835938
/agv3/capability_report,1788412784.7946403,1788412784.789797,3,388839,0.08,0.08,1.0,1.0,2.0,2.0,1.0,0,False,11.674505233764648
/agv2/capability_report,1788412784.7955024,1788412784.7898731,2,389725,0.08,0.08,1.0,1.0,2.0,2.0,1.0,0,False,11.736557006835938
/agv1/capability_report,1788412784.7987902,1788412784.7985926,1,390174,0.08,0.08,1.0,1.0,2.0,2.0,1.0,0,False,10.983077049255371
/agv3/capability_report,1788412784.8065097,1788412784.801775,3,388840,0.08,0.08,1.0,1.0,2.0,2.0,1.0,0,False,11.674505233764648
/agv1/capability_report,1788412784.8067162,1788412784.8065562,1,390175,0.08,0.08,1.0,1.0,2.0,2.0,1.0,0,False,10.983077049255371
/agv2/capability_report,1788412784.8089154,1788412784.8018744,2,389726,0.08,0.08,1.0,1.0,2.0,2.0,1.0,0,False,11.736557006835938
/agv3/capability_report,1788412784.8143144,1788412784.809773,3,388841,0.08,0.08,1.0,1.0,2.0,2.0,1.0,0,False,11.674505233764648
/agv2/capability_report,1788412784.8154263,1788412784.8098724,2,389727,0.08,0.08,1.0,1.0,2.0,2.0,1.0,0,False,11.736557006835938
/agv1/capability_report,1788412784.8188014,1788412784.8185558,1,390176,0.08,0.08,1.0,1.0,2.0,2.0,1.0,0,False,10.983077049255371
/agv3/capability_report,1788412784.8264642,1788412784.8217802,3,388842,0.08,0.08,1.0,1.0,2.0,2.0,1.0,0,False,11.674505233764648
/agv1/capability_report,1788412784.8266943,1788412784.8265624,1,390177,0.08,0.08,1.0,1.0,2.0,2.0,1.0,0,False,10.983077049255371
/agv2/capability_report,1788412784.8272579,1788412784.8218696,2,389728,0.08,0.08,1.0,1.0,2.0,2.0,1.0,0,False,11.736557006835938
/agv3/capability_report,1788412784.834466,1788412784.8297665,3,388843,0.08,0.08,1.0,1.0,2.0,2.0,1.0,0,False,11.674505233764648
/agv2/capability_report,1788412784.8361697,1788412784.8298774,2,389729,0.08,0.08,1.0,1.0,2.0,2.0,1.0,0,False,11.736557006835938
/agv1/capability_report,1788412784.8388157,1788412784.8385913,1,390178,0.08,0.08,1.0,1.0,2.0,2.0,1.0,0,False,10.983077049255371
/agv3/capability_report,1788412784.8462727,1788412784.8417816,3,388844,0.08,0.08,1.0,1.0,2.0,2.0,1.0,0,False,11.780879020690918
/agv1/capability_report,1788412784.846629,1788412784.846559,1,390179,0.08,0.08,1.0,1.0,2.0,2.0,1.0,0,False,10.983077049255371
/agv2/capability_report,1788412784.8475015,1788412784.841871,2,389730,0.08,0.08,1.0,1.0,2.0,2.0,1.0,0,False,11.736557006835938
/agv3/capability_report,1788412784.8543475,1788412784.8497798,3,388845,0.08,0.08,1.0,1.0,2.0,2.0,1.0,0,False,11.780879020690918
/agv2/capability_report,1788412784.8554766,1788412784.8498738,2,389731,0.08,0.08,1.0,1.0,2.0,2.0,1.0,0,False,11.736557006835938
/agv1/capability_report,1788412784.8586874,1788412784.8585572,1,390180,0.08,0.08,1.0,1.0,2.0,2.0,1.0,0,False,10.983077049255371
/agv3/capability_report,1788412784.8664246,1788412784.8617754,3,388846,0.08,0.08,1.0,1.0,2.0,2.0,1.0,0,False,11.780879020690918
/agv1/capability_report,1788412784.866745,1788412784.8665564,1,390181,0.08,0.08,1.0,1.0,2.0,2.0,1.0,0,False,10.983077049255371
/agv2/capability_report,1788412784.8674521,1788412784.861865,2,389732,0.08,0.08,1.0,1.0,2.0,2.0,1.0,0,False,11.736557006835938
/agv3/capability_report,1788412784.8742738,1788412784.8697944,3,388847,0.08,0.08,1.0,1.0,2.0,2.0,1.0,0,False,11.780879020690918
/agv2/capability_report,1788412784.8756435,1788412784.869877,2,389733,0.08,0.08,1.0,1.0,2.0,2.0,1.0,0,False,11.683369636535645
/agv1/capability_report,1788412784.8786855,1788412784.878576,1,390182,0.08,0.08,1.0,1.0,2.0,2.0,1.0,0,False,10.983077049255371
/agv3/capability_report,1788412784.8862824,1788412784.881774,3,388848,0.08,0.08,1.0,1.0,2.0,2.0,1.0,0,False,11.780879020690918
/agv1/capability_report,1788412784.8866336,1788412784.8865564,1,390183,0.08,0.08,1.0,1.0,2.0,2.0,1.0,0,False,10.983077049255371
/agv2/capability_report,1788412784.888352,1788412784.8818731,2,389734,0.08,0.08,1.0,1.0,2.0,2.0,1.0,0,False,11.683369636535645
/agv3/capability_report,1788412784.894522,1788412784.8897626,3,388849,0.08,0.08,1.0,1.0,2.0,2.0,1.0,0,False,11.780879020690918
/agv2/capability_report,1788412784.8965945,1788412784.889871,2,389735,0.08,0.08,1.0,1.0,2.0,2.0,1.0,0,False,11.683369636535645
/agv1/capability_report,1788412784.8988812,1788412784.898595,1,390184,0.08,0.08,1.0,1.0,2.0,2.0,1.0,0,False,10.983077049255371
/agv1/capability_report,1788412784.9066916,1788412784.9065554,1,390185,0.08,0.08,1.0,1.0,2.0,2.0,1.0,0,False,10.983077049255371
/agv3/capability_report,1788412784.9071522,1788412784.901775,3,388850,0.08,0.08,1.0,1.0,2.0,2.0,1.0,0,False,11.780879020690918
/agv2/capability_report,1788412784.9094007,1788412784.9018683,2,389736,0.08,0.08,1.0,1.0,2.0,2.0,1.0,0,False,11.683369636535645
/agv3/capability_report,1788412784.9144015,1788412784.9097939,3,388851,0.08,0.08,1.0,1.0,2.0,2.0,1.0,0,False,11.780879020690918
/agv2/capability_report,1788412784.9150784,1788412784.9099283,2,389737,0.08,0.08,1.0,1.0,2.0,2.0,1.0,0,False,11.683369636535645
/agv1/capability_report,1788412784.9187021,1788412784.918558,1,390186,0.08,0.08,1.0,1.0,2.0,2.0,1.0,0,False,10.983077049255371
/agv3/capability_report,1788412784.9264731,1788412784.9218278,3,388852,0.08,0.08,1.0,1.0,2.0,2.0,1.0,0,False,11.780879020690918
/agv1/capability_report,1788412784.9266741,1788412784.9265509,1,390187,0.08,0.08,1.0,1.0,2.0,2.0,1.0,0,False,10.983077049255371
/agv2/capability_report,1788412784.9268904,1788412784.9218762,2,389738,0.08,0.08,1.0,1.0,2.0,2.0,1.0,0,False,11.683369636535645
/agv3/capability_report,1788412784.9345026,1788412784.929777,3,388853,0.08,0.08,1.0,1.0,2.0,2.0,1.0,0,False,11.780879020690918
/agv2/capability_report,1788412784.9366179,1788412784.9298697,2,389739,0.08,0.08,1.0,1.0,2.0,2.0,1.0,0,False,11.683369636535645
/agv1/capability_report,1788412784.9387665,1788412784.9385557,1,390188,0.08,0.08,1.0,1.0,2.0,2.0,1.0,0,False,10.983077049255371
/agv3/capability_report,1788412784.9465518,1788412784.9417782,3,388854,0.08,0.08,1.0,1.0,2.0,2.0,1.0,0,False,11.780879020690918
/agv1/capability_report,1788412784.9466429,1788412784.946551,1,390189,0.08,0.08,1.0,1.0,2.0,2.0,1.0,0,False,10.983077049255371
/agv2/capability_report,1788412784.9475315,1788412784.941872,2,389740,0.08,0.08,1.0,1.0,2.0,2.0,1.0,0,False,11.683369636535645
/agv2/capability_report,1788412784.9568393,1788412784.9498699,2,389741,0.08,0.08,1.0,1.0,2.0,2.0,1.0,0,False,11.683369636535645
/agv3/capability_report,1788412784.956936,1788412784.9497774,3,388855,0.08,0.08,1.0,1.0,2.0,2.0,1.0,0,False,11.780879020690918
/agv1/capability_report,1788412784.9587343,1788412784.9585612,1,390190,0.08,0.08,1.0,1.0,2.0,2.0,1.0,0,False,11.027399063110352
/agv1/capability_report,1788412784.9666831,1788412784.9665718,1,390191,0.08,0.08,1.0,1.0,2.0,2.0,1.0,0,False,11.027399063110352
/agv3/capability_report,1788412784.9693058,1788412784.9617794,3,388856,0.08,0.08,1.0,1.0,2.0,2.0,1.0,0,False,11.780879020690918
/agv2/capability_report,1788412784.9739604,1788412784.9618726,2,389742,0.08,0.08,1.0,1.0,2.0,2.0,1.0,0,False,11.683369636535645
/agv2/capability_report,1788412784.9757879,1788412784.9698749,2,389743,0.08,0.08,1.0,1.0,2.0,2.0,1.0,0,False,11.683369636535645
/agv3/capability_report,1788412784.976779,1788412784.9697807,3,388857,0.08,0.08,1.0,1.0,2.0,2.0,1.0,0,False,11.780879020690918
/agv1/capability_report,1788412784.978754,1788412784.9785838,1,390192,0.08,0.08,1.0,1.0,2.0,2.0,1.0,0,False,11.027399063110352
/agv3/capability_report,1788412784.9863143,1788412784.9817734,3,388858,0.08,0.08,1.0,1.0,2.0,2.0,1.0,0,False,11.780879020690918
/agv1/capability_report,1788412784.9866962,1788412784.9865746,1,390193,0.08,0.08,1.0,1.0,2.0,2.0,1.0,0,False,11.027399063110352
/agv2/capability_report,1788412784.9878016,1788412784.9818738,2,389744,0.08,0.08,1.0,1.0,2.0,2.0,1.0,0,False,11.683369636535645
/agv3/capability_report,1788412784.996079,1788412784.9897785,3,388859,0.08,0.08,1.0,1.0,2.0,2.0,1.0,0,False,11.780879020690918
/agv2/capability_report,1788412784.9960837,1788412784.9898672,2,389745,0.08,0.08,1.0,1.0,2.0,2.0,1.0,0,False,11.683369636535645
/agv1/capability_report,1788412784.9987571,1788412784.998575,1,390194,0.08,0.08,1.0,1.0,2.0,2.0,1.0,0,False,11.027399063110352
/agv3/capability_report,1788412785.0063934,1788412785.0017798,3,388860,0.08,0.08,1.0,1.0,2.0,2.0,1.0,0,False,11.745421409606934
/agv1/capability_report,1788412785.0067616,1788412785.006613,1,390195,0.08,0.08,1.0,1.0,2.0,2.0,1.0,0,False,11.027399063110352
/agv2/capability_report,1788412785.0078404,1788412785.0018349,2,389746,0.08,0.08,1.0,1.0,2.0,2.0,1.0,0,False,11.683369636535645
/agv3/capability_report,1788412785.0143685,1788412785.009767,3,388861,0.08,0.08,1.0,1.0,2.0,2.0,1.0,0,False,11.745421409606934
/agv2/capability_report,1788412785.0159278,1788412785.0098326,2,389747,0.08,0.08,1.0,1.0,2.0,2.0,1.0,0,False,11.683369636535645
/agv1/capability_report,1788412785.0187626,1788412785.0185957,1,390196,0.08,0.08,1.0,1.0,2.0,2.0,1.0,0,False,11.027399063110352
/agv3/capability_report,1788412785.0264938,1788412785.0217812,3,388862,0.08,0.08,1.0,1.0,2.0,2.0,1.0,0,False,11.745421409606934
/agv1/capability_report,1788412785.0267427,1788412785.0266058,1,390197,0.08,0.08,1.0,1.0,2.0,2.0,1.0,0,False,11.027399063110352
/agv2/capability_report,1788412785.0296185,1788412785.0218732,2,389748,0.08,0.08,1.0,1.0,2.0,2.0,1.0,0,False,11.683369636535645
/agv3/capability_report,1788412785.0343668,1788412785.029761,3,388863,0.08,0.08,1.0,1.0,2.0,2.0,1.0,0,False,11.745421409606934
/agv2/capability_report,1788412785.0356388,1788412785.0298684,2,389749,0.08,0.08,1.0,1.0,2.0,2.0,1.0,0,False,11.665640830993652
/agv1/capability_report,1788412785.0388947,1788412785.0386753,1,390198,0.08,0.08,1.0,1.0,2.0,2.0,1.0,0,False,11.027399063110352
/agv1/capability_report,1788412785.0466294,1788412785.0465717,1,390199,0.08,0.08,1.0,1.0,2.0,2.0,1.0,0,False,11.027399063110352
/agv3/capability_report,1788412785.0474257,1788412785.0417514,3,388864,0.08,0.08,1.0,1.0,2.0,2.0,1.0,0,False,11.745421409606934
/agv2/capability_report,1788412785.0497901,1788412785.0418775,2,389750,0.08,0.08,1.0,1.0,2.0,2.0,1.0,0,False,11.665640830993652
/agv3/capability_report,1788412785.054869,1788412785.0497668,3,388865,0.08,0.08,1.0,1.0,2.0,2.0,1.0,0,False,11.745421409606934
/agv2/capability_report,1788412785.0563319,1788412785.049873,2,389751,0.08,0.08,1.0,1.0,2.0,2.0,1.0,0,False,11.665640830993652
/agv1/capability_report,1788412785.0587606,1788412785.0586216,1,390200,0.08,0.08,1.0,1.0,2.0,2.0,1.0,0,False,11.027399063110352
/agv1/capability_report,1788412785.0667105,1788412785.0665638,1,390201,0.08,0.08,1.0,1.0,2.0,2.0,1.0,0,False,11.027399063110352
/agv2/capability_report,1788412785.069074,1788412785.0618675,2,389752,0.08,0.08,1.0,1.0,2.0,2.0,1.0,0,False,11.665640830993652
/agv3/capability_report,1788412785.0733879,1788412785.0617785,3,388866,0.08,0.08,1.0,1.0,2.0,2.0,1.0,0,False,11.745421409606934
/agv1/capability_report,1788412785.078674,1788412785.078606,1,390202,0.08,0.08,1.0,1.0,2.0,2.0,1.0,0,False,11.027399063110352
/agv3/capability_report,1788412785.0788095,1788412785.0697496,3,388867,0.08,0.08,1.0,1.0,2.0,2.0,1.0,0,False,11.745421409606934
/agv2/capability_report,1788412785.0847564,1788412785.0698898,2,389753,0.08,0.08,1.0,1.0,2.0,2.0,1.0,0,False,11.665640830993652
/agv1/capability_report,1788412785.0867176,1788412785.0865657,1,390203,0.08,0.08,1.0,1.0,2.0,2.0,1.0,0,False,11.027399063110352
/agv2/capability_report,1788412785.0872467,1788412785.0817568,2,389754,0.08,0.08,1.0,1.0,2.0,2.0,1.0,0,False,11.665640830993652
/agv3/capability_report,1788412785.08955,1788412785.0818267,3,388868,0.08,0.08,1.0,1.0,2.0,2.0,1.0,0,False,11.745421409606934
/agv3/capability_report,1788412785.0972776,1788412785.0897982,3,388869,0.08,0.08,1.0,1.0,2.0,2.0,1.0,0,False,11.745421409606934
/agv2/capability_report,1788412785.0973022,1788412785.0898578,2,389755,0.08,0.08,1.0,1.0,2.0,2.0,1.0,0,False,11.665640830993652
/agv1/capability_report,1788412785.0988348,1788412785.098615,1,390204,0.08,0.08,1.0,1.0,2.0,2.0,1.0,0,False,11.027399063110352
/agv3/capability_report,1788412785.106713,1788412785.1017776,3,388870,0.08,0.08,1.0,1.0,2.0,2.0,1.0,0,False,11.745421409606934
/agv1/capability_report,1788412785.1067626,1788412785.1065624,1,390205,0.08,0.08,1.0,1.0,2.0,2.0,1.0,0,False,11.027399063110352
/agv2/capability_report,1788412785.1089957,1788412785.1018736,2,389756,0.08,0.08,1.0,1.0,2.0,2.0,1.0,0,False,11.665640830993652
/agv3/capability_report,1788412785.1145473,1788412785.10977,3,388871,0.08,0.08,1.0,1.0,2.0,2.0,1.0,0,False,11.745421409606934
/agv2/capability_report,1788412785.1153083,1788412785.109859,2,389757,0.08,0.08,1.0,1.0,2.0,2.0,1.0,0,False,11.665640830993652
/agv1/capability_report,1788412785.1187034,1788412785.118564,1,390206,0.08,0.08,1.0,1.0,2.0,2.0,1.0,0,False,11.266739845275879
/agv3/capability_report,1788412785.126494,1788412785.1217804,3,388872,0.08,0.08,1.0,1.0,2.0,2.0,1.0,0,False,11.745421409606934
/agv1/capability_report,1788412785.1266642,1788412785.1265652,1,390207,0.08,0.08,1.0,1.0,2.0,2.0,1.0,0,False,11.266739845275879
/agv2/capability_report,1788412785.1293633,1788412785.1218712,2,389758,0.08,0.08,1.0,1.0,2.0,2.0,1.0,0,False,11.665640830993652
/agv3/capability_report,1788412785.1351573,1788412785.1297765,3,388873,0.08,0.08,1.0,1.0,2.0,2.0,1.0,0,False,11.745421409606934
/agv2/capability_report,1788412785.1367452,1788412785.1298687,2,389759,0.08,0.08,1.0,1.0,2.0,2.0,1.0,0,False,11.665640830993652
/agv1/capability_report,1788412785.1386726,1788412785.138566,1,390208,0.08,0.08,1.0,1.0,2.0,2.0,1.0,0,False,11.266739845275879
/agv3/capability_report,1788412785.1466103,1788412785.141778,3,388874,0.08,0.08,1.0,1.0,2.0,2.0,1.0,0,False,11.745421409606934
/agv1/capability_report,1788412785.1466217,1788412785.146567,1,390209,0.08,0.08,1.0,1.0,2.0,2.0,1.0,0,False,11.266739845275879
/agv2/capability_report,1788412785.1481717,1788412785.1418738,2,389760,0.08,0.08,1.0,1.0,2.0,2.0,1.0,0,False,11.665640830993652
/agv3/capability_report,1788412785.1547048,1788412785.1497707,3,388875,0.08,0.08,1.0,1.0,2.0,2.0,1.0,0,False,11.745421409606934
/agv2/capability_report,1788412785.1556947,1788412785.149894,2,389761,0.08,0.08,1.0,1.0,2.0,2.0,1.0,0,False,11.665640830993652
/agv1/capability_report,1788412785.1587455,1788412785.15856,1,390210,0.08,0.08,1.0,1.0,2.0,2.0,1.0,0,False,11.266739845275879
/agv3/capability_report,1788412785.1663451,1788412785.1617827,3,388876,0.08,0.08,1.0,1.0,2.0,2.0,1.0,0,False,11.585861206054688
/agv1/capability_report,1788412785.166658,1788412785.166558,1,390211,0.08,0.08,1.0,1.0,2.0,2.0,1.0,0,False,11.266739845275879
/agv2/capability_report,1788412785.168137,1788412785.1618423,2,389762,0.08,0.08,1.0,1.0,2.0,2.0,1.0,0,False,11.665640830993652
/agv3/capability_report,1788412785.1754937,1788412785.169774,3,388877,0.08,0.08,1.0,1.0,2.0,2.0,1.0,0,False,11.585861206054688
/agv2/capability_report,1788412785.175509,1788412785.1698616,2,389763,0.08,0.08,1.0,1.0,2.0,2.0,1.0,0,False,11.665640830993652
/agv1/capability_report,1788412785.178754,1788412785.1785643,1,390212,0.08,0.08,1.0,1.0,2.0,2.0,1.0,0,False,11.266739845275879
/agv1/capability_report,1788412785.186639,1788412785.1865609,1,390213,0.08,0.08,1.0,1.0,2.0,2.0,1.0,0,False,11.266739845275879
/agv2/capability_report,1788412785.1881595,1788412785.18187,2,389764,0.08,0.08,1.0,1.0,2.0,2.0,1.0,0,False,11.665640830993652
/agv3/capability_report,1788412785.1881833,1788412785.1817842,3,388878,0.08,0.08,1.0,1.0,2.0,2.0,1.0,0,False,11.585861206054688
/agv3/capability_report,1788412785.1945012,1788412785.1897945,3,388879,0.08,0.08,1.0,1.0,2.0,2.0,1.0,0,False,11.585861206054688
/agv2/capability_report,1788412785.19574,1788412785.1899197,2,389765,0.08,0.08,1.0,1.0,2.0,2.0,1.0,0,False,11.674505233764648
/agv1/capability_report,1788412785.198779,1788412785.1985617,1,390214,0.08,0.08,1.0,1.0,2.0,2.0,1.0,0,False,11.266739845275879
/agv1/capability_report,1788412785.206669,1788412785.2065601,1,390215,0.08,0.08,1.0,1.0,2.0,2.0,1.0,0,False,11.266739845275879
/agv2/capability_report,1788412785.2115445,1788412785.2018692,2,389766,0.08,0.08,1.0,1.0,2.0,2.0,1.0,0,False,11.674505233764648
/agv2/capability_report,1788412785.21606,1788412785.2098324,2,389767,0.08,0.08,1.0,1.0,2.0,2.0,1.0,0,False,11.674505233764648
/agv3/capability_report,1788412785.2161977,1788412785.2017868,3,388880,0.08,0.08,1.0,1.0,2.0,2.0,1.0,0,False,11.585861206054688
/agv1/capability_report,1788412785.2187355,1788412785.218584,1,390216,0.08,0.08,1.0,1.0,2.0,2.0,1.0,0,False,11.266739845275879
/agv3/capability_report,1788412785.2218857,1788412785.2098074,3,388881,0.08,0.08,1.0,1.0,2.0,2.0,1.0,0,False,11.585861206054688
/agv3/capability_report,1788412785.226235,1788412785.2218218,3,388882,0.08,0.08,1.0,1.0,2.0,2.0,1.0,0,False,11.585861206054688
/agv1/capability_report,1788412785.2266908,1788412785.226581,1,390217,0.08,0.08,1.0,1.0,2.0,2.0,1.0,0,False,11.266739845275879
/agv2/capability_report,1788412785.2269511,1788412785.221867,2,389768,0.08,0.08,1.0,1.0,2.0,2.0,1.0,0,False,11.674505233764648
/agv2/capability_report,1788412785.2371428,1788412785.229871,2,389769,0.08,0.08,1.0,1.0,2.0,2.0,1.0,0,False,11.674505233764648
/agv3/capability_report,1788412785.2371678,1788412785.2297843,3,388883,0.08,0.08,1.0,1.0,2.0,2.0,1.0,0,False,11.585861206054688
/agv1/capability_report,1788412785.2388716,1788412785.2386827,1,390218,0.08,0.08,1.0,1.0,2.0,2.0,1.0,0,False,11.266739845275879
/agv3/capability_report,1788412785.246345,1788412785.2417963,3,388884,0.08,0.08,1.0,1.0,2.0,2.0,1.0,0,False,11.585861206054688
/agv1/capability_report,1788412785.2466574,1788412785.2465754,1,390219,0.08,0.08,1.0,1.0,2.0,2.0,1.0,0,False,11.266739845275879
/agv2/capability_report,1788412785.2496567,1788412785.2417538,2,389770,0.08,0.08,1.0,1.0,2.0,2.0,1.0,0,False,11.674505233764648
/agv2/capability_report,1788412785.255578,1788412785.2499008,2,389771,0.08,0.08,1.0,1.0,2.0,2.0,1.0,0,False,11.674505233764648
/agv3/capability_report,1788412785.2563875,1788412785.2498038,3,388885,0.08,0.08,1.0,1.0,2.0,2.0,1.0,0,False,11.585861206054688
/agv1/capability_report,1788412785.2588315,1788412785.2585845,1,390220,0.08,0.08,1.0,1.0,2.0,2.0,1.0,0,False,11.266739845275879
/agv3/capability_report,1788412785.2662187,1788412785.2618082,3,388886,0.08,0.08,1.0,1.0,2.0,2.0,1.0,0,False,11.585861206054688
/agv1/capability_report,1788412785.2667832,1788412785.266568,1,390221,0.08,0.08,1.0,1.0,2.0,2.0,1.0,0,False,11.266739845275879
/agv2/capability_report,1788412785.2689776,1788412785.2618368,2,389772,0.08,0.08,1.0,1.0,2.0,2.0,1.0,0,False,11.674505233764648
/agv3/capability_report,1788412785.2779272,1788412785.2697792,3,388887,0.08,0.08,1.0,1.0,2.0,2.0,1.0,0,False,11.585861206054688
/agv2/capability_report,1788412785.2779653,1788412785.269872,2,389773,0.08,0.08,1.0,1.0,2.0,2.0,1.0,0,False,11.674505233764648
/agv1/capability_report,1788412785.2787504,1788412785.278578,1,390222,0.08,0.08,1.0,1.0,2.0,2.0,1.0,0,False,10.149816513061523
/agv3/capability_report,1788412785.2862346,1788412785.2817657,3,388888,0.08,0.08,1.0,1.0,2.0,2.0,1.0,0,False,11.585861206054688
/agv1/capability_report,1788412785.2867606,1788412785.2865753,1,390223,0.08,0.08,1.0,1.0,2.0,2.0,1.0,0,False,10.149816513061523
/agv2/capability_report,1788412785.2870426,1788412785.281873,2,389774,0.08,0.08,1.0,1.0,2.0,2.0,1.0,0,False,11.674505233764648
/agv3/capability_report,1788412785.2950728,1788412785.2897875,3,388889,0.08,0.08,1.0,1.0,2.0,2.0,1.0,0,False,11.585861206054688
/agv2/capability_report,1788412785.2963147,1788412785.2898703,2,389775,0.08,0.08,1.0,1.0,2.0,2.0,1.0,0,False,11.674505233764648
/agv1/capability_report,1788412785.2987313,1788412785.2985733,1,390224,0.08,0.08,1.0,1.0,2.0,2.0,1.0,0,False,10.149816513061523
/agv3/capability_report,1788412785.3062117,1788412785.3017838,3,388890,0.08,0.08,1.0,1.0,2.0,2.0,1.0,0,False,11.585861206054688
/agv1/capability_report,1788412785.3066921,1788412785.3065655,1,390225,0.08,0.08,1.0,1.0,2.0,2.0,1.0,0,False,10.149816513061523
/agv2/capability_report,1788412785.3072507,1788412785.3018692,2,389776,0.08,0.08,1.0,1.0,2.0,2.0,1.0,0,False,11.674505233764648
/agv3/capability_report,1788412785.3142169,1788412785.3097699,3,388891,0.08,0.08,1.0,1.0,2.0,2.0,1.0,0,False,11.585861206054688
/agv2/capability_report,1788412785.315569,1788412785.309871,2,389777,0.08,0.08,1.0,1.0,2.0,2.0,1.0,0,False,11.674505233764648
/agv1/capability_report,1788412785.3187196,1788412785.3186033,1,390226,0.08,0.08,1.0,1.0,2.0,2.0,1.0,0,False,10.149816513061523
/agv3/capability_report,1788412785.3263168,1788412785.3217697,3,388892,0.08,0.08,1.0,1.0,2.0,2.0,1.0,0,False,11.807472229003906
/agv1/capability_report,1788412785.3266428,1788412785.3265693,1,390227,0.08,0.08,1.0,1.0,2.0,2.0,1.0,0,False,10.149816513061523
/agv2/capability_report,1788412785.3286762,1788412785.3218687,2,389778,0.08,0.08,1.0,1.0,2.0,2.0,1.0,0,False,11.674505233764648
/agv3/capability_report,1788412785.3348172,1788412785.3297157,3,388893,0.08,0.08,1.0,1.0,2.0,2.0,1.0,0,False,11.807472229003906
/agv1/capability_report,1788412785.338773,1788412785.3385718,1,390228,0.08,0.08,1.0,1.0,2.0,2.0,1.0,0,False,10.149816513061523
/agv3/capability_report,1788412785.346331,1788412785.3417997,3,388894,0.08,0.08,1.0,1.0,2.0,2.0,1.0,0,False,11.807472229003906
/agv1/capability_report,1788412785.3467178,1788412785.3465679,1,390229,0.08,0.08,1.0,1.0,2.0,2.0,1.0,0,False,10.149816513061523
/agv2/capability_report,1788412785.3479223,1788412785.3298721,2,389779,0.08,0.08,1.0,1.0,2.0,2.0,1.0,0,False,11.674505233764648
/agv2/capability_report,1788412785.3495967,1788412785.3418746,2,389780,0.08,0.08,1.0,1.0,2.0,2.0,1.0,0,False,11.674505233764648
/agv3/capability_report,1788412785.3544273,1788412785.3497725,3,388895,0.08,0.08,1.0,1.0,2.0,2.0,1.0,0,False,11.807472229003906
/agv2/capability_report,1788412785.356718,1788412785.3498726,2,389781,0.08,0.08,1.0,1.0,2.0,2.0,1.0,0,False,11.701099395751953
/agv1/capability_report,1788412785.358725,1788412785.3585765,1,390230,0.08,0.08,1.0,1.0,2.0,2.0,1.0,0,False,10.149816513061523
/agv3/capability_report,1788412785.366251,1788412785.361785,3,388896,0.08,0.08,1.0,1.0,2.0,2.0,1.0,0,False,11.807472229003906
/agv1/capability_report,1788412785.3666902,1788412785.3665695,1,390231,0.08,0.08,1.0,1.0,2.0,2.0,1.0,0,False,10.149816513061523
/agv2/capability_report,1788412785.3673077,1788412785.3618724,2,389782,0.08,0.08,1.0,1.0,2.0,2.0,1.0,0,False,11.701099395751953
/agv3/capability_report,1788412785.3744757,1788412785.3697684,3,388897,0.08,0.08,1.0,1.0,2.0,2.0,1.0,0,False,11.807472229003906
/agv2/capability_report,1788412785.3756716,1788412785.3698585,2,389783,0.08,0.08,1.0,1.0,2.0,2.0,1.0,0,False,11.701099395751953
/agv1/capability_report,1788412785.378684,1788412785.3785725,1,390232,0.08,0.08,1.0,1.0,2.0,2.0,1.0,0,False,10.149816513061523
/agv3/capability_report,1788412785.3866415,1788412785.3817904,3,388898,0.08,0.08,1.0,1.0,2.0,2.0,1.0,0,False,11.807472229003906
/agv1/capability_report,1788412785.3867288,1788412785.3865886,1,390233,0.08,0.08,1.0,1.0,2.0,2.0,1.0,0,False,10.149816513061523
/agv2/capability_report,1788412785.3884587,1788412785.381828,2,389784,0.08,0.08,1.0,1.0,2.0,2.0,1.0,0,False,11.701099395751953
/agv2/capability_report,1788412785.3955574,1788412785.389802,2,389785,0.08,0.08,1.0,1.0,2.0,2.0,1.0,0,False,11.701099395751953
/agv3/capability_report,1788412785.3955648,1788412785.389793,3,388899,0.08,0.08,1.0,1.0,2.0,2.0,1.0,0,False,11.807472229003906
/agv1/capability_report,1788412785.3987448,1788412785.3985956,1,390234,0.08,0.08,1.0,1.0,2.0,2.0,1.0,0,False,10.149816513061523
/agv1/capability_report,1788412785.4066763,1788412785.4065678,1,390235,0.08,0.08,1.0,1.0,2.0,2.0,1.0,0,False,10.149816513061523
/agv2/capability_report,1788412785.407422,1788412785.4018674,2,389786,0.08,0.08,1.0,1.0,2.0,2.0,1.0,0,False,11.701099395751953
/agv3/capability_report,1788412785.4084554,1788412785.4017386,3,388900,0.08,0.08,1.0,1.0,2.0,2.0,1.0,0,False,11.807472229003906
/agv3/capability_report,1788412785.4144793,1788412785.4098392,3,388901,0.08,0.08,1.0,1.0,2.0,2.0,1.0,0,False,11.807472229003906
/agv2/capability_report,1788412785.4169447,1788412785.4098916,2,389787,0.08,0.08,1.0,1.0,2.0,2.0,1.0,0,False,11.701099395751953
/agv1/capability_report,1788412785.4186728,1788412785.418562,1,390236,0.08,0.08,1.0,1.0,2.0,2.0,1.0,0,False,10.149816513061523
/agv1/capability_report,1788412785.426741,1788412785.426561,1,390237,0.08,0.08,1.0,1.0,2.0,2.0,1.0,0,False,10.149816513061523
/agv2/capability_report,1788412785.427922,1788412785.4218736,2,389788,0.08,0.08,1.0,1.0,2.0,2.0,1.0,0,False,11.701099395751953
/agv3/capability_report,1788412785.4279525,1788412785.4217682,3,388902,0.08,0.08,1.0,1.0,2.0,2.0,1.0,0,False,11.807472229003906
/agv3/capability_report,1788412785.4344625,1788412785.4297776,3,388903,0.08,0.08,1.0,1.0,2.0,2.0,1.0,0,False,11.807472229003906
/agv2/capability_report,1788412785.4369502,1788412785.4298792,2,389789,0.08,0.08,1.0,1.0,2.0,2.0,1.0,0,False,11.701099395751953
/agv1/capability_report,1788412785.4386747,1788412785.4386039,1,390238,0.08,0.08,1.0,1.0,2.0,2.0,1.0,0,False,11.257875442504883
/agv1/capability_report,1788412785.4466243,1788412785.4465594,1,390239,0.08,0.08,1.0,1.0,2.0,2.0,1.0,0,False,11.257875442504883
/agv3/capability_report,1788412785.4468412,1788412785.4417415,3,388904,0.08,0.08,1.0,1.0,2.0,2.0,1.0,0,False,11.807472229003906
/agv2/capability_report,1788412785.4477258,1788412785.4418743,2,389790,0.08,0.08,1.0,1.0,2.0,2.0,1.0,0,False,11.701099395751953
/agv3/capability_report,1788412785.4550169,1788412785.4497592,3,388905,0.08,0.08,1.0,1.0,2.0,2.0,1.0,0,False,11.807472229003906
/agv2/capability_report,1788412785.4566028,1788412785.4498749,2,389791,0.08,0.08,1.0,1.0,2.0,2.0,1.0,0,False,11.701099395751953
/agv1/capability_report,1788412785.458733,1788412785.458559,1,390240,0.08,0.08,1.0,1.0,2.0,2.0,1.0,0,False,11.257875442504883
/agv1/capability_report,1788412785.4666598,1788412785.466558,1,390241,0.08,0.08,1.0,1.0,2.0,2.0,1.0,0,False,11.257875442504883
/agv3/capability_report,1788412785.4669151,1788412785.461775,3,388906,0.08,0.08,1.0,1.0,2.0,2.0,1.0,0,False,11.807472229003906
/agv2/capability_report,1788412785.4690588,1788412785.4618783,2,389792,0.08,0.08,1.0,1.0,2.0,2.0,1.0,0,False,11.701099395751953
/agv3/capability_report,1788412785.474208,1788412785.4697745,3,388907,0.08,0.08,1.0,1.0,2.0,2.0,1.0,0,False,11.736557006835938
/agv1/capability_report,1788412785.4787388,1788412785.4786115,1,390242,0.08,0.08,1.0,1.0,2.0,2.0,1.0,0,False,11.257875442504883
/agv2/capability_report,1788412785.4809413,1788412785.4699004,2,389793,0.08,0.08,1.0,1.0,2.0,2.0,1.0,0,False,11.701099395751953
/agv3/capability_report,1788412785.4862669,1788412785.481795,3,388908,0.08,0.08,1.0,1.0,2.0,2.0,1.0,0,False,11.736557006835938
/agv1/capability_report,1788412785.4866447,1788412785.4865553,1,390243,0.08,0.08,1.0,1.0,2.0,2.0,1.0,0,False,11.257875442504883
/agv2/capability_report,1788412785.4888866,1788412785.481875,2,389794,0.08,0.08,1.0,1.0,2.0,2.0,1.0,0,False,11.701099395751953
/agv3/capability_report,1788412785.4943948,1788412785.4897962,3,388909,0.08,0.08,1.0,1.0,2.0,2.0,1.0,0,False,11.736557006835938
/agv2/capability_report,1788412785.4954937,1788412785.4898775,2,389795,0.08,0.08,1.0,1.0,2.0,2.0,1.0,0,False,11.701099395751953
/agv1/capability_report,1788412785.4988155,1788412785.4986064,1,390244,0.08,0.08,1.0,1.0,2.0,2.0,1.0,0,False,11.257875442504883
/agv3/capability_report,1788412785.5063944,1788412785.5017784,3,388910,0.08,0.08,1.0,1.0,2.0,2.0,1.0,0,False,11.736557006835938
/agv1/capability_report,1788412785.5067298,1788412785.5065625,1,390245,0.08,0.08,1.0,1.0,2.0,2.0,1.0,0,False,11.257875442504883
/agv2/capability_report,1788412785.5074403,1788412785.5018806,2,389796,0.08,0.08,1.0,1.0,2.0,2.0,1.0,0,False,11.701099395751953
/agv3/capability_report,1788412785.5143209,1788412785.5098267,3,388911,0.08,0.08,1.0,1.0,2.0,2.0,1.0,0,False,11.736557006835938
/agv2/capability_report,1788412785.5154984,1788412785.5098796,2,389797,0.08,0.08,1.0,1.0,2.0,2.0,1.0,0,False,11.612454414367676
/agv1/capability_report,1788412785.5187962,1788412785.5186021,1,390246,0.08,0.08,1.0,1.0,2.0,2.0,1.0,0,False,11.257875442504883
/agv3/capability_report,1788412785.526652,1788412785.5217957,3,388912,0.08,0.08,1.0,1.0,2.0,2.0,1.0,0,False,11.736557006835938
/agv1/capability_report,1788412785.526723,1788412785.5265744,1,390247,0.08,0.08,1.0,1.0,2.0,2.0,1.0,0,False,11.257875442504883
/agv2/capability_report,1788412785.527078,1788412785.521876,2,389798,0.08,0.08,1.0,1.0,2.0,2.0,1.0,0,False,11.612454414367676
/agv3/capability_report,1788412785.534431,1788412785.5297942,3,388913,0.08,0.08,1.0,1.0,2.0,2.0,1.0,0,False,11.736557006835938
/agv2/capability_report,1788412785.5365143,1788412785.5298772,2,389799,0.08,0.08,1.0,1.0,2.0,2.0,1.0,0,False,11.612454414367676
/agv1/capability_report,1788412785.5388017,1788412785.5386188,1,390248,0.08,0.08,1.0,1.0,2.0,2.0,1.0,0,False,11.257875442504883
/agv3/capability_report,1788412785.5463018,1788412785.5417728,3,388914,0.08,0.08,1.0,1.0,2.0,2.0,1.0,0,False,11.736557006835938
/agv1/capability_report,1788412785.546641,1788412785.5465648,1,390249,0.08,0.08,1.0,1.0,2.0,2.0,1.0,0,False,11.257875442504883
/agv2/capability_report,1788412785.5491216,1788412785.541923,2,389800,0.08,0.08,1.0,1.0,2.0,2.0,1.0,0,False,11.612454414367676
/agv3/capability_report,1788412785.5543368,1788412785.5497663,3,388915,0.08,0.08,1.0,1.0,2.0,2.0,1.0,0,False,11.736557006835938
/agv2/capability_report,1788412785.5564523,1788412785.5498857,2,389801,0.08,0.08,1.0,1.0,2.0,2.0,1.0,0,False,11.612454414367676
/agv1/capability_report,1788412785.5587716,1788412785.5586114,1,390250,0.08,0.08,1.0,1.0,2.0,2.0,1.0,0,False,11.257875442504883
/agv3/capability_report,1788412785.5663311,1788412785.5617728,3,388916,0.08,0.08,1.0,1.0,2.0,2.0,1.0,0,False,11.736557006835938
/agv1/capability_report,1788412785.5666058,1788412785.5665588,1,390251,0.08,0.08,1.0,1.0,2.0,2.0,1.0,0,False,11.257875442504883
/agv2/capability_report,1788412785.5672057,1788412785.5618765,2,389802,0.08,0.08,1.0,1.0,2.0,2.0,1.0,0,False,11.612454414367676
/agv3/capability_report,1788412785.5743008,1788412785.5697882,3,388917,0.08,0.08,1.0,1.0,2.0,2.0,1.0,0,False,11.736557006835938
/agv2/capability_report,1788412785.5754933,1788412785.569872,2,389803,0.08,0.08,1.0,1.0,2.0,2.0,1.0,0,False,11.612454414367676
/agv1/capability_report,1788412785.5788224,1788412785.578619,1,390252,0.08,0.08,1.0,1.0,2.0,2.0,1.0,0,False,11.257875442504883
/agv3/capability_report,1788412785.5863376,1788412785.581796,3,388918,0.08,0.08,1.0,1.0,2.0,2.0,1.0,0,False,11.736557006835938
/agv1/capability_report,1788412785.586683,1788412785.5866027,1,390253,0.08,0.08,1.0,1.0,2.0,2.0,1.0,0,False,11.293333053588867
/agv2/capability_report,1788412785.5874836,1788412785.5818787,2,389804,0.08,0.08,1.0,1.0,2.0,2.0,1.0,0,False,11.612454414367676
/agv2/capability_report,1788412785.5955997,1788412785.58988,2,389805,0.08,0.08,1.0,1.0,2.0,2.0,1.0,0,False,11.612454414367676
/agv3/capability_report,1788412785.5956578,1788412785.5898092,3,388919,0.08,0.08,1.0,1.0,2.0,2.0,1.0,0,False,11.736557006835938
/agv1/capability_report,1788412785.598847,1788412785.5987046,1,390254,0.08,0.08,1.0,1.0,2.0,2.0,1.0,0,False,11.293333053588867
/agv3/capability_report,1788412785.6063871,1788412785.6017835,3,388920,0.08,0.08,1.0,1.0,2.0,2.0,1.0,0,False,11.736557006835938
/agv1/capability_report,1788412785.6066427,1788412785.6065717,1,390255,0.08,0.08,1.0,1.0,2.0,2.0,1.0,0,False,11.293333053588867
/agv2/capability_report,1788412785.607258,1788412785.601877,2,389806,0.08,0.08,1.0,1.0,2.0,2.0,1.0,0,False,11.612454414367676
/agv3/capability_report,1788412785.6144297,1788412785.6097624,3,388921,0.08,0.08,1.0,1.0,2.0,2.0,1.0,0,False,11.736557006835938
/agv2/capability_report,1788412785.6160457,1788412785.6098747,2,389807,0.08,0.08,1.0,1.0,2.0,2.0,1.0,0,False,11.612454414367676
/agv1/capability_report,1788412785.6188774,1788412785.6187227,1,390256,0.08,0.08,1.0,1.0,2.0,2.0,1.0,0,False,11.293333053588867
/agv3/capability_report,1788412785.6264353,1788412785.6218019,3,388922,0.08,0.08,1.0,1.0,2.0,2.0,1.0,0,False,11.736557006835938
/agv1/capability_report,1788412785.6266916,1788412785.6265776,1,390257,0.08,0.08,1.0,1.0,2.0,2.0,1.0,0,False,11.293333053588867
/agv2/capability_report,1788412785.6322708,1788412785.621889,2,389808,0.08,0.08,1.0,1.0,2.0,2.0,1.0,0,False,11.612454414367676
/agv3/capability_report,1788412785.6346781,1788412785.6297762,3,388923,0.08,0.08,1.0,1.0,2.0,2.0,1.0,0,False,11.69223403930664
/agv1/capability_report,1788412785.6387115,1788412785.6386163,1,390258,0.08,0.08,1.0,1.0,2.0,2.0,1.0,0,False,11.293333053588867
/agv2/capability_report,1788412785.639168,1788412785.6299114,2,389809,0.08,0.08,1.0,1.0,2.0,2.0,1.0,0,False,11.612454414367676
/agv3/capability_report,1788412785.6464064,1788412785.6417801,3,388924,0.08,0.08,1.0,1.0,2.0,2.0,1.0,0,False,11.69223403930664
/agv1/capability_report,1788412785.6466837,1788412785.6465619,1,390259,0.08,0.08,1.0,1.0,2.0,2.0,1.0,0,False,11.293333053588867
/agv2/capability_report,1788412785.64735,1788412785.6418707,2,389810,0.08,0.08,1.0,1.0,2.0,2.0,1.0,0,False,11.612454414367676
/agv3/capability_report,1788412785.6545804,1788412785.6497746,3,388925,0.08,0.08,1.0,1.0,2.0,2.0,1.0,0,False,11.69223403930664
/agv2/capability_report,1788412785.6555989,1788412785.649873,2,389811,0.08,0.08,1.0,1.0,2.0,2.0,1.0,0,False,11.612454414367676
/agv1/capability_report,1788412785.6588,1788412785.6586106,1,390260,0.08,0.08,1.0,1.0,2.0,2.0,1.0,0,False,11.293333053588867
/agv1/capability_report,1788412785.666645,1788412785.6665597,1,390261,0.08,0.08,1.0,1.0,2.0,2.0,1.0,0,False,11.293333053588867
/agv2/capability_report,1788412785.6675491,1788412785.6618779,2,389812,0.08,0.08,1.0,1.0,2.0,2.0,1.0,0,False,11.612454414367676
/agv3/capability_report,1788412785.6675813,1788412785.6617782,3,388926,0.08,0.08,1.0,1.0,2.0,2.0,1.0,0,False,11.69223403930664
/agv3/capability_report,1788412785.6743944,1788412785.669801,3,388927,0.08,0.08,1.0,1.0,2.0,2.0,1.0,0,False,11.69223403930664
/agv2/capability_report,1788412785.6769936,1788412785.6698813,2,389813,0.08,0.08,1.0,1.0,2.0,2.0,1.0,0,False,11.674505233764648
/agv1/capability_report,1788412785.6787922,1788412785.6785936,1,390262,0.08,0.08,1.0,1.0,2.0,2.0,1.0,0,False,11.293333053588867
/agv1/capability_report,1788412785.6866117,1788412785.6865633,1,390263,0.08,0.08,1.0,1.0,2.0,2.0,1.0,0,False,11.293333053588867
/agv3/capability_report,1788412785.6870449,1788412785.6817958,3,388928,0.08,0.08,1.0,1.0,2.0,2.0,1.0,0,False,11.69223403930664
/agv2/capability_report,1788412785.6885717,1788412785.6818776,2,389814,0.08,0.08,1.0,1.0,2.0,2.0,1.0,0,False,11.674505233764648
/agv3/capability_report,1788412785.694513,1788412785.6898055,3,388929,0.08,0.08,1.0,1.0,2.0,2.0,1.0,0,False,11.69223403930664
/agv2/capability_report,1788412785.6956005,1788412785.6898806,2,389815,0.08,0.08,1.0,1.0,2.0,2.0,1.0,0,False,11.674505233764648
/agv1/capability_report,1788412785.6988223,1788412785.6985807,1,390264,0.08,0.08,1.0,1.0,2.0,2.0,1.0,0,False,11.293333053588867
/agv3/capability_report,1788412785.7063236,1788412785.7017827,3,388930,0.08,0.08,1.0,1.0,2.0,2.0,1.0,0,False,11.69223403930664
/agv1/capability_report,1788412785.706657,1788412785.706575,1,390265,0.08,0.08,1.0,1.0,2.0,2.0,1.0,0,False,11.293333053588867
/agv2/capability_report,1788412785.7074966,1788412785.701876,2,389816,0.08,0.08,1.0,1.0,2.0,2.0,1.0,0,False,11.674505233764648
/agv3/capability_report,1788412785.7142806,1788412785.709781,3,388931,0.08,0.08,1.0,1.0,2.0,2.0,1.0,0,False,11.69223403930664
/agv2/capability_report,1788412785.715274,1788412785.7098787,2,389817,0.08,0.08,1.0,1.0,2.0,2.0,1.0,0,False,11.674505233764648
/agv1/capability_report,1788412785.7186959,1788412785.7186084,1,390266,0.08,0.08,1.0,1.0,2.0,2.0,1.0,0,False,11.293333053588867
/agv3/capability_report,1788412785.7267132,1788412785.7218,3,388932,0.08,0.08,1.0,1.0,2.0,2.0,1.0,0,False,11.69223403930664
/agv1/capability_report,1788412785.7267272,1788412785.7265763,1,390267,0.08,0.08,1.0,1.0,2.0,2.0,1.0,0,False,11.293333053588867
/agv2/capability_report,1788412785.727433,1788412785.7218776,2,389818,0.08,0.08,1.0,1.0,2.0,2.0,1.0,0,False,11.674505233764648
/agv3/capability_report,1788412785.7347212,1788412785.7297757,3,388933,0.08,0.08,1.0,1.0,2.0,2.0,1.0,0,False,11.69223403930664
/agv2/capability_report,1788412785.7357519,1788412785.7298799,2,389819,0.08,0.08,1.0,1.0,2.0,2.0,1.0,0,False,11.674505233764648
/agv1/capability_report,1788412785.738737,1788412785.7386088,1,390268,0.08,0.08,1.0,1.0,2.0,2.0,1.0,0,False,11.293333053588867
/agv3/capability_report,1788412785.7462885,1788412785.7417831,3,388934,0.08,0.08,1.0,1.0,2.0,2.0,1.0,0,False,11.69223403930664
/agv1/capability_report,1788412785.7466235,1788412785.7465706,1,390269,0.08,0.08,1.0,1.0,2.0,2.0,1.0,0,False,11.213553428649902
/agv2/capability_report,1788412785.7473142,1788412785.7418814,2,389820,0.08,0.08,1.0,1.0,2.0,2.0,1.0,0,False,11.674505233764648
/agv3/capability_report,1788412785.754994,1788412785.7497833,3,388935,0.08,0.08,1.0,1.0,2.0,2.0,1.0,0,False,11.69223403930664
/agv2/capability_report,1788412785.7564957,1788412785.7498503,2,389821,0.08,0.08,1.0,1.0,2.0,2.0,1.0,0,False,11.674505233764648
/agv1/capability_report,1788412785.7588668,1788412785.75873,1,390270,0.08,0.08,1.0,1.0,2.0,2.0,1.0,0,False,11.213553428649902
/agv3/capability_report,1788412785.7663968,1788412785.7617888,3,388936,0.08,0.08,1.0,1.0,2.0,2.0,1.0,0,False,11.69223403930664
/agv1/capability_report,1788412785.7666757,1788412785.7665637,1,390271,0.08,0.08,1.0,1.0,2.0,2.0,1.0,0,False,11.213553428649902
/agv2/capability_report,1788412785.766872,1788412785.7618756,2,389822,0.08,0.08,1.0,1.0,2.0,2.0,1.0,0,False,11.674505233764648
/agv3/capability_report,1788412785.7744582,1788412785.7697763,3,388937,0.08,0.08,1.0,1.0,2.0,2.0,1.0,0,False,11.69223403930664
/agv2/capability_report,1788412785.7769325,1788412785.7698836,2,389823,0.08,0.08,1.0,1.0,2.0,2.0,1.0,0,False,11.674505233764648
/agv1/capability_report,1788412785.778765,1788412785.778604,1,390272,0.08,0.08,1.0,1.0,2.0,2.0,1.0,0,False,11.213553428649902
/agv1/capability_report,1788412785.786648,1788412785.786559,1,390273,0.08,0.08,1.0,1.0,2.0,2.0,1.0,0,False,11.213553428649902
/agv3/capability_report,1788412785.7868042,1788412785.7818081,3,388938,0.08,0.08,1.0,1.0,2.0,2.0,1.0,0,False,11.69223403930664
/agv2/capability_report,1788412785.7887294,1788412785.7817464,2,389824,0.08,0.08,1.0,1.0,2.0,2.0,1.0,0,False,11.674505233764648
/agv3/capability_report,1788412785.7957566,1788412785.7897992,3,388939,0.08,0.08,1.0,1.0,2.0,2.0,1.0,0,False,11.64791202545166
/agv2/capability_report,1788412785.7982779,1788412785.7898722,2,389825,0.08,0.08,1.0,1.0,2.0,2.0,1.0,0,False,11.674505233764648
/agv1/capability_report,1788412785.79861,1788412785.7985582,1,390274,0.08,0.08,1.0,1.0,2.0,2.0,1.0,0,False,11.213553428649902
/agv3/capability_report,1788412785.8063061,1788412785.8017728,3,388940,0.08,0.08,1.0,1.0,2.0,2.0,1.0,0,False,11.64791202545166
/agv1/capability_report,1788412785.8065984,1788412785.8065588,1,390275,0.08,0.08,1.0,1.0,2.0,2.0,1.0,0,False,11.213553428649902
/agv2/capability_report,1788412785.806706,1788412785.8018703,2,389826,0.08,0.08,1.0,1.0,2.0,2.0,1.0,0,False,11.674505233764648
/agv3/capability_report,1788412785.8150957,1788412785.809778,3,388941,0.08,0.08,1.0,1.0,2.0,2.0,1.0,0,False,11.64791202545166
/agv2/capability_report,1788412785.8179662,1788412785.809865,2,389827,0.08,0.08,1.0,1.0,2.0,2.0,1.0,0,False,11.674505233764648
/agv1/capability_report,1788412785.8187616,1788412785.8186057,1,390276,0.08,0.08,1.0,1.0,2.0,2.0,1.0,0,False,11.213553428649902
/agv1/capability_report,1788412785.8266616,1788412785.8265588,1,390277,0.08,0.08,1.0,1.0,2.0,2.0,1.0,0,False,11.213553428649902
/agv2/capability_report,1788412785.827124,1788412785.8218791,2,389828,0.08,0.08,1.0,1.0,2.0,2.0,1.0,0,False,11.568131446838379
/agv3/capability_report,1788412785.8293946,1788412785.8218043,3,388942,0.08,0.08,1.0,1.0,2.0,2.0,1.0,0,False,11.64791202545166
/agv3/capability_report,1788412785.8343642,1788412785.8297799,3,388943,0.08,0.08,1.0,1.0,2.0,2.0,1.0,0,False,11.64791202545166
/agv2/capability_report,1788412785.8365698,1788412785.829837,2,389829,0.08,0.08,1.0,1.0,2.0,2.0,1.0,0,False,11.568131446838379
/agv1/capability_report,1788412785.8388352,1788412785.8386223,1,390278,0.08,0.08,1.0,1.0,2.0,2.0,1.0,0,False,11.213553428649902
/agv1/capability_report,1788412785.8467023,1788412785.8465605,1,390279,0.08,0.08,1.0,1.0,2.0,2.0,1.0,0,False,11.213553428649902
/agv2/capability_report,1788412785.8477008,1788412785.8418639,2,389830,0.08,0.08,1.0,1.0,2.0,2.0,1.0,0,False,11.568131446838379
/agv3/capability_report,1788412785.847722,1788412785.8417656,3,388944,0.08,0.08,1.0,1.0,2.0,2.0,1.0,0,False,11.64791202545166
/agv3/capability_report,1788412785.8552713,1788412785.8497655,3,388945,0.08,0.08,1.0,1.0,2.0,2.0,1.0,0,False,11.64791202545166
/agv2/capability_report,1788412785.8553047,1788412785.84987,2,389831,0.08,0.08,1.0,1.0,2.0,2.0,1.0,0,False,11.568131446838379
/agv1/capability_report,1788412785.8588219,1788412785.8585653,1,390280,0.08,0.08,1.0,1.0,2.0,2.0,1.0,0,False,11.213553428649902
/agv3/capability_report,1788412785.866401,1788412785.8617802,3,388946,0.08,0.08,1.0,1.0,2.0,2.0,1.0,0,False,11.64791202545166
/agv1/capability_report,1788412785.866714,1788412785.8665524,1,390281,0.08,0.08,1.0,1.0,2.0,2.0,1.0,0,False,11.213553428649902
/agv2/capability_report,1788412785.8675942,1788412785.861863,2,389832,0.08,0.08,1.0,1.0,2.0,2.0,1.0,0,False,11.568131446838379
/agv3/capability_report,1788412785.8745456,1788412785.8698094,3,388947,0.08,0.08,1.0,1.0,2.0,2.0,1.0,0,False,11.64791202545166
/agv2/capability_report,1788412785.8764813,1788412785.86988,2,389833,0.08,0.08,1.0,1.0,2.0,2.0,1.0,0,False,11.568131446838379
/agv1/capability_report,1788412785.8789046,1788412785.87861,1,390282,0.08,0.08,1.0,1.0,2.0,2.0,1.0,0,False,11.213553428649902
/agv3/capability_report,1788412785.8864188,1788412785.8817928,3,388948,0.08,0.08,1.0,1.0,2.0,2.0,1.0,0,False,11.64791202545166
/agv1/capability_report,1788412785.8866448,1788412785.8865552,1,390283,0.08,0.08,1.0,1.0,2.0,2.0,1.0,0,False,11.213553428649902
/agv2/capability_report,1788412785.8874254,1788412785.8818736,2,389834,0.08,0.08,1.0,1.0,2.0,2.0,1.0,0,False,11.568131446838379
/agv2/capability_report,1788412785.8962226,1788412785.889874,2,389835,0.08,0.08,1.0,1.0,2.0,2.0,1.0,0,False,11.568131446838379
/agv3/capability_report,1788412785.8981628,1788412785.8897552,3,388949,0.08,0.08,1.0,1.0,2.0,2.0,1.0,0,False,11.64791202545166
/agv1/capability_report,1788412785.8987067,1788412785.8986108,1,390284,0.08,0.08,1.0,1.0,2.0,2.0,1.0,0,False,11.213553428649902
/agv3/capability_report,1788412785.9062963,1788412785.9017835,3,388950,0.08,0.08,1.0,1.0,2.0,2.0,1.0,0,False,11.64791202545166
/agv1/capability_report,1788412785.9066029,1788412785.9065604,1,390285,0.08,0.08,1.0,1.0,2.0,2.0,1.0,0,False,11.186960220336914
/agv2/capability_report,1788412785.9094975,1788412785.901872,2,389836,0.08,0.08,1.0,1.0,2.0,2.0,1.0,0,False,11.568131446838379
/agv3/capability_report,1788412785.914578,1788412785.9097848,3,388951,0.08,0.08,1.0,1.0,2.0,2.0,1.0,0,False,11.64791202545166
/agv2/capability_report,1788412785.9158099,1788412785.9098704,2,389837,0.08,0.08,1.0,1.0,2.0,2.0,1.0,0,False,11.568131446838379
/agv1/capability_report,1788412785.9187145,1788412785.9186049,1,390286,0.08,0.08,1.0,1.0,2.0,2.0,1.0,0,False,11.186960220336914
/agv3/capability_report,1788412785.9264724,1788412785.9217854,3,388952,0.08,0.08,1.0,1.0,2.0,2.0,1.0,0,False,11.64791202545166
/agv1/capability_report,1788412785.9266052,1788412785.9265597,1,390287,0.08,0.08,1.0,1.0,2.0,2.0,1.0,0,False,11.186960220336914
/agv2/capability_report,1788412785.9272444,1788412785.9218738,2,389838,0.08,0.08,1.0,1.0,2.0,2.0,1.0,0,False,11.568131446838379
/agv3/capability_report,1788412785.934347,1788412785.9297762,3,388953,0.08,0.08,1.0,1.0,2.0,2.0,1.0,0,False,11.64791202545166
/agv2/capability_report,1788412785.9358606,1788412785.9298675,2,389839,0.08,0.08,1.0,1.0,2.0,2.0,1.0,0,False,11.568131446838379
/agv1/capability_report,1788412785.9387145,1788412785.9385948,1,390288,0.08,0.08,1.0,1.0,2.0,2.0,1.0,0,False,11.186960220336914
/agv3/capability_report,1788412785.9464564,1788412785.9418201,3,388954,0.08,0.08,1.0,1.0,2.0,2.0,1.0,0,False,11.64791202545166
/agv1/capability_report,1788412785.946676,1788412785.9465637,1,390289,0.08,0.08,1.0,1.0,2.0,2.0,1.0,0,False,11.186960220336914
/agv2/capability_report,1788412785.9470582,1788412785.941834,2,389840,0.08,0.08,1.0,1.0,2.0,2.0,1.0,0,False,11.568131446838379
/agv3/capability_report,1788412785.9551802,1788412785.9497669,3,388955,0.08,0.08,1.0,1.0,2.0,2.0,1.0,0,False,11.807472229003906
/agv2/capability_report,1788412785.9555037,1788412785.949896,2,389841,0.08,0.08,1.0,1.0,2.0,2.0,1.0,0,False,11.568131446838379
/agv1/capability_report,1788412785.9588752,1788412785.9586108,1,390290,0.08,0.08,1.0,1.0,2.0,2.0,1.0,0,False,11.186960220336914
/agv3/capability_report,1788412785.9664612,1788412785.9617877,3,388956,0.08,0.08,1.0,1.0,2.0,2.0,1.0,0,False,11.807472229003906
/agv1/capability_report,1788412785.9666173,1788412785.9665654,1,390291,0.08,0.08,1.0,1.0,2.0,2.0,1.0,0,False,11.186960220336914
/agv2/capability_report,1788412785.9670577,1788412785.9618392,2,389842,0.08,0.08,1.0,1.0,2.0,2.0,1.0,0,False,11.568131446838379
/agv3/capability_report,1788412785.9742877,1788412785.9697807,3,388957,0.08,0.08,1.0,1.0,2.0,2.0,1.0,0,False,11.807472229003906
/agv2/capability_report,1788412785.9775786,1788412785.9698691,2,389843,0.08,0.08,1.0,1.0,2.0,2.0,1.0,0,False,11.568131446838379
/agv1/capability_report,1788412785.978759,1788412785.9786115,1,390292,0.08,0.08,1.0,1.0,2.0,2.0,1.0,0,False,11.186960220336914
/agv1/capability_report,1788412785.9866252,1788412785.9865603,1,390293,0.08,0.08,1.0,1.0,2.0,2.0,1.0,0,False,11.186960220336914
/agv2/capability_report,1788412785.995147,1788412785.9817455,2,389844,0.08,0.08,1.0,1.0,2.0,2.0,1.0,0,False,11.701099395751953
/agv3/capability_report,1788412785.995252,1788412785.9818397,3,388958,0.08,0.08,1.0,1.0,2.0,2.0,1.0,0,False,11.807472229003906
/agv1/capability_report,1788412785.9988081,1788412785.998615,1,390294,0.08,0.08,1.0,1.0,2.0,2.0,1.0,0,False,11.186960220336914
/agv2/capability_report,1788412786.001142,1788412785.9898734,2,389845,0.08,0.08,1.0,1.0,2.0,2.0,1.0,0,False,11.701099395751953
/agv3/capability_report,1788412786.0021722,1788412785.9897153,3,388959,0.08,0.08,1.0,1.0,2.0,2.0,1.0,0,False,11.807472229003906
/agv3/capability_report,1788412786.0064683,1788412786.0017815,3,388960,0.08,0.08,1.0,1.0,2.0,2.0,1.0,0,False,11.807472229003906
/agv1/capability_report,1788412786.006646,1788412786.006557,1,390295,0.08,0.08,1.0,1.0,2.0,2.0,1.0,0,False,11.186960220336914
/agv2/capability_report,1788412786.0074406,1788412786.0018735,2,389846,0.08,0.08,1.0,1.0,2.0,2.0,1.0,0,False,11.701099395751953
/agv3/capability_report,1788412786.0144167,1788412786.009764,3,388961,0.08,0.08,1.0,1.0,2.0,2.0,1.0,0,False,11.807472229003906
/agv2/capability_report,1788412786.0175056,1788412786.0098727,2,389847,0.08,0.08,1.0,1.0,2.0,2.0,1.0,0,False,11.701099395751953
/agv1/capability_report,1788412786.0187457,1788412786.0185626,1,390296,0.08,0.08,1.0,1.0,2.0,2.0,1.0,0,False,11.186960220336914
/agv3/capability_report,1788412786.0263307,1788412786.021761,3,388962,0.08,0.08,1.0,1.0,2.0,2.0,1.0,0,False,11.807472229003906
/agv1/capability_report,1788412786.026768,1788412786.0265598,1,390297,0.08,0.08,1.0,1.0,2.0,2.0,1.0,0,False,11.186960220336914
/agv2/capability_report,1788412786.0274286,1788412786.0218768,2,389848,0.08,0.08,1.0,1.0,2.0,2.0,1.0,0,False,11.701099395751953
/agv3/capability_report,1788412786.034317,1788412786.0297697,3,388963,0.08,0.08,1.0,1.0,2.0,2.0,1.0,0,False,11.807472229003906
/agv2/capability_report,1788412786.0361853,1788412786.0298326,2,389849,0.08,0.08,1.0,1.0,2.0,2.0,1.0,0,False,11.701099395751953
/agv1/capability_report,1788412786.0387936,1788412786.0386128,1,390298,0.08,0.08,1.0,1.0,2.0,2.0,1.0,0,False,11.186960220336914
/agv3/capability_report,1788412786.0462878,1788412786.0417764,3,388964,0.08,0.08,1.0,1.0,2.0,2.0,1.0,0,False,11.807472229003906
/agv1/capability_report,1788412786.0466251,1788412786.0465567,1,390299,0.08,0.08,1.0,1.0,2.0,2.0,1.0,0,False,11.186960220336914
/agv2/capability_report,1788412786.0478983,1788412786.0418708,2,389850,0.08,0.08,1.0,1.0,2.0,2.0,1.0,0,False,11.701099395751953
/agv3/capability_report,1788412786.054305,1788412786.0497696,3,388965,0.08,0.08,1.0,1.0,2.0,2.0,1.0,0,False,11.807472229003906
/agv2/capability_report,1788412786.0567515,1788412786.0498729,2,389851,0.08,0.08,1.0,1.0,2.0,2.0,1.0,0,False,11.701099395751953
/agv1/capability_report,1788412786.058814,1788412786.0586095,1,390300,0.08,0.08,1.0,1.0,2.0,2.0,1.0,0,False,11.186960220336914
/agv3/capability_report,1788412786.0663302,1788412786.061792,3,388966,0.08,0.08,1.0,1.0,2.0,2.0,1.0,0,False,11.807472229003906
/agv1/capability_report,1788412786.066603,1788412786.0665565,1,390301,0.08,0.08,1.0,1.0,2.0,2.0,1.0,0,False,11.222417831420898
/agv2/capability_report,1788412786.068293,1788412786.0618799,2,389852,0.08,0.08,1.0,1.0,2.0,2.0,1.0,0,False,11.701099395751953
/agv3/capability_report,1788412786.074301,1788412786.0697637,3,388967,0.08,0.08,1.0,1.0,2.0,2.0,1.0,0,False,11.807472229003906
/agv2/capability_report,1788412786.0751421,1788412786.06987,2,389853,0.08,0.08,1.0,1.0,2.0,2.0,1.0,0,False,11.701099395751953
/agv1/capability_report,1788412786.078702,1788412786.078589,1,390302,0.08,0.08,1.0,1.0,2.0,2.0,1.0,0,False,11.222417831420898
/agv3/capability_report,1788412786.0865302,1788412786.081771,3,388968,0.08,0.08,1.0,1.0,2.0,2.0,1.0,0,False,11.807472229003906
/agv1/capability_report,1788412786.0866401,1788412786.0865562,1,390303,0.08,0.08,1.0,1.0,2.0,2.0,1.0,0,False,11.222417831420898
/agv2/capability_report,1788412786.0869799,1788412786.0819147,2,389854,0.08,0.08,1.0,1.0,2.0,2.0,1.0,0,False,11.701099395751953
/agv3/capability_report,1788412786.0943315,1788412786.0897152,3,388969,0.08,0.08,1.0,1.0,2.0,2.0,1.0,0,False,11.807472229003906
/agv2/capability_report,1788412786.096271,1788412786.0898738,2,389855,0.08,0.08,1.0,1.0,2.0,2.0,1.0,0,False,11.701099395751953
/agv1/capability_report,1788412786.098745,1788412786.0986059,1,390304,0.08,0.08,1.0,1.0,2.0,2.0,1.0,0,False,11.222417831420898
/agv3/capability_report,1788412786.106206,1788412786.1017864,3,388970,0.08,0.08,1.0,1.0,2.0,2.0,1.0,0,False,11.807472229003906
/agv1/capability_report,1788412786.106629,1788412786.1065717,1,390305,0.08,0.08,1.0,1.0,2.0,2.0,1.0,0,False,11.222417831420898
/agv2/capability_report,1788412786.1083708,1788412786.1018734,2,389856,0.08,0.08,1.0,1.0,2.0,2.0,1.0,0,False,11.701099395751953
/agv3/capability_report,1788412786.11428,1788412786.1097877,3,388971,0.08,0.08,1.0,1.0,2.0,2.0,1.0,0,False,11.75428581237793
/agv2/capability_report,1788412786.115396,1788412786.1098592,2,389857,0.08,0.08,1.0,1.0,2.0,2.0,1.0,0,False,11.701099395751953
/agv1/capability_report,1788412786.1186914,1788412786.1186001,1,390306,0.08,0.08,1.0,1.0,2.0,2.0,1.0,0,False,11.222417831420898
/agv3/capability_report,1788412786.1265159,1788412786.1218035,3,388972,0.08,0.08,1.0,1.0,2.0,2.0,1.0,0,False,11.75428581237793
/agv1/capability_report,1788412786.126662,1788412786.1265705,1,390307,0.08,0.08,1.0,1.0,2.0,2.0,1.0,0,False,11.222417831420898
/agv2/capability_report,1788412786.1277578,1788412786.1218686,2,389858,0.08,0.08,1.0,1.0,2.0,2.0,1.0,0,False,11.701099395751953
/agv3/capability_report,1788412786.1343362,1788412786.1297765,3,388973,0.08,0.08,1.0,1.0,2.0,2.0,1.0,0,False,11.75428581237793
/agv2/capability_report,1788412786.1354685,1788412786.129929,2,389859,0.08,0.08,1.0,1.0,2.0,2.0,1.0,0,False,11.701099395751953
/agv1/capability_report,1788412786.1386602,1788412786.1385705,1,390308,0.08,0.08,1.0,1.0,2.0,2.0,1.0,0,False,11.222417831420898
/agv3/capability_report,1788412786.1462657,1788412786.1418028,3,388974,0.08,0.08,1.0,1.0,2.0,2.0,1.0,0,False,11.75428581237793
/agv1/capability_report,1788412786.146648,1788412786.146557,1,390309,0.08,0.08,1.0,1.0,2.0,2.0,1.0,0,False,11.222417831420898
/agv2/capability_report,1788412786.1473162,1788412786.1418824,2,389860,0.08,0.08,1.0,1.0,2.0,2.0,1.0,0,False,11.612454414367676
/agv3/capability_report,1788412786.1544085,1788412786.1498024,3,388975,0.08,0.08,1.0,1.0,2.0,2.0,1.0,0,False,11.75428581237793
/agv2/capability_report,1788412786.1558735,1788412786.1498744,2,389861,0.08,0.08,1.0,1.0,2.0,2.0,1.0,0,False,11.612454414367676
/agv1/capability_report,1788412786.1587412,1788412786.1585908,1,390310,0.08,0.08,1.0,1.0,2.0,2.0,1.0,0,False,11.222417831420898
/agv3/capability_report,1788412786.1664176,1788412786.1617846,3,388976,0.08,0.08,1.0,1.0,2.0,2.0,1.0,0,False,11.75428581237793
/agv1/capability_report,1788412786.1666572,1788412786.1665568,1,390311,0.08,0.08,1.0,1.0,2.0,2.0,1.0,0,False,11.222417831420898
/agv2/capability_report,1788412786.1668553,1788412786.1618695,2,389862,0.08,0.08,1.0,1.0,2.0,2.0,1.0,0,False,11.612454414367676
/agv3/capability_report,1788412786.1743224,1788412786.1697817,3,388977,0.08,0.08,1.0,1.0,2.0,2.0,1.0,0,False,11.75428581237793
/agv2/capability_report,1788412786.1755126,1788412786.1698802,2,389863,0.08,0.08,1.0,1.0,2.0,2.0,1.0,0,False,11.612454414367676
/agv1/capability_report,1788412786.1787949,1788412786.1785936,1,390312,0.08,0.08,1.0,1.0,2.0,2.0,1.0,0,False,11.222417831420898
/agv1/capability_report,1788412786.1868193,1788412786.1865647,1,390313,0.08,0.08,1.0,1.0,2.0,2.0,1.0,0,False,11.222417831420898
/agv2/capability_report,1788412786.1879396,1788412786.1818776,2,389864,0.08,0.08,1.0,1.0,2.0,2.0,1.0,0,False,11.612454414367676
/agv3/capability_report,1788412786.1879451,1788412786.1818066,3,388978,0.08,0.08,1.0,1.0,2.0,2.0,1.0,0,False,11.75428581237793
/agv3/capability_report,1788412786.194443,1788412786.1898224,3,388979,0.08,0.08,1.0,1.0,2.0,2.0,1.0,0,False,11.75428581237793
/agv2/capability_report,1788412786.195954,1788412786.189873,2,389865,0.08,0.08,1.0,1.0,2.0,2.0,1.0,0,False,11.612454414367676
/agv1/capability_report,1788412786.1987982,1788412786.1985912,1,390314,0.08,0.08,1.0,1.0,2.0,2.0,1.0,0,False,11.222417831420898
/agv3/capability_report,1788412786.2064478,1788412786.201772,3,388980,0.08,0.08,1.0,1.0,2.0,2.0,1.0,0,False,11.75428581237793
/agv1/capability_report,1788412786.206659,1788412786.206558,1,390315,0.08,0.08,1.0,1.0,2.0,2.0,1.0,0,False,11.222417831420898
/agv2/capability_report,1788412786.2079391,1788412786.20187,2,389866,0.08,0.08,1.0,1.0,2.0,2.0,1.0,0,False,11.612454414367676
/agv3/capability_report,1788412786.2143478,1788412786.2097728,3,388981,0.08,0.08,1.0,1.0,2.0,2.0,1.0,0,False,11.75428581237793
/agv2/capability_report,1788412786.2154462,1788412786.2098832,2,389867,0.08,0.08,1.0,1.0,2.0,2.0,1.0,0,False,11.612454414367676
/agv1/capability_report,1788412786.218835,1788412786.218595,1,390316,0.08,0.08,1.0,1.0,2.0,2.0,1.0,0,False,11.222417831420898
/agv3/capability_report,1788412786.226391,1788412786.2217817,3,388982,0.08,0.08,1.0,1.0,2.0,2.0,1.0,0,False,11.75428581237793
/agv1/capability_report,1788412786.226669,1788412786.226565,1,390317,0.08,0.08,1.0,1.0,2.0,2.0,1.0,0,False,10.779193878173828
/agv2/capability_report,1788412786.227261,1788412786.221871,2,389868,0.08,0.08,1.0,1.0,2.0,2.0,1.0,0,False,11.612454414367676
/agv3/capability_report,1788412786.2344704,1788412786.2297773,3,388983,0.08,0.08,1.0,1.0,2.0,2.0,1.0,0,False,11.75428581237793
/agv2/capability_report,1788412786.2351546,1788412786.2298765,2,389869,0.08,0.08,1.0,1.0,2.0,2.0,1.0,0,False,11.612454414367676
/agv1/capability_report,1788412786.2387364,1788412786.2386022,1,390318,0.08,0.08,1.0,1.0,2.0,2.0,1.0,0,False,10.779193878173828
/agv3/capability_report,1788412786.2462332,1788412786.241782,3,388984,0.08,0.08,1.0,1.0,2.0,2.0,1.0,0,False,11.75428581237793
/agv1/capability_report,1788412786.2467248,1788412786.246568,1,390319,0.08,0.08,1.0,1.0,2.0,2.0,1.0,0,False,10.779193878173828
/agv2/capability_report,1788412786.2478082,1788412786.241869,2,389870,0.08,0.08,1.0,1.0,2.0,2.0,1.0,0,False,11.612454414367676
/agv3/capability_report,1788412786.2543967,1788412786.2497609,3,388985,0.08,0.08,1.0,1.0,2.0,2.0,1.0,0,False,11.75428581237793
/agv2/capability_report,1788412786.255147,1788412786.2498763,2,389871,0.08,0.08,1.0,1.0,2.0,2.0,1.0,0,False,11.612454414367676
/agv1/capability_report,1788412786.2587955,1788412786.2585921,1,390320,0.08,0.08,1.0,1.0,2.0,2.0,1.0,0,False,10.779193878173828
/agv3/capability_report,1788412786.2663445,1788412786.261789,3,388986,0.08,0.08,1.0,1.0,2.0,2.0,1.0,0,False,11.825201034545898
/agv1/capability_report,1788412786.2666504,1788412786.2665522,1,390321,0.08,0.08,1.0,1.0,2.0,2.0,1.0,0,False,10.779193878173828
/agv2/capability_report,1788412786.2672231,1788412786.2618737,2,389872,0.08,0.08,1.0,1.0,2.0,2.0,1.0,0,False,11.612454414367676
/agv3/capability_report,1788412786.2743669,1788412786.2697656,3,388987,0.08,0.08,1.0,1.0,2.0,2.0,1.0,0,False,11.825201034545898
/agv2/capability_report,1788412786.2763531,1788412786.269873,2,389873,0.08,0.08,1.0,1.0,2.0,2.0,1.0,0,False,11.612454414367676
/agv1/capability_report,1788412786.2788026,1788412786.2786086,1,390322,0.08,0.08,1.0,1.0,2.0,2.0,1.0,0,False,10.779193878173828
/agv3/capability_report,1788412786.286312,1788412786.2818341,3,388988,0.08,0.08,1.0,1.0,2.0,2.0,1.0,0,False,11.825201034545898
/agv1/capability_report,1788412786.2866569,1788412786.286553,1,390323,0.08,0.08,1.0,1.0,2.0,2.0,1.0,0,False,10.779193878173828
/agv2/capability_report,1788412786.2880218,1788412786.2818744,2,389874,0.08,0.08,1.0,1.0,2.0,2.0,1.0,0,False,11.612454414367676
/agv3/capability_report,1788412786.2942655,1788412786.2897937,3,388989,0.08,0.08,1.0,1.0,2.0,2.0,1.0,0,False,11.825201034545898
/agv2/capability_report,1788412786.2967548,1788412786.2898657,2,389875,0.08,0.08,1.0,1.0,2.0,2.0,1.0,0,False,11.612454414367676
/agv1/capability_report,1788412786.2986908,1788412786.2985725,1,390324,0.08,0.08,1.0,1.0,2.0,2.0,1.0,0,False,10.779193878173828
/agv3/capability_report,1788412786.306317,1788412786.30178,3,388990,0.08,0.08,1.0,1.0,2.0,2.0,1.0,0,False,11.825201034545898
/agv1/capability_report,1788412786.3066585,1788412786.306575,1,390325,0.08,0.08,1.0,1.0,2.0,2.0,1.0,0,False,10.779193878173828
/agv2/capability_report,1788412786.3075912,1788412786.301877,2,389876,0.08,0.08,1.0,1.0,2.0,2.0,1.0,0,False,11.683369636535645
/agv3/capability_report,1788412786.3143892,1788412786.3097615,3,388991,0.08,0.08,1.0,1.0,2.0,2.0,1.0,0,False,11.825201034545898
/agv2/capability_report,1788412786.3153558,1788412786.309883,2,389877,0.08,0.08,1.0,1.0,2.0,2.0,1.0,0,False,11.683369636535645
/agv1/capability_report,1788412786.318715,1788412786.318598,1,390326,0.08,0.08,1.0,1.0,2.0,2.0,1.0,0,False,10.779193878173828
/agv3/capability_report,1788412786.3263848,1788412786.321784,3,388992,0.08,0.08,1.0,1.0,2.0,2.0,1.0,0,False,11.825201034545898
/agv1/capability_report,1788412786.326605,1788412786.326563,1,390327,0.08,0.08,1.0,1.0,2.0,2.0,1.0,0,False,10.779193878173828
/agv2/capability_report,1788412786.3270185,1788412786.3218675,2,389878,0.08,0.08,1.0,1.0,2.0,2.0,1.0,0,False,11.683369636535645
/agv3/capability_report,1788412786.3344467,1788412786.3297825,3,388993,0.08,0.08,1.0,1.0,2.0,2.0,1.0,0,False,11.825201034545898
/agv2/capability_report,1788412786.3356738,1788412786.3298764,2,389879,0.08,0.08,1.0,1.0,2.0,2.0,1.0,0,False,11.683369636535645
/agv1/capability_report,1788412786.3387203,1788412786.3386147,1,390328,0.08,0.08,1.0,1.0,2.0,2.0,1.0,0,False,10.779193878173828
/agv1/capability_report,1788412786.3466094,1788412786.3465567,1,390329,0.08,0.08,1.0,1.0,2.0,2.0,1.0,0,False,10.779193878173828
/agv3/capability_report,1788412786.346891,1788412786.341799,3,388994,0.08,0.08,1.0,1.0,2.0,2.0,1.0,0,False,11.825201034545898
/agv2/capability_report,1788412786.3489435,1788412786.3418703,2,389880,0.08,0.08,1.0,1.0,2.0,2.0,1.0,0,False,11.683369636535645
/agv3/capability_report,1788412786.354495,1788412786.3497982,3,388995,0.08,0.08,1.0,1.0,2.0,2.0,1.0,0,False,11.825201034545898
/agv2/capability_report,1788412786.3563025,1788412786.3498926,2,389881,0.08,0.08,1.0,1.0,2.0,2.0,1.0,0,False,11.683369636535645
/agv1/capability_report,1788412786.358718,1788412786.358592,1,390330,0.08,0.08,1.0,1.0,2.0,2.0,1.0,0,False,10.779193878173828
/agv3/capability_report,1788412786.3663263,1788412786.3617983,3,388996,0.08,0.08,1.0,1.0,2.0,2.0,1.0,0,False,11.825201034545898
/agv1/capability_report,1788412786.3666255,1788412786.366557,1,390331,0.08,0.08,1.0,1.0,2.0,2.0,1.0,0,False,10.779193878173828
/agv2/capability_report,1788412786.3678484,1788412786.3618696,2,389882,0.08,0.08,1.0,1.0,2.0,2.0,1.0,0,False,11.683369636535645
/agv3/capability_report,1788412786.374342,1788412786.3697937,3,388997,0.08,0.08,1.0,1.0,2.0,2.0,1.0,0,False,11.825201034545898
/agv2/capability_report,1788412786.375366,1788412786.3698814,2,389883,0.08,0.08,1.0,1.0,2.0,2.0,1.0,0,False,11.683369636535645
/agv1/capability_report,1788412786.378661,1788412786.378562,1,390332,0.08,0.08,1.0,1.0,2.0,2.0,1.0,0,False,10.779193878173828
/agv3/capability_report,1788412786.3863373,1788412786.3817852,3,388998,0.08,0.08,1.0,1.0,2.0,2.0,1.0,0,False,11.825201034545898
/agv1/capability_report,1788412786.386669,1788412786.3865569,1,390333,0.08,0.08,1.0,1.0,2.0,2.0,1.0,0,False,11.266739845275879
/agv2/capability_report,1788412786.3879967,1788412786.3818734,2,389884,0.08,0.08,1.0,1.0,2.0,2.0,1.0,0,False,11.683369636535645
/agv3/capability_report,1788412786.395431,1788412786.389799,3,388999,0.08,0.08,1.0,1.0,2.0,2.0,1.0,0,False,11.825201034545898
/agv2/capability_report,1788412786.3966744,1788412786.3898406,2,389885,0.08,0.08,1.0,1.0,2.0,2.0,1.0,0,False,11.683369636535645
/agv1/capability_report,1788412786.398747,1788412786.3985536,1,390334,0.08,0.08,1.0,1.0,2.0,2.0,1.0,0,False,11.266739845275879
/agv3/capability_report,1788412786.4062974,1788412786.4017825,3,389000,0.08,0.08,1.0,1.0,2.0,2.0,1.0,0,False,11.825201034545898
/agv1/capability_report,1788412786.406683,1788412786.4065573,1,390335,0.08,0.08,1.0,1.0,2.0,2.0,1.0,0,False,11.266739845275879
/agv2/capability_report,1788412786.407853,1788412786.4018695,2,389886,0.08,0.08,1.0,1.0,2.0,2.0,1.0,0,False,11.683369636535645
/agv3/capability_report,1788412786.4151933,1788412786.4098256,3,389001,0.08,0.08,1.0,1.0,2.0,2.0,1.0,0,False,11.825201034545898
/agv1/capability_report,1788412786.4186568,1788412786.4185572,1,390336,0.08,0.08,1.0,1.0,2.0,2.0,1.0,0,False,11.266739845275879
/agv3/capability_report,1788412786.4264295,1788412786.4217844,3,389002,0.08,0.08,1.0,1.0,2.0,2.0,1.0,0,False,11.736557006835938
/agv1/capability_report,1788412786.4265904,1788412786.426552,1,390337,0.08,0.08,1.0,1.0,2.0,2.0,1.0,0,False,11.266739845275879
/agv3/capability_report,1788412786.4372416,1788412786.4297688,3,389003,0.08,0.08,1.0,1.0,2.0,2.0,1.0,0,False,11.736557006835938
/agv1/capability_report,1788412786.4387915,1788412786.438592,1,390338,0.08,0.08,1.0,1.0,2.0,2.0,1.0,0,False,11.266739845275879
/agv3/capability_report,1788412786.4464018,1788412786.4417946,3,389004,0.08,0.08,1.0,1.0,2.0,2.0,1.0,0,False,11.736557006835938
/agv1/capability_report,1788412786.446674,1788412786.4465613,1,390339,0.08,0.08,1.0,1.0,2.0,2.0,1.0,0,False,11.266739845275879
/agv3/capability_report,1788412786.454979,1788412786.449775,3,389005,0.08,0.08,1.0,1.0,2.0,2.0,1.0,0,False,11.736557006835938
/agv1/capability_report,1788412786.4588084,1788412786.4585795,1,390340,0.08,0.08,1.0,1.0,2.0,2.0,1.0,0,False,11.266739845275879
/agv3/capability_report,1788412786.4663405,1788412786.4617772,3,389006,0.08,0.08,1.0,1.0,2.0,2.0,1.0,0,False,11.736557006835938
/agv1/capability_report,1788412786.4667273,1788412786.4665768,1,390341,0.08,0.08,1.0,1.0,2.0,2.0,1.0,0,False,11.266739845275879
/agv3/capability_report,1788412786.474287,1788412786.4697685,3,389007,0.08,0.08,1.0,1.0,2.0,2.0,1.0,0,False,11.736557006835938
/agv1/capability_report,1788412786.4787273,1788412786.478573,1,390342,0.08,0.08,1.0,1.0,2.0,2.0,1.0,0,False,11.266739845275879
/agv3/capability_report,1788412786.4862564,1788412786.4817803,3,389008,0.08,0.08,1.0,1.0,2.0,2.0,1.0,0,False,11.736557006835938
/agv1/capability_report,1788412786.4866586,1788412786.4865756,1,390343,0.08,0.08,1.0,1.0,2.0,2.0,1.0,0,False,11.266739845275879
/agv3/capability_report,1788412786.4942832,1788412786.4898012,3,389009,0.08,0.08,1.0,1.0,2.0,2.0,1.0,0,False,11.736557006835938
/agv1/capability_report,1788412786.4987967,1788412786.4986782,1,390344,0.08,0.08,1.0,1.0,2.0,2.0,1.0,0,False,11.266739845275879
/agv3/capability_report,1788412786.506259,1788412786.5018013,3,389010,0.08,0.08,1.0,1.0,2.0,2.0,1.0,0,False,11.736557006835938
/agv1/capability_report,1788412786.5067294,1788412786.5065727,1,390345,0.08,0.08,1.0,1.0,2.0,2.0,1.0,0,False,11.266739845275879
/agv3/capability_report,1788412786.514573,1788412786.5097756,3,389011,0.08,0.08,1.0,1.0,2.0,2.0,1.0,0,False,11.736557006835938
/agv1/capability_report,1788412786.5186634,1788412786.518571,1,390346,0.08,0.08,1.0,1.0,2.0,2.0,1.0,0,False,11.266739845275879
/agv3/capability_report,1788412786.526287,1788412786.521798,3,389012,0.08,0.08,1.0,1.0,2.0,2.0,1.0,0,False,11.736557006835938
/agv1/capability_report,1788412786.5266397,1788412786.5265663,1,390347,0.08,0.08,1.0,1.0,2.0,2.0,1.0,0,False,11.266739845275879
/agv3/capability_report,1788412786.534228,1788412786.529758,3,389013,0.08,0.08,1.0,1.0,2.0,2.0,1.0,0,False,11.736557006835938
/agv1/capability_report,1788412786.5386417,1788412786.538566,1,390348,0.08,0.08,1.0,1.0,2.0,2.0,1.0,0,False,11.266739845275879
/agv3/capability_report,1788412786.5462317,1788412786.541775,3,389014,0.08,0.08,1.0,1.0,2.0,2.0,1.0,0,False,11.736557006835938
/agv1/capability_report,1788412786.5466573,1788412786.5465636,1,390349,0.08,0.08,1.0,1.0,2.0,2.0,1.0,0,False,10.078901290893555
/agv3/capability_report,1788412786.555607,1788412786.5497792,3,389015,0.08,0.08,1.0,1.0,2.0,2.0,1.0,0,False,11.736557006835938
/agv1/capability_report,1788412786.5586488,1788412786.5585682,1,390350,0.08,0.08,1.0,1.0,2.0,2.0,1.0,0,False,10.078901290893555
/agv2/capability_report,1788412786.559825,1788412786.409841,2,389887,0.08,0.08,1.0,1.0,2.0,2.0,1.0,0,False,11.683369636535645
/agv2/capability_report,1788412786.5598292,1788412786.4218824,2,389888,0.08,0.08,1.0,1.0,2.0,2.0,1.0,0,False,11.683369636535645
/agv2/capability_report,1788412786.5598319,1788412786.42987,2,389889,0.08,0.08,1.0,1.0,2.0,2.0,1.0,0,False,11.683369636535645
/agv2/capability_report,1788412786.5598369,1788412786.4418855,2,389890,0.08,0.08,1.0,1.0,2.0,2.0,1.0,0,False,11.683369636535645
/agv2/capability_report,1788412786.55984,1788412786.4498754,2,389891,0.08,0.08,1.0,1.0,2.0,2.0,1.0,0,False,11.683369636535645
/agv2/capability_report,1788412786.5598419,1788412786.461873,2,389892,0.08,0.08,1.0,1.0,2.0,2.0,1.0,0,False,11.69223403930664
/agv2/capability_report,1788412786.5598643,1788412786.4698582,2,389893,0.08,0.08,1.0,1.0,2.0,2.0,1.0,0,False,11.69223403930664
/agv2/capability_report,1788412786.5598671,1788412786.4818728,2,389894,0.08,0.08,1.0,1.0,2.0,2.0,1.0,0,False,11.69223403930664
/agv2/capability_report,1788412786.5598695,1788412786.4898715,2,389895,0.08,0.08,1.0,1.0,2.0,2.0,1.0,0,False,11.69223403930664
/agv2/capability_report,1788412786.5598888,1788412786.501871,2,389896,0.08,0.08,1.0,1.0,2.0,2.0,1.0,0,False,11.69223403930664
/agv2/capability_report,1788412786.559892,1788412786.509874,2,389897,0.08,0.08,1.0,1.0,2.0,2.0,1.0,0,False,11.69223403930664
/agv2/capability_report,1788412786.5598948,1788412786.521873,2,389898,0.08,0.08,1.0,1.0,2.0,2.0,1.0,0,False,11.69223403930664
/agv2/capability_report,1788412786.559897,1788412786.5298638,2,389899,0.08,0.08,1.0,1.0,2.0,2.0,1.0,0,False,11.69223403930664
/agv2/capability_report,1788412786.55996,1788412786.5418723,2,389900,0.08,0.08,1.0,1.0,2.0,2.0,1.0,0,False,11.69223403930664
/agv2/capability_report,1788412786.5615938,1788412786.5498736,2,389901,0.08,0.08,1.0,1.0,2.0,2.0,1.0,0,False,11.69223403930664
/agv3/capability_report,1788412786.566568,1788412786.5617769,3,389016,0.08,0.08,1.0,1.0,2.0,2.0,1.0,0,False,11.736557006835938
/agv1/capability_report,1788412786.5667539,1788412786.5666354,1,390351,0.08,0.08,1.0,1.0,2.0,2.0,1.0,0,False,10.078901290893555
/agv3/capability_report,1788412786.5743353,1788412786.5697665,3,389017,0.08,0.08,1.0,1.0,2.0,2.0,1.0,0,False,11.736557006835938
/agv1/capability_report,1788412786.578727,1788412786.5786061,1,390352,0.08,0.08,1.0,1.0,2.0,2.0,1.0,0,False,10.078901290893555
/agv3/capability_report,1788412786.58631,1788412786.5817783,3,389018,0.08,0.08,1.0,1.0,2.0,2.0,1.0,0,False,11.772014617919922
/agv1/capability_report,1788412786.5867758,1788412786.5865958,1,390353,0.08,0.08,1.0,1.0,2.0,2.0,1.0,0,False,10.078901290893555
/agv3/capability_report,1788412786.596051,1788412786.5897896,3,389019,0.08,0.08,1.0,1.0,2.0,2.0,1.0,0,False,11.772014617919922
/agv1/capability_report,1788412786.598885,1788412786.5987487,1,390354,0.08,0.08,1.0,1.0,2.0,2.0,1.0,0,False,10.078901290893555
/agv3/capability_report,1788412786.6067438,1788412786.6017795,3,389020,0.08,0.08,1.0,1.0,2.0,2.0,1.0,0,False,11.772014617919922
/agv1/capability_report,1788412786.6067626,1788412786.6065915,1,390355,0.08,0.08,1.0,1.0,2.0,2.0,1.0,0,False,10.078901290893555
/agv3/capability_report,1788412786.6151617,1788412786.6097965,3,389021,0.08,0.08,1.0,1.0,2.0,2.0,1.0,0,False,11.772014617919922
/agv1/capability_report,1788412786.6188107,1788412786.6186054,1,390356,0.08,0.08,1.0,1.0,2.0,2.0,1.0,0,False,10.078901290893555
/agv3/capability_report,1788412786.6263742,1788412786.6217964,3,389022,0.08,0.08,1.0,1.0,2.0,2.0,1.0,0,False,11.772014617919922
/agv1/capability_report,1788412786.626829,1788412786.6265697,1,390357,0.08,0.08,1.0,1.0,2.0,2.0,1.0,0,False,10.078901290893555
/agv3/capability_report,1788412786.63476,1788412786.6297855,3,389023,0.08,0.08,1.0,1.0,2.0,2.0,1.0,0,False,11.772014617919922
/agv1/capability_report,1788412786.6388369,1788412786.6385977,1,390358,0.08,0.08,1.0,1.0,2.0,2.0,1.0,0,False,10.078901290893555
/agv1/capability_report,1788412786.6466336,1788412786.6465738,1,390359,0.08,0.08,1.0,1.0,2.0,2.0,1.0,0,False,10.078901290893555
/agv3/capability_report,1788412786.6478825,1788412786.641778,3,389024,0.08,0.08,1.0,1.0,2.0,2.0,1.0,0,False,11.772014617919922
/agv3/capability_report,1788412786.655765,1788412786.6497858,3,389025,0.08,0.08,1.0,1.0,2.0,2.0,1.0,0,False,11.772014617919922
/agv1/capability_report,1788412786.6586998,1788412786.6586063,1,390360,0.08,0.08,1.0,1.0,2.0,2.0,1.0,0,False,10.078901290893555
/agv3/capability_report,1788412786.6663854,1788412786.6617787,3,389026,0.08,0.08,1.0,1.0,2.0,2.0,1.0,0,False,11.772014617919922
/agv1/capability_report,1788412786.666635,1788412786.6665773,1,390361,0.08,0.08,1.0,1.0,2.0,2.0,1.0,0,False,10.078901290893555
/agv3/capability_report,1788412786.6746693,1788412786.669767,3,389027,0.08,0.08,1.0,1.0,2.0,2.0,1.0,0,False,11.772014617919922
/agv1/capability_report,1788412786.6787472,1788412786.678601,1,390362,0.08,0.08,1.0,1.0,2.0,2.0,1.0,0,False,10.078901290893555
/agv3/capability_report,1788412786.686614,1788412786.681765,3,389028,0.08,0.08,1.0,1.0,2.0,2.0,1.0,0,False,11.772014617919922
/agv1/capability_report,1788412786.6866493,1788412786.6865566,1,390363,0.08,0.08,1.0,1.0,2.0,2.0,1.0,0,False,10.078901290893555
/agv3/capability_report,1788412786.6943245,1788412786.689792,3,389029,0.08,0.08,1.0,1.0,2.0,2.0,1.0,0,False,11.772014617919922
/agv1/capability_report,1788412786.6988013,1788412786.6985939,1,390364,0.08,0.08,1.0,1.0,2.0,2.0,1.0,0,False,10.078901290893555
/agv1/capability_report,1788412786.706658,1788412786.7065635,1,390365,0.08,0.08,1.0,1.0,2.0,2.0,1.0,0,False,11.222417831420898
/agv3/capability_report,1788412786.7068408,1788412786.7017744,3,389030,0.08,0.08,1.0,1.0,2.0,2.0,1.0,0,False,11.772014617919922
/agv3/capability_report,1788412786.714439,1788412786.7097747,3,389031,0.08,0.08,1.0,1.0,2.0,2.0,1.0,0,False,11.772014617919922
/agv1/capability_report,1788412786.7188354,1788412786.7186112,1,390366,0.08,0.08,1.0,1.0,2.0,2.0,1.0,0,False,11.222417831420898
/agv2/capability_report,1788412786.7238464,1788412786.56188,2,389902,0.08,0.08,1.0,1.0,2.0,2.0,1.0,0,False,11.69223403930664
/agv2/capability_report,1788412786.7238522,1788412786.5698586,2,389903,0.08,0.08,1.0,1.0,2.0,2.0,1.0,0,False,11.69223403930664
/agv2/capability_report,1788412786.7238538,1788412786.5818732,2,389904,0.08,0.08,1.0,1.0,2.0,2.0,1.0,0,False,11.69223403930664
/agv2/capability_report,1788412786.723856,1788412786.5898864,2,389905,0.08,0.08,1.0,1.0,2.0,2.0,1.0,0,False,11.69223403930664
/agv2/capability_report,1788412786.723858,1788412786.6018732,2,389906,0.08,0.08,1.0,1.0,2.0,2.0,1.0,0,False,11.69223403930664
/agv2/capability_report,1788412786.7238598,1788412786.6098704,2,389907,0.08,0.08,1.0,1.0,2.0,2.0,1.0,0,False,11.69223403930664
/agv2/capability_report,1788412786.7238615,1788412786.6218736,2,389908,0.08,0.08,1.0,1.0,2.0,2.0,1.0,0,False,11.69223403930664
/agv2/capability_report,1788412786.7240164,1788412786.629842,2,389909,0.08,0.08,1.0,1.0,2.0,2.0,1.0,0,False,11.69223403930664
/agv2/capability_report,1788412786.7240202,1788412786.6418757,2,389910,0.08,0.08,1.0,1.0,2.0,2.0,1.0,0,False,11.69223403930664
/agv2/capability_report,1788412786.7240229,1788412786.6498702,2,389911,0.08,0.08,1.0,1.0,2.0,2.0,1.0,0,False,11.69223403930664
/agv2/capability_report,1788412786.7240262,1788412786.6618624,2,389912,0.08,0.08,1.0,1.0,2.0,2.0,1.0,0,False,11.69223403930664
/agv2/capability_report,1788412786.7240295,1788412786.6698675,2,389913,0.08,0.08,1.0,1.0,2.0,2.0,1.0,0,False,11.69223403930664
/agv2/capability_report,1788412786.7240403,1788412786.68188,2,389914,0.08,0.08,1.0,1.0,2.0,2.0,1.0,0,False,11.69223403930664
/agv2/capability_report,1788412786.7240453,1788412786.6898808,2,389915,0.08,0.08,1.0,1.0,2.0,2.0,1.0,0,False,11.69223403930664
/agv2/capability_report,1788412786.724053,1788412786.7018762,2,389916,0.08,0.08,1.0,1.0,2.0,2.0,1.0,0,False,11.69223403930664
/agv2/capability_report,1788412786.7240694,1788412786.7098713,2,389917,0.08,0.08,1.0,1.0,2.0,2.0,1.0,0,False,11.69223403930664
/agv1/capability_report,1788412786.7266655,1788412786.7265525,1,390367,0.08,0.08,1.0,1.0,2.0,2.0,1.0,0,False,11.222417831420898
/agv3/capability_report,1788412786.7276142,1788412786.721786,3,389032,0.08,0.08,1.0,1.0,2.0,2.0,1.0,0,False,11.772014617919922
/agv2/capability_report,1788412786.7286468,1788412786.7218237,2,389918,0.08,0.08,1.0,1.0,2.0,2.0,1.0,0,False,11.69223403930664
/agv3/capability_report,1788412786.7344968,1788412786.7297776,3,389033,0.08,0.08,1.0,1.0,2.0,2.0,1.0,0,False,11.772014617919922
/agv1/capability_report,1788412786.738691,1788412786.73857,1,390368,0.08,0.08,1.0,1.0,2.0,2.0,1.0,0,False,11.222417831420898
/agv3/capability_report,1788412786.7462885,1788412786.7417808,3,389034,0.08,0.08,1.0,1.0,2.0,2.0,1.0,0,False,11.727692604064941
/agv1/capability_report,1788412786.7466545,1788412786.7465622,1,390369,0.08,0.08,1.0,1.0,2.0,2.0,1.0,0,False,11.222417831420898
/agv3/capability_report,1788412786.7542922,1788412786.7497427,3,389035,0.08,0.08,1.0,1.0,2.0,2.0,1.0,0,False,11.727692604064941
/agv1/capability_report,1788412786.7587063,1788412786.7585716,1,390370,0.08,0.08,1.0,1.0,2.0,2.0,1.0,0,False,11.222417831420898
/agv3/capability_report,1788412786.7667727,1788412786.7617726,3,389036,0.08,0.08,1.0,1.0,2.0,2.0,1.0,0,False,11.727692604064941
/agv1/capability_report,1788412786.7668645,1788412786.7666092,1,390371,0.08,0.08,1.0,1.0,2.0,2.0,1.0,0,False,11.222417831420898
/agv3/capability_report,1788412786.7760158,1788412786.7697833,3,389037,0.08,0.08,1.0,1.0,2.0,2.0,1.0,0,False,11.727692604064941
/agv2/capability_report,1788412786.776039,1788412786.7298737,2,389919,0.08,0.08,1.0,1.0,2.0,2.0,1.0,0,False,11.69223403930664
/agv1/capability_report,1788412786.7787497,1788412786.7786164,1,390372,0.08,0.08,1.0,1.0,2.0,2.0,1.0,0,False,11.222417831420898
/agv2/capability_report,1788412786.780757,1788412786.7418797,2,389920,0.08,0.08,1.0,1.0,2.0,2.0,1.0,0,False,11.69223403930664
/agv2/capability_report,1788412786.7807686,1788412786.7498724,2,389921,0.08,0.08,1.0,1.0,2.0,2.0,1.0,0,False,11.69223403930664
/agv2/capability_report,1788412786.7807732,1788412786.761861,2,389922,0.08,0.08,1.0,1.0,2.0,2.0,1.0,0,False,11.69223403930664
/agv2/capability_report,1788412786.780776,1788412786.7698774,2,389923,0.08,0.08,1.0,1.0,2.0,2.0,1.0,0,False,11.69223403930664
/agv3/capability_report,1788412786.786303,1788412786.7817762,3,389038,0.08,0.08,1.0,1.0,2.0,2.0,1.0,0,False,11.727692604064941
/agv1/capability_report,1788412786.7867146,1788412786.786558,1,390373,0.08,0.08,1.0,1.0,2.0,2.0,1.0,0,False,11.222417831420898
/agv2/capability_report,1788412786.7873485,1788412786.7818747,2,389924,0.08,0.08,1.0,1.0,2.0,2.0,1.0,0,False,11.665640830993652
/agv3/capability_report,1788412786.794331,1788412786.7898116,3,389039,0.08,0.08,1.0,1.0,2.0,2.0,1.0,0,False,11.727692604064941
/agv2/capability_report,1788412786.7953486,1788412786.7898934,2,389925,0.08,0.08,1.0,1.0,2.0,2.0,1.0,0,False,11.665640830993652
/agv1/capability_report,1788412786.7987044,1788412786.798599,1,390374,0.08,0.08,1.0,1.0,2.0,2.0,1.0,0,False,11.222417831420898
/agv3/capability_report,1788412786.8063865,1788412786.8017735,3,389040,0.08,0.08,1.0,1.0,2.0,2.0,1.0,0,False,11.727692604064941
/agv1/capability_report,1788412786.8066523,1788412786.8065643,1,390375,0.08,0.08,1.0,1.0,2.0,2.0,1.0,0,False,11.222417831420898
/agv2/capability_report,1788412786.8083165,1788412786.801869,2,389926,0.08,0.08,1.0,1.0,2.0,2.0,1.0,0,False,11.665640830993652
/agv3/capability_report,1788412786.8146343,1788412786.8097818,3,389041,0.08,0.08,1.0,1.0,2.0,2.0,1.0,0,False,11.727692604064941
/agv2/capability_report,1788412786.8162942,1788412786.809875,2,389927,0.08,0.08,1.0,1.0,2.0,2.0,1.0,0,False,11.665640830993652
/agv1/capability_report,1788412786.818851,1788412786.818602,1,390376,0.08,0.08,1.0,1.0,2.0,2.0,1.0,0,False,11.222417831420898
/agv3/capability_report,1788412786.8264122,1788412786.8217945,3,389042,0.08,0.08,1.0,1.0,2.0,2.0,1.0,0,False,11.727692604064941
/agv1/capability_report,1788412786.8267112,1788412786.826567,1,390377,0.08,0.08,1.0,1.0,2.0,2.0,1.0,0,False,11.222417831420898
/agv2/capability_report,1788412786.8287394,1788412786.8218744,2,389928,0.08,0.08,1.0,1.0,2.0,2.0,1.0,0,False,11.665640830993652
/agv3/capability_report,1788412786.8352237,1788412786.8297603,3,389043,0.08,0.08,1.0,1.0,2.0,2.0,1.0,0,False,11.727692604064941
/agv2/capability_report,1788412786.835231,1788412786.8298724,2,389929,0.08,0.08,1.0,1.0,2.0,2.0,1.0,0,False,11.665640830993652
/agv1/capability_report,1788412786.8386467,1788412786.8385746,1,390378,0.08,0.08,1.0,1.0,2.0,2.0,1.0,0,False,11.222417831420898
/agv1/capability_report,1788412786.8466828,1788412786.8465667,1,390379,0.08,0.08,1.0,1.0,2.0,2.0,1.0,0,False,11.222417831420898
/agv2/capability_report,1788412786.8470874,1788412786.8418717,2,389930,0.08,0.08,1.0,1.0,2.0,2.0,1.0,0,False,11.665640830993652
/agv3/capability_report,1788412786.8492239,1788412786.8417804,3,389044,0.08,0.08,1.0,1.0,2.0,2.0,1.0,0,False,11.727692604064941
/agv3/capability_report,1788412786.8546581,1788412786.8497436,3,389045,0.08,0.08,1.0,1.0,2.0,2.0,1.0,0,False,11.727692604064941
/agv2/capability_report,1788412786.8555129,1788412786.8498747,2,389931,0.08,0.08,1.0,1.0,2.0,2.0,1.0,0,False,11.665640830993652
/agv1/capability_report,1788412786.8587708,1788412786.8586133,1,390380,0.08,0.08,1.0,1.0,2.0,2.0,1.0,0,False,11.222417831420898
/agv3/capability_report,1788412786.8663816,1788412786.861778,3,389046,0.08,0.08,1.0,1.0,2.0,2.0,1.0,0,False,11.727692604064941
/agv1/capability_report,1788412786.866665,1788412786.8665645,1,390381,0.08,0.08,1.0,1.0,2.0,2.0,1.0,0,False,11.257875442504883
/agv2/capability_report,1788412786.8719418,1788412786.861868,2,389932,0.08,0.08,1.0,1.0,2.0,2.0,1.0,0,False,11.665640830993652
/agv3/capability_report,1788412786.8743072,1788412786.8697882,3,389047,0.08,0.08,1.0,1.0,2.0,2.0,1.0,0,False,11.727692604064941
/agv2/capability_report,1788412786.876648,1788412786.8698885,2,389933,0.08,0.08,1.0,1.0,2.0,2.0,1.0,0,False,11.665640830993652
/agv1/capability_report,1788412786.878655,1788412786.878565,1,390382,0.08,0.08,1.0,1.0,2.0,2.0,1.0,0,False,11.257875442504883
/agv3/capability_report,1788412786.886343,1788412786.8818018,3,389048,0.08,0.08,1.0,1.0,2.0,2.0,1.0,0,False,11.727692604064941
/agv1/capability_report,1788412786.8865924,1788412786.886556,1,390383,0.08,0.08,1.0,1.0,2.0,2.0,1.0,0,False,11.257875442504883
/agv2/capability_report,1788412786.8868513,1788412786.8818433,2,389934,0.08,0.08,1.0,1.0,2.0,2.0,1.0,0,False,11.665640830993652
/agv3/capability_report,1788412786.894754,1788412786.8897972,3,389049,0.08,0.08,1.0,1.0,2.0,2.0,1.0,0,False,11.727692604064941
/agv2/capability_report,1788412786.8961701,1788412786.889872,2,389935,0.08,0.08,1.0,1.0,2.0,2.0,1.0,0,False,11.665640830993652
/agv1/capability_report,1788412786.898606,1788412786.8985565,1,390384,0.08,0.08,1.0,1.0,2.0,2.0,1.0,0,False,11.257875442504883
/agv1/capability_report,1788412786.906632,1788412786.9065766,1,390385,0.08,0.08,1.0,1.0,2.0,2.0,1.0,0,False,11.257875442504883
/agv2/capability_report,1788412786.908413,1788412786.9018745,2,389936,0.08,0.08,1.0,1.0,2.0,2.0,1.0,0,False,11.665640830993652
/agv3/capability_report,1788412786.911437,1788412786.901787,3,389050,0.08,0.08,1.0,1.0,2.0,2.0,1.0,0,False,11.665640830993652
/agv3/capability_report,1788412786.9152985,1788412786.9098053,3,389051,0.08,0.08,1.0,1.0,2.0,2.0,1.0,0,False,11.665640830993652
/agv2/capability_report,1788412786.9153142,1788412786.9098716,2,389937,0.08,0.08,1.0,1.0,2.0,2.0,1.0,0,False,11.665640830993652
/agv1/capability_report,1788412786.9188902,1788412786.9187415,1,390386,0.08,0.08,1.0,1.0,2.0,2.0,1.0,0,False,11.257875442504883
/agv1/capability_report,1788412786.9266713,1788412786.9265747,1,390387,0.08,0.08,1.0,1.0,2.0,2.0,1.0,0,False,11.257875442504883
/agv2/capability_report,1788412786.9275455,1788412786.9218726,2,389938,0.08,0.08,1.0,1.0,2.0,2.0,1.0,0,False,11.665640830993652
/agv3/capability_report,1788412786.9275901,1788412786.9217956,3,389052,0.08,0.08,1.0,1.0,2.0,2.0,1.0,0,False,11.665640830993652
/agv3/capability_report,1788412786.9351315,1788412786.9297733,3,389053,0.08,0.08,1.0,1.0,2.0,2.0,1.0,0,False,11.665640830993652
/agv2/capability_report,1788412786.93522,1788412786.929869,2,389939,0.08,0.08,1.0,1.0,2.0,2.0,1.0,0,False,11.665640830993652
/agv1/capability_report,1788412786.938835,1788412786.9387012,1,390388,0.08,0.08,1.0,1.0,2.0,2.0,1.0,0,False,11.257875442504883
/agv3/capability_report,1788412786.9462936,1788412786.9417868,3,389054,0.08,0.08,1.0,1.0,2.0,2.0,1.0,0,False,11.665640830993652
/agv1/capability_report,1788412786.9466674,1788412786.9465697,1,390389,0.08,0.08,1.0,1.0,2.0,2.0,1.0,0,False,11.257875442504883
/agv2/capability_report,1788412786.9480426,1788412786.9418695,2,389940,0.08,0.08,1.0,1.0,2.0,2.0,1.0,0,False,11.639047622680664
/agv3/capability_report,1788412786.954316,1788412786.9497893,3,389055,0.08,0.08,1.0,1.0,2.0,2.0,1.0,0,False,11.665640830993652
/agv2/capability_report,1788412786.9554706,1788412786.949874,2,389941,0.08,0.08,1.0,1.0,2.0,2.0,1.0,0,False,11.639047622680664
/agv1/capability_report,1788412786.9587305,1788412786.9585874,1,390390,0.08,0.08,1.0,1.0,2.0,2.0,1.0,0,False,11.257875442504883
/agv1/capability_report,1788412786.9666526,1788412786.9665866,1,390391,0.08,0.08,1.0,1.0,2.0,2.0,1.0,0,False,11.257875442504883
/agv2/capability_report,1788412786.9718518,1788412786.9618745,2,389942,0.08,0.08,1.0,1.0,2.0,2.0,1.0,0,False,11.639047622680664
/agv3/capability_report,1788412786.9719067,1788412786.9617622,3,389056,0.08,0.08,1.0,1.0,2.0,2.0,1.0,0,False,11.665640830993652
/agv3/capability_report,1788412786.974292,1788412786.9697595,3,389057,0.08,0.08,1.0,1.0,2.0,2.0,1.0,0,False,11.665640830993652
/agv2/capability_report,1788412786.975827,1788412786.9698749,2,389943,0.08,0.08,1.0,1.0,2.0,2.0,1.0,0,False,11.639047622680664
/agv1/capability_report,1788412786.9788084,1788412786.9786804,1,390392,0.08,0.08,1.0,1.0,2.0,2.0,1.0,0,False,11.257875442504883
/agv3/capability_report,1788412786.9863167,1788412786.9817808,3,389058,0.08,0.08,1.0,1.0,2.0,2.0,1.0,0,False,11.665640830993652
/agv1/capability_report,1788412786.9868276,1788412786.9865718,1,390393,0.08,0.08,1.0,1.0,2.0,2.0,1.0,0,False,11.257875442504883
/agv2/capability_report,1788412786.9880135,1788412786.9818819,2,389944,0.08,0.08,1.0,1.0,2.0,2.0,1.0,0,False,11.639047622680664
/agv3/capability_report,1788412786.994279,1788412786.9897933,3,389059,0.08,0.08,1.0,1.0,2.0,2.0,1.0,0,False,11.665640830993652
/agv2/capability_report,1788412786.9960954,1788412786.989865,2,389945,0.08,0.08,1.0,1.0,2.0,2.0,1.0,0,False,11.639047622680664
/agv1/capability_report,1788412786.9988513,1788412786.9986074,1,390394,0.08,0.08,1.0,1.0,2.0,2.0,1.0,0,False,11.257875442504883
/agv3/capability_report,1788412787.0062363,1788412787.0017838,3,389060,0.08,0.08,1.0,1.0,2.0,2.0,1.0,0,False,11.665640830993652
/agv1/capability_report,1788412787.006634,1788412787.0065763,1,390395,0.08,0.08,1.0,1.0,2.0,2.0,1.0,0,False,11.257875442504883
/agv2/capability_report,1788412787.0068448,1788412787.0018723,2,389946,0.08,0.08,1.0,1.0,2.0,2.0,1.0,0,False,11.639047622680664
/agv3/capability_report,1788412787.015539,1788412787.0097907,3,389061,0.08,0.08,1.0,1.0,2.0,2.0,1.0,0,False,11.665640830993652
/agv2/capability_report,1788412787.0155487,1788412787.009844,2,389947,0.08,0.08,1.0,1.0,2.0,2.0,1.0,0,False,11.639047622680664
/agv1/capability_report,1788412787.0186992,1788412787.0185766,1,390396,0.08,0.08,1.0,1.0,2.0,2.0,1.0,0,False,11.142637252807617
/agv3/capability_report,1788412787.02639,1788412787.0217936,3,389062,0.08,0.08,1.0,1.0,2.0,2.0,1.0,0,False,11.665640830993652
/agv1/capability_report,1788412787.0266988,1788412787.0265768,1,390397,0.08,0.08,1.0,1.0,2.0,2.0,1.0,0,False,11.142637252807617
/agv2/capability_report,1788412787.0282838,1788412787.0218832,2,389948,0.08,0.08,1.0,1.0,2.0,2.0,1.0,0,False,11.639047622680664
/agv3/capability_report,1788412787.0344217,1788412787.0297625,3,389063,0.08,0.08,1.0,1.0,2.0,2.0,1.0,0,False,11.665640830993652
/agv2/capability_report,1788412787.035735,1788412787.0298681,2,389949,0.08,0.08,1.0,1.0,2.0,2.0,1.0,0,False,11.639047622680664
/agv1/capability_report,1788412787.0387797,1788412787.038627,1,390398,0.08,0.08,1.0,1.0,2.0,2.0,1.0,0,False,11.142637252807617
/agv3/capability_report,1788412787.0462961,1788412787.0417726,3,389064,0.08,0.08,1.0,1.0,2.0,2.0,1.0,0,False,11.665640830993652
/agv1/capability_report,1788412787.0466747,1788412787.0465744,1,390399,0.08,0.08,1.0,1.0,2.0,2.0,1.0,0,False,11.142637252807617
/agv2/capability_report,1788412787.0468595,1788412787.0418832,2,389950,0.08,0.08,1.0,1.0,2.0,2.0,1.0,0,False,11.639047622680664
/agv3/capability_report,1788412787.0543945,1788412787.04975,3,389065,0.08,0.08,1.0,1.0,2.0,2.0,1.0,0,False,11.665640830993652
/agv2/capability_report,1788412787.0555463,1788412787.049868,2,389951,0.08,0.08,1.0,1.0,2.0,2.0,1.0,0,False,11.639047622680664
/agv1/capability_report,1788412787.0587904,1788412787.0586002,1,390400,0.08,0.08,1.0,1.0,2.0,2.0,1.0,0,False,11.142637252807617
/agv3/capability_report,1788412787.0663764,1788412787.0617788,3,389066,0.08,0.08,1.0,1.0,2.0,2.0,1.0,0,False,11.763150215148926
/agv1/capability_report,1788412787.066671,1788412787.066572,1,390401,0.08,0.08,1.0,1.0,2.0,2.0,1.0,0,False,11.142637252807617
/agv2/capability_report,1788412787.071883,1788412787.0618694,2,389952,0.08,0.08,1.0,1.0,2.0,2.0,1.0,0,False,11.639047622680664
/agv3/capability_report,1788412787.0744848,1788412787.0697696,3,389067,0.08,0.08,1.0,1.0,2.0,2.0,1.0,0,False,11.763150215148926
/agv2/capability_report,1788412787.0769475,1788412787.0698414,2,389953,0.08,0.08,1.0,1.0,2.0,2.0,1.0,0,False,11.639047622680664
/agv1/capability_report,1788412787.078825,1788412787.07861,1,390402,0.08,0.08,1.0,1.0,2.0,2.0,1.0,0,False,11.142637252807617
/agv3/capability_report,1788412787.0863729,1788412787.0818279,3,389068,0.08,0.08,1.0,1.0,2.0,2.0,1.0,0,False,11.763150215148926
/agv1/capability_report,1788412787.0867732,1788412787.0866194,1,390403,0.08,0.08,1.0,1.0,2.0,2.0,1.0,0,False,11.142637252807617
/agv2/capability_report,1788412787.0869246,1788412787.0818763,2,389954,0.08,0.08,1.0,1.0,2.0,2.0,1.0,0,False,11.639047622680664
/agv2/capability_report,1788412787.0966065,1788412787.0898845,2,389955,0.08,0.08,1.0,1.0,2.0,2.0,1.0,0,False,11.745421409606934
/agv3/capability_report,1788412787.097785,1788412787.089783,3,389069,0.08,0.08,1.0,1.0,2.0,2.0,1.0,0,False,11.763150215148926
/agv1/capability_report,1788412787.0988758,1788412787.0986974,1,390404,0.08,0.08,1.0,1.0,2.0,2.0,1.0,0,False,11.142637252807617
/agv1/capability_report,1788412787.1066775,1788412787.1065683,1,390405,0.08,0.08,1.0,1.0,2.0,2.0,1.0,0,False,11.142637252807617
/agv3/capability_report,1788412787.106781,1788412787.101782,3,389070,0.08,0.08,1.0,1.0,2.0,2.0,1.0,0,False,11.763150215148926
/agv2/capability_report,1788412787.1110182,1788412787.1018724,2,389956,0.08,0.08,1.0,1.0,2.0,2.0,1.0,0,False,11.745421409606934
/agv2/capability_report,1788412787.115581,1788412787.1098793,2,389957,0.08,0.08,1.0,1.0,2.0,2.0,1.0,0,False,11.745421409606934
/agv3/capability_report,1788412787.1155837,1788412787.1098032,3,389071,0.08,0.08,1.0,1.0,2.0,2.0,1.0,0,False,11.763150215148926
/agv1/capability_report,1788412787.118714,1788412787.1186175,1,390406,0.08,0.08,1.0,1.0,2.0,2.0,1.0,0,False,11.142637252807617
/agv1/capability_report,1788412787.1266782,1788412787.12656,1,390407,0.08,0.08,1.0,1.0,2.0,2.0,1.0,0,False,11.142637252807617
/agv3/capability_report,1788412787.1269236,1788412787.121798,3,389072,0.08,0.08,1.0,1.0,2.0,2.0,1.0,0,False,11.763150215148926
/agv2/capability_report,1788412787.1293294,1788412787.1218739,2,389958,0.08,0.08,1.0,1.0,2.0,2.0,1.0,0,False,11.745421409606934
/agv3/capability_report,1788412787.1350484,1788412787.1297693,3,389073,0.08,0.08,1.0,1.0,2.0,2.0,1.0,0,False,11.763150215148926
/agv2/capability_report,1788412787.135565,1788412787.129877,2,389959,0.08,0.08,1.0,1.0,2.0,2.0,1.0,0,False,11.745421409606934
/agv1/capability_report,1788412787.1388326,1788412787.138564,1,390408,0.08,0.08,1.0,1.0,2.0,2.0,1.0,0,False,11.142637252807617
/agv1/capability_report,1788412787.146617,1788412787.1465614,1,390409,0.08,0.08,1.0,1.0,2.0,2.0,1.0,0,False,11.142637252807617
/agv3/capability_report,1788412787.1468992,1788412787.141785,3,389074,0.08,0.08,1.0,1.0,2.0,2.0,1.0,0,False,11.763150215148926
/agv2/capability_report,1788412787.1471138,1788412787.141869,2,389960,0.08,0.08,1.0,1.0,2.0,2.0,1.0,0,False,11.745421409606934
/agv2/capability_report,1788412787.1564615,1788412787.149874,2,389961,0.08,0.08,1.0,1.0,2.0,2.0,1.0,0,False,11.745421409606934
/agv3/capability_report,1788412787.1564782,1788412787.1497743,3,389075,0.08,0.08,1.0,1.0,2.0,2.0,1.0,0,False,11.763150215148926
/agv1/capability_report,1788412787.1588852,1788412787.1586213,1,390410,0.08,0.08,1.0,1.0,2.0,2.0,1.0,0,False,11.142637252807617
/agv3/capability_report,1788412787.1666548,1788412787.1617846,3,389076,0.08,0.08,1.0,1.0,2.0,2.0,1.0,0,False,11.763150215148926
/agv1/capability_report,1788412787.166673,1788412787.1665707,1,390411,0.08,0.08,1.0,1.0,2.0,2.0,1.0,0,False,11.142637252807617
/agv2/capability_report,1788412787.1673849,1788412787.1618676,2,389962,0.08,0.08,1.0,1.0,2.0,2.0,1.0,0,False,11.745421409606934
/agv3/capability_report,1788412787.176658,1788412787.1697729,3,389077,0.08,0.08,1.0,1.0,2.0,2.0,1.0,0,False,11.763150215148926
/agv2/capability_report,1788412787.1785667,1788412787.1698754,2,389963,0.08,0.08,1.0,1.0,2.0,2.0,1.0,0,False,11.745421409606934
/agv1/capability_report,1788412787.1786544,1788412787.1785626,1,390412,0.08,0.08,1.0,1.0,2.0,2.0,1.0,0,False,11.222417831420898
/agv3/capability_report,1788412787.1862042,1788412787.1817355,3,389078,0.08,0.08,1.0,1.0,2.0,2.0,1.0,0,False,11.763150215148926
/agv1/capability_report,1788412787.1867087,1788412787.186558,1,390413,0.08,0.08,1.0,1.0,2.0,2.0,1.0,0,False,11.222417831420898
/agv2/capability_report,1788412787.1879706,1788412787.1818736,2,389964,0.08,0.08,1.0,1.0,2.0,2.0,1.0,0,False,11.745421409606934
/agv3/capability_report,1788412787.1953828,1788412787.1897902,3,389079,0.08,0.08,1.0,1.0,2.0,2.0,1.0,0,False,11.763150215148926
/agv2/capability_report,1788412787.1954947,1788412787.189872,2,389965,0.08,0.08,1.0,1.0,2.0,2.0,1.0,0,False,11.745421409606934
/agv1/capability_report,1788412787.198827,1788412787.1985912,1,390414,0.08,0.08,1.0,1.0,2.0,2.0,1.0,0,False,11.222417831420898
/agv1/capability_report,1788412787.2067316,1788412787.2066066,1,390415,0.08,0.08,1.0,1.0,2.0,2.0,1.0,0,False,11.222417831420898
/agv2/capability_report,1788412787.2068598,1788412787.2018769,2,389966,0.08,0.08,1.0,1.0,2.0,2.0,1.0,0,False,11.745421409606934
/agv3/capability_report,1788412787.2143478,1788412787.2017758,3,389080,0.08,0.08,1.0,1.0,2.0,2.0,1.0,0,False,11.763150215148926
/agv2/capability_report,1788412787.2155857,1788412787.2098758,2,389967,0.08,0.08,1.0,1.0,2.0,2.0,1.0,0,False,11.745421409606934
/agv3/capability_report,1788412787.2180216,1788412787.2097373,3,389081,0.08,0.08,1.0,1.0,2.0,2.0,1.0,0,False,11.763150215148926
/agv1/capability_report,1788412787.2188516,1788412787.2186081,1,390416,0.08,0.08,1.0,1.0,2.0,2.0,1.0,0,False,11.222417831420898
/agv1/capability_report,1788412787.2267354,1788412787.2265856,1,390417,0.08,0.08,1.0,1.0,2.0,2.0,1.0,0,False,11.222417831420898
/agv2/capability_report,1788412787.2291799,1788412787.2218707,2,389968,0.08,0.08,1.0,1.0,2.0,2.0,1.0,0,False,11.745421409606934
/agv3/capability_report,1788412787.2344868,1788412787.221805,3,389082,0.08,0.08,1.0,1.0,2.0,2.0,1.0,0,False,11.75428581237793
/agv2/capability_report,1788412787.235762,1788412787.2298799,2,389969,0.08,0.08,1.0,1.0,2.0,2.0,1.0,0,False,11.745421409606934
/agv1/capability_report,1788412787.2386396,1788412787.2385602,1,390418,0.08,0.08,1.0,1.0,2.0,2.0,1.0,0,False,11.222417831420898
/agv3/capability_report,1788412787.2428653,1788412787.2297873,3,389083,0.08,0.08,1.0,1.0,2.0,2.0,1.0,0,False,11.75428581237793
/agv1/capability_report,1788412787.2466135,1788412787.2465649,1,390419,0.08,0.08,1.0,1.0,2.0,2.0,1.0,0,False,11.222417831420898
/agv2/capability_report,1788412787.2475994,1788412787.2418911,2,389970,0.08,0.08,1.0,1.0,2.0,2.0,1.0,0,False,11.745421409606934
/agv3/capability_report,1788412787.2476134,1788412787.2417943,3,389084,0.08,0.08,1.0,1.0,2.0,2.0,1.0,0,False,11.75428581237793
/agv3/capability_report,1788412787.2547317,1788412787.249769,3,389085,0.08,0.08,1.0,1.0,2.0,2.0,1.0,0,False,11.75428581237793
/agv2/capability_report,1788412787.2562554,1788412787.249869,2,389971,0.08,0.08,1.0,1.0,2.0,2.0,1.0,0,False,11.612454414367676
/agv1/capability_report,1788412787.258715,1788412787.2586432,1,390420,0.08,0.08,1.0,1.0,2.0,2.0,1.0,0,False,11.222417831420898
/agv3/capability_report,1788412787.2664793,1788412787.261773,3,389086,0.08,0.08,1.0,1.0,2.0,2.0,1.0,0,False,11.75428581237793
/agv1/capability_report,1788412787.266732,1788412787.2665637,1,390421,0.08,0.08,1.0,1.0,2.0,2.0,1.0,0,False,11.222417831420898
/agv2/capability_report,1788412787.2682428,1788412787.2618709,2,389972,0.08,0.08,1.0,1.0,2.0,2.0,1.0,0,False,11.612454414367676
/agv3/capability_report,1788412787.2743566,1788412787.2697783,3,389087,0.08,0.08,1.0,1.0,2.0,2.0,1.0,0,False,11.75428581237793
/agv2/capability_report,1788412787.27538,1788412787.2698758,2,389973,0.08,0.08,1.0,1.0,2.0,2.0,1.0,0,False,11.612454414367676
/agv1/capability_report,1788412787.2787726,1788412787.2785928,1,390422,0.08,0.08,1.0,1.0,2.0,2.0,1.0,0,False,11.222417831420898
/agv3/capability_report,1788412787.2864866,1788412787.2817318,3,389088,0.08,0.08,1.0,1.0,2.0,2.0,1.0,0,False,11.75428581237793
/agv1/capability_report,1788412787.2867193,1788412787.286597,1,390423,0.08,0.08,1.0,1.0,2.0,2.0,1.0,0,False,11.222417831420898
/agv2/capability_report,1788412787.287168,1788412787.2818708,2,389974,0.08,0.08,1.0,1.0,2.0,2.0,1.0,0,False,11.612454414367676
/agv3/capability_report,1788412787.295962,1788412787.2897925,3,389089,0.08,0.08,1.0,1.0,2.0,2.0,1.0,0,False,11.75428581237793
/agv2/capability_report,1788412787.2959635,1788412787.2898722,2,389975,0.08,0.08,1.0,1.0,2.0,2.0,1.0,0,False,11.612454414367676
/agv1/capability_report,1788412787.29884,1788412787.298703,1,390424,0.08,0.08,1.0,1.0,2.0,2.0,1.0,0,False,11.222417831420898
/agv3/capability_report,1788412787.3062627,1788412787.3017793,3,389090,0.08,0.08,1.0,1.0,2.0,2.0,1.0,0,False,11.75428581237793
/agv1/capability_report,1788412787.3066437,1788412787.3065653,1,390425,0.08,0.08,1.0,1.0,2.0,2.0,1.0,0,False,11.222417831420898
/agv2/capability_report,1788412787.3069916,1788412787.301872,2,389976,0.08,0.08,1.0,1.0,2.0,2.0,1.0,0,False,11.612454414367676
/agv3/capability_report,1788412787.3143995,1788412787.3097634,3,389091,0.08,0.08,1.0,1.0,2.0,2.0,1.0,0,False,11.75428581237793
/agv2/capability_report,1788412787.315393,1788412787.3098598,2,389977,0.08,0.08,1.0,1.0,2.0,2.0,1.0,0,False,11.612454414367676
/agv1/capability_report,1788412787.3188212,1788412787.318574,1,390426,0.08,0.08,1.0,1.0,2.0,2.0,1.0,0,False,11.222417831420898
/agv3/capability_report,1788412787.3264039,1788412787.3217762,3,389092,0.08,0.08,1.0,1.0,2.0,2.0,1.0,0,False,11.75428581237793
/agv1/capability_report,1788412787.3266556,1788412787.3265698,1,390427,0.08,0.08,1.0,1.0,2.0,2.0,1.0,0,False,11.222417831420898
/agv2/capability_report,1788412787.3280354,1788412787.3218737,2,389978,0.08,0.08,1.0,1.0,2.0,2.0,1.0,0,False,11.612454414367676
/agv3/capability_report,1788412787.3343418,1788412787.3297772,3,389093,0.08,0.08,1.0,1.0,2.0,2.0,1.0,0,False,11.75428581237793
/agv2/capability_report,1788412787.336823,1788412787.3298829,2,389979,0.08,0.08,1.0,1.0,2.0,2.0,1.0,0,False,11.612454414367676
/agv1/capability_report,1788412787.3387861,1788412787.3386047,1,390428,0.08,0.08,1.0,1.0,2.0,2.0,1.0,0,False,10.894432067871094
/agv3/capability_report,1788412787.3462875,1788412787.3417966,3,389094,0.08,0.08,1.0,1.0,2.0,2.0,1.0,0,False,11.75428581237793
/agv1/capability_report,1788412787.3466904,1788412787.3465672,1,390429,0.08,0.08,1.0,1.0,2.0,2.0,1.0,0,False,10.894432067871094
/agv2/capability_report,1788412787.3474402,1788412787.3418705,2,389980,0.08,0.08,1.0,1.0,2.0,2.0,1.0,0,False,11.612454414367676
/agv3/capability_report,1788412787.3547099,1788412787.3497963,3,389095,0.08,0.08,1.0,1.0,2.0,2.0,1.0,0,False,11.75428581237793
/agv2/capability_report,1788412787.3556828,1788412787.3498778,2,389981,0.08,0.08,1.0,1.0,2.0,2.0,1.0,0,False,11.612454414367676
/agv1/capability_report,1788412787.3587193,1788412787.3585744,1,390430,0.08,0.08,1.0,1.0,2.0,2.0,1.0,0,False,10.894432067871094
/agv3/capability_report,1788412787.366336,1788412787.3617775,3,389096,0.08,0.08,1.0,1.0,2.0,2.0,1.0,0,False,11.75428581237793
/agv1/capability_report,1788412787.366748,1788412787.366618,1,390431,0.08,0.08,1.0,1.0,2.0,2.0,1.0,0,False,10.894432067871094
/agv2/capability_report,1788412787.3677888,1788412787.3618748,2,389982,0.08,0.08,1.0,1.0,2.0,2.0,1.0,0,False,11.612454414367676
/agv3/capability_report,1788412787.3747697,1788412787.3697634,3,389097,0.08,0.08,1.0,1.0,2.0,2.0,1.0,0,False,11.75428581237793
/agv2/capability_report,1788412787.3754272,1788412787.3698728,2,389983,0.08,0.08,1.0,1.0,2.0,2.0,1.0,0,False,11.612454414367676
/agv1/capability_report,1788412787.378967,1788412787.3786988,1,390432,0.08,0.08,1.0,1.0,2.0,2.0,1.0,0,False,10.894432067871094
/agv3/capability_report,1788412787.386232,1788412787.3817828,3,389098,0.08,0.08,1.0,1.0,2.0,2.0,1.0,0,False,11.683369636535645
/agv1/capability_report,1788412787.3866782,1788412787.386566,1,390433,0.08,0.08,1.0,1.0,2.0,2.0,1.0,0,False,10.894432067871094
/agv2/capability_report,1788412787.3875213,1788412787.3818808,2,389984,0.08,0.08,1.0,1.0,2.0,2.0,1.0,0,False,11.612454414367676
/agv3/capability_report,1788412787.3945127,1788412787.3897948,3,389099,0.08,0.08,1.0,1.0,2.0,2.0,1.0,0,False,11.683369636535645
/agv2/capability_report,1788412787.3955977,1788412787.38987,2,389985,0.08,0.08,1.0,1.0,2.0,2.0,1.0,0,False,11.612454414367676
/agv1/capability_report,1788412787.3988922,1788412787.3986642,1,390434,0.08,0.08,1.0,1.0,2.0,2.0,1.0,0,False,10.894432067871094
/agv3/capability_report,1788412787.4064355,1788412787.4017792,3,389100,0.08,0.08,1.0,1.0,2.0,2.0,1.0,0,False,11.683369636535645
/agv1/capability_report,1788412787.4067264,1788412787.4066215,1,390435,0.08,0.08,1.0,1.0,2.0,2.0,1.0,0,False,10.894432067871094
/agv2/capability_report,1788412787.4073179,1788412787.4018726,2,389986,0.08,0.08,1.0,1.0,2.0,2.0,1.0,0,False,11.612454414367676
/agv3/capability_report,1788412787.414358,1788412787.40978,3,389101,0.08,0.08,1.0,1.0,2.0,2.0,1.0,0,False,11.683369636535645
/agv2/capability_report,1788412787.4161093,1788412787.409879,2,389987,0.08,0.08,1.0,1.0,2.0,2.0,1.0,0,False,11.576996803283691
/agv1/capability_report,1788412787.4187622,1788412787.4186091,1,390436,0.08,0.08,1.0,1.0,2.0,2.0,1.0,0,False,10.894432067871094
/agv3/capability_report,1788412787.4263809,1788412787.4217954,3,389102,0.08,0.08,1.0,1.0,2.0,2.0,1.0,0,False,11.683369636535645
/agv1/capability_report,1788412787.4267101,1788412787.4265654,1,390437,0.08,0.08,1.0,1.0,2.0,2.0,1.0,0,False,10.894432067871094
/agv2/capability_report,1788412787.4278271,1788412787.4218354,2,389988,0.08,0.08,1.0,1.0,2.0,2.0,1.0,0,False,11.576996803283691
/agv3/capability_report,1788412787.4350827,1788412787.4297912,3,389103,0.08,0.08,1.0,1.0,2.0,2.0,1.0,0,False,11.683369636535645
/agv2/capability_report,1788412787.4351459,1788412787.4298496,2,389989,0.08,0.08,1.0,1.0,2.0,2.0,1.0,0,False,11.576996803283691
/agv1/capability_report,1788412787.438818,1788412787.4386804,1,390438,0.08,0.08,1.0,1.0,2.0,2.0,1.0,0,False,10.894432067871094
/agv3/capability_report,1788412787.4462488,1788412787.4417787,3,389104,0.08,0.08,1.0,1.0,2.0,2.0,1.0,0,False,11.683369636535645
/agv1/capability_report,1788412787.4466345,1788412787.4465725,1,390439,0.08,0.08,1.0,1.0,2.0,2.0,1.0,0,False,10.894432067871094
/agv2/capability_report,1788412787.4476333,1788412787.441875,2,389990,0.08,0.08,1.0,1.0,2.0,2.0,1.0,0,False,11.576996803283691
/agv3/capability_report,1788412787.4546762,1788412787.4497685,3,389105,0.08,0.08,1.0,1.0,2.0,2.0,1.0,0,False,11.683369636535645
/agv2/capability_report,1788412787.4570324,1788412787.4498706,2,389991,0.08,0.08,1.0,1.0,2.0,2.0,1.0,0,False,11.576996803283691
/agv1/capability_report,1788412787.4586432,1788412787.4585633,1,390440,0.08,0.08,1.0,1.0,2.0,2.0,1.0,0,False,10.894432067871094
/agv3/capability_report,1788412787.466512,1788412787.4617777,3,389106,0.08,0.08,1.0,1.0,2.0,2.0,1.0,0,False,11.683369636535645
/agv1/capability_report,1788412787.4666986,1788412787.4665577,1,390441,0.08,0.08,1.0,1.0,2.0,2.0,1.0,0,False,10.894432067871094
/agv2/capability_report,1788412787.466986,1788412787.461873,2,389992,0.08,0.08,1.0,1.0,2.0,2.0,1.0,0,False,11.576996803283691
/agv3/capability_report,1788412787.4745266,1788412787.4697747,3,389107,0.08,0.08,1.0,1.0,2.0,2.0,1.0,0,False,11.683369636535645
/agv2/capability_report,1788412787.47522,1788412787.4699168,2,389993,0.08,0.08,1.0,1.0,2.0,2.0,1.0,0,False,11.576996803283691
/agv1/capability_report,1788412787.478783,1788412787.4785821,1,390442,0.08,0.08,1.0,1.0,2.0,2.0,1.0,0,False,10.894432067871094
/agv3/capability_report,1788412787.486694,1788412787.4817345,3,389108,0.08,0.08,1.0,1.0,2.0,2.0,1.0,0,False,11.683369636535645
/agv1/capability_report,1788412787.48675,1788412787.4866104,1,390443,0.08,0.08,1.0,1.0,2.0,2.0,1.0,0,False,10.894432067871094
/agv2/capability_report,1788412787.4871874,1788412787.4818604,2,389994,0.08,0.08,1.0,1.0,2.0,2.0,1.0,0,False,11.576996803283691
/agv3/capability_report,1788412787.4948065,1788412787.489793,3,389109,0.08,0.08,1.0,1.0,2.0,2.0,1.0,0,False,11.683369636535645
/agv2/capability_report,1788412787.495934,1788412787.4898746,2,389995,0.08,0.08,1.0,1.0,2.0,2.0,1.0,0,False,11.576996803283691
/agv1/capability_report,1788412787.4987962,1788412787.4986079,1,390444,0.08,0.08,1.0,1.0,2.0,2.0,1.0,0,False,10.672820091247559
/agv3/capability_report,1788412787.5064905,1788412787.5017753,3,389110,0.08,0.08,1.0,1.0,2.0,2.0,1.0,0,False,11.683369636535645
/agv1/capability_report,1788412787.506729,1788412787.5065558,1,390445,0.08,0.08,1.0,1.0,2.0,2.0,1.0,0,False,10.672820091247559
/agv2/capability_report,1788412787.5089536,1788412787.5018737,2,389996,0.08,0.08,1.0,1.0,2.0,2.0,1.0,0,False,11.576996803283691
/agv3/capability_report,1788412787.5145495,1788412787.5097814,3,389111,0.08,0.08,1.0,1.0,2.0,2.0,1.0,0,False,11.683369636535645
/agv2/capability_report,1788412787.517904,1788412787.509871,2,389997,0.08,0.08,1.0,1.0,2.0,2.0,1.0,0,False,11.576996803283691
/agv1/capability_report,1788412787.5188377,1788412787.518616,1,390446,0.08,0.08,1.0,1.0,2.0,2.0,1.0,0,False,10.672820091247559
/agv3/capability_report,1788412787.5266392,1788412787.5217814,3,389112,0.08,0.08,1.0,1.0,2.0,2.0,1.0,0,False,11.683369636535645
/agv1/capability_report,1788412787.5266924,1788412787.5265524,1,390447,0.08,0.08,1.0,1.0,2.0,2.0,1.0,0,False,10.672820091247559
/agv2/capability_report,1788412787.5275252,1788412787.5218725,2,389998,0.08,0.08,1.0,1.0,2.0,2.0,1.0,0,False,11.576996803283691
/agv3/capability_report,1788412787.534395,1788412787.5297606,3,389113,0.08,0.08,1.0,1.0,2.0,2.0,1.0,0,False,11.683369636535645
/agv2/capability_report,1788412787.535789,1788412787.5298727,2,389999,0.08,0.08,1.0,1.0,2.0,2.0,1.0,0,False,11.576996803283691
/agv1/capability_report,1788412787.5388224,1788412787.538606,1,390448,0.08,0.08,1.0,1.0,2.0,2.0,1.0,0,False,10.672820091247559
/agv3/capability_report,1788412787.5467167,1788412787.5417762,3,389114,0.08,0.08,1.0,1.0,2.0,2.0,1.0,0,False,11.75428581237793
/agv1/capability_report,1788412787.5468247,1788412787.5465894,1,390449,0.08,0.08,1.0,1.0,2.0,2.0,1.0,0,False,10.672820091247559
/agv2/capability_report,1788412787.5480926,1788412787.5419176,2,390000,0.08,0.08,1.0,1.0,2.0,2.0,1.0,0,False,11.576996803283691
/agv3/capability_report,1788412787.5544715,1788412787.5497887,3,389115,0.08,0.08,1.0,1.0,2.0,2.0,1.0,0,False,11.75428581237793
/agv2/capability_report,1788412787.555273,1788412787.549915,2,390001,0.08,0.08,1.0,1.0,2.0,2.0,1.0,0,False,11.576996803283691
/agv1/capability_report,1788412787.5587003,1788412787.5585873,1,390450,0.08,0.08,1.0,1.0,2.0,2.0,1.0,0,False,10.672820091247559
/agv3/capability_report,1788412787.5664911,1788412787.5617843,3,389116,0.08,0.08,1.0,1.0,2.0,2.0,1.0,0,False,11.75428581237793
/agv1/capability_report,1788412787.5666103,1788412787.5665624,1,390451,0.08,0.08,1.0,1.0,2.0,2.0,1.0,0,False,10.672820091247559
/agv2/capability_report,1788412787.567382,1788412787.56187,2,390002,0.08,0.08,1.0,1.0,2.0,2.0,1.0,0,False,11.576996803283691
/agv3/capability_report,1788412787.5744073,1788412787.5697784,3,389117,0.08,0.08,1.0,1.0,2.0,2.0,1.0,0,False,11.75428581237793
/agv2/capability_report,1788412787.5758855,1788412787.5698838,2,390003,0.08,0.08,1.0,1.0,2.0,2.0,1.0,0,False,11.621318817138672
/agv1/capability_report,1788412787.5788615,1788412787.578613,1,390452,0.08,0.08,1.0,1.0,2.0,2.0,1.0,0,False,10.672820091247559
/agv3/capability_report,1788412787.5867019,1788412787.5817213,3,389118,0.08,0.08,1.0,1.0,2.0,2.0,1.0,0,False,11.75428581237793
/agv1/capability_report,1788412787.5867336,1788412787.5865543,1,390453,0.08,0.08,1.0,1.0,2.0,2.0,1.0,0,False,10.672820091247559
/agv2/capability_report,1788412787.5910134,1788412787.5818734,2,390004,0.08,0.08,1.0,1.0,2.0,2.0,1.0,0,False,11.621318817138672
/agv3/capability_report,1788412787.594443,1788412787.589797,3,389119,0.08,0.08,1.0,1.0,2.0,2.0,1.0,0,False,11.75428581237793
/agv2/capability_report,1788412787.5956705,1788412787.5898807,2,390005,0.08,0.08,1.0,1.0,2.0,2.0,1.0,0,False,11.621318817138672
/agv1/capability_report,1788412787.598751,1788412787.5986135,1,390454,0.08,0.08,1.0,1.0,2.0,2.0,1.0,0,False,10.672820091247559
/agv1/capability_report,1788412787.606717,1788412787.60656,1,390455,0.08,0.08,1.0,1.0,2.0,2.0,1.0,0,False,10.672820091247559
/agv3/capability_report,1788412787.6078198,1788412787.6017807,3,389120,0.08,0.08,1.0,1.0,2.0,2.0,1.0,0,False,11.75428581237793
/agv2/capability_report,1788412787.6087382,1788412787.6018755,2,390006,0.08,0.08,1.0,1.0,2.0,2.0,1.0,0,False,11.621318817138672
/agv3/capability_report,1788412787.6144009,1788412787.609802,3,389121,0.08,0.08,1.0,1.0,2.0,2.0,1.0,0,False,11.75428581237793
/agv2/capability_report,1788412787.6161616,1788412787.6099026,2,390007,0.08,0.08,1.0,1.0,2.0,2.0,1.0,0,False,11.621318817138672
/agv1/capability_report,1788412787.6188796,1788412787.6186113,1,390456,0.08,0.08,1.0,1.0,2.0,2.0,1.0,0,False,10.672820091247559
/agv1/capability_report,1788412787.626667,1788412787.6265647,1,390457,0.08,0.08,1.0,1.0,2.0,2.0,1.0,0,False,10.672820091247559
/agv3/capability_report,1788412787.6273386,1788412787.6217785,3,389122,0.08,0.08,1.0,1.0,2.0,2.0,1.0,0,False,11.75428581237793
/agv2/capability_report,1788412787.627375,1788412787.6218696,2,390008,0.08,0.08,1.0,1.0,2.0,2.0,1.0,0,False,11.621318817138672
/agv3/capability_report,1788412787.634553,1788412787.629761,3,389123,0.08,0.08,1.0,1.0,2.0,2.0,1.0,0,False,11.75428581237793
/agv2/capability_report,1788412787.6352646,1788412787.6298773,2,390009,0.08,0.08,1.0,1.0,2.0,2.0,1.0,0,False,11.621318817138672
/agv1/capability_report,1788412787.6386526,1788412787.63856,1,390458,0.08,0.08,1.0,1.0,2.0,2.0,1.0,0,False,10.672820091247559
/agv3/capability_report,1788412787.6463337,1788412787.6417744,3,389124,0.08,0.08,1.0,1.0,2.0,2.0,1.0,0,False,11.75428581237793
/agv1/capability_report,1788412787.6466599,1788412787.6465645,1,390459,0.08,0.08,1.0,1.0,2.0,2.0,1.0,0,False,10.672820091247559
/agv2/capability_report,1788412787.6473265,1788412787.6418722,2,390010,0.08,0.08,1.0,1.0,2.0,2.0,1.0,0,False,11.621318817138672
/agv3/capability_report,1788412787.6543958,1788412787.6497147,3,389125,0.08,0.08,1.0,1.0,2.0,2.0,1.0,0,False,11.75428581237793
/agv2/capability_report,1788412787.6554916,1788412787.6498685,2,390011,0.08,0.08,1.0,1.0,2.0,2.0,1.0,0,False,11.621318817138672
/agv1/capability_report,1788412787.6587903,1788412787.6586058,1,390460,0.08,0.08,1.0,1.0,2.0,2.0,1.0,0,False,10.75260066986084
/agv3/capability_report,1788412787.666281,1788412787.6617153,3,389126,0.08,0.08,1.0,1.0,2.0,2.0,1.0,0,False,11.75428581237793
/agv1/capability_report,1788412787.666659,1788412787.6665537,1,390461,0.08,0.08,1.0,1.0,2.0,2.0,1.0,0,False,10.75260066986084
/agv2/capability_report,1788412787.6673722,1788412787.6618726,2,390012,0.08,0.08,1.0,1.0,2.0,2.0,1.0,0,False,11.621318817138672
/agv3/capability_report,1788412787.6757126,1788412787.6697779,3,389127,0.08,0.08,1.0,1.0,2.0,2.0,1.0,0,False,11.75428581237793
/agv2/capability_report,1788412787.6758687,1788412787.669871,2,390013,0.08,0.08,1.0,1.0,2.0,2.0,1.0,0,False,11.621318817138672
/agv1/capability_report,1788412787.6788044,1788412787.678606,1,390462,0.08,0.08,1.0,1.0,2.0,2.0,1.0,0,False,10.75260066986084
/agv3/capability_report,1788412787.6864579,1788412787.6817389,3,389128,0.08,0.08,1.0,1.0,2.0,2.0,1.0,0,False,11.75428581237793
/agv1/capability_report,1788412787.68667,1788412787.6865516,1,390463,0.08,0.08,1.0,1.0,2.0,2.0,1.0,0,False,10.75260066986084
/agv2/capability_report,1788412787.6885397,1788412787.6818774,2,390014,0.08,0.08,1.0,1.0,2.0,2.0,1.0,0,False,11.621318817138672
/agv3/capability_report,1788412787.694566,1788412787.689762,3,389129,0.08,0.08,1.0,1.0,2.0,2.0,1.0,0,False,11.75428581237793
/agv2/capability_report,1788412787.695549,1788412787.6898766,2,390015,0.08,0.08,1.0,1.0,2.0,2.0,1.0,0,False,11.621318817138672
/agv1/capability_report,1788412787.6987424,1788412787.6986032,1,390464,0.08,0.08,1.0,1.0,2.0,2.0,1.0,0,False,10.75260066986084
/agv3/capability_report,1788412787.7062235,1788412787.7017877,3,389130,0.08,0.08,1.0,1.0,2.0,2.0,1.0,0,False,11.630183219909668
/agv1/capability_report,1788412787.706625,1788412787.7065628,1,390465,0.08,0.08,1.0,1.0,2.0,2.0,1.0,0,False,10.75260066986084
/agv2/capability_report,1788412787.7069638,1788412787.7018604,2,390016,0.08,0.08,1.0,1.0,2.0,2.0,1.0,0,False,11.621318817138672
/agv2/capability_report,1788412787.715439,1788412787.7098756,2,390017,0.08,0.08,1.0,1.0,2.0,2.0,1.0,0,False,11.621318817138672
/agv3/capability_report,1788412787.7156546,1788412787.7097654,3,389131,0.08,0.08,1.0,1.0,2.0,2.0,1.0,0,False,11.630183219909668
/agv1/capability_report,1788412787.7188401,1788412787.7185965,1,390466,0.08,0.08,1.0,1.0,2.0,2.0,1.0,0,False,10.75260066986084
/agv3/capability_report,1788412787.7264075,1788412787.721781,3,389132,0.08,0.08,1.0,1.0,2.0,2.0,1.0,0,False,11.630183219909668
/agv1/capability_report,1788412787.7266338,1788412787.726553,1,390467,0.08,0.08,1.0,1.0,2.0,2.0,1.0,0,False,10.75260066986084
/agv2/capability_report,1788412787.7295048,1788412787.7218642,2,390018,0.08,0.08,1.0,1.0,2.0,2.0,1.0,0,False,11.621318817138672
/agv3/capability_report,1788412787.7344477,1788412787.7297797,3,389133,0.08,0.08,1.0,1.0,2.0,2.0,1.0,0,False,11.630183219909668
/agv2/capability_report,1788412787.7359452,1788412787.7298687,2,390019,0.08,0.08,1.0,1.0,2.0,2.0,1.0,0,False,11.70996379852295
/agv1/capability_report,1788412787.738827,1788412787.7386017,1,390468,0.08,0.08,1.0,1.0,2.0,2.0,1.0,0,False,10.75260066986084
/agv3/capability_report,1788412787.746374,1788412787.741778,3,389134,0.08,0.08,1.0,1.0,2.0,2.0,1.0,0,False,11.630183219909668
/agv1/capability_report,1788412787.7466717,1788412787.7465723,1,390469,0.08,0.08,1.0,1.0,2.0,2.0,1.0,0,False,10.75260066986084
/agv2/capability_report,1788412787.7485864,1788412787.7418666,2,390020,0.08,0.08,1.0,1.0,2.0,2.0,1.0,0,False,11.70996379852295
/agv3/capability_report,1788412787.7542422,1788412787.7497146,3,389135,0.08,0.08,1.0,1.0,2.0,2.0,1.0,0,False,11.630183219909668
/agv2/capability_report,1788412787.7573833,1788412787.7498577,2,390021,0.08,0.08,1.0,1.0,2.0,2.0,1.0,0,False,11.70996379852295
/agv1/capability_report,1788412787.7586493,1788412787.7585592,1,390470,0.08,0.08,1.0,1.0,2.0,2.0,1.0,0,False,10.75260066986084
/agv1/capability_report,1788412787.766632,1788412787.7665544,1,390471,0.08,0.08,1.0,1.0,2.0,2.0,1.0,0,False,10.75260066986084
/agv3/capability_report,1788412787.7667704,1788412787.761715,3,389136,0.08,0.08,1.0,1.0,2.0,2.0,1.0,0,False,11.630183219909668
/agv2/capability_report,1788412787.7685275,1788412787.7618644,2,390022,0.08,0.08,1.0,1.0,2.0,2.0,1.0,0,False,11.70996379852295
/agv3/capability_report,1788412787.7743719,1788412787.7697914,3,389137,0.08,0.08,1.0,1.0,2.0,2.0,1.0,0,False,11.630183219909668
/agv2/capability_report,1788412787.77618,1788412787.7698739,2,390023,0.08,0.08,1.0,1.0,2.0,2.0,1.0,0,False,11.70996379852295
/agv1/capability_report,1788412787.7786555,1788412787.7785685,1,390472,0.08,0.08,1.0,1.0,2.0,2.0,1.0,0,False,10.75260066986084
/agv3/capability_report,1788412787.786329,1788412787.7818072,3,389138,0.08,0.08,1.0,1.0,2.0,2.0,1.0,0,False,11.630183219909668
/agv1/capability_report,1788412787.7866287,1788412787.7865603,1,390473,0.08,0.08,1.0,1.0,2.0,2.0,1.0,0,False,10.75260066986084
/agv2/capability_report,1788412787.7878199,1788412787.7818792,2,390024,0.08,0.08,1.0,1.0,2.0,2.0,1.0,0,False,11.70996379852295
/agv3/capability_report,1788412787.7942696,1788412787.7898,3,389139,0.08,0.08,1.0,1.0,2.0,2.0,1.0,0,False,11.630183219909668
/agv2/capability_report,1788412787.7952769,1788412787.7898757,2,390025,0.08,0.08,1.0,1.0,2.0,2.0,1.0,0,False,11.70996379852295
/agv1/capability_report,1788412787.7986572,1788412787.7985647,1,390474,0.08,0.08,1.0,1.0,2.0,2.0,1.0,0,False,10.75260066986084
/agv3/capability_report,1788412787.806745,1788412787.8018339,3,389140,0.08,0.08,1.0,1.0,2.0,2.0,1.0,0,False,11.630183219909668
/agv1/capability_report,1788412787.8068082,1788412787.8066611,1,390475,0.08,0.08,1.0,1.0,2.0,2.0,1.0,0,False,10.75260066986084
/agv2/capability_report,1788412787.8070762,1788412787.801879,2,390026,0.08,0.08,1.0,1.0,2.0,2.0,1.0,0,False,11.70996379852295
/agv3/capability_report,1788412787.8143194,1788412787.809785,3,389141,0.08,0.08,1.0,1.0,2.0,2.0,1.0,0,False,11.630183219909668
/agv2/capability_report,1788412787.8181264,1788412787.8098752,2,390027,0.08,0.08,1.0,1.0,2.0,2.0,1.0,0,False,11.70996379852295
/agv1/capability_report,1788412787.8187819,1788412787.8185902,1,390476,0.08,0.08,1.0,1.0,2.0,2.0,1.0,0,False,10.885567665100098
/agv3/capability_report,1788412787.826371,1788412787.8217967,3,389142,0.08,0.08,1.0,1.0,2.0,2.0,1.0,0,False,11.630183219909668
/agv1/capability_report,1788412787.8267004,1788412787.8265586,1,390477,0.08,0.08,1.0,1.0,2.0,2.0,1.0,0,False,10.885567665100098
/agv2/capability_report,1788412787.828072,1788412787.8218691,2,390028,0.08,0.08,1.0,1.0,2.0,2.0,1.0,0,False,11.70996379852295
/agv3/capability_report,1788412787.8344166,1788412787.829767,3,389143,0.08,0.08,1.0,1.0,2.0,2.0,1.0,0,False,11.630183219909668
/agv2/capability_report,1788412787.8356705,1788412787.8298588,2,390029,0.08,0.08,1.0,1.0,2.0,2.0,1.0,0,False,11.70996379852295
/agv1/capability_report,1788412787.8386517,1788412787.838568,1,390478,0.08,0.08,1.0,1.0,2.0,2.0,1.0,0,False,10.885567665100098
/agv1/capability_report,1788412787.8467124,1788412787.846601,1,390479,0.08,0.08,1.0,1.0,2.0,2.0,1.0,0,False,10.885567665100098
/agv2/capability_report,1788412787.8485775,1788412787.841841,2,390030,0.08,0.08,1.0,1.0,2.0,2.0,1.0,0,False,11.70996379852295
/agv3/capability_report,1788412787.8486197,1788412787.8417768,3,389144,0.08,0.08,1.0,1.0,2.0,2.0,1.0,0,False,11.630183219909668
/agv2/capability_report,1788412787.8564987,1788412787.849875,2,390031,0.08,0.08,1.0,1.0,2.0,2.0,1.0,0,False,11.70996379852295
/agv3/capability_report,1788412787.856539,1788412787.8497822,3,389145,0.08,0.08,1.0,1.0,2.0,2.0,1.0,0,False,11.630183219909668
/agv1/capability_report,1788412787.8586807,1788412787.8585687,1,390480,0.08,0.08,1.0,1.0,2.0,2.0,1.0,0,False,10.885567665100098
/agv3/capability_report,1788412787.8664186,1788412787.8617811,3,389146,0.08,0.08,1.0,1.0,2.0,2.0,1.0,0,False,11.665640830993652
/agv1/capability_report,1788412787.8666906,1788412787.8665829,1,390481,0.08,0.08,1.0,1.0,2.0,2.0,1.0,0,False,10.885567665100098
/agv2/capability_report,1788412787.8672252,1788412787.8618734,2,390032,0.08,0.08,1.0,1.0,2.0,2.0,1.0,0,False,11.70996379852295
/agv3/capability_report,1788412787.8750098,1788412787.8697753,3,389147,0.08,0.08,1.0,1.0,2.0,2.0,1.0,0,False,11.665640830993652
/agv2/capability_report,1788412787.877107,1788412787.8698833,2,390033,0.08,0.08,1.0,1.0,2.0,2.0,1.0,0,False,11.70996379852295
/agv1/capability_report,1788412787.878686,1788412787.87858,1,390482,0.08,0.08,1.0,1.0,2.0,2.0,1.0,0,False,10.885567665100098
/agv3/capability_report,1788412787.8863173,1788412787.88178,3,389148,0.08,0.08,1.0,1.0,2.0,2.0,1.0,0,False,11.665640830993652
/agv1/capability_report,1788412787.88664,1788412787.886573,1,390483,0.08,0.08,1.0,1.0,2.0,2.0,1.0,0,False,10.885567665100098
/agv2/capability_report,1788412787.8877459,1788412787.8818767,2,390034,0.08,0.08,1.0,1.0,2.0,2.0,1.0,0,False,11.70996379852295
/agv3/capability_report,1788412787.894761,1788412787.8897803,3,389149,0.08,0.08,1.0,1.0,2.0,2.0,1.0,0,False,11.665640830993652
/agv2/capability_report,1788412787.8961592,1788412787.8898742,2,390035,0.08,0.08,1.0,1.0,2.0,2.0,1.0,0,False,11.70996379852295
/agv1/capability_report,1788412787.8987064,1788412787.8986063,1,390484,0.08,0.08,1.0,1.0,2.0,2.0,1.0,0,False,10.885567665100098
/agv3/capability_report,1788412787.9062877,1788412787.9017863,3,389150,0.08,0.08,1.0,1.0,2.0,2.0,1.0,0,False,11.665640830993652
/agv1/capability_report,1788412787.9066632,1788412787.9065676,1,390485,0.08,0.08,1.0,1.0,2.0,2.0,1.0,0,False,10.885567665100098
/agv2/capability_report,1788412787.9077122,1788412787.9018767,2,390036,0.08,0.08,1.0,1.0,2.0,2.0,1.0,0,False,11.70996379852295
/agv3/capability_report,1788412787.9143121,1788412787.9097755,3,389151,0.08,0.08,1.0,1.0,2.0,2.0,1.0,0,False,11.665640830993652
/agv2/capability_report,1788412787.916131,1788412787.9098768,2,390037,0.08,0.08,1.0,1.0,2.0,2.0,1.0,0,False,11.70996379852295
/agv1/capability_report,1788412787.9187694,1788412787.9186258,1,390486,0.08,0.08,1.0,1.0,2.0,2.0,1.0,0,False,10.885567665100098
/agv1/capability_report,1788412787.9266143,1788412787.9265602,1,390487,0.08,0.08,1.0,1.0,2.0,2.0,1.0,0,False,10.885567665100098
/agv2/capability_report,1788412787.9266615,1788412787.9218683,2,390038,0.08,0.08,1.0,1.0,2.0,2.0,1.0,0,False,11.70996379852295
/agv3/capability_report,1788412787.9305322,1788412787.9217823,3,389152,0.08,0.08,1.0,1.0,2.0,2.0,1.0,0,False,11.665640830993652
/agv3/capability_report,1788412787.9343553,1788412787.9297726,3,389153,0.08,0.08,1.0,1.0,2.0,2.0,1.0,0,False,11.665640830993652
/agv2/capability_report,1788412787.9359615,1788412787.9298713,2,390039,0.08,0.08,1.0,1.0,2.0,2.0,1.0,0,False,11.70996379852295
/agv1/capability_report,1788412787.938637,1788412787.938575,1,390488,0.08,0.08,1.0,1.0,2.0,2.0,1.0,0,False,10.885567665100098
/agv3/capability_report,1788412787.9462996,1788412787.94178,3,389154,0.08,0.08,1.0,1.0,2.0,2.0,1.0,0,False,11.665640830993652
/agv1/capability_report,1788412787.946614,1788412787.9465709,1,390489,0.08,0.08,1.0,1.0,2.0,2.0,1.0,0,False,10.885567665100098
/agv2/capability_report,1788412787.9472198,1788412787.9418693,2,390040,0.08,0.08,1.0,1.0,2.0,2.0,1.0,0,False,11.70996379852295
/agv3/capability_report,1788412787.9544559,1788412787.9497514,3,389155,0.08,0.08,1.0,1.0,2.0,2.0,1.0,0,False,11.665640830993652
/agv2/capability_report,1788412787.9566538,1788412787.9498634,2,390041,0.08,0.08,1.0,1.0,2.0,2.0,1.0,0,False,11.70996379852295
/agv1/capability_report,1788412787.9587688,1788412787.958688,1,390490,0.08,0.08,1.0,1.0,2.0,2.0,1.0,0,False,10.885567665100098
/agv3/capability_report,1788412787.9663277,1788412787.9617789,3,389156,0.08,0.08,1.0,1.0,2.0,2.0,1.0,0,False,11.665640830993652
/agv1/capability_report,1788412787.9666438,1788412787.9665809,1,390491,0.08,0.08,1.0,1.0,2.0,2.0,1.0,0,False,10.885567665100098
/agv2/capability_report,1788412787.9690511,1788412787.961871,2,390042,0.08,0.08,1.0,1.0,2.0,2.0,1.0,0,False,11.70996379852295
/agv3/capability_report,1788412787.9742723,1788412787.9697914,3,389157,0.08,0.08,1.0,1.0,2.0,2.0,1.0,0,False,11.665640830993652
/agv2/capability_report,1788412787.976269,1788412787.9698722,2,390043,0.08,0.08,1.0,1.0,2.0,2.0,1.0,0,False,11.70996379852295
/agv1/capability_report,1788412787.978721,1788412787.9786277,1,390492,0.08,0.08,1.0,1.0,2.0,2.0,1.0,0,False,11.257875442504883
/agv3/capability_report,1788412787.9865062,1788412787.981778,3,389158,0.08,0.08,1.0,1.0,2.0,2.0,1.0,0,False,11.665640830993652
/agv1/capability_report,1788412787.9867933,1788412787.9866252,1,390493,0.08,0.08,1.0,1.0,2.0,2.0,1.0,0,False,11.257875442504883
/agv2/capability_report,1788412787.9875622,1788412787.981914,2,390044,0.08,0.08,1.0,1.0,2.0,2.0,1.0,0,False,11.70996379852295
/agv2/capability_report,1788412787.9956403,1788412787.9898593,2,390045,0.08,0.08,1.0,1.0,2.0,2.0,1.0,0,False,11.70996379852295
/agv3/capability_report,1788412787.995766,1788412787.989776,3,389159,0.08,0.08,1.0,1.0,2.0,2.0,1.0,0,False,11.665640830993652
/agv1/capability_report,1788412787.9987795,1788412787.9986787,1,390494,0.08,0.08,1.0,1.0,2.0,2.0,1.0,0,False,11.257875442504883
/agv1/capability_report,1788412788.0066447,1788412788.00657,1,390495,0.08,0.08,1.0,1.0,2.0,2.0,1.0,0,False,11.257875442504883
/agv2/capability_report,1788412788.0067418,1788412788.0019035,2,390046,0.08,0.08,1.0,1.0,2.0,2.0,1.0,0,False,11.70996379852295
/agv3/capability_report,1788412788.0134573,1788412788.0017848,3,389160,0.08,0.08,1.0,1.0,2.0,2.0,1.0,0,False,11.665640830993652
/agv2/capability_report,1788412788.0172615,1788412788.009862,2,390047,0.08,0.08,1.0,1.0,2.0,2.0,1.0,0,False,11.70996379852295
/agv1/capability_report,1788412788.018709,1788412788.0185754,1,390496,0.08,0.08,1.0,1.0,2.0,2.0,1.0,0,False,11.257875442504883
/agv3/capability_report,1788412788.021162,1788412788.0097704,3,389161,0.08,0.08,1.0,1.0,2.0,2.0,1.0,0,False,11.665640830993652
/agv1/capability_report,1788412788.0267253,1788412788.026561,1,390497,0.08,0.08,1.0,1.0,2.0,2.0,1.0,0,False,11.257875442504883
/agv3/capability_report,1788412788.0269814,1788412788.0218031,3,389162,0.08,0.08,1.0,1.0,2.0,2.0,1.0,0,False,11.736557006835938
/agv2/capability_report,1788412788.0291862,1788412788.0218747,2,390048,0.08,0.08,1.0,1.0,2.0,2.0,1.0,0,False,11.70996379852295
/agv3/capability_report,1788412788.0343473,1788412788.0297272,3,389163,0.08,0.08,1.0,1.0,2.0,2.0,1.0,0,False,11.736557006835938
/agv1/capability_report,1788412788.0388768,1788412788.0386102,1,390498,0.08,0.08,1.0,1.0,2.0,2.0,1.0,0,False,11.257875442504883
/agv2/capability_report,1788412788.042867,1788412788.0298572,2,390049,0.08,0.08,1.0,1.0,2.0,2.0,1.0,0,False,11.70996379852295
/agv3/capability_report,1788412788.0464392,1788412788.04178,3,389164,0.08,0.08,1.0,1.0,2.0,2.0,1.0,0,False,11.736557006835938
/agv1/capability_report,1788412788.0466397,1788412788.0465653,1,390499,0.08,0.08,1.0,1.0,2.0,2.0,1.0,0,False,11.257875442504883
/agv2/capability_report,1788412788.047018,1788412788.0417566,2,390050,0.08,0.08,1.0,1.0,2.0,2.0,1.0,0,False,11.70996379852295
/agv2/capability_report,1788412788.0553637,1788412788.0498781,2,390051,0.08,0.08,1.0,1.0,2.0,2.0,1.0,0,False,11.665640830993652
/agv3/capability_report,1788412788.0573454,1788412788.0497808,3,389165,0.08,0.08,1.0,1.0,2.0,2.0,1.0,0,False,11.736557006835938
/agv1/capability_report,1788412788.0587995,1788412788.0586045,1,390500,0.08,0.08,1.0,1.0,2.0,2.0,1.0,0,False,11.257875442504883
/agv1/capability_report,1788412788.0666502,1788412788.0665655,1,390501,0.08,0.08,1.0,1.0,2.0,2.0,1.0,0,False,11.257875442504883
/agv3/capability_report,1788412788.068411,1788412788.061772,3,389166,0.08,0.08,1.0,1.0,2.0,2.0,1.0,0,False,11.736557006835938
/agv2/capability_report,1788412788.070612,1788412788.0618691,2,390052,0.08,0.08,1.0,1.0,2.0,2.0,1.0,0,False,11.665640830993652
/agv3/capability_report,1788412788.0743542,1788412788.0697782,3,389167,0.08,0.08,1.0,1.0,2.0,2.0,1.0,0,False,11.736557006835938
/agv2/capability_report,1788412788.0761535,1788412788.0698655,2,390053,0.08,0.08,1.0,1.0,2.0,2.0,1.0,0,False,11.665640830993652
/agv1/capability_report,1788412788.0787132,1788412788.0786014,1,390502,0.08,0.08,1.0,1.0,2.0,2.0,1.0,0,False,11.257875442504883
/agv3/capability_report,1788412788.0863519,1788412788.0817819,3,389168,0.08,0.08,1.0,1.0,2.0,2.0,1.0,0,False,11.736557006835938
/agv1/capability_report,1788412788.0866985,1788412788.0865688,1,390503,0.08,0.08,1.0,1.0,2.0,2.0,1.0,0,False,11.257875442504883
/agv2/capability_report,1788412788.0869067,1788412788.0818763,2,390054,0.08,0.08,1.0,1.0,2.0,2.0,1.0,0,False,11.665640830993652
/agv3/capability_report,1788412788.0943227,1788412788.089768,3,389169,0.08,0.08,1.0,1.0,2.0,2.0,1.0,0,False,11.736557006835938
/agv2/capability_report,1788412788.095458,1788412788.089894,2,390055,0.08,0.08,1.0,1.0,2.0,2.0,1.0,0,False,11.665640830993652
/agv1/capability_report,1788412788.0987759,1788412788.0986319,1,390504,0.08,0.08,1.0,1.0,2.0,2.0,1.0,0,False,11.257875442504883
/agv3/capability_report,1788412788.1061537,1788412788.1017282,3,389170,0.08,0.08,1.0,1.0,2.0,2.0,1.0,0,False,11.736557006835938
/agv1/capability_report,1788412788.1065705,1788412788.1065233,1,390505,0.08,0.08,1.0,1.0,2.0,2.0,1.0,0,False,11.257875442504883
/agv2/capability_report,1788412788.1079998,1788412788.1018772,2,390056,0.08,0.08,1.0,1.0,2.0,2.0,1.0,0,False,11.665640830993652
/agv3/capability_report,1788412788.1143124,1788412788.1097205,3,389171,0.08,0.08,1.0,1.0,2.0,2.0,1.0,0,False,11.736557006835938
/agv2/capability_report,1788412788.116084,1788412788.109857,2,390057,0.08,0.08,1.0,1.0,2.0,2.0,1.0,0,False,11.665640830993652
/agv1/capability_report,1788412788.118839,1788412788.1185915,1,390506,0.08,0.08,1.0,1.0,2.0,2.0,1.0,0,False,11.257875442504883
/agv3/capability_report,1788412788.1263766,1788412788.1217968,3,389172,0.08,0.08,1.0,1.0,2.0,2.0,1.0,0,False,11.736557006835938
/agv1/capability_report,1788412788.1266544,1788412788.1265616,1,390507,0.08,0.08,1.0,1.0,2.0,2.0,1.0,0,False,11.257875442504883
/agv2/capability_report,1788412788.1281977,1788412788.1218727,2,390058,0.08,0.08,1.0,1.0,2.0,2.0,1.0,0,False,11.665640830993652
/agv3/capability_report,1788412788.1361468,1788412788.1298015,3,389173,0.08,0.08,1.0,1.0,2.0,2.0,1.0,0,False,11.736557006835938
/agv1/capability_report,1788412788.1388001,1788412788.1385875,1,390508,0.08,0.08,1.0,1.0,2.0,2.0,1.0,0,False,11.319927215576172
/agv2/capability_report,1788412788.1396914,1788412788.1298747,2,390059,0.08,0.08,1.0,1.0,2.0,2.0,1.0,0,False,11.665640830993652
/agv1/capability_report,1788412788.146664,1788412788.1465607,1,390509,0.08,0.08,1.0,1.0,2.0,2.0,1.0,0,False,11.319927215576172
/agv3/capability_report,1788412788.1474183,1788412788.1417763,3,389174,0.08,0.08,1.0,1.0,2.0,2.0,1.0,0,False,11.736557006835938
/agv2/capability_report,1788412788.1494792,1788412788.1418724,2,390060,0.08,0.08,1.0,1.0,2.0,2.0,1.0,0,False,11.665640830993652
/agv3/capability_report,1788412788.1544638,1788412788.1497824,3,389175,0.08,0.08,1.0,1.0,2.0,2.0,1.0,0,False,11.736557006835938
/agv2/capability_report,1788412788.1557193,1788412788.149861,2,390061,0.08,0.08,1.0,1.0,2.0,2.0,1.0,0,False,11.665640830993652
/agv1/capability_report,1788412788.1589997,1788412788.1586087,1,390510,0.08,0.08,1.0,1.0,2.0,2.0,1.0,0,False,11.319927215576172
/agv3/capability_report,1788412788.1665857,1788412788.1617832,3,389176,0.08,0.08,1.0,1.0,2.0,2.0,1.0,0,False,11.736557006835938
/agv1/capability_report,1788412788.1667519,1788412788.1665597,1,390511,0.08,0.08,1.0,1.0,2.0,2.0,1.0,0,False,11.319927215576172
/agv2/capability_report,1788412788.1669364,1788412788.1618721,2,390062,0.08,0.08,1.0,1.0,2.0,2.0,1.0,0,False,11.665640830993652
/agv3/capability_report,1788412788.174425,1788412788.169781,3,389177,0.08,0.08,1.0,1.0,2.0,2.0,1.0,0,False,11.621318817138672
/agv2/capability_report,1788412788.1757061,1788412788.1698687,2,390063,0.08,0.08,1.0,1.0,2.0,2.0,1.0,0,False,11.665640830993652
/agv1/capability_report,1788412788.1788135,1788412788.1786156,1,390512,0.08,0.08,1.0,1.0,2.0,2.0,1.0,0,False,11.319927215576172
/agv3/capability_report,1788412788.186433,1788412788.1818395,3,389178,0.08,0.08,1.0,1.0,2.0,2.0,1.0,0,False,11.621318817138672
/agv1/capability_report,1788412788.1866455,1788412788.1865537,1,390513,0.08,0.08,1.0,1.0,2.0,2.0,1.0,0,False,11.319927215576172
/agv2/capability_report,1788412788.189391,1788412788.1818748,2,390064,0.08,0.08,1.0,1.0,2.0,2.0,1.0,0,False,11.665640830993652
/agv3/capability_report,1788412788.1943858,1788412788.1897838,3,389179,0.08,0.08,1.0,1.0,2.0,2.0,1.0,0,False,11.621318817138672
/agv2/capability_report,1788412788.1962132,1788412788.189876,2,390065,0.08,0.08,1.0,1.0,2.0,2.0,1.0,0,False,11.665640830993652
/agv1/capability_report,1788412788.198685,1788412788.198593,1,390514,0.08,0.08,1.0,1.0,2.0,2.0,1.0,0,False,11.319927215576172
/agv3/capability_report,1788412788.206275,1788412788.2017767,3,389180,0.08,0.08,1.0,1.0,2.0,2.0,1.0,0,False,11.621318817138672
/agv1/capability_report,1788412788.2066855,1788412788.2065763,1,390515,0.08,0.08,1.0,1.0,2.0,2.0,1.0,0,False,11.319927215576172
/agv2/capability_report,1788412788.2075484,1788412788.201875,2,390066,0.08,0.08,1.0,1.0,2.0,2.0,1.0,0,False,11.665640830993652
/agv3/capability_report,1788412788.214366,1788412788.2097738,3,389181,0.08,0.08,1.0,1.0,2.0,2.0,1.0,0,False,11.621318817138672
/agv2/capability_report,1788412788.2158537,1788412788.2098694,2,390067,0.08,0.08,1.0,1.0,2.0,2.0,1.0,0,False,11.69223403930664
/agv1/capability_report,1788412788.218684,1788412788.2185545,1,390516,0.08,0.08,1.0,1.0,2.0,2.0,1.0,0,False,11.319927215576172
/agv3/capability_report,1788412788.2263103,1788412788.2217777,3,389182,0.08,0.08,1.0,1.0,2.0,2.0,1.0,0,False,11.621318817138672
/agv1/capability_report,1788412788.226733,1788412788.2265604,1,390517,0.08,0.08,1.0,1.0,2.0,2.0,1.0,0,False,11.319927215576172
/agv2/capability_report,1788412788.2270153,1788412788.2218742,2,390068,0.08,0.08,1.0,1.0,2.0,2.0,1.0,0,False,11.69223403930664
/agv3/capability_report,1788412788.234409,1788412788.2297878,3,389183,0.08,0.08,1.0,1.0,2.0,2.0,1.0,0,False,11.621318817138672
/agv1/capability_report,1788412788.2387502,1788412788.2385578,1,390518,0.08,0.08,1.0,1.0,2.0,2.0,1.0,0,False,11.319927215576172
/agv2/capability_report,1788412788.2395353,1788412788.2298746,2,390069,0.08,0.08,1.0,1.0,2.0,2.0,1.0,0,False,11.69223403930664
/agv3/capability_report,1788412788.24662,1788412788.2417743,3,389184,0.08,0.08,1.0,1.0,2.0,2.0,1.0,0,False,11.621318817138672
/agv1/capability_report,1788412788.2466772,1788412788.24656,1,390519,0.08,0.08,1.0,1.0,2.0,2.0,1.0,0,False,11.319927215576172
/agv2/capability_report,1788412788.2475839,1788412788.2418714,2,390070,0.08,0.08,1.0,1.0,2.0,2.0,1.0,0,False,11.69223403930664
/agv3/capability_report,1788412788.254579,1788412788.2497942,3,389185,0.08,0.08,1.0,1.0,2.0,2.0,1.0,0,False,11.621318817138672
/agv2/capability_report,1788412788.2565298,1788412788.2498744,2,390071,0.08,0.08,1.0,1.0,2.0,2.0,1.0,0,False,11.69223403930664
/agv1/capability_report,1788412788.258835,1788412788.2586155,1,390520,0.08,0.08,1.0,1.0,2.0,2.0,1.0,0,False,11.319927215576172
/agv3/capability_report,1788412788.2664938,1788412788.2617774,3,389186,0.08,0.08,1.0,1.0,2.0,2.0,1.0,0,False,11.621318817138672
/agv1/capability_report,1788412788.2666771,1788412788.2665606,1,390521,0.08,0.08,1.0,1.0,2.0,2.0,1.0,0,False,11.319927215576172
/agv2/capability_report,1788412788.267315,1788412788.2618716,2,390072,0.08,0.08,1.0,1.0,2.0,2.0,1.0,0,False,11.69223403930664
/agv2/capability_report,1788412788.2756562,1788412788.2698786,2,390073,0.08,0.08,1.0,1.0,2.0,2.0,1.0,0,False,11.69223403930664
/agv1/capability_report,1788412788.278769,1788412788.2786126,1,390522,0.08,0.08,1.0,1.0,2.0,2.0,1.0,0,False,11.319927215576172
/agv3/capability_report,1788412788.2794638,1788412788.2697635,3,389187,0.08,0.08,1.0,1.0,2.0,2.0,1.0,0,False,11.621318817138672
/agv3/capability_report,1788412788.2865665,1788412788.2817674,3,389188,0.08,0.08,1.0,1.0,2.0,2.0,1.0,0,False,11.621318817138672
/agv1/capability_report,1788412788.2866864,1788412788.2865546,1,390523,0.08,0.08,1.0,1.0,2.0,2.0,1.0,0,False,11.08945083618164
/agv2/capability_report,1788412788.2905385,1788412788.2818735,2,390074,0.08,0.08,1.0,1.0,2.0,2.0,1.0,0,False,11.69223403930664
/agv3/capability_report,1788412788.2945204,1788412788.2897806,3,389189,0.08,0.08,1.0,1.0,2.0,2.0,1.0,0,False,11.621318817138672
/agv1/capability_report,1788412788.2987592,1788412788.2986116,1,390524,0.08,0.08,1.0,1.0,2.0,2.0,1.0,0,False,11.08945083618164
/agv2/capability_report,1788412788.2993164,1788412788.289878,2,390075,0.08,0.08,1.0,1.0,2.0,2.0,1.0,0,False,11.69223403930664
/agv3/capability_report,1788412788.3061268,1788412788.3017433,3,389190,0.08,0.08,1.0,1.0,2.0,2.0,1.0,0,False,11.621318817138672
/agv1/capability_report,1788412788.3065991,1788412788.3065603,1,390525,0.08,0.08,1.0,1.0,2.0,2.0,1.0,0,False,11.08945083618164
/agv2/capability_report,1788412788.3081493,1788412788.3019295,2,390076,0.08,0.08,1.0,1.0,2.0,2.0,1.0,0,False,11.69223403930664
/agv3/capability_report,1788412788.3165948,1788412788.3097792,3,389191,0.08,0.08,1.0,1.0,2.0,2.0,1.0,0,False,11.621318817138672
/agv1/capability_report,1788412788.318745,1788412788.3186104,1,390526,0.08,0.08,1.0,1.0,2.0,2.0,1.0,0,False,11.08945083618164
/agv2/capability_report,1788412788.3193552,1788412788.309858,2,390077,0.08,0.08,1.0,1.0,2.0,2.0,1.0,0,False,11.69223403930664
/agv3/capability_report,1788412788.3264003,1788412788.3217762,3,389192,0.08,0.08,1.0,1.0,2.0,2.0,1.0,0,False,11.621318817138672
/agv1/capability_report,1788412788.3265994,1788412788.3265598,1,390527,0.08,0.08,1.0,1.0,2.0,2.0,1.0,0,False,11.08945083618164
/agv2/capability_report,1788412788.3281295,1788412788.3218591,2,390078,0.08,0.08,1.0,1.0,2.0,2.0,1.0,0,False,11.69223403930664
/agv3/capability_report,1788412788.3344193,1788412788.3297768,3,389193,0.08,0.08,1.0,1.0,2.0,2.0,1.0,0,False,11.70996379852295
/agv2/capability_report,1788412788.3387303,1788412788.329883,2,390079,0.08,0.08,1.0,1.0,2.0,2.0,1.0,0,False,11.69223403930664
/agv1/capability_report,1788412788.3387566,1788412788.3386278,1,390528,0.08,0.08,1.0,1.0,2.0,2.0,1.0,0,False,11.08945083618164
/agv3/capability_report,1788412788.3464413,1788412788.3417947,3,389194,0.08,0.08,1.0,1.0,2.0,2.0,1.0,0,False,11.70996379852295
/agv1/capability_report,1788412788.3466525,1788412788.3465576,1,390529,0.08,0.08,1.0,1.0,2.0,2.0,1.0,0,False,11.08945083618164
/agv2/capability_report,1788412788.3472562,1788412788.3419163,2,390080,0.08,0.08,1.0,1.0,2.0,2.0,1.0,0,False,11.69223403930664
/agv2/capability_report,1788412788.3556101,1788412788.3498592,2,390081,0.08,0.08,1.0,1.0,2.0,2.0,1.0,0,False,11.69223403930664
/agv1/capability_report,1788412788.3587623,1788412788.3585973,1,390530,0.08,0.08,1.0,1.0,2.0,2.0,1.0,0,False,11.08945083618164
/agv3/capability_report,1788412788.359526,1788412788.3498027,3,389195,0.08,0.08,1.0,1.0,2.0,2.0,1.0,0,False,11.70996379852295
/agv3/capability_report,1788412788.3664088,1788412788.3617926,3,389196,0.08,0.08,1.0,1.0,2.0,2.0,1.0,0,False,11.70996379852295
/agv1/capability_report,1788412788.3666008,1788412788.366561,1,390531,0.08,0.08,1.0,1.0,2.0,2.0,1.0,0,False,11.08945083618164
/agv2/capability_report,1788412788.3677456,1788412788.3618753,2,390082,0.08,0.08,1.0,1.0,2.0,2.0,1.0,0,False,11.656776428222656
/agv3/capability_report,1788412788.3743236,1788412788.3697958,3,389197,0.08,0.08,1.0,1.0,2.0,2.0,1.0,0,False,11.70996379852295
/agv2/capability_report,1788412788.3756945,1788412788.3698676,2,390083,0.08,0.08,1.0,1.0,2.0,2.0,1.0,0,False,11.656776428222656
/agv1/capability_report,1788412788.3787594,1788412788.378608,1,390532,0.08,0.08,1.0,1.0,2.0,2.0,1.0,0,False,11.08945083618164
/agv3/capability_report,1788412788.386589,1788412788.38176,3,389198,0.08,0.08,1.0,1.0,2.0,2.0,1.0,0,False,11.70996379852295
/agv1/capability_report,1788412788.3866653,1788412788.3866131,1,390533,0.08,0.08,1.0,1.0,2.0,2.0,1.0,0,False,11.08945083618164
/agv2/capability_report,1788412788.3876107,1788412788.3818371,2,390084,0.08,0.08,1.0,1.0,2.0,2.0,1.0,0,False,11.656776428222656
/agv3/capability_report,1788412788.3944128,1788412788.3898435,3,389199,0.08,0.08,1.0,1.0,2.0,2.0,1.0,0,False,11.70996379852295
/agv2/capability_report,1788412788.395409,1788412788.3898673,2,390085,0.08,0.08,1.0,1.0,2.0,2.0,1.0,0,False,11.656776428222656
/agv1/capability_report,1788412788.3987305,1788412788.3986037,1,390534,0.08,0.08,1.0,1.0,2.0,2.0,1.0,0,False,11.08945083618164
/agv1/capability_report,1788412788.4066133,1788412788.4065685,1,390535,0.08,0.08,1.0,1.0,2.0,2.0,1.0,0,False,11.08945083618164
/agv2/capability_report,1788412788.4067404,1788412788.4018726,2,390086,0.08,0.08,1.0,1.0,2.0,2.0,1.0,0,False,11.656776428222656
/agv3/capability_report,1788412788.4090233,1788412788.4017773,3,389200,0.08,0.08,1.0,1.0,2.0,2.0,1.0,0,False,11.70996379852295
/agv3/capability_report,1788412788.4142785,1788412788.4097948,3,389201,0.08,0.08,1.0,1.0,2.0,2.0,1.0,0,False,11.70996379852295
/agv2/capability_report,1788412788.41757,1788412788.409872,2,390087,0.08,0.08,1.0,1.0,2.0,2.0,1.0,0,False,11.656776428222656
/agv1/capability_report,1788412788.4187627,1788412788.418625,1,390536,0.08,0.08,1.0,1.0,2.0,2.0,1.0,0,False,11.08945083618164
/agv3/capability_report,1788412788.4264314,1788412788.4217765,3,389202,0.08,0.08,1.0,1.0,2.0,2.0,1.0,0,False,11.70996379852295
/agv1/capability_report,1788412788.4267075,1788412788.4265664,1,390537,0.08,0.08,1.0,1.0,2.0,2.0,1.0,0,False,11.08945083618164
/agv2/capability_report,1788412788.4278169,1788412788.421875,2,390088,0.08,0.08,1.0,1.0,2.0,2.0,1.0,0,False,11.656776428222656
/agv3/capability_report,1788412788.4346297,1788412788.429775,3,389203,0.08,0.08,1.0,1.0,2.0,2.0,1.0,0,False,11.70996379852295
/agv2/capability_report,1788412788.4382865,1788412788.429865,2,390089,0.08,0.08,1.0,1.0,2.0,2.0,1.0,0,False,11.656776428222656
/agv1/capability_report,1788412788.4386306,1788412788.4385302,1,390538,0.08,0.08,1.0,1.0,2.0,2.0,1.0,0,False,11.08945083618164
/agv1/capability_report,1788412788.4466696,1788412788.4465458,1,390539,0.08,0.08,1.0,1.0,2.0,2.0,1.0,0,False,11.08945083618164
/agv2/capability_report,1788412788.4473338,1788412788.4418597,2,390090,0.08,0.08,1.0,1.0,2.0,2.0,1.0,0,False,11.656776428222656
/agv3/capability_report,1788412788.4473581,1788412788.4417722,3,389204,0.08,0.08,1.0,1.0,2.0,2.0,1.0,0,False,11.70996379852295
/agv3/capability_report,1788412788.4552863,1788412788.4497821,3,389205,0.08,0.08,1.0,1.0,2.0,2.0,1.0,0,False,11.70996379852295
/agv2/capability_report,1788412788.456149,1788412788.4498801,2,390091,0.08,0.08,1.0,1.0,2.0,2.0,1.0,0,False,11.656776428222656
/agv1/capability_report,1788412788.4588335,1788412788.4585946,1,390540,0.08,0.08,1.0,1.0,2.0,2.0,1.0,0,False,10.947619438171387
/agv3/capability_report,1788412788.466527,1788412788.461772,3,389206,0.08,0.08,1.0,1.0,2.0,2.0,1.0,0,False,11.70996379852295
/agv1/capability_report,1788412788.466726,1788412788.466556,1,390541,0.08,0.08,1.0,1.0,2.0,2.0,1.0,0,False,10.947619438171387
/agv2/capability_report,1788412788.468419,1788412788.4618723,2,390092,0.08,0.08,1.0,1.0,2.0,2.0,1.0,0,False,11.656776428222656
/agv2/capability_report,1788412788.4758477,1788412788.469876,2,390093,0.08,0.08,1.0,1.0,2.0,2.0,1.0,0,False,11.656776428222656
/agv3/capability_report,1788412788.4758792,1788412788.4697645,3,389207,0.08,0.08,1.0,1.0,2.0,2.0,1.0,0,False,11.70996379852295
/agv1/capability_report,1788412788.4788332,1788412788.4786193,1,390542,0.08,0.08,1.0,1.0,2.0,2.0,1.0,0,False,10.947619438171387
/agv3/capability_report,1788412788.4866202,1788412788.4818,3,389208,0.08,0.08,1.0,1.0,2.0,2.0,1.0,0,False,11.70996379852295
/agv1/capability_report,1788412788.4866793,1788412788.486569,1,390543,0.08,0.08,1.0,1.0,2.0,2.0,1.0,0,False,10.947619438171387
/agv2/capability_report,1788412788.487951,1788412788.481877,2,390094,0.08,0.08,1.0,1.0,2.0,2.0,1.0,0,False,11.656776428222656
/agv3/capability_report,1788412788.4943426,1788412788.4897645,3,389209,0.08,0.08,1.0,1.0,2.0,2.0,1.0,0,False,11.718828201293945
/agv2/capability_report,1788412788.4952939,1788412788.4898756,2,390095,0.08,0.08,1.0,1.0,2.0,2.0,1.0,0,False,11.656776428222656
/agv1/capability_report,1788412788.4986768,1788412788.4985933,1,390544,0.08,0.08,1.0,1.0,2.0,2.0,1.0,0,False,10.947619438171387
/agv3/capability_report,1788412788.506527,1788412788.501789,3,389210,0.08,0.08,1.0,1.0,2.0,2.0,1.0,0,False,11.718828201293945
/agv1/capability_report,1788412788.5067244,1788412788.506568,1,390545,0.08,0.08,1.0,1.0,2.0,2.0,1.0,0,False,10.947619438171387
/agv2/capability_report,1788412788.509003,1788412788.5019288,2,390096,0.08,0.08,1.0,1.0,2.0,2.0,1.0,0,False,11.656776428222656
/agv3/capability_report,1788412788.5144439,1788412788.5097604,3,389211,0.08,0.08,1.0,1.0,2.0,2.0,1.0,0,False,11.718828201293945
/agv2/capability_report,1788412788.5151765,1788412788.50987,2,390097,0.08,0.08,1.0,1.0,2.0,2.0,1.0,0,False,11.656776428222656
/agv1/capability_report,1788412788.5188346,1788412788.5186129,1,390546,0.08,0.08,1.0,1.0,2.0,2.0,1.0,0,False,10.947619438171387
/agv3/capability_report,1788412788.5264978,1788412788.5217793,3,389212,0.08,0.08,1.0,1.0,2.0,2.0,1.0,0,False,11.718828201293945
/agv1/capability_report,1788412788.5266604,1788412788.5265636,1,390547,0.08,0.08,1.0,1.0,2.0,2.0,1.0,0,False,10.947619438171387
/agv2/capability_report,1788412788.5269427,1788412788.5218742,2,390098,0.08,0.08,1.0,1.0,2.0,2.0,1.0,0,False,11.621318817138672
/agv3/capability_report,1788412788.5344145,1788412788.5297804,3,389213,0.08,0.08,1.0,1.0,2.0,2.0,1.0,0,False,11.718828201293945
/agv2/capability_report,1788412788.5358055,1788412788.5298815,2,390099,0.08,0.08,1.0,1.0,2.0,2.0,1.0,0,False,11.621318817138672
/agv1/capability_report,1788412788.538751,1788412788.5386078,1,390548,0.08,0.08,1.0,1.0,2.0,2.0,1.0,0,False,10.947619438171387
/agv3/capability_report,1788412788.5463684,1788412788.5417712,3,389214,0.08,0.08,1.0,1.0,2.0,2.0,1.0,0,False,11.718828201293945
/agv1/capability_report,1788412788.5466194,1788412788.5465572,1,390549,0.08,0.08,1.0,1.0,2.0,2.0,1.0,0,False,10.947619438171387
/agv2/capability_report,1788412788.548734,1788412788.5418754,2,390100,0.08,0.08,1.0,1.0,2.0,2.0,1.0,0,False,11.621318817138672
/agv3/capability_report,1788412788.5557175,1788412788.5497918,3,389215,0.08,0.08,1.0,1.0,2.0,2.0,1.0,0,False,11.718828201293945
/agv2/capability_report,1788412788.5558844,1788412788.5498583,2,390101,0.08,0.08,1.0,1.0,2.0,2.0,1.0,0,False,11.621318817138672
/agv1/capability_report,1788412788.5586987,1788412788.5585577,1,390550,0.08,0.08,1.0,1.0,2.0,2.0,1.0,0,False,10.947619438171387
/agv1/capability_report,1788412788.5666833,1788412788.5665562,1,390551,0.08,0.08,1.0,1.0,2.0,2.0,1.0,0,False,10.947619438171387
/agv2/capability_report,1788412788.5677915,1788412788.5618737,2,390102,0.08,0.08,1.0,1.0,2.0,2.0,1.0,0,False,11.621318817138672
/agv3/capability_report,1788412788.5678155,1788412788.5618055,3,389216,0.08,0.08,1.0,1.0,2.0,2.0,1.0,0,False,11.718828201293945
/agv2/capability_report,1788412788.5764287,1788412788.5698774,2,390103,0.08,0.08,1.0,1.0,2.0,2.0,1.0,0,False,11.621318817138672
/agv3/capability_report,1788412788.5764544,1788412788.5697985,3,389217,0.08,0.08,1.0,1.0,2.0,2.0,1.0,0,False,11.718828201293945
/agv1/capability_report,1788412788.5787168,1788412788.5785594,1,390552,0.08,0.08,1.0,1.0,2.0,2.0,1.0,0,False,10.947619438171387
/agv1/capability_report,1788412788.5866895,1788412788.5865881,1,390553,0.08,0.08,1.0,1.0,2.0,2.0,1.0,0,False,10.947619438171387
/agv2/capability_report,1788412788.5891583,1788412788.5818775,2,390104,0.08,0.08,1.0,1.0,2.0,2.0,1.0,0,False,11.621318817138672
/agv3/capability_report,1788412788.5891726,1788412788.581765,3,389218,0.08,0.08,1.0,1.0,2.0,2.0,1.0,0,False,11.718828201293945
/agv3/capability_report,1788412788.5943735,1788412788.5897987,3,389219,0.08,0.08,1.0,1.0,2.0,2.0,1.0,0,False,11.718828201293945
/agv2/capability_report,1788412788.5987785,1788412788.589852,2,390105,0.08,0.08,1.0,1.0,2.0,2.0,1.0,0,False,11.621318817138672
/agv1/capability_report,1788412788.5987992,1788412788.5985904,1,390554,0.08,0.08,1.0,1.0,2.0,2.0,1.0,0,False,10.947619438171387
/agv1/capability_report,1788412788.606622,1788412788.6065557,1,390555,0.08,0.08,1.0,1.0,2.0,2.0,1.0,0,False,11.045127868652344
/agv3/capability_report,1788412788.608167,1788412788.6017785,3,389220,0.08,0.08,1.0,1.0,2.0,2.0,1.0,0,False,11.718828201293945
/agv2/capability_report,1788412788.6081824,1788412788.601879,2,390106,0.08,0.08,1.0,1.0,2.0,2.0,1.0,0,False,11.621318817138672
/agv3/capability_report,1788412788.614602,1788412788.6097734,3,389221,0.08,0.08,1.0,1.0,2.0,2.0,1.0,0,False,11.718828201293945
/agv2/capability_report,1788412788.6160321,1788412788.6098797,2,390107,0.08,0.08,1.0,1.0,2.0,2.0,1.0,0,False,11.621318817138672
/agv1/capability_report,1788412788.6187456,1788412788.6185584,1,390556,0.08,0.08,1.0,1.0,2.0,2.0,1.0,0,False,11.045127868652344
/agv3/capability_report,1788412788.626379,1788412788.6217763,3,389222,0.08,0.08,1.0,1.0,2.0,2.0,1.0,0,False,11.718828201293945
/agv1/capability_report,1788412788.6266546,1788412788.626555,1,390557,0.08,0.08,1.0,1.0,2.0,2.0,1.0,0,False,11.045127868652344
/agv2/capability_report,1788412788.6275835,1788412788.6218758,2,390108,0.08,0.08,1.0,1.0,2.0,2.0,1.0,0,False,11.621318817138672
/agv2/capability_report,1788412788.6355152,1788412788.6298738,2,390109,0.08,0.08,1.0,1.0,2.0,2.0,1.0,0,False,11.621318817138672
/agv3/capability_report,1788412788.635636,1788412788.6297657,3,389223,0.08,0.08,1.0,1.0,2.0,2.0,1.0,0,False,11.718828201293945
/agv1/capability_report,1788412788.638792,1788412788.6385858,1,390558,0.08,0.08,1.0,1.0,2.0,2.0,1.0,0,False,11.045127868652344
/agv3/capability_report,1788412788.6464748,1788412788.6417675,3,389224,0.08,0.08,1.0,1.0,2.0,2.0,1.0,0,False,11.718828201293945
/agv1/capability_report,1788412788.6466851,1788412788.6465626,1,390559,0.08,0.08,1.0,1.0,2.0,2.0,1.0,0,False,11.045127868652344
/agv2/capability_report,1788412788.6483333,1788412788.6418724,2,390110,0.08,0.08,1.0,1.0,2.0,2.0,1.0,0,False,11.621318817138672
/agv3/capability_report,1788412788.654441,1788412788.649791,3,389225,0.08,0.08,1.0,1.0,2.0,2.0,1.0,0,False,11.745421409606934
/agv2/capability_report,1788412788.6555007,1788412788.6499174,2,390111,0.08,0.08,1.0,1.0,2.0,2.0,1.0,0,False,11.621318817138672
/agv1/capability_report,1788412788.6587775,1788412788.658584,1,390560,0.08,0.08,1.0,1.0,2.0,2.0,1.0,0,False,11.045127868652344
/agv3/capability_report,1788412788.6663213,1788412788.661779,3,389226,0.08,0.08,1.0,1.0,2.0,2.0,1.0,0,False,11.745421409606934
/agv1/capability_report,1788412788.666649,1788412788.666554,1,390561,0.08,0.08,1.0,1.0,2.0,2.0,1.0,0,False,11.045127868652344
/agv2/capability_report,1788412788.6672037,1788412788.6618748,2,390112,0.08,0.08,1.0,1.0,2.0,2.0,1.0,0,False,11.621318817138672
/agv3/capability_report,1788412788.6743238,1788412788.669762,3,389227,0.08,0.08,1.0,1.0,2.0,2.0,1.0,0,False,11.745421409606934
/agv2/capability_report,1788412788.6757343,1788412788.669859,2,390113,0.08,0.08,1.0,1.0,2.0,2.0,1.0,0,False,11.621318817138672
/agv1/capability_report,1788412788.6787002,1788412788.6785707,1,390562,0.08,0.08,1.0,1.0,2.0,2.0,1.0,0,False,11.045127868652344
/agv3/capability_report,1788412788.6863825,1788412788.6817744,3,389228,0.08,0.08,1.0,1.0,2.0,2.0,1.0,0,False,11.745421409606934
/agv1/capability_report,1788412788.6866083,1788412788.6865616,1,390563,0.08,0.08,1.0,1.0,2.0,2.0,1.0,0,False,11.045127868652344
/agv2/capability_report,1788412788.6893632,1788412788.6818738,2,390114,0.08,0.08,1.0,1.0,2.0,2.0,1.0,0,False,11.639047622680664
/agv3/capability_report,1788412788.6945112,1788412788.6897812,3,389229,0.08,0.08,1.0,1.0,2.0,2.0,1.0,0,False,11.745421409606934
/agv2/capability_report,1788412788.6954,1788412788.6898708,2,390115,0.08,0.08,1.0,1.0,2.0,2.0,1.0,0,False,11.639047622680664
/agv1/capability_report,1788412788.6987817,1788412788.6985934,1,390564,0.08,0.08,1.0,1.0,2.0,2.0,1.0,0,False,11.045127868652344
/agv3/capability_report,1788412788.7063837,1788412788.701784,3,389230,0.08,0.08,1.0,1.0,2.0,2.0,1.0,0,False,11.745421409606934
/agv1/capability_report,1788412788.7065783,1788412788.7065225,1,390565,0.08,0.08,1.0,1.0,2.0,2.0,1.0,0,False,11.045127868652344
/agv2/capability_report,1788412788.7079298,1788412788.7018692,2,390116,0.08,0.08,1.0,1.0,2.0,2.0,1.0,0,False,11.639047622680664
/agv2/capability_report,1788412788.7159162,1788412788.7098744,2,390117,0.08,0.08,1.0,1.0,2.0,2.0,1.0,0,False,11.639047622680664
/agv3/capability_report,1788412788.715948,1788412788.7097967,3,389231,0.08,0.08,1.0,1.0,2.0,2.0,1.0,0,False,11.745421409606934
/agv1/capability_report,1788412788.7187521,1788412788.7186263,1,390566,0.08,0.08,1.0,1.0,2.0,2.0,1.0,0,False,11.045127868652344
/agv3/capability_report,1788412788.7262924,1788412788.7217283,3,389232,0.08,0.08,1.0,1.0,2.0,2.0,1.0,0,False,11.745421409606934
/agv1/capability_report,1788412788.7267256,1788412788.7265728,1,390567,0.08,0.08,1.0,1.0,2.0,2.0,1.0,0,False,11.045127868652344
/agv2/capability_report,1788412788.7270615,1788412788.721868,2,390118,0.08,0.08,1.0,1.0,2.0,2.0,1.0,0,False,11.639047622680664
/agv3/capability_report,1788412788.735265,1788412788.7297282,3,389233,0.08,0.08,1.0,1.0,2.0,2.0,1.0,0,False,11.745421409606934
/agv2/capability_report,1788412788.7364466,1788412788.7298703,2,390119,0.08,0.08,1.0,1.0,2.0,2.0,1.0,0,False,11.639047622680664
/agv1/capability_report,1788412788.7388093,1788412788.7385817,1,390568,0.08,0.08,1.0,1.0,2.0,2.0,1.0,0,False,11.045127868652344
/agv3/capability_report,1788412788.7464106,1788412788.741836,3,389234,0.08,0.08,1.0,1.0,2.0,2.0,1.0,0,False,11.745421409606934
/agv1/capability_report,1788412788.7466414,1788412788.7465713,1,390569,0.08,0.08,1.0,1.0,2.0,2.0,1.0,0,False,11.045127868652344
/agv2/capability_report,1788412788.7505643,1788412788.741873,2,390120,0.08,0.08,1.0,1.0,2.0,2.0,1.0,0,False,11.639047622680664
/agv2/capability_report,1788412788.7552416,1788412788.7498379,2,390121,0.08,0.08,1.0,1.0,2.0,2.0,1.0,0,False,11.639047622680664
/agv3/capability_report,1788412788.7567613,1788412788.749764,3,389235,0.08,0.08,1.0,1.0,2.0,2.0,1.0,0,False,11.745421409606934
/agv1/capability_report,1788412788.7587302,1788412788.7585895,1,390570,0.08,0.08,1.0,1.0,2.0,2.0,1.0,0,False,11.045127868652344
/agv3/capability_report,1788412788.7663212,1788412788.7617657,3,389236,0.08,0.08,1.0,1.0,2.0,2.0,1.0,0,False,11.745421409606934
/agv1/capability_report,1788412788.7666821,1788412788.7665575,1,390571,0.08,0.08,1.0,1.0,2.0,2.0,1.0,0,False,11.204689025878906
/agv2/capability_report,1788412788.767266,1788412788.7618554,2,390122,0.08,0.08,1.0,1.0,2.0,2.0,1.0,0,False,11.639047622680664
/agv2/capability_report,1788412788.7762322,1788412788.769856,2,390123,0.08,0.08,1.0,1.0,2.0,2.0,1.0,0,False,11.639047622680664
/agv3/capability_report,1788412788.7762415,1788412788.7697785,3,389237,0.08,0.08,1.0,1.0,2.0,2.0,1.0,0,False,11.745421409606934
/agv1/capability_report,1788412788.7787018,1788412788.778615,1,390572,0.08,0.08,1.0,1.0,2.0,2.0,1.0,0,False,11.204689025878906
/agv3/capability_report,1788412788.786258,1788412788.7817762,3,389238,0.08,0.08,1.0,1.0,2.0,2.0,1.0,0,False,11.745421409606934
/agv1/capability_report,1788412788.7866073,1788412788.7865565,1,390573,0.08,0.08,1.0,1.0,2.0,2.0,1.0,0,False,11.204689025878906
/agv2/capability_report,1788412788.787246,1788412788.7818782,2,390124,0.08,0.08,1.0,1.0,2.0,2.0,1.0,0,False,11.639047622680664
/agv3/capability_report,1788412788.7943592,1788412788.789794,3,389239,0.08,0.08,1.0,1.0,2.0,2.0,1.0,0,False,11.745421409606934
/agv2/capability_report,1788412788.7954688,1788412788.789873,2,390125,0.08,0.08,1.0,1.0,2.0,2.0,1.0,0,False,11.639047622680664
/agv1/capability_report,1788412788.7987697,1788412788.7985864,1,390574,0.08,0.08,1.0,1.0,2.0,2.0,1.0,0,False,11.204689025878906
/agv3/capability_report,1788412788.8064227,1788412788.801797,3,389240,0.08,0.08,1.0,1.0,2.0,2.0,1.0,0,False,11.745421409606934
/agv1/capability_report,1788412788.8066201,1788412788.806566,1,390575,0.08,0.08,1.0,1.0,2.0,2.0,1.0,0,False,11.204689025878906
/agv2/capability_report,1788412788.807351,1788412788.8018765,2,390126,0.08,0.08,1.0,1.0,2.0,2.0,1.0,0,False,11.639047622680664
/agv3/capability_report,1788412788.814354,1788412788.8097715,3,389241,0.08,0.08,1.0,1.0,2.0,2.0,1.0,0,False,11.621318817138672
/agv2/capability_report,1788412788.8155808,1788412788.8099203,2,390127,0.08,0.08,1.0,1.0,2.0,2.0,1.0,0,False,11.639047622680664
/agv1/capability_report,1788412788.8188002,1788412788.8185594,1,390576,0.08,0.08,1.0,1.0,2.0,2.0,1.0,0,False,11.204689025878906
/agv3/capability_report,1788412788.826406,1788412788.821777,3,389242,0.08,0.08,1.0,1.0,2.0,2.0,1.0,0,False,11.621318817138672
/agv1/capability_report,1788412788.8266487,1788412788.8265562,1,390577,0.08,0.08,1.0,1.0,2.0,2.0,1.0,0,False,11.204689025878906
/agv2/capability_report,1788412788.8281431,1788412788.821874,2,390128,0.08,0.08,1.0,1.0,2.0,2.0,1.0,0,False,11.639047622680664
/agv3/capability_report,1788412788.8348749,1788412788.829778,3,389243,0.08,0.08,1.0,1.0,2.0,2.0,1.0,0,False,11.621318817138672
/agv2/capability_report,1788412788.8378205,1788412788.8298843,2,390129,0.08,0.08,1.0,1.0,2.0,2.0,1.0,0,False,11.639047622680664
/agv1/capability_report,1788412788.838689,1788412788.8385944,1,390578,0.08,0.08,1.0,1.0,2.0,2.0,1.0,0,False,11.204689025878906
/agv3/capability_report,1788412788.8464246,1788412788.8417757,3,389244,0.08,0.08,1.0,1.0,2.0,2.0,1.0,0,False,11.621318817138672
/agv1/capability_report,1788412788.8466558,1788412788.846557,1,390579,0.08,0.08,1.0,1.0,2.0,2.0,1.0,0,False,11.204689025878906
/agv2/capability_report,1788412788.8493762,1788412788.8418586,2,390130,0.08,0.08,1.0,1.0,2.0,2.0,1.0,0,False,11.54153823852539
/agv3/capability_report,1788412788.8543532,1788412788.8497849,3,389245,0.08,0.08,1.0,1.0,2.0,2.0,1.0,0,False,11.621318817138672
/agv2/capability_report,1788412788.8561049,1788412788.8498764,2,390131,0.08,0.08,1.0,1.0,2.0,2.0,1.0,0,False,11.54153823852539
/agv1/capability_report,1788412788.8587945,1788412788.8586082,1,390580,0.08,0.08,1.0,1.0,2.0,2.0,1.0,0,False,11.204689025878906
/agv3/capability_report,1788412788.8663177,1788412788.8617775,3,389246,0.08,0.08,1.0,1.0,2.0,2.0,1.0,0,False,11.621318817138672
/agv1/capability_report,1788412788.8666134,1788412788.86655,1,390581,0.08,0.08,1.0,1.0,2.0,2.0,1.0,0,False,11.204689025878906
/agv2/capability_report,1788412788.8677297,1788412788.8618746,2,390132,0.08,0.08,1.0,1.0,2.0,2.0,1.0,0,False,11.54153823852539
/agv3/capability_report,1788412788.874447,1788412788.869845,3,389247,0.08,0.08,1.0,1.0,2.0,2.0,1.0,0,False,11.621318817138672
/agv2/capability_report,1788412788.8753946,1788412788.8698938,2,390133,0.08,0.08,1.0,1.0,2.0,2.0,1.0,0,False,11.54153823852539
/agv1/capability_report,1788412788.878688,1788412788.878604,1,390582,0.08,0.08,1.0,1.0,2.0,2.0,1.0,0,False,11.204689025878906
/agv3/capability_report,1788412788.8863547,1788412788.8817737,3,389248,0.08,0.08,1.0,1.0,2.0,2.0,1.0,0,False,11.621318817138672
/agv1/capability_report,1788412788.886593,1788412788.8865566,1,390583,0.08,0.08,1.0,1.0,2.0,2.0,1.0,0,False,11.204689025878906
/agv2/capability_report,1788412788.8872135,1788412788.8818579,2,390134,0.08,0.08,1.0,1.0,2.0,2.0,1.0,0,False,11.54153823852539
/agv3/capability_report,1788412788.894336,1788412788.8897688,3,389249,0.08,0.08,1.0,1.0,2.0,2.0,1.0,0,False,11.621318817138672
/agv2/capability_report,1788412788.8955464,1788412788.8898633,2,390135,0.08,0.08,1.0,1.0,2.0,2.0,1.0,0,False,11.54153823852539
/agv1/capability_report,1788412788.8988411,1788412788.8986053,1,390584,0.08,0.08,1.0,1.0,2.0,2.0,1.0,0,False,11.204689025878906
/agv3/capability_report,1788412788.9063268,1788412788.901778,3,389250,0.08,0.08,1.0,1.0,2.0,2.0,1.0,0,False,11.621318817138672
/agv1/capability_report,1788412788.9066417,1788412788.906559,1,390585,0.08,0.08,1.0,1.0,2.0,2.0,1.0,0,False,11.204689025878906
/agv2/capability_report,1788412788.908039,1788412788.9018753,2,390136,0.08,0.08,1.0,1.0,2.0,2.0,1.0,0,False,11.54153823852539
/agv3/capability_report,1788412788.9147756,1788412788.9097598,3,389251,0.08,0.08,1.0,1.0,2.0,2.0,1.0,0,False,11.621318817138672
/agv2/capability_report,1788412788.9170423,1788412788.909869,2,390137,0.08,0.08,1.0,1.0,2.0,2.0,1.0,0,False,11.54153823852539
/agv1/capability_report,1788412788.9187841,1788412788.918606,1,390586,0.08,0.08,1.0,1.0,2.0,2.0,1.0,0,False,11.204689025878906
/agv1/capability_report,1788412788.926884,1788412788.9265866,1,390587,0.08,0.08,1.0,1.0,2.0,2.0,1.0,0,False,11.133772850036621
/agv2/capability_report,1788412788.9269528,1788412788.9218752,2,390138,0.08,0.08,1.0,1.0,2.0,2.0,1.0,0,False,11.54153823852539
/agv3/capability_report,1788412788.9269621,1788412788.9217768,3,389252,0.08,0.08,1.0,1.0,2.0,2.0,1.0,0,False,11.621318817138672
/agv3/capability_report,1788412788.9344718,1788412788.9297798,3,389253,0.08,0.08,1.0,1.0,2.0,2.0,1.0,0,False,11.621318817138672
/agv2/capability_report,1788412788.9364269,1788412788.929866,2,390139,0.08,0.08,1.0,1.0,2.0,2.0,1.0,0,False,11.54153823852539
/agv1/capability_report,1788412788.9387743,1788412788.9386153,1,390588,0.08,0.08,1.0,1.0,2.0,2.0,1.0,0,False,11.133772850036621
/agv3/capability_report,1788412788.9463074,1788412788.941778,3,389254,0.08,0.08,1.0,1.0,2.0,2.0,1.0,0,False,11.621318817138672
/agv1/capability_report,1788412788.9466412,1788412788.946581,1,390589,0.08,0.08,1.0,1.0,2.0,2.0,1.0,0,False,11.133772850036621
/agv2/capability_report,1788412788.947607,1788412788.9418745,2,390140,0.08,0.08,1.0,1.0,2.0,2.0,1.0,0,False,11.54153823852539
/agv3/capability_report,1788412788.9547906,1788412788.9497674,3,389255,0.08,0.08,1.0,1.0,2.0,2.0,1.0,0,False,11.621318817138672
/agv2/capability_report,1788412788.9572513,1788412788.9498756,2,390141,0.08,0.08,1.0,1.0,2.0,2.0,1.0,0,False,11.54153823852539
/agv1/capability_report,1788412788.958763,1788412788.9585655,1,390590,0.08,0.08,1.0,1.0,2.0,2.0,1.0,0,False,11.133772850036621
/agv1/capability_report,1788412788.966707,1788412788.9665818,1,390591,0.08,0.08,1.0,1.0,2.0,2.0,1.0,0,False,11.133772850036621
/agv3/capability_report,1788412788.9670956,1788412788.961776,3,389256,0.08,0.08,1.0,1.0,2.0,2.0,1.0,0,False,11.621318817138672
/agv2/capability_report,1788412788.967967,1788412788.9618711,2,390142,0.08,0.08,1.0,1.0,2.0,2.0,1.0,0,False,11.54153823852539
/agv3/capability_report,1788412788.975417,1788412788.9697835,3,389257,0.08,0.08,1.0,1.0,2.0,2.0,1.0,0,False,11.75428581237793
/agv1/capability_report,1788412788.9786952,1788412788.9785612,1,390592,0.08,0.08,1.0,1.0,2.0,2.0,1.0,0,False,11.133772850036621
/agv3/capability_report,1788412788.9863188,1788412788.9817774,3,389258,0.08,0.08,1.0,1.0,2.0,2.0,1.0,0,False,11.75428581237793
/agv1/capability_report,1788412788.9866385,1788412788.9865606,1,390593,0.08,0.08,1.0,1.0,2.0,2.0,1.0,0,False,11.133772850036621
/agv2/capability_report,1788412788.987152,1788412788.9698758,2,390143,0.08,0.08,1.0,1.0,2.0,2.0,1.0,0,False,11.54153823852539
/agv2/capability_report,1788412788.9901626,1788412788.9818487,2,390144,0.08,0.08,1.0,1.0,2.0,2.0,1.0,0,False,11.54153823852539
/agv3/capability_report,1788412788.994281,1788412788.9897978,3,389259,0.08,0.08,1.0,1.0,2.0,2.0,1.0,0,False,11.75428581237793
/agv2/capability_report,1788412788.9965465,1788412788.9898765,2,390145,0.08,0.08,1.0,1.0,2.0,2.0,1.0,0,False,11.54153823852539
/agv1/capability_report,1788412788.998632,1788412788.9985623,1,390594,0.08,0.08,1.0,1.0,2.0,2.0,1.0,0,False,11.133772850036621
/agv3/capability_report,1788412789.00626,1788412789.0017726,3,389260,0.08,0.08,1.0,1.0,2.0,2.0,1.0,0,False,11.75428581237793
/agv1/capability_report,1788412789.0066261,1788412789.006561,1,390595,0.08,0.08,1.0,1.0,2.0,2.0,1.0,0,False,11.133772850036621
/agv2/capability_report,1788412789.0077405,1788412789.0018582,2,390146,0.08,0.08,1.0,1.0,2.0,2.0,1.0,0,False,11.701099395751953
/agv3/capability_report,1788412789.015326,1788412789.0097759,3,389261,0.08,0.08,1.0,1.0,2.0,2.0,1.0,0,False,11.75428581237793
/agv2/capability_report,1788412789.0153353,1788412789.0098321,2,390147,0.08,0.08,1.0,1.0,2.0,2.0,1.0,0,False,11.701099395751953
/agv1/capability_report,1788412789.0186307,1788412789.018562,1,390596,0.08,0.08,1.0,1.0,2.0,2.0,1.0,0,False,11.133772850036621
/agv3/capability_report,1788412789.0261729,1788412789.0217733,3,389262,0.08,0.08,1.0,1.0,2.0,2.0,1.0,0,False,11.75428581237793
/agv1/capability_report,1788412789.0266488,1788412789.026558,1,390597,0.08,0.08,1.0,1.0,2.0,2.0,1.0,0,False,11.133772850036621
/agv2/capability_report,1788412789.027126,1788412789.0218706,2,390148,0.08,0.08,1.0,1.0,2.0,2.0,1.0,0,False,11.701099395751953
/agv3/capability_report,1788412789.0342681,1788412789.029779,3,389263,0.08,0.08,1.0,1.0,2.0,2.0,1.0,0,False,11.75428581237793
/agv2/capability_report,1788412789.0362327,1788412789.0298772,2,390149,0.08,0.08,1.0,1.0,2.0,2.0,1.0,0,False,11.701099395751953
/agv1/capability_report,1788412789.038651,1788412789.038563,1,390598,0.08,0.08,1.0,1.0,2.0,2.0,1.0,0,False,11.133772850036621
/agv3/capability_report,1788412789.0463562,1788412789.0417833,3,389264,0.08,0.08,1.0,1.0,2.0,2.0,1.0,0,False,11.75428581237793
/agv1/capability_report,1788412789.046805,1788412789.04658,1,390599,0.08,0.08,1.0,1.0,2.0,2.0,1.0,0,False,11.133772850036621
/agv2/capability_report,1788412789.0480115,1788412789.0418372,2,390150,0.08,0.08,1.0,1.0,2.0,2.0,1.0,0,False,11.701099395751953
/agv3/capability_report,1788412789.0557747,1788412789.0497773,3,389265,0.08,0.08,1.0,1.0,2.0,2.0,1.0,0,False,11.75428581237793
/agv1/capability_report,1788412789.0588095,1788412789.0586045,1,390600,0.08,0.08,1.0,1.0,2.0,2.0,1.0,0,False,11.133772850036621
/agv2/capability_report,1788412789.0619557,1788412789.0498738,2,390151,0.08,0.08,1.0,1.0,2.0,2.0,1.0,0,False,11.701099395751953
/agv1/capability_report,1788412789.0668538,1788412789.0666394,1,390601,0.08,0.08,1.0,1.0,2.0,2.0,1.0,0,False,11.133772850036621
/agv3/capability_report,1788412789.067232,1788412789.061748,3,389266,0.08,0.08,1.0,1.0,2.0,2.0,1.0,0,False,11.75428581237793
/agv3/capability_report,1788412789.0743337,1788412789.0697622,3,389267,0.08,0.08,1.0,1.0,2.0,2.0,1.0,0,False,11.75428581237793
/agv1/capability_report,1788412789.0787117,1788412789.078579,1,390602,0.08,0.08,1.0,1.0,2.0,2.0,1.0,0,False,11.133772850036621
/agv2/capability_report,1788412789.0828884,1788412789.0618725,2,390152,0.08,0.08,1.0,1.0,2.0,2.0,1.0,0,False,11.701099395751953
/agv2/capability_report,1788412789.0866113,1788412789.06987,2,390153,0.08,0.08,1.0,1.0,2.0,2.0,1.0,0,False,11.701099395751953
/agv3/capability_report,1788412789.0866678,1788412789.081778,3,389268,0.08,0.08,1.0,1.0,2.0,2.0,1.0,0,False,11.75428581237793
/agv1/capability_report,1788412789.086741,1788412789.0866213,1,390603,0.08,0.08,1.0,1.0,2.0,2.0,1.0,0,False,10.885567665100098
/agv2/capability_report,1788412789.0895598,1788412789.0818756,2,390154,0.08,0.08,1.0,1.0,2.0,2.0,1.0,0,False,11.701099395751953
/agv2/capability_report,1788412789.0954669,1788412789.0898767,2,390155,0.08,0.08,1.0,1.0,2.0,2.0,1.0,0,False,11.701099395751953
/agv3/capability_report,1788412789.0975213,1788412789.0897982,3,389269,0.08,0.08,1.0,1.0,2.0,2.0,1.0,0,False,11.75428581237793
/agv1/capability_report,1788412789.098704,1788412789.0986106,1,390604,0.08,0.08,1.0,1.0,2.0,2.0,1.0,0,False,10.885567665100098
/agv1/capability_report,1788412789.106751,1788412789.1066113,1,390605,0.08,0.08,1.0,1.0,2.0,2.0,1.0,0,False,10.885567665100098
/agv2/capability_report,1788412789.108405,1788412789.1018703,2,390156,0.08,0.08,1.0,1.0,2.0,2.0,1.0,0,False,11.701099395751953
/agv3/capability_report,1788412789.108423,1788412789.101781,3,389270,0.08,0.08,1.0,1.0,2.0,2.0,1.0,0,False,11.75428581237793
/agv3/capability_report,1788412789.1144896,1788412789.1097791,3,389271,0.08,0.08,1.0,1.0,2.0,2.0,1.0,0,False,11.75428581237793
/agv2/capability_report,1788412789.115261,1788412789.1098692,2,390157,0.08,0.08,1.0,1.0,2.0,2.0,1.0,0,False,11.701099395751953
/agv1/capability_report,1788412789.1186957,1788412789.1185784,1,390606,0.08,0.08,1.0,1.0,2.0,2.0,1.0,0,False,10.885567665100098
/agv3/capability_report,1788412789.1264913,1788412789.1217785,3,389272,0.08,0.08,1.0,1.0,2.0,2.0,1.0,0,False,11.75428581237793
/agv1/capability_report,1788412789.1266534,1788412789.1265688,1,390607,0.08,0.08,1.0,1.0,2.0,2.0,1.0,0,False,10.885567665100098
/agv2/capability_report,1788412789.1281314,1788412789.121888,2,390158,0.08,0.08,1.0,1.0,2.0,2.0,1.0,0,False,11.701099395751953
/agv3/capability_report,1788412789.1345205,1788412789.1297755,3,389273,0.08,0.08,1.0,1.0,2.0,2.0,1.0,0,False,11.807472229003906
/agv2/capability_report,1788412789.135678,1788412789.1298788,2,390159,0.08,0.08,1.0,1.0,2.0,2.0,1.0,0,False,11.701099395751953
/agv1/capability_report,1788412789.1387558,1788412789.1386385,1,390608,0.08,0.08,1.0,1.0,2.0,2.0,1.0,0,False,10.885567665100098
/agv3/capability_report,1788412789.1463897,1788412789.1417792,3,389274,0.08,0.08,1.0,1.0,2.0,2.0,1.0,0,False,11.807472229003906
/agv1/capability_report,1788412789.146678,1788412789.1465693,1,390609,0.08,0.08,1.0,1.0,2.0,2.0,1.0,0,False,10.885567665100098
/agv2/capability_report,1788412789.147993,1788412789.141879,2,390160,0.08,0.08,1.0,1.0,2.0,2.0,1.0,0,False,11.701099395751953
/agv2/capability_report,1788412789.1555252,1788412789.14987,2,390161,0.08,0.08,1.0,1.0,2.0,2.0,1.0,0,False,11.701099395751953
/agv3/capability_report,1788412789.1555266,1788412789.149767,3,389275,0.08,0.08,1.0,1.0,2.0,2.0,1.0,0,False,11.807472229003906
/agv1/capability_report,1788412789.1588023,1788412789.1586802,1,390610,0.08,0.08,1.0,1.0,2.0,2.0,1.0,0,False,10.885567665100098
/agv3/capability_report,1788412789.166594,1788412789.1617687,3,389276,0.08,0.08,1.0,1.0,2.0,2.0,1.0,0,False,11.807472229003906
/agv1/capability_report,1788412789.1666648,1788412789.1665533,1,390611,0.08,0.08,1.0,1.0,2.0,2.0,1.0,0,False,10.885567665100098
/agv2/capability_report,1788412789.1678712,1788412789.1618702,2,390162,0.08,0.08,1.0,1.0,2.0,2.0,1.0,0,False,11.568131446838379
/agv2/capability_report,1788412789.1752834,1788412789.169862,2,390163,0.08,0.08,1.0,1.0,2.0,2.0,1.0,0,False,11.568131446838379
/agv1/capability_report,1788412789.1788816,1788412789.1786206,1,390612,0.08,0.08,1.0,1.0,2.0,2.0,1.0,0,False,10.885567665100098
/agv3/capability_report,1788412789.1790152,1788412789.169779,3,389277,0.08,0.08,1.0,1.0,2.0,2.0,1.0,0,False,11.807472229003906
/agv3/capability_report,1788412789.1865313,1788412789.1817837,3,389278,0.08,0.08,1.0,1.0,2.0,2.0,1.0,0,False,11.807472229003906
/agv1/capability_report,1788412789.1867185,1788412789.1865578,1,390613,0.08,0.08,1.0,1.0,2.0,2.0,1.0,0,False,10.885567665100098
/agv2/capability_report,1788412789.1873727,1788412789.1818793,2,390164,0.08,0.08,1.0,1.0,2.0,2.0,1.0,0,False,11.568131446838379
/agv3/capability_report,1788412789.1954992,1788412789.1897593,3,389279,0.08,0.08,1.0,1.0,2.0,2.0,1.0,0,False,11.807472229003906
/agv2/capability_report,1788412789.1972775,1788412789.1898649,2,390165,0.08,0.08,1.0,1.0,2.0,2.0,1.0,0,False,11.568131446838379
/agv1/capability_report,1788412789.198883,1788412789.19861,1,390614,0.08,0.08,1.0,1.0,2.0,2.0,1.0,0,False,10.885567665100098
/agv3/capability_report,1788412789.2063305,1788412789.2017777,3,389280,0.08,0.08,1.0,1.0,2.0,2.0,1.0,0,False,11.807472229003906
/agv1/capability_report,1788412789.2066383,1788412789.206561,1,390615,0.08,0.08,1.0,1.0,2.0,2.0,1.0,0,False,10.885567665100098
/agv2/capability_report,1788412789.2126112,1788412789.2018735,2,390166,0.08,0.08,1.0,1.0,2.0,2.0,1.0,0,False,11.568131446838379
/agv3/capability_report,1788412789.2145889,1788412789.2097733,3,389281,0.08,0.08,1.0,1.0,2.0,2.0,1.0,0,False,11.807472229003906
/agv2/capability_report,1788412789.2163234,1788412789.2098649,2,390167,0.08,0.08,1.0,1.0,2.0,2.0,1.0,0,False,11.568131446838379
/agv1/capability_report,1788412789.2186441,1788412789.2185593,1,390616,0.08,0.08,1.0,1.0,2.0,2.0,1.0,0,False,10.885567665100098
/agv3/capability_report,1788412789.2265244,1788412789.2217743,3,389282,0.08,0.08,1.0,1.0,2.0,2.0,1.0,0,False,11.807472229003906
/agv1/capability_report,1788412789.2265964,1788412789.2265558,1,390617,0.08,0.08,1.0,1.0,2.0,2.0,1.0,0,False,10.885567665100098
/agv2/capability_report,1788412789.2270856,1788412789.2218502,2,390168,0.08,0.08,1.0,1.0,2.0,2.0,1.0,0,False,11.568131446838379
/agv3/capability_report,1788412789.2344832,1788412789.2297852,3,389283,0.08,0.08,1.0,1.0,2.0,2.0,1.0,0,False,11.807472229003906
/agv2/capability_report,1788412789.237586,1788412789.229875,2,390169,0.08,0.08,1.0,1.0,2.0,2.0,1.0,0,False,11.568131446838379
/agv1/capability_report,1788412789.2387745,1788412789.2386057,1,390618,0.08,0.08,1.0,1.0,2.0,2.0,1.0,0,False,10.885567665100098
/agv1/capability_report,1788412789.2466323,1788412789.2465708,1,390619,0.08,0.08,1.0,1.0,2.0,2.0,1.0,0,False,11.107179641723633
/agv3/capability_report,1788412789.2470508,1788412789.2417808,3,389284,0.08,0.08,1.0,1.0,2.0,2.0,1.0,0,False,11.807472229003906
/agv2/capability_report,1788412789.2479937,1788412789.2418716,2,390170,0.08,0.08,1.0,1.0,2.0,2.0,1.0,0,False,11.568131446838379
/agv2/capability_report,1788412789.2555025,1788412789.249869,2,390171,0.08,0.08,1.0,1.0,2.0,2.0,1.0,0,False,11.568131446838379
/agv3/capability_report,1788412789.2555456,1788412789.2497928,3,389285,0.08,0.08,1.0,1.0,2.0,2.0,1.0,0,False,11.807472229003906
/agv1/capability_report,1788412789.2587545,1788412789.25863,1,390620,0.08,0.08,1.0,1.0,2.0,2.0,1.0,0,False,11.107179641723633
/agv3/capability_report,1788412789.2663517,1788412789.2617922,3,389286,0.08,0.08,1.0,1.0,2.0,2.0,1.0,0,False,11.807472229003906
/agv1/capability_report,1788412789.2667494,1788412789.266576,1,390621,0.08,0.08,1.0,1.0,2.0,2.0,1.0,0,False,11.107179641723633
/agv2/capability_report,1788412789.2676716,1788412789.2618754,2,390172,0.08,0.08,1.0,1.0,2.0,2.0,1.0,0,False,11.568131446838379
/agv3/capability_report,1788412789.2752013,1788412789.2697866,3,389287,0.08,0.08,1.0,1.0,2.0,2.0,1.0,0,False,11.807472229003906
/agv1/capability_report,1788412789.278752,1788412789.2786272,1,390622,0.08,0.08,1.0,1.0,2.0,2.0,1.0,0,False,11.107179641723633
/agv2/capability_report,1788412789.2793303,1788412789.269878,2,390173,0.08,0.08,1.0,1.0,2.0,2.0,1.0,0,False,11.568131446838379
/agv3/capability_report,1788412789.28637,1788412789.281782,3,389288,0.08,0.08,1.0,1.0,2.0,2.0,1.0,0,False,11.656776428222656
/agv1/capability_report,1788412789.286629,1788412789.2865696,1,390623,0.08,0.08,1.0,1.0,2.0,2.0,1.0,0,False,11.107179641723633
/agv2/capability_report,1788412789.2873032,1788412789.2818713,2,390174,0.08,0.08,1.0,1.0,2.0,2.0,1.0,0,False,11.568131446838379
/agv3/capability_report,1788412789.2949495,1788412789.2897997,3,389289,0.08,0.08,1.0,1.0,2.0,2.0,1.0,0,False,11.656776428222656
/agv2/capability_report,1788412789.296138,1788412789.2898715,2,390175,0.08,0.08,1.0,1.0,2.0,2.0,1.0,0,False,11.568131446838379
/agv1/capability_report,1788412789.2987077,1788412789.2985637,1,390624,0.08,0.08,1.0,1.0,2.0,2.0,1.0,0,False,11.107179641723633
/agv3/capability_report,1788412789.3065498,1788412789.3017836,3,389290,0.08,0.08,1.0,1.0,2.0,2.0,1.0,0,False,11.656776428222656
/agv1/capability_report,1788412789.3066366,1788412789.3065612,1,390625,0.08,0.08,1.0,1.0,2.0,2.0,1.0,0,False,11.107179641723633
/agv2/capability_report,1788412789.3074093,1788412789.3018727,2,390176,0.08,0.08,1.0,1.0,2.0,2.0,1.0,0,False,11.568131446838379
/agv3/capability_report,1788412789.3145177,1788412789.3097832,3,389291,0.08,0.08,1.0,1.0,2.0,2.0,1.0,0,False,11.656776428222656
/agv2/capability_report,1788412789.316219,1788412789.3098748,2,390177,0.08,0.08,1.0,1.0,2.0,2.0,1.0,0,False,11.568131446838379
/agv1/capability_report,1788412789.3187203,1788412789.3185623,1,390626,0.08,0.08,1.0,1.0,2.0,2.0,1.0,0,False,11.107179641723633
/agv3/capability_report,1788412789.3266392,1788412789.3217847,3,389292,0.08,0.08,1.0,1.0,2.0,2.0,1.0,0,False,11.656776428222656
/agv1/capability_report,1788412789.326682,1788412789.3265612,1,390627,0.08,0.08,1.0,1.0,2.0,2.0,1.0,0,False,11.107179641723633
/agv2/capability_report,1788412789.3275352,1788412789.321833,2,390178,0.08,0.08,1.0,1.0,2.0,2.0,1.0,0,False,11.70996379852295
/agv3/capability_report,1788412789.3344233,1788412789.3297467,3,389293,0.08,0.08,1.0,1.0,2.0,2.0,1.0,0,False,11.656776428222656
/agv2/capability_report,1788412789.3353825,1788412789.3298576,2,390179,0.08,0.08,1.0,1.0,2.0,2.0,1.0,0,False,11.70996379852295
/agv1/capability_report,1788412789.3387773,1788412789.3385618,1,390628,0.08,0.08,1.0,1.0,2.0,2.0,1.0,0,False,11.107179641723633
/agv3/capability_report,1788412789.3463056,1788412789.3417954,3,389294,0.08,0.08,1.0,1.0,2.0,2.0,1.0,0,False,11.656776428222656
/agv1/capability_report,1788412789.346653,1788412789.3465574,1,390629,0.08,0.08,1.0,1.0,2.0,2.0,1.0,0,False,11.107179641723633
/agv2/capability_report,1788412789.3468723,1788412789.3418756,2,390180,0.08,0.08,1.0,1.0,2.0,2.0,1.0,0,False,11.70996379852295
/agv3/capability_report,1788412789.3546019,1788412789.3497894,3,389295,0.08,0.08,1.0,1.0,2.0,2.0,1.0,0,False,11.656776428222656
/agv2/capability_report,1788412789.356094,1788412789.3498712,2,390181,0.08,0.08,1.0,1.0,2.0,2.0,1.0,0,False,11.70996379852295
/agv1/capability_report,1788412789.3588295,1788412789.35861,1,390630,0.08,0.08,1.0,1.0,2.0,2.0,1.0,0,False,11.107179641723633
/agv3/capability_report,1788412789.3663154,1788412789.3618047,3,389296,0.08,0.08,1.0,1.0,2.0,2.0,1.0,0,False,11.656776428222656
/agv1/capability_report,1788412789.366638,1788412789.3665557,1,390631,0.08,0.08,1.0,1.0,2.0,2.0,1.0,0,False,11.107179641723633
/agv2/capability_report,1788412789.3678343,1788412789.3618443,2,390182,0.08,0.08,1.0,1.0,2.0,2.0,1.0,0,False,11.70996379852295
/agv3/capability_report,1788412789.3744066,1788412789.3697777,3,389297,0.08,0.08,1.0,1.0,2.0,2.0,1.0,0,False,11.656776428222656
/agv2/capability_report,1788412789.3762658,1788412789.3698447,2,390183,0.08,0.08,1.0,1.0,2.0,2.0,1.0,0,False,11.70996379852295
/agv1/capability_report,1788412789.378753,1788412789.3785934,1,390632,0.08,0.08,1.0,1.0,2.0,2.0,1.0,0,False,11.107179641723633
/agv3/capability_report,1788412789.3867235,1788412789.3817794,3,389298,0.08,0.08,1.0,1.0,2.0,2.0,1.0,0,False,11.656776428222656
/agv1/capability_report,1788412789.3868093,1788412789.3865573,1,390633,0.08,0.08,1.0,1.0,2.0,2.0,1.0,0,False,11.107179641723633
/agv2/capability_report,1788412789.387539,1788412789.381866,2,390184,0.08,0.08,1.0,1.0,2.0,2.0,1.0,0,False,11.70996379852295
/agv3/capability_report,1788412789.3944435,1788412789.3897803,3,389299,0.08,0.08,1.0,1.0,2.0,2.0,1.0,0,False,11.656776428222656
/agv2/capability_report,1788412789.3954544,1788412789.3898842,2,390185,0.08,0.08,1.0,1.0,2.0,2.0,1.0,0,False,11.70996379852295
/agv1/capability_report,1788412789.3988397,1788412789.3987174,1,390634,0.08,0.08,1.0,1.0,2.0,2.0,1.0,0,False,11.107179641723633
/agv3/capability_report,1788412789.4064248,1788412789.4017692,3,389300,0.08,0.08,1.0,1.0,2.0,2.0,1.0,0,False,11.656776428222656
/agv1/capability_report,1788412789.4066327,1788412789.4065702,1,390635,0.08,0.08,1.0,1.0,2.0,2.0,1.0,0,False,11.107179641723633
/agv2/capability_report,1788412789.4080951,1788412789.4018762,2,390186,0.08,0.08,1.0,1.0,2.0,2.0,1.0,0,False,11.70996379852295
/agv3/capability_report,1788412789.4143987,1788412789.4097636,3,389301,0.08,0.08,1.0,1.0,2.0,2.0,1.0,0,False,11.656776428222656
/agv2/capability_report,1788412789.4152665,1788412789.4098759,2,390187,0.08,0.08,1.0,1.0,2.0,2.0,1.0,0,False,11.70996379852295
/agv1/capability_report,1788412789.4188535,1788412789.4187346,1,390636,0.08,0.08,1.0,1.0,2.0,2.0,1.0,0,False,11.107179641723633
/agv3/capability_report,1788412789.426448,1788412789.4217818,3,389302,0.08,0.08,1.0,1.0,2.0,2.0,1.0,0,False,11.656776428222656
/agv1/capability_report,1788412789.4266484,1788412789.4265778,1,390637,0.08,0.08,1.0,1.0,2.0,2.0,1.0,0,False,11.107179641723633
/agv2/capability_report,1788412789.4270797,1788412789.4218707,2,390188,0.08,0.08,1.0,1.0,2.0,2.0,1.0,0,False,11.70996379852295
/agv3/capability_report,1788412789.434451,1788412789.4297528,3,389303,0.08,0.08,1.0,1.0,2.0,2.0,1.0,0,False,11.656776428222656
/agv2/capability_report,1788412789.435817,1788412789.4298308,2,390189,0.08,0.08,1.0,1.0,2.0,2.0,1.0,0,False,11.70996379852295
/agv1/capability_report,1788412789.4387398,1788412789.4385934,1,390638,0.08,0.08,1.0,1.0,2.0,2.0,1.0,0,False,11.107179641723633
/agv3/capability_report,1788412789.4464052,1788412789.4418015,3,389304,0.08,0.08,1.0,1.0,2.0,2.0,1.0,0,False,11.75428581237793
/agv1/capability_report,1788412789.4466736,1788412789.4465683,1,390639,0.08,0.08,1.0,1.0,2.0,2.0,1.0,0,False,11.107179641723633
/agv2/capability_report,1788412789.448114,1788412789.4418705,2,390190,0.08,0.08,1.0,1.0,2.0,2.0,1.0,0,False,11.70996379852295
/agv3/capability_report,1788412789.4545147,1788412789.449765,3,389305,0.08,0.08,1.0,1.0,2.0,2.0,1.0,0,False,11.75428581237793
/agv2/capability_report,1788412789.4559135,1788412789.4498765,2,390191,0.08,0.08,1.0,1.0,2.0,2.0,1.0,0,False,11.70996379852295
/agv1/capability_report,1788412789.4588127,1788412789.4586818,1,390640,0.08,0.08,1.0,1.0,2.0,2.0,1.0,0,False,11.107179641723633
/agv3/capability_report,1788412789.4664834,1788412789.4617815,3,389306,0.08,0.08,1.0,1.0,2.0,2.0,1.0,0,False,11.75428581237793
/agv1/capability_report,1788412789.466661,1788412789.4665687,1,390641,0.08,0.08,1.0,1.0,2.0,2.0,1.0,0,False,11.107179641723633
/agv2/capability_report,1788412789.4671757,1788412789.4618418,2,390192,0.08,0.08,1.0,1.0,2.0,2.0,1.0,0,False,11.70996379852295
/agv3/capability_report,1788412789.4744785,1788412789.4697747,3,389307,0.08,0.08,1.0,1.0,2.0,2.0,1.0,0,False,11.75428581237793
/agv2/capability_report,1788412789.476006,1788412789.4698694,2,390193,0.08,0.08,1.0,1.0,2.0,2.0,1.0,0,False,11.70996379852295
/agv1/capability_report,1788412789.4787989,1788412789.4787064,1,390642,0.08,0.08,1.0,1.0,2.0,2.0,1.0,0,False,11.107179641723633
/agv1/capability_report,1788412789.4867716,1788412789.4866304,1,390643,0.08,0.08,1.0,1.0,2.0,2.0,1.0,0,False,11.107179641723633
/agv3/capability_report,1788412789.4869447,1788412789.4817154,3,389308,0.08,0.08,1.0,1.0,2.0,2.0,1.0,0,False,11.75428581237793
/agv2/capability_report,1788412789.4900756,1788412789.4818335,2,390194,0.08,0.08,1.0,1.0,2.0,2.0,1.0,0,False,11.674505233764648
/agv3/capability_report,1788412789.4942825,1788412789.4898071,3,389309,0.08,0.08,1.0,1.0,2.0,2.0,1.0,0,False,11.75428581237793
/agv2/capability_report,1788412789.4959807,1788412789.4898758,2,390195,0.08,0.08,1.0,1.0,2.0,2.0,1.0,0,False,11.674505233764648
/agv1/capability_report,1788412789.4987013,1788412789.4986293,1,390644,0.08,0.08,1.0,1.0,2.0,2.0,1.0,0,False,11.107179641723633
/agv3/capability_report,1788412789.5065837,1788412789.50178,3,389310,0.08,0.08,1.0,1.0,2.0,2.0,1.0,0,False,11.75428581237793
/agv1/capability_report,1788412789.5066295,1788412789.5065672,1,390645,0.08,0.08,1.0,1.0,2.0,2.0,1.0,0,False,11.107179641723633
/agv2/capability_report,1788412789.507127,1788412789.5018735,2,390196,0.08,0.08,1.0,1.0,2.0,2.0,1.0,0,False,11.674505233764648
/agv3/capability_report,1788412789.5144699,1788412789.5097442,3,389311,0.08,0.08,1.0,1.0,2.0,2.0,1.0,0,False,11.75428581237793
/agv2/capability_report,1788412789.5157378,1788412789.509873,2,390197,0.08,0.08,1.0,1.0,2.0,2.0,1.0,0,False,11.674505233764648
/agv1/capability_report,1788412789.5186596,1788412789.5185554,1,390646,0.08,0.08,1.0,1.0,2.0,2.0,1.0,0,False,11.107179641723633
/agv1/capability_report,1788412789.5267475,1788412789.5265565,1,390647,0.08,0.08,1.0,1.0,2.0,2.0,1.0,0,False,11.107179641723633
/agv3/capability_report,1788412789.5269077,1788412789.5217726,3,389312,0.08,0.08,1.0,1.0,2.0,2.0,1.0,0,False,11.75428581237793
/agv2/capability_report,1788412789.5277727,1788412789.5218766,2,390198,0.08,0.08,1.0,1.0,2.0,2.0,1.0,0,False,11.674505233764648
/agv3/capability_report,1788412789.5344183,1788412789.5297642,3,389313,0.08,0.08,1.0,1.0,2.0,2.0,1.0,0,False,11.75428581237793
/agv2/capability_report,1788412789.536218,1788412789.5298765,2,390199,0.08,0.08,1.0,1.0,2.0,2.0,1.0,0,False,11.674505233764648
/agv1/capability_report,1788412789.5386276,1788412789.5385628,1,390648,0.08,0.08,1.0,1.0,2.0,2.0,1.0,0,False,11.107179641723633
/agv3/capability_report,1788412789.546566,1788412789.5417864,3,389314,0.08,0.08,1.0,1.0,2.0,2.0,1.0,0,False,11.75428581237793
/agv1/capability_report,1788412789.5466187,1788412789.5465524,1,390649,0.08,0.08,1.0,1.0,2.0,2.0,1.0,0,False,11.107179641723633
/agv2/capability_report,1788412789.5488937,1788412789.541873,2,390200,0.08,0.08,1.0,1.0,2.0,2.0,1.0,0,False,11.674505233764648
/agv3/capability_report,1788412789.5545359,1788412789.5497804,3,389315,0.08,0.08,1.0,1.0,2.0,2.0,1.0,0,False,11.75428581237793
/agv2/capability_report,1788412789.5554984,1788412789.549875,2,390201,0.08,0.08,1.0,1.0,2.0,2.0,1.0,0,False,11.674505233764648
/agv1/capability_report,1788412789.5587943,1788412789.5586305,1,390650,0.08,0.08,1.0,1.0,2.0,2.0,1.0,0,False,11.107179641723633
/agv3/capability_report,1788412789.5666642,1788412789.5618002,3,389316,0.08,0.08,1.0,1.0,2.0,2.0,1.0,0,False,11.75428581237793
/agv1/capability_report,1788412789.5666897,1788412789.5665898,1,390651,0.08,0.08,1.0,1.0,2.0,2.0,1.0,0,False,11.107179641723633
/agv2/capability_report,1788412789.5680661,1788412789.5618737,2,390202,0.08,0.08,1.0,1.0,2.0,2.0,1.0,0,False,11.674505233764648
/agv3/capability_report,1788412789.5747244,1788412789.5697777,3,389317,0.08,0.08,1.0,1.0,2.0,2.0,1.0,0,False,11.75428581237793
/agv2/capability_report,1788412789.5761614,1788412789.569874,2,390203,0.08,0.08,1.0,1.0,2.0,2.0,1.0,0,False,11.674505233764648
/agv1/capability_report,1788412789.5788891,1788412789.5785868,1,390652,0.08,0.08,1.0,1.0,2.0,2.0,1.0,0,False,11.266739845275879
/agv1/capability_report,1788412789.586831,1788412789.586588,1,390653,0.08,0.08,1.0,1.0,2.0,2.0,1.0,0,False,11.266739845275879
/agv2/capability_report,1788412789.5878594,1788412789.581869,2,390204,0.08,0.08,1.0,1.0,2.0,2.0,1.0,0,False,11.674505233764648
/agv3/capability_report,1788412789.5878644,1788412789.5817869,3,389318,0.08,0.08,1.0,1.0,2.0,2.0,1.0,0,False,11.75428581237793
/agv3/capability_report,1788412789.5957842,1788412789.5898044,3,389319,0.08,0.08,1.0,1.0,2.0,2.0,1.0,0,False,11.75428581237793
/agv2/capability_report,1788412789.5959742,1788412789.5898988,2,390205,0.08,0.08,1.0,1.0,2.0,2.0,1.0,0,False,11.674505233764648
/agv1/capability_report,1788412789.5988631,1788412789.5985887,1,390654,0.08,0.08,1.0,1.0,2.0,2.0,1.0,0,False,11.266739845275879
/agv3/capability_report,1788412789.6065207,1788412789.6017773,3,389320,0.08,0.08,1.0,1.0,2.0,2.0,1.0,0,False,11.576996803283691
/agv1/capability_report,1788412789.6066535,1788412789.6065621,1,390655,0.08,0.08,1.0,1.0,2.0,2.0,1.0,0,False,11.266739845275879
/agv2/capability_report,1788412789.6079917,1788412789.6018775,2,390206,0.08,0.08,1.0,1.0,2.0,2.0,1.0,0,False,11.674505233764648
/agv2/capability_report,1788412789.615193,1788412789.6098723,2,390207,0.08,0.08,1.0,1.0,2.0,2.0,1.0,0,False,11.674505233764648
/agv3/capability_report,1788412789.6152349,1788412789.6097744,3,389321,0.08,0.08,1.0,1.0,2.0,2.0,1.0,0,False,11.576996803283691
/agv1/capability_report,1788412789.6188548,1788412789.6186953,1,390656,0.08,0.08,1.0,1.0,2.0,2.0,1.0,0,False,11.266739845275879
/agv3/capability_report,1788412789.6264806,1788412789.6217837,3,389322,0.08,0.08,1.0,1.0,2.0,2.0,1.0,0,False,11.576996803283691
/agv1/capability_report,1788412789.6266418,1788412789.6265626,1,390657,0.08,0.08,1.0,1.0,2.0,2.0,1.0,0,False,11.266739845275879
/agv2/capability_report,1788412789.6281848,1788412789.6218736,2,390208,0.08,0.08,1.0,1.0,2.0,2.0,1.0,0,False,11.674505233764648
/agv3/capability_report,1788412789.6344054,1788412789.6297832,3,389323,0.08,0.08,1.0,1.0,2.0,2.0,1.0,0,False,11.576996803283691
/agv2/capability_report,1788412789.636048,1788412789.6298795,2,390209,0.08,0.08,1.0,1.0,2.0,2.0,1.0,0,False,11.674505233764648
/agv1/capability_report,1788412789.6386843,1788412789.6385953,1,390658,0.08,0.08,1.0,1.0,2.0,2.0,1.0,0,False,11.266739845275879
/agv1/capability_report,1788412789.6466281,1788412789.6465547,1,390659,0.08,0.08,1.0,1.0,2.0,2.0,1.0,0,False,11.266739845275879
/agv3/capability_report,1788412789.64709,1788412789.641761,3,389324,0.08,0.08,1.0,1.0,2.0,2.0,1.0,0,False,11.576996803283691
/agv2/capability_report,1788412789.647168,1788412789.6418746,2,390210,0.08,0.08,1.0,1.0,2.0,2.0,1.0,0,False,11.674505233764648
/agv3/capability_report,1788412789.6550002,1788412789.6497734,3,389325,0.08,0.08,1.0,1.0,2.0,2.0,1.0,0,False,11.576996803283691
/agv2/capability_report,1788412789.655167,1788412789.649874,2,390211,0.08,0.08,1.0,1.0,2.0,2.0,1.0,0,False,11.674505233764648
/agv1/capability_report,1788412789.6587405,1788412789.6586075,1,390660,0.08,0.08,1.0,1.0,2.0,2.0,1.0,0,False,11.266739845275879
/agv1/capability_report,1788412789.66664,1788412789.6665945,1,390661,0.08,0.08,1.0,1.0,2.0,2.0,1.0,0,False,11.266739845275879
/agv3/capability_report,1788412789.6671038,1788412789.661779,3,389326,0.08,0.08,1.0,1.0,2.0,2.0,1.0,0,False,11.576996803283691
/agv2/capability_report,1788412789.6672785,1788412789.661871,2,390212,0.08,0.08,1.0,1.0,2.0,2.0,1.0,0,False,11.674505233764648
/agv3/capability_report,1788412789.6748457,1788412789.6697516,3,389327,0.08,0.08,1.0,1.0,2.0,2.0,1.0,0,False,11.576996803283691
/agv2/capability_report,1788412789.6760335,1788412789.6698818,2,390213,0.08,0.08,1.0,1.0,2.0,2.0,1.0,0,False,11.674505233764648
/agv1/capability_report,1788412789.678698,1788412789.6785579,1,390662,0.08,0.08,1.0,1.0,2.0,2.0,1.0,0,False,11.266739845275879
/agv1/capability_report,1788412789.6866019,1788412789.6865537,1,390663,0.08,0.08,1.0,1.0,2.0,2.0,1.0,0,False,11.266739845275879
/agv2/capability_report,1788412789.6884878,1788412789.6818755,2,390214,0.08,0.08,1.0,1.0,2.0,2.0,1.0,0,False,11.674505233764648
/agv3/capability_report,1788412789.6885371,1788412789.6818345,3,389328,0.08,0.08,1.0,1.0,2.0,2.0,1.0,0,False,11.576996803283691
/agv3/capability_report,1788412789.6953902,1788412789.6897845,3,389329,0.08,0.08,1.0,1.0,2.0,2.0,1.0,0,False,11.576996803283691
/agv2/capability_report,1788412789.6965194,1788412789.6898916,2,390215,0.08,0.08,1.0,1.0,2.0,2.0,1.0,0,False,11.674505233764648
/agv1/capability_report,1788412789.69871,1788412789.6986089,1,390664,0.08,0.08,1.0,1.0,2.0,2.0,1.0,0,False,11.266739845275879
/agv1/capability_report,1788412789.706886,1788412789.7065868,1,390665,0.08,0.08,1.0,1.0,2.0,2.0,1.0,0,False,11.266739845275879
/agv3/capability_report,1788412789.7070262,1788412789.7017827,3,389330,0.08,0.08,1.0,1.0,2.0,2.0,1.0,0,False,11.576996803283691
/agv2/capability_report,1788412789.7112956,1788412789.701874,2,390216,0.08,0.08,1.0,1.0,2.0,2.0,1.0,0,False,11.674505233764648
/agv3/capability_report,1788412789.7145832,1788412789.7097828,3,389331,0.08,0.08,1.0,1.0,2.0,2.0,1.0,0,False,11.576996803283691
/agv2/capability_report,1788412789.7161129,1788412789.7098763,2,390217,0.08,0.08,1.0,1.0,2.0,2.0,1.0,0,False,11.674505233764648
/agv1/capability_report,1788412789.718702,1788412789.7186038,1,390666,0.08,0.08,1.0,1.0,2.0,2.0,1.0,0,False,11.266739845275879
/agv3/capability_report,1788412789.7264104,1788412789.721728,3,389332,0.08,0.08,1.0,1.0,2.0,2.0,1.0,0,False,11.576996803283691
/agv1/capability_report,1788412789.7266586,1788412789.7265582,1,390667,0.08,0.08,1.0,1.0,2.0,2.0,1.0,0,False,11.34652042388916
/agv2/capability_report,1788412789.7287462,1788412789.7218745,2,390218,0.08,0.08,1.0,1.0,2.0,2.0,1.0,0,False,11.674505233764648
/agv3/capability_report,1788412789.7348933,1788412789.729733,3,389333,0.08,0.08,1.0,1.0,2.0,2.0,1.0,0,False,11.576996803283691
/agv2/capability_report,1788412789.7354522,1788412789.7298703,2,390219,0.08,0.08,1.0,1.0,2.0,2.0,1.0,0,False,11.674505233764648
/agv1/capability_report,1788412789.7387345,1788412789.738608,1,390668,0.08,0.08,1.0,1.0,2.0,2.0,1.0,0,False,11.34652042388916
/agv3/capability_report,1788412789.7466404,1788412789.7417774,3,389334,0.08,0.08,1.0,1.0,2.0,2.0,1.0,0,False,11.576996803283691
/agv1/capability_report,1788412789.7466488,1788412789.7465577,1,390669,0.08,0.08,1.0,1.0,2.0,2.0,1.0,0,False,11.34652042388916
/agv2/capability_report,1788412789.7476633,1788412789.7418783,2,390220,0.08,0.08,1.0,1.0,2.0,2.0,1.0,0,False,11.674505233764648
/agv3/capability_report,1788412789.7547154,1788412789.749778,3,389335,0.08,0.08,1.0,1.0,2.0,2.0,1.0,0,False,11.576996803283691
/agv2/capability_report,1788412789.7559853,1788412789.7498345,2,390221,0.08,0.08,1.0,1.0,2.0,2.0,1.0,0,False,11.674505233764648
/agv1/capability_report,1788412789.7586648,1788412789.758559,1,390670,0.08,0.08,1.0,1.0,2.0,2.0,1.0,0,False,11.34652042388916
/agv3/capability_report,1788412789.766456,1788412789.7618015,3,389336,0.08,0.08,1.0,1.0,2.0,2.0,1.0,0,False,11.772014617919922
/agv1/capability_report,1788412789.7666554,1788412789.7665532,1,390671,0.08,0.08,1.0,1.0,2.0,2.0,1.0,0,False,11.34652042388916
/agv2/capability_report,1788412789.768098,1788412789.761859,2,390222,0.08,0.08,1.0,1.0,2.0,2.0,1.0,0,False,11.674505233764648
/agv3/capability_report,1788412789.7749538,1788412789.7697678,3,389337,0.08,0.08,1.0,1.0,2.0,2.0,1.0,0,False,11.772014617919922
/agv2/capability_report,1788412789.7758944,1788412789.7698767,2,390223,0.08,0.08,1.0,1.0,2.0,2.0,1.0,0,False,11.674505233764648
/agv1/capability_report,1788412789.778742,1788412789.7785904,1,390672,0.08,0.08,1.0,1.0,2.0,2.0,1.0,0,False,11.34652042388916
/agv3/capability_report,1788412789.7864213,1788412789.7817802,3,389338,0.08,0.08,1.0,1.0,2.0,2.0,1.0,0,False,11.772014617919922
/agv1/capability_report,1788412789.7866762,1788412789.7865627,1,390673,0.08,0.08,1.0,1.0,2.0,2.0,1.0,0,False,11.34652042388916
/agv2/capability_report,1788412789.7875595,1788412789.7818785,2,390224,0.08,0.08,1.0,1.0,2.0,2.0,1.0,0,False,11.674505233764648
/agv3/capability_report,1788412789.7948434,1788412789.7897882,3,389339,0.08,0.08,1.0,1.0,2.0,2.0,1.0,0,False,11.772014617919922
/agv2/capability_report,1788412789.7961426,1788412789.7898896,2,390225,0.08,0.08,1.0,1.0,2.0,2.0,1.0,0,False,11.674505233764648
/agv1/capability_report,1788412789.7986782,1788412789.798558,1,390674,0.08,0.08,1.0,1.0,2.0,2.0,1.0,0,False,11.34652042388916
/agv3/capability_report,1788412789.8063061,1788412789.8017821,3,389340,0.08,0.08,1.0,1.0,2.0,2.0,1.0,0,False,11.772014617919922
/agv1/capability_report,1788412789.8066392,1788412789.8065588,1,390675,0.08,0.08,1.0,1.0,2.0,2.0,1.0,0,False,11.34652042388916
/agv2/capability_report,1788412789.8086333,1788412789.8018725,2,390226,0.08,0.08,1.0,1.0,2.0,2.0,1.0,0,False,11.594725608825684
/agv3/capability_report,1788412789.8156884,1788412789.8097732,3,389341,0.08,0.08,1.0,1.0,2.0,2.0,1.0,0,False,11.772014617919922
/agv2/capability_report,1788412789.8171275,1788412789.8098714,2,390227,0.08,0.08,1.0,1.0,2.0,2.0,1.0,0,False,11.594725608825684
/agv1/capability_report,1788412789.8187768,1788412789.8185883,1,390676,0.08,0.08,1.0,1.0,2.0,2.0,1.0,0,False,11.34652042388916
/agv3/capability_report,1788412789.826342,1788412789.821779,3,389342,0.08,0.08,1.0,1.0,2.0,2.0,1.0,0,False,11.772014617919922
/agv1/capability_report,1788412789.8266792,1788412789.826553,1,390677,0.08,0.08,1.0,1.0,2.0,2.0,1.0,0,False,11.34652042388916
/agv2/capability_report,1788412789.8286781,1788412789.821873,2,390228,0.08,0.08,1.0,1.0,2.0,2.0,1.0,0,False,11.594725608825684
/agv3/capability_report,1788412789.8362396,1788412789.8297749,3,389343,0.08,0.08,1.0,1.0,2.0,2.0,1.0,0,False,11.772014617919922
/agv2/capability_report,1788412789.838468,1788412789.8298793,2,390229,0.08,0.08,1.0,1.0,2.0,2.0,1.0,0,False,11.594725608825684
/agv1/capability_report,1788412789.8386517,1788412789.8385541,1,390678,0.08,0.08,1.0,1.0,2.0,2.0,1.0,0,False,11.34652042388916
/agv3/capability_report,1788412789.846418,1788412789.8417606,3,389344,0.08,0.08,1.0,1.0,2.0,2.0,1.0,0,False,11.772014617919922
/agv1/capability_report,1788412789.8466494,1788412789.8465672,1,390679,0.08,0.08,1.0,1.0,2.0,2.0,1.0,0,False,11.34652042388916
/agv2/capability_report,1788412789.8475056,1788412789.8418472,2,390230,0.08,0.08,1.0,1.0,2.0,2.0,1.0,0,False,11.594725608825684
/agv3/capability_report,1788412789.8544145,1788412789.8497958,3,389345,0.08,0.08,1.0,1.0,2.0,2.0,1.0,0,False,11.772014617919922
/agv2/capability_report,1788412789.8556066,1788412789.8498747,2,390231,0.08,0.08,1.0,1.0,2.0,2.0,1.0,0,False,11.594725608825684
/agv1/capability_report,1788412789.8587954,1788412789.8585944,1,390680,0.08,0.08,1.0,1.0,2.0,2.0,1.0,0,False,11.34652042388916
/agv3/capability_report,1788412789.8664637,1788412789.8618288,3,389346,0.08,0.08,1.0,1.0,2.0,2.0,1.0,0,False,11.772014617919922
/agv1/capability_report,1788412789.86659,1788412789.8665502,1,390681,0.08,0.08,1.0,1.0,2.0,2.0,1.0,0,False,11.34652042388916
/agv2/capability_report,1788412789.8672767,1788412789.861877,2,390232,0.08,0.08,1.0,1.0,2.0,2.0,1.0,0,False,11.594725608825684
/agv3/capability_report,1788412789.8742402,1788412789.8697903,3,389347,0.08,0.08,1.0,1.0,2.0,2.0,1.0,0,False,11.772014617919922
/agv2/capability_report,1788412789.87667,1788412789.8698647,2,390233,0.08,0.08,1.0,1.0,2.0,2.0,1.0,0,False,11.594725608825684
/agv1/capability_report,1788412789.8786867,1788412789.8785908,1,390682,0.08,0.08,1.0,1.0,2.0,2.0,1.0,0,False,11.34652042388916
/agv3/capability_report,1788412789.8863542,1788412789.8818123,3,389348,0.08,0.08,1.0,1.0,2.0,2.0,1.0,0,False,11.772014617919922
/agv1/capability_report,1788412789.8865983,1788412789.8865545,1,390683,0.08,0.08,1.0,1.0,2.0,2.0,1.0,0,False,10.983077049255371
/agv2/capability_report,1788412789.888384,1788412789.881862,2,390234,0.08,0.08,1.0,1.0,2.0,2.0,1.0,0,False,11.594725608825684
/agv3/capability_report,1788412789.8942995,1788412789.8897967,3,389349,0.08,0.08,1.0,1.0,2.0,2.0,1.0,0,False,11.772014617919922
/agv2/capability_report,1788412789.8954458,1788412789.8898737,2,390235,0.08,0.08,1.0,1.0,2.0,2.0,1.0,0,False,11.594725608825684
/agv1/capability_report,1788412789.8987787,1788412789.8985865,1,390684,0.08,0.08,1.0,1.0,2.0,2.0,1.0,0,False,10.983077049255371
/agv3/capability_report,1788412789.9067183,1788412789.9017587,3,389350,0.08,0.08,1.0,1.0,2.0,2.0,1.0,0,False,11.772014617919922
/agv1/capability_report,1788412789.9067283,1788412789.9066,1,390685,0.08,0.08,1.0,1.0,2.0,2.0,1.0,0,False,10.983077049255371
/agv2/capability_report,1788412789.90788,1788412789.90187,2,390236,0.08,0.08,1.0,1.0,2.0,2.0,1.0,0,False,11.594725608825684
/agv3/capability_report,1788412789.9151964,1788412789.9097724,3,389351,0.08,0.08,1.0,1.0,2.0,2.0,1.0,0,False,11.772014617919922
/agv2/capability_report,1788412789.9161885,1788412789.90987,2,390237,0.08,0.08,1.0,1.0,2.0,2.0,1.0,0,False,11.594725608825684
/agv1/capability_report,1788412789.918772,1788412789.9185574,1,390686,0.08,0.08,1.0,1.0,2.0,2.0,1.0,0,False,10.983077049255371
/agv1/capability_report,1788412789.926745,1788412789.926586,1,390687,0.08,0.08,1.0,1.0,2.0,2.0,1.0,0,False,10.983077049255371
/agv2/capability_report,1788412789.9273262,1788412789.9218712,2,390238,0.08,0.08,1.0,1.0,2.0,2.0,1.0,0,False,11.594725608825684
/agv3/capability_report,1788412789.9273746,1788412789.9217763,3,389352,0.08,0.08,1.0,1.0,2.0,2.0,1.0,0,False,11.630183219909668
/agv3/capability_report,1788412789.93441,1788412789.9297771,3,389353,0.08,0.08,1.0,1.0,2.0,2.0,1.0,0,False,11.630183219909668
/agv2/capability_report,1788412789.9361537,1788412789.929874,2,390239,0.08,0.08,1.0,1.0,2.0,2.0,1.0,0,False,11.594725608825684
/agv1/capability_report,1788412789.9388037,1788412789.9385939,1,390688,0.08,0.08,1.0,1.0,2.0,2.0,1.0,0,False,10.983077049255371
/agv3/capability_report,1788412789.9465828,1788412789.9417803,3,389354,0.08,0.08,1.0,1.0,2.0,2.0,1.0,0,False,11.630183219909668
/agv1/capability_report,1788412789.9466593,1788412789.9465942,1,390689,0.08,0.08,1.0,1.0,2.0,2.0,1.0,0,False,10.983077049255371
/agv2/capability_report,1788412789.948006,1788412789.9418714,2,390240,0.08,0.08,1.0,1.0,2.0,2.0,1.0,0,False,11.594725608825684
/agv3/capability_report,1788412789.9549015,1788412789.949792,3,389355,0.08,0.08,1.0,1.0,2.0,2.0,1.0,0,False,11.630183219909668
/agv2/capability_report,1788412789.9572074,1788412789.949859,2,390241,0.08,0.08,1.0,1.0,2.0,2.0,1.0,0,False,11.594725608825684
/agv1/capability_report,1788412789.958762,1788412789.9586122,1,390690,0.08,0.08,1.0,1.0,2.0,2.0,1.0,0,False,10.983077049255371
/agv3/capability_report,1788412789.966374,1788412789.9617846,3,389356,0.08,0.08,1.0,1.0,2.0,2.0,1.0,0,False,11.630183219909668
/agv1/capability_report,1788412789.966694,1788412789.9665778,1,390691,0.08,0.08,1.0,1.0,2.0,2.0,1.0,0,False,10.983077049255371
/agv2/capability_report,1788412789.9694846,1788412789.9618726,2,390242,0.08,0.08,1.0,1.0,2.0,2.0,1.0,0,False,11.674505233764648
/agv3/capability_report,1788412789.97439,1788412789.969794,3,389357,0.08,0.08,1.0,1.0,2.0,2.0,1.0,0,False,11.630183219909668
/agv2/capability_report,1788412789.974985,1788412789.969907,2,390243,0.08,0.08,1.0,1.0,2.0,2.0,1.0,0,False,11.674505233764648
/agv1/capability_report,1788412789.978709,1788412789.9786026,1,390692,0.08,0.08,1.0,1.0,2.0,2.0,1.0,0,False,10.983077049255371
/agv3/capability_report,1788412789.9866905,1788412789.9817986,3,389358,0.08,0.08,1.0,1.0,2.0,2.0,1.0,0,False,11.630183219909668
/agv1/capability_report,1788412789.9867008,1788412789.9865673,1,390693,0.08,0.08,1.0,1.0,2.0,2.0,1.0,0,False,10.983077049255371
/agv2/capability_report,1788412789.9878578,1788412789.9818778,2,390244,0.08,0.08,1.0,1.0,2.0,2.0,1.0,0,False,11.674505233764648
/agv3/capability_report,1788412789.9944212,1788412789.9898052,3,389359,0.08,0.08,1.0,1.0,2.0,2.0,1.0,0,False,11.630183219909668
/agv2/capability_report,1788412789.9957187,1788412789.9899173,2,390245,0.08,0.08,1.0,1.0,2.0,2.0,1.0,0,False,11.674505233764648
/agv1/capability_report,1788412789.9987626,1788412789.998563,1,390694,0.08,0.08,1.0,1.0,2.0,2.0,1.0,0,False,10.983077049255371
/agv3/capability_report,1788412790.0063426,1788412790.0017846,3,389360,0.08,0.08,1.0,1.0,2.0,2.0,1.0,0,False,11.630183219909668
/agv1/capability_report,1788412790.0066411,1788412790.0065615,1,390695,0.08,0.08,1.0,1.0,2.0,2.0,1.0,0,False,10.983077049255371
/agv2/capability_report,1788412790.0073676,1788412790.0018568,2,390246,0.08,0.08,1.0,1.0,2.0,2.0,1.0,0,False,11.674505233764648
/agv3/capability_report,1788412790.0144181,1788412790.0097659,3,389361,0.08,0.08,1.0,1.0,2.0,2.0,1.0,0,False,11.630183219909668
/agv2/capability_report,1788412790.0163376,1788412790.009877,2,390247,0.08,0.08,1.0,1.0,2.0,2.0,1.0,0,False,11.674505233764648
/agv1/capability_report,1788412790.0186777,1788412790.018591,1,390696,0.08,0.08,1.0,1.0,2.0,2.0,1.0,0,False,10.983077049255371
/agv3/capability_report,1788412790.026421,1788412790.0217779,3,389362,0.08,0.08,1.0,1.0,2.0,2.0,1.0,0,False,11.630183219909668
/agv1/capability_report,1788412790.0267065,1788412790.0265613,1,390697,0.08,0.08,1.0,1.0,2.0,2.0,1.0,0,False,10.983077049255371
/agv2/capability_report,1788412790.0275943,1788412790.0218692,2,390248,0.08,0.08,1.0,1.0,2.0,2.0,1.0,0,False,11.674505233764648
/agv2/capability_report,1788412790.0356903,1788412790.0298347,2,390249,0.08,0.08,1.0,1.0,2.0,2.0,1.0,0,False,11.674505233764648
/agv3/capability_report,1788412790.0373127,1788412790.0297797,3,389363,0.08,0.08,1.0,1.0,2.0,2.0,1.0,0,False,11.630183219909668
/agv1/capability_report,1788412790.0386577,1788412790.038561,1,390698,0.08,0.08,1.0,1.0,2.0,2.0,1.0,0,False,10.983077049255371
/agv3/capability_report,1788412790.0464022,1788412790.0417645,3,389364,0.08,0.08,1.0,1.0,2.0,2.0,1.0,0,False,11.630183219909668
/agv1/capability_report,1788412790.046627,1788412790.0465627,1,390699,0.08,0.08,1.0,1.0,2.0,2.0,1.0,0,False,11.222417831420898
/agv2/capability_report,1788412790.0480018,1788412790.0418804,2,390250,0.08,0.08,1.0,1.0,2.0,2.0,1.0,0,False,11.674505233764648
/agv2/capability_report,1788412790.055924,1788412790.049883,2,390251,0.08,0.08,1.0,1.0,2.0,2.0,1.0,0,False,11.674505233764648
/agv3/capability_report,1788412790.0581093,1788412790.0497751,3,389365,0.08,0.08,1.0,1.0,2.0,2.0,1.0,0,False,11.630183219909668
/agv1/capability_report,1788412790.0587907,1788412790.0586045,1,390700,0.08,0.08,1.0,1.0,2.0,2.0,1.0,0,False,11.222417831420898
/agv3/capability_report,1788412790.066455,1788412790.0617862,3,389366,0.08,0.08,1.0,1.0,2.0,2.0,1.0,0,False,11.630183219909668
/agv1/capability_report,1788412790.0666983,1788412790.066553,1,390701,0.08,0.08,1.0,1.0,2.0,2.0,1.0,0,False,11.222417831420898
/agv2/capability_report,1788412790.0675552,1788412790.061876,2,390252,0.08,0.08,1.0,1.0,2.0,2.0,1.0,0,False,11.674505233764648
/agv3/capability_report,1788412790.0746574,1788412790.069766,3,389367,0.08,0.08,1.0,1.0,2.0,2.0,1.0,0,False,11.630183219909668
/agv1/capability_report,1788412790.0788467,1788412790.078615,1,390702,0.08,0.08,1.0,1.0,2.0,2.0,1.0,0,False,11.222417831420898
/agv2/capability_report,1788412790.0788963,1788412790.069878,2,390253,0.08,0.08,1.0,1.0,2.0,2.0,1.0,0,False,11.674505233764648
/agv3/capability_report,1788412790.0863698,1788412790.0817862,3,389368,0.08,0.08,1.0,1.0,2.0,2.0,1.0,0,False,11.763150215148926
/agv1/capability_report,1788412790.0866668,1788412790.086559,1,390703,0.08,0.08,1.0,1.0,2.0,2.0,1.0,0,False,11.222417831420898
/agv2/capability_report,1788412790.0874667,1788412790.081872,2,390254,0.08,0.08,1.0,1.0,2.0,2.0,1.0,0,False,11.674505233764648
/agv3/capability_report,1788412790.0942485,1788412790.0897422,3,389369,0.08,0.08,1.0,1.0,2.0,2.0,1.0,0,False,11.763150215148926
/agv2/capability_report,1788412790.095833,1788412790.0898864,2,390255,0.08,0.08,1.0,1.0,2.0,2.0,1.0,0,False,11.674505233764648
/agv1/capability_report,1788412790.0987816,1788412790.0985599,1,390704,0.08,0.08,1.0,1.0,2.0,2.0,1.0,0,False,11.222417831420898
/agv1/capability_report,1788412790.1067212,1788412790.1065793,1,390705,0.08,0.08,1.0,1.0,2.0,2.0,1.0,0,False,11.222417831420898
/agv3/capability_report,1788412790.1069274,1788412790.1017976,3,389370,0.08,0.08,1.0,1.0,2.0,2.0,1.0,0,False,11.763150215148926
/agv2/capability_report,1788412790.1069539,1788412790.1018722,2,390256,0.08,0.08,1.0,1.0,2.0,2.0,1.0,0,False,11.674505233764648
/agv3/capability_report,1788412790.114371,1788412790.1097758,3,389371,0.08,0.08,1.0,1.0,2.0,2.0,1.0,0,False,11.763150215148926
/agv2/capability_report,1788412790.115305,1788412790.1098747,2,390257,0.08,0.08,1.0,1.0,2.0,2.0,1.0,0,False,11.674505233764648
/agv1/capability_report,1788412790.1188061,1788412790.118609,1,390706,0.08,0.08,1.0,1.0,2.0,2.0,1.0,0,False,11.222417831420898
/agv3/capability_report,1788412790.126645,1788412790.121774,3,389372,0.08,0.08,1.0,1.0,2.0,2.0,1.0,0,False,11.763150215148926
/agv1/capability_report,1788412790.1266983,1788412790.1265624,1,390707,0.08,0.08,1.0,1.0,2.0,2.0,1.0,0,False,11.222417831420898
/agv2/capability_report,1788412790.1294124,1788412790.1218703,2,390258,0.08,0.08,1.0,1.0,2.0,2.0,1.0,0,False,11.630183219909668
/agv3/capability_report,1788412790.1345544,1788412790.129768,3,389373,0.08,0.08,1.0,1.0,2.0,2.0,1.0,0,False,11.763150215148926
/agv2/capability_report,1788412790.1357636,1788412790.1298742,2,390259,0.08,0.08,1.0,1.0,2.0,2.0,1.0,0,False,11.630183219909668
/agv1/capability_report,1788412790.1387227,1788412790.1386008,1,390708,0.08,0.08,1.0,1.0,2.0,2.0,1.0,0,False,11.222417831420898
/agv3/capability_report,1788412790.1463923,1788412790.141778,3,389374,0.08,0.08,1.0,1.0,2.0,2.0,1.0,0,False,11.763150215148926
/agv1/capability_report,1788412790.1466672,1788412790.1465523,1,390709,0.08,0.08,1.0,1.0,2.0,2.0,1.0,0,False,11.222417831420898
/agv2/capability_report,1788412790.1487837,1788412790.1418698,2,390260,0.08,0.08,1.0,1.0,2.0,2.0,1.0,0,False,11.630183219909668
/agv3/capability_report,1788412790.154434,1788412790.149797,3,389375,0.08,0.08,1.0,1.0,2.0,2.0,1.0,0,False,11.763150215148926
/agv2/capability_report,1788412790.155548,1788412790.1498594,2,390261,0.08,0.08,1.0,1.0,2.0,2.0,1.0,0,False,11.630183219909668
/agv1/capability_report,1788412790.158795,1788412790.1586072,1,390710,0.08,0.08,1.0,1.0,2.0,2.0,1.0,0,False,11.222417831420898
/agv3/capability_report,1788412790.1665878,1788412790.1617935,3,389376,0.08,0.08,1.0,1.0,2.0,2.0,1.0,0,False,11.763150215148926
/agv1/capability_report,1788412790.166652,1788412790.1665497,1,390711,0.08,0.08,1.0,1.0,2.0,2.0,1.0,0,False,11.222417831420898
/agv2/capability_report,1788412790.1683352,1788412790.161858,2,390262,0.08,0.08,1.0,1.0,2.0,2.0,1.0,0,False,11.630183219909668
/agv3/capability_report,1788412790.1744406,1788412790.169766,3,389377,0.08,0.08,1.0,1.0,2.0,2.0,1.0,0,False,11.763150215148926
/agv2/capability_report,1788412790.1760914,1788412790.169877,2,390263,0.08,0.08,1.0,1.0,2.0,2.0,1.0,0,False,11.630183219909668
/agv1/capability_report,1788412790.1786857,1788412790.1785965,1,390712,0.08,0.08,1.0,1.0,2.0,2.0,1.0,0,False,11.222417831420898
/agv1/capability_report,1788412790.1866343,1788412790.186558,1,390713,0.08,0.08,1.0,1.0,2.0,2.0,1.0,0,False,11.222417831420898
/agv2/capability_report,1788412790.1871922,1788412790.1818712,2,390264,0.08,0.08,1.0,1.0,2.0,2.0,1.0,0,False,11.630183219909668
/agv3/capability_report,1788412790.1872165,1788412790.1817846,3,389378,0.08,0.08,1.0,1.0,2.0,2.0,1.0,0,False,11.763150215148926
/agv3/capability_report,1788412790.19493,1788412790.1897962,3,389379,0.08,0.08,1.0,1.0,2.0,2.0,1.0,0,False,11.763150215148926
/agv1/capability_report,1788412790.1987443,1788412790.198671,1,390714,0.08,0.08,1.0,1.0,2.0,2.0,1.0,0,False,11.222417831420898
/agv2/capability_report,1788412790.1999035,1788412790.1897645,2,390265,0.08,0.08,1.0,1.0,2.0,2.0,1.0,0,False,11.630183219909668
/agv3/capability_report,1788412790.2064607,1788412790.201759,3,389380,0.08,0.08,1.0,1.0,2.0,2.0,1.0,0,False,11.763150215148926
/agv1/capability_report,1788412790.2067413,1788412790.2065814,1,390715,0.08,0.08,1.0,1.0,2.0,2.0,1.0,0,False,11.036263465881348
/agv2/capability_report,1788412790.2076423,1788412790.2018945,2,390266,0.08,0.08,1.0,1.0,2.0,2.0,1.0,0,False,11.630183219909668
/agv3/capability_report,1788412790.214398,1788412790.2097743,3,389381,0.08,0.08,1.0,1.0,2.0,2.0,1.0,0,False,11.763150215148926
/agv2/capability_report,1788412790.215509,1788412790.2098691,2,390267,0.08,0.08,1.0,1.0,2.0,2.0,1.0,0,False,11.630183219909668
/agv1/capability_report,1788412790.2188027,1788412790.2186737,1,390716,0.08,0.08,1.0,1.0,2.0,2.0,1.0,0,False,11.036263465881348
/agv3/capability_report,1788412790.2262754,1788412790.2217824,3,389382,0.08,0.08,1.0,1.0,2.0,2.0,1.0,0,False,11.763150215148926
/agv1/capability_report,1788412790.226663,1788412790.2265801,1,390717,0.08,0.08,1.0,1.0,2.0,2.0,1.0,0,False,11.036263465881348
/agv2/capability_report,1788412790.228126,1788412790.2218747,2,390268,0.08,0.08,1.0,1.0,2.0,2.0,1.0,0,False,11.630183219909668
/agv3/capability_report,1788412790.235086,1788412790.2297454,3,389383,0.08,0.08,1.0,1.0,2.0,2.0,1.0,0,False,11.69223403930664
/agv2/capability_report,1788412790.2361178,1788412790.2299182,2,390269,0.08,0.08,1.0,1.0,2.0,2.0,1.0,0,False,11.630183219909668
/agv1/capability_report,1788412790.2386923,1788412790.238563,1,390718,0.08,0.08,1.0,1.0,2.0,2.0,1.0,0,False,11.036263465881348
/agv1/capability_report,1788412790.2467906,1788412790.2466555,1,390719,0.08,0.08,1.0,1.0,2.0,2.0,1.0,0,False,11.036263465881348
/agv3/capability_report,1788412790.2469168,1788412790.2417736,3,389384,0.08,0.08,1.0,1.0,2.0,2.0,1.0,0,False,11.69223403930664
/agv2/capability_report,1788412790.2480316,1788412790.2418697,2,390270,0.08,0.08,1.0,1.0,2.0,2.0,1.0,0,False,11.630183219909668
/agv3/capability_report,1788412790.2543085,1788412790.2497764,3,389385,0.08,0.08,1.0,1.0,2.0,2.0,1.0,0,False,11.69223403930664
/agv2/capability_report,1788412790.2557523,1788412790.2498744,2,390271,0.08,0.08,1.0,1.0,2.0,2.0,1.0,0,False,11.630183219909668
/agv1/capability_report,1788412790.2586615,1788412790.2585654,1,390720,0.08,0.08,1.0,1.0,2.0,2.0,1.0,0,False,11.036263465881348
/agv3/capability_report,1788412790.2664897,1788412790.261781,3,389386,0.08,0.08,1.0,1.0,2.0,2.0,1.0,0,False,11.69223403930664
/agv1/capability_report,1788412790.2667403,1788412790.266565,1,390721,0.08,0.08,1.0,1.0,2.0,2.0,1.0,0,False,11.036263465881348
/agv2/capability_report,1788412790.2688363,1788412790.261876,2,390272,0.08,0.08,1.0,1.0,2.0,2.0,1.0,0,False,11.630183219909668
/agv3/capability_report,1788412790.274331,1788412790.2697754,3,389387,0.08,0.08,1.0,1.0,2.0,2.0,1.0,0,False,11.69223403930664
/agv2/capability_report,1788412790.2756162,1788412790.2698646,2,390273,0.08,0.08,1.0,1.0,2.0,2.0,1.0,0,False,11.612454414367676
/agv1/capability_report,1788412790.2818463,1788412790.2785785,1,390722,0.08,0.08,1.0,1.0,2.0,2.0,1.0,0,False,11.036263465881348
/agv3/capability_report,1788412790.2862082,1788412790.2817726,3,389388,0.08,0.08,1.0,1.0,2.0,2.0,1.0,0,False,11.69223403930664
/agv1/capability_report,1788412790.28674,1788412790.2865689,1,390723,0.08,0.08,1.0,1.0,2.0,2.0,1.0,0,False,11.036263465881348
/agv2/capability_report,1788412790.2892756,1788412790.281921,2,390274,0.08,0.08,1.0,1.0,2.0,2.0,1.0,0,False,11.612454414367676
/agv3/capability_report,1788412790.2943237,1788412790.2897718,3,389389,0.08,0.08,1.0,1.0,2.0,2.0,1.0,0,False,11.69223403930664
/agv2/capability_report,1788412790.2957063,1788412790.2899177,2,390275,0.08,0.08,1.0,1.0,2.0,2.0,1.0,0,False,11.612454414367676
/agv1/capability_report,1788412790.2987723,1788412790.2986138,1,390724,0.08,0.08,1.0,1.0,2.0,2.0,1.0,0,False,11.036263465881348
/agv3/capability_report,1788412790.306492,1788412790.3018034,3,389390,0.08,0.08,1.0,1.0,2.0,2.0,1.0,0,False,11.69223403930664
/agv1/capability_report,1788412790.3066516,1788412790.3065848,1,390725,0.08,0.08,1.0,1.0,2.0,2.0,1.0,0,False,11.036263465881348
/agv2/capability_report,1788412790.308538,1788412790.301872,2,390276,0.08,0.08,1.0,1.0,2.0,2.0,1.0,0,False,11.612454414367676
/agv3/capability_report,1788412790.3143435,1788412790.309774,3,389391,0.08,0.08,1.0,1.0,2.0,2.0,1.0,0,False,11.69223403930664
/agv2/capability_report,1788412790.3156877,1788412790.3098712,2,390277,0.08,0.08,1.0,1.0,2.0,2.0,1.0,0,False,11.612454414367676
/agv1/capability_report,1788412790.3186922,1788412790.3185859,1,390726,0.08,0.08,1.0,1.0,2.0,2.0,1.0,0,False,11.036263465881348
/agv3/capability_report,1788412790.326444,1788412790.3217797,3,389392,0.08,0.08,1.0,1.0,2.0,2.0,1.0,0,False,11.69223403930664
/agv1/capability_report,1788412790.3267145,1788412790.3265805,1,390727,0.08,0.08,1.0,1.0,2.0,2.0,1.0,0,False,11.036263465881348
/agv2/capability_report,1788412790.3270285,1788412790.3218436,2,390278,0.08,0.08,1.0,1.0,2.0,2.0,1.0,0,False,11.612454414367676
/agv3/capability_report,1788412790.3343606,1788412790.3297808,3,389393,0.08,0.08,1.0,1.0,2.0,2.0,1.0,0,False,11.69223403930664
/agv2/capability_report,1788412790.3353195,1788412790.3298702,2,390279,0.08,0.08,1.0,1.0,2.0,2.0,1.0,0,False,11.612454414367676
/agv1/capability_report,1788412790.3386655,1788412790.3385885,1,390728,0.08,0.08,1.0,1.0,2.0,2.0,1.0,0,False,11.036263465881348
/agv1/capability_report,1788412790.346664,1788412790.3465748,1,390729,0.08,0.08,1.0,1.0,2.0,2.0,1.0,0,False,11.036263465881348
/agv3/capability_report,1788412790.3471146,1788412790.3418005,3,389394,0.08,0.08,1.0,1.0,2.0,2.0,1.0,0,False,11.69223403930664
/agv2/capability_report,1788412790.3471272,1788412790.3418622,2,390280,0.08,0.08,1.0,1.0,2.0,2.0,1.0,0,False,11.612454414367676
/agv3/capability_report,1788412790.354393,1788412790.3497825,3,389395,0.08,0.08,1.0,1.0,2.0,2.0,1.0,0,False,11.69223403930664
/agv2/capability_report,1788412790.3560467,1788412790.349869,2,390281,0.08,0.08,1.0,1.0,2.0,2.0,1.0,0,False,11.612454414367676
/agv1/capability_report,1788412790.3586934,1788412790.3585813,1,390730,0.08,0.08,1.0,1.0,2.0,2.0,1.0,0,False,11.036263465881348
/agv3/capability_report,1788412790.3667934,1788412790.3617802,3,389396,0.08,0.08,1.0,1.0,2.0,2.0,1.0,0,False,11.69223403930664
/agv1/capability_report,1788412790.366825,1788412790.366566,1,390731,0.08,0.08,1.0,1.0,2.0,2.0,1.0,0,False,10.90329647064209
/agv2/capability_report,1788412790.3674238,1788412790.3618677,2,390282,0.08,0.08,1.0,1.0,2.0,2.0,1.0,0,False,11.612454414367676
/agv3/capability_report,1788412790.3744311,1788412790.3698015,3,389397,0.08,0.08,1.0,1.0,2.0,2.0,1.0,0,False,11.69223403930664
/agv2/capability_report,1788412790.3755195,1788412790.3698857,2,390283,0.08,0.08,1.0,1.0,2.0,2.0,1.0,0,False,11.612454414367676
/agv1/capability_report,1788412790.3787436,1788412790.3786087,1,390732,0.08,0.08,1.0,1.0,2.0,2.0,1.0,0,False,10.90329647064209
/agv3/capability_report,1788412790.386225,1788412790.3817744,3,389398,0.08,0.08,1.0,1.0,2.0,2.0,1.0,0,False,11.69223403930664
/agv1/capability_report,1788412790.3866525,1788412790.386573,1,390733,0.08,0.08,1.0,1.0,2.0,2.0,1.0,0,False,10.90329647064209
/agv2/capability_report,1788412790.389186,1788412790.3818705,2,390284,0.08,0.08,1.0,1.0,2.0,2.0,1.0,0,False,11.612454414367676
/agv3/capability_report,1788412790.3943517,1788412790.389784,3,389399,0.08,0.08,1.0,1.0,2.0,2.0,1.0,0,False,11.630183219909668
/agv2/capability_report,1788412790.395862,1788412790.3898706,2,390285,0.08,0.08,1.0,1.0,2.0,2.0,1.0,0,False,11.612454414367676
/agv1/capability_report,1788412790.3987007,1788412790.3985736,1,390734,0.08,0.08,1.0,1.0,2.0,2.0,1.0,0,False,10.90329647064209
/agv3/capability_report,1788412790.4062822,1788412790.4017982,3,389400,0.08,0.08,1.0,1.0,2.0,2.0,1.0,0,False,11.630183219909668
/agv1/capability_report,1788412790.4066365,1788412790.406576,1,390735,0.08,0.08,1.0,1.0,2.0,2.0,1.0,0,False,10.90329647064209
/agv2/capability_report,1788412790.4080007,1788412790.4018736,2,390286,0.08,0.08,1.0,1.0,2.0,2.0,1.0,0,False,11.612454414367676
/agv3/capability_report,1788412790.415668,1788412790.4097753,3,389401,0.08,0.08,1.0,1.0,2.0,2.0,1.0,0,False,11.630183219909668
/agv2/capability_report,1788412790.4166367,1788412790.4098773,2,390287,0.08,0.08,1.0,1.0,2.0,2.0,1.0,0,False,11.612454414367676
/agv1/capability_report,1788412790.4186537,1788412790.4185889,1,390736,0.08,0.08,1.0,1.0,2.0,2.0,1.0,0,False,10.90329647064209
/agv3/capability_report,1788412790.4263544,1788412790.4217718,3,389402,0.08,0.08,1.0,1.0,2.0,2.0,1.0,0,False,11.630183219909668
/agv1/capability_report,1788412790.4266453,1788412790.426573,1,390737,0.08,0.08,1.0,1.0,2.0,2.0,1.0,0,False,10.90329647064209
/agv2/capability_report,1788412790.427638,1788412790.4218717,2,390288,0.08,0.08,1.0,1.0,2.0,2.0,1.0,0,False,11.612454414367676
/agv3/capability_report,1788412790.4343932,1788412790.4297774,3,389403,0.08,0.08,1.0,1.0,2.0,2.0,1.0,0,False,11.630183219909668
/agv2/capability_report,1788412790.436275,1788412790.4298782,2,390289,0.08,0.08,1.0,1.0,2.0,2.0,1.0,0,False,11.64791202545166
/agv1/capability_report,1788412790.4387972,1788412790.4386747,1,390738,0.08,0.08,1.0,1.0,2.0,2.0,1.0,0,False,10.90329647064209
/agv3/capability_report,1788412790.4461946,1788412790.441764,3,389404,0.08,0.08,1.0,1.0,2.0,2.0,1.0,0,False,11.630183219909668
/agv1/capability_report,1788412790.4466693,1788412790.4466047,1,390739,0.08,0.08,1.0,1.0,2.0,2.0,1.0,0,False,10.90329647064209
/agv2/capability_report,1788412790.4476585,1788412790.4418774,2,390290,0.08,0.08,1.0,1.0,2.0,2.0,1.0,0,False,11.64791202545166
/agv3/capability_report,1788412790.4548943,1788412790.4497786,3,389405,0.08,0.08,1.0,1.0,2.0,2.0,1.0,0,False,11.630183219909668
/agv2/capability_report,1788412790.4580479,1788412790.449874,2,390291,0.08,0.08,1.0,1.0,2.0,2.0,1.0,0,False,11.64791202545166
/agv1/capability_report,1788412790.4587328,1788412790.4586136,1,390740,0.08,0.08,1.0,1.0,2.0,2.0,1.0,0,False,10.90329647064209
/agv3/capability_report,1788412790.4663348,1788412790.4617717,3,389406,0.08,0.08,1.0,1.0,2.0,2.0,1.0,0,False,11.630183219909668
/agv1/capability_report,1788412790.4667015,1788412790.4666069,1,390741,0.08,0.08,1.0,1.0,2.0,2.0,1.0,0,False,10.90329647064209
/agv2/capability_report,1788412790.467329,1788412790.4618704,2,390292,0.08,0.08,1.0,1.0,2.0,2.0,1.0,0,False,11.64791202545166
/agv3/capability_report,1788412790.4749594,1788412790.4697967,3,389407,0.08,0.08,1.0,1.0,2.0,2.0,1.0,0,False,11.630183219909668
/agv2/capability_report,1788412790.4751787,1788412790.46986,2,390293,0.08,0.08,1.0,1.0,2.0,2.0,1.0,0,False,11.64791202545166
/agv1/capability_report,1788412790.4787037,1788412790.478607,1,390742,0.08,0.08,1.0,1.0,2.0,2.0,1.0,0,False,10.90329647064209
/agv3/capability_report,1788412790.4864275,1788412790.4818122,3,389408,0.08,0.08,1.0,1.0,2.0,2.0,1.0,0,False,11.630183219909668
/agv1/capability_report,1788412790.4866278,1788412790.4865737,1,390743,0.08,0.08,1.0,1.0,2.0,2.0,1.0,0,False,10.90329647064209
/agv2/capability_report,1788412790.4874225,1788412790.481874,2,390294,0.08,0.08,1.0,1.0,2.0,2.0,1.0,0,False,11.64791202545166
/agv3/capability_report,1788412790.4956245,1788412790.4897408,3,389409,0.08,0.08,1.0,1.0,2.0,2.0,1.0,0,False,11.630183219909668
/agv2/capability_report,1788412790.4956346,1788412790.489872,2,390295,0.08,0.08,1.0,1.0,2.0,2.0,1.0,0,False,11.64791202545166
/agv1/capability_report,1788412790.4988213,1788412790.498663,1,390744,0.08,0.08,1.0,1.0,2.0,2.0,1.0,0,False,10.90329647064209
/agv1/capability_report,1788412790.506698,1788412790.5065837,1,390745,0.08,0.08,1.0,1.0,2.0,2.0,1.0,0,False,10.90329647064209
/agv2/capability_report,1788412790.5070348,1788412790.5018718,2,390296,0.08,0.08,1.0,1.0,2.0,2.0,1.0,0,False,11.64791202545166
/agv3/capability_report,1788412790.5070662,1788412790.5018036,3,389410,0.08,0.08,1.0,1.0,2.0,2.0,1.0,0,False,11.630183219909668
/agv3/capability_report,1788412790.5143216,1788412790.5097811,3,389411,0.08,0.08,1.0,1.0,2.0,2.0,1.0,0,False,11.630183219909668
/agv2/capability_report,1788412790.516621,1788412790.509889,2,390297,0.08,0.08,1.0,1.0,2.0,2.0,1.0,0,False,11.64791202545166
/agv1/capability_report,1788412790.5189,1788412790.518689,1,390746,0.08,0.08,1.0,1.0,2.0,2.0,1.0,0,False,10.90329647064209
/agv3/capability_report,1788412790.5261555,1788412790.5217755,3,389412,0.08,0.08,1.0,1.0,2.0,2.0,1.0,0,False,11.630183219909668
/agv1/capability_report,1788412790.5266669,1788412790.5265713,1,390747,0.08,0.08,1.0,1.0,2.0,2.0,1.0,0,False,11.027399063110352
/agv2/capability_report,1788412790.5286007,1788412790.5218742,2,390298,0.08,0.08,1.0,1.0,2.0,2.0,1.0,0,False,11.64791202545166
/agv3/capability_report,1788412790.5344088,1788412790.5297782,3,389413,0.08,0.08,1.0,1.0,2.0,2.0,1.0,0,False,11.630183219909668
/agv2/capability_report,1788412790.5354567,1788412790.5298746,2,390299,0.08,0.08,1.0,1.0,2.0,2.0,1.0,0,False,11.64791202545166
/agv1/capability_report,1788412790.5390487,1788412790.53873,1,390748,0.08,0.08,1.0,1.0,2.0,2.0,1.0,0,False,11.027399063110352
/agv3/capability_report,1788412790.5465567,1788412790.5417757,3,389414,0.08,0.08,1.0,1.0,2.0,2.0,1.0,0,False,11.630183219909668
/agv1/capability_report,1788412790.5466197,1788412790.5465662,1,390749,0.08,0.08,1.0,1.0,2.0,2.0,1.0,0,False,11.027399063110352
/agv2/capability_report,1788412790.5470848,1788412790.54188,2,390300,0.08,0.08,1.0,1.0,2.0,2.0,1.0,0,False,11.64791202545166
/agv3/capability_report,1788412790.5546024,1788412790.5497751,3,389415,0.08,0.08,1.0,1.0,2.0,2.0,1.0,0,False,11.701099395751953
/agv2/capability_report,1788412790.555422,1788412790.5498755,2,390301,0.08,0.08,1.0,1.0,2.0,2.0,1.0,0,False,11.64791202545166
/agv1/capability_report,1788412790.558861,1788412790.5586147,1,390750,0.08,0.08,1.0,1.0,2.0,2.0,1.0,0,False,11.027399063110352
/agv3/capability_report,1788412790.566343,1788412790.5617714,3,389416,0.08,0.08,1.0,1.0,2.0,2.0,1.0,0,False,11.701099395751953
/agv1/capability_report,1788412790.5666976,1788412790.5665646,1,390751,0.08,0.08,1.0,1.0,2.0,2.0,1.0,0,False,11.027399063110352
/agv2/capability_report,1788412790.5677176,1788412790.5618732,2,390302,0.08,0.08,1.0,1.0,2.0,2.0,1.0,0,False,11.64791202545166
/agv3/capability_report,1788412790.5743914,1788412790.5697875,3,389417,0.08,0.08,1.0,1.0,2.0,2.0,1.0,0,False,11.701099395751953
/agv2/capability_report,1788412790.575256,1788412790.569875,2,390303,0.08,0.08,1.0,1.0,2.0,2.0,1.0,0,False,11.64791202545166
/agv1/capability_report,1788412790.5786943,1788412790.578616,1,390752,0.08,0.08,1.0,1.0,2.0,2.0,1.0,0,False,11.027399063110352
/agv3/capability_report,1788412790.5863323,1788412790.5817785,3,389418,0.08,0.08,1.0,1.0,2.0,2.0,1.0,0,False,11.701099395751953
/agv1/capability_report,1788412790.586621,1788412790.5865674,1,390753,0.08,0.08,1.0,1.0,2.0,2.0,1.0,0,False,11.027399063110352
/agv2/capability_report,1788412790.586992,1788412790.581871,2,390304,0.08,0.08,1.0,1.0,2.0,2.0,1.0,0,False,11.64791202545166
/agv2/capability_report,1788412790.595674,1788412790.5898743,2,390305,0.08,0.08,1.0,1.0,2.0,2.0,1.0,0,False,11.674505233764648
/agv3/capability_report,1788412790.597061,1788412790.5897665,3,389419,0.08,0.08,1.0,1.0,2.0,2.0,1.0,0,False,11.701099395751953
/agv1/capability_report,1788412790.5986936,1788412790.5986316,1,390754,0.08,0.08,1.0,1.0,2.0,2.0,1.0,0,False,11.027399063110352
/agv3/capability_report,1788412790.60628,1788412790.601793,3,389420,0.08,0.08,1.0,1.0,2.0,2.0,1.0,0,False,11.701099395751953
/agv1/capability_report,1788412790.6066663,1788412790.6065702,1,390755,0.08,0.08,1.0,1.0,2.0,2.0,1.0,0,False,11.027399063110352
/agv2/capability_report,1788412790.6080294,1788412790.6018794,2,390306,0.08,0.08,1.0,1.0,2.0,2.0,1.0,0,False,11.674505233764648
/agv2/capability_report,1788412790.6155093,1788412790.6098738,2,390307,0.08,0.08,1.0,1.0,2.0,2.0,1.0,0,False,11.674505233764648
/agv3/capability_report,1788412790.6155314,1788412790.6097777,3,389421,0.08,0.08,1.0,1.0,2.0,2.0,1.0,0,False,11.701099395751953
/agv1/capability_report,1788412790.61879,1788412790.6187015,1,390756,0.08,0.08,1.0,1.0,2.0,2.0,1.0,0,False,11.027399063110352
/agv3/capability_report,1788412790.6266031,1788412790.621776,3,389422,0.08,0.08,1.0,1.0,2.0,2.0,1.0,0,False,11.701099395751953
/agv1/capability_report,1788412790.6267354,1788412790.6266174,1,390757,0.08,0.08,1.0,1.0,2.0,2.0,1.0,0,False,11.027399063110352
/agv2/capability_report,1788412790.6274166,1788412790.621875,2,390308,0.08,0.08,1.0,1.0,2.0,2.0,1.0,0,False,11.674505233764648
/agv3/capability_report,1788412790.634338,1788412790.629778,3,389423,0.08,0.08,1.0,1.0,2.0,2.0,1.0,0,False,11.701099395751953
/agv2/capability_report,1788412790.635803,1788412790.6298738,2,390309,0.08,0.08,1.0,1.0,2.0,2.0,1.0,0,False,11.674505233764648
/agv1/capability_report,1788412790.6386974,1788412790.6385663,1,390758,0.08,0.08,1.0,1.0,2.0,2.0,1.0,0,False,11.027399063110352
/agv1/capability_report,1788412790.6467621,1788412790.6465628,1,390759,0.08,0.08,1.0,1.0,2.0,2.0,1.0,0,False,11.027399063110352
/agv3/capability_report,1788412790.647136,1788412790.641773,3,389424,0.08,0.08,1.0,1.0,2.0,2.0,1.0,0,False,11.701099395751953
/agv2/capability_report,1788412790.6493373,1788412790.6418552,2,390310,0.08,0.08,1.0,1.0,2.0,2.0,1.0,0,False,11.674505233764648
/agv3/capability_report,1788412790.6559021,1788412790.6497858,3,389425,0.08,0.08,1.0,1.0,2.0,2.0,1.0,0,False,11.701099395751953
/agv2/capability_report,1788412790.65592,1788412790.6498783,2,390311,0.08,0.08,1.0,1.0,2.0,2.0,1.0,0,False,11.674505233764648
/agv1/capability_report,1788412790.6587882,1788412790.6585946,1,390760,0.08,0.08,1.0,1.0,2.0,2.0,1.0,0,False,11.027399063110352
/agv1/capability_report,1788412790.6667607,1788412790.6665518,1,390761,0.08,0.08,1.0,1.0,2.0,2.0,1.0,0,False,11.027399063110352
/agv3/capability_report,1788412790.6670778,1788412790.661778,3,389426,0.08,0.08,1.0,1.0,2.0,2.0,1.0,0,False,11.701099395751953
/agv2/capability_report,1788412790.6672952,1788412790.6618788,2,390312,0.08,0.08,1.0,1.0,2.0,2.0,1.0,0,False,11.674505233764648
/agv2/capability_report,1788412790.6755826,1788412790.6698694,2,390313,0.08,0.08,1.0,1.0,2.0,2.0,1.0,0,False,11.674505233764648
/agv1/capability_report,1788412790.6788092,1788412790.6786058,1,390762,0.08,0.08,1.0,1.0,2.0,2.0,1.0,0,False,11.027399063110352
/agv3/capability_report,1788412790.679641,1788412790.6697822,3,389427,0.08,0.08,1.0,1.0,2.0,2.0,1.0,0,False,11.701099395751953
/agv3/capability_report,1788412790.6865327,1788412790.6817825,3,389428,0.08,0.08,1.0,1.0,2.0,2.0,1.0,0,False,11.701099395751953
/agv1/capability_report,1788412790.686619,1788412790.6865547,1,390763,0.08,0.08,1.0,1.0,2.0,2.0,1.0,0,False,10.867838859558105
/agv2/capability_report,1788412790.6875224,1788412790.6818671,2,390314,0.08,0.08,1.0,1.0,2.0,2.0,1.0,0,False,11.674505233764648
/agv3/capability_report,1788412790.6943607,1788412790.6897855,3,389429,0.08,0.08,1.0,1.0,2.0,2.0,1.0,0,False,11.701099395751953
/agv2/capability_report,1788412790.6962233,1788412790.689885,2,390315,0.08,0.08,1.0,1.0,2.0,2.0,1.0,0,False,11.674505233764648
/agv1/capability_report,1788412790.6988685,1788412790.6986077,1,390764,0.08,0.08,1.0,1.0,2.0,2.0,1.0,0,False,10.867838859558105
/agv3/capability_report,1788412790.7062588,1788412790.7017481,3,389430,0.08,0.08,1.0,1.0,2.0,2.0,1.0,0,False,11.701099395751953
/agv1/capability_report,1788412790.7066522,1788412790.7065618,1,390765,0.08,0.08,1.0,1.0,2.0,2.0,1.0,0,False,10.867838859558105
/agv2/capability_report,1788412790.7077353,1788412790.701876,2,390316,0.08,0.08,1.0,1.0,2.0,2.0,1.0,0,False,11.674505233764648
/agv3/capability_report,1788412790.714576,1788412790.709747,3,389431,0.08,0.08,1.0,1.0,2.0,2.0,1.0,0,False,11.70996379852295
/agv2/capability_report,1788412790.7156262,1788412790.7098746,2,390317,0.08,0.08,1.0,1.0,2.0,2.0,1.0,0,False,11.674505233764648
/agv1/capability_report,1788412790.7187366,1788412790.7186062,1,390766,0.08,0.08,1.0,1.0,2.0,2.0,1.0,0,False,10.867838859558105
/agv3/capability_report,1788412790.7265742,1788412790.7217648,3,389432,0.08,0.08,1.0,1.0,2.0,2.0,1.0,0,False,11.70996379852295
/agv1/capability_report,1788412790.726705,1788412790.7265592,1,390767,0.08,0.08,1.0,1.0,2.0,2.0,1.0,0,False,10.867838859558105
/agv2/capability_report,1788412790.7272637,1788412790.7218688,2,390318,0.08,0.08,1.0,1.0,2.0,2.0,1.0,0,False,11.674505233764648
/agv3/capability_report,1788412790.734437,1788412790.7297819,3,389433,0.08,0.08,1.0,1.0,2.0,2.0,1.0,0,False,11.70996379852295
/agv2/capability_report,1788412790.7354403,1788412790.729873,2,390319,0.08,0.08,1.0,1.0,2.0,2.0,1.0,0,False,11.674505233764648
/agv1/capability_report,1788412790.7386692,1788412790.7385917,1,390768,0.08,0.08,1.0,1.0,2.0,2.0,1.0,0,False,10.867838859558105
/agv3/capability_report,1788412790.7466702,1788412790.741779,3,389434,0.08,0.08,1.0,1.0,2.0,2.0,1.0,0,False,11.70996379852295
/agv1/capability_report,1788412790.7468002,1788412790.7465882,1,390769,0.08,0.08,1.0,1.0,2.0,2.0,1.0,0,False,10.867838859558105
/agv2/capability_report,1788412790.74846,1788412790.7419224,2,390320,0.08,0.08,1.0,1.0,2.0,2.0,1.0,0,False,11.674505233764648
/agv3/capability_report,1788412790.7544785,1788412790.749779,3,389435,0.08,0.08,1.0,1.0,2.0,2.0,1.0,0,False,11.70996379852295
/agv2/capability_report,1788412790.7561123,1788412790.7498665,2,390321,0.08,0.08,1.0,1.0,2.0,2.0,1.0,0,False,11.612454414367676
/agv1/capability_report,1788412790.7587283,1788412790.75861,1,390770,0.08,0.08,1.0,1.0,2.0,2.0,1.0,0,False,10.867838859558105
/agv3/capability_report,1788412790.7664812,1788412790.761772,3,389436,0.08,0.08,1.0,1.0,2.0,2.0,1.0,0,False,11.70996379852295
/agv1/capability_report,1788412790.7666636,1788412790.7665522,1,390771,0.08,0.08,1.0,1.0,2.0,2.0,1.0,0,False,10.867838859558105
/agv2/capability_report,1788412790.7681303,1788412790.7618608,2,390322,0.08,0.08,1.0,1.0,2.0,2.0,1.0,0,False,11.612454414367676
/agv3/capability_report,1788412790.775103,1788412790.7697768,3,389437,0.08,0.08,1.0,1.0,2.0,2.0,1.0,0,False,11.70996379852295
/agv2/capability_report,1788412790.775213,1788412790.769872,2,390323,0.08,0.08,1.0,1.0,2.0,2.0,1.0,0,False,11.612454414367676
/agv1/capability_report,1788412790.7788851,1788412790.7786028,1,390772,0.08,0.08,1.0,1.0,2.0,2.0,1.0,0,False,10.867838859558105
/agv3/capability_report,1788412790.7863836,1788412790.7817745,3,389438,0.08,0.08,1.0,1.0,2.0,2.0,1.0,0,False,11.70996379852295
/agv1/capability_report,1788412790.7866983,1788412790.7865562,1,390773,0.08,0.08,1.0,1.0,2.0,2.0,1.0,0,False,10.867838859558105
/agv2/capability_report,1788412790.787289,1788412790.7818696,2,390324,0.08,0.08,1.0,1.0,2.0,2.0,1.0,0,False,11.612454414367676
/agv3/capability_report,1788412790.7950616,1788412790.789799,3,389439,0.08,0.08,1.0,1.0,2.0,2.0,1.0,0,False,11.70996379852295
/agv2/capability_report,1788412790.7953973,1788412790.789875,2,390325,0.08,0.08,1.0,1.0,2.0,2.0,1.0,0,False,11.612454414367676
/agv1/capability_report,1788412790.7986763,1788412790.798556,1,390774,0.08,0.08,1.0,1.0,2.0,2.0,1.0,0,False,10.867838859558105
/agv3/capability_report,1788412790.8065312,1788412790.8017461,3,389440,0.08,0.08,1.0,1.0,2.0,2.0,1.0,0,False,11.70996379852295
/agv1/capability_report,1788412790.8066425,1788412790.8065603,1,390775,0.08,0.08,1.0,1.0,2.0,2.0,1.0,0,False,10.867838859558105
/agv2/capability_report,1788412790.8080719,1788412790.8018706,2,390326,0.08,0.08,1.0,1.0,2.0,2.0,1.0,0,False,11.612454414367676
/agv3/capability_report,1788412790.815295,1788412790.8097928,3,389441,0.08,0.08,1.0,1.0,2.0,2.0,1.0,0,False,11.70996379852295
/agv2/capability_report,1788412790.8153012,1788412790.809891,2,390327,0.08,0.08,1.0,1.0,2.0,2.0,1.0,0,False,11.612454414367676
/agv1/capability_report,1788412790.8186412,1788412790.8185563,1,390776,0.08,0.08,1.0,1.0,2.0,2.0,1.0,0,False,10.867838859558105
/agv3/capability_report,1788412790.8263302,1788412790.8217852,3,389442,0.08,0.08,1.0,1.0,2.0,2.0,1.0,0,False,11.70996379852295
/agv1/capability_report,1788412790.8266757,1788412790.826557,1,390777,0.08,0.08,1.0,1.0,2.0,2.0,1.0,0,False,10.867838859558105
/agv2/capability_report,1788412790.8278627,1788412790.8218715,2,390328,0.08,0.08,1.0,1.0,2.0,2.0,1.0,0,False,11.612454414367676
/agv3/capability_report,1788412790.8343334,1788412790.8297386,3,389443,0.08,0.08,1.0,1.0,2.0,2.0,1.0,0,False,11.70996379852295
/agv2/capability_report,1788412790.8352942,1788412790.8298419,2,390329,0.08,0.08,1.0,1.0,2.0,2.0,1.0,0,False,11.612454414367676
/agv1/capability_report,1788412790.838816,1788412790.8386176,1,390778,0.08,0.08,1.0,1.0,2.0,2.0,1.0,0,False,11.133772850036621
/agv3/capability_report,1788412790.8463814,1788412790.8417757,3,389444,0.08,0.08,1.0,1.0,2.0,2.0,1.0,0,False,11.70996379852295
/agv1/capability_report,1788412790.846667,1788412790.8465612,1,390779,0.08,0.08,1.0,1.0,2.0,2.0,1.0,0,False,11.133772850036621
/agv2/capability_report,1788412790.8489618,1788412790.8418708,2,390330,0.08,0.08,1.0,1.0,2.0,2.0,1.0,0,False,11.612454414367676
/agv3/capability_report,1788412790.8544924,1788412790.8497696,3,389445,0.08,0.08,1.0,1.0,2.0,2.0,1.0,0,False,11.70996379852295
/agv2/capability_report,1788412790.8554084,1788412790.849874,2,390331,0.08,0.08,1.0,1.0,2.0,2.0,1.0,0,False,11.612454414367676
/agv1/capability_report,1788412790.8588026,1788412790.858705,1,390780,0.08,0.08,1.0,1.0,2.0,2.0,1.0,0,False,11.133772850036621
/agv3/capability_report,1788412790.8664296,1788412790.8617747,3,389446,0.08,0.08,1.0,1.0,2.0,2.0,1.0,0,False,11.70996379852295
/agv1/capability_report,1788412790.8666117,1788412790.8665571,1,390781,0.08,0.08,1.0,1.0,2.0,2.0,1.0,0,False,11.133772850036621
/agv2/capability_report,1788412790.8669865,1788412790.8618717,2,390332,0.08,0.08,1.0,1.0,2.0,2.0,1.0,0,False,11.612454414367676
/agv3/capability_report,1788412790.8743095,1788412790.869777,3,389447,0.08,0.08,1.0,1.0,2.0,2.0,1.0,0,False,11.621318817138672
/agv2/capability_report,1788412790.8753183,1788412790.8698738,2,390333,0.08,0.08,1.0,1.0,2.0,2.0,1.0,0,False,11.612454414367676
/agv1/capability_report,1788412790.878702,1788412790.8786094,1,390782,0.08,0.08,1.0,1.0,2.0,2.0,1.0,0,False,11.133772850036621
/agv3/capability_report,1788412790.8863466,1788412790.8817759,3,389448,0.08,0.08,1.0,1.0,2.0,2.0,1.0,0,False,11.621318817138672
/agv1/capability_report,1788412790.8865952,1788412790.8865576,1,390783,0.08,0.08,1.0,1.0,2.0,2.0,1.0,0,False,11.133772850036621
/agv2/capability_report,1788412790.8873687,1788412790.8818724,2,390334,0.08,0.08,1.0,1.0,2.0,2.0,1.0,0,False,11.612454414367676
/agv3/capability_report,1788412790.8942583,1788412790.889736,3,389449,0.08,0.08,1.0,1.0,2.0,2.0,1.0,0,False,11.621318817138672
/agv2/capability_report,1788412790.895938,1788412790.8898728,2,390335,0.08,0.08,1.0,1.0,2.0,2.0,1.0,0,False,11.612454414367676
/agv1/capability_report,1788412790.8987823,1788412790.8986108,1,390784,0.08,0.08,1.0,1.0,2.0,2.0,1.0,0,False,11.133772850036621
/agv3/capability_report,1788412790.9063945,1788412790.9017935,3,389450,0.08,0.08,1.0,1.0,2.0,2.0,1.0,0,False,11.621318817138672
/agv1/capability_report,1788412790.906607,1788412790.9065564,1,390785,0.08,0.08,1.0,1.0,2.0,2.0,1.0,0,False,11.133772850036621
/agv2/capability_report,1788412790.907753,1788412790.9018826,2,390336,0.08,0.08,1.0,1.0,2.0,2.0,1.0,0,False,11.612454414367676
/agv3/capability_report,1788412790.914315,1788412790.9097657,3,389451,0.08,0.08,1.0,1.0,2.0,2.0,1.0,0,False,11.621318817138672
/agv2/capability_report,1788412790.9157095,1788412790.9099138,2,390337,0.08,0.08,1.0,1.0,2.0,2.0,1.0,0,False,11.70996379852295
/agv1/capability_report,1788412790.9188275,1788412790.9186864,1,390786,0.08,0.08,1.0,1.0,2.0,2.0,1.0,0,False,11.133772850036621
/agv3/capability_report,1788412790.926272,1788412790.9217758,3,389452,0.08,0.08,1.0,1.0,2.0,2.0,1.0,0,False,11.621318817138672
/agv1/capability_report,1788412790.9266076,1788412790.926561,1,390787,0.08,0.08,1.0,1.0,2.0,2.0,1.0,0,False,11.133772850036621
/agv2/capability_report,1788412790.9273183,1788412790.9218702,2,390338,0.08,0.08,1.0,1.0,2.0,2.0,1.0,0,False,11.70996379852295
/agv2/capability_report,1788412790.935197,1788412790.9298766,2,390339,0.08,0.08,1.0,1.0,2.0,2.0,1.0,0,False,11.70996379852295
/agv3/capability_report,1788412790.9363263,1788412790.9297616,3,389453,0.08,0.08,1.0,1.0,2.0,2.0,1.0,0,False,11.621318817138672
/agv1/capability_report,1788412790.938671,1788412790.9385571,1,390788,0.08,0.08,1.0,1.0,2.0,2.0,1.0,0,False,11.133772850036621
/agv3/capability_report,1788412790.9463172,1788412790.9417775,3,389454,0.08,0.08,1.0,1.0,2.0,2.0,1.0,0,False,11.621318817138672
/agv1/capability_report,1788412790.9466038,1788412790.9465551,1,390789,0.08,0.08,1.0,1.0,2.0,2.0,1.0,0,False,11.133772850036621
/agv2/capability_report,1788412790.947146,1788412790.9418757,2,390340,0.08,0.08,1.0,1.0,2.0,2.0,1.0,0,False,11.70996379852295
/agv3/capability_report,1788412790.955272,1788412790.9497576,3,389455,0.08,0.08,1.0,1.0,2.0,2.0,1.0,0,False,11.621318817138672
/agv2/capability_report,1788412790.9552958,1788412790.9498613,2,390341,0.08,0.08,1.0,1.0,2.0,2.0,1.0,0,False,11.70996379852295
/agv1/capability_report,1788412790.9586973,1788412790.9586124,1,390790,0.08,0.08,1.0,1.0,2.0,2.0,1.0,0,False,11.133772850036621
/agv1/capability_report,1788412790.966641,1788412790.9665723,1,390791,0.08,0.08,1.0,1.0,2.0,2.0,1.0,0,False,11.133772850036621
/agv2/capability_report,1788412790.968701,1788412790.9618704,2,390342,0.08,0.08,1.0,1.0,2.0,2.0,1.0,0,False,11.70996379852295
/agv3/capability_report,1788412790.9687939,1788412790.9617765,3,389456,0.08,0.08,1.0,1.0,2.0,2.0,1.0,0,False,11.621318817138672
/agv3/capability_report,1788412790.9742663,1788412790.9697802,3,389457,0.08,0.08,1.0,1.0,2.0,2.0,1.0,0,False,11.621318817138672
/agv2/capability_report,1788412790.9752634,1788412790.9698794,2,390343,0.08,0.08,1.0,1.0,2.0,2.0,1.0,0,False,11.70996379852295
/agv1/capability_report,1788412790.978636,1788412790.978565,1,390792,0.08,0.08,1.0,1.0,2.0,2.0,1.0,0,False,11.133772850036621
/agv3/capability_report,1788412790.9866488,1788412790.9817789,3,389458,0.08,0.08,1.0,1.0,2.0,2.0,1.0,0,False,11.621318817138672
/agv1/capability_report,1788412790.986853,1788412790.9865882,1,390793,0.08,0.08,1.0,1.0,2.0,2.0,1.0,0,False,11.133772850036621
/agv2/capability_report,1788412790.9871385,1788412790.9818718,2,390344,0.08,0.08,1.0,1.0,2.0,2.0,1.0,0,False,11.70996379852295
/agv3/capability_report,1788412790.9941928,1788412790.9897385,3,389459,0.08,0.08,1.0,1.0,2.0,2.0,1.0,0,False,11.621318817138672
/agv2/capability_report,1788412790.9956672,1788412790.9898841,2,390345,0.08,0.08,1.0,1.0,2.0,2.0,1.0,0,False,11.70996379852295
/agv1/capability_report,1788412790.9987988,1788412790.9985988,1,390794,0.08,0.08,1.0,1.0,2.0,2.0,1.0,0,False,11.204689025878906
/agv1/capability_report,1788412791.0066116,1788412791.006558,1,390795,0.08,0.08,1.0,1.0,2.0,2.0,1.0,0,False,11.204689025878906
/agv3/capability_report,1788412791.0067608,1788412791.0017948,3,389460,0.08,0.08,1.0,1.0,2.0,2.0,1.0,0,False,11.621318817138672
/agv2/capability_report,1788412791.0085804,1788412791.0018764,2,390346,0.08,0.08,1.0,1.0,2.0,2.0,1.0,0,False,11.70996379852295
/agv3/capability_report,1788412791.0148501,1788412791.0097733,3,389461,0.08,0.08,1.0,1.0,2.0,2.0,1.0,0,False,11.621318817138672
/agv2/capability_report,1788412791.0186925,1788412791.0098767,2,390347,0.08,0.08,1.0,1.0,2.0,2.0,1.0,0,False,11.70996379852295
/agv1/capability_report,1788412791.0187263,1788412791.0185525,1,390796,0.08,0.08,1.0,1.0,2.0,2.0,1.0,0,False,11.204689025878906
/agv3/capability_report,1788412791.0265787,1788412791.0217786,3,389462,0.08,0.08,1.0,1.0,2.0,2.0,1.0,0,False,11.621318817138672
/agv1/capability_report,1788412791.0266118,1788412791.026554,1,390797,0.08,0.08,1.0,1.0,2.0,2.0,1.0,0,False,11.204689025878906
/agv2/capability_report,1788412791.0277734,1788412791.02187,2,390348,0.08,0.08,1.0,1.0,2.0,2.0,1.0,0,False,11.70996379852295
/agv3/capability_report,1788412791.0343928,1788412791.029733,3,389463,0.08,0.08,1.0,1.0,2.0,2.0,1.0,0,False,11.75428581237793
/agv2/capability_report,1788412791.0354297,1788412791.0298388,2,390349,0.08,0.08,1.0,1.0,2.0,2.0,1.0,0,False,11.70996379852295
/agv1/capability_report,1788412791.0387383,1788412791.0386293,1,390798,0.08,0.08,1.0,1.0,2.0,2.0,1.0,0,False,11.204689025878906
/agv3/capability_report,1788412791.0463378,1788412791.0417855,3,389464,0.08,0.08,1.0,1.0,2.0,2.0,1.0,0,False,11.75428581237793
/agv1/capability_report,1788412791.046622,1788412791.0465748,1,390799,0.08,0.08,1.0,1.0,2.0,2.0,1.0,0,False,11.204689025878906
/agv2/capability_report,1788412791.0501554,1788412791.0418587,2,390350,0.08,0.08,1.0,1.0,2.0,2.0,1.0,0,False,11.70996379852295
/agv3/capability_report,1788412791.0543447,1788412791.0497506,3,389465,0.08,0.08,1.0,1.0,2.0,2.0,1.0,0,False,11.75428581237793
/agv2/capability_report,1788412791.0554748,1788412791.0498762,2,390351,0.08,0.08,1.0,1.0,2.0,2.0,1.0,0,False,11.70996379852295
/agv1/capability_report,1788412791.0587049,1788412791.058576,1,390800,0.08,0.08,1.0,1.0,2.0,2.0,1.0,0,False,11.204689025878906
/agv3/capability_report,1788412791.06674,1788412791.0617812,3,389466,0.08,0.08,1.0,1.0,2.0,2.0,1.0,0,False,11.75428581237793
/agv1/capability_report,1788412791.0668297,1788412791.0666475,1,390801,0.08,0.08,1.0,1.0,2.0,2.0,1.0,0,False,11.204689025878906
/agv2/capability_report,1788412791.0678,1788412791.0618722,2,390352,0.08,0.08,1.0,1.0,2.0,2.0,1.0,0,False,11.70996379852295
/agv3/capability_report,1788412791.0764077,1788412791.0697737,3,389467,0.08,0.08,1.0,1.0,2.0,2.0,1.0,0,False,11.75428581237793
/agv2/capability_report,1788412791.078473,1788412791.0697594,2,390353,0.08,0.08,1.0,1.0,2.0,2.0,1.0,0,False,11.621318817138672
/agv1/capability_report,1788412791.0786572,1788412791.078561,1,390802,0.08,0.08,1.0,1.0,2.0,2.0,1.0,0,False,11.204689025878906
/agv3/capability_report,1788412791.086431,1788412791.0817971,3,389468,0.08,0.08,1.0,1.0,2.0,2.0,1.0,0,False,11.75428581237793
/agv1/capability_report,1788412791.08661,1788412791.0865645,1,390803,0.08,0.08,1.0,1.0,2.0,2.0,1.0,0,False,11.204689025878906
/agv2/capability_report,1788412791.0892677,1788412791.0818691,2,390354,0.08,0.08,1.0,1.0,2.0,2.0,1.0,0,False,11.621318817138672
/agv3/capability_report,1788412791.0945554,1788412791.0897963,3,389469,0.08,0.08,1.0,1.0,2.0,2.0,1.0,0,False,11.75428581237793
/agv2/capability_report,1788412791.0957003,1788412791.0898757,2,390355,0.08,0.08,1.0,1.0,2.0,2.0,1.0,0,False,11.621318817138672
/agv1/capability_report,1788412791.0987103,1788412791.0985606,1,390804,0.08,0.08,1.0,1.0,2.0,2.0,1.0,0,False,11.204689025878906
/agv1/capability_report,1788412791.1066673,1788412791.1065629,1,390805,0.08,0.08,1.0,1.0,2.0,2.0,1.0,0,False,11.204689025878906
/agv2/capability_report,1788412791.1076655,1788412791.101873,2,390356,0.08,0.08,1.0,1.0,2.0,2.0,1.0,0,False,11.621318817138672
/agv3/capability_report,1788412791.1142762,1788412791.1017973,3,389470,0.08,0.08,1.0,1.0,2.0,2.0,1.0,0,False,11.75428581237793
/agv2/capability_report,1788412791.1160524,1788412791.109871,2,390357,0.08,0.08,1.0,1.0,2.0,2.0,1.0,0,False,11.621318817138672
/agv1/capability_report,1788412791.1186934,1788412791.1185923,1,390806,0.08,0.08,1.0,1.0,2.0,2.0,1.0,0,False,11.204689025878906
/agv3/capability_report,1788412791.1240664,1788412791.109757,3,389471,0.08,0.08,1.0,1.0,2.0,2.0,1.0,0,False,11.75428581237793
/agv1/capability_report,1788412791.1266544,1788412791.1265569,1,390807,0.08,0.08,1.0,1.0,2.0,2.0,1.0,0,False,11.204689025878906
/agv2/capability_report,1788412791.1296732,1788412791.1218758,2,390358,0.08,0.08,1.0,1.0,2.0,2.0,1.0,0,False,11.621318817138672
/agv3/capability_report,1788412791.1297162,1788412791.1217759,3,389472,0.08,0.08,1.0,1.0,2.0,2.0,1.0,0,False,11.75428581237793
/agv3/capability_report,1788412791.1343489,1788412791.1297822,3,389473,0.08,0.08,1.0,1.0,2.0,2.0,1.0,0,False,11.75428581237793
/agv2/capability_report,1788412791.1364448,1788412791.1298966,2,390359,0.08,0.08,1.0,1.0,2.0,2.0,1.0,0,False,11.621318817138672
/agv1/capability_report,1788412791.1387324,1788412791.1385965,1,390808,0.08,0.08,1.0,1.0,2.0,2.0,1.0,0,False,11.204689025878906
/agv3/capability_report,1788412791.1462917,1788412791.1417496,3,389474,0.08,0.08,1.0,1.0,2.0,2.0,1.0,0,False,11.75428581237793
/agv1/capability_report,1788412791.1466515,1788412791.1465533,1,390809,0.08,0.08,1.0,1.0,2.0,2.0,1.0,0,False,11.204689025878906
/agv2/capability_report,1788412791.1471367,1788412791.141875,2,390360,0.08,0.08,1.0,1.0,2.0,2.0,1.0,0,False,11.621318817138672
/agv3/capability_report,1788412791.1550605,1788412791.1497738,3,389475,0.08,0.08,1.0,1.0,2.0,2.0,1.0,0,False,11.75428581237793
/agv2/capability_report,1788412791.1555965,1788412791.1498597,2,390361,0.08,0.08,1.0,1.0,2.0,2.0,1.0,0,False,11.621318817138672
/agv1/capability_report,1788412791.1587033,1788412791.158556,1,390810,0.08,0.08,1.0,1.0,2.0,2.0,1.0,0,False,11.000805854797363
/agv3/capability_report,1788412791.1664453,1788412791.1617777,3,389476,0.08,0.08,1.0,1.0,2.0,2.0,1.0,0,False,11.75428581237793
/agv1/capability_report,1788412791.1666012,1788412791.1665535,1,390811,0.08,0.08,1.0,1.0,2.0,2.0,1.0,0,False,11.000805854797363
/agv2/capability_report,1788412791.1676779,1788412791.1618867,2,390362,0.08,0.08,1.0,1.0,2.0,2.0,1.0,0,False,11.621318817138672
/agv1/capability_report,1788412791.1788094,1788412791.1785896,1,390812,0.08,0.08,1.0,1.0,2.0,2.0,1.0,0,False,11.000805854797363
/agv3/capability_report,1788412791.181143,1788412791.169823,3,389477,0.08,0.08,1.0,1.0,2.0,2.0,1.0,0,False,11.75428581237793
/agv2/capability_report,1788412791.1827002,1788412791.1698823,2,390363,0.08,0.08,1.0,1.0,2.0,2.0,1.0,0,False,11.621318817138672
/agv1/capability_report,1788412791.186633,1788412791.186559,1,390813,0.08,0.08,1.0,1.0,2.0,2.0,1.0,0,False,11.000805854797363
/agv2/capability_report,1788412791.1884732,1788412791.181922,2,390364,0.08,0.08,1.0,1.0,2.0,2.0,1.0,0,False,11.621318817138672
/agv3/capability_report,1788412791.1885183,1788412791.1817439,3,389478,0.08,0.08,1.0,1.0,2.0,2.0,1.0,0,False,11.75428581237793
/agv3/capability_report,1788412791.1954072,1788412791.1897454,3,389479,0.08,0.08,1.0,1.0,2.0,2.0,1.0,0,False,11.701099395751953
/agv2/capability_report,1788412791.1964567,1788412791.189898,2,390365,0.08,0.08,1.0,1.0,2.0,2.0,1.0,0,False,11.621318817138672
/agv1/capability_report,1788412791.1987844,1788412791.1985912,1,390814,0.08,0.08,1.0,1.0,2.0,2.0,1.0,0,False,11.000805854797363
/agv3/capability_report,1788412791.2065847,1788412791.2017484,3,389480,0.08,0.08,1.0,1.0,2.0,2.0,1.0,0,False,11.701099395751953
/agv1/capability_report,1788412791.2066703,1788412791.2065768,1,390815,0.08,0.08,1.0,1.0,2.0,2.0,1.0,0,False,11.000805854797363
/agv2/capability_report,1788412791.2078407,1788412791.2018642,2,390366,0.08,0.08,1.0,1.0,2.0,2.0,1.0,0,False,11.621318817138672
/agv1/capability_report,1788412791.2189848,1788412791.2187233,1,390816,0.08,0.08,1.0,1.0,2.0,2.0,1.0,0,False,11.000805854797363
/agv3/capability_report,1788412791.2206204,1788412791.209752,3,389481,0.08,0.08,1.0,1.0,2.0,2.0,1.0,0,False,11.701099395751953
/agv2/capability_report,1788412791.224194,1788412791.209878,2,390367,0.08,0.08,1.0,1.0,2.0,2.0,1.0,0,False,11.621318817138672
/agv1/capability_report,1788412791.2269263,1788412791.2267118,1,390817,0.08,0.08,1.0,1.0,2.0,2.0,1.0,0,False,11.000805854797363
/agv3/capability_report,1788412791.2274938,1788412791.2217352,3,389482,0.08,0.08,1.0,1.0,2.0,2.0,1.0,0,False,11.701099395751953
/agv2/capability_report,1788412791.2275069,1788412791.2218735,2,390368,0.08,0.08,1.0,1.0,2.0,2.0,1.0,0,False,11.621318817138672
/agv3/capability_report,1788412791.2348554,1788412791.2297456,3,389483,0.08,0.08,1.0,1.0,2.0,2.0,1.0,0,False,11.701099395751953
/agv2/capability_report,1788412791.2362347,1788412791.2299504,2,390369,0.08,0.08,1.0,1.0,2.0,2.0,1.0,0,False,11.780879020690918
/agv1/capability_report,1788412791.238737,1788412791.2386148,1,390818,0.08,0.08,1.0,1.0,2.0,2.0,1.0,0,False,11.000805854797363
/agv3/capability_report,1788412791.246356,1788412791.2417436,3,389484,0.08,0.08,1.0,1.0,2.0,2.0,1.0,0,False,11.701099395751953
/agv1/capability_report,1788412791.2466314,1788412791.2465782,1,390819,0.08,0.08,1.0,1.0,2.0,2.0,1.0,0,False,11.000805854797363
/agv2/capability_report,1788412791.2475448,1788412791.2418804,2,390370,0.08,0.08,1.0,1.0,2.0,2.0,1.0,0,False,11.780879020690918
/agv2/capability_report,1788412791.2565427,1788412791.2498758,2,390371,0.08,0.08,1.0,1.0,2.0,2.0,1.0,0,False,11.780879020690918
/agv3/capability_report,1788412791.2565756,1788412791.249795,3,389485,0.08,0.08,1.0,1.0,2.0,2.0,1.0,0,False,11.701099395751953
/agv1/capability_report,1788412791.2588067,1788412791.258717,1,390820,0.08,0.08,1.0,1.0,2.0,2.0,1.0,0,False,11.000805854797363
/agv3/capability_report,1788412791.2664385,1788412791.2617881,3,389486,0.08,0.08,1.0,1.0,2.0,2.0,1.0,0,False,11.701099395751953
/agv1/capability_report,1788412791.266635,1788412791.2665784,1,390821,0.08,0.08,1.0,1.0,2.0,2.0,1.0,0,False,11.000805854797363
/agv2/capability_report,1788412791.2700179,1788412791.2618752,2,390372,0.08,0.08,1.0,1.0,2.0,2.0,1.0,0,False,11.780879020690918
/agv3/capability_report,1788412791.2746258,1788412791.2697992,3,389487,0.08,0.08,1.0,1.0,2.0,2.0,1.0,0,False,11.701099395751953
/agv2/capability_report,1788412791.277496,1788412791.2698715,2,390373,0.08,0.08,1.0,1.0,2.0,2.0,1.0,0,False,11.780879020690918
/agv1/capability_report,1788412791.2788773,1788412791.2787285,1,390822,0.08,0.08,1.0,1.0,2.0,2.0,1.0,0,False,11.000805854797363
/agv3/capability_report,1788412791.2861695,1788412791.2817757,3,389488,0.08,0.08,1.0,1.0,2.0,2.0,1.0,0,False,11.701099395751953
/agv1/capability_report,1788412791.2867098,1788412791.2865784,1,390823,0.08,0.08,1.0,1.0,2.0,2.0,1.0,0,False,11.000805854797363
/agv2/capability_report,1788412791.2880263,1788412791.2818751,2,390374,0.08,0.08,1.0,1.0,2.0,2.0,1.0,0,False,11.780879020690918
/agv3/capability_report,1788412791.294548,1788412791.2897635,3,389489,0.08,0.08,1.0,1.0,2.0,2.0,1.0,0,False,11.701099395751953
/agv2/capability_report,1788412791.2958302,1788412791.2898836,2,390375,0.08,0.08,1.0,1.0,2.0,2.0,1.0,0,False,11.780879020690918
/agv1/capability_report,1788412791.2987537,1788412791.2986262,1,390824,0.08,0.08,1.0,1.0,2.0,2.0,1.0,0,False,11.000805854797363
/agv3/capability_report,1788412791.30638,1788412791.301809,3,389490,0.08,0.08,1.0,1.0,2.0,2.0,1.0,0,False,11.701099395751953
/agv1/capability_report,1788412791.306617,1788412791.3065631,1,390825,0.08,0.08,1.0,1.0,2.0,2.0,1.0,0,False,11.000805854797363
/agv2/capability_report,1788412791.3071964,1788412791.3018813,2,390376,0.08,0.08,1.0,1.0,2.0,2.0,1.0,0,False,11.780879020690918
/agv3/capability_report,1788412791.3143616,1788412791.3097906,3,389491,0.08,0.08,1.0,1.0,2.0,2.0,1.0,0,False,11.701099395751953
/agv2/capability_report,1788412791.3150773,1788412791.3098805,2,390377,0.08,0.08,1.0,1.0,2.0,2.0,1.0,0,False,11.780879020690918
/agv1/capability_report,1788412791.318659,1788412791.318571,1,390826,0.08,0.08,1.0,1.0,2.0,2.0,1.0,0,False,11.151501655578613
/agv3/capability_report,1788412791.3263745,1788412791.32177,3,389492,0.08,0.08,1.0,1.0,2.0,2.0,1.0,0,False,11.701099395751953
/agv1/capability_report,1788412791.3266623,1788412791.3265617,1,390827,0.08,0.08,1.0,1.0,2.0,2.0,1.0,0,False,11.151501655578613
/agv2/capability_report,1788412791.3278484,1788412791.321876,2,390378,0.08,0.08,1.0,1.0,2.0,2.0,1.0,0,False,11.780879020690918
/agv3/capability_report,1788412791.3343146,1788412791.3297846,3,389493,0.08,0.08,1.0,1.0,2.0,2.0,1.0,0,False,11.701099395751953
/agv2/capability_report,1788412791.335605,1788412791.3298807,2,390379,0.08,0.08,1.0,1.0,2.0,2.0,1.0,0,False,11.780879020690918
/agv1/capability_report,1788412791.338743,1788412791.3386083,1,390828,0.08,0.08,1.0,1.0,2.0,2.0,1.0,0,False,11.151501655578613
/agv3/capability_report,1788412791.346454,1788412791.341798,3,389494,0.08,0.08,1.0,1.0,2.0,2.0,1.0,0,False,11.701099395751953
/agv1/capability_report,1788412791.3466759,1788412791.3465583,1,390829,0.08,0.08,1.0,1.0,2.0,2.0,1.0,0,False,11.151501655578613
/agv2/capability_report,1788412791.347735,1788412791.3418806,2,390380,0.08,0.08,1.0,1.0,2.0,2.0,1.0,0,False,11.780879020690918
/agv3/capability_report,1788412791.3545215,1788412791.3497906,3,389495,0.08,0.08,1.0,1.0,2.0,2.0,1.0,0,False,11.701099395751953
/agv2/capability_report,1788412791.355941,1788412791.349875,2,390381,0.08,0.08,1.0,1.0,2.0,2.0,1.0,0,False,11.780879020690918
/agv1/capability_report,1788412791.3587608,1788412791.3586116,1,390830,0.08,0.08,1.0,1.0,2.0,2.0,1.0,0,False,11.151501655578613
/agv3/capability_report,1788412791.366344,1788412791.361754,3,389496,0.08,0.08,1.0,1.0,2.0,2.0,1.0,0,False,11.701099395751953
/agv1/capability_report,1788412791.3666735,1788412791.3665533,1,390831,0.08,0.08,1.0,1.0,2.0,2.0,1.0,0,False,11.151501655578613
/agv2/capability_report,1788412791.3687875,1788412791.3618817,2,390382,0.08,0.08,1.0,1.0,2.0,2.0,1.0,0,False,11.780879020690918
/agv3/capability_report,1788412791.3743677,1788412791.3697774,3,389497,0.08,0.08,1.0,1.0,2.0,2.0,1.0,0,False,11.701099395751953
/agv2/capability_report,1788412791.3754327,1788412791.369842,2,390383,0.08,0.08,1.0,1.0,2.0,2.0,1.0,0,False,11.780879020690918
/agv1/capability_report,1788412791.3787336,1788412791.3786054,1,390832,0.08,0.08,1.0,1.0,2.0,2.0,1.0,0,False,11.151501655578613
/agv3/capability_report,1788412791.3863976,1788412791.381811,3,389498,0.08,0.08,1.0,1.0,2.0,2.0,1.0,0,False,11.701099395751953
/agv1/capability_report,1788412791.3866613,1788412791.3865526,1,390833,0.08,0.08,1.0,1.0,2.0,2.0,1.0,0,False,11.151501655578613
/agv2/capability_report,1788412791.389062,1788412791.3818457,2,390384,0.08,0.08,1.0,1.0,2.0,2.0,1.0,0,False,11.665640830993652
/agv3/capability_report,1788412791.3942301,1788412791.389781,3,389499,0.08,0.08,1.0,1.0,2.0,2.0,1.0,0,False,11.701099395751953
/agv2/capability_report,1788412791.3953419,1788412791.3898215,2,390385,0.08,0.08,1.0,1.0,2.0,2.0,1.0,0,False,11.665640830993652
/agv1/capability_report,1788412791.3986835,1788412791.3986008,1,390834,0.08,0.08,1.0,1.0,2.0,2.0,1.0,0,False,11.151501655578613
/agv3/capability_report,1788412791.4062436,1788412791.4018002,3,389500,0.08,0.08,1.0,1.0,2.0,2.0,1.0,0,False,11.701099395751953
/agv1/capability_report,1788412791.406683,1788412791.4065592,1,390835,0.08,0.08,1.0,1.0,2.0,2.0,1.0,0,False,11.151501655578613
/agv2/capability_report,1788412791.4082906,1788412791.401862,2,390386,0.08,0.08,1.0,1.0,2.0,2.0,1.0,0,False,11.665640830993652
/agv3/capability_report,1788412791.414426,1788412791.409779,3,389501,0.08,0.08,1.0,1.0,2.0,2.0,1.0,0,False,11.701099395751953
/agv2/capability_report,1788412791.4159727,1788412791.4098716,2,390387,0.08,0.08,1.0,1.0,2.0,2.0,1.0,0,False,11.665640830993652
/agv1/capability_report,1788412791.418801,1788412791.4186056,1,390836,0.08,0.08,1.0,1.0,2.0,2.0,1.0,0,False,11.151501655578613
/agv3/capability_report,1788412791.4264941,1788412791.4217796,3,389502,0.08,0.08,1.0,1.0,2.0,2.0,1.0,0,False,11.701099395751953
/agv1/capability_report,1788412791.4266958,1788412791.4265537,1,390837,0.08,0.08,1.0,1.0,2.0,2.0,1.0,0,False,11.151501655578613
/agv2/capability_report,1788412791.4279306,1788412791.4218752,2,390388,0.08,0.08,1.0,1.0,2.0,2.0,1.0,0,False,11.665640830993652
/agv3/capability_report,1788412791.4344037,1788412791.429765,3,389503,0.08,0.08,1.0,1.0,2.0,2.0,1.0,0,False,11.701099395751953
/agv2/capability_report,1788412791.4357038,1788412791.4298732,2,390389,0.08,0.08,1.0,1.0,2.0,2.0,1.0,0,False,11.665640830993652
/agv1/capability_report,1788412791.4387379,1788412791.4386005,1,390838,0.08,0.08,1.0,1.0,2.0,2.0,1.0,0,False,11.151501655578613
/agv3/capability_report,1788412791.4463077,1788412791.4417782,3,389504,0.08,0.08,1.0,1.0,2.0,2.0,1.0,0,False,11.701099395751953
/agv1/capability_report,1788412791.4466817,1788412791.446575,1,390839,0.08,0.08,1.0,1.0,2.0,2.0,1.0,0,False,11.151501655578613
/agv2/capability_report,1788412791.4473045,1788412791.4418733,2,390390,0.08,0.08,1.0,1.0,2.0,2.0,1.0,0,False,11.665640830993652
/agv3/capability_report,1788412791.4543283,1788412791.4497852,3,389505,0.08,0.08,1.0,1.0,2.0,2.0,1.0,0,False,11.701099395751953
/agv2/capability_report,1788412791.455939,1788412791.44988,2,390391,0.08,0.08,1.0,1.0,2.0,2.0,1.0,0,False,11.665640830993652
/agv1/capability_report,1788412791.4588115,1788412791.4586148,1,390840,0.08,0.08,1.0,1.0,2.0,2.0,1.0,0,False,11.151501655578613
/agv3/capability_report,1788412791.4663298,1788412791.4617739,3,389506,0.08,0.08,1.0,1.0,2.0,2.0,1.0,0,False,11.701099395751953
/agv1/capability_report,1788412791.4667182,1788412791.4666193,1,390841,0.08,0.08,1.0,1.0,2.0,2.0,1.0,0,False,11.151501655578613
/agv2/capability_report,1788412791.4693348,1788412791.4618745,2,390392,0.08,0.08,1.0,1.0,2.0,2.0,1.0,0,False,11.665640830993652
/agv3/capability_report,1788412791.4742835,1788412791.4697602,3,389507,0.08,0.08,1.0,1.0,2.0,2.0,1.0,0,False,11.701099395751953
/agv1/capability_report,1788412791.4786885,1788412791.478571,1,390842,0.08,0.08,1.0,1.0,2.0,2.0,1.0,0,False,11.00967025756836
/agv3/capability_report,1788412791.486421,1788412791.481775,3,389508,0.08,0.08,1.0,1.0,2.0,2.0,1.0,0,False,11.701099395751953
/agv1/capability_report,1788412791.486661,1788412791.4865642,1,390843,0.08,0.08,1.0,1.0,2.0,2.0,1.0,0,False,11.00967025756836
/agv2/capability_report,1788412791.4878693,1788412791.4698737,2,390393,0.08,0.08,1.0,1.0,2.0,2.0,1.0,0,False,11.665640830993652
/agv2/capability_report,1788412791.4901776,1788412791.4818664,2,390394,0.08,0.08,1.0,1.0,2.0,2.0,1.0,0,False,11.665640830993652
/agv3/capability_report,1788412791.4945972,1788412791.4897914,3,389509,0.08,0.08,1.0,1.0,2.0,2.0,1.0,0,False,11.701099395751953
/agv2/capability_report,1788412791.4961176,1788412791.4898736,2,390395,0.08,0.08,1.0,1.0,2.0,2.0,1.0,0,False,11.665640830993652
/agv1/capability_report,1788412791.4986706,1788412791.4985676,1,390844,0.08,0.08,1.0,1.0,2.0,2.0,1.0,0,False,11.00967025756836
/agv3/capability_report,1788412791.5065296,1788412791.5017722,3,389510,0.08,0.08,1.0,1.0,2.0,2.0,1.0,0,False,11.913846015930176
/agv1/capability_report,1788412791.5066876,1788412791.5065794,1,390845,0.08,0.08,1.0,1.0,2.0,2.0,1.0,0,False,11.00967025756836
/agv2/capability_report,1788412791.5077858,1788412791.501869,2,390396,0.08,0.08,1.0,1.0,2.0,2.0,1.0,0,False,11.665640830993652
/agv3/capability_report,1788412791.515191,1788412791.509775,3,389511,0.08,0.08,1.0,1.0,2.0,2.0,1.0,0,False,11.913846015930176
/agv2/capability_report,1788412791.515582,1788412791.50987,2,390397,0.08,0.08,1.0,1.0,2.0,2.0,1.0,0,False,11.665640830993652
/agv1/capability_report,1788412791.5186555,1788412791.5185637,1,390846,0.08,0.08,1.0,1.0,2.0,2.0,1.0,0,False,11.00967025756836
/agv1/capability_report,1788412791.5266552,1788412791.5265548,1,390847,0.08,0.08,1.0,1.0,2.0,2.0,1.0,0,False,11.00967025756836
/agv3/capability_report,1788412791.5277717,1788412791.5217803,3,389512,0.08,0.08,1.0,1.0,2.0,2.0,1.0,0,False,11.913846015930176
/agv2/capability_report,1788412791.5277877,1788412791.5218961,2,390398,0.08,0.08,1.0,1.0,2.0,2.0,1.0,0,False,11.665640830993652
/agv3/capability_report,1788412791.5352623,1788412791.5297813,3,389513,0.08,0.08,1.0,1.0,2.0,2.0,1.0,0,False,11.913846015930176
/agv2/capability_report,1788412791.5352736,1788412791.529881,2,390399,0.08,0.08,1.0,1.0,2.0,2.0,1.0,0,False,11.665640830993652
/agv1/capability_report,1788412791.538771,1788412791.5386155,1,390848,0.08,0.08,1.0,1.0,2.0,2.0,1.0,0,False,11.00967025756836
/agv3/capability_report,1788412791.5465972,1788412791.5417821,3,389514,0.08,0.08,1.0,1.0,2.0,2.0,1.0,0,False,11.913846015930176
/agv1/capability_report,1788412791.5466616,1788412791.546567,1,390849,0.08,0.08,1.0,1.0,2.0,2.0,1.0,0,False,11.00967025756836
/agv2/capability_report,1788412791.5470831,1788412791.5418727,2,390400,0.08,0.08,1.0,1.0,2.0,2.0,1.0,0,False,11.69223403930664
/agv3/capability_report,1788412791.5544317,1788412791.5497634,3,389515,0.08,0.08,1.0,1.0,2.0,2.0,1.0,0,False,11.913846015930176
/agv2/capability_report,1788412791.5561912,1788412791.5498798,2,390401,0.08,0.08,1.0,1.0,2.0,2.0,1.0,0,False,11.69223403930664
/agv1/capability_report,1788412791.5587754,1788412791.5586197,1,390850,0.08,0.08,1.0,1.0,2.0,2.0,1.0,0,False,11.00967025756836
/agv3/capability_report,1788412791.5663164,1788412791.5617762,3,389516,0.08,0.08,1.0,1.0,2.0,2.0,1.0,0,False,11.913846015930176
/agv1/capability_report,1788412791.5666606,1788412791.5665722,1,390851,0.08,0.08,1.0,1.0,2.0,2.0,1.0,0,False,11.00967025756836
/agv2/capability_report,1788412791.5678115,1788412791.5618694,2,390402,0.08,0.08,1.0,1.0,2.0,2.0,1.0,0,False,11.69223403930664
/agv3/capability_report,1788412791.574396,1788412791.5697742,3,389517,0.08,0.08,1.0,1.0,2.0,2.0,1.0,0,False,11.913846015930176
/agv2/capability_report,1788412791.5754087,1788412791.5698702,2,390403,0.08,0.08,1.0,1.0,2.0,2.0,1.0,0,False,11.69223403930664
/agv1/capability_report,1788412791.5787337,1788412791.5786061,1,390852,0.08,0.08,1.0,1.0,2.0,2.0,1.0,0,False,11.00967025756836
/agv3/capability_report,1788412791.5863411,1788412791.5817752,3,389518,0.08,0.08,1.0,1.0,2.0,2.0,1.0,0,False,11.913846015930176
/agv1/capability_report,1788412791.5867362,1788412791.586579,1,390853,0.08,0.08,1.0,1.0,2.0,2.0,1.0,0,False,11.00967025756836
/agv2/capability_report,1788412791.5869637,1788412791.5818706,2,390404,0.08,0.08,1.0,1.0,2.0,2.0,1.0,0,False,11.69223403930664
/agv3/capability_report,1788412791.5943143,1788412791.5897846,3,389519,0.08,0.08,1.0,1.0,2.0,2.0,1.0,0,False,11.913846015930176
/agv2/capability_report,1788412791.5958688,1788412791.5898697,2,390405,0.08,0.08,1.0,1.0,2.0,2.0,1.0,0,False,11.69223403930664
/agv1/capability_report,1788412791.5988076,1788412791.5986946,1,390854,0.08,0.08,1.0,1.0,2.0,2.0,1.0,0,False,11.00967025756836
/agv3/capability_report,1788412791.6063275,1788412791.6018348,3,389520,0.08,0.08,1.0,1.0,2.0,2.0,1.0,0,False,11.913846015930176
/agv1/capability_report,1788412791.6067824,1788412791.6065817,1,390855,0.08,0.08,1.0,1.0,2.0,2.0,1.0,0,False,11.00967025756836
/agv2/capability_report,1788412791.607312,1788412791.601869,2,390406,0.08,0.08,1.0,1.0,2.0,2.0,1.0,0,False,11.69223403930664
/agv3/capability_report,1788412791.614325,1788412791.6097944,3,389521,0.08,0.08,1.0,1.0,2.0,2.0,1.0,0,False,11.913846015930176
/agv2/capability_report,1788412791.6166275,1788412791.609875,2,390407,0.08,0.08,1.0,1.0,2.0,2.0,1.0,0,False,11.69223403930664
/agv1/capability_report,1788412791.618708,1788412791.6186037,1,390856,0.08,0.08,1.0,1.0,2.0,2.0,1.0,0,False,11.00967025756836
/agv3/capability_report,1788412791.6263473,1788412791.621778,3,389522,0.08,0.08,1.0,1.0,2.0,2.0,1.0,0,False,11.913846015930176
/agv1/capability_report,1788412791.6266425,1788412791.6265733,1,390857,0.08,0.08,1.0,1.0,2.0,2.0,1.0,0,False,11.00967025756836
/agv2/capability_report,1788412791.6268802,1788412791.6218724,2,390408,0.08,0.08,1.0,1.0,2.0,2.0,1.0,0,False,11.69223403930664
/agv3/capability_report,1788412791.634996,1788412791.6297638,3,389523,0.08,0.08,1.0,1.0,2.0,2.0,1.0,0,False,11.913846015930176
/agv2/capability_report,1788412791.6366515,1788412791.6298747,2,390409,0.08,0.08,1.0,1.0,2.0,2.0,1.0,0,False,11.69223403930664
/agv1/capability_report,1788412791.6389706,1788412791.6386971,1,390858,0.08,0.08,1.0,1.0,2.0,2.0,1.0,0,False,10.991941452026367
/agv3/capability_report,1788412791.6463273,1788412791.6418293,3,389524,0.08,0.08,1.0,1.0,2.0,2.0,1.0,0,False,11.913846015930176
/agv1/capability_report,1788412791.6466475,1788412791.6465666,1,390859,0.08,0.08,1.0,1.0,2.0,2.0,1.0,0,False,10.991941452026367
/agv2/capability_report,1788412791.647854,1788412791.6418726,2,390410,0.08,0.08,1.0,1.0,2.0,2.0,1.0,0,False,11.69223403930664
/agv3/capability_report,1788412791.6543941,1788412791.6497788,3,389525,0.08,0.08,1.0,1.0,2.0,2.0,1.0,0,False,11.913846015930176
/agv2/capability_report,1788412791.655503,1788412791.6499224,2,390411,0.08,0.08,1.0,1.0,2.0,2.0,1.0,0,False,11.69223403930664
/agv1/capability_report,1788412791.6586704,1788412791.6586022,1,390860,0.08,0.08,1.0,1.0,2.0,2.0,1.0,0,False,10.991941452026367
/agv3/capability_report,1788412791.6663926,1788412791.6617749,3,389526,0.08,0.08,1.0,1.0,2.0,2.0,1.0,0,False,11.639047622680664
/agv1/capability_report,1788412791.666646,1788412791.6665778,1,390861,0.08,0.08,1.0,1.0,2.0,2.0,1.0,0,False,10.991941452026367
/agv2/capability_report,1788412791.6668224,1788412791.6618743,2,390412,0.08,0.08,1.0,1.0,2.0,2.0,1.0,0,False,11.69223403930664
/agv3/capability_report,1788412791.6745522,1788412791.6697643,3,389527,0.08,0.08,1.0,1.0,2.0,2.0,1.0,0,False,11.639047622680664
/agv2/capability_report,1788412791.6760252,1788412791.6698773,2,390413,0.08,0.08,1.0,1.0,2.0,2.0,1.0,0,False,11.69223403930664
/agv1/capability_report,1788412791.678726,1788412791.6785998,1,390862,0.08,0.08,1.0,1.0,2.0,2.0,1.0,0,False,10.991941452026367
/agv1/capability_report,1788412791.6866863,1788412791.6866105,1,390863,0.08,0.08,1.0,1.0,2.0,2.0,1.0,0,False,10.991941452026367
/agv3/capability_report,1788412791.687046,1788412791.6817732,3,389528,0.08,0.08,1.0,1.0,2.0,2.0,1.0,0,False,11.639047622680664
/agv2/capability_report,1788412791.6872497,1788412791.681871,2,390414,0.08,0.08,1.0,1.0,2.0,2.0,1.0,0,False,11.69223403930664
/agv3/capability_report,1788412791.6973672,1788412791.6897683,3,389529,0.08,0.08,1.0,1.0,2.0,2.0,1.0,0,False,11.639047622680664
/agv2/capability_report,1788412791.69738,1788412791.6898708,2,390415,0.08,0.08,1.0,1.0,2.0,2.0,1.0,0,False,11.69223403930664
/agv1/capability_report,1788412791.6989288,1788412791.6986141,1,390864,0.08,0.08,1.0,1.0,2.0,2.0,1.0,0,False,10.991941452026367
/agv3/capability_report,1788412791.706361,1788412791.7018337,3,389530,0.08,0.08,1.0,1.0,2.0,2.0,1.0,0,False,11.639047622680664
/agv1/capability_report,1788412791.706633,1788412791.7065732,1,390865,0.08,0.08,1.0,1.0,2.0,2.0,1.0,0,False,10.991941452026367
/agv2/capability_report,1788412791.7071912,1788412791.7018762,2,390416,0.08,0.08,1.0,1.0,2.0,2.0,1.0,0,False,11.701099395751953
/agv2/capability_report,1788412791.7152145,1788412791.7098746,2,390417,0.08,0.08,1.0,1.0,2.0,2.0,1.0,0,False,11.701099395751953
/agv3/capability_report,1788412791.71609,1788412791.7097769,3,389531,0.08,0.08,1.0,1.0,2.0,2.0,1.0,0,False,11.639047622680664
/agv1/capability_report,1788412791.718848,1788412791.7186913,1,390866,0.08,0.08,1.0,1.0,2.0,2.0,1.0,0,False,10.991941452026367
/agv3/capability_report,1788412791.7264166,1788412791.721768,3,389532,0.08,0.08,1.0,1.0,2.0,2.0,1.0,0,False,11.639047622680664
/agv1/capability_report,1788412791.726629,1788412791.726572,1,390867,0.08,0.08,1.0,1.0,2.0,2.0,1.0,0,False,10.991941452026367
/agv2/capability_report,1788412791.7275224,1788412791.7218733,2,390418,0.08,0.08,1.0,1.0,2.0,2.0,1.0,0,False,11.701099395751953
/agv2/capability_report,1788412791.7356136,1788412791.7297456,2,390419,0.08,0.08,1.0,1.0,2.0,2.0,1.0,0,False,11.701099395751953
/agv1/capability_report,1788412791.7388272,1788412791.7386935,1,390868,0.08,0.08,1.0,1.0,2.0,2.0,1.0,0,False,10.991941452026367
/agv3/capability_report,1788412791.7399006,1788412791.7297797,3,389533,0.08,0.08,1.0,1.0,2.0,2.0,1.0,0,False,11.639047622680664
/agv3/capability_report,1788412791.746434,1788412791.7417836,3,389534,0.08,0.08,1.0,1.0,2.0,2.0,1.0,0,False,11.639047622680664
/agv1/capability_report,1788412791.746684,1788412791.7465918,1,390869,0.08,0.08,1.0,1.0,2.0,2.0,1.0,0,False,10.991941452026367
/agv2/capability_report,1788412791.748061,1788412791.741871,2,390420,0.08,0.08,1.0,1.0,2.0,2.0,1.0,0,False,11.701099395751953
/agv3/capability_report,1788412791.7552545,1788412791.7497697,3,389535,0.08,0.08,1.0,1.0,2.0,2.0,1.0,0,False,11.639047622680664
/agv2/capability_report,1788412791.7573817,1788412791.7497394,2,390421,0.08,0.08,1.0,1.0,2.0,2.0,1.0,0,False,11.701099395751953
/agv1/capability_report,1788412791.7587652,1788412791.758674,1,390870,0.08,0.08,1.0,1.0,2.0,2.0,1.0,0,False,10.991941452026367
/agv3/capability_report,1788412791.7662914,1788412791.7617648,3,389536,0.08,0.08,1.0,1.0,2.0,2.0,1.0,0,False,11.639047622680664
/agv1/capability_report,1788412791.7666674,1788412791.7665606,1,390871,0.08,0.08,1.0,1.0,2.0,2.0,1.0,0,False,10.991941452026367
/agv2/capability_report,1788412791.7676291,1788412791.761859,2,390422,0.08,0.08,1.0,1.0,2.0,2.0,1.0,0,False,11.701099395751953
/agv3/capability_report,1788412791.7744164,1788412791.769776,3,389537,0.08,0.08,1.0,1.0,2.0,2.0,1.0,0,False,11.639047622680664
/agv2/capability_report,1788412791.7769635,1788412791.7698781,2,390423,0.08,0.08,1.0,1.0,2.0,2.0,1.0,0,False,11.701099395751953
/agv1/capability_report,1788412791.7787278,1788412791.7786188,1,390872,0.08,0.08,1.0,1.0,2.0,2.0,1.0,0,False,10.991941452026367
/agv3/capability_report,1788412791.786407,1788412791.781792,3,389538,0.08,0.08,1.0,1.0,2.0,2.0,1.0,0,False,11.639047622680664
/agv1/capability_report,1788412791.786612,1788412791.7865543,1,390873,0.08,0.08,1.0,1.0,2.0,2.0,1.0,0,False,10.991941452026367
/agv2/capability_report,1788412791.7890525,1788412791.7818289,2,390424,0.08,0.08,1.0,1.0,2.0,2.0,1.0,0,False,11.701099395751953
/agv3/capability_report,1788412791.7943256,1788412791.789777,3,389539,0.08,0.08,1.0,1.0,2.0,2.0,1.0,0,False,11.639047622680664
/agv2/capability_report,1788412791.7956903,1788412791.7898703,2,390425,0.08,0.08,1.0,1.0,2.0,2.0,1.0,0,False,11.701099395751953
/agv1/capability_report,1788412791.7986906,1788412791.798589,1,390874,0.08,0.08,1.0,1.0,2.0,2.0,1.0,0,False,11.328791618347168
/agv3/capability_report,1788412791.8063495,1788412791.801795,3,389540,0.08,0.08,1.0,1.0,2.0,2.0,1.0,0,False,11.639047622680664
/agv1/capability_report,1788412791.8066182,1788412791.8065681,1,390875,0.08,0.08,1.0,1.0,2.0,2.0,1.0,0,False,11.328791618347168
/agv2/capability_report,1788412791.8074667,1788412791.801876,2,390426,0.08,0.08,1.0,1.0,2.0,2.0,1.0,0,False,11.701099395751953
/agv2/capability_report,1788412791.8157048,1788412791.8098714,2,390427,0.08,0.08,1.0,1.0,2.0,2.0,1.0,0,False,11.701099395751953
/agv1/capability_report,1788412791.8187115,1788412791.8185909,1,390876,0.08,0.08,1.0,1.0,2.0,2.0,1.0,0,False,11.328791618347168
/agv3/capability_report,1788412791.8209195,1788412791.8097825,3,389541,0.08,0.08,1.0,1.0,2.0,2.0,1.0,0,False,11.639047622680664
/agv1/capability_report,1788412791.8266494,1788412791.8265543,1,390877,0.08,0.08,1.0,1.0,2.0,2.0,1.0,0,False,11.328791618347168
/agv2/capability_report,1788412791.8269105,1788412791.821871,2,390428,0.08,0.08,1.0,1.0,2.0,2.0,1.0,0,False,11.701099395751953
/agv3/capability_report,1788412791.826917,1788412791.8217945,3,389542,0.08,0.08,1.0,1.0,2.0,2.0,1.0,0,False,11.772014617919922
/agv3/capability_report,1788412791.8344572,1788412791.8297756,3,389543,0.08,0.08,1.0,1.0,2.0,2.0,1.0,0,False,11.772014617919922
/agv2/capability_report,1788412791.8370695,1788412791.82988,2,390429,0.08,0.08,1.0,1.0,2.0,2.0,1.0,0,False,11.701099395751953
/agv1/capability_report,1788412791.8387315,1788412791.8386161,1,390878,0.08,0.08,1.0,1.0,2.0,2.0,1.0,0,False,11.328791618347168
/agv3/capability_report,1788412791.8462772,1788412791.8417566,3,389544,0.08,0.08,1.0,1.0,2.0,2.0,1.0,0,False,11.772014617919922
/agv1/capability_report,1788412791.8466196,1788412791.8465643,1,390879,0.08,0.08,1.0,1.0,2.0,2.0,1.0,0,False,11.328791618347168
/agv2/capability_report,1788412791.8469758,1788412791.8418713,2,390430,0.08,0.08,1.0,1.0,2.0,2.0,1.0,0,False,11.701099395751953
/agv3/capability_report,1788412791.8545783,1788412791.8497727,3,389545,0.08,0.08,1.0,1.0,2.0,2.0,1.0,0,False,11.772014617919922
/agv2/capability_report,1788412791.8559592,1788412791.8498685,2,390431,0.08,0.08,1.0,1.0,2.0,2.0,1.0,0,False,11.701099395751953
/agv1/capability_report,1788412791.8586802,1788412791.8585765,1,390880,0.08,0.08,1.0,1.0,2.0,2.0,1.0,0,False,11.328791618347168
/agv3/capability_report,1788412791.8663085,1788412791.8617756,3,389546,0.08,0.08,1.0,1.0,2.0,2.0,1.0,0,False,11.772014617919922
/agv1/capability_report,1788412791.8667066,1788412791.866554,1,390881,0.08,0.08,1.0,1.0,2.0,2.0,1.0,0,False,11.328791618347168
/agv2/capability_report,1788412791.8672724,1788412791.8618703,2,390432,0.08,0.08,1.0,1.0,2.0,2.0,1.0,0,False,11.665640830993652
/agv3/capability_report,1788412791.8743515,1788412791.8697755,3,389547,0.08,0.08,1.0,1.0,2.0,2.0,1.0,0,False,11.772014617919922
/agv2/capability_report,1788412791.8760688,1788412791.8699307,2,390433,0.08,0.08,1.0,1.0,2.0,2.0,1.0,0,False,11.665640830993652
/agv1/capability_report,1788412791.878768,1788412791.8786073,1,390882,0.08,0.08,1.0,1.0,2.0,2.0,1.0,0,False,11.328791618347168
/agv3/capability_report,1788412791.8865337,1788412791.881787,3,389548,0.08,0.08,1.0,1.0,2.0,2.0,1.0,0,False,11.772014617919922
/agv1/capability_report,1788412791.886611,1788412791.8865585,1,390883,0.08,0.08,1.0,1.0,2.0,2.0,1.0,0,False,11.328791618347168
/agv2/capability_report,1788412791.8905294,1788412791.8818576,2,390434,0.08,0.08,1.0,1.0,2.0,2.0,1.0,0,False,11.665640830993652
/agv3/capability_report,1788412791.8944287,1788412791.8897822,3,389549,0.08,0.08,1.0,1.0,2.0,2.0,1.0,0,False,11.772014617919922
/agv2/capability_report,1788412791.8966763,1788412791.889875,2,390435,0.08,0.08,1.0,1.0,2.0,2.0,1.0,0,False,11.665640830993652
/agv1/capability_report,1788412791.898732,1788412791.898607,1,390884,0.08,0.08,1.0,1.0,2.0,2.0,1.0,0,False,11.328791618347168
/agv3/capability_report,1788412791.9064026,1788412791.9017968,3,389550,0.08,0.08,1.0,1.0,2.0,2.0,1.0,0,False,11.772014617919922
/agv1/capability_report,1788412791.90666,1788412791.9065537,1,390885,0.08,0.08,1.0,1.0,2.0,2.0,1.0,0,False,11.328791618347168
/agv2/capability_report,1788412791.9080188,1788412791.9018753,2,390436,0.08,0.08,1.0,1.0,2.0,2.0,1.0,0,False,11.665640830993652
/agv3/capability_report,1788412791.9146247,1788412791.909772,3,389551,0.08,0.08,1.0,1.0,2.0,2.0,1.0,0,False,11.772014617919922
/agv2/capability_report,1788412791.9162948,1788412791.9098742,2,390437,0.08,0.08,1.0,1.0,2.0,2.0,1.0,0,False,11.665640830993652
/agv1/capability_report,1788412791.9187076,1788412791.9185903,1,390886,0.08,0.08,1.0,1.0,2.0,2.0,1.0,0,False,11.328791618347168
/agv3/capability_report,1788412791.9263403,1788412791.9217718,3,389552,0.08,0.08,1.0,1.0,2.0,2.0,1.0,0,False,11.772014617919922
/agv1/capability_report,1788412791.9266438,1788412791.9265525,1,390887,0.08,0.08,1.0,1.0,2.0,2.0,1.0,0,False,11.328791618347168
/agv2/capability_report,1788412791.9284048,1788412791.9218738,2,390438,0.08,0.08,1.0,1.0,2.0,2.0,1.0,0,False,11.665640830993652
/agv3/capability_report,1788412791.9344456,1788412791.929782,3,389553,0.08,0.08,1.0,1.0,2.0,2.0,1.0,0,False,11.772014617919922
/agv2/capability_report,1788412791.93519,1788412791.929882,2,390439,0.08,0.08,1.0,1.0,2.0,2.0,1.0,0,False,11.665640830993652
/agv1/capability_report,1788412791.9385905,1788412791.9385538,1,390888,0.08,0.08,1.0,1.0,2.0,2.0,1.0,0,False,11.328791618347168
/agv3/capability_report,1788412791.9463544,1788412791.9417748,3,389554,0.08,0.08,1.0,1.0,2.0,2.0,1.0,0,False,11.772014617919922
/agv1/capability_report,1788412791.946605,1788412791.946562,1,390889,0.08,0.08,1.0,1.0,2.0,2.0,1.0,0,False,11.328791618347168
/agv2/capability_report,1788412791.9468865,1788412791.9418666,2,390440,0.08,0.08,1.0,1.0,2.0,2.0,1.0,0,False,11.665640830993652
/agv3/capability_report,1788412791.9548078,1788412791.949786,3,389555,0.08,0.08,1.0,1.0,2.0,2.0,1.0,0,False,11.772014617919922
/agv2/capability_report,1788412791.9560537,1788412791.949875,2,390441,0.08,0.08,1.0,1.0,2.0,2.0,1.0,0,False,11.665640830993652
/agv1/capability_report,1788412791.9587417,1788412791.9585896,1,390890,0.08,0.08,1.0,1.0,2.0,2.0,1.0,0,False,11.39084243774414
/agv3/capability_report,1788412791.9662833,1788412791.9617352,3,389556,0.08,0.08,1.0,1.0,2.0,2.0,1.0,0,False,11.772014617919922
/agv1/capability_report,1788412791.9666681,1788412791.9665656,1,390891,0.08,0.08,1.0,1.0,2.0,2.0,1.0,0,False,11.39084243774414
/agv2/capability_report,1788412791.9669569,1788412791.961873,2,390442,0.08,0.08,1.0,1.0,2.0,2.0,1.0,0,False,11.665640830993652
/agv3/capability_report,1788412791.974492,1788412791.9697318,3,389557,0.08,0.08,1.0,1.0,2.0,2.0,1.0,0,False,11.772014617919922
/agv2/capability_report,1788412791.9761243,1788412791.9698765,2,390443,0.08,0.08,1.0,1.0,2.0,2.0,1.0,0,False,11.665640830993652
/agv1/capability_report,1788412791.978746,1788412791.9785945,1,390892,0.08,0.08,1.0,1.0,2.0,2.0,1.0,0,False,11.39084243774414
/agv3/capability_report,1788412791.986291,1788412791.9817321,3,389558,0.08,0.08,1.0,1.0,2.0,2.0,1.0,0,False,11.75428581237793
/agv1/capability_report,1788412791.9866192,1788412791.9865515,1,390893,0.08,0.08,1.0,1.0,2.0,2.0,1.0,0,False,11.39084243774414
/agv2/capability_report,1788412791.987677,1788412791.9818733,2,390444,0.08,0.08,1.0,1.0,2.0,2.0,1.0,0,False,11.665640830993652
/agv3/capability_report,1788412791.9943666,1788412791.989736,3,389559,0.08,0.08,1.0,1.0,2.0,2.0,1.0,0,False,11.75428581237793
/agv2/capability_report,1788412791.9956906,1788412791.989873,2,390445,0.08,0.08,1.0,1.0,2.0,2.0,1.0,0,False,11.665640830993652
/agv1/capability_report,1788412791.998809,1788412791.9985912,1,390894,0.08,0.08,1.0,1.0,2.0,2.0,1.0,0,False,11.39084243774414
/agv3/capability_report,1788412792.0062718,1788412792.001792,3,389560,0.08,0.08,1.0,1.0,2.0,2.0,1.0,0,False,11.75428581237793
/agv1/capability_report,1788412792.0066166,1788412792.0065637,1,390895,0.08,0.08,1.0,1.0,2.0,2.0,1.0,0,False,11.39084243774414
/agv3/capability_report,1788412792.0145013,1788412792.0097728,3,389561,0.08,0.08,1.0,1.0,2.0,2.0,1.0,0,False,11.75428581237793
/agv1/capability_report,1788412792.018702,1788412792.0185535,1,390896,0.08,0.08,1.0,1.0,2.0,2.0,1.0,0,False,11.39084243774414
/agv2/capability_report,1788412792.0203397,1788412792.0018752,2,390446,0.08,0.08,1.0,1.0,2.0,2.0,1.0,0,False,11.665640830993652
/agv2/capability_report,1788412792.023913,1788412792.0098717,2,390447,0.08,0.08,1.0,1.0,2.0,2.0,1.0,0,False,11.665640830993652
/agv3/capability_report,1788412792.0264444,1788412792.0217764,3,389562,0.08,0.08,1.0,1.0,2.0,2.0,1.0,0,False,11.75428581237793
/agv1/capability_report,1788412792.0266552,1788412792.0265594,1,390897,0.08,0.08,1.0,1.0,2.0,2.0,1.0,0,False,11.39084243774414
/agv2/capability_report,1788412792.0282447,1788412792.0218735,2,390448,0.08,0.08,1.0,1.0,2.0,2.0,1.0,0,False,11.665640830993652
/agv3/capability_report,1788412792.0345113,1788412792.029769,3,389563,0.08,0.08,1.0,1.0,2.0,2.0,1.0,0,False,11.75428581237793
/agv2/capability_report,1788412792.03547,1788412792.029877,2,390449,0.08,0.08,1.0,1.0,2.0,2.0,1.0,0,False,11.665640830993652
/agv1/capability_report,1788412792.0388207,1788412792.0386124,1,390898,0.08,0.08,1.0,1.0,2.0,2.0,1.0,0,False,11.39084243774414
/agv1/capability_report,1788412792.0466614,1788412792.0465636,1,390899,0.08,0.08,1.0,1.0,2.0,2.0,1.0,0,False,11.39084243774414
/agv2/capability_report,1788412792.0477586,1788412792.0418696,2,390450,0.08,0.08,1.0,1.0,2.0,2.0,1.0,0,False,11.665640830993652
/agv3/capability_report,1788412792.04839,1788412792.0417757,3,389564,0.08,0.08,1.0,1.0,2.0,2.0,1.0,0,False,11.75428581237793
/agv3/capability_report,1788412792.0546417,1788412792.0497715,3,389565,0.08,0.08,1.0,1.0,2.0,2.0,1.0,0,False,11.75428581237793
/agv1/capability_report,1788412792.0588214,1788412792.0586045,1,390900,0.08,0.08,1.0,1.0,2.0,2.0,1.0,0,False,11.39084243774414
/agv3/capability_report,1788412792.066433,1788412792.0618012,3,389566,0.08,0.08,1.0,1.0,2.0,2.0,1.0,0,False,11.75428581237793
/agv1/capability_report,1788412792.0666115,1788412792.0665524,1,390901,0.08,0.08,1.0,1.0,2.0,2.0,1.0,0,False,11.39084243774414
/agv2/capability_report,1788412792.072747,1788412792.0498822,2,390451,0.08,0.08,1.0,1.0,2.0,2.0,1.0,0,False,11.665640830993652
/agv3/capability_report,1788412792.074984,1788412792.0697796,3,389567,0.08,0.08,1.0,1.0,2.0,2.0,1.0,0,False,11.75428581237793
/agv2/capability_report,1788412792.0758069,1788412792.061869,2,390452,0.08,0.08,1.0,1.0,2.0,2.0,1.0,0,False,11.665640830993652
/agv2/capability_report,1788412792.0758088,1788412792.0698726,2,390453,0.08,0.08,1.0,1.0,2.0,2.0,1.0,0,False,11.665640830993652
/agv1/capability_report,1788412792.0788236,1788412792.0786111,1,390902,0.08,0.08,1.0,1.0,2.0,2.0,1.0,0,False,11.39084243774414
/agv3/capability_report,1788412792.0863042,1788412792.0817623,3,389568,0.08,0.08,1.0,1.0,2.0,2.0,1.0,0,False,11.75428581237793
/agv1/capability_report,1788412792.0866365,1788412792.086552,1,390903,0.08,0.08,1.0,1.0,2.0,2.0,1.0,0,False,11.39084243774414
/agv2/capability_report,1788412792.0874252,1788412792.0818727,2,390454,0.08,0.08,1.0,1.0,2.0,2.0,1.0,0,False,11.665640830993652
/agv3/capability_report,1788412792.0944355,1788412792.0898075,3,389569,0.08,0.08,1.0,1.0,2.0,2.0,1.0,0,False,11.75428581237793
/agv2/capability_report,1788412792.096959,1788412792.0898626,2,390455,0.08,0.08,1.0,1.0,2.0,2.0,1.0,0,False,11.665640830993652
/agv1/capability_report,1788412792.098764,1788412792.0986035,1,390904,0.08,0.08,1.0,1.0,2.0,2.0,1.0,0,False,11.39084243774414
/agv3/capability_report,1788412792.1064801,1788412792.1017966,3,389570,0.08,0.08,1.0,1.0,2.0,2.0,1.0,0,False,11.75428581237793
/agv1/capability_report,1788412792.106637,1788412792.1065657,1,390905,0.08,0.08,1.0,1.0,2.0,2.0,1.0,0,False,11.39084243774414
/agv2/capability_report,1788412792.1088192,1788412792.101883,2,390456,0.08,0.08,1.0,1.0,2.0,2.0,1.0,0,False,11.665640830993652
/agv3/capability_report,1788412792.1143572,1788412792.109778,3,389571,0.08,0.08,1.0,1.0,2.0,2.0,1.0,0,False,11.75428581237793
/agv2/capability_report,1788412792.1153033,1788412792.1098745,2,390457,0.08,0.08,1.0,1.0,2.0,2.0,1.0,0,False,11.665640830993652
/agv1/capability_report,1788412792.1190386,1788412792.118698,1,390906,0.08,0.08,1.0,1.0,2.0,2.0,1.0,0,False,11.302197456359863
/agv3/capability_report,1788412792.126278,1788412792.1217787,3,389572,0.08,0.08,1.0,1.0,2.0,2.0,1.0,0,False,11.75428581237793
/agv1/capability_report,1788412792.1267083,1788412792.1265738,1,390907,0.08,0.08,1.0,1.0,2.0,2.0,1.0,0,False,11.302197456359863
/agv2/capability_report,1788412792.1287687,1788412792.12187,2,390458,0.08,0.08,1.0,1.0,2.0,2.0,1.0,0,False,11.665640830993652
/agv3/capability_report,1788412792.1344016,1788412792.129774,3,389573,0.08,0.08,1.0,1.0,2.0,2.0,1.0,0,False,11.75428581237793
/agv2/capability_report,1788412792.1362517,1788412792.1298711,2,390459,0.08,0.08,1.0,1.0,2.0,2.0,1.0,0,False,11.665640830993652
/agv1/capability_report,1788412792.139,1788412792.138725,1,390908,0.08,0.08,1.0,1.0,2.0,2.0,1.0,0,False,11.302197456359863
/agv1/capability_report,1788412792.1467283,1788412792.1465998,1,390909,0.08,0.08,1.0,1.0,2.0,2.0,1.0,0,False,11.302197456359863
/agv2/capability_report,1788412792.146821,1788412792.1418734,2,390460,0.08,0.08,1.0,1.0,2.0,2.0,1.0,0,False,11.665640830993652
/agv3/capability_report,1788412792.1468554,1788412792.1417747,3,389574,0.08,0.08,1.0,1.0,2.0,2.0,1.0,0,False,11.789743423461914
/agv3/capability_report,1788412792.15466,1788412792.1497755,3,389575,0.08,0.08,1.0,1.0,2.0,2.0,1.0,0,False,11.789743423461914
/agv2/capability_report,1788412792.1556997,1788412792.1498425,2,390461,0.08,0.08,1.0,1.0,2.0,2.0,1.0,0,False,11.665640830993652
/agv1/capability_report,1788412792.1588202,1788412792.1586075,1,390910,0.08,0.08,1.0,1.0,2.0,2.0,1.0,0,False,11.302197456359863
/agv1/capability_report,1788412792.1666174,1788412792.166553,1,390911,0.08,0.08,1.0,1.0,2.0,2.0,1.0,0,False,11.302197456359863
/agv3/capability_report,1788412792.1668053,1788412792.1617455,3,389576,0.08,0.08,1.0,1.0,2.0,2.0,1.0,0,False,11.789743423461914
/agv2/capability_report,1788412792.1697812,1788412792.16187,2,390462,0.08,0.08,1.0,1.0,2.0,2.0,1.0,0,False,11.665640830993652
/agv3/capability_report,1788412792.174492,1788412792.1697197,3,389577,0.08,0.08,1.0,1.0,2.0,2.0,1.0,0,False,11.789743423461914
/agv2/capability_report,1788412792.175854,1788412792.1698778,2,390463,0.08,0.08,1.0,1.0,2.0,2.0,1.0,0,False,11.665640830993652
/agv1/capability_report,1788412792.1787019,1788412792.1785939,1,390912,0.08,0.08,1.0,1.0,2.0,2.0,1.0,0,False,11.302197456359863
/agv3/capability_report,1788412792.1863754,1788412792.1817791,3,389578,0.08,0.08,1.0,1.0,2.0,2.0,1.0,0,False,11.789743423461914
/agv1/capability_report,1788412792.1866717,1788412792.1865566,1,390913,0.08,0.08,1.0,1.0,2.0,2.0,1.0,0,False,11.302197456359863
/agv2/capability_report,1788412792.18723,1788412792.1818752,2,390464,0.08,0.08,1.0,1.0,2.0,2.0,1.0,0,False,11.585861206054688
/agv3/capability_report,1788412792.194467,1788412792.1897786,3,389579,0.08,0.08,1.0,1.0,2.0,2.0,1.0,0,False,11.789743423461914
/agv2/capability_report,1788412792.1968446,1788412792.1898603,2,390465,0.08,0.08,1.0,1.0,2.0,2.0,1.0,0,False,11.585861206054688
/agv1/capability_report,1788412792.1987824,1788412792.1986094,1,390914,0.08,0.08,1.0,1.0,2.0,2.0,1.0,0,False,11.302197456359863
/agv1/capability_report,1788412792.2066746,1788412792.2065637,1,390915,0.08,0.08,1.0,1.0,2.0,2.0,1.0,0,False,11.302197456359863
/agv2/capability_report,1788412792.2082627,1788412792.2019117,2,390466,0.08,0.08,1.0,1.0,2.0,2.0,1.0,0,False,11.585861206054688
/agv3/capability_report,1788412792.2082698,1788412792.2017858,3,389580,0.08,0.08,1.0,1.0,2.0,2.0,1.0,0,False,11.789743423461914
/agv3/capability_report,1788412792.2156897,1788412792.209778,3,389581,0.08,0.08,1.0,1.0,2.0,2.0,1.0,0,False,11.789743423461914
/agv2/capability_report,1788412792.2156997,1788412792.209754,2,390467,0.08,0.08,1.0,1.0,2.0,2.0,1.0,0,False,11.585861206054688
/agv1/capability_report,1788412792.2188272,1788412792.2186143,1,390916,0.08,0.08,1.0,1.0,2.0,2.0,1.0,0,False,11.302197456359863
/agv1/capability_report,1788412792.2267115,1788412792.2265642,1,390917,0.08,0.08,1.0,1.0,2.0,2.0,1.0,0,False,11.302197456359863
/agv3/capability_report,1788412792.227385,1788412792.2217796,3,389582,0.08,0.08,1.0,1.0,2.0,2.0,1.0,0,False,11.789743423461914
/agv2/capability_report,1788412792.229281,1788412792.221883,2,390468,0.08,0.08,1.0,1.0,2.0,2.0,1.0,0,False,11.585861206054688
/agv3/capability_report,1788412792.2354865,1788412792.2297823,3,389583,0.08,0.08,1.0,1.0,2.0,2.0,1.0,0,False,11.789743423461914
/agv2/capability_report,1788412792.235691,1788412792.2298696,2,390469,0.08,0.08,1.0,1.0,2.0,2.0,1.0,0,False,11.585861206054688
/agv1/capability_report,1788412792.23882,1788412792.238643,1,390918,0.08,0.08,1.0,1.0,2.0,2.0,1.0,0,False,11.302197456359863
/agv1/capability_report,1788412792.246631,1788412792.24656,1,390919,0.08,0.08,1.0,1.0,2.0,2.0,1.0,0,False,11.302197456359863
/agv3/capability_report,1788412792.2467554,1788412792.241752,3,389584,0.08,0.08,1.0,1.0,2.0,2.0,1.0,0,False,11.789743423461914
/agv2/capability_report,1788412792.2478065,1788412792.2419224,2,390470,0.08,0.08,1.0,1.0,2.0,2.0,1.0,0,False,11.585861206054688
/agv3/capability_report,1788412792.2545416,1788412792.2497752,3,389585,0.08,0.08,1.0,1.0,2.0,2.0,1.0,0,False,11.789743423461914
/agv2/capability_report,1788412792.2555208,1788412792.2498722,2,390471,0.08,0.08,1.0,1.0,2.0,2.0,1.0,0,False,11.585861206054688
/agv1/capability_report,1788412792.2587998,1788412792.2586124,1,390920,0.08,0.08,1.0,1.0,2.0,2.0,1.0,0,False,11.302197456359863
/agv3/capability_report,1788412792.2664368,1788412792.2617793,3,389586,0.08,0.08,1.0,1.0,2.0,2.0,1.0,0,False,11.789743423461914
/agv1/capability_report,1788412792.2666175,1788412792.2665622,1,390921,0.08,0.08,1.0,1.0,2.0,2.0,1.0,0,False,11.204689025878906
/agv2/capability_report,1788412792.2668881,1788412792.2618716,2,390472,0.08,0.08,1.0,1.0,2.0,2.0,1.0,0,False,11.585861206054688
/agv3/capability_report,1788412792.2743661,1788412792.269777,3,389587,0.08,0.08,1.0,1.0,2.0,2.0,1.0,0,False,11.789743423461914
/agv2/capability_report,1788412792.2756424,1788412792.269875,2,390473,0.08,0.08,1.0,1.0,2.0,2.0,1.0,0,False,11.585861206054688
/agv1/capability_report,1788412792.2787445,1788412792.278609,1,390922,0.08,0.08,1.0,1.0,2.0,2.0,1.0,0,False,11.204689025878906
/agv3/capability_report,1788412792.2863104,1788412792.2817786,3,389588,0.08,0.08,1.0,1.0,2.0,2.0,1.0,0,False,11.789743423461914
/agv1/capability_report,1788412792.2866063,1788412792.2865572,1,390923,0.08,0.08,1.0,1.0,2.0,2.0,1.0,0,False,11.204689025878906
/agv2/capability_report,1788412792.2893238,1788412792.2818358,2,390474,0.08,0.08,1.0,1.0,2.0,2.0,1.0,0,False,11.585861206054688
/agv3/capability_report,1788412792.2942777,1788412792.2897294,3,389589,0.08,0.08,1.0,1.0,2.0,2.0,1.0,0,False,11.789743423461914
/agv2/capability_report,1788412792.2954762,1788412792.2898707,2,390475,0.08,0.08,1.0,1.0,2.0,2.0,1.0,0,False,11.585861206054688
/agv1/capability_report,1788412792.2986414,1788412792.2985566,1,390924,0.08,0.08,1.0,1.0,2.0,2.0,1.0,0,False,11.204689025878906
/agv3/capability_report,1788412792.3062723,1788412792.301796,3,389590,0.08,0.08,1.0,1.0,2.0,2.0,1.0,0,False,11.665640830993652
/agv1/capability_report,1788412792.306633,1788412792.3065639,1,390925,0.08,0.08,1.0,1.0,2.0,2.0,1.0,0,False,11.204689025878906
/agv2/capability_report,1788412792.307685,1788412792.301885,2,390476,0.08,0.08,1.0,1.0,2.0,2.0,1.0,0,False,11.585861206054688
/agv3/capability_report,1788412792.314299,1788412792.3097765,3,389591,0.08,0.08,1.0,1.0,2.0,2.0,1.0,0,False,11.665640830993652
/agv2/capability_report,1788412792.315404,1788412792.3098745,2,390477,0.08,0.08,1.0,1.0,2.0,2.0,1.0,0,False,11.585861206054688
/agv1/capability_report,1788412792.3186646,1788412792.3185582,1,390926,0.08,0.08,1.0,1.0,2.0,2.0,1.0,0,False,11.204689025878906
/agv3/capability_report,1788412792.3263552,1788412792.3217587,3,389592,0.08,0.08,1.0,1.0,2.0,2.0,1.0,0,False,11.665640830993652
/agv1/capability_report,1788412792.3266706,1788412792.326557,1,390927,0.08,0.08,1.0,1.0,2.0,2.0,1.0,0,False,11.204689025878906
/agv2/capability_report,1788412792.329069,1788412792.3218374,2,390478,0.08,0.08,1.0,1.0,2.0,2.0,1.0,0,False,11.585861206054688
/agv3/capability_report,1788412792.3352535,1788412792.3297794,3,389593,0.08,0.08,1.0,1.0,2.0,2.0,1.0,0,False,11.665640830993652
/agv2/capability_report,1788412792.3376777,1788412792.329873,2,390479,0.08,0.08,1.0,1.0,2.0,2.0,1.0,0,False,11.585861206054688
/agv1/capability_report,1788412792.338665,1788412792.3385632,1,390928,0.08,0.08,1.0,1.0,2.0,2.0,1.0,0,False,11.204689025878906
/agv3/capability_report,1788412792.3464532,1788412792.341793,3,389594,0.08,0.08,1.0,1.0,2.0,2.0,1.0,0,False,11.665640830993652
/agv1/capability_report,1788412792.3466566,1788412792.3465674,1,390929,0.08,0.08,1.0,1.0,2.0,2.0,1.0,0,False,11.204689025878906
/agv2/capability_report,1788412792.3471835,1788412792.3418517,2,390480,0.08,0.08,1.0,1.0,2.0,2.0,1.0,0,False,11.64791202545166
/agv3/capability_report,1788412792.3544674,1788412792.3497915,3,389595,0.08,0.08,1.0,1.0,2.0,2.0,1.0,0,False,11.665640830993652
/agv2/capability_report,1788412792.355745,1788412792.34987,2,390481,0.08,0.08,1.0,1.0,2.0,2.0,1.0,0,False,11.64791202545166
/agv1/capability_report,1788412792.358802,1788412792.3585863,1,390930,0.08,0.08,1.0,1.0,2.0,2.0,1.0,0,False,11.204689025878906
/agv1/capability_report,1788412792.3666432,1788412792.3665545,1,390931,0.08,0.08,1.0,1.0,2.0,2.0,1.0,0,False,11.204689025878906
/agv2/capability_report,1788412792.367799,1788412792.3618739,2,390482,0.08,0.08,1.0,1.0,2.0,2.0,1.0,0,False,11.64791202545166
/agv3/capability_report,1788412792.3678498,1788412792.3617706,3,389596,0.08,0.08,1.0,1.0,2.0,2.0,1.0,0,False,11.665640830993652
/agv3/capability_report,1788412792.3742595,1788412792.3697755,3,389597,0.08,0.08,1.0,1.0,2.0,2.0,1.0,0,False,11.665640830993652
/agv2/capability_report,1788412792.3753407,1788412792.3698745,2,390483,0.08,0.08,1.0,1.0,2.0,2.0,1.0,0,False,11.64791202545166
/agv1/capability_report,1788412792.3787467,1788412792.3785903,1,390932,0.08,0.08,1.0,1.0,2.0,2.0,1.0,0,False,11.204689025878906
/agv3/capability_report,1788412792.386428,1788412792.381717,3,389598,0.08,0.08,1.0,1.0,2.0,2.0,1.0,0,False,11.665640830993652
/agv1/capability_report,1788412792.3865945,1788412792.3865552,1,390933,0.08,0.08,1.0,1.0,2.0,2.0,1.0,0,False,11.204689025878906
/agv2/capability_report,1788412792.3877058,1788412792.381853,2,390484,0.08,0.08,1.0,1.0,2.0,2.0,1.0,0,False,11.64791202545166
/agv3/capability_report,1788412792.394687,1788412792.389733,3,389599,0.08,0.08,1.0,1.0,2.0,2.0,1.0,0,False,11.665640830993652
/agv2/capability_report,1788412792.3961487,1788412792.3898234,2,390485,0.08,0.08,1.0,1.0,2.0,2.0,1.0,0,False,11.64791202545166
/agv1/capability_report,1788412792.3988347,1788412792.3987036,1,390934,0.08,0.08,1.0,1.0,2.0,2.0,1.0,0,False,11.204689025878906
/agv3/capability_report,1788412792.4062424,1788412792.4017944,3,389600,0.08,0.08,1.0,1.0,2.0,2.0,1.0,0,False,11.665640830993652
/agv1/capability_report,1788412792.4066343,1788412792.4065704,1,390935,0.08,0.08,1.0,1.0,2.0,2.0,1.0,0,False,11.204689025878906
/agv2/capability_report,1788412792.4077241,1788412792.4018688,2,390486,0.08,0.08,1.0,1.0,2.0,2.0,1.0,0,False,11.64791202545166
/agv3/capability_report,1788412792.4143412,1788412792.4097636,3,389601,0.08,0.08,1.0,1.0,2.0,2.0,1.0,0,False,11.665640830993652
/agv2/capability_report,1788412792.4152362,1788412792.4098842,2,390487,0.08,0.08,1.0,1.0,2.0,2.0,1.0,0,False,11.64791202545166
/agv1/capability_report,1788412792.4188416,1788412792.4186933,1,390936,0.08,0.08,1.0,1.0,2.0,2.0,1.0,0,False,11.204689025878906
/agv3/capability_report,1788412792.4263883,1788412792.4217727,3,389602,0.08,0.08,1.0,1.0,2.0,2.0,1.0,0,False,11.665640830993652
/agv1/capability_report,1788412792.426644,1788412792.4265652,1,390937,0.08,0.08,1.0,1.0,2.0,2.0,1.0,0,False,11.045127868652344
/agv2/capability_report,1788412792.4272265,1788412792.4218724,2,390488,0.08,0.08,1.0,1.0,2.0,2.0,1.0,0,False,11.64791202545166
/agv3/capability_report,1788412792.4343846,1788412792.4297802,3,389603,0.08,0.08,1.0,1.0,2.0,2.0,1.0,0,False,11.665640830993652
/agv2/capability_report,1788412792.4361572,1788412792.4298933,2,390489,0.08,0.08,1.0,1.0,2.0,2.0,1.0,0,False,11.64791202545166
/agv1/capability_report,1788412792.4386692,1788412792.4385903,1,390938,0.08,0.08,1.0,1.0,2.0,2.0,1.0,0,False,11.045127868652344
/agv3/capability_report,1788412792.4462574,1788412792.4417655,3,389604,0.08,0.08,1.0,1.0,2.0,2.0,1.0,0,False,11.665640830993652
/agv1/capability_report,1788412792.4466467,1788412792.4465606,1,390939,0.08,0.08,1.0,1.0,2.0,2.0,1.0,0,False,11.045127868652344
/agv2/capability_report,1788412792.4489465,1788412792.4417343,2,390490,0.08,0.08,1.0,1.0,2.0,2.0,1.0,0,False,11.64791202545166
/agv3/capability_report,1788412792.4548757,1788412792.4497771,3,389605,0.08,0.08,1.0,1.0,2.0,2.0,1.0,0,False,11.665640830993652
/agv2/capability_report,1788412792.4579296,1788412792.4498968,2,390491,0.08,0.08,1.0,1.0,2.0,2.0,1.0,0,False,11.64791202545166
/agv1/capability_report,1788412792.4587216,1788412792.4586053,1,390940,0.08,0.08,1.0,1.0,2.0,2.0,1.0,0,False,11.045127868652344
/agv3/capability_report,1788412792.4663894,1788412792.4617145,3,389606,0.08,0.08,1.0,1.0,2.0,2.0,1.0,0,False,11.736557006835938
/agv1/capability_report,1788412792.46676,1788412792.4666529,1,390941,0.08,0.08,1.0,1.0,2.0,2.0,1.0,0,False,11.045127868652344
/agv2/capability_report,1788412792.4672594,1788412792.4618692,2,390492,0.08,0.08,1.0,1.0,2.0,2.0,1.0,0,False,11.64791202545166
/agv3/capability_report,1788412792.4745793,1788412792.4697793,3,389607,0.08,0.08,1.0,1.0,2.0,2.0,1.0,0,False,11.736557006835938
/agv2/capability_report,1788412792.4751554,1788412792.4698758,2,390493,0.08,0.08,1.0,1.0,2.0,2.0,1.0,0,False,11.64791202545166
/agv1/capability_report,1788412792.4787145,1788412792.4785593,1,390942,0.08,0.08,1.0,1.0,2.0,2.0,1.0,0,False,11.045127868652344
/agv3/capability_report,1788412792.48649,1788412792.481805,3,389608,0.08,0.08,1.0,1.0,2.0,2.0,1.0,0,False,11.736557006835938
/agv1/capability_report,1788412792.4865992,1788412792.4865522,1,390943,0.08,0.08,1.0,1.0,2.0,2.0,1.0,0,False,11.045127868652344
/agv2/capability_report,1788412792.4879847,1788412792.481871,2,390494,0.08,0.08,1.0,1.0,2.0,2.0,1.0,0,False,11.64791202545166
/agv3/capability_report,1788412792.4943647,1788412792.4897768,3,389609,0.08,0.08,1.0,1.0,2.0,2.0,1.0,0,False,11.736557006835938
/agv2/capability_report,1788412792.4958317,1788412792.4898727,2,390495,0.08,0.08,1.0,1.0,2.0,2.0,1.0,0,False,11.64791202545166
/agv1/capability_report,1788412792.4986393,1788412792.49856,1,390944,0.08,0.08,1.0,1.0,2.0,2.0,1.0,0,False,11.045127868652344
/agv3/capability_report,1788412792.5062776,1788412792.5017946,3,389610,0.08,0.08,1.0,1.0,2.0,2.0,1.0,0,False,11.736557006835938
/agv1/capability_report,1788412792.506603,1788412792.5065603,1,390945,0.08,0.08,1.0,1.0,2.0,2.0,1.0,0,False,11.045127868652344
/agv2/capability_report,1788412792.5094619,1788412792.5018723,2,390496,0.08,0.08,1.0,1.0,2.0,2.0,1.0,0,False,11.639047622680664
/agv3/capability_report,1788412792.5143306,1788412792.509778,3,389611,0.08,0.08,1.0,1.0,2.0,2.0,1.0,0,False,11.736557006835938
/agv2/capability_report,1788412792.5159237,1788412792.5098705,2,390497,0.08,0.08,1.0,1.0,2.0,2.0,1.0,0,False,11.639047622680664
/agv1/capability_report,1788412792.5187674,1788412792.5186079,1,390946,0.08,0.08,1.0,1.0,2.0,2.0,1.0,0,False,11.045127868652344
/agv3/capability_report,1788412792.526362,1788412792.5217745,3,389612,0.08,0.08,1.0,1.0,2.0,2.0,1.0,0,False,11.736557006835938
/agv1/capability_report,1788412792.5265915,1788412792.5265543,1,390947,0.08,0.08,1.0,1.0,2.0,2.0,1.0,0,False,11.045127868652344
/agv2/capability_report,1788412792.527336,1788412792.5218725,2,390498,0.08,0.08,1.0,1.0,2.0,2.0,1.0,0,False,11.639047622680664
/agv3/capability_report,1788412792.5343187,1788412792.5297835,3,389613,0.08,0.08,1.0,1.0,2.0,2.0,1.0,0,False,11.736557006835938
/agv2/capability_report,1788412792.5350113,1788412792.5298674,2,390499,0.08,0.08,1.0,1.0,2.0,2.0,1.0,0,False,11.639047622680664
/agv1/capability_report,1788412792.5387385,1788412792.5385895,1,390948,0.08,0.08,1.0,1.0,2.0,2.0,1.0,0,False,11.045127868652344
/agv3/capability_report,1788412792.5463138,1788412792.5417793,3,389614,0.08,0.08,1.0,1.0,2.0,2.0,1.0,0,False,11.736557006835938
/agv1/capability_report,1788412792.5466747,1788412792.5465562,1,390949,0.08,0.08,1.0,1.0,2.0,2.0,1.0,0,False,11.045127868652344
/agv2/capability_report,1788412792.5468667,1788412792.5417354,2,390500,0.08,0.08,1.0,1.0,2.0,2.0,1.0,0,False,11.639047622680664
/agv3/capability_report,1788412792.5545354,1788412792.549802,3,389615,0.08,0.08,1.0,1.0,2.0,2.0,1.0,0,False,11.736557006835938
/agv2/capability_report,1788412792.555967,1788412792.5498602,2,390501,0.08,0.08,1.0,1.0,2.0,2.0,1.0,0,False,11.639047622680664
/agv1/capability_report,1788412792.558763,1788412792.558601,1,390950,0.08,0.08,1.0,1.0,2.0,2.0,1.0,0,False,11.045127868652344
/agv3/capability_report,1788412792.56623,1788412792.5617146,3,389616,0.08,0.08,1.0,1.0,2.0,2.0,1.0,0,False,11.736557006835938
/agv1/capability_report,1788412792.5666692,1788412792.5665536,1,390951,0.08,0.08,1.0,1.0,2.0,2.0,1.0,0,False,11.045127868652344
/agv2/capability_report,1788412792.5684786,1788412792.5618708,2,390502,0.08,0.08,1.0,1.0,2.0,2.0,1.0,0,False,11.639047622680664
/agv3/capability_report,1788412792.5743382,1788412792.5698035,3,389617,0.08,0.08,1.0,1.0,2.0,2.0,1.0,0,False,11.736557006835938
/agv2/capability_report,1788412792.5754366,1788412792.5698705,2,390503,0.08,0.08,1.0,1.0,2.0,2.0,1.0,0,False,11.639047622680664
/agv1/capability_report,1788412792.5786433,1788412792.5785606,1,390952,0.08,0.08,1.0,1.0,2.0,2.0,1.0,0,False,11.045127868652344
/agv3/capability_report,1788412792.5864832,1788412792.5818353,3,389618,0.08,0.08,1.0,1.0,2.0,2.0,1.0,0,False,11.736557006835938
/agv1/capability_report,1788412792.5866313,1788412792.586588,1,390953,0.08,0.08,1.0,1.0,2.0,2.0,1.0,0,False,10.85897445678711
/agv2/capability_report,1788412792.586976,1788412792.581876,2,390504,0.08,0.08,1.0,1.0,2.0,2.0,1.0,0,False,11.639047622680664
/agv3/capability_report,1788412792.5950952,1788412792.5897872,3,389619,0.08,0.08,1.0,1.0,2.0,2.0,1.0,0,False,11.736557006835938
/agv2/capability_report,1788412792.595529,1788412792.5898795,2,390505,0.08,0.08,1.0,1.0,2.0,2.0,1.0,0,False,11.639047622680664
/agv1/capability_report,1788412792.5987027,1788412792.5986052,1,390954,0.08,0.08,1.0,1.0,2.0,2.0,1.0,0,False,10.85897445678711
/agv3/capability_report,1788412792.6061323,1788412792.6017456,3,389620,0.08,0.08,1.0,1.0,2.0,2.0,1.0,0,False,11.736557006835938
/agv1/capability_report,1788412792.6066346,1788412792.6065643,1,390955,0.08,0.08,1.0,1.0,2.0,2.0,1.0,0,False,10.85897445678711
/agv2/capability_report,1788412792.608499,1788412792.6018705,2,390506,0.08,0.08,1.0,1.0,2.0,2.0,1.0,0,False,11.639047622680664
/agv3/capability_report,1788412792.6144192,1788412792.609774,3,389621,0.08,0.08,1.0,1.0,2.0,2.0,1.0,0,False,11.736557006835938
/agv2/capability_report,1788412792.6163397,1788412792.6098738,2,390507,0.08,0.08,1.0,1.0,2.0,2.0,1.0,0,False,11.639047622680664
/agv1/capability_report,1788412792.618735,1788412792.6186101,1,390956,0.08,0.08,1.0,1.0,2.0,2.0,1.0,0,False,10.85897445678711
/agv3/capability_report,1788412792.626442,1788412792.6217744,3,389622,0.08,0.08,1.0,1.0,2.0,2.0,1.0,0,False,11.60359001159668
/agv1/capability_report,1788412792.6266694,1788412792.62656,1,390957,0.08,0.08,1.0,1.0,2.0,2.0,1.0,0,False,10.85897445678711
/agv2/capability_report,1788412792.6269395,1788412792.6218712,2,390508,0.08,0.08,1.0,1.0,2.0,2.0,1.0,0,False,11.639047622680664
/agv3/capability_report,1788412792.6343896,1788412792.6297665,3,389623,0.08,0.08,1.0,1.0,2.0,2.0,1.0,0,False,11.60359001159668
/agv1/capability_report,1788412792.6387618,1788412792.6385925,1,390958,0.08,0.08,1.0,1.0,2.0,2.0,1.0,0,False,10.85897445678711
/agv2/capability_report,1788412792.6388736,1788412792.6299176,2,390509,0.08,0.08,1.0,1.0,2.0,2.0,1.0,0,False,11.639047622680664
/agv3/capability_report,1788412792.6462865,1788412792.6417785,3,389624,0.08,0.08,1.0,1.0,2.0,2.0,1.0,0,False,11.60359001159668
/agv1/capability_report,1788412792.6466525,1788412792.6465564,1,390959,0.08,0.08,1.0,1.0,2.0,2.0,1.0,0,False,10.85897445678711
/agv2/capability_report,1788412792.6472025,1788412792.6418388,2,390510,0.08,0.08,1.0,1.0,2.0,2.0,1.0,0,False,11.639047622680664
/agv3/capability_report,1788412792.654478,1788412792.6497908,3,389625,0.08,0.08,1.0,1.0,2.0,2.0,1.0,0,False,11.60359001159668
/agv2/capability_report,1788412792.6555078,1788412792.64987,2,390511,0.08,0.08,1.0,1.0,2.0,2.0,1.0,0,False,11.70996379852295
/agv1/capability_report,1788412792.6586368,1788412792.6585572,1,390960,0.08,0.08,1.0,1.0,2.0,2.0,1.0,0,False,10.85897445678711
/agv3/capability_report,1788412792.6664567,1788412792.6618733,3,389626,0.08,0.08,1.0,1.0,2.0,2.0,1.0,0,False,11.60359001159668
/agv1/capability_report,1788412792.666669,1788412792.6665685,1,390961,0.08,0.08,1.0,1.0,2.0,2.0,1.0,0,False,10.85897445678711
/agv2/capability_report,1788412792.6682024,1788412792.661869,2,390512,0.08,0.08,1.0,1.0,2.0,2.0,1.0,0,False,11.70996379852295
/agv3/capability_report,1788412792.6742575,1788412792.669759,3,389627,0.08,0.08,1.0,1.0,2.0,2.0,1.0,0,False,11.60359001159668
/agv2/capability_report,1788412792.6757839,1788412792.6698751,2,390513,0.08,0.08,1.0,1.0,2.0,2.0,1.0,0,False,11.70996379852295
/agv1/capability_report,1788412792.6787097,1788412792.678607,1,390962,0.08,0.08,1.0,1.0,2.0,2.0,1.0,0,False,10.85897445678711
/agv1/capability_report,1788412792.6866465,1788412792.6865733,1,390963,0.08,0.08,1.0,1.0,2.0,2.0,1.0,0,False,10.85897445678711
/agv2/capability_report,1788412792.6878507,1788412792.681859,2,390514,0.08,0.08,1.0,1.0,2.0,2.0,1.0,0,False,11.70996379852295
/agv3/capability_report,1788412792.6878684,1788412792.6817744,3,389628,0.08,0.08,1.0,1.0,2.0,2.0,1.0,0,False,11.60359001159668
/agv3/capability_report,1788412792.694721,1788412792.689792,3,389629,0.08,0.08,1.0,1.0,2.0,2.0,1.0,0,False,11.60359001159668
/agv2/capability_report,1788412792.6962755,1788412792.6898823,2,390515,0.08,0.08,1.0,1.0,2.0,2.0,1.0,0,False,11.70996379852295
/agv1/capability_report,1788412792.6987298,1788412792.698612,1,390964,0.08,0.08,1.0,1.0,2.0,2.0,1.0,0,False,10.85897445678711
/agv3/capability_report,1788412792.7064984,1788412792.7017827,3,389630,0.08,0.08,1.0,1.0,2.0,2.0,1.0,0,False,11.60359001159668
/agv1/capability_report,1788412792.7066453,1788412792.7065718,1,390965,0.08,0.08,1.0,1.0,2.0,2.0,1.0,0,False,10.85897445678711
/agv2/capability_report,1788412792.7076056,1788412792.7018745,2,390516,0.08,0.08,1.0,1.0,2.0,2.0,1.0,0,False,11.70996379852295
/agv3/capability_report,1788412792.7142334,1788412792.7097185,3,389631,0.08,0.08,1.0,1.0,2.0,2.0,1.0,0,False,11.60359001159668
/agv2/capability_report,1788412792.715016,1788412792.7098925,2,390517,0.08,0.08,1.0,1.0,2.0,2.0,1.0,0,False,11.70996379852295
/agv1/capability_report,1788412792.7186546,1788412792.71857,1,390966,0.08,0.08,1.0,1.0,2.0,2.0,1.0,0,False,10.85897445678711
/agv3/capability_report,1788412792.7263334,1788412792.721727,3,389632,0.08,0.08,1.0,1.0,2.0,2.0,1.0,0,False,11.60359001159668
/agv1/capability_report,1788412792.7267103,1788412792.7265599,1,390967,0.08,0.08,1.0,1.0,2.0,2.0,1.0,0,False,10.85897445678711
/agv2/capability_report,1788412792.728369,1788412792.7218332,2,390518,0.08,0.08,1.0,1.0,2.0,2.0,1.0,0,False,11.70996379852295
/agv3/capability_report,1788412792.7342527,1788412792.7297277,3,389633,0.08,0.08,1.0,1.0,2.0,2.0,1.0,0,False,11.60359001159668
/agv2/capability_report,1788412792.7352936,1788412792.7298446,2,390519,0.08,0.08,1.0,1.0,2.0,2.0,1.0,0,False,11.70996379852295
/agv1/capability_report,1788412792.7387013,1788412792.73858,1,390968,0.08,0.08,1.0,1.0,2.0,2.0,1.0,0,False,10.85897445678711
/agv1/capability_report,1788412792.7467418,1788412792.7466173,1,390969,0.08,0.08,1.0,1.0,2.0,2.0,1.0,0,False,10.025713920593262
/agv3/capability_report,1788412792.747393,1788412792.7417343,3,389634,0.08,0.08,1.0,1.0,2.0,2.0,1.0,0,False,11.60359001159668
/agv3/capability_report,1788412792.7558835,1788412792.7497287,3,389635,0.08,0.08,1.0,1.0,2.0,2.0,1.0,0,False,11.60359001159668
/agv1/capability_report,1788412792.7586553,1788412792.7585678,1,390970,0.08,0.08,1.0,1.0,2.0,2.0,1.0,0,False,10.025713920593262
/agv1/capability_report,1788412792.7666717,1788412792.7666006,1,390971,0.08,0.08,1.0,1.0,2.0,2.0,1.0,0,False,10.025713920593262
/agv2/capability_report,1788412792.7681036,1788412792.741871,2,390520,0.08,0.08,1.0,1.0,2.0,2.0,1.0,0,False,11.70996379852295
/agv3/capability_report,1788412792.768108,1788412792.761797,3,389636,0.08,0.08,1.0,1.0,2.0,2.0,1.0,0,False,11.60359001159668
/agv2/capability_report,1788412792.7721975,1788412792.74974,2,390521,0.08,0.08,1.0,1.0,2.0,2.0,1.0,0,False,11.70996379852295
/agv2/capability_report,1788412792.7722044,1788412792.7618737,2,390522,0.08,0.08,1.0,1.0,2.0,2.0,1.0,0,False,11.70996379852295
/agv3/capability_report,1788412792.7743125,1788412792.7698004,3,389637,0.08,0.08,1.0,1.0,2.0,2.0,1.0,0,False,11.60359001159668
/agv2/capability_report,1788412792.7762341,1788412792.7698607,2,390523,0.08,0.08,1.0,1.0,2.0,2.0,1.0,0,False,11.70996379852295
/agv1/capability_report,1788412792.7787786,1788412792.7786424,1,390972,0.08,0.08,1.0,1.0,2.0,2.0,1.0,0,False,10.025713920593262
/agv1/capability_report,1788412792.7867084,1788412792.7866013,1,390973,0.08,0.08,1.0,1.0,2.0,2.0,1.0,0,False,10.025713920593262
/agv3/capability_report,1788412792.7882555,1788412792.7817817,3,389638,0.08,0.08,1.0,1.0,2.0,2.0,1.0,0,False,11.54153823852539
/agv2/capability_report,1788412792.788273,1788412792.7818744,2,390524,0.08,0.08,1.0,1.0,2.0,2.0,1.0,0,False,11.70996379852295
/agv3/capability_report,1788412792.7951577,1788412792.7897966,3,389639,0.08,0.08,1.0,1.0,2.0,2.0,1.0,0,False,11.54153823852539
/agv2/capability_report,1788412792.7979932,1788412792.7898736,2,390525,0.08,0.08,1.0,1.0,2.0,2.0,1.0,0,False,11.70996379852295
/agv1/capability_report,1788412792.7987254,1788412792.7985892,1,390974,0.08,0.08,1.0,1.0,2.0,2.0,1.0,0,False,10.025713920593262
/agv1/capability_report,1788412792.8066788,1788412792.8065803,1,390975,0.08,0.08,1.0,1.0,2.0,2.0,1.0,0,False,10.025713920593262
/agv2/capability_report,1788412792.8081288,1788412792.8018763,2,390526,0.08,0.08,1.0,1.0,2.0,2.0,1.0,0,False,11.70996379852295
/agv3/capability_report,1788412792.810438,1788412792.801777,3,389640,0.08,0.08,1.0,1.0,2.0,2.0,1.0,0,False,11.54153823852539
/agv3/capability_report,1788412792.8142796,1788412792.8097665,3,389641,0.08,0.08,1.0,1.0,2.0,2.0,1.0,0,False,11.54153823852539
/agv2/capability_report,1788412792.8163443,1788412792.8098722,2,390527,0.08,0.08,1.0,1.0,2.0,2.0,1.0,0,False,11.665640830993652
/agv1/capability_report,1788412792.8186998,1788412792.8186126,1,390976,0.08,0.08,1.0,1.0,2.0,2.0,1.0,0,False,10.025713920593262
/agv3/capability_report,1788412792.8263772,1788412792.82178,3,389642,0.08,0.08,1.0,1.0,2.0,2.0,1.0,0,False,11.54153823852539
/agv1/capability_report,1788412792.8266766,1788412792.8265772,1,390977,0.08,0.08,1.0,1.0,2.0,2.0,1.0,0,False,10.025713920593262
/agv2/capability_report,1788412792.8277965,1788412792.8218763,2,390528,0.08,0.08,1.0,1.0,2.0,2.0,1.0,0,False,11.665640830993652
/agv3/capability_report,1788412792.835192,1788412792.8297806,3,389643,0.08,0.08,1.0,1.0,2.0,2.0,1.0,0,False,11.54153823852539
/agv2/capability_report,1788412792.8352897,1788412792.8298779,2,390529,0.08,0.08,1.0,1.0,2.0,2.0,1.0,0,False,11.665640830993652
/agv1/capability_report,1788412792.8386874,1788412792.8385885,1,390978,0.08,0.08,1.0,1.0,2.0,2.0,1.0,0,False,10.025713920593262
/agv3/capability_report,1788412792.8465662,1788412792.8417878,3,389644,0.08,0.08,1.0,1.0,2.0,2.0,1.0,0,False,11.54153823852539
/agv1/capability_report,1788412792.846723,1788412792.846612,1,390979,0.08,0.08,1.0,1.0,2.0,2.0,1.0,0,False,10.025713920593262
/agv2/capability_report,1788412792.8474464,1788412792.8419178,2,390530,0.08,0.08,1.0,1.0,2.0,2.0,1.0,0,False,11.665640830993652
/agv3/capability_report,1788412792.8543966,1788412792.8497741,3,389645,0.08,0.08,1.0,1.0,2.0,2.0,1.0,0,False,11.54153823852539
/agv2/capability_report,1788412792.8554666,1788412792.8498733,2,390531,0.08,0.08,1.0,1.0,2.0,2.0,1.0,0,False,11.665640830993652
/agv1/capability_report,1788412792.8587573,1788412792.8586793,1,390980,0.08,0.08,1.0,1.0,2.0,2.0,1.0,0,False,10.025713920593262
/agv3/capability_report,1788412792.866638,1788412792.86179,3,389646,0.08,0.08,1.0,1.0,2.0,2.0,1.0,0,False,11.54153823852539
/agv1/capability_report,1788412792.866715,1788412792.8665717,1,390981,0.08,0.08,1.0,1.0,2.0,2.0,1.0,0,False,10.025713920593262
/agv2/capability_report,1788412792.8681445,1788412792.8618736,2,390532,0.08,0.08,1.0,1.0,2.0,2.0,1.0,0,False,11.665640830993652
/agv3/capability_report,1788412792.8752618,1788412792.8697853,3,389647,0.08,0.08,1.0,1.0,2.0,2.0,1.0,0,False,11.54153823852539
/agv2/capability_report,1788412792.8752737,1788412792.869832,2,390533,0.08,0.08,1.0,1.0,2.0,2.0,1.0,0,False,11.665640830993652
/agv1/capability_report,1788412792.878768,1788412792.8786466,1,390982,0.08,0.08,1.0,1.0,2.0,2.0,1.0,0,False,10.025713920593262
/agv3/capability_report,1788412792.8863447,1788412792.881778,3,389648,0.08,0.08,1.0,1.0,2.0,2.0,1.0,0,False,11.54153823852539
/agv1/capability_report,1788412792.8866906,1788412792.8865714,1,390983,0.08,0.08,1.0,1.0,2.0,2.0,1.0,0,False,10.025713920593262
/agv2/capability_report,1788412792.8869145,1788412792.8818717,2,390534,0.08,0.08,1.0,1.0,2.0,2.0,1.0,0,False,11.665640830993652
/agv3/capability_report,1788412792.8944607,1788412792.8897974,3,389649,0.08,0.08,1.0,1.0,2.0,2.0,1.0,0,False,11.54153823852539
/agv2/capability_report,1788412792.8957143,1788412792.8898714,2,390535,0.08,0.08,1.0,1.0,2.0,2.0,1.0,0,False,11.665640830993652
/agv1/capability_report,1788412792.8987744,1788412792.8986278,1,390984,0.08,0.08,1.0,1.0,2.0,2.0,1.0,0,False,10.025713920593262
/agv3/capability_report,1788412792.9064643,1788412792.9018216,3,389650,0.08,0.08,1.0,1.0,2.0,2.0,1.0,0,False,11.54153823852539
/agv1/capability_report,1788412792.9066164,1788412792.9065664,1,390985,0.08,0.08,1.0,1.0,2.0,2.0,1.0,0,False,11.098315238952637
/agv2/capability_report,1788412792.9081728,1788412792.9018779,2,390536,0.08,0.08,1.0,1.0,2.0,2.0,1.0,0,False,11.665640830993652
/agv2/capability_report,1788412792.9160278,1788412792.9098783,2,390537,0.08,0.08,1.0,1.0,2.0,2.0,1.0,0,False,11.665640830993652
/agv3/capability_report,1788412792.9160633,1788412792.9097662,3,389651,0.08,0.08,1.0,1.0,2.0,2.0,1.0,0,False,11.54153823852539
/agv1/capability_report,1788412792.9187105,1788412792.918558,1,390986,0.08,0.08,1.0,1.0,2.0,2.0,1.0,0,False,11.098315238952637
/agv3/capability_report,1788412792.9264872,1788412792.9217782,3,389652,0.08,0.08,1.0,1.0,2.0,2.0,1.0,0,False,11.54153823852539
/agv1/capability_report,1788412792.9266527,1788412792.9265559,1,390987,0.08,0.08,1.0,1.0,2.0,2.0,1.0,0,False,11.098315238952637
/agv2/capability_report,1788412792.9289265,1788412792.9218717,2,390538,0.08,0.08,1.0,1.0,2.0,2.0,1.0,0,False,11.665640830993652
/agv3/capability_report,1788412792.9344525,1788412792.9297752,3,389653,0.08,0.08,1.0,1.0,2.0,2.0,1.0,0,False,11.54153823852539
/agv2/capability_report,1788412792.9355094,1788412792.929874,2,390539,0.08,0.08,1.0,1.0,2.0,2.0,1.0,0,False,11.665640830993652
/agv1/capability_report,1788412792.9387164,1788412792.9385564,1,390988,0.08,0.08,1.0,1.0,2.0,2.0,1.0,0,False,11.098315238952637
/agv3/capability_report,1788412792.9465053,1788412792.9417748,3,389654,0.08,0.08,1.0,1.0,2.0,2.0,1.0,0,False,11.772014617919922
/agv1/capability_report,1788412792.946643,1788412792.9465585,1,390989,0.08,0.08,1.0,1.0,2.0,2.0,1.0,0,False,11.098315238952637
/agv2/capability_report,1788412792.9474988,1788412792.9418714,2,390540,0.08,0.08,1.0,1.0,2.0,2.0,1.0,0,False,11.665640830993652
/agv3/capability_report,1788412792.9546335,1788412792.9497683,3,389655,0.08,0.08,1.0,1.0,2.0,2.0,1.0,0,False,11.772014617919922
/agv2/capability_report,1788412792.95583,1788412792.9498715,2,390541,0.08,0.08,1.0,1.0,2.0,2.0,1.0,0,False,11.665640830993652
/agv1/capability_report,1788412792.9587579,1788412792.958607,1,390990,0.08,0.08,1.0,1.0,2.0,2.0,1.0,0,False,11.098315238952637
/agv3/capability_report,1788412792.966559,1788412792.9617798,3,389656,0.08,0.08,1.0,1.0,2.0,2.0,1.0,0,False,11.772014617919922
/agv1/capability_report,1788412792.9666042,1788412792.9665577,1,390991,0.08,0.08,1.0,1.0,2.0,2.0,1.0,0,False,11.098315238952637
/agv2/capability_report,1788412792.9702823,1788412792.9618745,2,390542,0.08,0.08,1.0,1.0,2.0,2.0,1.0,0,False,11.665640830993652
/agv3/capability_report,1788412792.9744558,1788412792.9698038,3,389657,0.08,0.08,1.0,1.0,2.0,2.0,1.0,0,False,11.772014617919922
/agv2/capability_report,1788412792.976633,1788412792.9698758,2,390543,0.08,0.08,1.0,1.0,2.0,2.0,1.0,0,False,11.683369636535645
/agv1/capability_report,1788412792.9787042,1788412792.9786007,1,390992,0.08,0.08,1.0,1.0,2.0,2.0,1.0,0,False,11.098315238952637
/agv1/capability_report,1788412792.986709,1788412792.9865828,1,390993,0.08,0.08,1.0,1.0,2.0,2.0,1.0,0,False,11.098315238952637
/agv2/capability_report,1788412792.9875925,1788412792.9818766,2,390544,0.08,0.08,1.0,1.0,2.0,2.0,1.0,0,False,11.683369636535645
/agv3/capability_report,1788412792.9921288,1788412792.9817712,3,389658,0.08,0.08,1.0,1.0,2.0,2.0,1.0,0,False,11.772014617919922
/agv3/capability_report,1788412792.9944293,1788412792.9897964,3,389659,0.08,0.08,1.0,1.0,2.0,2.0,1.0,0,False,11.772014617919922
/agv2/capability_report,1788412792.995837,1788412792.9898741,2,390545,0.08,0.08,1.0,1.0,2.0,2.0,1.0,0,False,11.683369636535645
/agv1/capability_report,1788412792.9986186,1788412792.9985657,1,390994,0.08,0.08,1.0,1.0,2.0,2.0,1.0,0,False,11.098315238952637
/agv3/capability_report,1788412793.0063982,1788412793.001789,3,389660,0.08,0.08,1.0,1.0,2.0,2.0,1.0,0,False,11.772014617919922
/agv1/capability_report,1788412793.006626,1788412793.0065637,1,390995,0.08,0.08,1.0,1.0,2.0,2.0,1.0,0,False,11.098315238952637
/agv2/capability_report,1788412793.007779,1788412793.0018756,2,390546,0.08,0.08,1.0,1.0,2.0,2.0,1.0,0,False,11.683369636535645
/agv3/capability_report,1788412793.0148451,1788412793.0097735,3,389661,0.08,0.08,1.0,1.0,2.0,2.0,1.0,0,False,11.772014617919922
/agv2/capability_report,1788412793.016608,1788412793.0098708,2,390547,0.08,0.08,1.0,1.0,2.0,2.0,1.0,0,False,11.683369636535645
/agv1/capability_report,1788412793.0187676,1788412793.018589,1,390996,0.08,0.08,1.0,1.0,2.0,2.0,1.0,0,False,11.098315238952637
/agv3/capability_report,1788412793.0267045,1788412793.0217776,3,389662,0.08,0.08,1.0,1.0,2.0,2.0,1.0,0,False,11.772014617919922
/agv1/capability_report,1788412793.026848,1788412793.0266685,1,390997,0.08,0.08,1.0,1.0,2.0,2.0,1.0,0,False,11.098315238952637
/agv2/capability_report,1788412793.0293252,1788412793.0218768,2,390548,0.08,0.08,1.0,1.0,2.0,2.0,1.0,0,False,11.683369636535645
/agv3/capability_report,1788412793.0344107,1788412793.0297706,3,389663,0.08,0.08,1.0,1.0,2.0,2.0,1.0,0,False,11.772014617919922
/agv1/capability_report,1788412793.0387504,1788412793.0386212,1,390998,0.08,0.08,1.0,1.0,2.0,2.0,1.0,0,False,11.098315238952637
/agv2/capability_report,1788412793.0396912,1788412793.0298803,2,390549,0.08,0.08,1.0,1.0,2.0,2.0,1.0,0,False,11.683369636535645
/agv3/capability_report,1788412793.046605,1788412793.0417624,3,389664,0.08,0.08,1.0,1.0,2.0,2.0,1.0,0,False,11.772014617919922
/agv1/capability_report,1788412793.0466278,1788412793.0465624,1,390999,0.08,0.08,1.0,1.0,2.0,2.0,1.0,0,False,11.098315238952637
/agv2/capability_report,1788412793.0487587,1788412793.0418718,2,390550,0.08,0.08,1.0,1.0,2.0,2.0,1.0,0,False,11.683369636535645
/agv3/capability_report,1788412793.0544956,1788412793.0497828,3,389665,0.08,0.08,1.0,1.0,2.0,2.0,1.0,0,False,11.772014617919922
/agv2/capability_report,1788412793.0554917,1788412793.0498705,2,390551,0.08,0.08,1.0,1.0,2.0,2.0,1.0,0,False,11.683369636535645
/agv1/capability_report,1788412793.058795,1788412793.0586092,1,391000,0.08,0.08,1.0,1.0,2.0,2.0,1.0,0,False,11.098315238952637
/agv1/capability_report,1788412793.0666027,1788412793.0665505,1,391001,0.08,0.08,1.0,1.0,2.0,2.0,1.0,0,False,11.186960220336914
/agv2/capability_report,1788412793.0680883,1788412793.0618727,2,390552,0.08,0.08,1.0,1.0,2.0,2.0,1.0,0,False,11.683369636535645
/agv3/capability_report,1788412793.0708425,1788412793.061779,3,389666,0.08,0.08,1.0,1.0,2.0,2.0,1.0,0,False,11.772014617919922
/agv2/capability_report,1788412793.0763695,1788412793.0698693,2,390553,0.08,0.08,1.0,1.0,2.0,2.0,1.0,0,False,11.683369636535645
/agv1/capability_report,1788412793.0787668,1788412793.0785573,1,391002,0.08,0.08,1.0,1.0,2.0,2.0,1.0,0,False,11.186960220336914
/agv3/capability_report,1788412793.0811472,1788412793.069793,3,389667,0.08,0.08,1.0,1.0,2.0,2.0,1.0,0,False,11.772014617919922
/agv3/capability_report,1788412793.0863667,1788412793.0817957,3,389668,0.08,0.08,1.0,1.0,2.0,2.0,1.0,0,False,11.772014617919922
/agv1/capability_report,1788412793.0866644,1788412793.0865626,1,391003,0.08,0.08,1.0,1.0,2.0,2.0,1.0,0,False,11.186960220336914
/agv2/capability_report,1788412793.08813,1788412793.0818644,2,390554,0.08,0.08,1.0,1.0,2.0,2.0,1.0,0,False,11.683369636535645
/agv3/capability_report,1788412793.094899,1788412793.0897965,3,389669,0.08,0.08,1.0,1.0,2.0,2.0,1.0,0,False,11.772014617919922
/agv2/capability_report,1788412793.0970783,1788412793.0898724,2,390555,0.08,0.08,1.0,1.0,2.0,2.0,1.0,0,False,11.683369636535645
/agv1/capability_report,1788412793.0987155,1788412793.0985916,1,391004,0.08,0.08,1.0,1.0,2.0,2.0,1.0,0,False,11.186960220336914
/agv3/capability_report,1788412793.1066086,1788412793.1017735,3,389670,0.08,0.08,1.0,1.0,2.0,2.0,1.0,0,False,11.69223403930664
/agv1/capability_report,1788412793.1066208,1788412793.1065545,1,391005,0.08,0.08,1.0,1.0,2.0,2.0,1.0,0,False,11.186960220336914
/agv2/capability_report,1788412793.1083648,1788412793.101873,2,390556,0.08,0.08,1.0,1.0,2.0,2.0,1.0,0,False,11.683369636535645
/agv3/capability_report,1788412793.1147256,1788412793.1097827,3,389671,0.08,0.08,1.0,1.0,2.0,2.0,1.0,0,False,11.69223403930664
/agv2/capability_report,1788412793.1157997,1788412793.1098638,2,390557,0.08,0.08,1.0,1.0,2.0,2.0,1.0,0,False,11.683369636535645
/agv1/capability_report,1788412793.11869,1788412793.118605,1,391006,0.08,0.08,1.0,1.0,2.0,2.0,1.0,0,False,11.186960220336914
/agv3/capability_report,1788412793.1265576,1788412793.1217806,3,389672,0.08,0.08,1.0,1.0,2.0,2.0,1.0,0,False,11.69223403930664
/agv1/capability_report,1788412793.1267583,1788412793.1265666,1,391007,0.08,0.08,1.0,1.0,2.0,2.0,1.0,0,False,11.186960220336914
/agv2/capability_report,1788412793.1278963,1788412793.121918,2,390558,0.08,0.08,1.0,1.0,2.0,2.0,1.0,0,False,11.683369636535645
/agv3/capability_report,1788412793.1344311,1788412793.1297698,3,389673,0.08,0.08,1.0,1.0,2.0,2.0,1.0,0,False,11.69223403930664
/agv2/capability_report,1788412793.1353753,1788412793.1298833,2,390559,0.08,0.08,1.0,1.0,2.0,2.0,1.0,0,False,11.568131446838379
/agv1/capability_report,1788412793.138674,1788412793.1385674,1,391008,0.08,0.08,1.0,1.0,2.0,2.0,1.0,0,False,11.186960220336914
/agv3/capability_report,1788412793.146444,1788412793.1417723,3,389674,0.08,0.08,1.0,1.0,2.0,2.0,1.0,0,False,11.69223403930664
/agv1/capability_report,1788412793.1466079,1788412793.1465626,1,391009,0.08,0.08,1.0,1.0,2.0,2.0,1.0,0,False,11.186960220336914
/agv2/capability_report,1788412793.1468766,1788412793.1418698,2,390560,0.08,0.08,1.0,1.0,2.0,2.0,1.0,0,False,11.568131446838379
/agv3/capability_report,1788412793.1545784,1788412793.1497736,3,389675,0.08,0.08,1.0,1.0,2.0,2.0,1.0,0,False,11.69223403930664
/agv2/capability_report,1788412793.155226,1788412793.149879,2,390561,0.08,0.08,1.0,1.0,2.0,2.0,1.0,0,False,11.568131446838379
/agv1/capability_report,1788412793.1587343,1788412793.1586132,1,391010,0.08,0.08,1.0,1.0,2.0,2.0,1.0,0,False,11.186960220336914
/agv3/capability_report,1788412793.1663265,1788412793.1617799,3,389676,0.08,0.08,1.0,1.0,2.0,2.0,1.0,0,False,11.69223403930664
/agv1/capability_report,1788412793.1665947,1788412793.1665556,1,391011,0.08,0.08,1.0,1.0,2.0,2.0,1.0,0,False,11.186960220336914
/agv2/capability_report,1788412793.1675296,1788412793.161856,2,390562,0.08,0.08,1.0,1.0,2.0,2.0,1.0,0,False,11.568131446838379
/agv3/capability_report,1788412793.1760592,1788412793.1697936,3,389677,0.08,0.08,1.0,1.0,2.0,2.0,1.0,0,False,11.69223403930664
/agv2/capability_report,1788412793.1779125,1788412793.169877,2,390563,0.08,0.08,1.0,1.0,2.0,2.0,1.0,0,False,11.568131446838379
/agv1/capability_report,1788412793.1788228,1788412793.1786191,1,391012,0.08,0.08,1.0,1.0,2.0,2.0,1.0,0,False,11.186960220336914
/agv3/capability_report,1788412793.1865573,1788412793.1817765,3,389678,0.08,0.08,1.0,1.0,2.0,2.0,1.0,0,False,11.69223403930664
/agv1/capability_report,1788412793.1866696,1788412793.1865573,1,391013,0.08,0.08,1.0,1.0,2.0,2.0,1.0,0,False,11.186960220336914
/agv2/capability_report,1788412793.1874015,1788412793.181874,2,390564,0.08,0.08,1.0,1.0,2.0,2.0,1.0,0,False,11.568131446838379
/agv3/capability_report,1788412793.1944623,1788412793.1898036,3,389679,0.08,0.08,1.0,1.0,2.0,2.0,1.0,0,False,11.69223403930664
/agv2/capability_report,1788412793.1955492,1788412793.1898751,2,390565,0.08,0.08,1.0,1.0,2.0,2.0,1.0,0,False,11.568131446838379
/agv1/capability_report,1788412793.1988223,1788412793.1986094,1,391014,0.08,0.08,1.0,1.0,2.0,2.0,1.0,0,False,11.186960220336914
/agv1/capability_report,1788412793.2066684,1788412793.2065613,1,391015,0.08,0.08,1.0,1.0,2.0,2.0,1.0,0,False,11.186960220336914
/agv3/capability_report,1788412793.2072494,1788412793.2017736,3,389680,0.08,0.08,1.0,1.0,2.0,2.0,1.0,0,False,11.69223403930664
/agv2/capability_report,1788412793.2083006,1788412793.2017365,2,390566,0.08,0.08,1.0,1.0,2.0,2.0,1.0,0,False,11.568131446838379
/agv3/capability_report,1788412793.2144063,1788412793.2097414,3,389681,0.08,0.08,1.0,1.0,2.0,2.0,1.0,0,False,11.69223403930664
/agv2/capability_report,1788412793.2152627,1788412793.2098794,2,390567,0.08,0.08,1.0,1.0,2.0,2.0,1.0,0,False,11.568131446838379
/agv1/capability_report,1788412793.2187471,1788412793.2186053,1,391016,0.08,0.08,1.0,1.0,2.0,2.0,1.0,0,False,11.186960220336914
/agv3/capability_report,1788412793.2264798,1788412793.2217839,3,389682,0.08,0.08,1.0,1.0,2.0,2.0,1.0,0,False,11.69223403930664
/agv1/capability_report,1788412793.226653,1788412793.2265599,1,391017,0.08,0.08,1.0,1.0,2.0,2.0,1.0,0,False,11.231282234191895
/agv2/capability_report,1788412793.2269733,1788412793.2218678,2,390568,0.08,0.08,1.0,1.0,2.0,2.0,1.0,0,False,11.568131446838379
/agv3/capability_report,1788412793.2344213,1788412793.2297845,3,389683,0.08,0.08,1.0,1.0,2.0,2.0,1.0,0,False,11.69223403930664
/agv2/capability_report,1788412793.2386713,1788412793.2298672,2,390569,0.08,0.08,1.0,1.0,2.0,2.0,1.0,0,False,11.568131446838379
/agv1/capability_report,1788412793.2387054,1788412793.238556,1,391018,0.08,0.08,1.0,1.0,2.0,2.0,1.0,0,False,11.231282234191895
/agv1/capability_report,1788412793.2466493,1788412793.2465646,1,391019,0.08,0.08,1.0,1.0,2.0,2.0,1.0,0,False,11.231282234191895
/agv2/capability_report,1788412793.2489512,1788412793.2418702,2,390570,0.08,0.08,1.0,1.0,2.0,2.0,1.0,0,False,11.568131446838379
/agv3/capability_report,1788412793.2539084,1788412793.2417734,3,389684,0.08,0.08,1.0,1.0,2.0,2.0,1.0,0,False,11.69223403930664
/agv2/capability_report,1788412793.2575145,1788412793.2499273,2,390571,0.08,0.08,1.0,1.0,2.0,2.0,1.0,0,False,11.568131446838379
/agv1/capability_report,1788412793.2588305,1788412793.258609,1,391020,0.08,0.08,1.0,1.0,2.0,2.0,1.0,0,False,11.231282234191895
/agv3/capability_report,1788412793.259978,1788412793.2497485,3,389685,0.08,0.08,1.0,1.0,2.0,2.0,1.0,0,False,11.69223403930664
/agv3/capability_report,1788412793.2665107,1788412793.26178,3,389686,0.08,0.08,1.0,1.0,2.0,2.0,1.0,0,False,11.736557006835938
/agv1/capability_report,1788412793.2666306,1788412793.2665539,1,391021,0.08,0.08,1.0,1.0,2.0,2.0,1.0,0,False,11.231282234191895
/agv2/capability_report,1788412793.2684484,1788412793.2618725,2,390572,0.08,0.08,1.0,1.0,2.0,2.0,1.0,0,False,11.568131446838379
/agv3/capability_report,1788412793.2752697,1788412793.2697759,3,389687,0.08,0.08,1.0,1.0,2.0,2.0,1.0,0,False,11.736557006835938
/agv2/capability_report,1788412793.2757611,1788412793.2698696,2,390573,0.08,0.08,1.0,1.0,2.0,2.0,1.0,0,False,11.568131446838379
/agv1/capability_report,1788412793.2786613,1788412793.27856,1,391022,0.08,0.08,1.0,1.0,2.0,2.0,1.0,0,False,11.231282234191895
/agv3/capability_report,1788412793.2863271,1788412793.2817824,3,389688,0.08,0.08,1.0,1.0,2.0,2.0,1.0,0,False,11.736557006835938
/agv1/capability_report,1788412793.286661,1788412793.2865605,1,391023,0.08,0.08,1.0,1.0,2.0,2.0,1.0,0,False,11.231282234191895
/agv2/capability_report,1788412793.2877698,1788412793.2818723,2,390574,0.08,0.08,1.0,1.0,2.0,2.0,1.0,0,False,11.568131446838379
/agv2/capability_report,1788412793.2952611,1788412793.2898686,2,390575,0.08,0.08,1.0,1.0,2.0,2.0,1.0,0,False,11.718828201293945
/agv3/capability_report,1788412793.295978,1788412793.2897916,3,389689,0.08,0.08,1.0,1.0,2.0,2.0,1.0,0,False,11.736557006835938
/agv1/capability_report,1788412793.2986984,1788412793.2985578,1,391024,0.08,0.08,1.0,1.0,2.0,2.0,1.0,0,False,11.231282234191895
/agv3/capability_report,1788412793.3063557,1788412793.3017807,3,389690,0.08,0.08,1.0,1.0,2.0,2.0,1.0,0,False,11.736557006835938
/agv1/capability_report,1788412793.3066442,1788412793.3065598,1,391025,0.08,0.08,1.0,1.0,2.0,2.0,1.0,0,False,11.231282234191895
/agv2/capability_report,1788412793.307046,1788412793.301929,2,390576,0.08,0.08,1.0,1.0,2.0,2.0,1.0,0,False,11.718828201293945
/agv3/capability_report,1788412793.3144422,1788412793.3097804,3,389691,0.08,0.08,1.0,1.0,2.0,2.0,1.0,0,False,11.736557006835938
/agv2/capability_report,1788412793.3175206,1788412793.309869,2,390577,0.08,0.08,1.0,1.0,2.0,2.0,1.0,0,False,11.718828201293945
/agv1/capability_report,1788412793.3187816,1788412793.3185863,1,391026,0.08,0.08,1.0,1.0,2.0,2.0,1.0,0,False,11.231282234191895
/agv3/capability_report,1788412793.3262906,1788412793.3217773,3,389692,0.08,0.08,1.0,1.0,2.0,2.0,1.0,0,False,11.736557006835938
/agv1/capability_report,1788412793.3266964,1788412793.326555,1,391027,0.08,0.08,1.0,1.0,2.0,2.0,1.0,0,False,11.231282234191895
/agv2/capability_report,1788412793.3289948,1788412793.3218732,2,390578,0.08,0.08,1.0,1.0,2.0,2.0,1.0,0,False,11.718828201293945
/agv3/capability_report,1788412793.3346567,1788412793.3297713,3,389693,0.08,0.08,1.0,1.0,2.0,2.0,1.0,0,False,11.736557006835938
/agv2/capability_report,1788412793.3369682,1788412793.3298717,2,390579,0.08,0.08,1.0,1.0,2.0,2.0,1.0,0,False,11.718828201293945
/agv1/capability_report,1788412793.3388176,1788412793.3386173,1,391028,0.08,0.08,1.0,1.0,2.0,2.0,1.0,0,False,11.231282234191895
/agv3/capability_report,1788412793.3465724,1788412793.3417156,3,389694,0.08,0.08,1.0,1.0,2.0,2.0,1.0,0,False,11.736557006835938
/agv1/capability_report,1788412793.3466482,1788412793.346558,1,391029,0.08,0.08,1.0,1.0,2.0,2.0,1.0,0,False,11.231282234191895
/agv2/capability_report,1788412793.3492043,1788412793.341871,2,390580,0.08,0.08,1.0,1.0,2.0,2.0,1.0,0,False,11.718828201293945
/agv2/capability_report,1788412793.3555732,1788412793.3498402,2,390581,0.08,0.08,1.0,1.0,2.0,2.0,1.0,0,False,11.718828201293945
/agv3/capability_report,1788412793.3556468,1788412793.3497956,3,389695,0.08,0.08,1.0,1.0,2.0,2.0,1.0,0,False,11.736557006835938
/agv1/capability_report,1788412793.3586302,1788412793.3585591,1,391030,0.08,0.08,1.0,1.0,2.0,2.0,1.0,0,False,11.231282234191895
/agv3/capability_report,1788412793.3664448,1788412793.3617623,3,389696,0.08,0.08,1.0,1.0,2.0,2.0,1.0,0,False,11.736557006835938
/agv1/capability_report,1788412793.3666384,1788412793.366556,1,391031,0.08,0.08,1.0,1.0,2.0,2.0,1.0,0,False,11.231282234191895
/agv2/capability_report,1788412793.3679953,1788412793.3618753,2,390582,0.08,0.08,1.0,1.0,2.0,2.0,1.0,0,False,11.718828201293945
/agv3/capability_report,1788412793.3743708,1788412793.3697808,3,389697,0.08,0.08,1.0,1.0,2.0,2.0,1.0,0,False,11.736557006835938
/agv2/capability_report,1788412793.3755403,1788412793.3698885,2,390583,0.08,0.08,1.0,1.0,2.0,2.0,1.0,0,False,11.718828201293945
/agv1/capability_report,1788412793.3787296,1788412793.3785899,1,391032,0.08,0.08,1.0,1.0,2.0,2.0,1.0,0,False,11.231282234191895
/agv1/capability_report,1788412793.3866503,1788412793.3865592,1,391033,0.08,0.08,1.0,1.0,2.0,2.0,1.0,0,False,10.921025276184082
/agv2/capability_report,1788412793.388181,1788412793.38189,2,390584,0.08,0.08,1.0,1.0,2.0,2.0,1.0,0,False,11.718828201293945
/agv3/capability_report,1788412793.3882263,1788412793.3817976,3,389698,0.08,0.08,1.0,1.0,2.0,2.0,1.0,0,False,11.736557006835938
/agv3/capability_report,1788412793.394416,1788412793.389795,3,389699,0.08,0.08,1.0,1.0,2.0,2.0,1.0,0,False,11.736557006835938
/agv2/capability_report,1788412793.395186,1788412793.3898091,2,390585,0.08,0.08,1.0,1.0,2.0,2.0,1.0,0,False,11.718828201293945
/agv1/capability_report,1788412793.3987846,1788412793.3985882,1,391034,0.08,0.08,1.0,1.0,2.0,2.0,1.0,0,False,10.921025276184082
/agv3/capability_report,1788412793.406345,1788412793.4017735,3,389700,0.08,0.08,1.0,1.0,2.0,2.0,1.0,0,False,11.736557006835938
/agv1/capability_report,1788412793.4066105,1788412793.4065619,1,391035,0.08,0.08,1.0,1.0,2.0,2.0,1.0,0,False,10.921025276184082
/agv2/capability_report,1788412793.4085124,1788412793.401887,2,390586,0.08,0.08,1.0,1.0,2.0,2.0,1.0,0,False,11.718828201293945
/agv3/capability_report,1788412793.4145598,1788412793.4097693,3,389701,0.08,0.08,1.0,1.0,2.0,2.0,1.0,0,False,11.736557006835938
/agv2/capability_report,1788412793.4152515,1788412793.40987,2,390587,0.08,0.08,1.0,1.0,2.0,2.0,1.0,0,False,11.718828201293945
/agv1/capability_report,1788412793.4186828,1788412793.4186103,1,391036,0.08,0.08,1.0,1.0,2.0,2.0,1.0,0,False,10.921025276184082
/agv3/capability_report,1788412793.4264777,1788412793.4217775,3,389702,0.08,0.08,1.0,1.0,2.0,2.0,1.0,0,False,11.674505233764648
/agv1/capability_report,1788412793.4266026,1788412793.4265528,1,391037,0.08,0.08,1.0,1.0,2.0,2.0,1.0,0,False,10.921025276184082
/agv2/capability_report,1788412793.427042,1788412793.4218738,2,390588,0.08,0.08,1.0,1.0,2.0,2.0,1.0,0,False,11.718828201293945
/agv3/capability_report,1788412793.4364104,1788412793.4297738,3,389703,0.08,0.08,1.0,1.0,2.0,2.0,1.0,0,False,11.674505233764648
/agv2/capability_report,1788412793.4364138,1788412793.429867,2,390589,0.08,0.08,1.0,1.0,2.0,2.0,1.0,0,False,11.718828201293945
/agv1/capability_report,1788412793.438793,1788412793.4386084,1,391038,0.08,0.08,1.0,1.0,2.0,2.0,1.0,0,False,10.921025276184082
/agv1/capability_report,1788412793.4466057,1788412793.4465616,1,391039,0.08,0.08,1.0,1.0,2.0,2.0,1.0,0,False,10.921025276184082
/agv2/capability_report,1788412793.4474404,1788412793.4417384,2,390590,0.08,0.08,1.0,1.0,2.0,2.0,1.0,0,False,11.718828201293945
/agv3/capability_report,1788412793.4486077,1788412793.4417155,3,389704,0.08,0.08,1.0,1.0,2.0,2.0,1.0,0,False,11.674505233764648
/agv3/capability_report,1788412793.4545257,1788412793.4497733,3,389705,0.08,0.08,1.0,1.0,2.0,2.0,1.0,0,False,11.674505233764648
/agv2/capability_report,1788412793.456346,1788412793.4498723,2,390591,0.08,0.08,1.0,1.0,2.0,2.0,1.0,0,False,11.621318817138672
/agv1/capability_report,1788412793.4586744,1788412793.4585834,1,391040,0.08,0.08,1.0,1.0,2.0,2.0,1.0,0,False,10.921025276184082
/agv3/capability_report,1788412793.4664288,1788412793.461772,3,389706,0.08,0.08,1.0,1.0,2.0,2.0,1.0,0,False,11.674505233764648
/agv1/capability_report,1788412793.4666054,1788412793.466558,1,391041,0.08,0.08,1.0,1.0,2.0,2.0,1.0,0,False,10.921025276184082
/agv2/capability_report,1788412793.4672928,1788412793.461878,2,390592,0.08,0.08,1.0,1.0,2.0,2.0,1.0,0,False,11.621318817138672
/agv2/capability_report,1788412793.4763777,1788412793.469873,2,390593,0.08,0.08,1.0,1.0,2.0,2.0,1.0,0,False,11.621318817138672
/agv3/capability_report,1788412793.4764202,1788412793.4697742,3,389707,0.08,0.08,1.0,1.0,2.0,2.0,1.0,0,False,11.674505233764648
/agv1/capability_report,1788412793.478838,1788412793.4786084,1,391042,0.08,0.08,1.0,1.0,2.0,2.0,1.0,0,False,10.921025276184082
/agv3/capability_report,1788412793.486309,1788412793.4817765,3,389708,0.08,0.08,1.0,1.0,2.0,2.0,1.0,0,False,11.674505233764648
/agv1/capability_report,1788412793.4867039,1788412793.4866273,1,391043,0.08,0.08,1.0,1.0,2.0,2.0,1.0,0,False,10.921025276184082
/agv2/capability_report,1788412793.4881785,1788412793.4818702,2,390594,0.08,0.08,1.0,1.0,2.0,2.0,1.0,0,False,11.621318817138672
/agv3/capability_report,1788412793.4944143,1788412793.4897928,3,389709,0.08,0.08,1.0,1.0,2.0,2.0,1.0,0,False,11.674505233764648
/agv2/capability_report,1788412793.496999,1788412793.4898777,2,390595,0.08,0.08,1.0,1.0,2.0,2.0,1.0,0,False,11.621318817138672
/agv1/capability_report,1788412793.4988184,1788412793.4986577,1,391044,0.08,0.08,1.0,1.0,2.0,2.0,1.0,0,False,10.921025276184082
/agv3/capability_report,1788412793.506355,1788412793.5017824,3,389710,0.08,0.08,1.0,1.0,2.0,2.0,1.0,0,False,11.674505233764648
/agv1/capability_report,1788412793.5066216,1788412793.5065737,1,391045,0.08,0.08,1.0,1.0,2.0,2.0,1.0,0,False,10.921025276184082
/agv2/capability_report,1788412793.5076776,1788412793.5018702,2,390596,0.08,0.08,1.0,1.0,2.0,2.0,1.0,0,False,11.621318817138672
/agv3/capability_report,1788412793.5175784,1788412793.5097756,3,389711,0.08,0.08,1.0,1.0,2.0,2.0,1.0,0,False,11.674505233764648
/agv2/capability_report,1788412793.518277,1788412793.5098715,2,390597,0.08,0.08,1.0,1.0,2.0,2.0,1.0,0,False,11.621318817138672
/agv1/capability_report,1788412793.5187142,1788412793.5185752,1,391046,0.08,0.08,1.0,1.0,2.0,2.0,1.0,0,False,10.921025276184082
/agv1/capability_report,1788412793.5267816,1788412793.5266075,1,391047,0.08,0.08,1.0,1.0,2.0,2.0,1.0,0,False,10.921025276184082
/agv3/capability_report,1788412793.5268145,1788412793.5217817,3,389712,0.08,0.08,1.0,1.0,2.0,2.0,1.0,0,False,11.674505233764648
/agv2/capability_report,1788412793.5275962,1788412793.521867,2,390598,0.08,0.08,1.0,1.0,2.0,2.0,1.0,0,False,11.621318817138672
/agv3/capability_report,1788412793.534485,1788412793.529779,3,389713,0.08,0.08,1.0,1.0,2.0,2.0,1.0,0,False,11.674505233764648
/agv2/capability_report,1788412793.5352602,1788412793.5298727,2,390599,0.08,0.08,1.0,1.0,2.0,2.0,1.0,0,False,11.621318817138672
/agv1/capability_report,1788412793.5388331,1788412793.5386999,1,391048,0.08,0.08,1.0,1.0,2.0,2.0,1.0,0,False,10.921025276184082
/agv3/capability_report,1788412793.5465136,1788412793.541782,3,389714,0.08,0.08,1.0,1.0,2.0,2.0,1.0,0,False,11.674505233764648
/agv1/capability_report,1788412793.5466335,1788412793.5465794,1,391049,0.08,0.08,1.0,1.0,2.0,2.0,1.0,0,False,11.027399063110352
/agv2/capability_report,1788412793.546969,1788412793.5417314,2,390600,0.08,0.08,1.0,1.0,2.0,2.0,1.0,0,False,11.621318817138672
/agv3/capability_report,1788412793.554544,1788412793.5497818,3,389715,0.08,0.08,1.0,1.0,2.0,2.0,1.0,0,False,11.674505233764648
/agv2/capability_report,1788412793.5558808,1788412793.5498707,2,390601,0.08,0.08,1.0,1.0,2.0,2.0,1.0,0,False,11.621318817138672
/agv1/capability_report,1788412793.5588486,1788412793.5587008,1,391050,0.08,0.08,1.0,1.0,2.0,2.0,1.0,0,False,11.027399063110352
/agv3/capability_report,1788412793.56624,1788412793.5617971,3,389716,0.08,0.08,1.0,1.0,2.0,2.0,1.0,0,False,11.674505233764648
/agv1/capability_report,1788412793.5666683,1788412793.5665677,1,391051,0.08,0.08,1.0,1.0,2.0,2.0,1.0,0,False,11.027399063110352
/agv2/capability_report,1788412793.567475,1788412793.5618994,2,390602,0.08,0.08,1.0,1.0,2.0,2.0,1.0,0,False,11.621318817138672
/agv3/capability_report,1788412793.575263,1788412793.569797,3,389717,0.08,0.08,1.0,1.0,2.0,2.0,1.0,0,False,11.674505233764648
/agv2/capability_report,1788412793.5755239,1788412793.5698738,2,390603,0.08,0.08,1.0,1.0,2.0,2.0,1.0,0,False,11.621318817138672
/agv1/capability_report,1788412793.5787888,1788412793.5786653,1,391052,0.08,0.08,1.0,1.0,2.0,2.0,1.0,0,False,11.027399063110352
/agv3/capability_report,1788412793.5863738,1788412793.58177,3,389718,0.08,0.08,1.0,1.0,2.0,2.0,1.0,0,False,11.683369636535645
/agv1/capability_report,1788412793.5866625,1788412793.586565,1,391053,0.08,0.08,1.0,1.0,2.0,2.0,1.0,0,False,11.027399063110352
/agv2/capability_report,1788412793.5869462,1788412793.5818768,2,390604,0.08,0.08,1.0,1.0,2.0,2.0,1.0,0,False,11.621318817138672
/agv1/capability_report,1788412793.598854,1788412793.598673,1,391054,0.08,0.08,1.0,1.0,2.0,2.0,1.0,0,False,11.027399063110352
/agv2/capability_report,1788412793.5988705,1788412793.5898693,2,390605,0.08,0.08,1.0,1.0,2.0,2.0,1.0,0,False,11.621318817138672
/agv3/capability_report,1788412793.5988812,1788412793.589792,3,389719,0.08,0.08,1.0,1.0,2.0,2.0,1.0,0,False,11.683369636535645
/agv1/capability_report,1788412793.6067166,1788412793.6065922,1,391055,0.08,0.08,1.0,1.0,2.0,2.0,1.0,0,False,11.027399063110352
/agv2/capability_report,1788412793.6073527,1788412793.6018596,2,390606,0.08,0.08,1.0,1.0,2.0,2.0,1.0,0,False,11.532673835754395
/agv3/capability_report,1788412793.6084344,1788412793.6017983,3,389720,0.08,0.08,1.0,1.0,2.0,2.0,1.0,0,False,11.683369636535645
/agv3/capability_report,1788412793.6142185,1788412793.6097982,3,389721,0.08,0.08,1.0,1.0,2.0,2.0,1.0,0,False,11.683369636535645
/agv2/capability_report,1788412793.6155365,1788412793.609891,2,390607,0.08,0.08,1.0,1.0,2.0,2.0,1.0,0,False,11.532673835754395
/agv1/capability_report,1788412793.6186488,1788412793.618595,1,391056,0.08,0.08,1.0,1.0,2.0,2.0,1.0,0,False,11.027399063110352
/agv3/capability_report,1788412793.6263552,1788412793.6217694,3,389722,0.08,0.08,1.0,1.0,2.0,2.0,1.0,0,False,11.683369636535645
/agv1/capability_report,1788412793.6266644,1788412793.6266053,1,391057,0.08,0.08,1.0,1.0,2.0,2.0,1.0,0,False,11.027399063110352
/agv2/capability_report,1788412793.6300423,1788412793.6218767,2,390608,0.08,0.08,1.0,1.0,2.0,2.0,1.0,0,False,11.532673835754395
/agv3/capability_report,1788412793.6347997,1788412793.62977,3,389723,0.08,0.08,1.0,1.0,2.0,2.0,1.0,0,False,11.683369636535645
/agv2/capability_report,1788412793.6363947,1788412793.629858,2,390609,0.08,0.08,1.0,1.0,2.0,2.0,1.0,0,False,11.532673835754395
/agv1/capability_report,1788412793.6387796,1788412793.6386678,1,391058,0.08,0.08,1.0,1.0,2.0,2.0,1.0,0,False,11.027399063110352
/agv1/capability_report,1788412793.6466393,1788412793.646571,1,391059,0.08,0.08,1.0,1.0,2.0,2.0,1.0,0,False,11.027399063110352
/agv2/capability_report,1788412793.648471,1788412793.6418362,2,390610,0.08,0.08,1.0,1.0,2.0,2.0,1.0,0,False,11.532673835754395
/agv3/capability_report,1788412793.6484797,1788412793.641768,3,389724,0.08,0.08,1.0,1.0,2.0,2.0,1.0,0,False,11.683369636535645
/agv3/capability_report,1788412793.6551318,1788412793.6497765,3,389725,0.08,0.08,1.0,1.0,2.0,2.0,1.0,0,False,11.683369636535645
/agv2/capability_report,1788412793.6559281,1788412793.6498797,2,390611,0.08,0.08,1.0,1.0,2.0,2.0,1.0,0,False,11.532673835754395
/agv1/capability_report,1788412793.6587014,1788412793.6586058,1,391060,0.08,0.08,1.0,1.0,2.0,2.0,1.0,0,False,11.027399063110352
/agv1/capability_report,1788412793.6667578,1788412793.666574,1,391061,0.08,0.08,1.0,1.0,2.0,2.0,1.0,0,False,11.027399063110352
/agv2/capability_report,1788412793.6675737,1788412793.6618738,2,390612,0.08,0.08,1.0,1.0,2.0,2.0,1.0,0,False,11.532673835754395
/agv3/capability_report,1788412793.6676898,1788412793.661778,3,389726,0.08,0.08,1.0,1.0,2.0,2.0,1.0,0,False,11.683369636535645
/agv2/capability_report,1788412793.675761,1788412793.6698763,2,390613,0.08,0.08,1.0,1.0,2.0,2.0,1.0,0,False,11.532673835754395
/agv3/capability_report,1788412793.6757758,1788412793.6697392,3,389727,0.08,0.08,1.0,1.0,2.0,2.0,1.0,0,False,11.683369636535645
/agv1/capability_report,1788412793.67894,1788412793.6787045,1,391062,0.08,0.08,1.0,1.0,2.0,2.0,1.0,0,False,11.027399063110352
/agv3/capability_report,1788412793.686546,1788412793.6817663,3,389728,0.08,0.08,1.0,1.0,2.0,2.0,1.0,0,False,11.683369636535645
/agv1/capability_report,1788412793.6868186,1788412793.6866806,1,391063,0.08,0.08,1.0,1.0,2.0,2.0,1.0,0,False,11.027399063110352
/agv2/capability_report,1788412793.687622,1788412793.681873,2,390614,0.08,0.08,1.0,1.0,2.0,2.0,1.0,0,False,11.532673835754395
/agv3/capability_report,1788412793.6944785,1788412793.689807,3,389729,0.08,0.08,1.0,1.0,2.0,2.0,1.0,0,False,11.683369636535645
/agv2/capability_report,1788412793.6961908,1788412793.689871,2,390615,0.08,0.08,1.0,1.0,2.0,2.0,1.0,0,False,11.532673835754395
/agv1/capability_report,1788412793.6988113,1788412793.6986852,1,391064,0.08,0.08,1.0,1.0,2.0,2.0,1.0,0,False,11.027399063110352
/agv3/capability_report,1788412793.7065372,1788412793.7018166,3,389730,0.08,0.08,1.0,1.0,2.0,2.0,1.0,0,False,11.683369636535645
/agv1/capability_report,1788412793.706723,1788412793.7066054,1,391065,0.08,0.08,1.0,1.0,2.0,2.0,1.0,0,False,11.027399063110352
/agv2/capability_report,1788412793.7075102,1788412793.7018766,2,390616,0.08,0.08,1.0,1.0,2.0,2.0,1.0,0,False,11.532673835754395
/agv3/capability_report,1788412793.7143958,1788412793.7097733,3,389731,0.08,0.08,1.0,1.0,2.0,2.0,1.0,0,False,11.683369636535645
/agv2/capability_report,1788412793.7153492,1788412793.709873,2,390617,0.08,0.08,1.0,1.0,2.0,2.0,1.0,0,False,11.532673835754395
/agv1/capability_report,1788412793.7187612,1788412793.7186222,1,391066,0.08,0.08,1.0,1.0,2.0,2.0,1.0,0,False,11.027399063110352
/agv3/capability_report,1788412793.7263303,1788412793.7217264,3,389732,0.08,0.08,1.0,1.0,2.0,2.0,1.0,0,False,11.683369636535645
/agv1/capability_report,1788412793.7266638,1788412793.7265701,1,391067,0.08,0.08,1.0,1.0,2.0,2.0,1.0,0,False,11.027399063110352
/agv2/capability_report,1788412793.7282662,1788412793.7218692,2,390618,0.08,0.08,1.0,1.0,2.0,2.0,1.0,0,False,11.532673835754395
/agv3/capability_report,1788412793.734307,1788412793.729727,3,389733,0.08,0.08,1.0,1.0,2.0,2.0,1.0,0,False,11.683369636535645
/agv2/capability_report,1788412793.7354364,1788412793.729875,2,390619,0.08,0.08,1.0,1.0,2.0,2.0,1.0,0,False,11.532673835754395
/agv1/capability_report,1788412793.7387848,1788412793.7386694,1,391068,0.08,0.08,1.0,1.0,2.0,2.0,1.0,0,False,11.027399063110352
/agv3/capability_report,1788412793.7462952,1788412793.741735,3,389734,0.08,0.08,1.0,1.0,2.0,2.0,1.0,0,False,11.683369636535645
/agv1/capability_report,1788412793.7466233,1788412793.746572,1,391069,0.08,0.08,1.0,1.0,2.0,2.0,1.0,0,False,11.027399063110352
/agv2/capability_report,1788412793.7491567,1788412793.7419026,2,390620,0.08,0.08,1.0,1.0,2.0,2.0,1.0,0,False,11.532673835754395
/agv3/capability_report,1788412793.7553725,1788412793.7497382,3,389735,0.08,0.08,1.0,1.0,2.0,2.0,1.0,0,False,11.683369636535645
/agv2/capability_report,1788412793.7554164,1788412793.7497447,2,390621,0.08,0.08,1.0,1.0,2.0,2.0,1.0,0,False,11.532673835754395
/agv1/capability_report,1788412793.75874,1788412793.7586124,1,391070,0.08,0.08,1.0,1.0,2.0,2.0,1.0,0,False,11.027399063110352
/agv3/capability_report,1788412793.7663083,1788412793.7617764,3,389736,0.08,0.08,1.0,1.0,2.0,2.0,1.0,0,False,11.683369636535645
/agv1/capability_report,1788412793.7666693,1788412793.7665718,1,391071,0.08,0.08,1.0,1.0,2.0,2.0,1.0,0,False,11.027399063110352
/agv2/capability_report,1788412793.767337,1788412793.7618778,2,390622,0.08,0.08,1.0,1.0,2.0,2.0,1.0,0,False,11.64791202545166
/agv3/capability_report,1788412793.7743354,1788412793.7697818,3,389737,0.08,0.08,1.0,1.0,2.0,2.0,1.0,0,False,11.683369636535645
/agv2/capability_report,1788412793.7755177,1788412793.769868,2,390623,0.08,0.08,1.0,1.0,2.0,2.0,1.0,0,False,11.64791202545166
/agv1/capability_report,1788412793.778698,1788412793.778568,1,391072,0.08,0.08,1.0,1.0,2.0,2.0,1.0,0,False,11.027399063110352
/agv1/capability_report,1788412793.7869415,1788412793.7866087,1,391073,0.08,0.08,1.0,1.0,2.0,2.0,1.0,0,False,11.027399063110352
/agv3/capability_report,1788412793.7869854,1788412793.7817807,3,389738,0.08,0.08,1.0,1.0,2.0,2.0,1.0,0,False,11.683369636535645
/agv2/capability_report,1788412793.788645,1788412793.7818704,2,390624,0.08,0.08,1.0,1.0,2.0,2.0,1.0,0,False,11.64791202545166
/agv3/capability_report,1788412793.794473,1788412793.7897975,3,389739,0.08,0.08,1.0,1.0,2.0,2.0,1.0,0,False,11.683369636535645
/agv2/capability_report,1788412793.7960665,1788412793.7898576,2,390625,0.08,0.08,1.0,1.0,2.0,2.0,1.0,0,False,11.64791202545166
/agv1/capability_report,1788412793.798855,1788412793.7986171,1,391074,0.08,0.08,1.0,1.0,2.0,2.0,1.0,0,False,11.027399063110352
/agv3/capability_report,1788412793.8064048,1788412793.801774,3,389740,0.08,0.08,1.0,1.0,2.0,2.0,1.0,0,False,11.683369636535645
/agv1/capability_report,1788412793.8066232,1788412793.8065782,1,391075,0.08,0.08,1.0,1.0,2.0,2.0,1.0,0,False,11.027399063110352
/agv2/capability_report,1788412793.8074822,1788412793.801876,2,390626,0.08,0.08,1.0,1.0,2.0,2.0,1.0,0,False,11.64791202545166
/agv3/capability_report,1788412793.8143756,1788412793.809738,3,389741,0.08,0.08,1.0,1.0,2.0,2.0,1.0,0,False,11.683369636535645
/agv2/capability_report,1788412793.816922,1788412793.8098755,2,390627,0.08,0.08,1.0,1.0,2.0,2.0,1.0,0,False,11.64791202545166
/agv1/capability_report,1788412793.818751,1788412793.818621,1,391076,0.08,0.08,1.0,1.0,2.0,2.0,1.0,0,False,11.027399063110352
/agv3/capability_report,1788412793.8264298,1788412793.8217156,3,389742,0.08,0.08,1.0,1.0,2.0,2.0,1.0,0,False,11.683369636535645
/agv1/capability_report,1788412793.8266673,1788412793.826569,1,391077,0.08,0.08,1.0,1.0,2.0,2.0,1.0,0,False,11.027399063110352
/agv2/capability_report,1788412793.8269243,1788412793.821874,2,390628,0.08,0.08,1.0,1.0,2.0,2.0,1.0,0,False,11.64791202545166
/agv3/capability_report,1788412793.8358605,1788412793.8298166,3,389743,0.08,0.08,1.0,1.0,2.0,2.0,1.0,0,False,11.683369636535645
/agv1/capability_report,1788412793.838884,1788412793.8386858,1,391078,0.08,0.08,1.0,1.0,2.0,2.0,1.0,0,False,11.027399063110352
/agv2/capability_report,1788412793.8389955,1788412793.8298745,2,390629,0.08,0.08,1.0,1.0,2.0,2.0,1.0,0,False,11.64791202545166
/agv1/capability_report,1788412793.8466637,1788412793.8466086,1,391079,0.08,0.08,1.0,1.0,2.0,2.0,1.0,0,False,11.027399063110352
/agv3/capability_report,1788412793.8468559,1788412793.8417768,3,389744,0.08,0.08,1.0,1.0,2.0,2.0,1.0,0,False,11.683369636535645
/agv2/capability_report,1788412793.8475955,1788412793.8418813,2,390630,0.08,0.08,1.0,1.0,2.0,2.0,1.0,0,False,11.64791202545166
/agv3/capability_report,1788412793.8545635,1788412793.8497753,3,389745,0.08,0.08,1.0,1.0,2.0,2.0,1.0,0,False,11.683369636535645
/agv2/capability_report,1788412793.8554773,1788412793.8498714,2,390631,0.08,0.08,1.0,1.0,2.0,2.0,1.0,0,False,11.64791202545166
/agv1/capability_report,1788412793.8590364,1788412793.8587322,1,391080,0.08,0.08,1.0,1.0,2.0,2.0,1.0,0,False,11.080586433410645
/agv3/capability_report,1788412793.866387,1788412793.8618004,3,389746,0.08,0.08,1.0,1.0,2.0,2.0,1.0,0,False,11.683369636535645
/agv1/capability_report,1788412793.8666482,1788412793.8665643,1,391081,0.08,0.08,1.0,1.0,2.0,2.0,1.0,0,False,11.080586433410645
/agv2/capability_report,1788412793.8669949,1788412793.861869,2,390632,0.08,0.08,1.0,1.0,2.0,2.0,1.0,0,False,11.64791202545166
/agv3/capability_report,1788412793.8744783,1788412793.8698368,3,389747,0.08,0.08,1.0,1.0,2.0,2.0,1.0,0,False,11.683369636535645
/agv2/capability_report,1788412793.8771248,1788412793.8699408,2,390633,0.08,0.08,1.0,1.0,2.0,2.0,1.0,0,False,11.64791202545166
/agv1/capability_report,1788412793.8788085,1788412793.8786144,1,391082,0.08,0.08,1.0,1.0,2.0,2.0,1.0,0,False,11.080586433410645
/agv3/capability_report,1788412793.8864183,1788412793.8817544,3,389748,0.08,0.08,1.0,1.0,2.0,2.0,1.0,0,False,11.683369636535645
/agv1/capability_report,1788412793.8866515,1788412793.8866014,1,391083,0.08,0.08,1.0,1.0,2.0,2.0,1.0,0,False,11.080586433410645
/agv2/capability_report,1788412793.8878858,1788412793.8818693,2,390634,0.08,0.08,1.0,1.0,2.0,2.0,1.0,0,False,11.64791202545166
/agv3/capability_report,1788412793.894482,1788412793.889791,3,389749,0.08,0.08,1.0,1.0,2.0,2.0,1.0,0,False,11.683369636535645
/agv2/capability_report,1788412793.89614,1788412793.8898335,2,390635,0.08,0.08,1.0,1.0,2.0,2.0,1.0,0,False,11.64791202545166
/agv1/capability_report,1788412793.8987577,1788412793.89863,1,391084,0.08,0.08,1.0,1.0,2.0,2.0,1.0,0,False,11.080586433410645
/agv3/capability_report,1788412793.9063768,1788412793.9017978,3,389750,0.08,0.08,1.0,1.0,2.0,2.0,1.0,0,False,11.745421409606934
/agv1/capability_report,1788412793.90662,1788412793.9065664,1,391085,0.08,0.08,1.0,1.0,2.0,2.0,1.0,0,False,11.080586433410645
/agv2/capability_report,1788412793.9083009,1788412793.9018764,2,390636,0.08,0.08,1.0,1.0,2.0,2.0,1.0,0,False,11.64791202545166
/agv3/capability_report,1788412793.914376,1788412793.9097419,3,389751,0.08,0.08,1.0,1.0,2.0,2.0,1.0,0,False,11.745421409606934
/agv2/capability_report,1788412793.915597,1788412793.9098678,2,390637,0.08,0.08,1.0,1.0,2.0,2.0,1.0,0,False,11.64791202545166
/agv1/capability_report,1788412793.9186857,1788412793.9185755,1,391086,0.08,0.08,1.0,1.0,2.0,2.0,1.0,0,False,11.080586433410645
/agv1/capability_report,1788412793.9268436,1788412793.9266102,1,391087,0.08,0.08,1.0,1.0,2.0,2.0,1.0,0,False,11.080586433410645
/agv2/capability_report,1788412793.929979,1788412793.9218757,2,390638,0.08,0.08,1.0,1.0,2.0,2.0,1.0,0,False,11.701099395751953
/agv3/capability_report,1788412793.9300208,1788412793.9217575,3,389752,0.08,0.08,1.0,1.0,2.0,2.0,1.0,0,False,11.745421409606934
/agv3/capability_report,1788412793.934614,1788412793.929812,3,389753,0.08,0.08,1.0,1.0,2.0,2.0,1.0,0,False,11.745421409606934
/agv2/capability_report,1788412793.9354954,1788412793.929892,2,390639,0.08,0.08,1.0,1.0,2.0,2.0,1.0,0,False,11.701099395751953
/agv1/capability_report,1788412793.9388974,1788412793.9386747,1,391088,0.08,0.08,1.0,1.0,2.0,2.0,1.0,0,False,11.080586433410645
/agv3/capability_report,1788412793.9463706,1788412793.9417794,3,389754,0.08,0.08,1.0,1.0,2.0,2.0,1.0,0,False,11.745421409606934
/agv1/capability_report,1788412793.9466982,1788412793.946575,1,391089,0.08,0.08,1.0,1.0,2.0,2.0,1.0,0,False,11.080586433410645
/agv2/capability_report,1788412793.947498,1788412793.941876,2,390640,0.08,0.08,1.0,1.0,2.0,2.0,1.0,0,False,11.701099395751953
/agv3/capability_report,1788412793.954565,1788412793.9497774,3,389755,0.08,0.08,1.0,1.0,2.0,2.0,1.0,0,False,11.745421409606934
/agv2/capability_report,1788412793.9560103,1788412793.9498713,2,390641,0.08,0.08,1.0,1.0,2.0,2.0,1.0,0,False,11.701099395751953
/agv1/capability_report,1788412793.9587772,1788412793.958572,1,391090,0.08,0.08,1.0,1.0,2.0,2.0,1.0,0,False,11.080586433410645
/agv3/capability_report,1788412793.9663017,1788412793.9617677,3,389756,0.08,0.08,1.0,1.0,2.0,2.0,1.0,0,False,11.745421409606934
/agv1/capability_report,1788412793.9666626,1788412793.9665587,1,391091,0.08,0.08,1.0,1.0,2.0,2.0,1.0,0,False,11.080586433410645
/agv2/capability_report,1788412793.9686165,1788412793.9618764,2,390642,0.08,0.08,1.0,1.0,2.0,2.0,1.0,0,False,11.701099395751953
/agv3/capability_report,1788412793.9742782,1788412793.9697976,3,389757,0.08,0.08,1.0,1.0,2.0,2.0,1.0,0,False,11.745421409606934
/agv2/capability_report,1788412793.9765425,1788412793.9698725,2,390643,0.08,0.08,1.0,1.0,2.0,2.0,1.0,0,False,11.701099395751953
/agv1/capability_report,1788412793.978653,1788412793.978563,1,391092,0.08,0.08,1.0,1.0,2.0,2.0,1.0,0,False,11.080586433410645
/agv1/capability_report,1788412793.9868803,1788412793.986721,1,391093,0.08,0.08,1.0,1.0,2.0,2.0,1.0,0,False,11.080586433410645
/agv2/capability_report,1788412793.9876065,1788412793.9818597,2,390644,0.08,0.08,1.0,1.0,2.0,2.0,1.0,0,False,11.701099395751953
/agv3/capability_report,1788412793.9876194,1788412793.9817796,3,389758,0.08,0.08,1.0,1.0,2.0,2.0,1.0,0,False,11.745421409606934
/agv3/capability_report,1788412793.9942875,1788412793.9897835,3,389759,0.08,0.08,1.0,1.0,2.0,2.0,1.0,0,False,11.745421409606934
/agv2/capability_report,1788412793.9953268,1788412793.9898796,2,390645,0.08,0.08,1.0,1.0,2.0,2.0,1.0,0,False,11.701099395751953
/agv1/capability_report,1788412793.9986632,1788412793.9985795,1,391094,0.08,0.08,1.0,1.0,2.0,2.0,1.0,0,False,11.080586433410645
/agv3/capability_report,1788412794.0063202,1788412794.0017636,3,389760,0.08,0.08,1.0,1.0,2.0,2.0,1.0,0,False,11.745421409606934
/agv1/capability_report,1788412794.0066683,1788412794.0065708,1,391095,0.08,0.08,1.0,1.0,2.0,2.0,1.0,0,False,11.080586433410645
/agv2/capability_report,1788412794.0095701,1788412794.001918,2,390646,0.08,0.08,1.0,1.0,2.0,2.0,1.0,0,False,11.701099395751953
/agv3/capability_report,1788412794.0143921,1788412794.0097892,3,389761,0.08,0.08,1.0,1.0,2.0,2.0,1.0,0,False,11.745421409606934
/agv2/capability_report,1788412794.0153465,1788412794.00986,2,390647,0.08,0.08,1.0,1.0,2.0,2.0,1.0,0,False,11.701099395751953
/agv1/capability_report,1788412794.0186718,1788412794.0185695,1,391096,0.08,0.08,1.0,1.0,2.0,2.0,1.0,0,False,9.945934295654297
/agv1/capability_report,1788412794.0268304,1788412794.0266118,1,391097,0.08,0.08,1.0,1.0,2.0,2.0,1.0,0,False,9.945934295654297
/agv3/capability_report,1788412794.031151,1788412794.0217702,3,389762,0.08,0.08,1.0,1.0,2.0,2.0,1.0,0,False,11.745421409606934
/agv2/capability_report,1788412794.0311658,1788412794.021916,2,390648,0.08,0.08,1.0,1.0,2.0,2.0,1.0,0,False,11.701099395751953
/agv3/capability_report,1788412794.0366166,1788412794.0297968,3,389763,0.08,0.08,1.0,1.0,2.0,2.0,1.0,0,False,11.745421409606934
/agv2/capability_report,1788412794.0366561,1788412794.029853,2,390649,0.08,0.08,1.0,1.0,2.0,2.0,1.0,0,False,11.701099395751953
/agv1/capability_report,1788412794.038777,1788412794.0386145,1,391098,0.08,0.08,1.0,1.0,2.0,2.0,1.0,0,False,9.945934295654297
/agv3/capability_report,1788412794.0463424,1788412794.0417612,3,389764,0.08,0.08,1.0,1.0,2.0,2.0,1.0,0,False,11.745421409606934
/agv1/capability_report,1788412794.0466542,1788412794.0465748,1,391099,0.08,0.08,1.0,1.0,2.0,2.0,1.0,0,False,9.945934295654297
/agv2/capability_report,1788412794.0476117,1788412794.0418832,2,390650,0.08,0.08,1.0,1.0,2.0,2.0,1.0,0,False,11.701099395751953
/agv2/capability_report,1788412794.0567627,1788412794.0498688,2,390651,0.08,0.08,1.0,1.0,2.0,2.0,1.0,0,False,11.701099395751953
/agv3/capability_report,1788412794.0570157,1788412794.0497801,3,389765,0.08,0.08,1.0,1.0,2.0,2.0,1.0,0,False,11.745421409606934
/agv1/capability_report,1788412794.05878,1788412794.0586143,1,391100,0.08,0.08,1.0,1.0,2.0,2.0,1.0,0,False,9.945934295654297
/agv1/capability_report,1788412794.0667171,1788412794.0665817,1,391101,0.08,0.08,1.0,1.0,2.0,2.0,1.0,0,False,9.945934295654297
/agv3/capability_report,1788412794.0676556,1788412794.0617785,3,389766,0.08,0.08,1.0,1.0,2.0,2.0,1.0,0,False,11.816336631774902
/agv2/capability_report,1788412794.0709329,1788412794.061871,2,390652,0.08,0.08,1.0,1.0,2.0,2.0,1.0,0,False,11.701099395751953
/agv3/capability_report,1788412794.0743346,1788412794.069773,3,389767,0.08,0.08,1.0,1.0,2.0,2.0,1.0,0,False,11.816336631774902
/agv2/capability_report,1788412794.0760703,1788412794.0698776,2,390653,0.08,0.08,1.0,1.0,2.0,2.0,1.0,0,False,11.701099395751953
/agv1/capability_report,1788412794.078704,1788412794.0786123,1,391102,0.08,0.08,1.0,1.0,2.0,2.0,1.0,0,False,9.945934295654297
/agv3/capability_report,1788412794.0862706,1788412794.081761,3,389768,0.08,0.08,1.0,1.0,2.0,2.0,1.0,0,False,11.816336631774902
/agv1/capability_report,1788412794.0866542,1788412794.0865698,1,391103,0.08,0.08,1.0,1.0,2.0,2.0,1.0,0,False,9.945934295654297
/agv2/capability_report,1788412794.0871634,1788412794.0818348,2,390654,0.08,0.08,1.0,1.0,2.0,2.0,1.0,0,False,11.701099395751953
/agv3/capability_report,1788412794.0944276,1788412794.0898006,3,389769,0.08,0.08,1.0,1.0,2.0,2.0,1.0,0,False,11.816336631774902
/agv2/capability_report,1788412794.0959237,1788412794.0898736,2,390655,0.08,0.08,1.0,1.0,2.0,2.0,1.0,0,False,11.701099395751953
/agv1/capability_report,1788412794.0986853,1788412794.0985851,1,391104,0.08,0.08,1.0,1.0,2.0,2.0,1.0,0,False,9.945934295654297
/agv3/capability_report,1788412794.1063418,1788412794.1017764,3,389770,0.08,0.08,1.0,1.0,2.0,2.0,1.0,0,False,11.816336631774902
/agv1/capability_report,1788412794.1066432,1788412794.106567,1,391105,0.08,0.08,1.0,1.0,2.0,2.0,1.0,0,False,9.945934295654297
/agv2/capability_report,1788412794.10877,1788412794.1018784,2,390656,0.08,0.08,1.0,1.0,2.0,2.0,1.0,0,False,11.701099395751953
/agv3/capability_report,1788412794.1143198,1788412794.109795,3,389771,0.08,0.08,1.0,1.0,2.0,2.0,1.0,0,False,11.816336631774902
/agv2/capability_report,1788412794.1153443,1788412794.1099184,2,390657,0.08,0.08,1.0,1.0,2.0,2.0,1.0,0,False,11.701099395751953
/agv1/capability_report,1788412794.118734,1788412794.1186037,1,391106,0.08,0.08,1.0,1.0,2.0,2.0,1.0,0,False,9.945934295654297
/agv3/capability_report,1788412794.1263564,1788412794.1217701,3,389772,0.08,0.08,1.0,1.0,2.0,2.0,1.0,0,False,11.816336631774902
/agv1/capability_report,1788412794.1266167,1788412794.1265533,1,391107,0.08,0.08,1.0,1.0,2.0,2.0,1.0,0,False,9.945934295654297
/agv2/capability_report,1788412794.1274917,1788412794.121874,2,390658,0.08,0.08,1.0,1.0,2.0,2.0,1.0,0,False,11.701099395751953
/agv3/capability_report,1788412794.1344883,1788412794.1297426,3,389773,0.08,0.08,1.0,1.0,2.0,2.0,1.0,0,False,11.816336631774902
/agv2/capability_report,1788412794.1354167,1788412794.1298704,2,390659,0.08,0.08,1.0,1.0,2.0,2.0,1.0,0,False,11.701099395751953
/agv1/capability_report,1788412794.1388385,1788412794.138606,1,391108,0.08,0.08,1.0,1.0,2.0,2.0,1.0,0,False,9.945934295654297
/agv3/capability_report,1788412794.1463149,1788412794.1417983,3,389774,0.08,0.08,1.0,1.0,2.0,2.0,1.0,0,False,11.816336631774902
/agv1/capability_report,1788412794.1466234,1788412794.146556,1,391109,0.08,0.08,1.0,1.0,2.0,2.0,1.0,0,False,9.945934295654297
/agv2/capability_report,1788412794.1475756,1788412794.141875,2,390660,0.08,0.08,1.0,1.0,2.0,2.0,1.0,0,False,11.701099395751953
/agv1/capability_report,1788412794.1589727,1788412794.1586044,1,391110,0.08,0.08,1.0,1.0,2.0,2.0,1.0,0,False,9.945934295654297
/agv2/capability_report,1788412794.1593912,1788412794.1498806,2,390661,0.08,0.08,1.0,1.0,2.0,2.0,1.0,0,False,11.701099395751953
/agv3/capability_report,1788412794.1594057,1788412794.1497154,3,389775,0.08,0.08,1.0,1.0,2.0,2.0,1.0,0,False,11.816336631774902
/agv3/capability_report,1788412794.1664467,1788412794.1617794,3,389776,0.08,0.08,1.0,1.0,2.0,2.0,1.0,0,False,11.816336631774902
/agv1/capability_report,1788412794.166688,1788412794.1665547,1,391111,0.08,0.08,1.0,1.0,2.0,2.0,1.0,0,False,9.945934295654297
/agv2/capability_report,1788412794.167173,1788412794.1618593,2,390662,0.08,0.08,1.0,1.0,2.0,2.0,1.0,0,False,11.701099395751953
/agv3/capability_report,1788412794.1745272,1788412794.1697924,3,389777,0.08,0.08,1.0,1.0,2.0,2.0,1.0,0,False,11.816336631774902
/agv1/capability_report,1788412794.1787136,1788412794.178589,1,391112,0.08,0.08,1.0,1.0,2.0,2.0,1.0,0,False,9.945934295654297
/agv2/capability_report,1788412794.1788905,1788412794.1698716,2,390663,0.08,0.08,1.0,1.0,2.0,2.0,1.0,0,False,11.701099395751953
/agv3/capability_report,1788412794.1864574,1788412794.1817722,3,389778,0.08,0.08,1.0,1.0,2.0,2.0,1.0,0,False,11.816336631774902
/agv1/capability_report,1788412794.18668,1788412794.1865518,1,391113,0.08,0.08,1.0,1.0,2.0,2.0,1.0,0,False,9.945934295654297
/agv2/capability_report,1788412794.1911922,1788412794.1818728,2,390664,0.08,0.08,1.0,1.0,2.0,2.0,1.0,0,False,11.701099395751953
/agv3/capability_report,1788412794.195626,1788412794.1897771,3,389779,0.08,0.08,1.0,1.0,2.0,2.0,1.0,0,False,11.816336631774902
/agv2/capability_report,1788412794.1972945,1788412794.189873,2,390665,0.08,0.08,1.0,1.0,2.0,2.0,1.0,0,False,11.701099395751953
/agv1/capability_report,1788412794.1987882,1788412794.198596,1,391114,0.08,0.08,1.0,1.0,2.0,2.0,1.0,0,False,9.945934295654297
/agv3/capability_report,1788412794.2063813,1788412794.201774,3,389780,0.08,0.08,1.0,1.0,2.0,2.0,1.0,0,False,11.816336631774902
/agv1/capability_report,1788412794.2066875,1788412794.2065547,1,391115,0.08,0.08,1.0,1.0,2.0,2.0,1.0,0,False,9.945934295654297
/agv2/capability_report,1788412794.2082808,1788412794.2018738,2,390666,0.08,0.08,1.0,1.0,2.0,2.0,1.0,0,False,11.701099395751953
/agv3/capability_report,1788412794.2144017,1788412794.2097914,3,389781,0.08,0.08,1.0,1.0,2.0,2.0,1.0,0,False,11.736557006835938
/agv2/capability_report,1788412794.2160213,1788412794.2098703,2,390667,0.08,0.08,1.0,1.0,2.0,2.0,1.0,0,False,11.701099395751953
/agv1/capability_report,1788412794.218807,1788412794.21859,1,391116,0.08,0.08,1.0,1.0,2.0,2.0,1.0,0,False,9.945934295654297
/agv3/capability_report,1788412794.22635,1788412794.221765,3,389782,0.08,0.08,1.0,1.0,2.0,2.0,1.0,0,False,11.736557006835938
/agv1/capability_report,1788412794.2267134,1788412794.2265546,1,391117,0.08,0.08,1.0,1.0,2.0,2.0,1.0,0,False,11.24014663696289
/agv2/capability_report,1788412794.2275884,1788412794.221875,2,390668,0.08,0.08,1.0,1.0,2.0,2.0,1.0,0,False,11.701099395751953
/agv3/capability_report,1788412794.2344456,1788412794.2297764,3,389783,0.08,0.08,1.0,1.0,2.0,2.0,1.0,0,False,11.736557006835938
/agv2/capability_report,1788412794.2361465,1788412794.2298748,2,390669,0.08,0.08,1.0,1.0,2.0,2.0,1.0,0,False,11.701099395751953
/agv1/capability_report,1788412794.2388098,1788412794.2386081,1,391118,0.08,0.08,1.0,1.0,2.0,2.0,1.0,0,False,11.24014663696289
/agv3/capability_report,1788412794.2462587,1788412794.2417815,3,389784,0.08,0.08,1.0,1.0,2.0,2.0,1.0,0,False,11.736557006835938
/agv1/capability_report,1788412794.2466276,1788412794.2465687,1,391119,0.08,0.08,1.0,1.0,2.0,2.0,1.0,0,False,11.24014663696289
/agv2/capability_report,1788412794.2478323,1788412794.2418702,2,390670,0.08,0.08,1.0,1.0,2.0,2.0,1.0,0,False,11.683369636535645
/agv3/capability_report,1788412794.254822,1788412794.2497742,3,389785,0.08,0.08,1.0,1.0,2.0,2.0,1.0,0,False,11.736557006835938
/agv2/capability_report,1788412794.2559278,1788412794.2498674,2,390671,0.08,0.08,1.0,1.0,2.0,2.0,1.0,0,False,11.683369636535645
/agv1/capability_report,1788412794.2586565,1788412794.2585762,1,391120,0.08,0.08,1.0,1.0,2.0,2.0,1.0,0,False,11.24014663696289
/agv3/capability_report,1788412794.2663805,1788412794.2617795,3,389786,0.08,0.08,1.0,1.0,2.0,2.0,1.0,0,False,11.736557006835938
/agv1/capability_report,1788412794.2666779,1788412794.266571,1,391121,0.08,0.08,1.0,1.0,2.0,2.0,1.0,0,False,11.24014663696289
/agv2/capability_report,1788412794.2669814,1788412794.2618747,2,390672,0.08,0.08,1.0,1.0,2.0,2.0,1.0,0,False,11.683369636535645
/agv2/capability_report,1788412794.2758265,1788412794.2698677,2,390673,0.08,0.08,1.0,1.0,2.0,2.0,1.0,0,False,11.683369636535645
/agv3/capability_report,1788412794.2758632,1788412794.2697978,3,389787,0.08,0.08,1.0,1.0,2.0,2.0,1.0,0,False,11.736557006835938
/agv1/capability_report,1788412794.2787862,1788412794.2786274,1,391122,0.08,0.08,1.0,1.0,2.0,2.0,1.0,0,False,11.24014663696289
/agv1/capability_report,1788412794.2868342,1788412794.2866273,1,391123,0.08,0.08,1.0,1.0,2.0,2.0,1.0,0,False,11.24014663696289
/agv3/capability_report,1788412794.2881165,1788412794.2817886,3,389788,0.08,0.08,1.0,1.0,2.0,2.0,1.0,0,False,11.736557006835938
/agv2/capability_report,1788412794.2896147,1788412794.281875,2,390674,0.08,0.08,1.0,1.0,2.0,2.0,1.0,0,False,11.683369636535645
/agv3/capability_report,1788412794.2985036,1788412794.2897987,3,389789,0.08,0.08,1.0,1.0,2.0,2.0,1.0,0,False,11.736557006835938
/agv1/capability_report,1788412794.2986288,1788412794.2985802,1,391124,0.08,0.08,1.0,1.0,2.0,2.0,1.0,0,False,11.24014663696289
/agv2/capability_report,1788412794.3008454,1788412794.289878,2,390675,0.08,0.08,1.0,1.0,2.0,2.0,1.0,0,False,11.683369636535645
/agv3/capability_report,1788412794.3063667,1788412794.3017793,3,389790,0.08,0.08,1.0,1.0,2.0,2.0,1.0,0,False,11.736557006835938
/agv1/capability_report,1788412794.3066125,1788412794.3065665,1,391125,0.08,0.08,1.0,1.0,2.0,2.0,1.0,0,False,11.24014663696289
/agv2/capability_report,1788412794.3076031,1788412794.3018687,2,390676,0.08,0.08,1.0,1.0,2.0,2.0,1.0,0,False,11.683369636535645
/agv3/capability_report,1788412794.314397,1788412794.3097942,3,389791,0.08,0.08,1.0,1.0,2.0,2.0,1.0,0,False,11.736557006835938
/agv2/capability_report,1788412794.3154287,1788412794.3098779,2,390677,0.08,0.08,1.0,1.0,2.0,2.0,1.0,0,False,11.683369636535645
/agv1/capability_report,1788412794.3188438,1788412794.3185952,1,391126,0.08,0.08,1.0,1.0,2.0,2.0,1.0,0,False,11.24014663696289
/agv3/capability_report,1788412794.326256,1788412794.3217344,3,389792,0.08,0.08,1.0,1.0,2.0,2.0,1.0,0,False,11.736557006835938
/agv1/capability_report,1788412794.3265944,1788412794.3265548,1,391127,0.08,0.08,1.0,1.0,2.0,2.0,1.0,0,False,11.24014663696289
/agv2/capability_report,1788412794.3280065,1788412794.321878,2,390678,0.08,0.08,1.0,1.0,2.0,2.0,1.0,0,False,11.683369636535645
/agv3/capability_report,1788412794.3344126,1788412794.329778,3,389793,0.08,0.08,1.0,1.0,2.0,2.0,1.0,0,False,11.736557006835938
/agv2/capability_report,1788412794.3358178,1788412794.3298616,2,390679,0.08,0.08,1.0,1.0,2.0,2.0,1.0,0,False,11.683369636535645
/agv1/capability_report,1788412794.3387904,1788412794.3386073,1,391128,0.08,0.08,1.0,1.0,2.0,2.0,1.0,0,False,11.24014663696289
/agv1/capability_report,1788412794.3466475,1788412794.346561,1,391129,0.08,0.08,1.0,1.0,2.0,2.0,1.0,0,False,11.24014663696289
/agv2/capability_report,1788412794.3519452,1788412794.3418694,2,390680,0.08,0.08,1.0,1.0,2.0,2.0,1.0,0,False,11.683369636535645
/agv3/capability_report,1788412794.3520951,1788412794.341755,3,389794,0.08,0.08,1.0,1.0,2.0,2.0,1.0,0,False,11.736557006835938
/agv3/capability_report,1788412794.354481,1788412794.3497193,3,389795,0.08,0.08,1.0,1.0,2.0,2.0,1.0,0,False,11.736557006835938
/agv1/capability_report,1788412794.3587246,1788412794.358604,1,391130,0.08,0.08,1.0,1.0,2.0,2.0,1.0,0,False,11.24014663696289
/agv2/capability_report,1788412794.35907,1788412794.3498628,2,390681,0.08,0.08,1.0,1.0,2.0,2.0,1.0,0,False,11.683369636535645
/agv3/capability_report,1788412794.3663192,1788412794.361771,3,389796,0.08,0.08,1.0,1.0,2.0,2.0,1.0,0,False,11.736557006835938
/agv1/capability_report,1788412794.3666677,1788412794.366557,1,391131,0.08,0.08,1.0,1.0,2.0,2.0,1.0,0,False,11.24014663696289
/agv2/capability_report,1788412794.3686981,1788412794.361876,2,390682,0.08,0.08,1.0,1.0,2.0,2.0,1.0,0,False,11.683369636535645
/agv3/capability_report,1788412794.374437,1788412794.3697956,3,389797,0.08,0.08,1.0,1.0,2.0,2.0,1.0,0,False,11.665640830993652
/agv2/capability_report,1788412794.3757365,1788412794.3698728,2,390683,0.08,0.08,1.0,1.0,2.0,2.0,1.0,0,False,11.683369636535645
/agv1/capability_report,1788412794.3787928,1788412794.3785932,1,391132,0.08,0.08,1.0,1.0,2.0,2.0,1.0,0,False,11.24014663696289
/agv3/capability_report,1788412794.3863516,1788412794.381775,3,389798,0.08,0.08,1.0,1.0,2.0,2.0,1.0,0,False,11.665640830993652
/agv1/capability_report,1788412794.3866687,1788412794.3865604,1,391133,0.08,0.08,1.0,1.0,2.0,2.0,1.0,0,False,11.249011039733887
/agv2/capability_report,1788412794.387167,1788412794.381877,2,390684,0.08,0.08,1.0,1.0,2.0,2.0,1.0,0,False,11.683369636535645
/agv3/capability_report,1788412794.3942995,1788412794.3897874,3,389799,0.08,0.08,1.0,1.0,2.0,2.0,1.0,0,False,11.665640830993652
/agv2/capability_report,1788412794.3953161,1788412794.389918,2,390685,0.08,0.08,1.0,1.0,2.0,2.0,1.0,0,False,11.683369636535645
/agv1/capability_report,1788412794.398735,1788412794.3986,1,391134,0.08,0.08,1.0,1.0,2.0,2.0,1.0,0,False,11.249011039733887
/agv3/capability_report,1788412794.4063742,1788412794.4017844,3,389800,0.08,0.08,1.0,1.0,2.0,2.0,1.0,0,False,11.665640830993652
/agv1/capability_report,1788412794.4066055,1788412794.4065616,1,391135,0.08,0.08,1.0,1.0,2.0,2.0,1.0,0,False,11.249011039733887
/agv2/capability_report,1788412794.407296,1788412794.4018464,2,390686,0.08,0.08,1.0,1.0,2.0,2.0,1.0,0,False,11.683369636535645
/agv1/capability_report,1788412794.418733,1788412794.418607,1,391136,0.08,0.08,1.0,1.0,2.0,2.0,1.0,0,False,11.249011039733887
/agv3/capability_report,1788412794.41884,1788412794.4098022,3,389801,0.08,0.08,1.0,1.0,2.0,2.0,1.0,0,False,11.665640830993652
/agv2/capability_report,1788412794.420816,1788412794.4098792,2,390687,0.08,0.08,1.0,1.0,2.0,2.0,1.0,0,False,11.683369636535645
/agv1/capability_report,1788412794.4266286,1788412794.4265537,1,391137,0.08,0.08,1.0,1.0,2.0,2.0,1.0,0,False,11.249011039733887
/agv2/capability_report,1788412794.4276354,1788412794.4218574,2,390688,0.08,0.08,1.0,1.0,2.0,2.0,1.0,0,False,11.683369636535645
/agv3/capability_report,1788412794.4276586,1788412794.4217846,3,389802,0.08,0.08,1.0,1.0,2.0,2.0,1.0,0,False,11.665640830993652
/agv3/capability_report,1788412794.434403,1788412794.4297717,3,389803,0.08,0.08,1.0,1.0,2.0,2.0,1.0,0,False,11.665640830993652
/agv2/capability_report,1788412794.4353573,1788412794.429861,2,390689,0.08,0.08,1.0,1.0,2.0,2.0,1.0,0,False,11.683369636535645
/agv1/capability_report,1788412794.4387724,1788412794.438612,1,391138,0.08,0.08,1.0,1.0,2.0,2.0,1.0,0,False,11.249011039733887
/agv3/capability_report,1788412794.4463384,1788412794.441774,3,389804,0.08,0.08,1.0,1.0,2.0,2.0,1.0,0,False,11.665640830993652
/agv1/capability_report,1788412794.4466782,1788412794.4465635,1,391139,0.08,0.08,1.0,1.0,2.0,2.0,1.0,0,False,11.249011039733887
/agv2/capability_report,1788412794.4469573,1788412794.441861,2,390690,0.08,0.08,1.0,1.0,2.0,2.0,1.0,0,False,11.683369636535645
/agv3/capability_report,1788412794.4544947,1788412794.4497795,3,389805,0.08,0.08,1.0,1.0,2.0,2.0,1.0,0,False,11.665640830993652
/agv2/capability_report,1788412794.4554937,1788412794.4498765,2,390691,0.08,0.08,1.0,1.0,2.0,2.0,1.0,0,False,11.683369636535645
/agv1/capability_report,1788412794.458835,1788412794.45861,1,391140,0.08,0.08,1.0,1.0,2.0,2.0,1.0,0,False,11.249011039733887
/agv3/capability_report,1788412794.4664173,1788412794.4617758,3,389806,0.08,0.08,1.0,1.0,2.0,2.0,1.0,0,False,11.665640830993652
/agv1/capability_report,1788412794.4666126,1788412794.4665627,1,391141,0.08,0.08,1.0,1.0,2.0,2.0,1.0,0,False,11.249011039733887
/agv2/capability_report,1788412794.4672794,1788412794.4618752,2,390692,0.08,0.08,1.0,1.0,2.0,2.0,1.0,0,False,11.683369636535645
/agv3/capability_report,1788412794.4744701,1788412794.469776,3,389807,0.08,0.08,1.0,1.0,2.0,2.0,1.0,0,False,11.665640830993652
/agv2/capability_report,1788412794.4752202,1788412794.4698694,2,390693,0.08,0.08,1.0,1.0,2.0,2.0,1.0,0,False,11.683369636535645
/agv1/capability_report,1788412794.4786763,1788412794.4785926,1,391142,0.08,0.08,1.0,1.0,2.0,2.0,1.0,0,False,11.249011039733887
/agv3/capability_report,1788412794.486286,1788412794.4817944,3,389808,0.08,0.08,1.0,1.0,2.0,2.0,1.0,0,False,11.665640830993652
/agv1/capability_report,1788412794.4865966,1788412794.4865525,1,391143,0.08,0.08,1.0,1.0,2.0,2.0,1.0,0,False,11.249011039733887
/agv2/capability_report,1788412794.4887023,1788412794.4818685,2,390694,0.08,0.08,1.0,1.0,2.0,2.0,1.0,0,False,11.683369636535645
/agv3/capability_report,1788412794.4944005,1788412794.4898,3,389809,0.08,0.08,1.0,1.0,2.0,2.0,1.0,0,False,11.665640830993652
/agv2/capability_report,1788412794.4952555,1788412794.489873,2,390695,0.08,0.08,1.0,1.0,2.0,2.0,1.0,0,False,11.683369636535645
/agv1/capability_report,1788412794.4987524,1788412794.498593,1,391144,0.08,0.08,1.0,1.0,2.0,2.0,1.0,0,False,11.249011039733887
/agv3/capability_report,1788412794.506526,1788412794.5018394,3,389810,0.08,0.08,1.0,1.0,2.0,2.0,1.0,0,False,11.665640830993652
/agv1/capability_report,1788412794.5066597,1788412794.5065584,1,391145,0.08,0.08,1.0,1.0,2.0,2.0,1.0,0,False,11.249011039733887
/agv2/capability_report,1788412794.5084856,1788412794.5018659,2,390696,0.08,0.08,1.0,1.0,2.0,2.0,1.0,0,False,11.683369636535645
/agv3/capability_report,1788412794.5142937,1788412794.5098028,3,389811,0.08,0.08,1.0,1.0,2.0,2.0,1.0,0,False,11.665640830993652
/agv2/capability_report,1788412794.5153997,1788412794.5098922,2,390697,0.08,0.08,1.0,1.0,2.0,2.0,1.0,0,False,11.683369636535645
/agv1/capability_report,1788412794.518716,1788412794.518609,1,391146,0.08,0.08,1.0,1.0,2.0,2.0,1.0,0,False,11.249011039733887
/agv3/capability_report,1788412794.5263405,1788412794.5217655,3,389812,0.08,0.08,1.0,1.0,2.0,2.0,1.0,0,False,11.665640830993652
/agv1/capability_report,1788412794.5266473,1788412794.5265539,1,391147,0.08,0.08,1.0,1.0,2.0,2.0,1.0,0,False,11.249011039733887
/agv2/capability_report,1788412794.5269096,1788412794.5218725,2,390698,0.08,0.08,1.0,1.0,2.0,2.0,1.0,0,False,11.683369636535645
/agv3/capability_report,1788412794.5343835,1788412794.5297768,3,389813,0.08,0.08,1.0,1.0,2.0,2.0,1.0,0,False,11.79860782623291
/agv2/capability_report,1788412794.53578,1788412794.5298753,2,390699,0.08,0.08,1.0,1.0,2.0,2.0,1.0,0,False,11.683369636535645
/agv1/capability_report,1788412794.5386062,1788412794.5385578,1,391148,0.08,0.08,1.0,1.0,2.0,2.0,1.0,0,False,11.249011039733887
/agv3/capability_report,1788412794.546324,1788412794.5417771,3,389814,0.08,0.08,1.0,1.0,2.0,2.0,1.0,0,False,11.79860782623291
/agv1/capability_report,1788412794.546601,1788412794.5465527,1,391149,0.08,0.08,1.0,1.0,2.0,2.0,1.0,0,False,11.364249229431152
/agv2/capability_report,1788412794.5477507,1788412794.5418708,2,390700,0.08,0.08,1.0,1.0,2.0,2.0,1.0,0,False,11.683369636535645
/agv3/capability_report,1788412794.5544264,1788412794.549776,3,389815,0.08,0.08,1.0,1.0,2.0,2.0,1.0,0,False,11.79860782623291
/agv2/capability_report,1788412794.5577123,1788412794.5498748,2,390701,0.08,0.08,1.0,1.0,2.0,2.0,1.0,0,False,11.683369636535645
/agv1/capability_report,1788412794.5587413,1788412794.5585887,1,391150,0.08,0.08,1.0,1.0,2.0,2.0,1.0,0,False,11.364249229431152
/agv3/capability_report,1788412794.56641,1788412794.5617647,3,389816,0.08,0.08,1.0,1.0,2.0,2.0,1.0,0,False,11.79860782623291
/agv1/capability_report,1788412794.5666525,1788412794.566554,1,391151,0.08,0.08,1.0,1.0,2.0,2.0,1.0,0,False,11.364249229431152
/agv2/capability_report,1788412794.567384,1788412794.56192,2,390702,0.08,0.08,1.0,1.0,2.0,2.0,1.0,0,False,11.576996803283691
/agv3/capability_report,1788412794.5743928,1788412794.5697992,3,389817,0.08,0.08,1.0,1.0,2.0,2.0,1.0,0,False,11.79860782623291
/agv2/capability_report,1788412794.5751941,1788412794.5698833,2,390703,0.08,0.08,1.0,1.0,2.0,2.0,1.0,0,False,11.576996803283691
/agv1/capability_report,1788412794.5788357,1788412794.578606,1,391152,0.08,0.08,1.0,1.0,2.0,2.0,1.0,0,False,11.364249229431152
/agv3/capability_report,1788412794.5864935,1788412794.5817766,3,389818,0.08,0.08,1.0,1.0,2.0,2.0,1.0,0,False,11.79860782623291
/agv1/capability_report,1788412794.586649,1788412794.5865545,1,391153,0.08,0.08,1.0,1.0,2.0,2.0,1.0,0,False,11.364249229431152
/agv2/capability_report,1788412794.5877972,1788412794.581926,2,390704,0.08,0.08,1.0,1.0,2.0,2.0,1.0,0,False,11.576996803283691
/agv3/capability_report,1788412794.5943453,1788412794.5897772,3,389819,0.08,0.08,1.0,1.0,2.0,2.0,1.0,0,False,11.79860782623291
/agv2/capability_report,1788412794.5952175,1788412794.5898738,2,390705,0.08,0.08,1.0,1.0,2.0,2.0,1.0,0,False,11.576996803283691
/agv1/capability_report,1788412794.5986943,1788412794.5985563,1,391154,0.08,0.08,1.0,1.0,2.0,2.0,1.0,0,False,11.364249229431152
/agv1/capability_report,1788412794.6066952,1788412794.6065543,1,391155,0.08,0.08,1.0,1.0,2.0,2.0,1.0,0,False,11.364249229431152
/agv3/capability_report,1788412794.6069012,1788412794.601778,3,389820,0.08,0.08,1.0,1.0,2.0,2.0,1.0,0,False,11.79860782623291
/agv2/capability_report,1788412794.6094954,1788412794.601834,2,390706,0.08,0.08,1.0,1.0,2.0,2.0,1.0,0,False,11.576996803283691
/agv3/capability_report,1788412794.6143928,1788412794.60979,3,389821,0.08,0.08,1.0,1.0,2.0,2.0,1.0,0,False,11.79860782623291
/agv2/capability_report,1788412794.6160302,1788412794.609858,2,390707,0.08,0.08,1.0,1.0,2.0,2.0,1.0,0,False,11.576996803283691
/agv1/capability_report,1788412794.6187456,1788412794.6185527,1,391156,0.08,0.08,1.0,1.0,2.0,2.0,1.0,0,False,11.364249229431152
/agv3/capability_report,1788412794.626326,1788412794.6217847,3,389822,0.08,0.08,1.0,1.0,2.0,2.0,1.0,0,False,11.79860782623291
/agv1/capability_report,1788412794.626711,1788412794.6265533,1,391157,0.08,0.08,1.0,1.0,2.0,2.0,1.0,0,False,11.364249229431152
/agv2/capability_report,1788412794.6274376,1788412794.6218731,2,390708,0.08,0.08,1.0,1.0,2.0,2.0,1.0,0,False,11.576996803283691
/agv3/capability_report,1788412794.634379,1788412794.6297781,3,389823,0.08,0.08,1.0,1.0,2.0,2.0,1.0,0,False,11.79860782623291
/agv2/capability_report,1788412794.6357327,1788412794.6298723,2,390709,0.08,0.08,1.0,1.0,2.0,2.0,1.0,0,False,11.576996803283691
/agv1/capability_report,1788412794.638861,1788412794.6385946,1,391158,0.08,0.08,1.0,1.0,2.0,2.0,1.0,0,False,11.364249229431152
/agv3/capability_report,1788412794.6462932,1788412794.6417735,3,389824,0.08,0.08,1.0,1.0,2.0,2.0,1.0,0,False,11.79860782623291
/agv1/capability_report,1788412794.646684,1788412794.6465607,1,391159,0.08,0.08,1.0,1.0,2.0,2.0,1.0,0,False,11.364249229431152
/agv2/capability_report,1788412794.6473336,1788412794.641862,2,390710,0.08,0.08,1.0,1.0,2.0,2.0,1.0,0,False,11.576996803283691
/agv3/capability_report,1788412794.6543941,1788412794.6497657,3,389825,0.08,0.08,1.0,1.0,2.0,2.0,1.0,0,False,11.79860782623291
/agv2/capability_report,1788412794.6555977,1788412794.6498752,2,390711,0.08,0.08,1.0,1.0,2.0,2.0,1.0,0,False,11.576996803283691
/agv1/capability_report,1788412794.6588883,1788412794.658611,1,391160,0.08,0.08,1.0,1.0,2.0,2.0,1.0,0,False,11.364249229431152
/agv3/capability_report,1788412794.6663773,1788412794.6617746,3,389826,0.08,0.08,1.0,1.0,2.0,2.0,1.0,0,False,11.79860782623291
/agv1/capability_report,1788412794.6665988,1788412794.666558,1,391161,0.08,0.08,1.0,1.0,2.0,2.0,1.0,0,False,11.364249229431152
/agv2/capability_report,1788412794.6673996,1788412794.661876,2,390712,0.08,0.08,1.0,1.0,2.0,2.0,1.0,0,False,11.576996803283691
/agv3/capability_report,1788412794.6743531,1788412794.6697795,3,389827,0.08,0.08,1.0,1.0,2.0,2.0,1.0,0,False,11.79860782623291
/agv2/capability_report,1788412794.6752906,1788412794.6698742,2,390713,0.08,0.08,1.0,1.0,2.0,2.0,1.0,0,False,11.576996803283691
/agv1/capability_report,1788412794.6786466,1788412794.6785917,1,391162,0.08,0.08,1.0,1.0,2.0,2.0,1.0,0,False,11.364249229431152
/agv3/capability_report,1788412794.6863828,1788412794.681765,3,389828,0.08,0.08,1.0,1.0,2.0,2.0,1.0,0,False,11.79860782623291
/agv1/capability_report,1788412794.686595,1788412794.6865523,1,391163,0.08,0.08,1.0,1.0,2.0,2.0,1.0,0,False,11.364249229431152
/agv2/capability_report,1788412794.6881795,1788412794.681877,2,390714,0.08,0.08,1.0,1.0,2.0,2.0,1.0,0,False,11.576996803283691
/agv3/capability_report,1788412794.694337,1788412794.689779,3,389829,0.08,0.08,1.0,1.0,2.0,2.0,1.0,0,False,11.701099395751953
/agv2/capability_report,1788412794.695076,1788412794.6898768,2,390715,0.08,0.08,1.0,1.0,2.0,2.0,1.0,0,False,11.576996803283691
/agv1/capability_report,1788412794.698785,1788412794.6985967,1,391164,0.08,0.08,1.0,1.0,2.0,2.0,1.0,0,False,11.364249229431152
/agv1/capability_report,1788412794.7066247,1788412794.7065601,1,391165,0.08,0.08,1.0,1.0,2.0,2.0,1.0,0,False,11.34652042388916
/agv2/capability_report,1788412794.7067204,1788412794.7018704,2,390716,0.08,0.08,1.0,1.0,2.0,2.0,1.0,0,False,11.576996803283691
/agv3/capability_report,1788412794.7083607,1788412794.7017767,3,389830,0.08,0.08,1.0,1.0,2.0,2.0,1.0,0,False,11.701099395751953
/agv3/capability_report,1788412794.7144287,1788412794.7098143,3,389831,0.08,0.08,1.0,1.0,2.0,2.0,1.0,0,False,11.701099395751953
/agv2/capability_report,1788412794.7156217,1788412794.7098951,2,390717,0.08,0.08,1.0,1.0,2.0,2.0,1.0,0,False,11.576996803283691
/agv1/capability_report,1788412794.718721,1788412794.7186015,1,391166,0.08,0.08,1.0,1.0,2.0,2.0,1.0,0,False,11.34652042388916
/agv3/capability_report,1788412794.7262766,1788412794.7217338,3,389832,0.08,0.08,1.0,1.0,2.0,2.0,1.0,0,False,11.701099395751953
/agv1/capability_report,1788412794.7266886,1788412794.7265582,1,391167,0.08,0.08,1.0,1.0,2.0,2.0,1.0,0,False,11.34652042388916
/agv2/capability_report,1788412794.7277105,1788412794.7218828,2,390718,0.08,0.08,1.0,1.0,2.0,2.0,1.0,0,False,11.612454414367676
/agv3/capability_report,1788412794.7343984,1788412794.7297285,3,389833,0.08,0.08,1.0,1.0,2.0,2.0,1.0,0,False,11.701099395751953
/agv2/capability_report,1788412794.7359183,1788412794.7298737,2,390719,0.08,0.08,1.0,1.0,2.0,2.0,1.0,0,False,11.612454414367676
/agv1/capability_report,1788412794.7387817,1788412794.7385604,1,391168,0.08,0.08,1.0,1.0,2.0,2.0,1.0,0,False,11.34652042388916
/agv3/capability_report,1788412794.7463896,1788412794.7417293,3,389834,0.08,0.08,1.0,1.0,2.0,2.0,1.0,0,False,11.701099395751953
/agv1/capability_report,1788412794.746624,1788412794.7465549,1,391169,0.08,0.08,1.0,1.0,2.0,2.0,1.0,0,False,11.34652042388916
/agv2/capability_report,1788412794.7488058,1788412794.741876,2,390720,0.08,0.08,1.0,1.0,2.0,2.0,1.0,0,False,11.612454414367676
/agv3/capability_report,1788412794.7543108,1788412794.7497635,3,389835,0.08,0.08,1.0,1.0,2.0,2.0,1.0,0,False,11.701099395751953
/agv2/capability_report,1788412794.755519,1788412794.7497718,2,390721,0.08,0.08,1.0,1.0,2.0,2.0,1.0,0,False,11.612454414367676
/agv1/capability_report,1788412794.7587283,1788412794.7585785,1,391170,0.08,0.08,1.0,1.0,2.0,2.0,1.0,0,False,11.34652042388916
/agv3/capability_report,1788412794.7665977,1788412794.7617636,3,389836,0.08,0.08,1.0,1.0,2.0,2.0,1.0,0,False,11.701099395751953
/agv1/capability_report,1788412794.7666035,1788412794.7665498,1,391171,0.08,0.08,1.0,1.0,2.0,2.0,1.0,0,False,11.34652042388916
/agv2/capability_report,1788412794.76884,1788412794.7618484,2,390722,0.08,0.08,1.0,1.0,2.0,2.0,1.0,0,False,11.612454414367676
/agv3/capability_report,1788412794.7743754,1788412794.7697573,3,389837,0.08,0.08,1.0,1.0,2.0,2.0,1.0,0,False,11.701099395751953
/agv2/capability_report,1788412794.77587,1788412794.7698464,2,390723,0.08,0.08,1.0,1.0,2.0,2.0,1.0,0,False,11.612454414367676
/agv1/capability_report,1788412794.7787004,1788412794.7785943,1,391172,0.08,0.08,1.0,1.0,2.0,2.0,1.0,0,False,11.34652042388916
/agv1/capability_report,1788412794.7866035,1788412794.786553,1,391173,0.08,0.08,1.0,1.0,2.0,2.0,1.0,0,False,11.34652042388916
/agv3/capability_report,1788412794.7870512,1788412794.7817783,3,389838,0.08,0.08,1.0,1.0,2.0,2.0,1.0,0,False,11.701099395751953
/agv2/capability_report,1788412794.788966,1788412794.7818768,2,390724,0.08,0.08,1.0,1.0,2.0,2.0,1.0,0,False,11.612454414367676
/agv3/capability_report,1788412794.795009,1788412794.7897785,3,389839,0.08,0.08,1.0,1.0,2.0,2.0,1.0,0,False,11.701099395751953
/agv2/capability_report,1788412794.7958286,1788412794.7898726,2,390725,0.08,0.08,1.0,1.0,2.0,2.0,1.0,0,False,11.612454414367676
/agv1/capability_report,1788412794.7986305,1788412794.798584,1,391174,0.08,0.08,1.0,1.0,2.0,2.0,1.0,0,False,11.34652042388916
/agv1/capability_report,1788412794.8066254,1788412794.806556,1,391175,0.08,0.08,1.0,1.0,2.0,2.0,1.0,0,False,11.34652042388916
/agv3/capability_report,1788412794.8066542,1788412794.8018053,3,389840,0.08,0.08,1.0,1.0,2.0,2.0,1.0,0,False,11.701099395751953
/agv2/capability_report,1788412794.8078158,1788412794.8018706,2,390726,0.08,0.08,1.0,1.0,2.0,2.0,1.0,0,False,11.612454414367676
/agv2/capability_report,1788412794.8153248,1788412794.80988,2,390727,0.08,0.08,1.0,1.0,2.0,2.0,1.0,0,False,11.612454414367676
/agv3/capability_report,1788412794.8153903,1788412794.8097973,3,389841,0.08,0.08,1.0,1.0,2.0,2.0,1.0,0,False,11.701099395751953
/agv1/capability_report,1788412794.8188224,1788412794.8185964,1,391176,0.08,0.08,1.0,1.0,2.0,2.0,1.0,0,False,11.34652042388916
/agv3/capability_report,1788412794.826464,1788412794.82178,3,389842,0.08,0.08,1.0,1.0,2.0,2.0,1.0,0,False,11.701099395751953
/agv1/capability_report,1788412794.826661,1788412794.8265564,1,391177,0.08,0.08,1.0,1.0,2.0,2.0,1.0,0,False,11.34652042388916
/agv2/capability_report,1788412794.8273695,1788412794.821877,2,390728,0.08,0.08,1.0,1.0,2.0,2.0,1.0,0,False,11.612454414367676
/agv3/capability_report,1788412794.8343885,1788412794.8297758,3,389843,0.08,0.08,1.0,1.0,2.0,2.0,1.0,0,False,11.701099395751953
/agv2/capability_report,1788412794.8353918,1788412794.8298733,2,390729,0.08,0.08,1.0,1.0,2.0,2.0,1.0,0,False,11.612454414367676
/agv1/capability_report,1788412794.8386736,1788412794.838588,1,391178,0.08,0.08,1.0,1.0,2.0,2.0,1.0,0,False,11.34652042388916
/agv3/capability_report,1788412794.8462274,1788412794.8417776,3,389844,0.08,0.08,1.0,1.0,2.0,2.0,1.0,0,False,11.701099395751953
/agv1/capability_report,1788412794.8466263,1788412794.8465724,1,391179,0.08,0.08,1.0,1.0,2.0,2.0,1.0,0,False,11.34652042388916
/agv2/capability_report,1788412794.8484335,1788412794.841875,2,390730,0.08,0.08,1.0,1.0,2.0,2.0,1.0,0,False,11.612454414367676
/agv3/capability_report,1788412794.854355,1788412794.8497722,3,389845,0.08,0.08,1.0,1.0,2.0,2.0,1.0,0,False,11.683369636535645
/agv2/capability_report,1788412794.855665,1788412794.849929,2,390731,0.08,0.08,1.0,1.0,2.0,2.0,1.0,0,False,11.612454414367676
/agv1/capability_report,1788412794.8587446,1788412794.8586028,1,391180,0.08,0.08,1.0,1.0,2.0,2.0,1.0,0,False,11.34652042388916
/agv3/capability_report,1788412794.8663554,1788412794.8617857,3,389846,0.08,0.08,1.0,1.0,2.0,2.0,1.0,0,False,11.683369636535645
/agv1/capability_report,1788412794.8666987,1788412794.866572,1,391181,0.08,0.08,1.0,1.0,2.0,2.0,1.0,0,False,10.965348243713379
/agv2/capability_report,1788412794.869888,1788412794.8618712,2,390732,0.08,0.08,1.0,1.0,2.0,2.0,1.0,0,False,11.612454414367676
/agv3/capability_report,1788412794.8743517,1788412794.8697758,3,389847,0.08,0.08,1.0,1.0,2.0,2.0,1.0,0,False,11.683369636535645
/agv2/capability_report,1788412794.8766003,1788412794.8698676,2,390733,0.08,0.08,1.0,1.0,2.0,2.0,1.0,0,False,11.612454414367676
/agv1/capability_report,1788412794.878707,1788412794.8786004,1,391182,0.08,0.08,1.0,1.0,2.0,2.0,1.0,0,False,10.965348243713379
/agv3/capability_report,1788412794.8864195,1788412794.8817635,3,389848,0.08,0.08,1.0,1.0,2.0,2.0,1.0,0,False,11.683369636535645
/agv1/capability_report,1788412794.8866029,1788412794.8865547,1,391183,0.08,0.08,1.0,1.0,2.0,2.0,1.0,0,False,10.965348243713379
/agv2/capability_report,1788412794.8870137,1788412794.8818767,2,390734,0.08,0.08,1.0,1.0,2.0,2.0,1.0,0,False,11.612454414367676
/agv3/capability_report,1788412794.8944316,1788412794.8897812,3,389849,0.08,0.08,1.0,1.0,2.0,2.0,1.0,0,False,11.683369636535645
/agv2/capability_report,1788412794.8954308,1788412794.889881,2,390735,0.08,0.08,1.0,1.0,2.0,2.0,1.0,0,False,11.612454414367676
/agv1/capability_report,1788412794.8986747,1788412794.8985875,1,391184,0.08,0.08,1.0,1.0,2.0,2.0,1.0,0,False,10.965348243713379
/agv3/capability_report,1788412794.9064615,1788412794.901815,3,389850,0.08,0.08,1.0,1.0,2.0,2.0,1.0,0,False,11.683369636535645
/agv1/capability_report,1788412794.9065921,1788412794.9065533,1,391185,0.08,0.08,1.0,1.0,2.0,2.0,1.0,0,False,10.965348243713379
/agv2/capability_report,1788412794.907719,1788412794.9018734,2,390736,0.08,0.08,1.0,1.0,2.0,2.0,1.0,0,False,11.612454414367676
/agv3/capability_report,1788412794.9144793,1788412794.9097996,3,389851,0.08,0.08,1.0,1.0,2.0,2.0,1.0,0,False,11.683369636535645
/agv2/capability_report,1788412794.9171689,1788412794.9098713,2,390737,0.08,0.08,1.0,1.0,2.0,2.0,1.0,0,False,11.612454414367676
/agv1/capability_report,1788412794.9186652,1788412794.9185884,1,391186,0.08,0.08,1.0,1.0,2.0,2.0,1.0,0,False,10.965348243713379
/agv3/capability_report,1788412794.9262624,1788412794.9217627,3,389852,0.08,0.08,1.0,1.0,2.0,2.0,1.0,0,False,11.683369636535645
/agv1/capability_report,1788412794.926678,1788412794.9265614,1,391187,0.08,0.08,1.0,1.0,2.0,2.0,1.0,0,False,10.965348243713379
/agv2/capability_report,1788412794.9272525,1788412794.9218798,2,390738,0.08,0.08,1.0,1.0,2.0,2.0,1.0,0,False,11.612454414367676
/agv3/capability_report,1788412794.934398,1788412794.9297752,3,389853,0.08,0.08,1.0,1.0,2.0,2.0,1.0,0,False,11.683369636535645
/agv2/capability_report,1788412794.9366286,1788412794.9298716,2,390739,0.08,0.08,1.0,1.0,2.0,2.0,1.0,0,False,11.612454414367676
/agv1/capability_report,1788412794.9387794,1788412794.9385996,1,391188,0.08,0.08,1.0,1.0,2.0,2.0,1.0,0,False,10.965348243713379
/agv3/capability_report,1788412794.9463537,1788412794.9417734,3,389854,0.08,0.08,1.0,1.0,2.0,2.0,1.0,0,False,11.683369636535645
/agv1/capability_report,1788412794.9466536,1788412794.9465685,1,391189,0.08,0.08,1.0,1.0,2.0,2.0,1.0,0,False,10.965348243713379
/agv2/capability_report,1788412794.9485822,1788412794.9418736,2,390740,0.08,0.08,1.0,1.0,2.0,2.0,1.0,0,False,11.612454414367676
/agv3/capability_report,1788412794.9546244,1788412794.9497712,3,389855,0.08,0.08,1.0,1.0,2.0,2.0,1.0,0,False,11.683369636535645
/agv2/capability_report,1788412794.9553673,1788412794.9498768,2,390741,0.08,0.08,1.0,1.0,2.0,2.0,1.0,0,False,11.612454414367676
/agv1/capability_report,1788412794.9587152,1788412794.9585857,1,391190,0.08,0.08,1.0,1.0,2.0,2.0,1.0,0,False,10.965348243713379
/agv1/capability_report,1788412794.9666255,1788412794.966568,1,391191,0.08,0.08,1.0,1.0,2.0,2.0,1.0,0,False,10.965348243713379
/agv3/capability_report,1788412794.9674194,1788412794.9617867,3,389856,0.08,0.08,1.0,1.0,2.0,2.0,1.0,0,False,11.683369636535645
/agv2/capability_report,1788412794.969308,1788412794.9618719,2,390742,0.08,0.08,1.0,1.0,2.0,2.0,1.0,0,False,11.612454414367676
/agv3/capability_report,1788412794.9746952,1788412794.9697993,3,389857,0.08,0.08,1.0,1.0,2.0,2.0,1.0,0,False,11.683369636535645
/agv2/capability_report,1788412794.9755383,1788412794.9698699,2,390743,0.08,0.08,1.0,1.0,2.0,2.0,1.0,0,False,11.612454414367676
/agv1/capability_report,1788412794.9787352,1788412794.9786043,1,391192,0.08,0.08,1.0,1.0,2.0,2.0,1.0,0,False,10.965348243713379
/agv3/capability_report,1788412794.9863322,1788412794.9817748,3,389858,0.08,0.08,1.0,1.0,2.0,2.0,1.0,0,False,11.683369636535645
/agv1/capability_report,1788412794.9866219,1788412794.9865716,1,391193,0.08,0.08,1.0,1.0,2.0,2.0,1.0,0,False,10.965348243713379
/agv2/capability_report,1788412794.9868517,1788412794.9818683,2,390744,0.08,0.08,1.0,1.0,2.0,2.0,1.0,0,False,11.612454414367676
/agv3/capability_report,1788412794.9942613,1788412794.9897761,3,389859,0.08,0.08,1.0,1.0,2.0,2.0,1.0,0,False,11.683369636535645
/agv2/capability_report,1788412794.9952087,1788412794.989872,2,390745,0.08,0.08,1.0,1.0,2.0,2.0,1.0,0,False,11.612454414367676
/agv1/capability_report,1788412794.9986618,1788412794.998568,1,391194,0.08,0.08,1.0,1.0,2.0,2.0,1.0,0,False,10.965348243713379
/agv3/capability_report,1788412795.0062985,1788412795.0017967,3,389860,0.08,0.08,1.0,1.0,2.0,2.0,1.0,0,False,11.683369636535645
/agv1/capability_report,1788412795.006615,1788412795.0065787,1,391195,0.08,0.08,1.0,1.0,2.0,2.0,1.0,0,False,10.965348243713379
/agv2/capability_report,1788412795.0088887,1788412795.0018709,2,390746,0.08,0.08,1.0,1.0,2.0,2.0,1.0,0,False,11.612454414367676
/agv3/capability_report,1788412795.0143435,1788412795.0097892,3,389861,0.08,0.08,1.0,1.0,2.0,2.0,1.0,0,False,11.789743423461914
/agv2/capability_report,1788412795.0150745,1788412795.0099206,2,390747,0.08,0.08,1.0,1.0,2.0,2.0,1.0,0,False,11.612454414367676
/agv1/capability_report,1788412795.0187855,1788412795.0186133,1,391196,0.08,0.08,1.0,1.0,2.0,2.0,1.0,0,False,10.965348243713379
/agv3/capability_report,1788412795.0263166,1788412795.0217779,3,389862,0.08,0.08,1.0,1.0,2.0,2.0,1.0,0,False,11.789743423461914
/agv1/capability_report,1788412795.0266883,1788412795.0265698,1,391197,0.08,0.08,1.0,1.0,2.0,2.0,1.0,0,False,11.107179641723633
/agv2/capability_report,1788412795.0282586,1788412795.0219157,2,390748,0.08,0.08,1.0,1.0,2.0,2.0,1.0,0,False,11.612454414367676
/agv3/capability_report,1788412795.0367258,1788412795.0297768,3,389863,0.08,0.08,1.0,1.0,2.0,2.0,1.0,0,False,11.789743423461914
/agv1/capability_report,1788412795.0386844,1788412795.0385842,1,391198,0.08,0.08,1.0,1.0,2.0,2.0,1.0,0,False,11.107179641723633
/agv2/capability_report,1788412795.0424678,1788412795.0298753,2,390749,0.08,0.08,1.0,1.0,2.0,2.0,1.0,0,False,11.612454414367676
/agv3/capability_report,1788412795.0464714,1788412795.0417619,3,389864,0.08,0.08,1.0,1.0,2.0,2.0,1.0,0,False,11.789743423461914
/agv1/capability_report,1788412795.046628,1788412795.0465689,1,391199,0.08,0.08,1.0,1.0,2.0,2.0,1.0,0,False,11.107179641723633
/agv2/capability_report,1788412795.0472655,1788412795.0418384,2,390750,0.08,0.08,1.0,1.0,2.0,2.0,1.0,0,False,11.64791202545166
/agv3/capability_report,1788412795.0544622,1788412795.0497766,3,389865,0.08,0.08,1.0,1.0,2.0,2.0,1.0,0,False,11.789743423461914
/agv2/capability_report,1788412795.0570366,1788412795.04988,2,390751,0.08,0.08,1.0,1.0,2.0,2.0,1.0,0,False,11.64791202545166
/agv1/capability_report,1788412795.0587053,1788412795.0585816,1,391200,0.08,0.08,1.0,1.0,2.0,2.0,1.0,0,False,11.107179641723633
/agv1/capability_report,1788412795.0666301,1788412795.0665786,1,391201,0.08,0.08,1.0,1.0,2.0,2.0,1.0,0,False,11.107179641723633
/agv3/capability_report,1788412795.0683522,1788412795.0617805,3,389866,0.08,0.08,1.0,1.0,2.0,2.0,1.0,0,False,11.789743423461914
/agv2/capability_report,1788412795.0699823,1788412795.06187,2,390752,0.08,0.08,1.0,1.0,2.0,2.0,1.0,0,False,11.64791202545166
/agv2/capability_report,1788412795.0765529,1788412795.06991,2,390753,0.08,0.08,1.0,1.0,2.0,2.0,1.0,0,False,11.64791202545166
/agv1/capability_report,1788412795.0787737,1788412795.0786147,1,391202,0.08,0.08,1.0,1.0,2.0,2.0,1.0,0,False,11.107179641723633
/agv3/capability_report,1788412795.0791137,1788412795.0697796,3,389867,0.08,0.08,1.0,1.0,2.0,2.0,1.0,0,False,11.789743423461914
/agv3/capability_report,1788412795.086269,1788412795.0817692,3,389868,0.08,0.08,1.0,1.0,2.0,2.0,1.0,0,False,11.789743423461914
/agv1/capability_report,1788412795.0866444,1788412795.0865579,1,391203,0.08,0.08,1.0,1.0,2.0,2.0,1.0,0,False,11.107179641723633
/agv2/capability_report,1788412795.0899453,1788412795.08192,2,390754,0.08,0.08,1.0,1.0,2.0,2.0,1.0,0,False,11.64791202545166
/agv3/capability_report,1788412795.0953457,1788412795.089779,3,389869,0.08,0.08,1.0,1.0,2.0,2.0,1.0,0,False,11.789743423461914
/agv2/capability_report,1788412795.096595,1788412795.0899055,2,390755,0.08,0.08,1.0,1.0,2.0,2.0,1.0,0,False,11.64791202545166
/agv1/capability_report,1788412795.0988114,1788412795.0986102,1,391204,0.08,0.08,1.0,1.0,2.0,2.0,1.0,0,False,11.107179641723633
/agv1/capability_report,1788412795.1066093,1788412795.1065655,1,391205,0.08,0.08,1.0,1.0,2.0,2.0,1.0,0,False,11.107179641723633
/agv3/capability_report,1788412795.1072216,1788412795.1017957,3,389870,0.08,0.08,1.0,1.0,2.0,2.0,1.0,0,False,11.789743423461914
/agv2/capability_report,1788412795.107222,1788412795.1018708,2,390756,0.08,0.08,1.0,1.0,2.0,2.0,1.0,0,False,11.64791202545166
/agv3/capability_report,1788412795.1143565,1788412795.1097155,3,389871,0.08,0.08,1.0,1.0,2.0,2.0,1.0,0,False,11.789743423461914
/agv2/capability_report,1788412795.11554,1788412795.1098766,2,390757,0.08,0.08,1.0,1.0,2.0,2.0,1.0,0,False,11.64791202545166
/agv1/capability_report,1788412795.1186564,1788412795.1185582,1,391206,0.08,0.08,1.0,1.0,2.0,2.0,1.0,0,False,11.107179641723633
/agv3/capability_report,1788412795.1263456,1788412795.1217606,3,389872,0.08,0.08,1.0,1.0,2.0,2.0,1.0,0,False,11.789743423461914
/agv1/capability_report,1788412795.1267164,1788412795.1265562,1,391207,0.08,0.08,1.0,1.0,2.0,2.0,1.0,0,False,11.107179641723633
/agv2/capability_report,1788412795.1281776,1788412795.1218607,2,390758,0.08,0.08,1.0,1.0,2.0,2.0,1.0,0,False,11.64791202545166
/agv3/capability_report,1788412795.1344545,1788412795.1297903,3,389873,0.08,0.08,1.0,1.0,2.0,2.0,1.0,0,False,11.789743423461914
/agv2/capability_report,1788412795.135455,1788412795.1298628,2,390759,0.08,0.08,1.0,1.0,2.0,2.0,1.0,0,False,11.64791202545166
/agv1/capability_report,1788412795.1387377,1788412795.138607,1,391208,0.08,0.08,1.0,1.0,2.0,2.0,1.0,0,False,11.107179641723633
/agv3/capability_report,1788412795.1465278,1788412795.1417828,3,389874,0.08,0.08,1.0,1.0,2.0,2.0,1.0,0,False,11.789743423461914
/agv1/capability_report,1788412795.14665,1788412795.1465602,1,391209,0.08,0.08,1.0,1.0,2.0,2.0,1.0,0,False,11.107179641723633
/agv2/capability_report,1788412795.147694,1788412795.1418755,2,390760,0.08,0.08,1.0,1.0,2.0,2.0,1.0,0,False,11.64791202545166
/agv3/capability_report,1788412795.1556964,1788412795.149777,3,389875,0.08,0.08,1.0,1.0,2.0,2.0,1.0,0,False,11.789743423461914
/agv2/capability_report,1788412795.1569722,1788412795.1499038,2,390761,0.08,0.08,1.0,1.0,2.0,2.0,1.0,0,False,11.64791202545166
/agv1/capability_report,1788412795.158868,1788412795.1586754,1,391210,0.08,0.08,1.0,1.0,2.0,2.0,1.0,0,False,11.107179641723633
/agv3/capability_report,1788412795.1664317,1788412795.1617966,3,389876,0.08,0.08,1.0,1.0,2.0,2.0,1.0,0,False,11.789743423461914
/agv1/capability_report,1788412795.1667035,1788412795.1665676,1,391211,0.08,0.08,1.0,1.0,2.0,2.0,1.0,0,False,11.107179641723633
/agv2/capability_report,1788412795.169161,1788412795.161873,2,390762,0.08,0.08,1.0,1.0,2.0,2.0,1.0,0,False,11.64791202545166
/agv3/capability_report,1788412795.1751606,1788412795.1697948,3,389877,0.08,0.08,1.0,1.0,2.0,2.0,1.0,0,False,11.75428581237793
/agv2/capability_report,1788412795.1763692,1788412795.1699138,2,390763,0.08,0.08,1.0,1.0,2.0,2.0,1.0,0,False,11.64791202545166
/agv1/capability_report,1788412795.1787324,1788412795.1786005,1,391212,0.08,0.08,1.0,1.0,2.0,2.0,1.0,0,False,11.00967025756836
/agv3/capability_report,1788412795.18646,1788412795.1818237,3,389878,0.08,0.08,1.0,1.0,2.0,2.0,1.0,0,False,11.75428581237793
/agv1/capability_report,1788412795.186673,1788412795.1865675,1,391213,0.08,0.08,1.0,1.0,2.0,2.0,1.0,0,False,11.00967025756836
/agv2/capability_report,1788412795.1902192,1788412795.1818752,2,390764,0.08,0.08,1.0,1.0,2.0,2.0,1.0,0,False,11.64791202545166
/agv3/capability_report,1788412795.194473,1788412795.1898005,3,389879,0.08,0.08,1.0,1.0,2.0,2.0,1.0,0,False,11.75428581237793
/agv2/capability_report,1788412795.1973333,1788412795.189895,2,390765,0.08,0.08,1.0,1.0,2.0,2.0,1.0,0,False,11.64791202545166
/agv1/capability_report,1788412795.1988585,1788412795.198601,1,391214,0.08,0.08,1.0,1.0,2.0,2.0,1.0,0,False,11.00967025756836
/agv1/capability_report,1788412795.2066603,1788412795.2065642,1,391215,0.08,0.08,1.0,1.0,2.0,2.0,1.0,0,False,11.00967025756836
/agv3/capability_report,1788412795.206968,1788412795.2017741,3,389880,0.08,0.08,1.0,1.0,2.0,2.0,1.0,0,False,11.75428581237793
/agv2/capability_report,1788412795.212944,1788412795.2018385,2,390766,0.08,0.08,1.0,1.0,2.0,2.0,1.0,0,False,11.612454414367676
/agv3/capability_report,1788412795.2153585,1788412795.209908,3,389881,0.08,0.08,1.0,1.0,2.0,2.0,1.0,0,False,11.75428581237793
/agv2/capability_report,1788412795.2167618,1788412795.2098923,2,390767,0.08,0.08,1.0,1.0,2.0,2.0,1.0,0,False,11.612454414367676
/agv1/capability_report,1788412795.2186482,1788412795.2185674,1,391216,0.08,0.08,1.0,1.0,2.0,2.0,1.0,0,False,11.00967025756836
/agv3/capability_report,1788412795.2263167,1788412795.2217824,3,389882,0.08,0.08,1.0,1.0,2.0,2.0,1.0,0,False,11.75428581237793
/agv1/capability_report,1788412795.2267346,1788412795.2266488,1,391217,0.08,0.08,1.0,1.0,2.0,2.0,1.0,0,False,11.00967025756836
/agv2/capability_report,1788412795.2277,1788412795.2218747,2,390768,0.08,0.08,1.0,1.0,2.0,2.0,1.0,0,False,11.612454414367676
/agv3/capability_report,1788412795.2343137,1788412795.2297788,3,389883,0.08,0.08,1.0,1.0,2.0,2.0,1.0,0,False,11.75428581237793
/agv2/capability_report,1788412795.2371478,1788412795.2298717,2,390769,0.08,0.08,1.0,1.0,2.0,2.0,1.0,0,False,11.612454414367676
/agv1/capability_report,1788412795.2386456,1788412795.2385643,1,391218,0.08,0.08,1.0,1.0,2.0,2.0,1.0,0,False,11.00967025756836
/agv3/capability_report,1788412795.2464314,1788412795.2417784,3,389884,0.08,0.08,1.0,1.0,2.0,2.0,1.0,0,False,11.75428581237793
/agv1/capability_report,1788412795.246784,1788412795.2465847,1,391219,0.08,0.08,1.0,1.0,2.0,2.0,1.0,0,False,11.00967025756836
/agv2/capability_report,1788412795.2495496,1788412795.2418718,2,390770,0.08,0.08,1.0,1.0,2.0,2.0,1.0,0,False,11.612454414367676
/agv3/capability_report,1788412795.2543073,1788412795.2497828,3,389885,0.08,0.08,1.0,1.0,2.0,2.0,1.0,0,False,11.75428581237793
/agv2/capability_report,1788412795.258143,1788412795.2498705,2,390771,0.08,0.08,1.0,1.0,2.0,2.0,1.0,0,False,11.612454414367676
/agv1/capability_report,1788412795.2586243,1788412795.2585561,1,391220,0.08,0.08,1.0,1.0,2.0,2.0,1.0,0,False,11.00967025756836
/agv3/capability_report,1788412795.2664413,1788412795.2617798,3,389886,0.08,0.08,1.0,1.0,2.0,2.0,1.0,0,False,11.75428581237793
/agv1/capability_report,1788412795.2666655,1788412795.2665675,1,391221,0.08,0.08,1.0,1.0,2.0,2.0,1.0,0,False,11.00967025756836
/agv2/capability_report,1788412795.268226,1788412795.2618716,2,390772,0.08,0.08,1.0,1.0,2.0,2.0,1.0,0,False,11.612454414367676
/agv3/capability_report,1788412795.274463,1788412795.2697837,3,389887,0.08,0.08,1.0,1.0,2.0,2.0,1.0,0,False,11.75428581237793
/agv2/capability_report,1788412795.2759087,1788412795.2698781,2,390773,0.08,0.08,1.0,1.0,2.0,2.0,1.0,0,False,11.612454414367676
/agv1/capability_report,1788412795.2787793,1788412795.2786725,1,391222,0.08,0.08,1.0,1.0,2.0,2.0,1.0,0,False,11.00967025756836
/agv3/capability_report,1788412795.2863045,1788412795.2817729,3,389888,0.08,0.08,1.0,1.0,2.0,2.0,1.0,0,False,11.75428581237793
/agv1/capability_report,1788412795.2866678,1788412795.2865705,1,391223,0.08,0.08,1.0,1.0,2.0,2.0,1.0,0,False,11.00967025756836
/agv2/capability_report,1788412795.2882967,1788412795.2818735,2,390774,0.08,0.08,1.0,1.0,2.0,2.0,1.0,0,False,11.612454414367676
/agv3/capability_report,1788412795.2942932,1788412795.2897873,3,389889,0.08,0.08,1.0,1.0,2.0,2.0,1.0,0,False,11.75428581237793
/agv2/capability_report,1788412795.2972872,1788412795.289875,2,390775,0.08,0.08,1.0,1.0,2.0,2.0,1.0,0,False,11.612454414367676
/agv1/capability_report,1788412795.2987552,1788412795.2986023,1,391224,0.08,0.08,1.0,1.0,2.0,2.0,1.0,0,False,11.00967025756836
/agv1/capability_report,1788412795.3066723,1788412795.3065634,1,391225,0.08,0.08,1.0,1.0,2.0,2.0,1.0,0,False,11.00967025756836
/agv3/capability_report,1788412795.306802,1788412795.3018212,3,389890,0.08,0.08,1.0,1.0,2.0,2.0,1.0,0,False,11.75428581237793
/agv2/capability_report,1788412795.3080745,1788412795.3019207,2,390776,0.08,0.08,1.0,1.0,2.0,2.0,1.0,0,False,11.612454414367676
/agv3/capability_report,1788412795.3145096,1788412795.3097966,3,389891,0.08,0.08,1.0,1.0,2.0,2.0,1.0,0,False,11.75428581237793
/agv2/capability_report,1788412795.3159974,1788412795.3098738,2,390777,0.08,0.08,1.0,1.0,2.0,2.0,1.0,0,False,11.612454414367676
/agv1/capability_report,1788412795.3186872,1788412795.318598,1,391226,0.08,0.08,1.0,1.0,2.0,2.0,1.0,0,False,11.00967025756836
/agv3/capability_report,1788412795.3262997,1788412795.3217819,3,389892,0.08,0.08,1.0,1.0,2.0,2.0,1.0,0,False,11.656776428222656
/agv1/capability_report,1788412795.3266413,1788412795.3265576,1,391227,0.08,0.08,1.0,1.0,2.0,2.0,1.0,0,False,11.00967025756836
/agv2/capability_report,1788412795.328775,1788412795.3217769,2,390778,0.08,0.08,1.0,1.0,2.0,2.0,1.0,0,False,11.612454414367676
/agv3/capability_report,1788412795.3346472,1788412795.3297741,3,389893,0.08,0.08,1.0,1.0,2.0,2.0,1.0,0,False,11.656776428222656
/agv2/capability_report,1788412795.3354402,1788412795.3297899,2,390779,0.08,0.08,1.0,1.0,2.0,2.0,1.0,0,False,11.612454414367676
/agv1/capability_report,1788412795.3386753,1788412795.338573,1,391228,0.08,0.08,1.0,1.0,2.0,2.0,1.0,0,False,10.832381248474121
/agv2/capability_report,1788412795.3465607,1788412795.3418088,2,390780,0.08,0.08,1.0,1.0,2.0,2.0,1.0,0,False,11.612454414367676
/agv1/capability_report,1788412795.3466318,1788412795.3465629,1,391229,0.08,0.08,1.0,1.0,2.0,2.0,1.0,0,False,10.832381248474121
/agv3/capability_report,1788412795.3486838,1788412795.341795,3,389894,0.08,0.08,1.0,1.0,2.0,2.0,1.0,0,False,11.656776428222656
/agv3/capability_report,1788412795.3543644,1788412795.3497193,3,389895,0.08,0.08,1.0,1.0,2.0,2.0,1.0,0,False,11.656776428222656
/agv2/capability_report,1788412795.3566682,1788412795.3498213,2,390781,0.08,0.08,1.0,1.0,2.0,2.0,1.0,0,False,11.612454414367676
/agv1/capability_report,1788412795.3586836,1788412795.3585708,1,391230,0.08,0.08,1.0,1.0,2.0,2.0,1.0,0,False,10.832381248474121
/agv3/capability_report,1788412795.3665345,1788412795.3617728,3,389896,0.08,0.08,1.0,1.0,2.0,2.0,1.0,0,False,11.656776428222656
/agv1/capability_report,1788412795.3666382,1788412795.366555,1,391231,0.08,0.08,1.0,1.0,2.0,2.0,1.0,0,False,10.832381248474121
/agv2/capability_report,1788412795.367236,1788412795.3618705,2,390782,0.08,0.08,1.0,1.0,2.0,2.0,1.0,0,False,11.470623016357422
/agv3/capability_report,1788412795.3744473,1788412795.3697894,3,389897,0.08,0.08,1.0,1.0,2.0,2.0,1.0,0,False,11.656776428222656
/agv2/capability_report,1788412795.3756847,1788412795.369877,2,390783,0.08,0.08,1.0,1.0,2.0,2.0,1.0,0,False,11.470623016357422
/agv1/capability_report,1788412795.3786745,1788412795.378599,1,391232,0.08,0.08,1.0,1.0,2.0,2.0,1.0,0,False,10.832381248474121
/agv3/capability_report,1788412795.3865023,1788412795.3818023,3,389898,0.08,0.08,1.0,1.0,2.0,2.0,1.0,0,False,11.656776428222656
/agv1/capability_report,1788412795.3866801,1788412795.3865945,1,391233,0.08,0.08,1.0,1.0,2.0,2.0,1.0,0,False,10.832381248474121
/agv2/capability_report,1788412795.387818,1788412795.381836,2,390784,0.08,0.08,1.0,1.0,2.0,2.0,1.0,0,False,11.470623016357422
/agv3/capability_report,1788412795.3944414,1788412795.38979,3,389899,0.08,0.08,1.0,1.0,2.0,2.0,1.0,0,False,11.656776428222656
/agv2/capability_report,1788412795.3952327,1788412795.38983,2,390785,0.08,0.08,1.0,1.0,2.0,2.0,1.0,0,False,11.470623016357422
/agv1/capability_report,1788412795.3986964,1788412795.3985543,1,391234,0.08,0.08,1.0,1.0,2.0,2.0,1.0,0,False,10.832381248474121
/agv3/capability_report,1788412795.4062462,1788412795.4017935,3,389900,0.08,0.08,1.0,1.0,2.0,2.0,1.0,0,False,11.656776428222656
/agv1/capability_report,1788412795.4067628,1788412795.4065547,1,391235,0.08,0.08,1.0,1.0,2.0,2.0,1.0,0,False,10.832381248474121
/agv2/capability_report,1788412795.4077575,1788412795.4018683,2,390786,0.08,0.08,1.0,1.0,2.0,2.0,1.0,0,False,11.470623016357422
/agv3/capability_report,1788412795.4143565,1788412795.4098034,3,389901,0.08,0.08,1.0,1.0,2.0,2.0,1.0,0,False,11.656776428222656
/agv2/capability_report,1788412795.4165156,1788412795.4098728,2,390787,0.08,0.08,1.0,1.0,2.0,2.0,1.0,0,False,11.470623016357422
/agv1/capability_report,1788412795.4186757,1788412795.4185603,1,391236,0.08,0.08,1.0,1.0,2.0,2.0,1.0,0,False,10.832381248474121
/agv3/capability_report,1788412795.426505,1788412795.4217799,3,389902,0.08,0.08,1.0,1.0,2.0,2.0,1.0,0,False,11.656776428222656
/agv1/capability_report,1788412795.426663,1788412795.4265592,1,391237,0.08,0.08,1.0,1.0,2.0,2.0,1.0,0,False,10.832381248474121
/agv2/capability_report,1788412795.4288728,1788412795.4218762,2,390788,0.08,0.08,1.0,1.0,2.0,2.0,1.0,0,False,11.470623016357422
/agv3/capability_report,1788412795.4345005,1788412795.4297752,3,389903,0.08,0.08,1.0,1.0,2.0,2.0,1.0,0,False,11.656776428222656
/agv2/capability_report,1788412795.4359803,1788412795.4298706,2,390789,0.08,0.08,1.0,1.0,2.0,2.0,1.0,0,False,11.470623016357422
/agv1/capability_report,1788412795.4387078,1788412795.4385586,1,391238,0.08,0.08,1.0,1.0,2.0,2.0,1.0,0,False,10.832381248474121
/agv3/capability_report,1788412795.44635,1788412795.4417722,3,389904,0.08,0.08,1.0,1.0,2.0,2.0,1.0,0,False,11.656776428222656
/agv1/capability_report,1788412795.4466727,1788412795.4465604,1,391239,0.08,0.08,1.0,1.0,2.0,2.0,1.0,0,False,10.832381248474121
/agv2/capability_report,1788412795.4476175,1788412795.4418726,2,390790,0.08,0.08,1.0,1.0,2.0,2.0,1.0,0,False,11.470623016357422
/agv3/capability_report,1788412795.4545462,1788412795.449766,3,389905,0.08,0.08,1.0,1.0,2.0,2.0,1.0,0,False,11.656776428222656
/agv2/capability_report,1788412795.4555938,1788412795.4498692,2,390791,0.08,0.08,1.0,1.0,2.0,2.0,1.0,0,False,11.470623016357422
/agv1/capability_report,1788412795.4587538,1788412795.4585965,1,391240,0.08,0.08,1.0,1.0,2.0,2.0,1.0,0,False,10.832381248474121
/agv3/capability_report,1788412795.4662962,1788412795.4617968,3,389906,0.08,0.08,1.0,1.0,2.0,2.0,1.0,0,False,11.656776428222656
/agv1/capability_report,1788412795.4666839,1788412795.4665616,1,391241,0.08,0.08,1.0,1.0,2.0,2.0,1.0,0,False,10.832381248474121
/agv2/capability_report,1788412795.467805,1788412795.4618683,2,390792,0.08,0.08,1.0,1.0,2.0,2.0,1.0,0,False,11.470623016357422
/agv3/capability_report,1788412795.474858,1788412795.4697733,3,389907,0.08,0.08,1.0,1.0,2.0,2.0,1.0,0,False,11.656776428222656
/agv2/capability_report,1788412795.4763474,1788412795.4698768,2,390793,0.08,0.08,1.0,1.0,2.0,2.0,1.0,0,False,11.470623016357422
/agv1/capability_report,1788412795.478798,1788412795.478598,1,391242,0.08,0.08,1.0,1.0,2.0,2.0,1.0,0,False,10.832381248474121
/agv3/capability_report,1788412795.4865565,1788412795.4817667,3,389908,0.08,0.08,1.0,1.0,2.0,2.0,1.0,0,False,11.807472229003906
/agv1/capability_report,1788412795.4866736,1788412795.4865608,1,391243,0.08,0.08,1.0,1.0,2.0,2.0,1.0,0,False,10.832381248474121
/agv2/capability_report,1788412795.4881334,1788412795.481873,2,390794,0.08,0.08,1.0,1.0,2.0,2.0,1.0,0,False,11.470623016357422
/agv3/capability_report,1788412795.4944806,1788412795.489773,3,389909,0.08,0.08,1.0,1.0,2.0,2.0,1.0,0,False,11.807472229003906
/agv2/capability_report,1788412795.4966195,1788412795.489873,2,390795,0.08,0.08,1.0,1.0,2.0,2.0,1.0,0,False,11.470623016357422
/agv1/capability_report,1788412795.4987507,1788412795.4986129,1,391244,0.08,0.08,1.0,1.0,2.0,2.0,1.0,0,False,11.222417831420898
/agv1/capability_report,1788412795.506627,1788412795.5065515,1,391245,0.08,0.08,1.0,1.0,2.0,2.0,1.0,0,False,11.222417831420898
/agv3/capability_report,1788412795.5076008,1788412795.5017536,3,389910,0.08,0.08,1.0,1.0,2.0,2.0,1.0,0,False,11.807472229003906
/agv2/capability_report,1788412795.5076756,1788412795.501869,2,390796,0.08,0.08,1.0,1.0,2.0,2.0,1.0,0,False,11.470623016357422
/agv3/capability_report,1788412795.5143375,1788412795.5098019,3,389911,0.08,0.08,1.0,1.0,2.0,2.0,1.0,0,False,11.807472229003906
/agv2/capability_report,1788412795.5153556,1788412795.509837,2,390797,0.08,0.08,1.0,1.0,2.0,2.0,1.0,0,False,11.470623016357422
/agv1/capability_report,1788412795.5187998,1788412795.5186083,1,391246,0.08,0.08,1.0,1.0,2.0,2.0,1.0,0,False,11.222417831420898
/agv3/capability_report,1788412795.526291,1788412795.521762,3,389912,0.08,0.08,1.0,1.0,2.0,2.0,1.0,0,False,11.807472229003906
/agv1/capability_report,1788412795.5267289,1788412795.526557,1,391247,0.08,0.08,1.0,1.0,2.0,2.0,1.0,0,False,11.222417831420898
/agv2/capability_report,1788412795.5279214,1788412795.5218728,2,390798,0.08,0.08,1.0,1.0,2.0,2.0,1.0,0,False,11.621318817138672
/agv3/capability_report,1788412795.534496,1788412795.5297856,3,389913,0.08,0.08,1.0,1.0,2.0,2.0,1.0,0,False,11.807472229003906
/agv2/capability_report,1788412795.5355432,1788412795.5299222,2,390799,0.08,0.08,1.0,1.0,2.0,2.0,1.0,0,False,11.621318817138672
/agv1/capability_report,1788412795.5386956,1788412795.538558,1,391248,0.08,0.08,1.0,1.0,2.0,2.0,1.0,0,False,11.222417831420898
/agv3/capability_report,1788412795.5464137,1788412795.5418034,3,389914,0.08,0.08,1.0,1.0,2.0,2.0,1.0,0,False,11.807472229003906
/agv1/capability_report,1788412795.5466492,1788412795.546564,1,391249,0.08,0.08,1.0,1.0,2.0,2.0,1.0,0,False,11.222417831420898
/agv2/capability_report,1788412795.5473647,1788412795.5418775,2,390800,0.08,0.08,1.0,1.0,2.0,2.0,1.0,0,False,11.621318817138672
/agv3/capability_report,1788412795.554496,1788412795.5497954,3,389915,0.08,0.08,1.0,1.0,2.0,2.0,1.0,0,False,11.807472229003906
/agv1/capability_report,1788412795.558794,1788412795.558604,1,391250,0.08,0.08,1.0,1.0,2.0,2.0,1.0,0,False,11.222417831420898
/agv2/capability_report,1788412795.558816,1788412795.549874,2,390801,0.08,0.08,1.0,1.0,2.0,2.0,1.0,0,False,11.621318817138672
/agv1/capability_report,1788412795.5666678,1788412795.5665948,1,391251,0.08,0.08,1.0,1.0,2.0,2.0,1.0,0,False,11.222417831420898
/agv3/capability_report,1788412795.5666804,1788412795.561778,3,389916,0.08,0.08,1.0,1.0,2.0,2.0,1.0,0,False,11.807472229003906
/agv2/capability_report,1788412795.5678117,1788412795.5618615,2,390802,0.08,0.08,1.0,1.0,2.0,2.0,1.0,0,False,11.621318817138672
/agv3/capability_report,1788412795.5785453,1788412795.5697954,3,389917,0.08,0.08,1.0,1.0,2.0,2.0,1.0,0,False,11.807472229003906
/agv1/capability_report,1788412795.5786898,1788412795.5786066,1,391252,0.08,0.08,1.0,1.0,2.0,2.0,1.0,0,False,11.222417831420898
/agv2/capability_report,1788412795.5793207,1788412795.569863,2,390803,0.08,0.08,1.0,1.0,2.0,2.0,1.0,0,False,11.621318817138672
/agv3/capability_report,1788412795.586393,1788412795.5817807,3,389918,0.08,0.08,1.0,1.0,2.0,2.0,1.0,0,False,11.807472229003906
/agv1/capability_report,1788412795.5866823,1788412795.5865688,1,391253,0.08,0.08,1.0,1.0,2.0,2.0,1.0,0,False,11.222417831420898
/agv2/capability_report,1788412795.5872743,1788412795.5818639,2,390804,0.08,0.08,1.0,1.0,2.0,2.0,1.0,0,False,11.621318817138672
/agv3/capability_report,1788412795.5945015,1788412795.589828,3,389919,0.08,0.08,1.0,1.0,2.0,2.0,1.0,0,False,11.807472229003906
/agv2/capability_report,1788412795.5959253,1788412795.589871,2,390805,0.08,0.08,1.0,1.0,2.0,2.0,1.0,0,False,11.621318817138672
/agv1/capability_report,1788412795.598753,1788412795.5986605,1,391254,0.08,0.08,1.0,1.0,2.0,2.0,1.0,0,False,11.222417831420898
/agv3/capability_report,1788412795.6062682,1788412795.6017597,3,389920,0.08,0.08,1.0,1.0,2.0,2.0,1.0,0,False,11.807472229003906
/agv1/capability_report,1788412795.6066654,1788412795.6065736,1,391255,0.08,0.08,1.0,1.0,2.0,2.0,1.0,0,False,11.222417831420898
/agv2/capability_report,1788412795.6093974,1788412795.601876,2,390806,0.08,0.08,1.0,1.0,2.0,2.0,1.0,0,False,11.621318817138672
/agv3/capability_report,1788412795.6143389,1788412795.609799,3,389921,0.08,0.08,1.0,1.0,2.0,2.0,1.0,0,False,11.807472229003906
/agv2/capability_report,1788412795.6155472,1788412795.609872,2,390807,0.08,0.08,1.0,1.0,2.0,2.0,1.0,0,False,11.621318817138672
/agv1/capability_report,1788412795.6187494,1788412795.6185687,1,391256,0.08,0.08,1.0,1.0,2.0,2.0,1.0,0,False,11.222417831420898
/agv1/capability_report,1788412795.6267188,1788412795.6265936,1,391257,0.08,0.08,1.0,1.0,2.0,2.0,1.0,0,False,11.222417831420898
/agv2/capability_report,1788412795.6269808,1788412795.6219175,2,390808,0.08,0.08,1.0,1.0,2.0,2.0,1.0,0,False,11.621318817138672
/agv3/capability_report,1788412795.6269917,1788412795.6217725,3,389922,0.08,0.08,1.0,1.0,2.0,2.0,1.0,0,False,11.807472229003906
/agv3/capability_report,1788412795.6344364,1788412795.6297781,3,389923,0.08,0.08,1.0,1.0,2.0,2.0,1.0,0,False,11.807472229003906
/agv2/capability_report,1788412795.6355202,1788412795.629868,2,390809,0.08,0.08,1.0,1.0,2.0,2.0,1.0,0,False,11.621318817138672
/agv1/capability_report,1788412795.6388097,1788412795.63862,1,391258,0.08,0.08,1.0,1.0,2.0,2.0,1.0,0,False,11.222417831420898
/agv3/capability_report,1788412795.6463008,1788412795.6417637,3,389924,0.08,0.08,1.0,1.0,2.0,2.0,1.0,0,False,11.75428581237793
/agv1/capability_report,1788412795.6466126,1788412795.6465647,1,391259,0.08,0.08,1.0,1.0,2.0,2.0,1.0,0,False,11.222417831420898
/agv2/capability_report,1788412795.6474133,1788412795.6419091,2,390810,0.08,0.08,1.0,1.0,2.0,2.0,1.0,0,False,11.621318817138672
/agv3/capability_report,1788412795.654439,1788412795.6497614,3,389925,0.08,0.08,1.0,1.0,2.0,2.0,1.0,0,False,11.75428581237793
/agv2/capability_report,1788412795.6560018,1788412795.6498308,2,390811,0.08,0.08,1.0,1.0,2.0,2.0,1.0,0,False,11.621318817138672
/agv1/capability_report,1788412795.6588151,1788412795.6585858,1,391260,0.08,0.08,1.0,1.0,2.0,2.0,1.0,0,False,10.974212646484375
/agv3/capability_report,1788412795.6664283,1788412795.6617882,3,389926,0.08,0.08,1.0,1.0,2.0,2.0,1.0,0,False,11.75428581237793
/agv1/capability_report,1788412795.6668127,1788412795.66662,1,391261,0.08,0.08,1.0,1.0,2.0,2.0,1.0,0,False,10.974212646484375
/agv2/capability_report,1788412795.6680183,1788412795.661875,2,390812,0.08,0.08,1.0,1.0,2.0,2.0,1.0,0,False,11.621318817138672
/agv3/capability_report,1788412795.6743205,1788412795.6697774,3,389927,0.08,0.08,1.0,1.0,2.0,2.0,1.0,0,False,11.75428581237793
/agv2/capability_report,1788412795.675618,1788412795.669876,2,390813,0.08,0.08,1.0,1.0,2.0,2.0,1.0,0,False,11.576996803283691
/agv1/capability_report,1788412795.678737,1788412795.6786,1,391262,0.08,0.08,1.0,1.0,2.0,2.0,1.0,0,False,10.974212646484375
/agv1/capability_report,1788412795.6866152,1788412795.6865654,1,391263,0.08,0.08,1.0,1.0,2.0,2.0,1.0,0,False,10.974212646484375
/agv2/capability_report,1788412795.688188,1788412795.681871,2,390814,0.08,0.08,1.0,1.0,2.0,2.0,1.0,0,False,11.576996803283691
/agv3/capability_report,1788412795.68822,1788412795.6817703,3,389928,0.08,0.08,1.0,1.0,2.0,2.0,1.0,0,False,11.75428581237793
/agv3/capability_report,1788412795.6944005,1788412795.6897917,3,389929,0.08,0.08,1.0,1.0,2.0,2.0,1.0,0,False,11.75428581237793
/agv2/capability_report,1788412795.6952803,1788412795.6898656,2,390815,0.08,0.08,1.0,1.0,2.0,2.0,1.0,0,False,11.576996803283691
/agv1/capability_report,1788412795.6987906,1788412795.6986008,1,391264,0.08,0.08,1.0,1.0,2.0,2.0,1.0,0,False,10.974212646484375
/agv3/capability_report,1788412795.7065246,1788412795.701793,3,389930,0.08,0.08,1.0,1.0,2.0,2.0,1.0,0,False,11.75428581237793
/agv1/capability_report,1788412795.7066793,1788412795.706563,1,391265,0.08,0.08,1.0,1.0,2.0,2.0,1.0,0,False,10.974212646484375
/agv2/capability_report,1788412795.7074637,1788412795.7018704,2,390816,0.08,0.08,1.0,1.0,2.0,2.0,1.0,0,False,11.576996803283691
/agv2/capability_report,1788412795.7173917,1788412795.7098696,2,390817,0.08,0.08,1.0,1.0,2.0,2.0,1.0,0,False,11.576996803283691
/agv3/capability_report,1788412795.7174542,1788412795.7097995,3,389931,0.08,0.08,1.0,1.0,2.0,2.0,1.0,0,False,11.75428581237793
/agv1/capability_report,1788412795.718843,1788412795.7186046,1,391266,0.08,0.08,1.0,1.0,2.0,2.0,1.0,0,False,10.974212646484375
/agv3/capability_report,1788412795.7264771,1788412795.7217767,3,389932,0.08,0.08,1.0,1.0,2.0,2.0,1.0,0,False,11.75428581237793
/agv1/capability_report,1788412795.7266304,1788412795.726554,1,391267,0.08,0.08,1.0,1.0,2.0,2.0,1.0,0,False,10.974212646484375
/agv2/capability_report,1788412795.7275054,1788412795.7218719,2,390818,0.08,0.08,1.0,1.0,2.0,2.0,1.0,0,False,11.576996803283691
/agv3/capability_report,1788412795.7344987,1788412795.7297628,3,389933,0.08,0.08,1.0,1.0,2.0,2.0,1.0,0,False,11.75428581237793
/agv2/capability_report,1788412795.736561,1788412795.7298756,2,390819,0.08,0.08,1.0,1.0,2.0,2.0,1.0,0,False,11.576996803283691
/agv1/capability_report,1788412795.7388356,1788412795.7386045,1,391268,0.08,0.08,1.0,1.0,2.0,2.0,1.0,0,False,10.974212646484375
/agv3/capability_report,1788412795.7466285,1788412795.7417746,3,389934,0.08,0.08,1.0,1.0,2.0,2.0,1.0,0,False,11.75428581237793
/agv1/capability_report,1788412795.746654,1788412795.7465558,1,391269,0.08,0.08,1.0,1.0,2.0,2.0,1.0,0,False,10.974212646484375
/agv2/capability_report,1788412795.7474518,1788412795.741872,2,390820,0.08,0.08,1.0,1.0,2.0,2.0,1.0,0,False,11.576996803283691
/agv3/capability_report,1788412795.754514,1788412795.7497644,3,389935,0.08,0.08,1.0,1.0,2.0,2.0,1.0,0,False,11.75428581237793
/agv2/capability_report,1788412795.7555044,1788412795.7498746,2,390821,0.08,0.08,1.0,1.0,2.0,2.0,1.0,0,False,11.576996803283691
/agv1/capability_report,1788412795.7587278,1788412795.7586036,1,391270,0.08,0.08,1.0,1.0,2.0,2.0,1.0,0,False,10.974212646484375
/agv3/capability_report,1788412795.7663734,1788412795.7617826,3,389936,0.08,0.08,1.0,1.0,2.0,2.0,1.0,0,False,11.75428581237793
/agv1/capability_report,1788412795.7666035,1788412795.766562,1,391271,0.08,0.08,1.0,1.0,2.0,2.0,1.0,0,False,10.974212646484375
/agv2/capability_report,1788412795.7681324,1788412795.7618597,2,390822,0.08,0.08,1.0,1.0,2.0,2.0,1.0,0,False,11.576996803283691
/agv3/capability_report,1788412795.7744296,1788412795.7697897,3,389937,0.08,0.08,1.0,1.0,2.0,2.0,1.0,0,False,11.75428581237793
/agv2/capability_report,1788412795.77557,1788412795.7698793,2,390823,0.08,0.08,1.0,1.0,2.0,2.0,1.0,0,False,11.576996803283691
/agv1/capability_report,1788412795.778659,1788412795.7785923,1,391272,0.08,0.08,1.0,1.0,2.0,2.0,1.0,0,False,10.974212646484375
/agv3/capability_report,1788412795.7864106,1788412795.7817752,3,389938,0.08,0.08,1.0,1.0,2.0,2.0,1.0,0,False,11.75428581237793
/agv1/capability_report,1788412795.786596,1788412795.7865539,1,391273,0.08,0.08,1.0,1.0,2.0,2.0,1.0,0,False,10.974212646484375
/agv2/capability_report,1788412795.787247,1788412795.7818813,2,390824,0.08,0.08,1.0,1.0,2.0,2.0,1.0,0,False,11.576996803283691
/agv3/capability_report,1788412795.7944496,1788412795.7897775,3,389939,0.08,0.08,1.0,1.0,2.0,2.0,1.0,0,False,11.75428581237793
/agv2/capability_report,1788412795.7973943,1788412795.7898712,2,390825,0.08,0.08,1.0,1.0,2.0,2.0,1.0,0,False,11.576996803283691
/agv1/capability_report,1788412795.798811,1788412795.7986042,1,391274,0.08,0.08,1.0,1.0,2.0,2.0,1.0,0,False,10.974212646484375
/agv3/capability_report,1788412795.8064816,1788412795.8017914,3,389940,0.08,0.08,1.0,1.0,2.0,2.0,1.0,0,False,11.656776428222656
/agv1/capability_report,1788412795.8066432,1788412795.8065617,1,391275,0.08,0.08,1.0,1.0,2.0,2.0,1.0,0,False,10.974212646484375
/agv2/capability_report,1788412795.8094194,1788412795.8018565,2,390826,0.08,0.08,1.0,1.0,2.0,2.0,1.0,0,False,11.576996803283691
/agv2/capability_report,1788412795.8176615,1788412795.8098903,2,390827,0.08,0.08,1.0,1.0,2.0,2.0,1.0,0,False,11.576996803283691
/agv3/capability_report,1788412795.817728,1788412795.8097966,3,389941,0.08,0.08,1.0,1.0,2.0,2.0,1.0,0,False,11.656776428222656
/agv1/capability_report,1788412795.8186808,1788412795.818596,1,391276,0.08,0.08,1.0,1.0,2.0,2.0,1.0,0,False,10.90329647064209
/agv3/capability_report,1788412795.8263705,1788412795.8217623,3,389942,0.08,0.08,1.0,1.0,2.0,2.0,1.0,0,False,11.656776428222656
/agv1/capability_report,1788412795.8266103,1788412795.8265634,1,391277,0.08,0.08,1.0,1.0,2.0,2.0,1.0,0,False,10.90329647064209
/agv2/capability_report,1788412795.8275988,1788412795.821875,2,390828,0.08,0.08,1.0,1.0,2.0,2.0,1.0,0,False,11.576996803283691
/agv3/capability_report,1788412795.8345687,1788412795.8297791,3,389943,0.08,0.08,1.0,1.0,2.0,2.0,1.0,0,False,11.656776428222656
/agv2/capability_report,1788412795.8382974,1788412795.829892,2,390829,0.08,0.08,1.0,1.0,2.0,2.0,1.0,0,False,11.665640830993652
/agv1/capability_report,1788412795.838603,1788412795.8385544,1,391278,0.08,0.08,1.0,1.0,2.0,2.0,1.0,0,False,10.90329647064209
/agv3/capability_report,1788412795.8463748,1788412795.8418207,3,389944,0.08,0.08,1.0,1.0,2.0,2.0,1.0,0,False,11.656776428222656
/agv1/capability_report,1788412795.8466403,1788412795.8465564,1,391279,0.08,0.08,1.0,1.0,2.0,2.0,1.0,0,False,10.90329647064209
/agv2/capability_report,1788412795.8475504,1788412795.8418458,2,390830,0.08,0.08,1.0,1.0,2.0,2.0,1.0,0,False,11.665640830993652
/agv3/capability_report,1788412795.8547788,1788412795.8497634,3,389945,0.08,0.08,1.0,1.0,2.0,2.0,1.0,0,False,11.656776428222656
/agv2/capability_report,1788412795.856717,1788412795.8498604,2,390831,0.08,0.08,1.0,1.0,2.0,2.0,1.0,0,False,11.665640830993652
/agv1/capability_report,1788412795.8586733,1788412795.8585563,1,391280,0.08,0.08,1.0,1.0,2.0,2.0,1.0,0,False,10.90329647064209
/agv1/capability_report,1788412795.8666947,1788412795.8665864,1,391281,0.08,0.08,1.0,1.0,2.0,2.0,1.0,0,False,10.90329647064209
/agv2/capability_report,1788412795.866847,1788412795.8618758,2,390832,0.08,0.08,1.0,1.0,2.0,2.0,1.0,0,False,11.665640830993652
/agv3/capability_report,1788412795.8681448,1788412795.8617918,3,389946,0.08,0.08,1.0,1.0,2.0,2.0,1.0,0,False,11.656776428222656
/agv2/capability_report,1788412795.8753974,1788412795.8698916,2,390833,0.08,0.08,1.0,1.0,2.0,2.0,1.0,0,False,11.665640830993652
/agv3/capability_report,1788412795.8754542,1788412795.8697731,3,389947,0.08,0.08,1.0,1.0,2.0,2.0,1.0,0,False,11.656776428222656
/agv1/capability_report,1788412795.8786838,1788412795.8785572,1,391282,0.08,0.08,1.0,1.0,2.0,2.0,1.0,0,False,10.90329647064209
/agv3/capability_report,1788412795.8863413,1788412795.881778,3,389948,0.08,0.08,1.0,1.0,2.0,2.0,1.0,0,False,11.656776428222656
/agv1/capability_report,1788412795.88659,1788412795.8865533,1,391283,0.08,0.08,1.0,1.0,2.0,2.0,1.0,0,False,10.90329647064209
/agv2/capability_report,1788412795.887834,1788412795.8818889,2,390834,0.08,0.08,1.0,1.0,2.0,2.0,1.0,0,False,11.665640830993652
/agv3/capability_report,1788412795.8943849,1788412795.8897936,3,389949,0.08,0.08,1.0,1.0,2.0,2.0,1.0,0,False,11.656776428222656
/agv2/capability_report,1788412795.896849,1788412795.8898735,2,390835,0.08,0.08,1.0,1.0,2.0,2.0,1.0,0,False,11.665640830993652
/agv1/capability_report,1788412795.898636,1788412795.898556,1,391284,0.08,0.08,1.0,1.0,2.0,2.0,1.0,0,False,10.90329647064209
/agv3/capability_report,1788412795.906299,1788412795.9017968,3,389950,0.08,0.08,1.0,1.0,2.0,2.0,1.0,0,False,11.656776428222656
/agv1/capability_report,1788412795.9066262,1788412795.906562,1,391285,0.08,0.08,1.0,1.0,2.0,2.0,1.0,0,False,10.90329647064209
/agv2/capability_report,1788412795.9073458,1788412795.9018807,2,390836,0.08,0.08,1.0,1.0,2.0,2.0,1.0,0,False,11.665640830993652
/agv3/capability_report,1788412795.9144876,1788412795.9097962,3,389951,0.08,0.08,1.0,1.0,2.0,2.0,1.0,0,False,11.656776428222656
/agv2/capability_report,1788412795.915851,1788412795.9098744,2,390837,0.08,0.08,1.0,1.0,2.0,2.0,1.0,0,False,11.665640830993652
/agv1/capability_report,1788412795.91865,1788412795.9185581,1,391286,0.08,0.08,1.0,1.0,2.0,2.0,1.0,0,False,10.90329647064209
/agv3/capability_report,1788412795.9263399,1788412795.9217756,3,389952,0.08,0.08,1.0,1.0,2.0,2.0,1.0,0,False,11.656776428222656
/agv1/capability_report,1788412795.9266117,1788412795.9265552,1,391287,0.08,0.08,1.0,1.0,2.0,2.0,1.0,0,False,10.90329647064209
/agv2/capability_report,1788412795.9280555,1788412795.9219155,2,390838,0.08,0.08,1.0,1.0,2.0,2.0,1.0,0,False,11.665640830993652
/agv3/capability_report,1788412795.934547,1788412795.9297802,3,389953,0.08,0.08,1.0,1.0,2.0,2.0,1.0,0,False,11.656776428222656
/agv2/capability_report,1788412795.9363627,1788412795.929861,2,390839,0.08,0.08,1.0,1.0,2.0,2.0,1.0,0,False,11.665640830993652
/agv1/capability_report,1788412795.9387171,1788412795.9385576,1,391288,0.08,0.08,1.0,1.0,2.0,2.0,1.0,0,False,10.90329647064209
/agv3/capability_report,1788412795.946363,1788412795.9417725,3,389954,0.08,0.08,1.0,1.0,2.0,2.0,1.0,0,False,11.656776428222656
/agv1/capability_report,1788412795.946644,1788412795.9465563,1,391289,0.08,0.08,1.0,1.0,2.0,2.0,1.0,0,False,10.90329647064209
/agv2/capability_report,1788412795.9469182,1788412795.9418762,2,390840,0.08,0.08,1.0,1.0,2.0,2.0,1.0,0,False,11.665640830993652
/agv3/capability_report,1788412795.9544203,1788412795.9497964,3,389955,0.08,0.08,1.0,1.0,2.0,2.0,1.0,0,False,11.656776428222656
/agv2/capability_report,1788412795.9556184,1788412795.9498746,2,390841,0.08,0.08,1.0,1.0,2.0,2.0,1.0,0,False,11.665640830993652
/agv1/capability_report,1788412795.9587796,1788412795.958593,1,391290,0.08,0.08,1.0,1.0,2.0,2.0,1.0,0,False,10.90329647064209
/agv3/capability_report,1788412795.966525,1788412795.961762,3,389956,0.08,0.08,1.0,1.0,2.0,2.0,1.0,0,False,11.807472229003906
/agv1/capability_report,1788412795.9666889,1788412795.9665685,1,391291,0.08,0.08,1.0,1.0,2.0,2.0,1.0,0,False,10.90329647064209
/agv2/capability_report,1788412795.9688456,1788412795.9618611,2,390842,0.08,0.08,1.0,1.0,2.0,2.0,1.0,0,False,11.665640830993652
/agv3/capability_report,1788412795.9743142,1788412795.9697978,3,389957,0.08,0.08,1.0,1.0,2.0,2.0,1.0,0,False,11.807472229003906
/agv2/capability_report,1788412795.97584,1788412795.9698732,2,390843,0.08,0.08,1.0,1.0,2.0,2.0,1.0,0,False,11.665640830993652
/agv1/capability_report,1788412795.9787402,1788412795.9785924,1,391292,0.08,0.08,1.0,1.0,2.0,2.0,1.0,0,False,10.761465072631836
/agv3/capability_report,1788412795.9865706,1788412795.9817774,3,389958,0.08,0.08,1.0,1.0,2.0,2.0,1.0,0,False,11.807472229003906
/agv1/capability_report,1788412795.9866362,1788412795.9865568,1,391293,0.08,0.08,1.0,1.0,2.0,2.0,1.0,0,False,10.761465072631836
/agv2/capability_report,1788412795.9869697,1788412795.9818733,2,390844,0.08,0.08,1.0,1.0,2.0,2.0,1.0,0,False,11.665640830993652
/agv3/capability_report,1788412795.9944837,1788412795.9897797,3,389959,0.08,0.08,1.0,1.0,2.0,2.0,1.0,0,False,11.807472229003906
/agv2/capability_report,1788412795.9954472,1788412795.9898822,2,390845,0.08,0.08,1.0,1.0,2.0,2.0,1.0,0,False,11.69223403930664
/agv1/capability_report,1788412795.9986787,1788412795.9985938,1,391294,0.08,0.08,1.0,1.0,2.0,2.0,1.0,0,False,10.761465072631836
/agv3/capability_report,1788412796.0065494,1788412796.0017748,3,389960,0.08,0.08,1.0,1.0,2.0,2.0,1.0,0,False,11.807472229003906
/agv1/capability_report,1788412796.0066779,1788412796.0065596,1,391295,0.08,0.08,1.0,1.0,2.0,2.0,1.0,0,False,10.761465072631836
/agv2/capability_report,1788412796.0078049,1788412796.0018764,2,390846,0.08,0.08,1.0,1.0,2.0,2.0,1.0,0,False,11.69223403930664
/agv3/capability_report,1788412796.0144951,1788412796.0097778,3,389961,0.08,0.08,1.0,1.0,2.0,2.0,1.0,0,False,11.807472229003906
/agv2/capability_report,1788412796.0173085,1788412796.0098636,2,390847,0.08,0.08,1.0,1.0,2.0,2.0,1.0,0,False,11.69223403930664
/agv1/capability_report,1788412796.0187378,1788412796.018587,1,391296,0.08,0.08,1.0,1.0,2.0,2.0,1.0,0,False,10.761465072631836
/agv3/capability_report,1788412796.0264387,1788412796.0218446,3,389962,0.08,0.08,1.0,1.0,2.0,2.0,1.0,0,False,11.807472229003906
/agv1/capability_report,1788412796.026669,1788412796.026562,1,391297,0.08,0.08,1.0,1.0,2.0,2.0,1.0,0,False,10.761465072631836
/agv2/capability_report,1788412796.0269334,1788412796.0218759,2,390848,0.08,0.08,1.0,1.0,2.0,2.0,1.0,0,False,11.69223403930664
/agv2/capability_report,1788412796.036536,1788412796.0298836,2,390849,0.08,0.08,1.0,1.0,2.0,2.0,1.0,0,False,11.69223403930664
/agv3/capability_report,1788412796.036557,1788412796.0297801,3,389963,0.08,0.08,1.0,1.0,2.0,2.0,1.0,0,False,11.807472229003906
/agv1/capability_report,1788412796.03875,1788412796.0385969,1,391298,0.08,0.08,1.0,1.0,2.0,2.0,1.0,0,False,10.761465072631836
/agv3/capability_report,1788412796.0462945,1788412796.0418012,3,389964,0.08,0.08,1.0,1.0,2.0,2.0,1.0,0,False,11.807472229003906
/agv1/capability_report,1788412796.0466516,1788412796.0465636,1,391299,0.08,0.08,1.0,1.0,2.0,2.0,1.0,0,False,10.761465072631836
/agv2/capability_report,1788412796.050334,1788412796.0418694,2,390850,0.08,0.08,1.0,1.0,2.0,2.0,1.0,0,False,11.69223403930664
/agv3/capability_report,1788412796.055139,1788412796.0498,3,389965,0.08,0.08,1.0,1.0,2.0,2.0,1.0,0,False,11.807472229003906
/agv2/capability_report,1788412796.0571764,1788412796.049863,2,390851,0.08,0.08,1.0,1.0,2.0,2.0,1.0,0,False,11.69223403930664
/agv1/capability_report,1788412796.058743,1788412796.0586026,1,391300,0.08,0.08,1.0,1.0,2.0,2.0,1.0,0,False,10.761465072631836
/agv3/capability_report,1788412796.066504,1788412796.0617702,3,389966,0.08,0.08,1.0,1.0,2.0,2.0,1.0,0,False,11.807472229003906
/agv1/capability_report,1788412796.0666344,1788412796.0665622,1,391301,0.08,0.08,1.0,1.0,2.0,2.0,1.0,0,False,10.761465072631836
/agv2/capability_report,1788412796.067986,1788412796.0618675,2,390852,0.08,0.08,1.0,1.0,2.0,2.0,1.0,0,False,11.69223403930664
/agv3/capability_report,1788412796.0751119,1788412796.0697825,3,389967,0.08,0.08,1.0,1.0,2.0,2.0,1.0,0,False,11.807472229003906
/agv2/capability_report,1788412796.0777595,1788412796.069861,2,390853,0.08,0.08,1.0,1.0,2.0,2.0,1.0,0,False,11.69223403930664
/agv1/capability_report,1788412796.0788052,1788412796.0786343,1,391302,0.08,0.08,1.0,1.0,2.0,2.0,1.0,0,False,10.761465072631836
/agv1/capability_report,1788412796.0867798,1788412796.0865731,1,391303,0.08,0.08,1.0,1.0,2.0,2.0,1.0,0,False,10.761465072631836
/agv3/capability_report,1788412796.0879722,1788412796.0817723,3,389968,0.08,0.08,1.0,1.0,2.0,2.0,1.0,0,False,11.807472229003906
/agv2/capability_report,1788412796.089855,1788412796.0818968,2,390854,0.08,0.08,1.0,1.0,2.0,2.0,1.0,0,False,11.69223403930664
/agv3/capability_report,1788412796.0948174,1788412796.089797,3,389969,0.08,0.08,1.0,1.0,2.0,2.0,1.0,0,False,11.807472229003906
/agv2/capability_report,1788412796.0961988,1788412796.0898607,2,390855,0.08,0.08,1.0,1.0,2.0,2.0,1.0,0,False,11.69223403930664
/agv1/capability_report,1788412796.098744,1788412796.098583,1,391304,0.08,0.08,1.0,1.0,2.0,2.0,1.0,0,False,10.761465072631836
/agv3/capability_report,1788412796.1063888,1788412796.1017802,3,389970,0.08,0.08,1.0,1.0,2.0,2.0,1.0,0,False,11.807472229003906
/agv1/capability_report,1788412796.1066873,1788412796.1065645,1,391305,0.08,0.08,1.0,1.0,2.0,2.0,1.0,0,False,10.761465072631836
/agv2/capability_report,1788412796.1073408,1788412796.1018744,2,390856,0.08,0.08,1.0,1.0,2.0,2.0,1.0,0,False,11.69223403930664
/agv3/capability_report,1788412796.1151028,1788412796.1097755,3,389971,0.08,0.08,1.0,1.0,2.0,2.0,1.0,0,False,11.807472229003906
/agv2/capability_report,1788412796.115792,1788412796.1098838,2,390857,0.08,0.08,1.0,1.0,2.0,2.0,1.0,0,False,11.69223403930664
/agv1/capability_report,1788412796.118721,1788412796.1186392,1,391306,0.08,0.08,1.0,1.0,2.0,2.0,1.0,0,False,10.761465072631836
/agv3/capability_report,1788412796.1263945,1788412796.1217399,3,389972,0.08,0.08,1.0,1.0,2.0,2.0,1.0,0,False,11.763150215148926
/agv1/capability_report,1788412796.1267009,1788412796.1265805,1,391307,0.08,0.08,1.0,1.0,2.0,2.0,1.0,0,False,10.761465072631836
/agv2/capability_report,1788412796.1275396,1788412796.1218767,2,390858,0.08,0.08,1.0,1.0,2.0,2.0,1.0,0,False,11.69223403930664
/agv3/capability_report,1788412796.1344876,1788412796.1297777,3,389973,0.08,0.08,1.0,1.0,2.0,2.0,1.0,0,False,11.763150215148926
/agv2/capability_report,1788412796.1384866,1788412796.1298566,2,390859,0.08,0.08,1.0,1.0,2.0,2.0,1.0,0,False,11.69223403930664
/agv1/capability_report,1788412796.138641,1788412796.138578,1,391308,0.08,0.08,1.0,1.0,2.0,2.0,1.0,0,False,11.444029808044434
/agv3/capability_report,1788412796.1465237,1788412796.1417766,3,389974,0.08,0.08,1.0,1.0,2.0,2.0,1.0,0,False,11.763150215148926
/agv1/capability_report,1788412796.146687,1788412796.146575,1,391309,0.08,0.08,1.0,1.0,2.0,2.0,1.0,0,False,11.444029808044434
/agv2/capability_report,1788412796.1475794,1788412796.1418912,2,390860,0.08,0.08,1.0,1.0,2.0,2.0,1.0,0,False,11.69223403930664
/agv3/capability_report,1788412796.1545143,1788412796.1497824,3,389975,0.08,0.08,1.0,1.0,2.0,2.0,1.0,0,False,11.763150215148926
/agv2/capability_report,1788412796.1555696,1788412796.1498642,2,390861,0.08,0.08,1.0,1.0,2.0,2.0,1.0,0,False,11.64791202545166
/agv1/capability_report,1788412796.1588016,1788412796.1586063,1,391310,0.08,0.08,1.0,1.0,2.0,2.0,1.0,0,False,11.444029808044434
/agv1/capability_report,1788412796.1666894,1788412796.1665535,1,391311,0.08,0.08,1.0,1.0,2.0,2.0,1.0,0,False,11.444029808044434
/agv3/capability_report,1788412796.1668413,1788412796.1617215,3,389976,0.08,0.08,1.0,1.0,2.0,2.0,1.0,0,False,11.763150215148926
/agv1/capability_report,1788412796.1788507,1788412796.1786146,1,391312,0.08,0.08,1.0,1.0,2.0,2.0,1.0,0,False,11.444029808044434
/agv3/capability_report,1788412796.185034,1788412796.1697438,3,389977,0.08,0.08,1.0,1.0,2.0,2.0,1.0,0,False,11.763150215148926
/agv1/capability_report,1788412796.1866024,1788412796.1865602,1,391313,0.08,0.08,1.0,1.0,2.0,2.0,1.0,0,False,11.444029808044434
/agv3/capability_report,1788412796.1902037,1788412796.1817353,3,389978,0.08,0.08,1.0,1.0,2.0,2.0,1.0,0,False,11.763150215148926
/agv2/capability_report,1788412796.1922536,1788412796.1618698,2,390862,0.08,0.08,1.0,1.0,2.0,2.0,1.0,0,False,11.64791202545166
/agv3/capability_report,1788412796.1951187,1788412796.1897469,3,389979,0.08,0.08,1.0,1.0,2.0,2.0,1.0,0,False,11.763150215148926
/agv2/capability_report,1788412796.1951203,1788412796.1698928,2,390863,0.08,0.08,1.0,1.0,2.0,2.0,1.0,0,False,11.64791202545166
/agv2/capability_report,1788412796.1951225,1788412796.1818917,2,390864,0.08,0.08,1.0,1.0,2.0,2.0,1.0,0,False,11.64791202545166
/agv2/capability_report,1788412796.1975055,1788412796.1898448,2,390865,0.08,0.08,1.0,1.0,2.0,2.0,1.0,0,False,11.64791202545166
/agv1/capability_report,1788412796.198743,1788412796.198556,1,391314,0.08,0.08,1.0,1.0,2.0,2.0,1.0,0,False,11.444029808044434
/agv1/capability_report,1788412796.2066243,1788412796.2065575,1,391315,0.08,0.08,1.0,1.0,2.0,2.0,1.0,0,False,11.444029808044434
/agv3/capability_report,1788412796.2066617,1788412796.2018812,3,389980,0.08,0.08,1.0,1.0,2.0,2.0,1.0,0,False,11.763150215148926
/agv2/capability_report,1788412796.2080078,1788412796.2018745,2,390866,0.08,0.08,1.0,1.0,2.0,2.0,1.0,0,False,11.64791202545166
/agv3/capability_report,1788412796.2142937,1788412796.209826,3,389981,0.08,0.08,1.0,1.0,2.0,2.0,1.0,0,False,11.763150215148926
/agv2/capability_report,1788412796.2148213,1788412796.2098563,2,390867,0.08,0.08,1.0,1.0,2.0,2.0,1.0,0,False,11.64791202545166
/agv1/capability_report,1788412796.2187872,1788412796.218606,1,391316,0.08,0.08,1.0,1.0,2.0,2.0,1.0,0,False,11.444029808044434
/agv1/capability_report,1788412796.2266636,1788412796.2265875,1,391317,0.08,0.08,1.0,1.0,2.0,2.0,1.0,0,False,11.444029808044434
/agv3/capability_report,1788412796.2271557,1788412796.221824,3,389982,0.08,0.08,1.0,1.0,2.0,2.0,1.0,0,False,11.763150215148926
/agv2/capability_report,1788412796.231595,1788412796.221872,2,390868,0.08,0.08,1.0,1.0,2.0,2.0,1.0,0,False,11.64791202545166
/agv3/capability_report,1788412796.2342658,1788412796.229689,3,389983,0.08,0.08,1.0,1.0,2.0,2.0,1.0,0,False,11.763150215148926
/agv2/capability_report,1788412796.2356455,1788412796.2297604,2,390869,0.08,0.08,1.0,1.0,2.0,2.0,1.0,0,False,11.64791202545166
/agv1/capability_report,1788412796.238699,1788412796.238616,1,391318,0.08,0.08,1.0,1.0,2.0,2.0,1.0,0,False,11.444029808044434
/agv1/capability_report,1788412796.246621,1788412796.2465687,1,391319,0.08,0.08,1.0,1.0,2.0,2.0,1.0,0,False,11.444029808044434
/agv2/capability_report,1788412796.2482018,1788412796.2418988,2,390870,0.08,0.08,1.0,1.0,2.0,2.0,1.0,0,False,11.64791202545166
/agv3/capability_report,1788412796.2482266,1788412796.2417681,3,389984,0.08,0.08,1.0,1.0,2.0,2.0,1.0,0,False,11.763150215148926
/agv2/capability_report,1788412796.2557025,1788412796.2498703,2,390871,0.08,0.08,1.0,1.0,2.0,2.0,1.0,0,False,11.64791202545166
/agv3/capability_report,1788412796.2557137,1788412796.2498264,3,389985,0.08,0.08,1.0,1.0,2.0,2.0,1.0,0,False,11.763150215148926
/agv1/capability_report,1788412796.2587214,1788412796.258622,1,391320,0.08,0.08,1.0,1.0,2.0,2.0,1.0,0,False,11.444029808044434
/agv3/capability_report,1788412796.2663944,1788412796.2618244,3,389986,0.08,0.08,1.0,1.0,2.0,2.0,1.0,0,False,11.763150215148926
/agv1/capability_report,1788412796.2666888,1788412796.2665842,1,391321,0.08,0.08,1.0,1.0,2.0,2.0,1.0,0,False,11.444029808044434
/agv2/capability_report,1788412796.2696712,1788412796.2618759,2,390872,0.08,0.08,1.0,1.0,2.0,2.0,1.0,0,False,11.64791202545166
/agv3/capability_report,1788412796.274422,1788412796.269837,3,389987,0.08,0.08,1.0,1.0,2.0,2.0,1.0,0,False,11.683369636535645
/agv2/capability_report,1788412796.2773323,1788412796.269873,2,390873,0.08,0.08,1.0,1.0,2.0,2.0,1.0,0,False,11.64791202545166
/agv1/capability_report,1788412796.2787042,1788412796.278573,1,391322,0.08,0.08,1.0,1.0,2.0,2.0,1.0,0,False,11.444029808044434
/agv3/capability_report,1788412796.2863674,1788412796.2817805,3,389988,0.08,0.08,1.0,1.0,2.0,2.0,1.0,0,False,11.683369636535645
/agv1/capability_report,1788412796.2866273,1788412796.2865703,1,391323,0.08,0.08,1.0,1.0,2.0,2.0,1.0,0,False,11.399706840515137
/agv2/capability_report,1788412796.2876124,1788412796.2818677,2,390874,0.08,0.08,1.0,1.0,2.0,2.0,1.0,0,False,11.64791202545166
/agv3/capability_report,1788412796.2942834,1788412796.2896934,3,389989,0.08,0.08,1.0,1.0,2.0,2.0,1.0,0,False,11.683369636535645
/agv2/capability_report,1788412796.2954419,1788412796.2898715,2,390875,0.08,0.08,1.0,1.0,2.0,2.0,1.0,0,False,11.64791202545166
/agv1/capability_report,1788412796.2987204,1788412796.2985752,1,391324,0.08,0.08,1.0,1.0,2.0,2.0,1.0,0,False,11.399706840515137
/agv1/capability_report,1788412796.3067625,1788412796.306588,1,391325,0.08,0.08,1.0,1.0,2.0,2.0,1.0,0,False,11.399706840515137
/agv2/capability_report,1788412796.315891,1788412796.301873,2,390876,0.08,0.08,1.0,1.0,2.0,2.0,1.0,0,False,11.64791202545166
/agv1/capability_report,1788412796.318689,1788412796.3185723,1,391326,0.08,0.08,1.0,1.0,2.0,2.0,1.0,0,False,11.399706840515137
/agv3/capability_report,1788412796.3246949,1788412796.30179,3,389990,0.08,0.08,1.0,1.0,2.0,2.0,1.0,0,False,11.683369636535645
/agv1/capability_report,1788412796.3267045,1788412796.3265872,1,391327,0.08,0.08,1.0,1.0,2.0,2.0,1.0,0,False,11.399706840515137
/agv2/capability_report,1788412796.3275433,1788412796.3098726,2,390877,0.08,0.08,1.0,1.0,2.0,2.0,1.0,0,False,11.69223403930664
/agv3/capability_report,1788412796.3320975,1788412796.3098192,3,389991,0.08,0.08,1.0,1.0,2.0,2.0,1.0,0,False,11.683369636535645
/agv3/capability_report,1788412796.3321016,1788412796.3218255,3,389992,0.08,0.08,1.0,1.0,2.0,2.0,1.0,0,False,11.683369636535645
/agv2/capability_report,1788412796.3321939,1788412796.32189,2,390878,0.08,0.08,1.0,1.0,2.0,2.0,1.0,0,False,11.69223403930664
/agv3/capability_report,1788412796.3342793,1788412796.32973,3,389993,0.08,0.08,1.0,1.0,2.0,2.0,1.0,0,False,11.683369636535645
/agv2/capability_report,1788412796.3356156,1788412796.3297894,2,390879,0.08,0.08,1.0,1.0,2.0,2.0,1.0,0,False,11.69223403930664
/agv1/capability_report,1788412796.3388364,1788412796.3385909,1,391328,0.08,0.08,1.0,1.0,2.0,2.0,1.0,0,False,11.399706840515137
/agv3/capability_report,1788412796.3462243,1788412796.3417513,3,389994,0.08,0.08,1.0,1.0,2.0,2.0,1.0,0,False,11.683369636535645
/agv1/capability_report,1788412796.3466926,1788412796.3465672,1,391329,0.08,0.08,1.0,1.0,2.0,2.0,1.0,0,False,11.399706840515137
/agv2/capability_report,1788412796.346775,1788412796.341876,2,390880,0.08,0.08,1.0,1.0,2.0,2.0,1.0,0,False,11.69223403930664
/agv3/capability_report,1788412796.3542783,1788412796.3497844,3,389995,0.08,0.08,1.0,1.0,2.0,2.0,1.0,0,False,11.683369636535645
/agv2/capability_report,1788412796.3554049,1788412796.3498693,2,390881,0.08,0.08,1.0,1.0,2.0,2.0,1.0,0,False,11.69223403930664
/agv1/capability_report,1788412796.3586323,1788412796.35856,1,391330,0.08,0.08,1.0,1.0,2.0,2.0,1.0,0,False,11.399706840515137
/agv1/capability_report,1788412796.3666477,1788412796.3665712,1,391331,0.08,0.08,1.0,1.0,2.0,2.0,1.0,0,False,11.399706840515137
/agv3/capability_report,1788412796.3726988,1788412796.3617854,3,389996,0.08,0.08,1.0,1.0,2.0,2.0,1.0,0,False,11.683369636535645
/agv1/capability_report,1788412796.378652,1788412796.3785713,1,391332,0.08,0.08,1.0,1.0,2.0,2.0,1.0,0,False,11.399706840515137
/agv2/capability_report,1788412796.3826659,1788412796.3618674,2,390882,0.08,0.08,1.0,1.0,2.0,2.0,1.0,0,False,11.69223403930664
/agv3/capability_report,1788412796.3842752,1788412796.369715,3,389997,0.08,0.08,1.0,1.0,2.0,2.0,1.0,0,False,11.683369636535645
/agv2/capability_report,1788412796.3849766,1788412796.3698747,2,390883,0.08,0.08,1.0,1.0,2.0,2.0,1.0,0,False,11.69223403930664
/agv1/capability_report,1788412796.3866727,1788412796.3865852,1,391333,0.08,0.08,1.0,1.0,2.0,2.0,1.0,0,False,11.399706840515137
/agv3/capability_report,1788412796.3895404,1788412796.381786,3,389998,0.08,0.08,1.0,1.0,2.0,2.0,1.0,0,False,11.683369636535645
/agv2/capability_report,1788412796.392803,1788412796.3818944,2,390884,0.08,0.08,1.0,1.0,2.0,2.0,1.0,0,False,11.69223403930664
/agv3/capability_report,1788412796.3950253,1788412796.389734,3,389999,0.08,0.08,1.0,1.0,2.0,2.0,1.0,0,False,11.683369636535645
/agv2/capability_report,1788412796.3980796,1788412796.3898633,2,390885,0.08,0.08,1.0,1.0,2.0,2.0,1.0,0,False,11.69223403930664
/agv1/capability_report,1788412796.398653,1788412796.3985708,1,391334,0.08,0.08,1.0,1.0,2.0,2.0,1.0,0,False,11.399706840515137
/agv3/capability_report,1788412796.4066138,1788412796.4018981,3,390000,0.08,0.08,1.0,1.0,2.0,2.0,1.0,0,False,11.683369636535645
/agv1/capability_report,1788412796.4067743,1788412796.4066107,1,391335,0.08,0.08,1.0,1.0,2.0,2.0,1.0,0,False,11.399706840515137
/agv2/capability_report,1788412796.4077737,1788412796.401857,2,390886,0.08,0.08,1.0,1.0,2.0,2.0,1.0,0,False,11.69223403930664
/agv3/capability_report,1788412796.416107,1788412796.409793,3,390001,0.08,0.08,1.0,1.0,2.0,2.0,1.0,0,False,11.683369636535645
/agv1/capability_report,1788412796.4188273,1788412796.418603,1,391336,0.08,0.08,1.0,1.0,2.0,2.0,1.0,0,False,11.399706840515137
/agv2/capability_report,1788412796.4207458,1788412796.4098752,2,390887,0.08,0.08,1.0,1.0,2.0,2.0,1.0,0,False,11.69223403930664
/agv3/capability_report,1788412796.4262903,1788412796.4217944,3,390002,0.08,0.08,1.0,1.0,2.0,2.0,1.0,0,False,11.683369636535645
/agv1/capability_report,1788412796.4267166,1788412796.426578,1,391337,0.08,0.08,1.0,1.0,2.0,2.0,1.0,0,False,11.399706840515137
/agv2/capability_report,1788412796.4280205,1788412796.4218688,2,390888,0.08,0.08,1.0,1.0,2.0,2.0,1.0,0,False,11.69223403930664
/agv3/capability_report,1788412796.4343796,1788412796.429769,3,390003,0.08,0.08,1.0,1.0,2.0,2.0,1.0,0,False,11.718828201293945
/agv2/capability_report,1788412796.4356213,1788412796.429873,2,390889,0.08,0.08,1.0,1.0,2.0,2.0,1.0,0,False,11.69223403930664
/agv1/capability_report,1788412796.4387531,1788412796.438616,1,391338,0.08,0.08,1.0,1.0,2.0,2.0,1.0,0,False,11.399706840515137
/agv3/capability_report,1788412796.4462974,1788412796.4417837,3,390004,0.08,0.08,1.0,1.0,2.0,2.0,1.0,0,False,11.718828201293945
/agv1/capability_report,1788412796.446719,1788412796.4465683,1,391339,0.08,0.08,1.0,1.0,2.0,2.0,1.0,0,False,10.486666679382324
/agv2/capability_report,1788412796.4477692,1788412796.441873,2,390890,0.08,0.08,1.0,1.0,2.0,2.0,1.0,0,False,11.69223403930664
/agv2/capability_report,1788412796.455248,1788412796.449872,2,390891,0.08,0.08,1.0,1.0,2.0,2.0,1.0,0,False,11.69223403930664
/agv3/capability_report,1788412796.4553292,1788412796.4497604,3,390005,0.08,0.08,1.0,1.0,2.0,2.0,1.0,0,False,11.718828201293945
/agv1/capability_report,1788412796.4587662,1788412796.4586022,1,391340,0.08,0.08,1.0,1.0,2.0,2.0,1.0,0,False,10.486666679382324
/agv1/capability_report,1788412796.466684,1788412796.466561,1,391341,0.08,0.08,1.0,1.0,2.0,2.0,1.0,0,False,10.486666679382324
/agv2/capability_report,1788412796.4688575,1788412796.4618733,2,390892,0.08,0.08,1.0,1.0,2.0,2.0,1.0,0,False,11.69223403930664
/agv3/capability_report,1788412796.4688756,1788412796.4617698,3,390006,0.08,0.08,1.0,1.0,2.0,2.0,1.0,0,False,11.718828201293945
/agv3/capability_report,1788412796.4742484,1788412796.4697797,3,390007,0.08,0.08,1.0,1.0,2.0,2.0,1.0,0,False,11.718828201293945
/agv1/capability_report,1788412796.4787083,1788412796.4786081,1,391342,0.08,0.08,1.0,1.0,2.0,2.0,1.0,0,False,10.486666679382324
/agv2/capability_report,1788412796.4788792,1788412796.4698963,2,390893,0.08,0.08,1.0,1.0,2.0,2.0,1.0,0,False,11.763150215148926
/agv1/capability_report,1788412796.486749,1788412796.4865987,1,391343,0.08,0.08,1.0,1.0,2.0,2.0,1.0,0,False,10.486666679382324
/agv3/capability_report,1788412796.4984713,1788412796.481793,3,390008,0.08,0.08,1.0,1.0,2.0,2.0,1.0,0,False,11.718828201293945
/agv1/capability_report,1788412796.4986649,1788412796.4985838,1,391344,0.08,0.08,1.0,1.0,2.0,2.0,1.0,0,False,10.486666679382324
/agv2/capability_report,1788412796.5007203,1788412796.4818685,2,390894,0.08,0.08,1.0,1.0,2.0,2.0,1.0,0,False,11.763150215148926
/agv3/capability_report,1788412796.50156,1788412796.4897156,3,390009,0.08,0.08,1.0,1.0,2.0,2.0,1.0,0,False,11.718828201293945
/agv2/capability_report,1788412796.5033765,1788412796.4899151,2,390895,0.08,0.08,1.0,1.0,2.0,2.0,1.0,0,False,11.763150215148926
/agv1/capability_report,1788412796.5066972,1788412796.5066214,1,391345,0.08,0.08,1.0,1.0,2.0,2.0,1.0,0,False,10.486666679382324
/agv3/capability_report,1788412796.5074358,1788412796.5017784,3,390010,0.08,0.08,1.0,1.0,2.0,2.0,1.0,0,False,11.718828201293945
/agv2/capability_report,1788412796.5123005,1788412796.501869,2,390896,0.08,0.08,1.0,1.0,2.0,2.0,1.0,0,False,11.763150215148926
/agv2/capability_report,1788412796.5150888,1788412796.5097716,2,390897,0.08,0.08,1.0,1.0,2.0,2.0,1.0,0,False,11.763150215148926
/agv3/capability_report,1788412796.5150914,1788412796.509777,3,390011,0.08,0.08,1.0,1.0,2.0,2.0,1.0,0,False,11.718828201293945
/agv1/capability_report,1788412796.518823,1788412796.5186865,1,391346,0.08,0.08,1.0,1.0,2.0,2.0,1.0,0,False,10.486666679382324
/agv3/capability_report,1788412796.526271,1788412796.5217664,3,390012,0.08,0.08,1.0,1.0,2.0,2.0,1.0,0,False,11.718828201293945
/agv1/capability_report,1788412796.5267303,1788412796.5265768,1,391347,0.08,0.08,1.0,1.0,2.0,2.0,1.0,0,False,10.486666679382324
/agv2/capability_report,1788412796.5277522,1788412796.521871,2,390898,0.08,0.08,1.0,1.0,2.0,2.0,1.0,0,False,11.763150215148926
/agv3/capability_report,1788412796.5344763,1788412796.5297806,3,390013,0.08,0.08,1.0,1.0,2.0,2.0,1.0,0,False,11.718828201293945
/agv2/capability_report,1788412796.53626,1788412796.5298722,2,390899,0.08,0.08,1.0,1.0,2.0,2.0,1.0,0,False,11.763150215148926
/agv1/capability_report,1788412796.5388036,1788412796.5386782,1,391348,0.08,0.08,1.0,1.0,2.0,2.0,1.0,0,False,10.486666679382324
/agv1/capability_report,1788412796.5466921,1788412796.5465991,1,391349,0.08,0.08,1.0,1.0,2.0,2.0,1.0,0,False,10.486666679382324
/agv3/capability_report,1788412796.548079,1788412796.5418084,3,390014,0.08,0.08,1.0,1.0,2.0,2.0,1.0,0,False,11.718828201293945
/agv2/capability_report,1788412796.5487766,1788412796.541874,2,390900,0.08,0.08,1.0,1.0,2.0,2.0,1.0,0,False,11.763150215148926
/agv3/capability_report,1788412796.5547438,1788412796.5497894,3,390015,0.08,0.08,1.0,1.0,2.0,2.0,1.0,0,False,11.718828201293945
/agv2/capability_report,1788412796.556105,1788412796.549868,2,390901,0.08,0.08,1.0,1.0,2.0,2.0,1.0,0,False,11.763150215148926
/agv1/capability_report,1788412796.558849,1788412796.5586915,1,391350,0.08,0.08,1.0,1.0,2.0,2.0,1.0,0,False,10.486666679382324
/agv3/capability_report,1788412796.5662801,1788412796.5617778,3,390016,0.08,0.08,1.0,1.0,2.0,2.0,1.0,0,False,11.718828201293945
/agv1/capability_report,1788412796.5666933,1788412796.5665781,1,391351,0.08,0.08,1.0,1.0,2.0,2.0,1.0,0,False,10.486666679382324
/agv2/capability_report,1788412796.568832,1788412796.5619175,2,390902,0.08,0.08,1.0,1.0,2.0,2.0,1.0,0,False,11.763150215148926
/agv1/capability_report,1788412796.5789008,1788412796.5787268,1,391352,0.08,0.08,1.0,1.0,2.0,2.0,1.0,0,False,10.486666679382324
/agv3/capability_report,1788412796.5828257,1788412796.569783,3,390017,0.08,0.08,1.0,1.0,2.0,2.0,1.0,0,False,11.718828201293945
/agv1/capability_report,1788412796.5866675,1788412796.5866191,1,391353,0.08,0.08,1.0,1.0,2.0,2.0,1.0,0,False,10.486666679382324
/agv3/capability_report,1788412796.58867,1788412796.5817442,3,390018,0.08,0.08,1.0,1.0,2.0,2.0,1.0,0,False,11.718828201293945
/agv2/capability_report,1788412796.5901415,1788412796.5698779,2,390903,0.08,0.08,1.0,1.0,2.0,2.0,1.0,0,False,11.763150215148926
/agv2/capability_report,1788412796.5901432,1788412796.5818744,2,390904,0.08,0.08,1.0,1.0,2.0,2.0,1.0,0,False,11.763150215148926
/agv3/capability_report,1788412796.5944827,1788412796.58978,3,390019,0.08,0.08,1.0,1.0,2.0,2.0,1.0,0,False,11.674505233764648
/agv2/capability_report,1788412796.595474,1788412796.5898645,2,390905,0.08,0.08,1.0,1.0,2.0,2.0,1.0,0,False,11.763150215148926
/agv1/capability_report,1788412796.5987937,1788412796.5986006,1,391354,0.08,0.08,1.0,1.0,2.0,2.0,1.0,0,False,10.486666679382324
/agv1/capability_report,1788412796.6067724,1788412796.6065683,1,391355,0.08,0.08,1.0,1.0,2.0,2.0,1.0,0,False,11.018534660339355
/agv2/capability_report,1788412796.6096447,1788412796.6018667,2,390906,0.08,0.08,1.0,1.0,2.0,2.0,1.0,0,False,11.763150215148926
/agv3/capability_report,1788412796.6131697,1788412796.6017838,3,390020,0.08,0.08,1.0,1.0,2.0,2.0,1.0,0,False,11.674505233764648
/agv2/capability_report,1788412796.6154613,1788412796.6097713,2,390907,0.08,0.08,1.0,1.0,2.0,2.0,1.0,0,False,11.763150215148926
/agv1/capability_report,1788412796.618814,1788412796.6186094,1,391356,0.08,0.08,1.0,1.0,2.0,2.0,1.0,0,False,11.018534660339355
/agv3/capability_report,1788412796.6233923,1788412796.6097808,3,390021,0.08,0.08,1.0,1.0,2.0,2.0,1.0,0,False,11.674505233764648
/agv1/capability_report,1788412796.6266458,1788412796.6265557,1,391357,0.08,0.08,1.0,1.0,2.0,2.0,1.0,0,False,11.018534660339355
/agv2/capability_report,1788412796.6286166,1788412796.6218882,2,390908,0.08,0.08,1.0,1.0,2.0,2.0,1.0,0,False,11.763150215148926
/agv3/capability_report,1788412796.6354756,1788412796.6217785,3,390022,0.08,0.08,1.0,1.0,2.0,2.0,1.0,0,False,11.674505233764648
/agv1/capability_report,1788412796.638837,1788412796.6386106,1,391358,0.08,0.08,1.0,1.0,2.0,2.0,1.0,0,False,11.018534660339355
/agv1/capability_report,1788412796.646669,1788412796.6465638,1,391359,0.08,0.08,1.0,1.0,2.0,2.0,1.0,0,False,11.018534660339355
/agv3/capability_report,1788412796.6515458,1788412796.6297803,3,390023,0.08,0.08,1.0,1.0,2.0,2.0,1.0,0,False,11.674505233764648
/agv1/capability_report,1788412796.6587062,1788412796.6586037,1,391360,0.08,0.08,1.0,1.0,2.0,2.0,1.0,0,False,11.018534660339355
/agv3/capability_report,1788412796.6603887,1788412796.6417394,3,390024,0.08,0.08,1.0,1.0,2.0,2.0,1.0,0,False,11.674505233764648
/agv3/capability_report,1788412796.6603909,1788412796.649777,3,390025,0.08,0.08,1.0,1.0,2.0,2.0,1.0,0,False,11.674505233764648
/agv2/capability_report,1788412796.6642857,1788412796.6298728,2,390909,0.08,0.08,1.0,1.0,2.0,2.0,1.0,0,False,11.665640830993652
/agv2/capability_report,1788412796.6660998,1788412796.6418915,2,390910,0.08,0.08,1.0,1.0,2.0,2.0,1.0,0,False,11.665640830993652
/agv2/capability_report,1788412796.6661055,1788412796.6497445,2,390911,0.08,0.08,1.0,1.0,2.0,2.0,1.0,0,False,11.665640830993652
/agv1/capability_report,1788412796.666653,1788412796.6665578,1,391361,0.08,0.08,1.0,1.0,2.0,2.0,1.0,0,False,11.018534660339355
/agv3/capability_report,1788412796.6672158,1788412796.6617157,3,390026,0.08,0.08,1.0,1.0,2.0,2.0,1.0,0,False,11.674505233764648
/agv1/capability_report,1788412796.6788068,1788412796.6786032,1,391362,0.08,0.08,1.0,1.0,2.0,2.0,1.0,0,False,11.018534660339355
/agv2/capability_report,1788412796.6796803,1788412796.6617613,2,390912,0.08,0.08,1.0,1.0,2.0,2.0,1.0,0,False,11.665640830993652
/agv2/capability_report,1788412796.6824238,1788412796.6699052,2,390913,0.08,0.08,1.0,1.0,2.0,2.0,1.0,0,False,11.665640830993652
/agv3/capability_report,1788412796.6824594,1788412796.6698093,3,390027,0.08,0.08,1.0,1.0,2.0,2.0,1.0,0,False,11.674505233764648
/agv3/capability_report,1788412796.6862233,1788412796.6817741,3,390028,0.08,0.08,1.0,1.0,2.0,2.0,1.0,0,False,11.674505233764648
/agv1/capability_report,1788412796.6866922,1788412796.6865542,1,391363,0.08,0.08,1.0,1.0,2.0,2.0,1.0,0,False,11.018534660339355
/agv2/capability_report,1788412796.6875856,1788412796.6818514,2,390914,0.08,0.08,1.0,1.0,2.0,2.0,1.0,0,False,11.665640830993652
/agv3/capability_report,1788412796.6944556,1788412796.6897752,3,390029,0.08,0.08,1.0,1.0,2.0,2.0,1.0,0,False,11.674505233764648
/agv1/capability_report,1788412796.6988485,1788412796.6986072,1,391364,0.08,0.08,1.0,1.0,2.0,2.0,1.0,0,False,11.018534660339355
/agv3/capability_report,1788412796.7062683,1788412796.7017777,3,390030,0.08,0.08,1.0,1.0,2.0,2.0,1.0,0,False,11.674505233764648
/agv1/capability_report,1788412796.7067149,1788412796.7065675,1,391365,0.08,0.08,1.0,1.0,2.0,2.0,1.0,0,False,11.018534660339355
/agv3/capability_report,1788412796.7142956,1788412796.7097948,3,390031,0.08,0.08,1.0,1.0,2.0,2.0,1.0,0,False,11.674505233764648
/agv1/capability_report,1788412796.7187927,1788412796.7186017,1,391366,0.08,0.08,1.0,1.0,2.0,2.0,1.0,0,False,11.018534660339355
/agv3/capability_report,1788412796.726186,1788412796.7217734,3,390032,0.08,0.08,1.0,1.0,2.0,2.0,1.0,0,False,11.674505233764648
/agv1/capability_report,1788412796.7266214,1788412796.726565,1,391367,0.08,0.08,1.0,1.0,2.0,2.0,1.0,0,False,11.018534660339355
/agv2/capability_report,1788412796.7271624,1788412796.689868,2,390915,0.08,0.08,1.0,1.0,2.0,2.0,1.0,0,False,11.665640830993652
/agv2/capability_report,1788412796.7291472,1788412796.7018678,2,390916,0.08,0.08,1.0,1.0,2.0,2.0,1.0,0,False,11.665640830993652
/agv2/capability_report,1788412796.729168,1788412796.7098577,2,390917,0.08,0.08,1.0,1.0,2.0,2.0,1.0,0,False,11.665640830993652
/agv2/capability_report,1788412796.729172,1788412796.7218404,2,390918,0.08,0.08,1.0,1.0,2.0,2.0,1.0,0,False,11.665640830993652
/agv3/capability_report,1788412796.734467,1788412796.7297406,3,390033,0.08,0.08,1.0,1.0,2.0,2.0,1.0,0,False,11.674505233764648
/agv2/capability_report,1788412796.7355032,1788412796.7297316,2,390919,0.08,0.08,1.0,1.0,2.0,2.0,1.0,0,False,11.665640830993652
/agv1/capability_report,1788412796.7387257,1788412796.7386146,1,391368,0.08,0.08,1.0,1.0,2.0,2.0,1.0,0,False,11.018534660339355
/agv1/capability_report,1788412796.7466521,1788412796.746589,1,391369,0.08,0.08,1.0,1.0,2.0,2.0,1.0,0,False,11.018534660339355
/agv3/capability_report,1788412796.747945,1788412796.7417793,3,390034,0.08,0.08,1.0,1.0,2.0,2.0,1.0,0,False,11.674505233764648
/agv2/capability_report,1788412796.7506804,1788412796.741873,2,390920,0.08,0.08,1.0,1.0,2.0,2.0,1.0,0,False,11.665640830993652
/agv3/capability_report,1788412796.7542727,1788412796.7497797,3,390035,0.08,0.08,1.0,1.0,2.0,2.0,1.0,0,False,11.772014617919922
/agv2/capability_report,1788412796.7555563,1788412796.7498636,2,390921,0.08,0.08,1.0,1.0,2.0,2.0,1.0,0,False,11.665640830993652
/agv1/capability_report,1788412796.75884,1788412796.7586105,1,391370,0.08,0.08,1.0,1.0,2.0,2.0,1.0,0,False,11.018534660339355
/agv1/capability_report,1788412796.766646,1788412796.766556,1,391371,0.08,0.08,1.0,1.0,2.0,2.0,1.0,0,False,11.169230461120605
/agv3/capability_report,1788412796.767994,1788412796.7617254,3,390036,0.08,0.08,1.0,1.0,2.0,2.0,1.0,0,False,11.772014617919922
/agv2/capability_report,1788412796.7680163,1788412796.7618635,2,390922,0.08,0.08,1.0,1.0,2.0,2.0,1.0,0,False,11.665640830993652
/agv3/capability_report,1788412796.7744353,1788412796.7697122,3,390037,0.08,0.08,1.0,1.0,2.0,2.0,1.0,0,False,11.772014617919922
/agv2/capability_report,1788412796.7758453,1788412796.7698548,2,390923,0.08,0.08,1.0,1.0,2.0,2.0,1.0,0,False,11.665640830993652
/agv1/capability_report,1788412796.7787461,1788412796.7786078,1,391372,0.08,0.08,1.0,1.0,2.0,2.0,1.0,0,False,11.169230461120605
/agv3/capability_report,1788412796.786354,1788412796.7817175,3,390038,0.08,0.08,1.0,1.0,2.0,2.0,1.0,0,False,11.772014617919922
/agv1/capability_report,1788412796.7866213,1788412796.7865636,1,391373,0.08,0.08,1.0,1.0,2.0,2.0,1.0,0,False,11.169230461120605
/agv2/capability_report,1788412796.7883935,1788412796.7818656,2,390924,0.08,0.08,1.0,1.0,2.0,2.0,1.0,0,False,11.665640830993652
/agv3/capability_report,1788412796.794975,1788412796.7897325,3,390039,0.08,0.08,1.0,1.0,2.0,2.0,1.0,0,False,11.772014617919922
/agv2/capability_report,1788412796.7956743,1788412796.789869,2,390925,0.08,0.08,1.0,1.0,2.0,2.0,1.0,0,False,11.612454414367676
/agv1/capability_report,1788412796.798869,1788412796.7986104,1,391374,0.08,0.08,1.0,1.0,2.0,2.0,1.0,0,False,11.169230461120605
/agv3/capability_report,1788412796.806161,1788412796.801776,3,390040,0.08,0.08,1.0,1.0,2.0,2.0,1.0,0,False,11.772014617919922
/agv1/capability_report,1788412796.8066483,1788412796.8065639,1,391375,0.08,0.08,1.0,1.0,2.0,2.0,1.0,0,False,11.169230461120605
/agv2/capability_report,1788412796.8086576,1788412796.8018773,2,390926,0.08,0.08,1.0,1.0,2.0,2.0,1.0,0,False,11.612454414367676
/agv3/capability_report,1788412796.8143885,1788412796.8098023,3,390041,0.08,0.08,1.0,1.0,2.0,2.0,1.0,0,False,11.772014617919922
/agv2/capability_report,1788412796.8156283,1788412796.809857,2,390927,0.08,0.08,1.0,1.0,2.0,2.0,1.0,0,False,11.612454414367676
/agv1/capability_report,1788412796.8186085,1788412796.818556,1,391376,0.08,0.08,1.0,1.0,2.0,2.0,1.0,0,False,11.169230461120605
/agv3/capability_report,1788412796.8264096,1788412796.8217947,3,390042,0.08,0.08,1.0,1.0,2.0,2.0,1.0,0,False,11.772014617919922
/agv1/capability_report,1788412796.8266456,1788412796.8265557,1,391377,0.08,0.08,1.0,1.0,2.0,2.0,1.0,0,False,11.169230461120605
/agv2/capability_report,1788412796.8273544,1788412796.8218696,2,390928,0.08,0.08,1.0,1.0,2.0,2.0,1.0,0,False,11.612454414367676
/agv2/capability_report,1788412796.8352692,1788412796.8298707,2,390929,0.08,0.08,1.0,1.0,2.0,2.0,1.0,0,False,11.612454414367676
/agv3/capability_report,1788412796.836567,1788412796.8297813,3,390043,0.08,0.08,1.0,1.0,2.0,2.0,1.0,0,False,11.772014617919922
/agv1/capability_report,1788412796.8386369,1788412796.8385608,1,391378,0.08,0.08,1.0,1.0,2.0,2.0,1.0,0,False,11.169230461120605
/agv3/capability_report,1788412796.8462195,1788412796.8417666,3,390044,0.08,0.08,1.0,1.0,2.0,2.0,1.0,0,False,11.772014617919922
/agv1/capability_report,1788412796.8466513,1788412796.8465576,1,391379,0.08,0.08,1.0,1.0,2.0,2.0,1.0,0,False,11.169230461120605
/agv2/capability_report,1788412796.8470595,1788412796.8418722,2,390930,0.08,0.08,1.0,1.0,2.0,2.0,1.0,0,False,11.612454414367676
/agv3/capability_report,1788412796.8555052,1788412796.8497744,3,390045,0.08,0.08,1.0,1.0,2.0,2.0,1.0,0,False,11.772014617919922
/agv2/capability_report,1788412796.8555174,1788412796.8498943,2,390931,0.08,0.08,1.0,1.0,2.0,2.0,1.0,0,False,11.612454414367676
/agv1/capability_report,1788412796.858613,1788412796.858555,1,391380,0.08,0.08,1.0,1.0,2.0,2.0,1.0,0,False,11.169230461120605
/agv3/capability_report,1788412796.866356,1788412796.8617995,3,390046,0.08,0.08,1.0,1.0,2.0,2.0,1.0,0,False,11.772014617919922
/agv1/capability_report,1788412796.866738,1788412796.8665583,1,391381,0.08,0.08,1.0,1.0,2.0,2.0,1.0,0,False,11.169230461120605
/agv2/capability_report,1788412796.8690634,1788412796.8618796,2,390932,0.08,0.08,1.0,1.0,2.0,2.0,1.0,0,False,11.612454414367676
/agv3/capability_report,1788412796.8743558,1788412796.869801,3,390047,0.08,0.08,1.0,1.0,2.0,2.0,1.0,0,False,11.772014617919922
/agv2/capability_report,1788412796.8755724,1788412796.8698843,2,390933,0.08,0.08,1.0,1.0,2.0,2.0,1.0,0,False,11.612454414367676
/agv1/capability_report,1788412796.87875,1788412796.878614,1,391382,0.08,0.08,1.0,1.0,2.0,2.0,1.0,0,False,11.169230461120605
/agv3/capability_report,1788412796.886216,1788412796.8817735,3,390048,0.08,0.08,1.0,1.0,2.0,2.0,1.0,0,False,11.772014617919922
/agv1/capability_report,1788412796.8866975,1788412796.8865929,1,391383,0.08,0.08,1.0,1.0,2.0,2.0,1.0,0,False,11.169230461120605
/agv2/capability_report,1788412796.8870864,1788412796.8819096,2,390934,0.08,0.08,1.0,1.0,2.0,2.0,1.0,0,False,11.612454414367676
/agv3/capability_report,1788412796.8945363,1788412796.8897746,3,390049,0.08,0.08,1.0,1.0,2.0,2.0,1.0,0,False,11.772014617919922
/agv2/capability_report,1788412796.896368,1788412796.889881,2,390935,0.08,0.08,1.0,1.0,2.0,2.0,1.0,0,False,11.612454414367676
/agv1/capability_report,1788412796.8988209,1788412796.8985896,1,391384,0.08,0.08,1.0,1.0,2.0,2.0,1.0,0,False,11.169230461120605
/agv3/capability_report,1788412796.9063666,1788412796.9017973,3,390050,0.08,0.08,1.0,1.0,2.0,2.0,1.0,0,False,11.772014617919922
/agv1/capability_report,1788412796.9066148,1788412796.9065614,1,391385,0.08,0.08,1.0,1.0,2.0,2.0,1.0,0,False,11.169230461120605
/agv2/capability_report,1788412796.9074612,1788412796.901858,2,390936,0.08,0.08,1.0,1.0,2.0,2.0,1.0,0,False,11.612454414367676
/agv3/capability_report,1788412796.9144125,1788412796.9097786,3,390051,0.08,0.08,1.0,1.0,2.0,2.0,1.0,0,False,11.816336631774902
/agv2/capability_report,1788412796.9152188,1788412796.9099147,2,390937,0.08,0.08,1.0,1.0,2.0,2.0,1.0,0,False,11.612454414367676
/agv1/capability_report,1788412796.918671,1788412796.9185612,1,391386,0.08,0.08,1.0,1.0,2.0,2.0,1.0,0,False,11.169230461120605
/agv3/capability_report,1788412796.9261556,1788412796.9217808,3,390052,0.08,0.08,1.0,1.0,2.0,2.0,1.0,0,False,11.816336631774902
/agv1/capability_report,1788412796.9266033,1788412796.9265616,1,391387,0.08,0.08,1.0,1.0,2.0,2.0,1.0,0,False,11.027399063110352
/agv2/capability_report,1788412796.9289618,1788412796.9218702,2,390938,0.08,0.08,1.0,1.0,2.0,2.0,1.0,0,False,11.612454414367676
/agv3/capability_report,1788412796.9345093,1788412796.9297984,3,390053,0.08,0.08,1.0,1.0,2.0,2.0,1.0,0,False,11.816336631774902
/agv2/capability_report,1788412796.9355066,1788412796.9298756,2,390939,0.08,0.08,1.0,1.0,2.0,2.0,1.0,0,False,11.612454414367676
/agv1/capability_report,1788412796.938753,1788412796.9386106,1,391388,0.08,0.08,1.0,1.0,2.0,2.0,1.0,0,False,11.027399063110352
/agv3/capability_report,1788412796.946333,1788412796.9417713,3,390054,0.08,0.08,1.0,1.0,2.0,2.0,1.0,0,False,11.816336631774902
/agv1/capability_report,1788412796.9466515,1788412796.9465568,1,391389,0.08,0.08,1.0,1.0,2.0,2.0,1.0,0,False,11.027399063110352
/agv2/capability_report,1788412796.9476306,1788412796.9418705,2,390940,0.08,0.08,1.0,1.0,2.0,2.0,1.0,0,False,11.612454414367676
/agv3/capability_report,1788412796.9554424,1788412796.9498024,3,390055,0.08,0.08,1.0,1.0,2.0,2.0,1.0,0,False,11.816336631774902
/agv2/capability_report,1788412796.9574776,1788412796.9499223,2,390941,0.08,0.08,1.0,1.0,2.0,2.0,1.0,0,False,11.665640830993652
/agv1/capability_report,1788412796.9587917,1788412796.9586072,1,391390,0.08,0.08,1.0,1.0,2.0,2.0,1.0,0,False,11.027399063110352
/agv3/capability_report,1788412796.9662707,1788412796.9617915,3,390056,0.08,0.08,1.0,1.0,2.0,2.0,1.0,0,False,11.816336631774902
/agv1/capability_report,1788412796.9666247,1788412796.9665594,1,391391,0.08,0.08,1.0,1.0,2.0,2.0,1.0,0,False,11.027399063110352
/agv2/capability_report,1788412796.9673097,1788412796.9619324,2,390942,0.08,0.08,1.0,1.0,2.0,2.0,1.0,0,False,11.665640830993652
/agv3/capability_report,1788412796.9743555,1788412796.9697993,3,390057,0.08,0.08,1.0,1.0,2.0,2.0,1.0,0,False,11.816336631774902
/agv2/capability_report,1788412796.9760258,1788412796.969962,2,390943,0.08,0.08,1.0,1.0,2.0,2.0,1.0,0,False,11.665640830993652
/agv1/capability_report,1788412796.9787233,1788412796.978599,1,391392,0.08,0.08,1.0,1.0,2.0,2.0,1.0,0,False,11.027399063110352
/agv3/capability_report,1788412796.986385,1788412796.9817703,3,390058,0.08,0.08,1.0,1.0,2.0,2.0,1.0,0,False,11.816336631774902
/agv1/capability_report,1788412796.9866683,1788412796.9865599,1,391393,0.08,0.08,1.0,1.0,2.0,2.0,1.0,0,False,11.027399063110352
/agv2/capability_report,1788412796.9901907,1788412796.9819345,2,390944,0.08,0.08,1.0,1.0,2.0,2.0,1.0,0,False,11.665640830993652
/agv3/capability_report,1788412796.9944215,1788412796.9897723,3,390059,0.08,0.08,1.0,1.0,2.0,2.0,1.0,0,False,11.816336631774902
/agv2/capability_report,1788412796.996343,1788412796.9899724,2,390945,0.08,0.08,1.0,1.0,2.0,2.0,1.0,0,False,11.665640830993652
/agv1/capability_report,1788412796.9987228,1788412796.9985898,1,391394,0.08,0.08,1.0,1.0,2.0,2.0,1.0,0,False,11.027399063110352
/agv3/capability_report,1788412797.0061946,1788412797.0017836,3,390060,0.08,0.08,1.0,1.0,2.0,2.0,1.0,0,False,11.816336631774902
/agv1/capability_report,1788412797.0067048,1788412797.0065553,1,391395,0.08,0.08,1.0,1.0,2.0,2.0,1.0,0,False,11.027399063110352
/agv2/capability_report,1788412797.0113938,1788412797.001918,2,390946,0.08,0.08,1.0,1.0,2.0,2.0,1.0,0,False,11.665640830993652
/agv2/capability_report,1788412797.0155675,1788412797.0099385,2,390947,0.08,0.08,1.0,1.0,2.0,2.0,1.0,0,False,11.665640830993652
/agv3/capability_report,1788412797.0156386,1788412797.009777,3,390061,0.08,0.08,1.0,1.0,2.0,2.0,1.0,0,False,11.816336631774902
/agv1/capability_report,1788412797.0188298,1788412797.0185874,1,391396,0.08,0.08,1.0,1.0,2.0,2.0,1.0,0,False,11.027399063110352
/agv3/capability_report,1788412797.0263712,1788412797.0217707,3,390062,0.08,0.08,1.0,1.0,2.0,2.0,1.0,0,False,11.816336631774902
/agv1/capability_report,1788412797.0266519,1788412797.0265574,1,391397,0.08,0.08,1.0,1.0,2.0,2.0,1.0,0,False,11.027399063110352
/agv2/capability_report,1788412797.0279253,1788412797.021927,2,390948,0.08,0.08,1.0,1.0,2.0,2.0,1.0,0,False,11.665640830993652
/agv2/capability_report,1788412797.0357747,1788412797.029934,2,390949,0.08,0.08,1.0,1.0,2.0,2.0,1.0,0,False,11.665640830993652
/agv3/capability_report,1788412797.0357847,1788412797.0297754,3,390063,0.08,0.08,1.0,1.0,2.0,2.0,1.0,0,False,11.816336631774902
/agv1/capability_report,1788412797.0386126,1788412797.038557,1,391398,0.08,0.08,1.0,1.0,2.0,2.0,1.0,0,False,11.027399063110352
/agv3/capability_report,1788412797.0462356,1788412797.0418022,3,390064,0.08,0.08,1.0,1.0,2.0,2.0,1.0,0,False,11.816336631774902
/agv1/capability_report,1788412797.0466287,1788412797.0465603,1,391399,0.08,0.08,1.0,1.0,2.0,2.0,1.0,0,False,11.027399063110352
/agv2/capability_report,1788412797.048005,1788412797.041959,2,390950,0.08,0.08,1.0,1.0,2.0,2.0,1.0,0,False,11.665640830993652
/agv3/capability_report,1788412797.0545514,1788412797.04985,3,390065,0.08,0.08,1.0,1.0,2.0,2.0,1.0,0,False,11.816336631774902
/agv2/capability_report,1788412797.0554204,1788412797.0499587,2,390951,0.08,0.08,1.0,1.0,2.0,2.0,1.0,0,False,11.665640830993652
/agv1/capability_report,1788412797.0587938,1788412797.0586052,1,391400,0.08,0.08,1.0,1.0,2.0,2.0,1.0,0,False,11.027399063110352
/agv1/capability_report,1788412797.0666933,1788412797.066599,1,391401,0.08,0.08,1.0,1.0,2.0,2.0,1.0,0,False,11.027399063110352
/agv3/capability_report,1788412797.0667756,1788412797.061779,3,390066,0.08,0.08,1.0,1.0,2.0,2.0,1.0,0,False,11.816336631774902
/agv2/capability_report,1788412797.0684118,1788412797.0619268,2,390952,0.08,0.08,1.0,1.0,2.0,2.0,1.0,0,False,11.665640830993652
/agv3/capability_report,1788412797.0743713,1788412797.069773,3,390067,0.08,0.08,1.0,1.0,2.0,2.0,1.0,0,False,11.816336631774902
/agv2/capability_report,1788412797.0754356,1788412797.069934,2,390953,0.08,0.08,1.0,1.0,2.0,2.0,1.0,0,False,11.665640830993652
/agv1/capability_report,1788412797.0788355,1788412797.0786061,1,391402,0.08,0.08,1.0,1.0,2.0,2.0,1.0,0,False,11.027399063110352
/agv3/capability_report,1788412797.0863376,1788412797.081773,3,390068,0.08,0.08,1.0,1.0,2.0,2.0,1.0,0,False,11.816336631774902
/agv1/capability_report,1788412797.086732,1788412797.0865538,1,391403,0.08,0.08,1.0,1.0,2.0,2.0,1.0,0,False,11.266739845275879
/agv2/capability_report,1788412797.0870984,1788412797.081931,2,390954,0.08,0.08,1.0,1.0,2.0,2.0,1.0,0,False,11.665640830993652
/agv2/capability_report,1788412797.095462,1788412797.0899284,2,390955,0.08,0.08,1.0,1.0,2.0,2.0,1.0,0,False,11.665640830993652
/agv3/capability_report,1788412797.0955098,1788412797.0897741,3,390069,0.08,0.08,1.0,1.0,2.0,2.0,1.0,0,False,11.816336631774902
/agv1/capability_report,1788412797.09874,1788412797.09856,1,391404,0.08,0.08,1.0,1.0,2.0,2.0,1.0,0,False,11.266739845275879
/agv3/capability_report,1788412797.1065702,1788412797.101776,3,390070,0.08,0.08,1.0,1.0,2.0,2.0,1.0,0,False,11.816336631774902
/agv1/capability_report,1788412797.106673,1788412797.1065612,1,391405,0.08,0.08,1.0,1.0,2.0,2.0,1.0,0,False,11.266739845275879
/agv2/capability_report,1788412797.1087143,1788412797.1019318,2,390956,0.08,0.08,1.0,1.0,2.0,2.0,1.0,0,False,11.683369636535645
/agv3/capability_report,1788412797.114446,1788412797.1097927,3,390071,0.08,0.08,1.0,1.0,2.0,2.0,1.0,0,False,11.816336631774902
/agv2/capability_report,1788412797.1174896,1788412797.1099272,2,390957,0.08,0.08,1.0,1.0,2.0,2.0,1.0,0,False,11.683369636535645
/agv1/capability_report,1788412797.118831,1788412797.118612,1,391406,0.08,0.08,1.0,1.0,2.0,2.0,1.0,0,False,11.266739845275879
/agv3/capability_report,1788412797.1261907,1788412797.1217668,3,390072,0.08,0.08,1.0,1.0,2.0,2.0,1.0,0,False,11.816336631774902
/agv1/capability_report,1788412797.1266036,1788412797.1265604,1,391407,0.08,0.08,1.0,1.0,2.0,2.0,1.0,0,False,11.266739845275879
/agv2/capability_report,1788412797.1290414,1788412797.121934,2,390958,0.08,0.08,1.0,1.0,2.0,2.0,1.0,0,False,11.683369636535645
/agv3/capability_report,1788412797.1345062,1788412797.1298192,3,390073,0.08,0.08,1.0,1.0,2.0,2.0,1.0,0,False,11.816336631774902
/agv2/capability_report,1788412797.1360037,1788412797.12993,2,390959,0.08,0.08,1.0,1.0,2.0,2.0,1.0,0,False,11.683369636535645
/agv1/capability_report,1788412797.138685,1788412797.1385756,1,391408,0.08,0.08,1.0,1.0,2.0,2.0,1.0,0,False,11.266739845275879
/agv3/capability_report,1788412797.1466277,1788412797.1417928,3,390074,0.08,0.08,1.0,1.0,2.0,2.0,1.0,0,False,11.816336631774902
/agv1/capability_report,1788412797.1466377,1788412797.1465604,1,391409,0.08,0.08,1.0,1.0,2.0,2.0,1.0,0,False,11.266739845275879
/agv2/capability_report,1788412797.147604,1788412797.141929,2,390960,0.08,0.08,1.0,1.0,2.0,2.0,1.0,0,False,11.683369636535645
/agv3/capability_report,1788412797.1544728,1788412797.14978,3,390075,0.08,0.08,1.0,1.0,2.0,2.0,1.0,0,False,11.816336631774902
/agv2/capability_report,1788412797.1555598,1788412797.1499348,2,390961,0.08,0.08,1.0,1.0,2.0,2.0,1.0,0,False,11.683369636535645
/agv1/capability_report,1788412797.1587942,1788412797.1585577,1,391410,0.08,0.08,1.0,1.0,2.0,2.0,1.0,0,False,11.266739845275879
/agv3/capability_report,1788412797.1661758,1788412797.1617427,3,390076,0.08,0.08,1.0,1.0,2.0,2.0,1.0,0,False,11.816336631774902
/agv1/capability_report,1788412797.1666443,1788412797.1665561,1,391411,0.08,0.08,1.0,1.0,2.0,2.0,1.0,0,False,11.266739845275879
/agv2/capability_report,1788412797.1678514,1788412797.1619327,2,390962,0.08,0.08,1.0,1.0,2.0,2.0,1.0,0,False,11.683369636535645
/agv3/capability_report,1788412797.176122,1788412797.169796,3,390077,0.08,0.08,1.0,1.0,2.0,2.0,1.0,0,False,11.816336631774902
/agv1/capability_report,1788412797.178763,1788412797.1785605,1,391412,0.08,0.08,1.0,1.0,2.0,2.0,1.0,0,False,11.266739845275879
/agv2/capability_report,1788412797.181578,1788412797.1698852,2,390963,0.08,0.08,1.0,1.0,2.0,2.0,1.0,0,False,11.683369636535645
/agv3/capability_report,1788412797.1863122,1788412797.1817665,3,390078,0.08,0.08,1.0,1.0,2.0,2.0,1.0,0,False,11.816336631774902
/agv1/capability_report,1788412797.1866684,1788412797.1865594,1,391413,0.08,0.08,1.0,1.0,2.0,2.0,1.0,0,False,11.266739845275879
/agv2/capability_report,1788412797.1876278,1788412797.1819217,2,390964,0.08,0.08,1.0,1.0,2.0,2.0,1.0,0,False,11.683369636535645
/agv3/capability_report,1788412797.1944714,1788412797.1897936,3,390079,0.08,0.08,1.0,1.0,2.0,2.0,1.0,0,False,11.816336631774902
/agv2/capability_report,1788412797.195485,1788412797.1899447,2,390965,0.08,0.08,1.0,1.0,2.0,2.0,1.0,0,False,11.683369636535645
/agv1/capability_report,1788412797.198759,1788412797.1986065,1,391414,0.08,0.08,1.0,1.0,2.0,2.0,1.0,0,False,11.266739845275879
/agv3/capability_report,1788412797.2065446,1788412797.2017844,3,390080,0.08,0.08,1.0,1.0,2.0,2.0,1.0,0,False,11.816336631774902
/agv1/capability_report,1788412797.206696,1788412797.2065701,1,391415,0.08,0.08,1.0,1.0,2.0,2.0,1.0,0,False,11.266739845275879
/agv2/capability_report,1788412797.209466,1788412797.2019384,2,390966,0.08,0.08,1.0,1.0,2.0,2.0,1.0,0,False,11.683369636535645
/agv3/capability_report,1788412797.2150054,1788412797.209772,3,390081,0.08,0.08,1.0,1.0,2.0,2.0,1.0,0,False,11.816336631774902
/agv1/capability_report,1788412797.2187543,1788412797.218609,1,391416,0.08,0.08,1.0,1.0,2.0,2.0,1.0,0,False,11.266739845275879
/agv2/capability_report,1788412797.2239754,1788412797.2099364,2,390967,0.08,0.08,1.0,1.0,2.0,2.0,1.0,0,False,11.683369636535645
/agv3/capability_report,1788412797.2262533,1788412797.2217782,3,390082,0.08,0.08,1.0,1.0,2.0,2.0,1.0,0,False,11.816336631774902
/agv1/capability_report,1788412797.2267027,1788412797.2265668,1,391417,0.08,0.08,1.0,1.0,2.0,2.0,1.0,0,False,11.266739845275879
/agv2/capability_report,1788412797.2285724,1788412797.221929,2,390968,0.08,0.08,1.0,1.0,2.0,2.0,1.0,0,False,11.683369636535645
/agv3/capability_report,1788412797.234685,1788412797.2297978,3,390083,0.08,0.08,1.0,1.0,2.0,2.0,1.0,0,False,11.772014617919922
/agv2/capability_report,1788412797.2355096,1788412797.2299566,2,390969,0.08,0.08,1.0,1.0,2.0,2.0,1.0,0,False,11.683369636535645
/agv1/capability_report,1788412797.2387261,1788412797.2386043,1,391418,0.08,0.08,1.0,1.0,2.0,2.0,1.0,0,False,11.266739845275879
/agv3/capability_report,1788412797.2464058,1788412797.2418005,3,390084,0.08,0.08,1.0,1.0,2.0,2.0,1.0,0,False,11.772014617919922
/agv1/capability_report,1788412797.2466338,1788412797.2465723,1,391419,0.08,0.08,1.0,1.0,2.0,2.0,1.0,0,False,10.770329475402832
/agv2/capability_report,1788412797.24727,1788412797.2419326,2,390970,0.08,0.08,1.0,1.0,2.0,2.0,1.0,0,False,11.683369636535645
/agv3/capability_report,1788412797.2548552,1788412797.2497938,3,390085,0.08,0.08,1.0,1.0,2.0,2.0,1.0,0,False,11.772014617919922
/agv2/capability_report,1788412797.2572148,1788412797.2499328,2,390971,0.08,0.08,1.0,1.0,2.0,2.0,1.0,0,False,11.683369636535645
/agv1/capability_report,1788412797.2586517,1788412797.2585979,1,391420,0.08,0.08,1.0,1.0,2.0,2.0,1.0,0,False,10.770329475402832
/agv3/capability_report,1788412797.26637,1788412797.2617953,3,390086,0.08,0.08,1.0,1.0,2.0,2.0,1.0,0,False,11.772014617919922
/agv1/capability_report,1788412797.2666805,1788412797.266575,1,391421,0.08,0.08,1.0,1.0,2.0,2.0,1.0,0,False,10.770329475402832
/agv2/capability_report,1788412797.2677593,1788412797.261933,2,390972,0.08,0.08,1.0,1.0,2.0,2.0,1.0,0,False,11.656776428222656
/agv3/capability_report,1788412797.2758179,1788412797.2697144,3,390087,0.08,0.08,1.0,1.0,2.0,2.0,1.0,0,False,11.772014617919922
/agv2/capability_report,1788412797.2784014,1788412797.269957,2,390973,0.08,0.08,1.0,1.0,2.0,2.0,1.0,0,False,11.656776428222656
/agv1/capability_report,1788412797.2786314,1788412797.2785728,1,391422,0.08,0.08,1.0,1.0,2.0,2.0,1.0,0,False,10.770329475402832
/agv3/capability_report,1788412797.2861342,1788412797.2817647,3,390088,0.08,0.08,1.0,1.0,2.0,2.0,1.0,0,False,11.772014617919922
/agv1/capability_report,1788412797.2866313,1788412797.2865746,1,391423,0.08,0.08,1.0,1.0,2.0,2.0,1.0,0,False,10.770329475402832
/agv2/capability_report,1788412797.2879221,1788412797.281955,2,390974,0.08,0.08,1.0,1.0,2.0,2.0,1.0,0,False,11.656776428222656
/agv3/capability_report,1788412797.294559,1788412797.2897475,3,390089,0.08,0.08,1.0,1.0,2.0,2.0,1.0,0,False,11.772014617919922
/agv2/capability_report,1788412797.298338,1788412797.2899358,2,390975,0.08,0.08,1.0,1.0,2.0,2.0,1.0,0,False,11.656776428222656
/agv1/capability_report,1788412797.2986205,1788412797.2985723,1,391424,0.08,0.08,1.0,1.0,2.0,2.0,1.0,0,False,10.770329475402832
/agv1/capability_report,1788412797.3066475,1788412797.3065727,1,391425,0.08,0.08,1.0,1.0,2.0,2.0,1.0,0,False,10.770329475402832
/agv2/capability_report,1788412797.3083024,1788412797.301932,2,390976,0.08,0.08,1.0,1.0,2.0,2.0,1.0,0,False,11.656776428222656
/agv3/capability_report,1788412797.3083258,1788412797.3017461,3,390090,0.08,0.08,1.0,1.0,2.0,2.0,1.0,0,False,11.772014617919922
/agv3/capability_report,1788412797.314618,1788412797.309752,3,390091,0.08,0.08,1.0,1.0,2.0,2.0,1.0,0,False,11.772014617919922
/agv2/capability_report,1788412797.3177884,1788412797.3099425,2,390977,0.08,0.08,1.0,1.0,2.0,2.0,1.0,0,False,11.656776428222656
/agv1/capability_report,1788412797.3187819,1788412797.3186183,1,391426,0.08,0.08,1.0,1.0,2.0,2.0,1.0,0,False,10.770329475402832
/agv3/capability_report,1788412797.3263023,1788412797.3217738,3,390092,0.08,0.08,1.0,1.0,2.0,2.0,1.0,0,False,11.772014617919922
/agv2/capability_report,1788412797.3266718,1788412797.3218274,2,390978,0.08,0.08,1.0,1.0,2.0,2.0,1.0,0,False,11.656776428222656
/agv1/capability_report,1788412797.3267329,1788412797.326585,1,391427,0.08,0.08,1.0,1.0,2.0,2.0,1.0,0,False,10.770329475402832
/agv3/capability_report,1788412797.334711,1788412797.329791,3,390093,0.08,0.08,1.0,1.0,2.0,2.0,1.0,0,False,11.772014617919922
/agv2/capability_report,1788412797.3369296,1788412797.3299584,2,390979,0.08,0.08,1.0,1.0,2.0,2.0,1.0,0,False,11.656776428222656
/agv1/capability_report,1788412797.3387122,1788412797.3386211,1,391428,0.08,0.08,1.0,1.0,2.0,2.0,1.0,0,False,10.770329475402832
/agv1/capability_report,1788412797.3467312,1788412797.3465543,1,391429,0.08,0.08,1.0,1.0,2.0,2.0,1.0,0,False,10.770329475402832
/agv3/capability_report,1788412797.3473215,1788412797.341748,3,390094,0.08,0.08,1.0,1.0,2.0,2.0,1.0,0,False,11.772014617919922
/agv2/capability_report,1788412797.3473394,1788412797.3419309,2,390980,0.08,0.08,1.0,1.0,2.0,2.0,1.0,0,False,11.656776428222656
/agv2/capability_report,1788412797.3555825,1788412797.3499348,2,390981,0.08,0.08,1.0,1.0,2.0,2.0,1.0,0,False,11.656776428222656
/agv3/capability_report,1788412797.3556411,1788412797.3498006,3,390095,0.08,0.08,1.0,1.0,2.0,2.0,1.0,0,False,11.772014617919922
/agv1/capability_report,1788412797.3588128,1788412797.358592,1,391430,0.08,0.08,1.0,1.0,2.0,2.0,1.0,0,False,10.770329475402832
/agv3/capability_report,1788412797.3666718,1788412797.3617756,3,390096,0.08,0.08,1.0,1.0,2.0,2.0,1.0,0,False,11.772014617919922
/agv1/capability_report,1788412797.3666813,1788412797.3665593,1,391431,0.08,0.08,1.0,1.0,2.0,2.0,1.0,0,False,10.770329475402832
/agv2/capability_report,1788412797.3671227,1788412797.361933,2,390982,0.08,0.08,1.0,1.0,2.0,2.0,1.0,0,False,11.656776428222656
/agv3/capability_report,1788412797.374367,1788412797.3697793,3,390097,0.08,0.08,1.0,1.0,2.0,2.0,1.0,0,False,11.772014617919922
/agv2/capability_report,1788412797.3754146,1788412797.3699312,2,390983,0.08,0.08,1.0,1.0,2.0,2.0,1.0,0,False,11.656776428222656
/agv1/capability_report,1788412797.3786428,1788412797.3785627,1,391432,0.08,0.08,1.0,1.0,2.0,2.0,1.0,0,False,10.770329475402832
/agv3/capability_report,1788412797.386326,1788412797.3817997,3,390098,0.08,0.08,1.0,1.0,2.0,2.0,1.0,0,False,11.772014617919922
/agv1/capability_report,1788412797.3866327,1788412797.3865647,1,391433,0.08,0.08,1.0,1.0,2.0,2.0,1.0,0,False,10.770329475402832
/agv2/capability_report,1788412797.3875966,1788412797.3818924,2,390984,0.08,0.08,1.0,1.0,2.0,2.0,1.0,0,False,11.656776428222656
/agv3/capability_report,1788412797.394296,1788412797.389792,3,390099,0.08,0.08,1.0,1.0,2.0,2.0,1.0,0,False,11.665640830993652
/agv2/capability_report,1788412797.397247,1788412797.3898935,2,390985,0.08,0.08,1.0,1.0,2.0,2.0,1.0,0,False,11.656776428222656
/agv1/capability_report,1788412797.398626,1788412797.3985603,1,391434,0.08,0.08,1.0,1.0,2.0,2.0,1.0,0,False,10.770329475402832
/agv1/capability_report,1788412797.406618,1788412797.4065554,1,391435,0.08,0.08,1.0,1.0,2.0,2.0,1.0,0,False,10.025713920593262
/agv3/capability_report,1788412797.4067957,1788412797.401765,3,390100,0.08,0.08,1.0,1.0,2.0,2.0,1.0,0,False,11.665640830993652
/agv2/capability_report,1788412797.4080658,1788412797.401935,2,390986,0.08,0.08,1.0,1.0,2.0,2.0,1.0,0,False,11.656776428222656
/agv3/capability_report,1788412797.4145377,1788412797.409783,3,390101,0.08,0.08,1.0,1.0,2.0,2.0,1.0,0,False,11.665640830993652
/agv2/capability_report,1788412797.4157858,1788412797.4099336,2,390987,0.08,0.08,1.0,1.0,2.0,2.0,1.0,0,False,11.656776428222656
/agv1/capability_report,1788412797.418634,1788412797.4185596,1,391436,0.08,0.08,1.0,1.0,2.0,2.0,1.0,0,False,10.025713920593262
/agv3/capability_report,1788412797.4264932,1788412797.4218013,3,390102,0.08,0.08,1.0,1.0,2.0,2.0,1.0,0,False,11.665640830993652
/agv1/capability_report,1788412797.426655,1788412797.4265544,1,391437,0.08,0.08,1.0,1.0,2.0,2.0,1.0,0,False,10.025713920593262
/agv2/capability_report,1788412797.428068,1788412797.4219382,2,390988,0.08,0.08,1.0,1.0,2.0,2.0,1.0,0,False,11.701099395751953
/agv3/capability_report,1788412797.4345944,1788412797.429792,3,390103,0.08,0.08,1.0,1.0,2.0,2.0,1.0,0,False,11.665640830993652
/agv2/capability_report,1788412797.435321,1788412797.4299884,2,390989,0.08,0.08,1.0,1.0,2.0,2.0,1.0,0,False,11.701099395751953
/agv1/capability_report,1788412797.4388516,1788412797.4386823,1,391438,0.08,0.08,1.0,1.0,2.0,2.0,1.0,0,False,10.025713920593262
/agv3/capability_report,1788412797.4461803,1788412797.441795,3,390104,0.08,0.08,1.0,1.0,2.0,2.0,1.0,0,False,11.665640830993652
/agv1/capability_report,1788412797.446711,1788412797.4465714,1,391439,0.08,0.08,1.0,1.0,2.0,2.0,1.0,0,False,10.025713920593262
/agv2/capability_report,1788412797.447251,1788412797.4419882,2,390990,0.08,0.08,1.0,1.0,2.0,2.0,1.0,0,False,11.701099395751953
/agv3/capability_report,1788412797.454486,1788412797.4498,3,390105,0.08,0.08,1.0,1.0,2.0,2.0,1.0,0,False,11.665640830993652
/agv2/capability_report,1788412797.4564195,1788412797.449904,2,390991,0.08,0.08,1.0,1.0,2.0,2.0,1.0,0,False,11.701099395751953
/agv1/capability_report,1788412797.4586158,1788412797.4585624,1,391440,0.08,0.08,1.0,1.0,2.0,2.0,1.0,0,False,10.025713920593262
/agv1/capability_report,1788412797.4666224,1788412797.466557,1,391441,0.08,0.08,1.0,1.0,2.0,2.0,1.0,0,False,10.025713920593262
/agv3/capability_report,1788412797.4666986,1788412797.4617696,3,390106,0.08,0.08,1.0,1.0,2.0,2.0,1.0,0,False,11.665640830993652
/agv2/capability_report,1788412797.4676504,1788412797.4619358,2,390992,0.08,0.08,1.0,1.0,2.0,2.0,1.0,0,False,11.701099395751953
/agv2/capability_report,1788412797.4755836,1788412797.4699383,2,390993,0.08,0.08,1.0,1.0,2.0,2.0,1.0,0,False,11.701099395751953
/agv3/capability_report,1788412797.4755905,1788412797.469802,3,390107,0.08,0.08,1.0,1.0,2.0,2.0,1.0,0,False,11.665640830993652
/agv1/capability_report,1788412797.4786792,1788412797.4786003,1,391442,0.08,0.08,1.0,1.0,2.0,2.0,1.0,0,False,10.025713920593262
/agv3/capability_report,1788412797.4861803,1788412797.481791,3,390108,0.08,0.08,1.0,1.0,2.0,2.0,1.0,0,False,11.665640830993652
/agv1/capability_report,1788412797.4866166,1788412797.486554,1,391443,0.08,0.08,1.0,1.0,2.0,2.0,1.0,0,False,10.025713920593262
/agv2/capability_report,1788412797.487108,1788412797.4819787,2,390994,0.08,0.08,1.0,1.0,2.0,2.0,1.0,0,False,11.701099395751953
/agv3/capability_report,1788412797.4944909,1788412797.4897726,3,390109,0.08,0.08,1.0,1.0,2.0,2.0,1.0,0,False,11.665640830993652
/agv2/capability_report,1788412797.4978762,1788412797.489922,2,390995,0.08,0.08,1.0,1.0,2.0,2.0,1.0,0,False,11.701099395751953
/agv1/capability_report,1788412797.4987128,1788412797.498588,1,391444,0.08,0.08,1.0,1.0,2.0,2.0,1.0,0,False,10.025713920593262
/agv3/capability_report,1788412797.506354,1788412797.5017822,3,390110,0.08,0.08,1.0,1.0,2.0,2.0,1.0,0,False,11.665640830993652
/agv1/capability_report,1788412797.506628,1788412797.5065582,1,391445,0.08,0.08,1.0,1.0,2.0,2.0,1.0,0,False,10.025713920593262
/agv2/capability_report,1788412797.508186,1788412797.501937,2,390996,0.08,0.08,1.0,1.0,2.0,2.0,1.0,0,False,11.701099395751953
/agv3/capability_report,1788412797.5144196,1788412797.5097795,3,390111,0.08,0.08,1.0,1.0,2.0,2.0,1.0,0,False,11.665640830993652
/agv2/capability_report,1788412797.5157938,1788412797.5099444,2,390997,0.08,0.08,1.0,1.0,2.0,2.0,1.0,0,False,11.701099395751953
/agv1/capability_report,1788412797.5186982,1788412797.518557,1,391446,0.08,0.08,1.0,1.0,2.0,2.0,1.0,0,False,10.025713920593262
/agv3/capability_report,1788412797.5261655,1788412797.5217674,3,390112,0.08,0.08,1.0,1.0,2.0,2.0,1.0,0,False,11.665640830993652
/agv1/capability_report,1788412797.5266817,1788412797.526582,1,391447,0.08,0.08,1.0,1.0,2.0,2.0,1.0,0,False,10.025713920593262
/agv2/capability_report,1788412797.528413,1788412797.521932,2,390998,0.08,0.08,1.0,1.0,2.0,2.0,1.0,0,False,11.701099395751953
/agv3/capability_report,1788412797.5344636,1788412797.5297775,3,390113,0.08,0.08,1.0,1.0,2.0,2.0,1.0,0,False,11.665640830993652
/agv2/capability_report,1788412797.5367873,1788412797.5299382,2,390999,0.08,0.08,1.0,1.0,2.0,2.0,1.0,0,False,11.701099395751953
/agv1/capability_report,1788412797.5386958,1788412797.5385878,1,391448,0.08,0.08,1.0,1.0,2.0,2.0,1.0,0,False,10.025713920593262
/agv3/capability_report,1788412797.5465295,1788412797.5418289,3,390114,0.08,0.08,1.0,1.0,2.0,2.0,1.0,0,False,11.665640830993652
/agv1/capability_report,1788412797.5466406,1788412797.5465508,1,391449,0.08,0.08,1.0,1.0,2.0,2.0,1.0,0,False,10.025713920593262
/agv2/capability_report,1788412797.5488284,1788412797.5419343,2,391000,0.08,0.08,1.0,1.0,2.0,2.0,1.0,0,False,11.701099395751953
/agv3/capability_report,1788412797.5544295,1788412797.54979,3,390115,0.08,0.08,1.0,1.0,2.0,2.0,1.0,0,False,11.75428581237793
/agv2/capability_report,1788412797.558337,1788412797.5499337,2,391001,0.08,0.08,1.0,1.0,2.0,2.0,1.0,0,False,11.701099395751953
/agv1/capability_report,1788412797.5586731,1788412797.5585546,1,391450,0.08,0.08,1.0,1.0,2.0,2.0,1.0,0,False,10.025713920593262
/agv3/capability_report,1788412797.566218,1788412797.5617864,3,390116,0.08,0.08,1.0,1.0,2.0,2.0,1.0,0,False,11.75428581237793
/agv1/capability_report,1788412797.5666723,1788412797.5665517,1,391451,0.08,0.08,1.0,1.0,2.0,2.0,1.0,0,False,11.364249229431152
/agv2/capability_report,1788412797.5689175,1788412797.5619233,2,391002,0.08,0.08,1.0,1.0,2.0,2.0,1.0,0,False,11.701099395751953
/agv3/capability_report,1788412797.5744843,1788412797.569777,3,390117,0.08,0.08,1.0,1.0,2.0,2.0,1.0,0,False,11.75428581237793
/agv2/capability_report,1788412797.5766823,1788412797.5699797,2,391003,0.08,0.08,1.0,1.0,2.0,2.0,1.0,0,False,11.701099395751953
/agv1/capability_report,1788412797.5787485,1788412797.5785935,1,391452,0.08,0.08,1.0,1.0,2.0,2.0,1.0,0,False,11.364249229431152
/agv3/capability_report,1788412797.5864081,1788412797.5818198,3,390118,0.08,0.08,1.0,1.0,2.0,2.0,1.0,0,False,11.75428581237793
/agv1/capability_report,1788412797.5866566,1788412797.5865636,1,391453,0.08,0.08,1.0,1.0,2.0,2.0,1.0,0,False,11.364249229431152
/agv2/capability_report,1788412797.5871775,1788412797.5819297,2,391004,0.08,0.08,1.0,1.0,2.0,2.0,1.0,0,False,11.701099395751953
/agv3/capability_report,1788412797.595633,1788412797.5897737,3,390119,0.08,0.08,1.0,1.0,2.0,2.0,1.0,0,False,11.75428581237793
/agv2/capability_report,1788412797.5964954,1788412797.5898957,2,391005,0.08,0.08,1.0,1.0,2.0,2.0,1.0,0,False,11.701099395751953
/agv1/capability_report,1788412797.5987325,1788412797.598605,1,391454,0.08,0.08,1.0,1.0,2.0,2.0,1.0,0,False,11.364249229431152
/agv3/capability_report,1788412797.606204,1788412797.6017778,3,390120,0.08,0.08,1.0,1.0,2.0,2.0,1.0,0,False,11.75428581237793
/agv1/capability_report,1788412797.606664,1788412797.6065614,1,391455,0.08,0.08,1.0,1.0,2.0,2.0,1.0,0,False,11.364249229431152
/agv2/capability_report,1788412797.607308,1788412797.6018388,2,391006,0.08,0.08,1.0,1.0,2.0,2.0,1.0,0,False,11.701099395751953
/agv3/capability_report,1788412797.6146278,1788412797.609785,3,390121,0.08,0.08,1.0,1.0,2.0,2.0,1.0,0,False,11.75428581237793
/agv2/capability_report,1788412797.6160753,1788412797.6098642,2,391007,0.08,0.08,1.0,1.0,2.0,2.0,1.0,0,False,11.701099395751953
/agv1/capability_report,1788412797.6187296,1788412797.6186168,1,391456,0.08,0.08,1.0,1.0,2.0,2.0,1.0,0,False,11.364249229431152
/agv3/capability_report,1788412797.626489,1788412797.6218233,3,390122,0.08,0.08,1.0,1.0,2.0,2.0,1.0,0,False,11.75428581237793
/agv1/capability_report,1788412797.6266553,1788412797.6265597,1,391457,0.08,0.08,1.0,1.0,2.0,2.0,1.0,0,False,11.364249229431152
/agv2/capability_report,1788412797.6278658,1788412797.6218681,2,391008,0.08,0.08,1.0,1.0,2.0,2.0,1.0,0,False,11.701099395751953
/agv3/capability_report,1788412797.634427,1788412797.6297784,3,390123,0.08,0.08,1.0,1.0,2.0,2.0,1.0,0,False,11.75428581237793
/agv2/capability_report,1788412797.6366408,1788412797.6298816,2,391009,0.08,0.08,1.0,1.0,2.0,2.0,1.0,0,False,11.701099395751953
/agv1/capability_report,1788412797.638787,1788412797.6385994,1,391458,0.08,0.08,1.0,1.0,2.0,2.0,1.0,0,False,11.364249229431152
/agv3/capability_report,1788412797.646451,1788412797.6417706,3,390124,0.08,0.08,1.0,1.0,2.0,2.0,1.0,0,False,11.75428581237793
/agv1/capability_report,1788412797.64664,1788412797.646563,1,391459,0.08,0.08,1.0,1.0,2.0,2.0,1.0,0,False,11.364249229431152
/agv2/capability_report,1788412797.6471443,1788412797.6418722,2,391010,0.08,0.08,1.0,1.0,2.0,2.0,1.0,0,False,11.701099395751953
/agv3/capability_report,1788412797.654516,1788412797.6497629,3,390125,0.08,0.08,1.0,1.0,2.0,2.0,1.0,0,False,11.75428581237793
/agv2/capability_report,1788412797.6556294,1788412797.649874,2,391011,0.08,0.08,1.0,1.0,2.0,2.0,1.0,0,False,11.701099395751953
/agv1/capability_report,1788412797.6587136,1788412797.6585908,1,391460,0.08,0.08,1.0,1.0,2.0,2.0,1.0,0,False,11.364249229431152
/agv3/capability_report,1788412797.6664398,1788412797.6618104,3,390126,0.08,0.08,1.0,1.0,2.0,2.0,1.0,0,False,11.75428581237793
/agv1/capability_report,1788412797.6666088,1788412797.6665606,1,391461,0.08,0.08,1.0,1.0,2.0,2.0,1.0,0,False,11.364249229431152
/agv2/capability_report,1788412797.6707404,1788412797.6618588,2,391012,0.08,0.08,1.0,1.0,2.0,2.0,1.0,0,False,11.701099395751953
/agv2/capability_report,1788412797.6763353,1788412797.6698775,2,391013,0.08,0.08,1.0,1.0,2.0,2.0,1.0,0,False,11.701099395751953
/agv3/capability_report,1788412797.6763718,1788412797.669785,3,390127,0.08,0.08,1.0,1.0,2.0,2.0,1.0,0,False,11.75428581237793
/agv1/capability_report,1788412797.6787827,1788412797.6786094,1,391462,0.08,0.08,1.0,1.0,2.0,2.0,1.0,0,False,11.364249229431152
/agv3/capability_report,1788412797.686603,1788412797.681774,3,390128,0.08,0.08,1.0,1.0,2.0,2.0,1.0,0,False,11.75428581237793
/agv1/capability_report,1788412797.686645,1788412797.6865525,1,391463,0.08,0.08,1.0,1.0,2.0,2.0,1.0,0,False,11.364249229431152
/agv2/capability_report,1788412797.688087,1788412797.681873,2,391014,0.08,0.08,1.0,1.0,2.0,2.0,1.0,0,False,11.701099395751953
/agv3/capability_report,1788412797.694504,1788412797.689804,3,390129,0.08,0.08,1.0,1.0,2.0,2.0,1.0,0,False,11.75428581237793
/agv2/capability_report,1788412797.6952155,1788412797.689861,2,391015,0.08,0.08,1.0,1.0,2.0,2.0,1.0,0,False,11.701099395751953
/agv1/capability_report,1788412797.6987,1788412797.6985624,1,391464,0.08,0.08,1.0,1.0,2.0,2.0,1.0,0,False,11.364249229431152
/agv3/capability_report,1788412797.7063906,1788412797.701778,3,390130,0.08,0.08,1.0,1.0,2.0,2.0,1.0,0,False,11.745421409606934
/agv1/capability_report,1788412797.706674,1788412797.7065651,1,391465,0.08,0.08,1.0,1.0,2.0,2.0,1.0,0,False,11.364249229431152
/agv2/capability_report,1788412797.70785,1788412797.7018723,2,391016,0.08,0.08,1.0,1.0,2.0,2.0,1.0,0,False,11.701099395751953
/agv3/capability_report,1788412797.7145534,1788412797.7097993,3,390131,0.08,0.08,1.0,1.0,2.0,2.0,1.0,0,False,11.745421409606934
/agv2/capability_report,1788412797.7152855,1788412797.70986,2,391017,0.08,0.08,1.0,1.0,2.0,2.0,1.0,0,False,11.701099395751953
/agv1/capability_report,1788412797.7188313,1788412797.7185917,1,391466,0.08,0.08,1.0,1.0,2.0,2.0,1.0,0,False,11.364249229431152
/agv3/capability_report,1788412797.726139,1788412797.721782,3,390132,0.08,0.08,1.0,1.0,2.0,2.0,1.0,0,False,11.745421409606934
/agv1/capability_report,1788412797.7266335,1788412797.7265735,1,391467,0.08,0.08,1.0,1.0,2.0,2.0,1.0,0,False,11.062857627868652
/agv2/capability_report,1788412797.727401,1788412797.7218778,2,391018,0.08,0.08,1.0,1.0,2.0,2.0,1.0,0,False,11.701099395751953
/agv3/capability_report,1788412797.7353122,1788412797.7298002,3,390133,0.08,0.08,1.0,1.0,2.0,2.0,1.0,0,False,11.745421409606934
/agv2/capability_report,1788412797.735433,1788412797.7298713,2,391019,0.08,0.08,1.0,1.0,2.0,2.0,1.0,0,False,11.701099395751953
/agv1/capability_report,1788412797.7388513,1788412797.7387133,1,391468,0.08,0.08,1.0,1.0,2.0,2.0,1.0,0,False,11.062857627868652
/agv3/capability_report,1788412797.746344,1788412797.7417316,3,390134,0.08,0.08,1.0,1.0,2.0,2.0,1.0,0,False,11.745421409606934
/agv1/capability_report,1788412797.746609,1788412797.7465603,1,391469,0.08,0.08,1.0,1.0,2.0,2.0,1.0,0,False,11.062857627868652
/agv2/capability_report,1788412797.7473655,1788412797.7418752,2,391020,0.08,0.08,1.0,1.0,2.0,2.0,1.0,0,False,11.64791202545166
/agv3/capability_report,1788412797.7544563,1788412797.7497811,3,390135,0.08,0.08,1.0,1.0,2.0,2.0,1.0,0,False,11.745421409606934
/agv2/capability_report,1788412797.7554846,1788412797.7498708,2,391021,0.08,0.08,1.0,1.0,2.0,2.0,1.0,0,False,11.64791202545166
/agv1/capability_report,1788412797.7587683,1788412797.7585924,1,391470,0.08,0.08,1.0,1.0,2.0,2.0,1.0,0,False,11.062857627868652
/agv3/capability_report,1788412797.7661853,1788412797.761772,3,390136,0.08,0.08,1.0,1.0,2.0,2.0,1.0,0,False,11.745421409606934
/agv1/capability_report,1788412797.7666392,1788412797.7665582,1,391471,0.08,0.08,1.0,1.0,2.0,2.0,1.0,0,False,11.062857627868652
/agv2/capability_report,1788412797.767636,1788412797.7618499,2,391022,0.08,0.08,1.0,1.0,2.0,2.0,1.0,0,False,11.64791202545166
/agv3/capability_report,1788412797.7743876,1788412797.7697775,3,390137,0.08,0.08,1.0,1.0,2.0,2.0,1.0,0,False,11.745421409606934
/agv2/capability_report,1788412797.7753947,1788412797.7698698,2,391023,0.08,0.08,1.0,1.0,2.0,2.0,1.0,0,False,11.64791202545166
/agv1/capability_report,1788412797.7788043,1788412797.7786088,1,391472,0.08,0.08,1.0,1.0,2.0,2.0,1.0,0,False,11.062857627868652
/agv3/capability_report,1788412797.7864327,1788412797.7818003,3,390138,0.08,0.08,1.0,1.0,2.0,2.0,1.0,0,False,11.745421409606934
/agv1/capability_report,1788412797.786666,1788412797.78662,1,391473,0.08,0.08,1.0,1.0,2.0,2.0,1.0,0,False,11.062857627868652
/agv2/capability_report,1788412797.7890382,1788412797.7818778,2,391024,0.08,0.08,1.0,1.0,2.0,2.0,1.0,0,False,11.64791202545166
/agv3/capability_report,1788412797.794418,1788412797.789797,3,390139,0.08,0.08,1.0,1.0,2.0,2.0,1.0,0,False,11.745421409606934
/agv2/capability_report,1788412797.7951977,1788412797.7898743,2,391025,0.08,0.08,1.0,1.0,2.0,2.0,1.0,0,False,11.64791202545166
/agv1/capability_report,1788412797.7987962,1788412797.798691,1,391474,0.08,0.08,1.0,1.0,2.0,2.0,1.0,0,False,11.062857627868652
/agv3/capability_report,1788412797.806484,1788412797.8017838,3,390140,0.08,0.08,1.0,1.0,2.0,2.0,1.0,0,False,11.745421409606934
/agv1/capability_report,1788412797.806631,1788412797.8065708,1,391475,0.08,0.08,1.0,1.0,2.0,2.0,1.0,0,False,11.062857627868652
/agv2/capability_report,1788412797.8082778,1788412797.801872,2,391026,0.08,0.08,1.0,1.0,2.0,2.0,1.0,0,False,11.64791202545166
/agv3/capability_report,1788412797.8150516,1788412797.8097413,3,390141,0.08,0.08,1.0,1.0,2.0,2.0,1.0,0,False,11.745421409606934
/agv1/capability_report,1788412797.8187408,1788412797.8186078,1,391476,0.08,0.08,1.0,1.0,2.0,2.0,1.0,0,False,11.062857627868652
/agv2/capability_report,1788412797.819763,1788412797.8098304,2,391027,0.08,0.08,1.0,1.0,2.0,2.0,1.0,0,False,11.64791202545166
/agv3/capability_report,1788412797.8262918,1788412797.8218207,3,390142,0.08,0.08,1.0,1.0,2.0,2.0,1.0,0,False,11.745421409606934
/agv1/capability_report,1788412797.8266308,1788412797.8265703,1,391477,0.08,0.08,1.0,1.0,2.0,2.0,1.0,0,False,11.062857627868652
/agv2/capability_report,1788412797.832534,1788412797.821874,2,391028,0.08,0.08,1.0,1.0,2.0,2.0,1.0,0,False,11.64791202545166
/agv2/capability_report,1788412797.836406,1788412797.8298256,2,391029,0.08,0.08,1.0,1.0,2.0,2.0,1.0,0,False,11.64791202545166
/agv3/capability_report,1788412797.8378046,1788412797.8297932,3,390143,0.08,0.08,1.0,1.0,2.0,2.0,1.0,0,False,11.745421409606934
/agv1/capability_report,1788412797.8387177,1788412797.8386204,1,391478,0.08,0.08,1.0,1.0,2.0,2.0,1.0,0,False,11.062857627868652
/agv3/capability_report,1788412797.8466868,1788412797.8417923,3,390144,0.08,0.08,1.0,1.0,2.0,2.0,1.0,0,False,11.745421409606934
/agv1/capability_report,1788412797.846714,1788412797.8465672,1,391479,0.08,0.08,1.0,1.0,2.0,2.0,1.0,0,False,11.062857627868652
/agv2/capability_report,1788412797.8490448,1788412797.8418698,2,391030,0.08,0.08,1.0,1.0,2.0,2.0,1.0,0,False,11.64791202545166
/agv3/capability_report,1788412797.8547945,1788412797.8497632,3,390145,0.08,0.08,1.0,1.0,2.0,2.0,1.0,0,False,11.745421409606934
/agv2/capability_report,1788412797.8555658,1788412797.8498719,2,391031,0.08,0.08,1.0,1.0,2.0,2.0,1.0,0,False,11.64791202545166
/agv1/capability_report,1788412797.8588378,1788412797.8586268,1,391480,0.08,0.08,1.0,1.0,2.0,2.0,1.0,0,False,11.062857627868652
/agv1/capability_report,1788412797.866747,1788412797.86659,1,391481,0.08,0.08,1.0,1.0,2.0,2.0,1.0,0,False,11.062857627868652
/agv3/capability_report,1788412797.8671331,1788412797.8617911,3,390146,0.08,0.08,1.0,1.0,2.0,2.0,1.0,0,False,11.825201034545898
/agv2/capability_report,1788412797.8682103,1788412797.8618598,2,391032,0.08,0.08,1.0,1.0,2.0,2.0,1.0,0,False,11.64791202545166
/agv3/capability_report,1788412797.8744226,1788412797.86978,3,390147,0.08,0.08,1.0,1.0,2.0,2.0,1.0,0,False,11.825201034545898
/agv2/capability_report,1788412797.8761644,1788412797.8698814,2,391033,0.08,0.08,1.0,1.0,2.0,2.0,1.0,0,False,11.64791202545166
/agv1/capability_report,1788412797.8787415,1788412797.8786101,1,391482,0.08,0.08,1.0,1.0,2.0,2.0,1.0,0,False,11.062857627868652
/agv3/capability_report,1788412797.8862255,1788412797.8817658,3,390148,0.08,0.08,1.0,1.0,2.0,2.0,1.0,0,False,11.825201034545898
/agv1/capability_report,1788412797.8866253,1788412797.8865538,1,391483,0.08,0.08,1.0,1.0,2.0,2.0,1.0,0,False,11.231282234191895
/agv2/capability_report,1788412797.8884847,1788412797.8818665,2,391034,0.08,0.08,1.0,1.0,2.0,2.0,1.0,0,False,11.64791202545166
/agv3/capability_report,1788412797.8944507,1788412797.8897781,3,390149,0.08,0.08,1.0,1.0,2.0,2.0,1.0,0,False,11.825201034545898
/agv2/capability_report,1788412797.8959079,1788412797.8898733,2,391035,0.08,0.08,1.0,1.0,2.0,2.0,1.0,0,False,11.64791202545166
/agv1/capability_report,1788412797.898796,1788412797.8986099,1,391484,0.08,0.08,1.0,1.0,2.0,2.0,1.0,0,False,11.231282234191895
/agv1/capability_report,1788412797.906747,1788412797.906556,1,391485,0.08,0.08,1.0,1.0,2.0,2.0,1.0,0,False,11.231282234191895
/agv3/capability_report,1788412797.906984,1788412797.9017954,3,390150,0.08,0.08,1.0,1.0,2.0,2.0,1.0,0,False,11.825201034545898
/agv2/capability_report,1788412797.907205,1788412797.901876,2,391036,0.08,0.08,1.0,1.0,2.0,2.0,1.0,0,False,11.621318817138672
/agv3/capability_report,1788412797.914401,1788412797.9097822,3,390151,0.08,0.08,1.0,1.0,2.0,2.0,1.0,0,False,11.825201034545898
/agv2/capability_report,1788412797.916029,1788412797.9098356,2,391037,0.08,0.08,1.0,1.0,2.0,2.0,1.0,0,False,11.621318817138672
/agv1/capability_report,1788412797.9187076,1788412797.9185617,1,391486,0.08,0.08,1.0,1.0,2.0,2.0,1.0,0,False,11.231282234191895
/agv3/capability_report,1788412797.926241,1788412797.921768,3,390152,0.08,0.08,1.0,1.0,2.0,2.0,1.0,0,False,11.825201034545898
/agv1/capability_report,1788412797.9266539,1788412797.9265602,1,391487,0.08,0.08,1.0,1.0,2.0,2.0,1.0,0,False,11.231282234191895
/agv2/capability_report,1788412797.9283438,1788412797.921872,2,391038,0.08,0.08,1.0,1.0,2.0,2.0,1.0,0,False,11.621318817138672
/agv3/capability_report,1788412797.934624,1788412797.9297848,3,390153,0.08,0.08,1.0,1.0,2.0,2.0,1.0,0,False,11.825201034545898
/agv2/capability_report,1788412797.9355543,1788412797.9298542,2,391039,0.08,0.08,1.0,1.0,2.0,2.0,1.0,0,False,11.621318817138672
/agv1/capability_report,1788412797.9388053,1788412797.9386127,1,391488,0.08,0.08,1.0,1.0,2.0,2.0,1.0,0,False,11.231282234191895
/agv3/capability_report,1788412797.9463177,1788412797.941743,3,390154,0.08,0.08,1.0,1.0,2.0,2.0,1.0,0,False,11.825201034545898
/agv1/capability_report,1788412797.9467316,1788412797.9466026,1,391489,0.08,0.08,1.0,1.0,2.0,2.0,1.0,0,False,11.231282234191895
/agv2/capability_report,1788412797.9478934,1788412797.9418695,2,391040,0.08,0.08,1.0,1.0,2.0,2.0,1.0,0,False,11.621318817138672
/agv3/capability_report,1788412797.954442,1788412797.9497817,3,390155,0.08,0.08,1.0,1.0,2.0,2.0,1.0,0,False,11.825201034545898
/agv2/capability_report,1788412797.957204,1788412797.9498942,2,391041,0.08,0.08,1.0,1.0,2.0,2.0,1.0,0,False,11.621318817138672
/agv1/capability_report,1788412797.9588697,1788412797.9586031,1,391490,0.08,0.08,1.0,1.0,2.0,2.0,1.0,0,False,11.231282234191895
/agv1/capability_report,1788412797.9667208,1788412797.9665878,1,391491,0.08,0.08,1.0,1.0,2.0,2.0,1.0,0,False,11.231282234191895
/agv2/capability_report,1788412797.9670255,1788412797.9618826,2,391042,0.08,0.08,1.0,1.0,2.0,2.0,1.0,0,False,11.621318817138672
/agv3/capability_report,1788412797.967045,1788412797.9617662,3,390156,0.08,0.08,1.0,1.0,2.0,2.0,1.0,0,False,11.825201034545898
/agv3/capability_report,1788412797.975434,1788412797.9697826,3,390157,0.08,0.08,1.0,1.0,2.0,2.0,1.0,0,False,11.825201034545898
/agv2/capability_report,1788412797.975619,1788412797.969904,2,391043,0.08,0.08,1.0,1.0,2.0,2.0,1.0,0,False,11.621318817138672
/agv1/capability_report,1788412797.9788084,1788412797.978607,1,391492,0.08,0.08,1.0,1.0,2.0,2.0,1.0,0,False,11.231282234191895
/agv1/capability_report,1788412797.986736,1788412797.986586,1,391493,0.08,0.08,1.0,1.0,2.0,2.0,1.0,0,False,11.231282234191895
/agv3/capability_report,1788412797.9870164,1788412797.9817166,3,390158,0.08,0.08,1.0,1.0,2.0,2.0,1.0,0,False,11.825201034545898
/agv2/capability_report,1788412797.989114,1788412797.9818335,2,391044,0.08,0.08,1.0,1.0,2.0,2.0,1.0,0,False,11.621318817138672
/agv3/capability_report,1788412797.9951098,1788412797.989804,3,390159,0.08,0.08,1.0,1.0,2.0,2.0,1.0,0,False,11.825201034545898
/agv2/capability_report,1788412797.9964778,1788412797.9898958,2,391045,0.08,0.08,1.0,1.0,2.0,2.0,1.0,0,False,11.621318817138672
/agv1/capability_report,1788412797.9988573,1788412797.998607,1,391494,0.08,0.08,1.0,1.0,2.0,2.0,1.0,0,False,11.231282234191895
/agv3/capability_report,1788412798.006243,1788412798.0017726,3,390160,0.08,0.08,1.0,1.0,2.0,2.0,1.0,0,False,11.825201034545898
/agv1/capability_report,1788412798.0066571,1788412798.0065637,1,391495,0.08,0.08,1.0,1.0,2.0,2.0,1.0,0,False,11.231282234191895
/agv2/capability_report,1788412798.0077353,1788412798.0018747,2,391046,0.08,0.08,1.0,1.0,2.0,2.0,1.0,0,False,11.621318817138672
/agv3/capability_report,1788412798.0145688,1788412798.0097837,3,390161,0.08,0.08,1.0,1.0,2.0,2.0,1.0,0,False,11.825201034545898
/agv2/capability_report,1788412798.0159717,1788412798.009861,2,391047,0.08,0.08,1.0,1.0,2.0,2.0,1.0,0,False,11.621318817138672
/agv1/capability_report,1788412798.0188084,1788412798.0185916,1,391496,0.08,0.08,1.0,1.0,2.0,2.0,1.0,0,False,11.231282234191895
/agv1/capability_report,1788412798.0267124,1788412798.0265844,1,391497,0.08,0.08,1.0,1.0,2.0,2.0,1.0,0,False,11.231282234191895
/agv2/capability_report,1788412798.0283084,1788412798.021874,2,391048,0.08,0.08,1.0,1.0,2.0,2.0,1.0,0,False,11.621318817138672
/agv3/capability_report,1788412798.0283298,1788412798.0217984,3,390162,0.08,0.08,1.0,1.0,2.0,2.0,1.0,0,False,11.665640830993652
/agv3/capability_report,1788412798.0343738,1788412798.0297976,3,390163,0.08,0.08,1.0,1.0,2.0,2.0,1.0,0,False,11.665640830993652
/agv2/capability_report,1788412798.035628,1788412798.029877,2,391049,0.08,0.08,1.0,1.0,2.0,2.0,1.0,0,False,11.621318817138672
/agv1/capability_report,1788412798.0387847,1788412798.038602,1,391498,0.08,0.08,1.0,1.0,2.0,2.0,1.0,0,False,11.231282234191895
/agv3/capability_report,1788412798.0461764,1788412798.0417695,3,390164,0.08,0.08,1.0,1.0,2.0,2.0,1.0,0,False,11.665640830993652
/agv1/capability_report,1788412798.046633,1788412798.046553,1,391499,0.08,0.08,1.0,1.0,2.0,2.0,1.0,0,False,11.319927215576172
/agv2/capability_report,1788412798.0476818,1788412798.0418723,2,391050,0.08,0.08,1.0,1.0,2.0,2.0,1.0,0,False,11.621318817138672
/agv3/capability_report,1788412798.054583,1788412798.0497925,3,390165,0.08,0.08,1.0,1.0,2.0,2.0,1.0,0,False,11.665640830993652
/agv2/capability_report,1788412798.0554168,1788412798.0498776,2,391051,0.08,0.08,1.0,1.0,2.0,2.0,1.0,0,False,11.621318817138672
/agv1/capability_report,1788412798.058621,1788412798.058554,1,391500,0.08,0.08,1.0,1.0,2.0,2.0,1.0,0,False,11.319927215576172
/agv3/capability_report,1788412798.066379,1788412798.0617716,3,390166,0.08,0.08,1.0,1.0,2.0,2.0,1.0,0,False,11.665640830993652
/agv1/capability_report,1788412798.0666416,1788412798.0665534,1,391501,0.08,0.08,1.0,1.0,2.0,2.0,1.0,0,False,11.319927215576172
/agv2/capability_report,1788412798.0676372,1788412798.061857,2,391052,0.08,0.08,1.0,1.0,2.0,2.0,1.0,0,False,11.639047622680664
/agv3/capability_report,1788412798.0745924,1788412798.0697865,3,390167,0.08,0.08,1.0,1.0,2.0,2.0,1.0,0,False,11.665640830993652
/agv2/capability_report,1788412798.075594,1788412798.0698721,2,391053,0.08,0.08,1.0,1.0,2.0,2.0,1.0,0,False,11.639047622680664
/agv1/capability_report,1788412798.078772,1788412798.078588,1,391502,0.08,0.08,1.0,1.0,2.0,2.0,1.0,0,False,11.319927215576172
/agv3/capability_report,1788412798.0861747,1788412798.0817757,3,390168,0.08,0.08,1.0,1.0,2.0,2.0,1.0,0,False,11.665640830993652
/agv1/capability_report,1788412798.0866506,1788412798.0865533,1,391503,0.08,0.08,1.0,1.0,2.0,2.0,1.0,0,False,11.319927215576172
/agv2/capability_report,1788412798.0876,1788412798.0818708,2,391054,0.08,0.08,1.0,1.0,2.0,2.0,1.0,0,False,11.639047622680664
/agv3/capability_report,1788412798.094439,1788412798.0897868,3,390169,0.08,0.08,1.0,1.0,2.0,2.0,1.0,0,False,11.665640830993652
/agv2/capability_report,1788412798.0957174,1788412798.0898697,2,391055,0.08,0.08,1.0,1.0,2.0,2.0,1.0,0,False,11.639047622680664
/agv1/capability_report,1788412798.0987432,1788412798.0985804,1,391504,0.08,0.08,1.0,1.0,2.0,2.0,1.0,0,False,11.319927215576172
/agv3/capability_report,1788412798.1064463,1788412798.1017945,3,390170,0.08,0.08,1.0,1.0,2.0,2.0,1.0,0,False,11.665640830993652
/agv1/capability_report,1788412798.1066153,1788412798.1065607,1,391505,0.08,0.08,1.0,1.0,2.0,2.0,1.0,0,False,11.319927215576172
/agv2/capability_report,1788412798.10739,1788412798.1018696,2,391056,0.08,0.08,1.0,1.0,2.0,2.0,1.0,0,False,11.639047622680664
/agv3/capability_report,1788412798.1144364,1788412798.1097913,3,390171,0.08,0.08,1.0,1.0,2.0,2.0,1.0,0,False,11.665640830993652
/agv2/capability_report,1788412798.115615,1788412798.1098752,2,391057,0.08,0.08,1.0,1.0,2.0,2.0,1.0,0,False,11.639047622680664
/agv1/capability_report,1788412798.118619,1788412798.1185126,1,391506,0.08,0.08,1.0,1.0,2.0,2.0,1.0,0,False,11.319927215576172
/agv3/capability_report,1788412798.1261806,1788412798.1217756,3,390172,0.08,0.08,1.0,1.0,2.0,2.0,1.0,0,False,11.665640830993652
/agv1/capability_report,1788412798.1266806,1788412798.1265557,1,391507,0.08,0.08,1.0,1.0,2.0,2.0,1.0,0,False,11.319927215576172
/agv2/capability_report,1788412798.1275501,1788412798.1218703,2,391058,0.08,0.08,1.0,1.0,2.0,2.0,1.0,0,False,11.639047622680664
/agv3/capability_report,1788412798.1351209,1788412798.1297708,3,390173,0.08,0.08,1.0,1.0,2.0,2.0,1.0,0,False,11.665640830993652
/agv2/capability_report,1788412798.1372902,1788412798.1299257,2,391059,0.08,0.08,1.0,1.0,2.0,2.0,1.0,0,False,11.639047622680664
/agv1/capability_report,1788412798.1388304,1788412798.1385932,1,391508,0.08,0.08,1.0,1.0,2.0,2.0,1.0,0,False,11.319927215576172
/agv3/capability_report,1788412798.1462922,1788412798.141748,3,390174,0.08,0.08,1.0,1.0,2.0,2.0,1.0,0,False,11.665640830993652
/agv1/capability_report,1788412798.1466067,1788412798.1465614,1,391509,0.08,0.08,1.0,1.0,2.0,2.0,1.0,0,False,11.319927215576172
/agv2/capability_report,1788412798.1477232,1788412798.1418748,2,391060,0.08,0.08,1.0,1.0,2.0,2.0,1.0,0,False,11.639047622680664
/agv3/capability_report,1788412798.1544611,1788412798.1497898,3,390175,0.08,0.08,1.0,1.0,2.0,2.0,1.0,0,False,11.665640830993652
/agv2/capability_report,1788412798.155661,1788412798.149875,2,391061,0.08,0.08,1.0,1.0,2.0,2.0,1.0,0,False,11.639047622680664
/agv1/capability_report,1788412798.1588063,1788412798.1585894,1,391510,0.08,0.08,1.0,1.0,2.0,2.0,1.0,0,False,11.319927215576172
/agv3/capability_report,1788412798.1662292,1788412798.1617653,3,390176,0.08,0.08,1.0,1.0,2.0,2.0,1.0,0,False,11.665640830993652
/agv1/capability_report,1788412798.1666725,1788412798.1665556,1,391511,0.08,0.08,1.0,1.0,2.0,2.0,1.0,0,False,11.319927215576172
/agv2/capability_report,1788412798.168091,1788412798.1618779,2,391062,0.08,0.08,1.0,1.0,2.0,2.0,1.0,0,False,11.639047622680664
/agv3/capability_report,1788412798.1750934,1788412798.169788,3,390177,0.08,0.08,1.0,1.0,2.0,2.0,1.0,0,False,11.665640830993652
/agv2/capability_report,1788412798.1752682,1788412798.1699154,2,391063,0.08,0.08,1.0,1.0,2.0,2.0,1.0,0,False,11.639047622680664
/agv1/capability_report,1788412798.178664,1788412798.1785595,1,391512,0.08,0.08,1.0,1.0,2.0,2.0,1.0,0,False,11.319927215576172
/agv1/capability_report,1788412798.186657,1788412798.1865604,1,391513,0.08,0.08,1.0,1.0,2.0,2.0,1.0,0,False,11.319927215576172
/agv3/capability_report,1788412798.1872997,1788412798.1817927,3,390178,0.08,0.08,1.0,1.0,2.0,2.0,1.0,0,False,11.807472229003906
/agv2/capability_report,1788412798.1894407,1788412798.1818736,2,391064,0.08,0.08,1.0,1.0,2.0,2.0,1.0,0,False,11.639047622680664
/agv3/capability_report,1788412798.194412,1788412798.1897883,3,390179,0.08,0.08,1.0,1.0,2.0,2.0,1.0,0,False,11.807472229003906
/agv2/capability_report,1788412798.1954932,1788412798.1898715,2,391065,0.08,0.08,1.0,1.0,2.0,2.0,1.0,0,False,11.639047622680664
/agv1/capability_report,1788412798.198829,1788412798.198587,1,391514,0.08,0.08,1.0,1.0,2.0,2.0,1.0,0,False,10.867838859558105
/agv3/capability_report,1788412798.2062433,1788412798.2017665,3,390180,0.08,0.08,1.0,1.0,2.0,2.0,1.0,0,False,11.807472229003906
/agv1/capability_report,1788412798.2066975,1788412798.2065563,1,391515,0.08,0.08,1.0,1.0,2.0,2.0,1.0,0,False,10.867838859558105
/agv2/capability_report,1788412798.2074907,1788412798.2018733,2,391066,0.08,0.08,1.0,1.0,2.0,2.0,1.0,0,False,11.639047622680664
/agv3/capability_report,1788412798.2149806,1788412798.2097342,3,390181,0.08,0.08,1.0,1.0,2.0,2.0,1.0,0,False,11.807472229003906
/agv2/capability_report,1788412798.2166593,1788412798.2098684,2,391067,0.08,0.08,1.0,1.0,2.0,2.0,1.0,0,False,11.639047622680664
/agv1/capability_report,1788412798.2187202,1788412798.2186139,1,391516,0.08,0.08,1.0,1.0,2.0,2.0,1.0,0,False,10.867838859558105
/agv3/capability_report,1788412798.2264936,1788412798.221796,3,390182,0.08,0.08,1.0,1.0,2.0,2.0,1.0,0,False,11.807472229003906
/agv1/capability_report,1788412798.226646,1788412798.226572,1,391517,0.08,0.08,1.0,1.0,2.0,2.0,1.0,0,False,10.867838859558105
/agv2/capability_report,1788412798.227598,1788412798.2218401,2,391068,0.08,0.08,1.0,1.0,2.0,2.0,1.0,0,False,11.701099395751953
/agv3/capability_report,1788412798.2344441,1788412798.2298355,3,390183,0.08,0.08,1.0,1.0,2.0,2.0,1.0,0,False,11.807472229003906
/agv2/capability_report,1788412798.2373142,1788412798.2298753,2,391069,0.08,0.08,1.0,1.0,2.0,2.0,1.0,0,False,11.701099395751953
/agv1/capability_report,1788412798.2388139,1788412798.2386677,1,391518,0.08,0.08,1.0,1.0,2.0,2.0,1.0,0,False,10.867838859558105
/agv3/capability_report,1788412798.2461855,1788412798.2418127,3,390184,0.08,0.08,1.0,1.0,2.0,2.0,1.0,0,False,11.807472229003906
/agv1/capability_report,1788412798.2467365,1788412798.2465675,1,391519,0.08,0.08,1.0,1.0,2.0,2.0,1.0,0,False,10.867838859558105
/agv2/capability_report,1788412798.2474253,1788412798.2418606,2,391070,0.08,0.08,1.0,1.0,2.0,2.0,1.0,0,False,11.701099395751953
/agv3/capability_report,1788412798.254873,1788412798.2497652,3,390185,0.08,0.08,1.0,1.0,2.0,2.0,1.0,0,False,11.807472229003906
/agv2/capability_report,1788412798.2563488,1788412798.2498755,2,391071,0.08,0.08,1.0,1.0,2.0,2.0,1.0,0,False,11.701099395751953
/agv1/capability_report,1788412798.2587385,1788412798.2586117,1,391520,0.08,0.08,1.0,1.0,2.0,2.0,1.0,0,False,10.867838859558105
/agv3/capability_report,1788412798.2664468,1788412798.261716,3,390186,0.08,0.08,1.0,1.0,2.0,2.0,1.0,0,False,11.807472229003906
/agv1/capability_report,1788412798.2666528,1788412798.2665725,1,391521,0.08,0.08,1.0,1.0,2.0,2.0,1.0,0,False,10.867838859558105
/agv2/capability_report,1788412798.2699842,1788412798.26192,2,391072,0.08,0.08,1.0,1.0,2.0,2.0,1.0,0,False,11.701099395751953
/agv3/capability_report,1788412798.274338,1788412798.2697964,3,390187,0.08,0.08,1.0,1.0,2.0,2.0,1.0,0,False,11.807472229003906
/agv2/capability_report,1788412798.2764974,1788412798.2698736,2,391073,0.08,0.08,1.0,1.0,2.0,2.0,1.0,0,False,11.701099395751953
/agv1/capability_report,1788412798.2787244,1788412798.2785954,1,391522,0.08,0.08,1.0,1.0,2.0,2.0,1.0,0,False,10.867838859558105
/agv3/capability_report,1788412798.286258,1788412798.281786,3,390188,0.08,0.08,1.0,1.0,2.0,2.0,1.0,0,False,11.807472229003906
/agv1/capability_report,1788412798.2866015,1788412798.2865572,1,391523,0.08,0.08,1.0,1.0,2.0,2.0,1.0,0,False,10.867838859558105
/agv2/capability_report,1788412798.2875755,1788412798.2819073,2,391074,0.08,0.08,1.0,1.0,2.0,2.0,1.0,0,False,11.701099395751953
/agv3/capability_report,1788412798.2945585,1788412798.2897782,3,390189,0.08,0.08,1.0,1.0,2.0,2.0,1.0,0,False,11.807472229003906
/agv2/capability_report,1788412798.295469,1788412798.289878,2,391075,0.08,0.08,1.0,1.0,2.0,2.0,1.0,0,False,11.701099395751953
/agv1/capability_report,1788412798.2987757,1788412798.2986026,1,391524,0.08,0.08,1.0,1.0,2.0,2.0,1.0,0,False,10.867838859558105
/agv3/capability_report,1788412798.306349,1788412798.3017917,3,390190,0.08,0.08,1.0,1.0,2.0,2.0,1.0,0,False,11.807472229003906
/agv1/capability_report,1788412798.3067026,1788412798.3065999,1,391525,0.08,0.08,1.0,1.0,2.0,2.0,1.0,0,False,10.867838859558105
/agv2/capability_report,1788412798.3090234,1788412798.3018723,2,391076,0.08,0.08,1.0,1.0,2.0,2.0,1.0,0,False,11.701099395751953
/agv3/capability_report,1788412798.3143046,1788412798.3097165,3,390191,0.08,0.08,1.0,1.0,2.0,2.0,1.0,0,False,11.807472229003906
/agv2/capability_report,1788412798.3165398,1788412798.3098683,2,391077,0.08,0.08,1.0,1.0,2.0,2.0,1.0,0,False,11.701099395751953
/agv1/capability_report,1788412798.3187387,1788412798.3186586,1,391526,0.08,0.08,1.0,1.0,2.0,2.0,1.0,0,False,10.867838859558105
/agv3/capability_report,1788412798.3264163,1788412798.3217838,3,390192,0.08,0.08,1.0,1.0,2.0,2.0,1.0,0,False,11.807472229003906
/agv1/capability_report,1788412798.3267076,1788412798.3265781,1,391527,0.08,0.08,1.0,1.0,2.0,2.0,1.0,0,False,10.867838859558105
/agv2/capability_report,1788412798.3268902,1788412798.3218763,2,391078,0.08,0.08,1.0,1.0,2.0,2.0,1.0,0,False,11.701099395751953
/agv3/capability_report,1788412798.3345258,1788412798.3297803,3,390193,0.08,0.08,1.0,1.0,2.0,2.0,1.0,0,False,11.807472229003906
/agv2/capability_report,1788412798.3363492,1788412798.3298812,2,391079,0.08,0.08,1.0,1.0,2.0,2.0,1.0,0,False,11.701099395751953
/agv1/capability_report,1788412798.3386598,1788412798.3385837,1,391528,0.08,0.08,1.0,1.0,2.0,2.0,1.0,0,False,10.867838859558105
/agv3/capability_report,1788412798.346293,1788412798.341738,3,390194,0.08,0.08,1.0,1.0,2.0,2.0,1.0,0,False,11.639047622680664
/agv1/capability_report,1788412798.3466682,1788412798.3465607,1,391529,0.08,0.08,1.0,1.0,2.0,2.0,1.0,0,False,10.867838859558105
/agv2/capability_report,1788412798.3474424,1788412798.3418746,2,391080,0.08,0.08,1.0,1.0,2.0,2.0,1.0,0,False,11.701099395751953
/agv3/capability_report,1788412798.354536,1788412798.3497968,3,390195,0.08,0.08,1.0,1.0,2.0,2.0,1.0,0,False,11.639047622680664
/agv2/capability_report,1788412798.3559206,1788412798.3498724,2,391081,0.08,0.08,1.0,1.0,2.0,2.0,1.0,0,False,11.701099395751953
/agv1/capability_report,1788412798.3586807,1788412798.3585923,1,391530,0.08,0.08,1.0,1.0,2.0,2.0,1.0,0,False,11.071722030639648
/agv1/capability_report,1788412798.36678,1788412798.3665838,1,391531,0.08,0.08,1.0,1.0,2.0,2.0,1.0,0,False,11.071722030639648
/agv2/capability_report,1788412798.3679774,1788412798.361878,2,391082,0.08,0.08,1.0,1.0,2.0,2.0,1.0,0,False,11.701099395751953
/agv3/capability_report,1788412798.3679879,1788412798.361789,3,390196,0.08,0.08,1.0,1.0,2.0,2.0,1.0,0,False,11.639047622680664
/agv3/capability_report,1788412798.3743634,1788412798.3697975,3,390197,0.08,0.08,1.0,1.0,2.0,2.0,1.0,0,False,11.639047622680664
/agv2/capability_report,1788412798.3753095,1788412798.369894,2,391083,0.08,0.08,1.0,1.0,2.0,2.0,1.0,0,False,11.683369636535645
/agv1/capability_report,1788412798.3786948,1788412798.3785677,1,391532,0.08,0.08,1.0,1.0,2.0,2.0,1.0,0,False,11.071722030639648
/agv1/capability_report,1788412798.3866994,1788412798.3866024,1,391533,0.08,0.08,1.0,1.0,2.0,2.0,1.0,0,False,11.071722030639648
/agv3/capability_report,1788412798.387856,1788412798.3817778,3,390198,0.08,0.08,1.0,1.0,2.0,2.0,1.0,0,False,11.639047622680664
/agv2/capability_report,1788412798.388867,1788412798.38192,2,391084,0.08,0.08,1.0,1.0,2.0,2.0,1.0,0,False,11.683369636535645
/agv2/capability_report,1788412798.3959785,1788412798.389897,2,391085,0.08,0.08,1.0,1.0,2.0,2.0,1.0,0,False,11.683369636535645
/agv3/capability_report,1788412798.3959827,1788412798.3898232,3,390199,0.08,0.08,1.0,1.0,2.0,2.0,1.0,0,False,11.639047622680664
/agv1/capability_report,1788412798.3986595,1788412798.3985648,1,391534,0.08,0.08,1.0,1.0,2.0,2.0,1.0,0,False,11.071722030639648
/agv3/capability_report,1788412798.4061573,1788412798.4018185,3,390200,0.08,0.08,1.0,1.0,2.0,2.0,1.0,0,False,11.639047622680664
/agv1/capability_report,1788412798.406647,1788412798.4065592,1,391535,0.08,0.08,1.0,1.0,2.0,2.0,1.0,0,False,11.071722030639648
/agv2/capability_report,1788412798.4073603,1788412798.4018588,2,391086,0.08,0.08,1.0,1.0,2.0,2.0,1.0,0,False,11.683369636535645
/agv3/capability_report,1788412798.4151034,1788412798.4098108,3,390201,0.08,0.08,1.0,1.0,2.0,2.0,1.0,0,False,11.639047622680664
/agv2/capability_report,1788412798.4155357,1788412798.4098725,2,391087,0.08,0.08,1.0,1.0,2.0,2.0,1.0,0,False,11.683369636535645
/agv1/capability_report,1788412798.418685,1788412798.4185672,1,391536,0.08,0.08,1.0,1.0,2.0,2.0,1.0,0,False,11.071722030639648
/agv3/capability_report,1788412798.4262557,1788412798.4218142,3,390202,0.08,0.08,1.0,1.0,2.0,2.0,1.0,0,False,11.639047622680664
/agv1/capability_report,1788412798.426652,1788412798.4265592,1,391537,0.08,0.08,1.0,1.0,2.0,2.0,1.0,0,False,11.071722030639648
/agv2/capability_report,1788412798.4271684,1788412798.421867,2,391088,0.08,0.08,1.0,1.0,2.0,2.0,1.0,0,False,11.683369636535645
/agv3/capability_report,1788412798.434652,1788412798.4298193,3,390203,0.08,0.08,1.0,1.0,2.0,2.0,1.0,0,False,11.639047622680664
/agv2/capability_report,1788412798.436367,1788412798.4298713,2,391089,0.08,0.08,1.0,1.0,2.0,2.0,1.0,0,False,11.683369636535645
/agv1/capability_report,1788412798.4386444,1788412798.4385567,1,391538,0.08,0.08,1.0,1.0,2.0,2.0,1.0,0,False,11.071722030639648
/agv3/capability_report,1788412798.4463139,1788412798.4418054,3,390204,0.08,0.08,1.0,1.0,2.0,2.0,1.0,0,False,11.639047622680664
/agv1/capability_report,1788412798.4466457,1788412798.446558,1,391539,0.08,0.08,1.0,1.0,2.0,2.0,1.0,0,False,11.071722030639648
/agv2/capability_report,1788412798.447023,1788412798.4418688,2,391090,0.08,0.08,1.0,1.0,2.0,2.0,1.0,0,False,11.683369636535645
/agv3/capability_report,1788412798.4546003,1788412798.4498029,3,390205,0.08,0.08,1.0,1.0,2.0,2.0,1.0,0,False,11.639047622680664
/agv2/capability_report,1788412798.4552937,1788412798.4498699,2,391091,0.08,0.08,1.0,1.0,2.0,2.0,1.0,0,False,11.683369636535645
/agv1/capability_report,1788412798.4587471,1788412798.4585972,1,391540,0.08,0.08,1.0,1.0,2.0,2.0,1.0,0,False,11.071722030639648
/agv3/capability_report,1788412798.4665673,1788412798.4618063,3,390206,0.08,0.08,1.0,1.0,2.0,2.0,1.0,0,False,11.639047622680664
/agv1/capability_report,1788412798.4667265,1788412798.4666026,1,391541,0.08,0.08,1.0,1.0,2.0,2.0,1.0,0,False,11.071722030639648
/agv2/capability_report,1788412798.4710433,1788412798.461893,2,391092,0.08,0.08,1.0,1.0,2.0,2.0,1.0,0,False,11.683369636535645
/agv2/capability_report,1788412798.4754767,1788412798.469869,2,391093,0.08,0.08,1.0,1.0,2.0,2.0,1.0,0,False,11.683369636535645
/agv1/capability_report,1788412798.4787025,1788412798.478609,1,391542,0.08,0.08,1.0,1.0,2.0,2.0,1.0,0,False,11.071722030639648
/agv3/capability_report,1788412798.4813414,1788412798.469797,3,390207,0.08,0.08,1.0,1.0,2.0,2.0,1.0,0,False,11.639047622680664
/agv3/capability_report,1788412798.4861836,1788412798.481788,3,390208,0.08,0.08,1.0,1.0,2.0,2.0,1.0,0,False,11.639047622680664
/agv1/capability_report,1788412798.486671,1788412798.4865677,1,391543,0.08,0.08,1.0,1.0,2.0,2.0,1.0,0,False,11.071722030639648
/agv2/capability_report,1788412798.487578,1788412798.4818661,2,391094,0.08,0.08,1.0,1.0,2.0,2.0,1.0,0,False,11.683369636535645
/agv3/capability_report,1788412798.4943466,1788412798.4897988,3,390209,0.08,0.08,1.0,1.0,2.0,2.0,1.0,0,False,11.639047622680664
/agv1/capability_report,1788412798.4987357,1788412798.4986255,1,391544,0.08,0.08,1.0,1.0,2.0,2.0,1.0,0,False,11.071722030639648
/agv2/capability_report,1788412798.4998155,1788412798.4898443,2,391095,0.08,0.08,1.0,1.0,2.0,2.0,1.0,0,False,11.683369636535645
/agv3/capability_report,1788412798.5063527,1788412798.501767,3,390210,0.08,0.08,1.0,1.0,2.0,2.0,1.0,0,False,11.75428581237793
/agv1/capability_report,1788412798.5066595,1788412798.5065622,1,391545,0.08,0.08,1.0,1.0,2.0,2.0,1.0,0,False,11.071722030639648
/agv2/capability_report,1788412798.5092452,1788412798.5018733,2,391096,0.08,0.08,1.0,1.0,2.0,2.0,1.0,0,False,11.683369636535645
/agv3/capability_report,1788412798.5146406,1788412798.5097852,3,390211,0.08,0.08,1.0,1.0,2.0,2.0,1.0,0,False,11.75428581237793
/agv2/capability_report,1788412798.5166395,1788412798.5098774,2,391097,0.08,0.08,1.0,1.0,2.0,2.0,1.0,0,False,11.683369636535645
/agv1/capability_report,1788412798.5188148,1788412798.518613,1,391546,0.08,0.08,1.0,1.0,2.0,2.0,1.0,0,False,11.204689025878906
/agv3/capability_report,1788412798.5262039,1788412798.5217447,3,390212,0.08,0.08,1.0,1.0,2.0,2.0,1.0,0,False,11.75428581237793
/agv1/capability_report,1788412798.5266957,1788412798.526557,1,391547,0.08,0.08,1.0,1.0,2.0,2.0,1.0,0,False,11.204689025878906
/agv2/capability_report,1788412798.5270753,1788412798.5218713,2,391098,0.08,0.08,1.0,1.0,2.0,2.0,1.0,0,False,11.683369636535645
/agv3/capability_report,1788412798.534566,1788412798.5298004,3,390213,0.08,0.08,1.0,1.0,2.0,2.0,1.0,0,False,11.75428581237793
/agv2/capability_report,1788412798.5357373,1788412798.5298743,2,391099,0.08,0.08,1.0,1.0,2.0,2.0,1.0,0,False,11.683369636535645
/agv1/capability_report,1788412798.5387518,1788412798.5385628,1,391548,0.08,0.08,1.0,1.0,2.0,2.0,1.0,0,False,11.204689025878906
/agv3/capability_report,1788412798.5463197,1788412798.5418317,3,390214,0.08,0.08,1.0,1.0,2.0,2.0,1.0,0,False,11.75428581237793
/agv1/capability_report,1788412798.5466688,1788412798.5465615,1,391549,0.08,0.08,1.0,1.0,2.0,2.0,1.0,0,False,11.204689025878906
/agv2/capability_report,1788412798.547992,1788412798.5418682,2,391100,0.08,0.08,1.0,1.0,2.0,2.0,1.0,0,False,11.683369636535645
/agv3/capability_report,1788412798.554478,1788412798.5498002,3,390215,0.08,0.08,1.0,1.0,2.0,2.0,1.0,0,False,11.75428581237793
/agv2/capability_report,1788412798.5564322,1788412798.5498722,2,391101,0.08,0.08,1.0,1.0,2.0,2.0,1.0,0,False,11.683369636535645
/agv1/capability_report,1788412798.5588298,1788412798.5585918,1,391550,0.08,0.08,1.0,1.0,2.0,2.0,1.0,0,False,11.204689025878906
/agv3/capability_report,1788412798.56666,1788412798.5617836,3,390216,0.08,0.08,1.0,1.0,2.0,2.0,1.0,0,False,11.75428581237793
/agv1/capability_report,1788412798.566721,1788412798.5665596,1,391551,0.08,0.08,1.0,1.0,2.0,2.0,1.0,0,False,11.204689025878906
/agv2/capability_report,1788412798.568822,1788412798.5618758,2,391102,0.08,0.08,1.0,1.0,2.0,2.0,1.0,0,False,11.683369636535645
/agv3/capability_report,1788412798.5744505,1788412798.5697787,3,390217,0.08,0.08,1.0,1.0,2.0,2.0,1.0,0,False,11.75428581237793
/agv2/capability_report,1788412798.5763094,1788412798.5698736,2,391103,0.08,0.08,1.0,1.0,2.0,2.0,1.0,0,False,11.683369636535645
/agv1/capability_report,1788412798.5787365,1788412798.5785942,1,391552,0.08,0.08,1.0,1.0,2.0,2.0,1.0,0,False,11.204689025878906
/agv1/capability_report,1788412798.5867825,1788412798.586662,1,391553,0.08,0.08,1.0,1.0,2.0,2.0,1.0,0,False,11.204689025878906
/agv3/capability_report,1788412798.586878,1788412798.581786,3,390218,0.08,0.08,1.0,1.0,2.0,2.0,1.0,0,False,11.75428581237793
/agv2/capability_report,1788412798.5909774,1788412798.5818725,2,391104,0.08,0.08,1.0,1.0,2.0,2.0,1.0,0,False,11.683369636535645
/agv3/capability_report,1788412798.5944226,1788412798.5897505,3,390219,0.08,0.08,1.0,1.0,2.0,2.0,1.0,0,False,11.75428581237793
