topic,bag_stamp,header_stamp,experiment_id,method_id,block_id,run_id,phase,run_active,evaluation_active,manual_abort,abort_reason
/multi_agv/experiment_state,1789391509.377148,1789391509.3479636,exp2c_v5b_yaw_effectiveness_hold_exploration,M1b_R1,S1_gamma0p20_down0p6_hold2p5_up0p6_R10_M1b_R1,S1_gamma0p20_down0p6_hold2p5_up0p6_R10_M1b_R1,2,True,True,False,
/multi_agv/experiment_state,1789391509.4481413,1789391509.4479625,exp2c_v5b_yaw_effectiveness_hold_exploration,M1b_R1,S1_gamma0p20_down0p6_hold2p5_up0p6_R10_M1b_R1,S1_gamma0p20_down0p6_hold2p5_up0p6_R10_M1b_R1,2,True,True,False,
/multi_agv/experiment_state,1789391509.548019,1789391509.5479653,exp2c_v5b_yaw_effectiveness_hold_exploration,M1b_R1,S1_gamma0p20_down0p6_hold2p5_up0p6_R10_M1b_R1,S1_gamma0p20_down0p6_hold2p5_up0p6_R10_M1b_R1,2,True,True,False,
/multi_agv/experiment_state,1789391509.6480663,1789391509.6479666,exp2c_v5b_yaw_effectiveness_hold_exploration,M1b_R1,S1_gamma0p20_down0p6_hold2p5_up0p6_R10_M1b_R1,S1_gamma0p20_down0p6_hold2p5_up0p6_R10_M1b_R1,2,True,True,False,
/multi_agv/experiment_state,1789391509.7981706,1789391509.7979882,exp2c_v5b_yaw_effectiveness_hold_exploration,M1b_R1,S1_gamma0p20_down0p6_hold2p5_up0p6_R10_M1b_R1,S1_gamma0p20_down0p6_hold2p5_up0p6_R10_M1b_R1,2,True,True,False,
/multi_agv/experiment_state,1789391509.848186,1789391509.8479612,exp2c_v5b_yaw_effectiveness_hold_exploration,M1b_R1,S1_gamma0p20_down0p6_hold2p5_up0p6_R10_M1b_R1,S1_gamma0p20_down0p6_hold2p5_up0p6_R10_M1b_R1,2,True,True,False,
/multi_agv/experiment_state,1789391509.948078,1789391509.9479704,exp2c_v5b_yaw_effectiveness_hold_exploration,M1b_R1,S1_gamma0p20_down0p6_hold2p5_up0p6_R10_M1b_R1,S1_gamma0p20_down0p6_hold2p5_up0p6_R10_M1b_R1,2,True,True,False,
/multi_agv/experiment_state,1789391510.0481894,1789391510.0479622,exp2c_v5b_yaw_effectiveness_hold_exploration,M1b_R1,S1_gamma0p20_down0p6_hold2p5_up0p6_R10_M1b_R1,S1_gamma0p20_down0p6_hold2p5_up0p6_R10_M1b_R1,2,True,True,False,
/multi_agv/experiment_state,1789391510.148176,1789391510.1479654,exp2c_v5b_yaw_effectiveness_hold_exploration,M1b_R1,S1_gamma0p20_down0p6_hold2p5_up0p6_R10_M1b_R1,S1_gamma0p20_down0p6_hold2p5_up0p6_R10_M1b_R1,2,True,True,False,
/multi_agv/experiment_state,1789391510.2981582,1789391510.2979846,exp2c_v5b_yaw_effectiveness_hold_exploration,M1b_R1,S1_gamma0p20_down0p6_hold2p5_up0p6_R10_M1b_R1,S1_gamma0p20_down0p6_hold2p5_up0p6_R10_M1b_R1,2,True,True,False,
/multi_agv/experiment_state,1789391510.3481116,1789391510.3479638,exp2c_v5b_yaw_effectiveness_hold_exploration,M1b_R1,S1_gamma0p20_down0p6_hold2p5_up0p6_R10_M1b_R1,S1_gamma0p20_down0p6_hold2p5_up0p6_R10_M1b_R1,2,True,True,False,
/multi_agv/experiment_state,1789391510.4480987,1789391510.4479957,exp2c_v5b_yaw_effectiveness_hold_exploration,M1b_R1,S1_gamma0p20_down0p6_hold2p5_up0p6_R10_M1b_R1,S1_gamma0p20_down0p6_hold2p5_up0p6_R10_M1b_R1,2,True,True,False,
/multi_agv/experiment_state,1789391510.5481315,1789391510.547965,exp2c_v5b_yaw_effectiveness_hold_exploration,M1b_R1,S1_gamma0p20_down0p6_hold2p5_up0p6_R10_M1b_R1,S1_gamma0p20_down0p6_hold2p5_up0p6_R10_M1b_R1,2,True,True,False,
/multi_agv/experiment_state,1789391510.6480422,1789391510.6479683,exp2c_v5b_yaw_effectiveness_hold_exploration,M1b_R1,S1_gamma0p20_down0p6_hold2p5_up0p6_R10_M1b_R1,S1_gamma0p20_down0p6_hold2p5_up0p6_R10_M1b_R1,2,True,True,False,
/multi_agv/experiment_state,1789391510.7981753,1789391510.7979825,exp2c_v5b_yaw_effectiveness_hold_exploration,M1b_R1,S1_gamma0p20_down0p6_hold2p5_up0p6_R10_M1b_R1,S1_gamma0p20_down0p6_hold2p5_up0p6_R10_M1b_R1,2,True,True,False,
/multi_agv/experiment_state,1789391510.8481586,1789391510.8479867,exp2c_v5b_yaw_effectiveness_hold_exploration,M1b_R1,S1_gamma0p20_down0p6_hold2p5_up0p6_R10_M1b_R1,S1_gamma0p20_down0p6_hold2p5_up0p6_R10_M1b_R1,2,True,True,False,
/multi_agv/experiment_state,1789391510.9482207,1789391510.9479952,exp2c_v5b_yaw_effectiveness_hold_exploration,M1b_R1,S1_gamma0p20_down0p6_hold2p5_up0p6_R10_M1b_R1,S1_gamma0p20_down0p6_hold2p5_up0p6_R10_M1b_R1,2,True,True,False,
/multi_agv/experiment_state,1789391511.0481713,1789391511.0479941,exp2c_v5b_yaw_effectiveness_hold_exploration,M1b_R1,S1_gamma0p20_down0p6_hold2p5_up0p6_R10_M1b_R1,S1_gamma0p20_down0p6_hold2p5_up0p6_R10_M1b_R1,2,True,True,False,
/multi_agv/experiment_state,1789391511.1982052,1789391511.1980555,exp2c_v5b_yaw_effectiveness_hold_exploration,M1b_R1,S1_gamma0p20_down0p6_hold2p5_up0p6_R10_M1b_R1,S1_gamma0p20_down0p6_hold2p5_up0p6_R10_M1b_R1,2,True,True,False,
/multi_agv/experiment_state,1789391511.2481096,1789391511.248059,exp2c_v5b_yaw_effectiveness_hold_exploration,M1b_R1,S1_gamma0p20_down0p6_hold2p5_up0p6_R10_M1b_R1,S1_gamma0p20_down0p6_hold2p5_up0p6_R10_M1b_R1,2,True,True,False,
/multi_agv/experiment_state,1789391511.3481443,1789391511.3479927,exp2c_v5b_yaw_effectiveness_hold_exploration,M1b_R1,S1_gamma0p20_down0p6_hold2p5_up0p6_R10_M1b_R1,S1_gamma0p20_down0p6_hold2p5_up0p6_R10_M1b_R1,2,True,True,False,
/multi_agv/experiment_state,1789391511.4480824,1789391511.4479957,exp2c_v5b_yaw_effectiveness_hold_exploration,M1b_R1,S1_gamma0p20_down0p6_hold2p5_up0p6_R10_M1b_R1,S1_gamma0p20_down0p6_hold2p5_up0p6_R10_M1b_R1,2,True,True,False,
/multi_agv/experiment_state,1789391511.5480328,1789391511.5479574,exp2c_v5b_yaw_effectiveness_hold_exploration,M1b_R1,S1_gamma0p20_down0p6_hold2p5_up0p6_R10_M1b_R1,S1_gamma0p20_down0p6_hold2p5_up0p6_R10_M1b_R1,2,True,True,False,
/multi_agv/experiment_state,1789391511.6482005,1789391511.6479948,exp2c_v5b_yaw_effectiveness_hold_exploration,M1b_R1,S1_gamma0p20_down0p6_hold2p5_up0p6_R10_M1b_R1,S1_gamma0p20_down0p6_hold2p5_up0p6_R10_M1b_R1,2,True,True,False,
/multi_agv/experiment_state,1789391511.7481046,1789391511.7480056,exp2c_v5b_yaw_effectiveness_hold_exploration,M1b_R1,S1_gamma0p20_down0p6_hold2p5_up0p6_R10_M1b_R1,S1_gamma0p20_down0p6_hold2p5_up0p6_R10_M1b_R1,2,True,True,False,
/multi_agv/experiment_state,1789391511.8480735,1789391511.8479588,exp2c_v5b_yaw_effectiveness_hold_exploration,M1b_R1,S1_gamma0p20_down0p6_hold2p5_up0p6_R10_M1b_R1,S1_gamma0p20_down0p6_hold2p5_up0p6_R10_M1b_R1,2,True,True,False,
/multi_agv/experiment_state,1789391511.948117,1789391511.9479911,exp2c_v5b_yaw_effectiveness_hold_exploration,M1b_R1,S1_gamma0p20_down0p6_hold2p5_up0p6_R10_M1b_R1,S1_gamma0p20_down0p6_hold2p5_up0p6_R10_M1b_R1,2,True,True,False,
/multi_agv/experiment_state,1789391512.098031,1789391512.097953,exp2c_v5b_yaw_effectiveness_hold_exploration,M1b_R1,S1_gamma0p20_down0p6_hold2p5_up0p6_R10_M1b_R1,S1_gamma0p20_down0p6_hold2p5_up0p6_R10_M1b_R1,2,True,True,False,
/multi_agv/experiment_state,1789391512.1980648,1789391512.197954,exp2c_v5b_yaw_effectiveness_hold_exploration,M1b_R1,S1_gamma0p20_down0p6_hold2p5_up0p6_R10_M1b_R1,S1_gamma0p20_down0p6_hold2p5_up0p6_R10_M1b_R1,2,True,True,False,
/multi_agv/experiment_state,1789391512.2480726,1789391512.247979,exp2c_v5b_yaw_effectiveness_hold_exploration,M1b_R1,S1_gamma0p20_down0p6_hold2p5_up0p6_R10_M1b_R1,S1_gamma0p20_down0p6_hold2p5_up0p6_R10_M1b_R1,2,True,True,False,
/multi_agv/experiment_state,1789391512.3481214,1789391512.3479962,exp2c_v5b_yaw_effectiveness_hold_exploration,M1b_R1,S1_gamma0p20_down0p6_hold2p5_up0p6_R10_M1b_R1,S1_gamma0p20_down0p6_hold2p5_up0p6_R10_M1b_R1,2,True,True,False,
/multi_agv/experiment_state,1789391512.4480636,1789391512.4479966,exp2c_v5b_yaw_effectiveness_hold_exploration,M1b_R1,S1_gamma0p20_down0p6_hold2p5_up0p6_R10_M1b_R1,S1_gamma0p20_down0p6_hold2p5_up0p6_R10_M1b_R1,2,True,True,False,
/multi_agv/experiment_state,1789391512.5980675,1789391512.597954,exp2c_v5b_yaw_effectiveness_hold_exploration,M1b_R1,S1_gamma0p20_down0p6_hold2p5_up0p6_R10_M1b_R1,S1_gamma0p20_down0p6_hold2p5_up0p6_R10_M1b_R1,2,True,True,False,
/multi_agv/experiment_state,1789391512.648076,1789391512.6479619,exp2c_v5b_yaw_effectiveness_hold_exploration,M1b_R1,S1_gamma0p20_down0p6_hold2p5_up0p6_R10_M1b_R1,S1_gamma0p20_down0p6_hold2p5_up0p6_R10_M1b_R1,2,True,True,False,
/multi_agv/experiment_state,1789391512.7480788,1789391512.7479956,exp2c_v5b_yaw_effectiveness_hold_exploration,M1b_R1,S1_gamma0p20_down0p6_hold2p5_up0p6_R10_M1b_R1,S1_gamma0p20_down0p6_hold2p5_up0p6_R10_M1b_R1,2,True,True,False,
/multi_agv/experiment_state,1789391512.8981097,1789391512.8979983,exp2c_v5b_yaw_effectiveness_hold_exploration,M1b_R1,S1_gamma0p20_down0p6_hold2p5_up0p6_R10_M1b_R1,S1_gamma0p20_down0p6_hold2p5_up0p6_R10_M1b_R1,2,True,True,False,
/multi_agv/experiment_state,1789391512.9980292,1789391512.9979541,exp2c_v5b_yaw_effectiveness_hold_exploration,M1b_R1,S1_gamma0p20_down0p6_hold2p5_up0p6_R10_M1b_R1,S1_gamma0p20_down0p6_hold2p5_up0p6_R10_M1b_R1,2,True,True,False,
/multi_agv/experiment_state,1789391513.0980282,1789391513.0979545,exp2c_v5b_yaw_effectiveness_hold_exploration,M1b_R1,S1_gamma0p20_down0p6_hold2p5_up0p6_R10_M1b_R1,S1_gamma0p20_down0p6_hold2p5_up0p6_R10_M1b_R1,2,True,True,False,
/multi_agv/experiment_state,1789391513.1480634,1789391513.1479661,exp2c_v5b_yaw_effectiveness_hold_exploration,M1b_R1,S1_gamma0p20_down0p6_hold2p5_up0p6_R10_M1b_R1,S1_gamma0p20_down0p6_hold2p5_up0p6_R10_M1b_R1,2,True,True,False,
/multi_agv/experiment_state,1789391513.2982464,1789391513.29805,exp2c_v5b_yaw_effectiveness_hold_exploration,M1b_R1,S1_gamma0p20_down0p6_hold2p5_up0p6_R10_M1b_R1,S1_gamma0p20_down0p6_hold2p5_up0p6_R10_M1b_R1,2,True,True,False,
/multi_agv/experiment_state,1789391513.3480778,1789391513.3479774,exp2c_v5b_yaw_effectiveness_hold_exploration,M1b_R1,S1_gamma0p20_down0p6_hold2p5_up0p6_R10_M1b_R1,S1_gamma0p20_down0p6_hold2p5_up0p6_R10_M1b_R1,2,True,True,False,
/multi_agv/experiment_state,1789391513.4481578,1789391513.448001,exp2c_v5b_yaw_effectiveness_hold_exploration,M1b_R1,S1_gamma0p20_down0p6_hold2p5_up0p6_R10_M1b_R1,S1_gamma0p20_down0p6_hold2p5_up0p6_R10_M1b_R1,2,True,True,False,
/multi_agv/experiment_state,1789391513.5481195,1789391513.5479658,exp2c_v5b_yaw_effectiveness_hold_exploration,M1b_R1,S1_gamma0p20_down0p6_hold2p5_up0p6_R10_M1b_R1,S1_gamma0p20_down0p6_hold2p5_up0p6_R10_M1b_R1,2,True,True,False,
/multi_agv/experiment_state,1789391513.6982238,1789391513.6980474,exp2c_v5b_yaw_effectiveness_hold_exploration,M1b_R1,S1_gamma0p20_down0p6_hold2p5_up0p6_R10_M1b_R1,S1_gamma0p20_down0p6_hold2p5_up0p6_R10_M1b_R1,2,True,True,False,
/multi_agv/experiment_state,1789391513.798157,1789391513.7980144,exp2c_v5b_yaw_effectiveness_hold_exploration,M1b_R1,S1_gamma0p20_down0p6_hold2p5_up0p6_R10_M1b_R1,S1_gamma0p20_down0p6_hold2p5_up0p6_R10_M1b_R1,2,True,True,False,
/multi_agv/experiment_state,1789391513.848128,1789391513.8479636,exp2c_v5b_yaw_effectiveness_hold_exploration,M1b_R1,S1_gamma0p20_down0p6_hold2p5_up0p6_R10_M1b_R1,S1_gamma0p20_down0p6_hold2p5_up0p6_R10_M1b_R1,2,True,True,False,
/multi_agv/experiment_state,1789391513.9982417,1789391513.9979582,exp2c_v5b_yaw_effectiveness_hold_exploration,M1b_R1,S1_gamma0p20_down0p6_hold2p5_up0p6_R10_M1b_R1,S1_gamma0p20_down0p6_hold2p5_up0p6_R10_M1b_R1,2,True,True,False,
/multi_agv/experiment_state,1789391514.098075,1789391514.0979834,exp2c_v5b_yaw_effectiveness_hold_exploration,M1b_R1,S1_gamma0p20_down0p6_hold2p5_up0p6_R10_M1b_R1,S1_gamma0p20_down0p6_hold2p5_up0p6_R10_M1b_R1,2,True,True,False,
/multi_agv/experiment_state,1789391514.1980948,1789391514.197954,exp2c_v5b_yaw_effectiveness_hold_exploration,M1b_R1,S1_gamma0p20_down0p6_hold2p5_up0p6_R10_M1b_R1,S1_gamma0p20_down0p6_hold2p5_up0p6_R10_M1b_R1,2,True,True,False,
/multi_agv/experiment_state,1789391514.2980514,1789391514.297958,exp2c_v5b_yaw_effectiveness_hold_exploration,M1b_R1,S1_gamma0p20_down0p6_hold2p5_up0p6_R10_M1b_R1,S1_gamma0p20_down0p6_hold2p5_up0p6_R10_M1b_R1,2,True,True,False,
/multi_agv/experiment_state,1789391514.348016,1789391514.3479648,exp2c_v5b_yaw_effectiveness_hold_exploration,M1b_R1,S1_gamma0p20_down0p6_hold2p5_up0p6_R10_M1b_R1,S1_gamma0p20_down0p6_hold2p5_up0p6_R10_M1b_R1,2,True,True,False,
/multi_agv/experiment_state,1789391514.4481764,1789391514.4479628,exp2c_v5b_yaw_effectiveness_hold_exploration,M1b_R1,S1_gamma0p20_down0p6_hold2p5_up0p6_R10_M1b_R1,S1_gamma0p20_down0p6_hold2p5_up0p6_R10_M1b_R1,2,True,True,False,
/multi_agv/experiment_state,1789391514.5481324,1789391514.5479627,exp2c_v5b_yaw_effectiveness_hold_exploration,M1b_R1,S1_gamma0p20_down0p6_hold2p5_up0p6_R10_M1b_R1,S1_gamma0p20_down0p6_hold2p5_up0p6_R10_M1b_R1,2,True,True,False,
/multi_agv/experiment_state,1789391514.6981256,1789391514.6979535,exp2c_v5b_yaw_effectiveness_hold_exploration,M1b_R1,S1_gamma0p20_down0p6_hold2p5_up0p6_R10_M1b_R1,S1_gamma0p20_down0p6_hold2p5_up0p6_R10_M1b_R1,2,True,True,False,
/multi_agv/experiment_state,1789391514.798006,1789391514.7979546,exp2c_v5b_yaw_effectiveness_hold_exploration,M1b_R1,S1_gamma0p20_down0p6_hold2p5_up0p6_R10_M1b_R1,S1_gamma0p20_down0p6_hold2p5_up0p6_R10_M1b_R1,2,True,True,False,
/multi_agv/experiment_state,1789391514.898115,1789391514.8979568,exp2c_v5b_yaw_effectiveness_hold_exploration,M1b_R1,S1_gamma0p20_down0p6_hold2p5_up0p6_R10_M1b_R1,S1_gamma0p20_down0p6_hold2p5_up0p6_R10_M1b_R1,2,True,True,False,
/multi_agv/experiment_state,1789391514.9981408,1789391514.9979537,exp2c_v5b_yaw_effectiveness_hold_exploration,M1b_R1,S1_gamma0p20_down0p6_hold2p5_up0p6_R10_M1b_R1,S1_gamma0p20_down0p6_hold2p5_up0p6_R10_M1b_R1,2,True,True,False,
/multi_agv/experiment_state,1789391515.0980673,1789391515.0979555,exp2c_v5b_yaw_effectiveness_hold_exploration,M1b_R1,S1_gamma0p20_down0p6_hold2p5_up0p6_R10_M1b_R1,S1_gamma0p20_down0p6_hold2p5_up0p6_R10_M1b_R1,2,True,True,False,
/multi_agv/experiment_state,1789391515.1980486,1789391515.1979618,exp2c_v5b_yaw_effectiveness_hold_exploration,M1b_R1,S1_gamma0p20_down0p6_hold2p5_up0p6_R10_M1b_R1,S1_gamma0p20_down0p6_hold2p5_up0p6_R10_M1b_R1,2,True,True,False,
/multi_agv/experiment_state,1789391515.2482183,1789391515.2479668,exp2c_v5b_yaw_effectiveness_hold_exploration,M1b_R1,S1_gamma0p20_down0p6_hold2p5_up0p6_R10_M1b_R1,S1_gamma0p20_down0p6_hold2p5_up0p6_R10_M1b_R1,2,True,True,False,
/multi_agv/experiment_state,1789391515.3480797,1789391515.347994,exp2c_v5b_yaw_effectiveness_hold_exploration,M1b_R1,S1_gamma0p20_down0p6_hold2p5_up0p6_R10_M1b_R1,S1_gamma0p20_down0p6_hold2p5_up0p6_R10_M1b_R1,2,True,True,False,
/multi_agv/experiment_state,1789391515.4480772,1789391515.4479942,exp2c_v5b_yaw_effectiveness_hold_exploration,M1b_R1,S1_gamma0p20_down0p6_hold2p5_up0p6_R10_M1b_R1,S1_gamma0p20_down0p6_hold2p5_up0p6_R10_M1b_R1,2,True,True,False,
/multi_agv/experiment_state,1789391515.5480487,1789391515.5479631,exp2c_v5b_yaw_effectiveness_hold_exploration,M1b_R1,S1_gamma0p20_down0p6_hold2p5_up0p6_R10_M1b_R1,S1_gamma0p20_down0p6_hold2p5_up0p6_R10_M1b_R1,2,True,True,False,
/multi_agv/experiment_state,1789391515.6981366,1789391515.6979911,exp2c_v5b_yaw_effectiveness_hold_exploration,M1b_R1,S1_gamma0p20_down0p6_hold2p5_up0p6_R10_M1b_R1,S1_gamma0p20_down0p6_hold2p5_up0p6_R10_M1b_R1,2,True,True,False,
/multi_agv/experiment_state,1789391515.7981358,1789391515.797956,exp2c_v5b_yaw_effectiveness_hold_exploration,M1b_R1,S1_gamma0p20_down0p6_hold2p5_up0p6_R10_M1b_R1,S1_gamma0p20_down0p6_hold2p5_up0p6_R10_M1b_R1,2,True,True,False,
/multi_agv/experiment_state,1789391515.8481226,1789391515.8480232,exp2c_v5b_yaw_effectiveness_hold_exploration,M1b_R1,S1_gamma0p20_down0p6_hold2p5_up0p6_R10_M1b_R1,S1_gamma0p20_down0p6_hold2p5_up0p6_R10_M1b_R1,2,True,True,False,
/multi_agv/experiment_state,1789391515.9981527,1789391515.9979534,exp2c_v5b_yaw_effectiveness_hold_exploration,M1b_R1,S1_gamma0p20_down0p6_hold2p5_up0p6_R10_M1b_R1,S1_gamma0p20_down0p6_hold2p5_up0p6_R10_M1b_R1,2,True,True,False,
/multi_agv/experiment_state,1789391516.098059,1789391516.0979533,exp2c_v5b_yaw_effectiveness_hold_exploration,M1b_R1,S1_gamma0p20_down0p6_hold2p5_up0p6_R10_M1b_R1,S1_gamma0p20_down0p6_hold2p5_up0p6_R10_M1b_R1,2,True,True,False,
/multi_agv/experiment_state,1789391516.1480715,1789391516.147963,exp2c_v5b_yaw_effectiveness_hold_exploration,M1b_R1,S1_gamma0p20_down0p6_hold2p5_up0p6_R10_M1b_R1,S1_gamma0p20_down0p6_hold2p5_up0p6_R10_M1b_R1,2,True,True,False,
/multi_agv/experiment_state,1789391516.248195,1789391516.2479622,exp2c_v5b_yaw_effectiveness_hold_exploration,M1b_R1,S1_gamma0p20_down0p6_hold2p5_up0p6_R10_M1b_R1,S1_gamma0p20_down0p6_hold2p5_up0p6_R10_M1b_R1,2,True,True,False,
/multi_agv/experiment_state,1789391516.348087,1789391516.3479629,exp2c_v5b_yaw_effectiveness_hold_exploration,M1b_R1,S1_gamma0p20_down0p6_hold2p5_up0p6_R10_M1b_R1,S1_gamma0p20_down0p6_hold2p5_up0p6_R10_M1b_R1,2,True,True,False,
/multi_agv/experiment_state,1789391516.4980545,1789391516.4979548,exp2c_v5b_yaw_effectiveness_hold_exploration,M1b_R1,S1_gamma0p20_down0p6_hold2p5_up0p6_R10_M1b_R1,S1_gamma0p20_down0p6_hold2p5_up0p6_R10_M1b_R1,2,True,True,False,
/multi_agv/experiment_state,1789391516.5981529,1789391516.5980093,exp2c_v5b_yaw_effectiveness_hold_exploration,M1b_R1,S1_gamma0p20_down0p6_hold2p5_up0p6_R10_M1b_R1,S1_gamma0p20_down0p6_hold2p5_up0p6_R10_M1b_R1,2,True,True,False,
/multi_agv/experiment_state,1789391516.6480732,1789391516.6479635,exp2c_v5b_yaw_effectiveness_hold_exploration,M1b_R1,S1_gamma0p20_down0p6_hold2p5_up0p6_R10_M1b_R1,S1_gamma0p20_down0p6_hold2p5_up0p6_R10_M1b_R1,2,True,True,False,
/multi_agv/experiment_state,1789391516.7480311,1789391516.7479641,exp2c_v5b_yaw_effectiveness_hold_exploration,M1b_R1,S1_gamma0p20_down0p6_hold2p5_up0p6_R10_M1b_R1,S1_gamma0p20_down0p6_hold2p5_up0p6_R10_M1b_R1,2,True,True,False,
/multi_agv/experiment_state,1789391516.8982136,1789391516.8979917,exp2c_v5b_yaw_effectiveness_hold_exploration,M1b_R1,S1_gamma0p20_down0p6_hold2p5_up0p6_R10_M1b_R1,S1_gamma0p20_down0p6_hold2p5_up0p6_R10_M1b_R1,2,True,True,False,
/multi_agv/experiment_state,1789391516.9480395,1789391516.9479635,exp2c_v5b_yaw_effectiveness_hold_exploration,M1b_R1,S1_gamma0p20_down0p6_hold2p5_up0p6_R10_M1b_R1,S1_gamma0p20_down0p6_hold2p5_up0p6_R10_M1b_R1,2,True,True,False,
/multi_agv/experiment_state,1789391517.0480711,1789391517.0479631,exp2c_v5b_yaw_effectiveness_hold_exploration,M1b_R1,S1_gamma0p20_down0p6_hold2p5_up0p6_R10_M1b_R1,S1_gamma0p20_down0p6_hold2p5_up0p6_R10_M1b_R1,2,True,True,False,
/multi_agv/experiment_state,1789391517.1981766,1789391517.1979854,exp2c_v5b_yaw_effectiveness_hold_exploration,M1b_R1,S1_gamma0p20_down0p6_hold2p5_up0p6_R10_M1b_R1,S1_gamma0p20_down0p6_hold2p5_up0p6_R10_M1b_R1,2,True,True,False,
/multi_agv/experiment_state,1789391517.2480698,1789391517.2479625,exp2c_v5b_yaw_effectiveness_hold_exploration,M1b_R1,S1_gamma0p20_down0p6_hold2p5_up0p6_R10_M1b_R1,S1_gamma0p20_down0p6_hold2p5_up0p6_R10_M1b_R1,2,True,True,False,
/multi_agv/experiment_state,1789391517.3481011,1789391517.3479812,exp2c_v5b_yaw_effectiveness_hold_exploration,M1b_R1,S1_gamma0p20_down0p6_hold2p5_up0p6_R10_M1b_R1,S1_gamma0p20_down0p6_hold2p5_up0p6_R10_M1b_R1,2,True,True,False,
/multi_agv/experiment_state,1789391517.4980617,1789391517.4979544,exp2c_v5b_yaw_effectiveness_hold_exploration,M1b_R1,S1_gamma0p20_down0p6_hold2p5_up0p6_R10_M1b_R1,S1_gamma0p20_down0p6_hold2p5_up0p6_R10_M1b_R1,2,True,True,False,
/multi_agv/experiment_state,1789391517.548043,1789391517.5479658,exp2c_v5b_yaw_effectiveness_hold_exploration,M1b_R1,S1_gamma0p20_down0p6_hold2p5_up0p6_R10_M1b_R1,S1_gamma0p20_down0p6_hold2p5_up0p6_R10_M1b_R1,2,True,True,False,
/multi_agv/experiment_state,1789391517.6480567,1789391517.6479635,exp2c_v5b_yaw_effectiveness_hold_exploration,M1b_R1,S1_gamma0p20_down0p6_hold2p5_up0p6_R10_M1b_R1,S1_gamma0p20_down0p6_hold2p5_up0p6_R10_M1b_R1,2,True,True,False,
/multi_agv/experiment_state,1789391517.7480445,1789391517.7479632,exp2c_v5b_yaw_effectiveness_hold_exploration,M1b_R1,S1_gamma0p20_down0p6_hold2p5_up0p6_R10_M1b_R1,S1_gamma0p20_down0p6_hold2p5_up0p6_R10_M1b_R1,2,True,True,False,
/multi_agv/experiment_state,1789391517.8480194,1789391517.8479466,exp2c_v5b_yaw_effectiveness_hold_exploration,M1b_R1,S1_gamma0p20_down0p6_hold2p5_up0p6_R10_M1b_R1,S1_gamma0p20_down0p6_hold2p5_up0p6_R10_M1b_R1,2,True,True,False,
/multi_agv/experiment_state,1789391517.9480371,1789391517.9479902,exp2c_v5b_yaw_effectiveness_hold_exploration,M1b_R1,S1_gamma0p20_down0p6_hold2p5_up0p6_R10_M1b_R1,S1_gamma0p20_down0p6_hold2p5_up0p6_R10_M1b_R1,2,True,True,False,
/multi_agv/experiment_state,1789391518.0480638,1789391518.0479972,exp2c_v5b_yaw_effectiveness_hold_exploration,M1b_R1,S1_gamma0p20_down0p6_hold2p5_up0p6_R10_M1b_R1,S1_gamma0p20_down0p6_hold2p5_up0p6_R10_M1b_R1,2,True,True,False,
/multi_agv/experiment_state,1789391518.1480317,1789391518.1479697,exp2c_v5b_yaw_effectiveness_hold_exploration,M1b_R1,S1_gamma0p20_down0p6_hold2p5_up0p6_R10_M1b_R1,S1_gamma0p20_down0p6_hold2p5_up0p6_R10_M1b_R1,2,True,True,False,
/multi_agv/experiment_state,1789391518.2481086,1789391518.2479653,exp2c_v5b_yaw_effectiveness_hold_exploration,M1b_R1,S1_gamma0p20_down0p6_hold2p5_up0p6_R10_M1b_R1,S1_gamma0p20_down0p6_hold2p5_up0p6_R10_M1b_R1,2,True,True,False,
/multi_agv/experiment_state,1789391518.3481307,1789391518.347997,exp2c_v5b_yaw_effectiveness_hold_exploration,M1b_R1,S1_gamma0p20_down0p6_hold2p5_up0p6_R10_M1b_R1,S1_gamma0p20_down0p6_hold2p5_up0p6_R10_M1b_R1,2,True,True,False,
/multi_agv/experiment_state,1789391518.4981039,1789391518.4979534,exp2c_v5b_yaw_effectiveness_hold_exploration,M1b_R1,S1_gamma0p20_down0p6_hold2p5_up0p6_R10_M1b_R1,S1_gamma0p20_down0p6_hold2p5_up0p6_R10_M1b_R1,2,True,True,False,
/multi_agv/experiment_state,1789391518.598096,1789391518.5979533,exp2c_v5b_yaw_effectiveness_hold_exploration,M1b_R1,S1_gamma0p20_down0p6_hold2p5_up0p6_R10_M1b_R1,S1_gamma0p20_down0p6_hold2p5_up0p6_R10_M1b_R1,2,True,True,False,
/multi_agv/experiment_state,1789391518.6980793,1789391518.697954,exp2c_v5b_yaw_effectiveness_hold_exploration,M1b_R1,S1_gamma0p20_down0p6_hold2p5_up0p6_R10_M1b_R1,S1_gamma0p20_down0p6_hold2p5_up0p6_R10_M1b_R1,2,True,True,False,
/multi_agv/experiment_state,1789391518.798171,1789391518.7979543,exp2c_v5b_yaw_effectiveness_hold_exploration,M1b_R1,S1_gamma0p20_down0p6_hold2p5_up0p6_R10_M1b_R1,S1_gamma0p20_down0p6_hold2p5_up0p6_R10_M1b_R1,2,True,True,False,
/multi_agv/experiment_state,1789391518.8480766,1789391518.847964,exp2c_v5b_yaw_effectiveness_hold_exploration,M1b_R1,S1_gamma0p20_down0p6_hold2p5_up0p6_R10_M1b_R1,S1_gamma0p20_down0p6_hold2p5_up0p6_R10_M1b_R1,2,True,True,False,
/multi_agv/experiment_state,1789391518.9980366,1789391518.99796,exp2c_v5b_yaw_effectiveness_hold_exploration,M1b_R1,S1_gamma0p20_down0p6_hold2p5_up0p6_R10_M1b_R1,S1_gamma0p20_down0p6_hold2p5_up0p6_R10_M1b_R1,2,True,True,False,
/multi_agv/experiment_state,1789391519.0980253,1789391519.0979586,exp2c_v5b_yaw_effectiveness_hold_exploration,M1b_R1,S1_gamma0p20_down0p6_hold2p5_up0p6_R10_M1b_R1,S1_gamma0p20_down0p6_hold2p5_up0p6_R10_M1b_R1,2,True,True,False,
/multi_agv/experiment_state,1789391519.1981475,1789391519.1979573,exp2c_v5b_yaw_effectiveness_hold_exploration,M1b_R1,S1_gamma0p20_down0p6_hold2p5_up0p6_R10_M1b_R1,S1_gamma0p20_down0p6_hold2p5_up0p6_R10_M1b_R1,2,True,True,False,
/multi_agv/experiment_state,1789391519.2480435,1789391519.2479627,exp2c_v5b_yaw_effectiveness_hold_exploration,M1b_R1,S1_gamma0p20_down0p6_hold2p5_up0p6_R10_M1b_R1,S1_gamma0p20_down0p6_hold2p5_up0p6_R10_M1b_R1,2,True,True,False,
/multi_agv/experiment_state,1789391519.3980498,1789391519.3979588,exp2c_v5b_yaw_effectiveness_hold_exploration,M1b_R1,S1_gamma0p20_down0p6_hold2p5_up0p6_R10_M1b_R1,S1_gamma0p20_down0p6_hold2p5_up0p6_R10_M1b_R1,2,True,True,False,
/multi_agv/experiment_state,1789391519.4981618,1789391519.4980617,exp2c_v5b_yaw_effectiveness_hold_exploration,M1b_R1,S1_gamma0p20_down0p6_hold2p5_up0p6_R10_M1b_R1,S1_gamma0p20_down0p6_hold2p5_up0p6_R10_M1b_R1,2,True,True,False,
/multi_agv/experiment_state,1789391519.5480764,1789391519.5479648,exp2c_v5b_yaw_effectiveness_hold_exploration,M1b_R1,S1_gamma0p20_down0p6_hold2p5_up0p6_R10_M1b_R1,S1_gamma0p20_down0p6_hold2p5_up0p6_R10_M1b_R1,2,True,True,False,
/multi_agv/experiment_state,1789391519.6480656,1789391519.6479628,exp2c_v5b_yaw_effectiveness_hold_exploration,M1b_R1,S1_gamma0p20_down0p6_hold2p5_up0p6_R10_M1b_R1,S1_gamma0p20_down0p6_hold2p5_up0p6_R10_M1b_R1,2,True,True,False,
/multi_agv/experiment_state,1789391519.7480817,1789391519.7480059,exp2c_v5b_yaw_effectiveness_hold_exploration,M1b_R1,S1_gamma0p20_down0p6_hold2p5_up0p6_R10_M1b_R1,S1_gamma0p20_down0p6_hold2p5_up0p6_R10_M1b_R1,2,True,True,False,
/multi_agv/experiment_state,1789391519.8481593,1789391519.8479764,exp2c_v5b_yaw_effectiveness_hold_exploration,M1b_R1,S1_gamma0p20_down0p6_hold2p5_up0p6_R10_M1b_R1,S1_gamma0p20_down0p6_hold2p5_up0p6_R10_M1b_R1,2,True,True,False,
/multi_agv/experiment_state,1789391519.9482005,1789391519.9479718,exp2c_v5b_yaw_effectiveness_hold_exploration,M1b_R1,S1_gamma0p20_down0p6_hold2p5_up0p6_R10_M1b_R1,S1_gamma0p20_down0p6_hold2p5_up0p6_R10_M1b_R1,2,True,True,False,
/multi_agv/experiment_state,1789391520.098058,1789391520.0979838,exp2c_v5b_yaw_effectiveness_hold_exploration,M1b_R1,S1_gamma0p20_down0p6_hold2p5_up0p6_R10_M1b_R1,S1_gamma0p20_down0p6_hold2p5_up0p6_R10_M1b_R1,2,True,True,False,
/multi_agv/experiment_state,1789391520.1481063,1789391520.1479776,exp2c_v5b_yaw_effectiveness_hold_exploration,M1b_R1,S1_gamma0p20_down0p6_hold2p5_up0p6_R10_M1b_R1,S1_gamma0p20_down0p6_hold2p5_up0p6_R10_M1b_R1,2,True,True,False,
/multi_agv/experiment_state,1789391520.2480567,1789391520.2479727,exp2c_v5b_yaw_effectiveness_hold_exploration,M1b_R1,S1_gamma0p20_down0p6_hold2p5_up0p6_R10_M1b_R1,S1_gamma0p20_down0p6_hold2p5_up0p6_R10_M1b_R1,2,True,True,False,
/multi_agv/experiment_state,1789391520.348036,1789391520.347995,exp2c_v5b_yaw_effectiveness_hold_exploration,M1b_R1,S1_gamma0p20_down0p6_hold2p5_up0p6_R10_M1b_R1,S1_gamma0p20_down0p6_hold2p5_up0p6_R10_M1b_R1,2,True,True,False,
/multi_agv/experiment_state,1789391520.4480834,1789391520.4479642,exp2c_v5b_yaw_effectiveness_hold_exploration,M1b_R1,S1_gamma0p20_down0p6_hold2p5_up0p6_R10_M1b_R1,S1_gamma0p20_down0p6_hold2p5_up0p6_R10_M1b_R1,2,True,True,False,
/multi_agv/experiment_state,1789391520.597995,1789391520.5979536,exp2c_v5b_yaw_effectiveness_hold_exploration,M1b_R1,S1_gamma0p20_down0p6_hold2p5_up0p6_R10_M1b_R1,S1_gamma0p20_down0p6_hold2p5_up0p6_R10_M1b_R1,2,True,True,False,
/multi_agv/experiment_state,1789391520.648102,1789391520.6479928,exp2c_v5b_yaw_effectiveness_hold_exploration,M1b_R1,S1_gamma0p20_down0p6_hold2p5_up0p6_R10_M1b_R1,S1_gamma0p20_down0p6_hold2p5_up0p6_R10_M1b_R1,2,True,True,False,
/multi_agv/experiment_state,1789391520.748192,1789391520.747966,exp2c_v5b_yaw_effectiveness_hold_exploration,M1b_R1,S1_gamma0p20_down0p6_hold2p5_up0p6_R10_M1b_R1,S1_gamma0p20_down0p6_hold2p5_up0p6_R10_M1b_R1,2,True,True,False,
/multi_agv/experiment_state,1789391520.8981693,1789391520.8979552,exp2c_v5b_yaw_effectiveness_hold_exploration,M1b_R1,S1_gamma0p20_down0p6_hold2p5_up0p6_R10_M1b_R1,S1_gamma0p20_down0p6_hold2p5_up0p6_R10_M1b_R1,2,True,True,False,
/multi_agv/experiment_state,1789391520.9981966,1789391520.9979904,exp2c_v5b_yaw_effectiveness_hold_exploration,M1b_R1,S1_gamma0p20_down0p6_hold2p5_up0p6_R10_M1b_R1,S1_gamma0p20_down0p6_hold2p5_up0p6_R10_M1b_R1,2,True,True,False,
/multi_agv/experiment_state,1789391521.0981317,1789391521.0979564,exp2c_v5b_yaw_effectiveness_hold_exploration,M1b_R1,S1_gamma0p20_down0p6_hold2p5_up0p6_R10_M1b_R1,S1_gamma0p20_down0p6_hold2p5_up0p6_R10_M1b_R1,2,True,True,False,
/multi_agv/experiment_state,1789391521.198124,1789391521.19799,exp2c_v5b_yaw_effectiveness_hold_exploration,M1b_R1,S1_gamma0p20_down0p6_hold2p5_up0p6_R10_M1b_R1,S1_gamma0p20_down0p6_hold2p5_up0p6_R10_M1b_R1,2,True,True,False,
/multi_agv/experiment_state,1789391521.298093,1789391521.2979543,exp2c_v5b_yaw_effectiveness_hold_exploration,M1b_R1,S1_gamma0p20_down0p6_hold2p5_up0p6_R10_M1b_R1,S1_gamma0p20_down0p6_hold2p5_up0p6_R10_M1b_R1,2,True,True,False,
/multi_agv/experiment_state,1789391521.3980992,1789391521.3979561,exp2c_v5b_yaw_effectiveness_hold_exploration,M1b_R1,S1_gamma0p20_down0p6_hold2p5_up0p6_R10_M1b_R1,S1_gamma0p20_down0p6_hold2p5_up0p6_R10_M1b_R1,2,True,True,False,
/multi_agv/experiment_state,1789391521.4980764,1789391521.4979844,exp2c_v5b_yaw_effectiveness_hold_exploration,M1b_R1,S1_gamma0p20_down0p6_hold2p5_up0p6_R10_M1b_R1,S1_gamma0p20_down0p6_hold2p5_up0p6_R10_M1b_R1,2,True,True,False,
/multi_agv/experiment_state,1789391521.59803,1789391521.5979552,exp2c_v5b_yaw_effectiveness_hold_exploration,M1b_R1,S1_gamma0p20_down0p6_hold2p5_up0p6_R10_M1b_R1,S1_gamma0p20_down0p6_hold2p5_up0p6_R10_M1b_R1,2,True,True,False,
/multi_agv/experiment_state,1789391521.6981688,1789391521.6979983,exp2c_v5b_yaw_effectiveness_hold_exploration,M1b_R1,S1_gamma0p20_down0p6_hold2p5_up0p6_R10_M1b_R1,S1_gamma0p20_down0p6_hold2p5_up0p6_R10_M1b_R1,2,True,True,False,
/multi_agv/experiment_state,1789391521.7480338,1789391521.7479646,exp2c_v5b_yaw_effectiveness_hold_exploration,M1b_R1,S1_gamma0p20_down0p6_hold2p5_up0p6_R10_M1b_R1,S1_gamma0p20_down0p6_hold2p5_up0p6_R10_M1b_R1,2,True,True,False,
/multi_agv/experiment_state,1789391521.898085,1789391521.8980188,exp2c_v5b_yaw_effectiveness_hold_exploration,M1b_R1,S1_gamma0p20_down0p6_hold2p5_up0p6_R10_M1b_R1,S1_gamma0p20_down0p6_hold2p5_up0p6_R10_M1b_R1,2,True,True,False,
/multi_agv/experiment_state,1789391521.9981415,1789391521.997984,exp2c_v5b_yaw_effectiveness_hold_exploration,M1b_R1,S1_gamma0p20_down0p6_hold2p5_up0p6_R10_M1b_R1,S1_gamma0p20_down0p6_hold2p5_up0p6_R10_M1b_R1,2,True,True,False,
/multi_agv/experiment_state,1789391522.0480988,1789391522.0479689,exp2c_v5b_yaw_effectiveness_hold_exploration,M1b_R1,S1_gamma0p20_down0p6_hold2p5_up0p6_R10_M1b_R1,S1_gamma0p20_down0p6_hold2p5_up0p6_R10_M1b_R1,2,True,True,False,
/multi_agv/experiment_state,1789391522.1480985,1789391522.1479945,exp2c_v5b_yaw_effectiveness_hold_exploration,M1b_R1,S1_gamma0p20_down0p6_hold2p5_up0p6_R10_M1b_R1,S1_gamma0p20_down0p6_hold2p5_up0p6_R10_M1b_R1,2,True,True,False,
/multi_agv/experiment_state,1789391522.2480824,1789391522.247963,exp2c_v5b_yaw_effectiveness_hold_exploration,M1b_R1,S1_gamma0p20_down0p6_hold2p5_up0p6_R10_M1b_R1,S1_gamma0p20_down0p6_hold2p5_up0p6_R10_M1b_R1,2,True,True,False,
/multi_agv/experiment_state,1789391522.3481457,1789391522.347962,exp2c_v5b_yaw_effectiveness_hold_exploration,M1b_R1,S1_gamma0p20_down0p6_hold2p5_up0p6_R10_M1b_R1,S1_gamma0p20_down0p6_hold2p5_up0p6_R10_M1b_R1,2,True,True,False,
/multi_agv/experiment_state,1789391522.4482167,1789391522.4479628,exp2c_v5b_yaw_effectiveness_hold_exploration,M1b_R1,S1_gamma0p20_down0p6_hold2p5_up0p6_R10_M1b_R1,S1_gamma0p20_down0p6_hold2p5_up0p6_R10_M1b_R1,2,True,True,False,
/multi_agv/experiment_state,1789391522.5481389,1789391522.5479631,exp2c_v5b_yaw_effectiveness_hold_exploration,M1b_R1,S1_gamma0p20_down0p6_hold2p5_up0p6_R10_M1b_R1,S1_gamma0p20_down0p6_hold2p5_up0p6_R10_M1b_R1,2,True,True,False,
/multi_agv/experiment_state,1789391522.6981804,1789391522.698014,exp2c_v5b_yaw_effectiveness_hold_exploration,M1b_R1,S1_gamma0p20_down0p6_hold2p5_up0p6_R10_M1b_R1,S1_gamma0p20_down0p6_hold2p5_up0p6_R10_M1b_R1,2,True,True,False,
/multi_agv/experiment_state,1789391522.798129,1789391522.7979872,exp2c_v5b_yaw_effectiveness_hold_exploration,M1b_R1,S1_gamma0p20_down0p6_hold2p5_up0p6_R10_M1b_R1,S1_gamma0p20_down0p6_hold2p5_up0p6_R10_M1b_R1,2,True,True,False,
/multi_agv/experiment_state,1789391522.848058,1789391522.8479648,exp2c_v5b_yaw_effectiveness_hold_exploration,M1b_R1,S1_gamma0p20_down0p6_hold2p5_up0p6_R10_M1b_R1,S1_gamma0p20_down0p6_hold2p5_up0p6_R10_M1b_R1,2,True,True,False,
/multi_agv/experiment_state,1789391522.9481668,1789391522.947965,exp2c_v5b_yaw_effectiveness_hold_exploration,M1b_R1,S1_gamma0p20_down0p6_hold2p5_up0p6_R10_M1b_R1,S1_gamma0p20_down0p6_hold2p5_up0p6_R10_M1b_R1,2,True,True,False,
/multi_agv/experiment_state,1789391523.0481873,1789391523.047966,exp2c_v5b_yaw_effectiveness_hold_exploration,M1b_R1,S1_gamma0p20_down0p6_hold2p5_up0p6_R10_M1b_R1,S1_gamma0p20_down0p6_hold2p5_up0p6_R10_M1b_R1,2,True,True,False,
/multi_agv/experiment_state,1789391523.198174,1789391523.197955,exp2c_v5b_yaw_effectiveness_hold_exploration,M1b_R1,S1_gamma0p20_down0p6_hold2p5_up0p6_R10_M1b_R1,S1_gamma0p20_down0p6_hold2p5_up0p6_R10_M1b_R1,2,True,True,False,
/multi_agv/experiment_state,1789391523.2981076,1789391523.297956,exp2c_v5b_yaw_effectiveness_hold_exploration,M1b_R1,S1_gamma0p20_down0p6_hold2p5_up0p6_R10_M1b_R1,S1_gamma0p20_down0p6_hold2p5_up0p6_R10_M1b_R1,2,True,True,False,
/multi_agv/experiment_state,1789391523.3981607,1789391523.3979554,exp2c_v5b_yaw_effectiveness_hold_exploration,M1b_R1,S1_gamma0p20_down0p6_hold2p5_up0p6_R10_M1b_R1,S1_gamma0p20_down0p6_hold2p5_up0p6_R10_M1b_R1,2,True,True,False,
/multi_agv/experiment_state,1789391523.4480915,1789391523.4479613,exp2c_v5b_yaw_effectiveness_hold_exploration,M1b_R1,S1_gamma0p20_down0p6_hold2p5_up0p6_R10_M1b_R1,S1_gamma0p20_down0p6_hold2p5_up0p6_R10_M1b_R1,2,True,True,False,
/multi_agv/experiment_state,1789391523.5982056,1789391523.5980072,exp2c_v5b_yaw_effectiveness_hold_exploration,M1b_R1,S1_gamma0p20_down0p6_hold2p5_up0p6_R10_M1b_R1,S1_gamma0p20_down0p6_hold2p5_up0p6_R10_M1b_R1,2,True,True,False,
/multi_agv/experiment_state,1789391523.6481016,1789391523.6479619,exp2c_v5b_yaw_effectiveness_hold_exploration,M1b_R1,S1_gamma0p20_down0p6_hold2p5_up0p6_R10_M1b_R1,S1_gamma0p20_down0p6_hold2p5_up0p6_R10_M1b_R1,2,True,True,False,
/multi_agv/experiment_state,1789391523.7480814,1789391523.748018,exp2c_v5b_yaw_effectiveness_hold_exploration,M1b_R1,S1_gamma0p20_down0p6_hold2p5_up0p6_R10_M1b_R1,S1_gamma0p20_down0p6_hold2p5_up0p6_R10_M1b_R1,2,True,True,False,
/multi_agv/experiment_state,1789391523.8480444,1789391523.8479955,exp2c_v5b_yaw_effectiveness_hold_exploration,M1b_R1,S1_gamma0p20_down0p6_hold2p5_up0p6_R10_M1b_R1,S1_gamma0p20_down0p6_hold2p5_up0p6_R10_M1b_R1,2,True,True,False,
/multi_agv/experiment_state,1789391523.9480999,1789391523.9479883,exp2c_v5b_yaw_effectiveness_hold_exploration,M1b_R1,S1_gamma0p20_down0p6_hold2p5_up0p6_R10_M1b_R1,S1_gamma0p20_down0p6_hold2p5_up0p6_R10_M1b_R1,2,True,True,False,
/multi_agv/experiment_state,1789391524.0481908,1789391524.047999,exp2c_v5b_yaw_effectiveness_hold_exploration,M1b_R1,S1_gamma0p20_down0p6_hold2p5_up0p6_R10_M1b_R1,S1_gamma0p20_down0p6_hold2p5_up0p6_R10_M1b_R1,2,True,True,False,
/multi_agv/experiment_state,1789391524.1480598,1789391524.1479928,exp2c_v5b_yaw_effectiveness_hold_exploration,M1b_R1,S1_gamma0p20_down0p6_hold2p5_up0p6_R10_M1b_R1,S1_gamma0p20_down0p6_hold2p5_up0p6_R10_M1b_R1,2,True,True,False,
/multi_agv/experiment_state,1789391524.2481408,1789391524.247965,exp2c_v5b_yaw_effectiveness_hold_exploration,M1b_R1,S1_gamma0p20_down0p6_hold2p5_up0p6_R10_M1b_R1,S1_gamma0p20_down0p6_hold2p5_up0p6_R10_M1b_R1,2,True,True,False,
/multi_agv/experiment_state,1789391524.3980093,1789391524.397979,exp2c_v5b_yaw_effectiveness_hold_exploration,M1b_R1,S1_gamma0p20_down0p6_hold2p5_up0p6_R10_M1b_R1,S1_gamma0p20_down0p6_hold2p5_up0p6_R10_M1b_R1,2,True,True,False,
/multi_agv/experiment_state,1789391524.4981108,1789391524.497974,exp2c_v5b_yaw_effectiveness_hold_exploration,M1b_R1,S1_gamma0p20_down0p6_hold2p5_up0p6_R10_M1b_R1,S1_gamma0p20_down0p6_hold2p5_up0p6_R10_M1b_R1,2,True,True,False,
/multi_agv/experiment_state,1789391524.5982332,1789391524.5979533,exp2c_v5b_yaw_effectiveness_hold_exploration,M1b_R1,S1_gamma0p20_down0p6_hold2p5_up0p6_R10_M1b_R1,S1_gamma0p20_down0p6_hold2p5_up0p6_R10_M1b_R1,2,True,True,False,
/multi_agv/experiment_state,1789391524.648087,1789391524.6479573,exp2c_v5b_yaw_effectiveness_hold_exploration,M1b_R1,S1_gamma0p20_down0p6_hold2p5_up0p6_R10_M1b_R1,S1_gamma0p20_down0p6_hold2p5_up0p6_R10_M1b_R1,2,True,True,False,
/multi_agv/experiment_state,1789391524.7481217,1789391524.7479725,exp2c_v5b_yaw_effectiveness_hold_exploration,M1b_R1,S1_gamma0p20_down0p6_hold2p5_up0p6_R10_M1b_R1,S1_gamma0p20_down0p6_hold2p5_up0p6_R10_M1b_R1,2,True,True,False,
/multi_agv/experiment_state,1789391524.848064,1789391524.8479707,exp2c_v5b_yaw_effectiveness_hold_exploration,M1b_R1,S1_gamma0p20_down0p6_hold2p5_up0p6_R10_M1b_R1,S1_gamma0p20_down0p6_hold2p5_up0p6_R10_M1b_R1,2,True,True,False,
/multi_agv/experiment_state,1789391524.998188,1789391524.9980567,exp2c_v5b_yaw_effectiveness_hold_exploration,M1b_R1,S1_gamma0p20_down0p6_hold2p5_up0p6_R10_M1b_R1,S1_gamma0p20_down0p6_hold2p5_up0p6_R10_M1b_R1,2,True,True,False,
/multi_agv/experiment_state,1789391525.0480852,1789391525.047994,exp2c_v5b_yaw_effectiveness_hold_exploration,M1b_R1,S1_gamma0p20_down0p6_hold2p5_up0p6_R10_M1b_R1,S1_gamma0p20_down0p6_hold2p5_up0p6_R10_M1b_R1,2,True,True,False,
/multi_agv/experiment_state,1789391525.1981456,1789391525.1979494,exp2c_v5b_yaw_effectiveness_hold_exploration,M1b_R1,S1_gamma0p20_down0p6_hold2p5_up0p6_R10_M1b_R1,S1_gamma0p20_down0p6_hold2p5_up0p6_R10_M1b_R1,2,True,True,False,
/multi_agv/experiment_state,1789391525.2980244,1789391525.297984,exp2c_v5b_yaw_effectiveness_hold_exploration,M1b_R1,S1_gamma0p20_down0p6_hold2p5_up0p6_R10_M1b_R1,S1_gamma0p20_down0p6_hold2p5_up0p6_R10_M1b_R1,2,True,True,False,
/multi_agv/experiment_state,1789391525.3480175,1789391525.3479629,exp2c_v5b_yaw_effectiveness_hold_exploration,M1b_R1,S1_gamma0p20_down0p6_hold2p5_up0p6_R10_M1b_R1,S1_gamma0p20_down0p6_hold2p5_up0p6_R10_M1b_R1,2,True,True,False,
/multi_agv/experiment_state,1789391525.4480855,1789391525.4479606,exp2c_v5b_yaw_effectiveness_hold_exploration,M1b_R1,S1_gamma0p20_down0p6_hold2p5_up0p6_R10_M1b_R1,S1_gamma0p20_down0p6_hold2p5_up0p6_R10_M1b_R1,2,True,True,False,
/multi_agv/experiment_state,1789391525.5481598,1789391525.547993,exp2c_v5b_yaw_effectiveness_hold_exploration,M1b_R1,S1_gamma0p20_down0p6_hold2p5_up0p6_R10_M1b_R1,S1_gamma0p20_down0p6_hold2p5_up0p6_R10_M1b_R1,2,True,True,False,
/multi_agv/experiment_state,1789391525.6480987,1789391525.647993,exp2c_v5b_yaw_effectiveness_hold_exploration,M1b_R1,S1_gamma0p20_down0p6_hold2p5_up0p6_R10_M1b_R1,S1_gamma0p20_down0p6_hold2p5_up0p6_R10_M1b_R1,2,True,True,False,
/multi_agv/experiment_state,1789391525.74805,1789391525.7479854,exp2c_v5b_yaw_effectiveness_hold_exploration,M1b_R1,S1_gamma0p20_down0p6_hold2p5_up0p6_R10_M1b_R1,S1_gamma0p20_down0p6_hold2p5_up0p6_R10_M1b_R1,2,True,True,False,
/multi_agv/experiment_state,1789391525.848069,1789391525.847989,exp2c_v5b_yaw_effectiveness_hold_exploration,M1b_R1,S1_gamma0p20_down0p6_hold2p5_up0p6_R10_M1b_R1,S1_gamma0p20_down0p6_hold2p5_up0p6_R10_M1b_R1,2,True,True,False,
/multi_agv/experiment_state,1789391525.9981718,1789391525.997983,exp2c_v5b_yaw_effectiveness_hold_exploration,M1b_R1,S1_gamma0p20_down0p6_hold2p5_up0p6_R10_M1b_R1,S1_gamma0p20_down0p6_hold2p5_up0p6_R10_M1b_R1,2,True,True,False,
/multi_agv/experiment_state,1789391526.048163,1789391526.0479848,exp2c_v5b_yaw_effectiveness_hold_exploration,M1b_R1,S1_gamma0p20_down0p6_hold2p5_up0p6_R10_M1b_R1,S1_gamma0p20_down0p6_hold2p5_up0p6_R10_M1b_R1,2,True,True,False,
/multi_agv/experiment_state,1789391526.148107,1789391526.1479583,exp2c_v5b_yaw_effectiveness_hold_exploration,M1b_R1,S1_gamma0p20_down0p6_hold2p5_up0p6_R10_M1b_R1,S1_gamma0p20_down0p6_hold2p5_up0p6_R10_M1b_R1,2,True,True,False,
/multi_agv/experiment_state,1789391526.2480984,1789391526.2479918,exp2c_v5b_yaw_effectiveness_hold_exploration,M1b_R1,S1_gamma0p20_down0p6_hold2p5_up0p6_R10_M1b_R1,S1_gamma0p20_down0p6_hold2p5_up0p6_R10_M1b_R1,2,True,True,False,
/multi_agv/experiment_state,1789391526.398297,1789391526.398051,exp2c_v5b_yaw_effectiveness_hold_exploration,M1b_R1,S1_gamma0p20_down0p6_hold2p5_up0p6_R10_M1b_R1,S1_gamma0p20_down0p6_hold2p5_up0p6_R10_M1b_R1,2,True,True,False,
/multi_agv/experiment_state,1789391526.448126,1789391526.4479916,exp2c_v5b_yaw_effectiveness_hold_exploration,M1b_R1,S1_gamma0p20_down0p6_hold2p5_up0p6_R10_M1b_R1,S1_gamma0p20_down0p6_hold2p5_up0p6_R10_M1b_R1,2,True,True,False,
/multi_agv/experiment_state,1789391526.5481093,1789391526.5480585,exp2c_v5b_yaw_effectiveness_hold_exploration,M1b_R1,S1_gamma0p20_down0p6_hold2p5_up0p6_R10_M1b_R1,S1_gamma0p20_down0p6_hold2p5_up0p6_R10_M1b_R1,2,True,True,False,
/multi_agv/experiment_state,1789391526.6481085,1789391526.6479926,exp2c_v5b_yaw_effectiveness_hold_exploration,M1b_R1,S1_gamma0p20_down0p6_hold2p5_up0p6_R10_M1b_R1,S1_gamma0p20_down0p6_hold2p5_up0p6_R10_M1b_R1,2,True,True,False,
/multi_agv/experiment_state,1789391526.7481093,1789391526.7479906,exp2c_v5b_yaw_effectiveness_hold_exploration,M1b_R1,S1_gamma0p20_down0p6_hold2p5_up0p6_R10_M1b_R1,S1_gamma0p20_down0p6_hold2p5_up0p6_R10_M1b_R1,2,True,True,False,
/multi_agv/experiment_state,1789391526.8480995,1789391526.8479984,exp2c_v5b_yaw_effectiveness_hold_exploration,M1b_R1,S1_gamma0p20_down0p6_hold2p5_up0p6_R10_M1b_R1,S1_gamma0p20_down0p6_hold2p5_up0p6_R10_M1b_R1,2,True,True,False,
/multi_agv/experiment_state,1789391526.948075,1789391526.9479964,exp2c_v5b_yaw_effectiveness_hold_exploration,M1b_R1,S1_gamma0p20_down0p6_hold2p5_up0p6_R10_M1b_R1,S1_gamma0p20_down0p6_hold2p5_up0p6_R10_M1b_R1,2,True,True,False,
/multi_agv/experiment_state,1789391527.0482094,1789391527.0479875,exp2c_v5b_yaw_effectiveness_hold_exploration,M1b_R1,S1_gamma0p20_down0p6_hold2p5_up0p6_R10_M1b_R1,S1_gamma0p20_down0p6_hold2p5_up0p6_R10_M1b_R1,2,True,True,False,
/multi_agv/experiment_state,1789391527.1481457,1789391527.1479897,exp2c_v5b_yaw_effectiveness_hold_exploration,M1b_R1,S1_gamma0p20_down0p6_hold2p5_up0p6_R10_M1b_R1,S1_gamma0p20_down0p6_hold2p5_up0p6_R10_M1b_R1,2,True,True,False,
/multi_agv/experiment_state,1789391527.248145,1789391527.247956,exp2c_v5b_yaw_effectiveness_hold_exploration,M1b_R1,S1_gamma0p20_down0p6_hold2p5_up0p6_R10_M1b_R1,S1_gamma0p20_down0p6_hold2p5_up0p6_R10_M1b_R1,2,True,True,False,
/multi_agv/experiment_state,1789391527.3481042,1789391527.3479881,exp2c_v5b_yaw_effectiveness_hold_exploration,M1b_R1,S1_gamma0p20_down0p6_hold2p5_up0p6_R10_M1b_R1,S1_gamma0p20_down0p6_hold2p5_up0p6_R10_M1b_R1,2,True,True,False,
/multi_agv/experiment_state,1789391527.4482234,1789391527.4479933,exp2c_v5b_yaw_effectiveness_hold_exploration,M1b_R1,S1_gamma0p20_down0p6_hold2p5_up0p6_R10_M1b_R1,S1_gamma0p20_down0p6_hold2p5_up0p6_R10_M1b_R1,2,True,True,False,
/multi_agv/experiment_state,1789391527.5480719,1789391527.5479956,exp2c_v5b_yaw_effectiveness_hold_exploration,M1b_R1,S1_gamma0p20_down0p6_hold2p5_up0p6_R10_M1b_R1,S1_gamma0p20_down0p6_hold2p5_up0p6_R10_M1b_R1,2,True,True,False,
/multi_agv/experiment_state,1789391527.648083,1789391527.6479874,exp2c_v5b_yaw_effectiveness_hold_exploration,M1b_R1,S1_gamma0p20_down0p6_hold2p5_up0p6_R10_M1b_R1,S1_gamma0p20_down0p6_hold2p5_up0p6_R10_M1b_R1,2,True,True,False,
/multi_agv/experiment_state,1789391527.7480826,1789391527.7479944,exp2c_v5b_yaw_effectiveness_hold_exploration,M1b_R1,S1_gamma0p20_down0p6_hold2p5_up0p6_R10_M1b_R1,S1_gamma0p20_down0p6_hold2p5_up0p6_R10_M1b_R1,2,True,True,False,
/multi_agv/experiment_state,1789391527.848159,1789391527.8479602,exp2c_v5b_yaw_effectiveness_hold_exploration,M1b_R1,S1_gamma0p20_down0p6_hold2p5_up0p6_R10_M1b_R1,S1_gamma0p20_down0p6_hold2p5_up0p6_R10_M1b_R1,2,True,True,False,
/multi_agv/experiment_state,1789391527.9481223,1789391527.9480014,exp2c_v5b_yaw_effectiveness_hold_exploration,M1b_R1,S1_gamma0p20_down0p6_hold2p5_up0p6_R10_M1b_R1,S1_gamma0p20_down0p6_hold2p5_up0p6_R10_M1b_R1,2,True,True,False,
/multi_agv/experiment_state,1789391528.0483193,1789391528.0480735,exp2c_v5b_yaw_effectiveness_hold_exploration,M1b_R1,S1_gamma0p20_down0p6_hold2p5_up0p6_R10_M1b_R1,S1_gamma0p20_down0p6_hold2p5_up0p6_R10_M1b_R1,2,True,True,False,
/multi_agv/experiment_state,1789391528.1480923,1789391528.1479926,exp2c_v5b_yaw_effectiveness_hold_exploration,M1b_R1,S1_gamma0p20_down0p6_hold2p5_up0p6_R10_M1b_R1,S1_gamma0p20_down0p6_hold2p5_up0p6_R10_M1b_R1,2,True,True,False,
/multi_agv/experiment_state,1789391528.2480898,1789391528.2479923,exp2c_v5b_yaw_effectiveness_hold_exploration,M1b_R1,S1_gamma0p20_down0p6_hold2p5_up0p6_R10_M1b_R1,S1_gamma0p20_down0p6_hold2p5_up0p6_R10_M1b_R1,2,True,True,False,
/multi_agv/experiment_state,1789391528.3481057,1789391528.3479898,exp2c_v5b_yaw_effectiveness_hold_exploration,M1b_R1,S1_gamma0p20_down0p6_hold2p5_up0p6_R10_M1b_R1,S1_gamma0p20_down0p6_hold2p5_up0p6_R10_M1b_R1,2,True,True,False,
/multi_agv/experiment_state,1789391528.4980967,1789391528.497951,exp2c_v5b_yaw_effectiveness_hold_exploration,M1b_R1,S1_gamma0p20_down0p6_hold2p5_up0p6_R10_M1b_R1,S1_gamma0p20_down0p6_hold2p5_up0p6_R10_M1b_R1,2,True,True,False,
/multi_agv/experiment_state,1789391528.5981238,1789391528.5979881,exp2c_v5b_yaw_effectiveness_hold_exploration,M1b_R1,S1_gamma0p20_down0p6_hold2p5_up0p6_R10_M1b_R1,S1_gamma0p20_down0p6_hold2p5_up0p6_R10_M1b_R1,2,True,True,False,
/multi_agv/experiment_state,1789391528.6481066,1789391528.6479914,exp2c_v5b_yaw_effectiveness_hold_exploration,M1b_R1,S1_gamma0p20_down0p6_hold2p5_up0p6_R10_M1b_R1,S1_gamma0p20_down0p6_hold2p5_up0p6_R10_M1b_R1,2,True,True,False,
/multi_agv/experiment_state,1789391528.7482123,1789391528.748074,exp2c_v5b_yaw_effectiveness_hold_exploration,M1b_R1,S1_gamma0p20_down0p6_hold2p5_up0p6_R10_M1b_R1,S1_gamma0p20_down0p6_hold2p5_up0p6_R10_M1b_R1,2,True,True,False,
/multi_agv/experiment_state,1789391528.8481517,1789391528.8479996,exp2c_v5b_yaw_effectiveness_hold_exploration,M1b_R1,S1_gamma0p20_down0p6_hold2p5_up0p6_R10_M1b_R1,S1_gamma0p20_down0p6_hold2p5_up0p6_R10_M1b_R1,2,True,True,False,
/multi_agv/experiment_state,1789391528.9480686,1789391528.9479985,exp2c_v5b_yaw_effectiveness_hold_exploration,M1b_R1,S1_gamma0p20_down0p6_hold2p5_up0p6_R10_M1b_R1,S1_gamma0p20_down0p6_hold2p5_up0p6_R10_M1b_R1,2,True,True,False,
/multi_agv/experiment_state,1789391529.0480137,1789391529.0479636,exp2c_v5b_yaw_effectiveness_hold_exploration,M1b_R1,S1_gamma0p20_down0p6_hold2p5_up0p6_R10_M1b_R1,S1_gamma0p20_down0p6_hold2p5_up0p6_R10_M1b_R1,2,True,True,False,
/multi_agv/experiment_state,1789391529.1482167,1789391529.1480677,exp2c_v5b_yaw_effectiveness_hold_exploration,M1b_R1,S1_gamma0p20_down0p6_hold2p5_up0p6_R10_M1b_R1,S1_gamma0p20_down0p6_hold2p5_up0p6_R10_M1b_R1,2,True,True,False,
/multi_agv/experiment_state,1789391529.2480774,1789391529.2479904,exp2c_v5b_yaw_effectiveness_hold_exploration,M1b_R1,S1_gamma0p20_down0p6_hold2p5_up0p6_R10_M1b_R1,S1_gamma0p20_down0p6_hold2p5_up0p6_R10_M1b_R1,2,True,True,False,
/multi_agv/experiment_state,1789391529.348099,1789391529.348003,exp2c_v5b_yaw_effectiveness_hold_exploration,M1b_R1,S1_gamma0p20_down0p6_hold2p5_up0p6_R10_M1b_R1,S1_gamma0p20_down0p6_hold2p5_up0p6_R10_M1b_R1,2,True,True,False,
/multi_agv/experiment_state,1789391529.44809,1789391529.4479935,exp2c_v5b_yaw_effectiveness_hold_exploration,M1b_R1,S1_gamma0p20_down0p6_hold2p5_up0p6_R10_M1b_R1,S1_gamma0p20_down0p6_hold2p5_up0p6_R10_M1b_R1,2,True,True,False,
/multi_agv/experiment_state,1789391529.5982566,1789391529.5980806,exp2c_v5b_yaw_effectiveness_hold_exploration,M1b_R1,S1_gamma0p20_down0p6_hold2p5_up0p6_R10_M1b_R1,S1_gamma0p20_down0p6_hold2p5_up0p6_R10_M1b_R1,2,True,True,False,
/multi_agv/experiment_state,1789391529.6481218,1789391529.64799,exp2c_v5b_yaw_effectiveness_hold_exploration,M1b_R1,S1_gamma0p20_down0p6_hold2p5_up0p6_R10_M1b_R1,S1_gamma0p20_down0p6_hold2p5_up0p6_R10_M1b_R1,2,True,True,False,
/multi_agv/experiment_state,1789391529.7982268,1789391529.7980716,exp2c_v5b_yaw_effectiveness_hold_exploration,M1b_R1,S1_gamma0p20_down0p6_hold2p5_up0p6_R10_M1b_R1,S1_gamma0p20_down0p6_hold2p5_up0p6_R10_M1b_R1,2,True,True,False,
/multi_agv/experiment_state,1789391529.8480744,1789391529.8479936,exp2c_v5b_yaw_effectiveness_hold_exploration,M1b_R1,S1_gamma0p20_down0p6_hold2p5_up0p6_R10_M1b_R1,S1_gamma0p20_down0p6_hold2p5_up0p6_R10_M1b_R1,2,True,True,False,
/multi_agv/experiment_state,1789391529.9480624,1789391529.947993,exp2c_v5b_yaw_effectiveness_hold_exploration,M1b_R1,S1_gamma0p20_down0p6_hold2p5_up0p6_R10_M1b_R1,S1_gamma0p20_down0p6_hold2p5_up0p6_R10_M1b_R1,2,True,True,False,
/multi_agv/experiment_state,1789391530.048097,1789391530.0479887,exp2c_v5b_yaw_effectiveness_hold_exploration,M1b_R1,S1_gamma0p20_down0p6_hold2p5_up0p6_R10_M1b_R1,S1_gamma0p20_down0p6_hold2p5_up0p6_R10_M1b_R1,2,True,True,False,
/multi_agv/experiment_state,1789391530.1981769,1789391530.1980758,exp2c_v5b_yaw_effectiveness_hold_exploration,M1b_R1,S1_gamma0p20_down0p6_hold2p5_up0p6_R10_M1b_R1,S1_gamma0p20_down0p6_hold2p5_up0p6_R10_M1b_R1,2,True,True,False,
/multi_agv/experiment_state,1789391530.2980473,1789391530.2979565,exp2c_v5b_yaw_effectiveness_hold_exploration,M1b_R1,S1_gamma0p20_down0p6_hold2p5_up0p6_R10_M1b_R1,S1_gamma0p20_down0p6_hold2p5_up0p6_R10_M1b_R1,2,True,True,False,
/multi_agv/experiment_state,1789391530.3480537,1789391530.3479652,exp2c_v5b_yaw_effectiveness_hold_exploration,M1b_R1,S1_gamma0p20_down0p6_hold2p5_up0p6_R10_M1b_R1,S1_gamma0p20_down0p6_hold2p5_up0p6_R10_M1b_R1,2,True,True,False,
/multi_agv/experiment_state,1789391530.4481268,1789391530.4479616,exp2c_v5b_yaw_effectiveness_hold_exploration,M1b_R1,S1_gamma0p20_down0p6_hold2p5_up0p6_R10_M1b_R1,S1_gamma0p20_down0p6_hold2p5_up0p6_R10_M1b_R1,2,True,True,False,
/multi_agv/experiment_state,1789391530.5481868,1789391530.5479631,exp2c_v5b_yaw_effectiveness_hold_exploration,M1b_R1,S1_gamma0p20_down0p6_hold2p5_up0p6_R10_M1b_R1,S1_gamma0p20_down0p6_hold2p5_up0p6_R10_M1b_R1,2,True,True,False,
/multi_agv/experiment_state,1789391530.648034,1789391530.647962,exp2c_v5b_yaw_effectiveness_hold_exploration,M1b_R1,S1_gamma0p20_down0p6_hold2p5_up0p6_R10_M1b_R1,S1_gamma0p20_down0p6_hold2p5_up0p6_R10_M1b_R1,2,True,True,False,
/multi_agv/experiment_state,1789391530.7981224,1789391530.7979562,exp2c_v5b_yaw_effectiveness_hold_exploration,M1b_R1,S1_gamma0p20_down0p6_hold2p5_up0p6_R10_M1b_R1,S1_gamma0p20_down0p6_hold2p5_up0p6_R10_M1b_R1,2,True,True,False,
/multi_agv/experiment_state,1789391530.8981152,1789391530.897955,exp2c_v5b_yaw_effectiveness_hold_exploration,M1b_R1,S1_gamma0p20_down0p6_hold2p5_up0p6_R10_M1b_R1,S1_gamma0p20_down0p6_hold2p5_up0p6_R10_M1b_R1,2,True,True,False,
/multi_agv/experiment_state,1789391530.9981465,1789391530.9979866,exp2c_v5b_yaw_effectiveness_hold_exploration,M1b_R1,S1_gamma0p20_down0p6_hold2p5_up0p6_R10_M1b_R1,S1_gamma0p20_down0p6_hold2p5_up0p6_R10_M1b_R1,2,True,True,False,
/multi_agv/experiment_state,1789391531.0480943,1789391531.0479634,exp2c_v5b_yaw_effectiveness_hold_exploration,M1b_R1,S1_gamma0p20_down0p6_hold2p5_up0p6_R10_M1b_R1,S1_gamma0p20_down0p6_hold2p5_up0p6_R10_M1b_R1,2,True,True,False,
/multi_agv/experiment_state,1789391531.1480534,1789391531.1479654,exp2c_v5b_yaw_effectiveness_hold_exploration,M1b_R1,S1_gamma0p20_down0p6_hold2p5_up0p6_R10_M1b_R1,S1_gamma0p20_down0p6_hold2p5_up0p6_R10_M1b_R1,2,True,True,False,
/multi_agv/experiment_state,1789391531.2480838,1789391531.2479959,exp2c_v5b_yaw_effectiveness_hold_exploration,M1b_R1,S1_gamma0p20_down0p6_hold2p5_up0p6_R10_M1b_R1,S1_gamma0p20_down0p6_hold2p5_up0p6_R10_M1b_R1,2,True,True,False,
/multi_agv/experiment_state,1789391531.3481722,1789391531.3479614,exp2c_v5b_yaw_effectiveness_hold_exploration,M1b_R1,S1_gamma0p20_down0p6_hold2p5_up0p6_R10_M1b_R1,S1_gamma0p20_down0p6_hold2p5_up0p6_R10_M1b_R1,2,True,True,False,
/multi_agv/experiment_state,1789391531.448037,1789391531.4479628,exp2c_v5b_yaw_effectiveness_hold_exploration,M1b_R1,S1_gamma0p20_down0p6_hold2p5_up0p6_R10_M1b_R1,S1_gamma0p20_down0p6_hold2p5_up0p6_R10_M1b_R1,2,True,True,False,
/multi_agv/experiment_state,1789391531.5480216,1789391531.5479617,exp2c_v5b_yaw_effectiveness_hold_exploration,M1b_R1,S1_gamma0p20_down0p6_hold2p5_up0p6_R10_M1b_R1,S1_gamma0p20_down0p6_hold2p5_up0p6_R10_M1b_R1,2,True,True,False,
/multi_agv/experiment_state,1789391531.6982088,1789391531.6979976,exp2c_v5b_yaw_effectiveness_hold_exploration,M1b_R1,S1_gamma0p20_down0p6_hold2p5_up0p6_R10_M1b_R1,S1_gamma0p20_down0p6_hold2p5_up0p6_R10_M1b_R1,2,True,True,False,
/multi_agv/experiment_state,1789391531.7481368,1789391531.7479618,exp2c_v5b_yaw_effectiveness_hold_exploration,M1b_R1,S1_gamma0p20_down0p6_hold2p5_up0p6_R10_M1b_R1,S1_gamma0p20_down0p6_hold2p5_up0p6_R10_M1b_R1,2,True,True,False,
/multi_agv/experiment_state,1789391531.8480787,1789391531.8479955,exp2c_v5b_yaw_effectiveness_hold_exploration,M1b_R1,S1_gamma0p20_down0p6_hold2p5_up0p6_R10_M1b_R1,S1_gamma0p20_down0p6_hold2p5_up0p6_R10_M1b_R1,2,True,True,False,
/multi_agv/experiment_state,1789391531.9480329,1789391531.947995,exp2c_v5b_yaw_effectiveness_hold_exploration,M1b_R1,S1_gamma0p20_down0p6_hold2p5_up0p6_R10_M1b_R1,S1_gamma0p20_down0p6_hold2p5_up0p6_R10_M1b_R1,2,True,True,False,
/multi_agv/experiment_state,1789391532.0979953,1789391532.0979528,exp2c_v5b_yaw_effectiveness_hold_exploration,M1b_R1,S1_gamma0p20_down0p6_hold2p5_up0p6_R10_M1b_R1,S1_gamma0p20_down0p6_hold2p5_up0p6_R10_M1b_R1,2,True,True,False,
/multi_agv/experiment_state,1789391532.1980793,1789391532.197954,exp2c_v5b_yaw_effectiveness_hold_exploration,M1b_R1,S1_gamma0p20_down0p6_hold2p5_up0p6_R10_M1b_R1,S1_gamma0p20_down0p6_hold2p5_up0p6_R10_M1b_R1,2,True,True,False,
/multi_agv/experiment_state,1789391532.2980623,1789391532.29799,exp2c_v5b_yaw_effectiveness_hold_exploration,M1b_R1,S1_gamma0p20_down0p6_hold2p5_up0p6_R10_M1b_R1,S1_gamma0p20_down0p6_hold2p5_up0p6_R10_M1b_R1,2,True,True,False,
/multi_agv/experiment_state,1789391532.3481221,1789391532.3479974,exp2c_v5b_yaw_effectiveness_hold_exploration,M1b_R1,S1_gamma0p20_down0p6_hold2p5_up0p6_R10_M1b_R1,S1_gamma0p20_down0p6_hold2p5_up0p6_R10_M1b_R1,2,True,True,False,
/multi_agv/experiment_state,1789391532.4981396,1789391532.4980106,exp2c_v5b_yaw_effectiveness_hold_exploration,M1b_R1,S1_gamma0p20_down0p6_hold2p5_up0p6_R10_M1b_R1,S1_gamma0p20_down0p6_hold2p5_up0p6_R10_M1b_R1,2,True,True,False,
/multi_agv/experiment_state,1789391532.5981534,1789391532.5979571,exp2c_v5b_yaw_effectiveness_hold_exploration,M1b_R1,S1_gamma0p20_down0p6_hold2p5_up0p6_R10_M1b_R1,S1_gamma0p20_down0p6_hold2p5_up0p6_R10_M1b_R1,2,True,True,False,
/multi_agv/experiment_state,1789391532.6980865,1789391532.6979554,exp2c_v5b_yaw_effectiveness_hold_exploration,M1b_R1,S1_gamma0p20_down0p6_hold2p5_up0p6_R10_M1b_R1,S1_gamma0p20_down0p6_hold2p5_up0p6_R10_M1b_R1,2,True,True,False,
/multi_agv/experiment_state,1789391532.7480466,1789391532.7479653,exp2c_v5b_yaw_effectiveness_hold_exploration,M1b_R1,S1_gamma0p20_down0p6_hold2p5_up0p6_R10_M1b_R1,S1_gamma0p20_down0p6_hold2p5_up0p6_R10_M1b_R1,2,True,True,False,
/multi_agv/experiment_state,1789391532.8981323,1789391532.897956,exp2c_v5b_yaw_effectiveness_hold_exploration,M1b_R1,S1_gamma0p20_down0p6_hold2p5_up0p6_R10_M1b_R1,S1_gamma0p20_down0p6_hold2p5_up0p6_R10_M1b_R1,2,True,True,False,
/multi_agv/experiment_state,1789391532.9481018,1789391532.9479632,exp2c_v5b_yaw_effectiveness_hold_exploration,M1b_R1,S1_gamma0p20_down0p6_hold2p5_up0p6_R10_M1b_R1,S1_gamma0p20_down0p6_hold2p5_up0p6_R10_M1b_R1,2,True,True,False,
/multi_agv/experiment_state,1789391533.0481045,1789391533.047963,exp2c_v5b_yaw_effectiveness_hold_exploration,M1b_R1,S1_gamma0p20_down0p6_hold2p5_up0p6_R10_M1b_R1,S1_gamma0p20_down0p6_hold2p5_up0p6_R10_M1b_R1,2,True,True,False,
/multi_agv/experiment_state,1789391533.1482003,1789391533.147964,exp2c_v5b_yaw_effectiveness_hold_exploration,M1b_R1,S1_gamma0p20_down0p6_hold2p5_up0p6_R10_M1b_R1,S1_gamma0p20_down0p6_hold2p5_up0p6_R10_M1b_R1,2,True,True,False,
/multi_agv/experiment_state,1789391533.2981217,1789391533.2979574,exp2c_v5b_yaw_effectiveness_hold_exploration,M1b_R1,S1_gamma0p20_down0p6_hold2p5_up0p6_R10_M1b_R1,S1_gamma0p20_down0p6_hold2p5_up0p6_R10_M1b_R1,2,True,True,False,
/multi_agv/experiment_state,1789391533.3481002,1789391533.3479743,exp2c_v5b_yaw_effectiveness_hold_exploration,M1b_R1,S1_gamma0p20_down0p6_hold2p5_up0p6_R10_M1b_R1,S1_gamma0p20_down0p6_hold2p5_up0p6_R10_M1b_R1,2,True,True,False,
/multi_agv/experiment_state,1789391533.4481604,1789391533.4479604,exp2c_v5b_yaw_effectiveness_hold_exploration,M1b_R1,S1_gamma0p20_down0p6_hold2p5_up0p6_R10_M1b_R1,S1_gamma0p20_down0p6_hold2p5_up0p6_R10_M1b_R1,2,True,True,False,
/multi_agv/experiment_state,1789391533.548063,1789391533.547988,exp2c_v5b_yaw_effectiveness_hold_exploration,M1b_R1,S1_gamma0p20_down0p6_hold2p5_up0p6_R10_M1b_R1,S1_gamma0p20_down0p6_hold2p5_up0p6_R10_M1b_R1,2,True,True,False,
/multi_agv/experiment_state,1789391533.6480362,1789391533.6479971,exp2c_v5b_yaw_effectiveness_hold_exploration,M1b_R1,S1_gamma0p20_down0p6_hold2p5_up0p6_R10_M1b_R1,S1_gamma0p20_down0p6_hold2p5_up0p6_R10_M1b_R1,2,True,True,False,
/multi_agv/experiment_state,1789391533.7480087,1789391533.7479637,exp2c_v5b_yaw_effectiveness_hold_exploration,M1b_R1,S1_gamma0p20_down0p6_hold2p5_up0p6_R10_M1b_R1,S1_gamma0p20_down0p6_hold2p5_up0p6_R10_M1b_R1,2,True,True,False,
/multi_agv/experiment_state,1789391533.8480737,1789391533.8479629,exp2c_v5b_yaw_effectiveness_hold_exploration,M1b_R1,S1_gamma0p20_down0p6_hold2p5_up0p6_R10_M1b_R1,S1_gamma0p20_down0p6_hold2p5_up0p6_R10_M1b_R1,2,True,True,False,
/multi_agv/experiment_state,1789391533.9480784,1789391533.9479635,exp2c_v5b_yaw_effectiveness_hold_exploration,M1b_R1,S1_gamma0p20_down0p6_hold2p5_up0p6_R10_M1b_R1,S1_gamma0p20_down0p6_hold2p5_up0p6_R10_M1b_R1,2,True,True,False,
/multi_agv/experiment_state,1789391534.0980496,1789391534.097955,exp2c_v5b_yaw_effectiveness_hold_exploration,M1b_R1,S1_gamma0p20_down0p6_hold2p5_up0p6_R10_M1b_R1,S1_gamma0p20_down0p6_hold2p5_up0p6_R10_M1b_R1,2,True,True,False,
/multi_agv/experiment_state,1789391534.1481445,1789391534.1479635,exp2c_v5b_yaw_effectiveness_hold_exploration,M1b_R1,S1_gamma0p20_down0p6_hold2p5_up0p6_R10_M1b_R1,S1_gamma0p20_down0p6_hold2p5_up0p6_R10_M1b_R1,2,True,True,False,
/multi_agv/experiment_state,1789391534.2481537,1789391534.247965,exp2c_v5b_yaw_effectiveness_hold_exploration,M1b_R1,S1_gamma0p20_down0p6_hold2p5_up0p6_R10_M1b_R1,S1_gamma0p20_down0p6_hold2p5_up0p6_R10_M1b_R1,2,True,True,False,
/multi_agv/experiment_state,1789391534.3480752,1789391534.347963,exp2c_v5b_yaw_effectiveness_hold_exploration,M1b_R1,S1_gamma0p20_down0p6_hold2p5_up0p6_R10_M1b_R1,S1_gamma0p20_down0p6_hold2p5_up0p6_R10_M1b_R1,2,True,True,False,
/multi_agv/experiment_state,1789391534.4481735,1789391534.4479597,exp2c_v5b_yaw_effectiveness_hold_exploration,M1b_R1,S1_gamma0p20_down0p6_hold2p5_up0p6_R10_M1b_R1,S1_gamma0p20_down0p6_hold2p5_up0p6_R10_M1b_R1,2,True,True,False,
/multi_agv/experiment_state,1789391534.5482502,1789391534.5479612,exp2c_v5b_yaw_effectiveness_hold_exploration,M1b_R1,S1_gamma0p20_down0p6_hold2p5_up0p6_R10_M1b_R1,S1_gamma0p20_down0p6_hold2p5_up0p6_R10_M1b_R1,2,True,True,False,
/multi_agv/experiment_state,1789391534.6481209,1789391534.6479638,exp2c_v5b_yaw_effectiveness_hold_exploration,M1b_R1,S1_gamma0p20_down0p6_hold2p5_up0p6_R10_M1b_R1,S1_gamma0p20_down0p6_hold2p5_up0p6_R10_M1b_R1,2,True,True,False,
/multi_agv/experiment_state,1789391534.7481434,1789391534.7479608,exp2c_v5b_yaw_effectiveness_hold_exploration,M1b_R1,S1_gamma0p20_down0p6_hold2p5_up0p6_R10_M1b_R1,S1_gamma0p20_down0p6_hold2p5_up0p6_R10_M1b_R1,2,True,True,False,
/multi_agv/experiment_state,1789391534.8480864,1789391534.8479693,exp2c_v5b_yaw_effectiveness_hold_exploration,M1b_R1,S1_gamma0p20_down0p6_hold2p5_up0p6_R10_M1b_R1,S1_gamma0p20_down0p6_hold2p5_up0p6_R10_M1b_R1,2,True,True,False,
/multi_agv/experiment_state,1789391534.9481554,1789391534.947964,exp2c_v5b_yaw_effectiveness_hold_exploration,M1b_R1,S1_gamma0p20_down0p6_hold2p5_up0p6_R10_M1b_R1,S1_gamma0p20_down0p6_hold2p5_up0p6_R10_M1b_R1,2,True,True,False,
/multi_agv/experiment_state,1789391535.0481515,1789391535.0479627,exp2c_v5b_yaw_effectiveness_hold_exploration,M1b_R1,S1_gamma0p20_down0p6_hold2p5_up0p6_R10_M1b_R1,S1_gamma0p20_down0p6_hold2p5_up0p6_R10_M1b_R1,2,True,True,False,
/multi_agv/experiment_state,1789391535.1481535,1789391535.1479626,exp2c_v5b_yaw_effectiveness_hold_exploration,M1b_R1,S1_gamma0p20_down0p6_hold2p5_up0p6_R10_M1b_R1,S1_gamma0p20_down0p6_hold2p5_up0p6_R10_M1b_R1,2,True,True,False,
/multi_agv/experiment_state,1789391535.2480109,1789391535.2479618,exp2c_v5b_yaw_effectiveness_hold_exploration,M1b_R1,S1_gamma0p20_down0p6_hold2p5_up0p6_R10_M1b_R1,S1_gamma0p20_down0p6_hold2p5_up0p6_R10_M1b_R1,2,True,True,False,
/multi_agv/experiment_state,1789391535.3480768,1789391535.3479614,exp2c_v5b_yaw_effectiveness_hold_exploration,M1b_R1,S1_gamma0p20_down0p6_hold2p5_up0p6_R10_M1b_R1,S1_gamma0p20_down0p6_hold2p5_up0p6_R10_M1b_R1,2,True,True,False,
/multi_agv/experiment_state,1789391535.448044,1789391535.44796,exp2c_v5b_yaw_effectiveness_hold_exploration,M1b_R1,S1_gamma0p20_down0p6_hold2p5_up0p6_R10_M1b_R1,S1_gamma0p20_down0p6_hold2p5_up0p6_R10_M1b_R1,2,True,True,False,
/multi_agv/experiment_state,1789391535.5480719,1789391535.5479617,exp2c_v5b_yaw_effectiveness_hold_exploration,M1b_R1,S1_gamma0p20_down0p6_hold2p5_up0p6_R10_M1b_R1,S1_gamma0p20_down0p6_hold2p5_up0p6_R10_M1b_R1,2,True,True,False,
/multi_agv/experiment_state,1789391535.6481595,1789391535.6479635,exp2c_v5b_yaw_effectiveness_hold_exploration,M1b_R1,S1_gamma0p20_down0p6_hold2p5_up0p6_R10_M1b_R1,S1_gamma0p20_down0p6_hold2p5_up0p6_R10_M1b_R1,2,True,True,False,
/multi_agv/experiment_state,1789391535.748141,1789391535.747963,exp2c_v5b_yaw_effectiveness_hold_exploration,M1b_R1,S1_gamma0p20_down0p6_hold2p5_up0p6_R10_M1b_R1,S1_gamma0p20_down0p6_hold2p5_up0p6_R10_M1b_R1,2,True,True,False,
/multi_agv/experiment_state,1789391535.8481011,1789391535.847961,exp2c_v5b_yaw_effectiveness_hold_exploration,M1b_R1,S1_gamma0p20_down0p6_hold2p5_up0p6_R10_M1b_R1,S1_gamma0p20_down0p6_hold2p5_up0p6_R10_M1b_R1,2,True,True,False,
/multi_agv/experiment_state,1789391535.9981582,1789391535.9980044,exp2c_v5b_yaw_effectiveness_hold_exploration,M1b_R1,S1_gamma0p20_down0p6_hold2p5_up0p6_R10_M1b_R1,S1_gamma0p20_down0p6_hold2p5_up0p6_R10_M1b_R1,2,True,True,False,
/multi_agv/experiment_state,1789391536.0980325,1789391536.0979555,exp2c_v5b_yaw_effectiveness_hold_exploration,M1b_R1,S1_gamma0p20_down0p6_hold2p5_up0p6_R10_M1b_R1,S1_gamma0p20_down0p6_hold2p5_up0p6_R10_M1b_R1,2,True,True,False,
/multi_agv/experiment_state,1789391536.1480808,1789391536.148008,exp2c_v5b_yaw_effectiveness_hold_exploration,M1b_R1,S1_gamma0p20_down0p6_hold2p5_up0p6_R10_M1b_R1,S1_gamma0p20_down0p6_hold2p5_up0p6_R10_M1b_R1,2,True,True,False,
/multi_agv/experiment_state,1789391536.2982116,1789391536.2979548,exp2c_v5b_yaw_effectiveness_hold_exploration,M1b_R1,S1_gamma0p20_down0p6_hold2p5_up0p6_R10_M1b_R1,S1_gamma0p20_down0p6_hold2p5_up0p6_R10_M1b_R1,2,True,True,False,
/multi_agv/experiment_state,1789391536.3482132,1789391536.347964,exp2c_v5b_yaw_effectiveness_hold_exploration,M1b_R1,S1_gamma0p20_down0p6_hold2p5_up0p6_R10_M1b_R1,S1_gamma0p20_down0p6_hold2p5_up0p6_R10_M1b_R1,2,True,True,False,
/multi_agv/experiment_state,1789391536.498045,1789391536.4979565,exp2c_v5b_yaw_effectiveness_hold_exploration,M1b_R1,S1_gamma0p20_down0p6_hold2p5_up0p6_R10_M1b_R1,S1_gamma0p20_down0p6_hold2p5_up0p6_R10_M1b_R1,2,True,True,False,
/multi_agv/experiment_state,1789391536.5980866,1789391536.5979562,exp2c_v5b_yaw_effectiveness_hold_exploration,M1b_R1,S1_gamma0p20_down0p6_hold2p5_up0p6_R10_M1b_R1,S1_gamma0p20_down0p6_hold2p5_up0p6_R10_M1b_R1,2,True,True,False,
/multi_agv/experiment_state,1789391536.6481717,1789391536.6479971,exp2c_v5b_yaw_effectiveness_hold_exploration,M1b_R1,S1_gamma0p20_down0p6_hold2p5_up0p6_R10_M1b_R1,S1_gamma0p20_down0p6_hold2p5_up0p6_R10_M1b_R1,2,True,True,False,
/multi_agv/experiment_state,1789391536.7481158,1789391536.7479963,exp2c_v5b_yaw_effectiveness_hold_exploration,M1b_R1,S1_gamma0p20_down0p6_hold2p5_up0p6_R10_M1b_R1,S1_gamma0p20_down0p6_hold2p5_up0p6_R10_M1b_R1,2,True,True,False,
/multi_agv/experiment_state,1789391536.898224,1789391536.8979852,exp2c_v5b_yaw_effectiveness_hold_exploration,M1b_R1,S1_gamma0p20_down0p6_hold2p5_up0p6_R10_M1b_R1,S1_gamma0p20_down0p6_hold2p5_up0p6_R10_M1b_R1,2,True,True,False,
/multi_agv/experiment_state,1789391536.948103,1789391536.9479861,exp2c_v5b_yaw_effectiveness_hold_exploration,M1b_R1,S1_gamma0p20_down0p6_hold2p5_up0p6_R10_M1b_R1,S1_gamma0p20_down0p6_hold2p5_up0p6_R10_M1b_R1,2,True,True,False,
/multi_agv/experiment_state,1789391537.0480664,1789391537.04799,exp2c_v5b_yaw_effectiveness_hold_exploration,M1b_R1,S1_gamma0p20_down0p6_hold2p5_up0p6_R10_M1b_R1,S1_gamma0p20_down0p6_hold2p5_up0p6_R10_M1b_R1,2,True,True,False,
/multi_agv/experiment_state,1789391537.148174,1789391537.1479607,exp2c_v5b_yaw_effectiveness_hold_exploration,M1b_R1,S1_gamma0p20_down0p6_hold2p5_up0p6_R10_M1b_R1,S1_gamma0p20_down0p6_hold2p5_up0p6_R10_M1b_R1,2,True,True,False,
/multi_agv/experiment_state,1789391537.298188,1789391537.2979834,exp2c_v5b_yaw_effectiveness_hold_exploration,M1b_R1,S1_gamma0p20_down0p6_hold2p5_up0p6_R10_M1b_R1,S1_gamma0p20_down0p6_hold2p5_up0p6_R10_M1b_R1,2,True,True,False,
/multi_agv/experiment_state,1789391537.34811,1789391537.3480039,exp2c_v5b_yaw_effectiveness_hold_exploration,M1b_R1,S1_gamma0p20_down0p6_hold2p5_up0p6_R10_M1b_R1,S1_gamma0p20_down0p6_hold2p5_up0p6_R10_M1b_R1,2,True,True,False,
/multi_agv/experiment_state,1789391537.4481256,1789391537.4479887,exp2c_v5b_yaw_effectiveness_hold_exploration,M1b_R1,S1_gamma0p20_down0p6_hold2p5_up0p6_R10_M1b_R1,S1_gamma0p20_down0p6_hold2p5_up0p6_R10_M1b_R1,2,True,True,False,
/multi_agv/experiment_state,1789391537.5481255,1789391537.5479884,exp2c_v5b_yaw_effectiveness_hold_exploration,M1b_R1,S1_gamma0p20_down0p6_hold2p5_up0p6_R10_M1b_R1,S1_gamma0p20_down0p6_hold2p5_up0p6_R10_M1b_R1,2,True,True,False,
/multi_agv/experiment_state,1789391537.6481109,1789391537.6479933,exp2c_v5b_yaw_effectiveness_hold_exploration,M1b_R1,S1_gamma0p20_down0p6_hold2p5_up0p6_R10_M1b_R1,S1_gamma0p20_down0p6_hold2p5_up0p6_R10_M1b_R1,2,True,True,False,
/multi_agv/experiment_state,1789391537.7482111,1789391537.7479937,exp2c_v5b_yaw_effectiveness_hold_exploration,M1b_R1,S1_gamma0p20_down0p6_hold2p5_up0p6_R10_M1b_R1,S1_gamma0p20_down0p6_hold2p5_up0p6_R10_M1b_R1,2,True,True,False,
/multi_agv/experiment_state,1789391537.848279,1789391537.847998,exp2c_v5b_yaw_effectiveness_hold_exploration,M1b_R1,S1_gamma0p20_down0p6_hold2p5_up0p6_R10_M1b_R1,S1_gamma0p20_down0p6_hold2p5_up0p6_R10_M1b_R1,2,True,True,False,
/multi_agv/experiment_state,1789391537.9481065,1789391537.9479911,exp2c_v5b_yaw_effectiveness_hold_exploration,M1b_R1,S1_gamma0p20_down0p6_hold2p5_up0p6_R10_M1b_R1,S1_gamma0p20_down0p6_hold2p5_up0p6_R10_M1b_R1,2,True,True,False,
/multi_agv/experiment_state,1789391538.0481305,1789391538.0479894,exp2c_v5b_yaw_effectiveness_hold_exploration,M1b_R1,S1_gamma0p20_down0p6_hold2p5_up0p6_R10_M1b_R1,S1_gamma0p20_down0p6_hold2p5_up0p6_R10_M1b_R1,2,True,True,False,
/multi_agv/experiment_state,1789391538.1481388,1789391538.1479874,exp2c_v5b_yaw_effectiveness_hold_exploration,M1b_R1,S1_gamma0p20_down0p6_hold2p5_up0p6_R10_M1b_R1,S1_gamma0p20_down0p6_hold2p5_up0p6_R10_M1b_R1,2,True,True,False,
/multi_agv/experiment_state,1789391538.2481318,1789391538.2479892,exp2c_v5b_yaw_effectiveness_hold_exploration,M1b_R1,S1_gamma0p20_down0p6_hold2p5_up0p6_R10_M1b_R1,S1_gamma0p20_down0p6_hold2p5_up0p6_R10_M1b_R1,2,True,True,False,
/multi_agv/experiment_state,1789391538.3481326,1789391538.3479924,exp2c_v5b_yaw_effectiveness_hold_exploration,M1b_R1,S1_gamma0p20_down0p6_hold2p5_up0p6_R10_M1b_R1,S1_gamma0p20_down0p6_hold2p5_up0p6_R10_M1b_R1,2,True,True,False,
/multi_agv/experiment_state,1789391538.4481204,1789391538.4479995,exp2c_v5b_yaw_effectiveness_hold_exploration,M1b_R1,S1_gamma0p20_down0p6_hold2p5_up0p6_R10_M1b_R1,S1_gamma0p20_down0p6_hold2p5_up0p6_R10_M1b_R1,2,True,True,False,
/multi_agv/experiment_state,1789391538.5481374,1789391538.5480955,exp2c_v5b_yaw_effectiveness_hold_exploration,M1b_R1,S1_gamma0p20_down0p6_hold2p5_up0p6_R10_M1b_R1,S1_gamma0p20_down0p6_hold2p5_up0p6_R10_M1b_R1,2,True,True,False,
/multi_agv/experiment_state,1789391538.698124,1789391538.6979547,exp2c_v5b_yaw_effectiveness_hold_exploration,M1b_R1,S1_gamma0p20_down0p6_hold2p5_up0p6_R10_M1b_R1,S1_gamma0p20_down0p6_hold2p5_up0p6_R10_M1b_R1,2,True,True,False,
/multi_agv/experiment_state,1789391538.7480497,1789391538.7479587,exp2c_v5b_yaw_effectiveness_hold_exploration,M1b_R1,S1_gamma0p20_down0p6_hold2p5_up0p6_R10_M1b_R1,S1_gamma0p20_down0p6_hold2p5_up0p6_R10_M1b_R1,2,True,True,False,
/multi_agv/experiment_state,1789391538.8982348,1789391538.8979523,exp2c_v5b_yaw_effectiveness_hold_exploration,M1b_R1,S1_gamma0p20_down0p6_hold2p5_up0p6_R10_M1b_R1,S1_gamma0p20_down0p6_hold2p5_up0p6_R10_M1b_R1,2,True,True,False,
/multi_agv/experiment_state,1789391538.948027,1789391538.9479644,exp2c_v5b_yaw_effectiveness_hold_exploration,M1b_R1,S1_gamma0p20_down0p6_hold2p5_up0p6_R10_M1b_R1,S1_gamma0p20_down0p6_hold2p5_up0p6_R10_M1b_R1,2,True,True,False,
/multi_agv/experiment_state,1789391539.0482314,1789391539.0479958,exp2c_v5b_yaw_effectiveness_hold_exploration,M1b_R1,S1_gamma0p20_down0p6_hold2p5_up0p6_R10_M1b_R1,S1_gamma0p20_down0p6_hold2p5_up0p6_R10_M1b_R1,2,True,True,False,
/multi_agv/experiment_state,1789391539.1480212,1789391539.1479902,exp2c_v5b_yaw_effectiveness_hold_exploration,M1b_R1,S1_gamma0p20_down0p6_hold2p5_up0p6_R10_M1b_R1,S1_gamma0p20_down0p6_hold2p5_up0p6_R10_M1b_R1,2,True,True,False,
/multi_agv/experiment_state,1789391539.2482631,1789391539.2479897,exp2c_v5b_yaw_effectiveness_hold_exploration,M1b_R1,S1_gamma0p20_down0p6_hold2p5_up0p6_R10_M1b_R1,S1_gamma0p20_down0p6_hold2p5_up0p6_R10_M1b_R1,2,True,True,False,
/multi_agv/experiment_state,1789391539.3481295,1789391539.3479896,exp2c_v5b_yaw_effectiveness_hold_exploration,M1b_R1,S1_gamma0p20_down0p6_hold2p5_up0p6_R10_M1b_R1,S1_gamma0p20_down0p6_hold2p5_up0p6_R10_M1b_R1,2,True,True,False,
/multi_agv/experiment_state,1789391539.448219,1789391539.4479933,exp2c_v5b_yaw_effectiveness_hold_exploration,M1b_R1,S1_gamma0p20_down0p6_hold2p5_up0p6_R10_M1b_R1,S1_gamma0p20_down0p6_hold2p5_up0p6_R10_M1b_R1,2,True,True,False,
/multi_agv/experiment_state,1789391539.5480263,1789391539.5479596,exp2c_v5b_yaw_effectiveness_hold_exploration,M1b_R1,S1_gamma0p20_down0p6_hold2p5_up0p6_R10_M1b_R1,S1_gamma0p20_down0p6_hold2p5_up0p6_R10_M1b_R1,2,True,True,False,
/multi_agv/experiment_state,1789391539.6481838,1789391539.6479576,exp2c_v5b_yaw_effectiveness_hold_exploration,M1b_R1,S1_gamma0p20_down0p6_hold2p5_up0p6_R10_M1b_R1,S1_gamma0p20_down0p6_hold2p5_up0p6_R10_M1b_R1,2,True,True,False,
/multi_agv/experiment_state,1789391539.7480655,1789391539.7479928,exp2c_v5b_yaw_effectiveness_hold_exploration,M1b_R1,S1_gamma0p20_down0p6_hold2p5_up0p6_R10_M1b_R1,S1_gamma0p20_down0p6_hold2p5_up0p6_R10_M1b_R1,2,True,True,False,
/multi_agv/experiment_state,1789391539.8480823,1789391539.8479614,exp2c_v5b_yaw_effectiveness_hold_exploration,M1b_R1,S1_gamma0p20_down0p6_hold2p5_up0p6_R10_M1b_R1,S1_gamma0p20_down0p6_hold2p5_up0p6_R10_M1b_R1,2,True,True,False,
/multi_agv/experiment_state,1789391539.94808,1789391539.9479582,exp2c_v5b_yaw_effectiveness_hold_exploration,M1b_R1,S1_gamma0p20_down0p6_hold2p5_up0p6_R10_M1b_R1,S1_gamma0p20_down0p6_hold2p5_up0p6_R10_M1b_R1,2,True,True,False,
/multi_agv/experiment_state,1789391540.0480523,1789391540.04796,exp2c_v5b_yaw_effectiveness_hold_exploration,M1b_R1,S1_gamma0p20_down0p6_hold2p5_up0p6_R10_M1b_R1,S1_gamma0p20_down0p6_hold2p5_up0p6_R10_M1b_R1,2,True,True,False,
/multi_agv/experiment_state,1789391540.1480892,1789391540.1479595,exp2c_v5b_yaw_effectiveness_hold_exploration,M1b_R1,S1_gamma0p20_down0p6_hold2p5_up0p6_R10_M1b_R1,S1_gamma0p20_down0p6_hold2p5_up0p6_R10_M1b_R1,2,True,True,False,
/multi_agv/experiment_state,1789391540.2481108,1789391540.2479932,exp2c_v5b_yaw_effectiveness_hold_exploration,M1b_R1,S1_gamma0p20_down0p6_hold2p5_up0p6_R10_M1b_R1,S1_gamma0p20_down0p6_hold2p5_up0p6_R10_M1b_R1,2,True,True,False,
/multi_agv/experiment_state,1789391540.3480735,1789391540.3479915,exp2c_v5b_yaw_effectiveness_hold_exploration,M1b_R1,S1_gamma0p20_down0p6_hold2p5_up0p6_R10_M1b_R1,S1_gamma0p20_down0p6_hold2p5_up0p6_R10_M1b_R1,2,True,True,False,
/multi_agv/experiment_state,1789391540.4480357,1789391540.4479582,exp2c_v5b_yaw_effectiveness_hold_exploration,M1b_R1,S1_gamma0p20_down0p6_hold2p5_up0p6_R10_M1b_R1,S1_gamma0p20_down0p6_hold2p5_up0p6_R10_M1b_R1,2,True,True,False,
/multi_agv/experiment_state,1789391540.548015,1789391540.5479896,exp2c_v5b_yaw_effectiveness_hold_exploration,M1b_R1,S1_gamma0p20_down0p6_hold2p5_up0p6_R10_M1b_R1,S1_gamma0p20_down0p6_hold2p5_up0p6_R10_M1b_R1,2,True,True,False,
/multi_agv/experiment_state,1789391540.648232,1789391540.6479897,exp2c_v5b_yaw_effectiveness_hold_exploration,M1b_R1,S1_gamma0p20_down0p6_hold2p5_up0p6_R10_M1b_R1,S1_gamma0p20_down0p6_hold2p5_up0p6_R10_M1b_R1,2,True,True,False,
/multi_agv/experiment_state,1789391540.7480247,1789391540.747994,exp2c_v5b_yaw_effectiveness_hold_exploration,M1b_R1,S1_gamma0p20_down0p6_hold2p5_up0p6_R10_M1b_R1,S1_gamma0p20_down0p6_hold2p5_up0p6_R10_M1b_R1,2,True,True,False,
/multi_agv/experiment_state,1789391540.8481376,1789391540.8479886,exp2c_v5b_yaw_effectiveness_hold_exploration,M1b_R1,S1_gamma0p20_down0p6_hold2p5_up0p6_R10_M1b_R1,S1_gamma0p20_down0p6_hold2p5_up0p6_R10_M1b_R1,2,True,True,False,
/multi_agv/experiment_state,1789391540.9480724,1789391540.9479876,exp2c_v5b_yaw_effectiveness_hold_exploration,M1b_R1,S1_gamma0p20_down0p6_hold2p5_up0p6_R10_M1b_R1,S1_gamma0p20_down0p6_hold2p5_up0p6_R10_M1b_R1,2,True,True,False,
/multi_agv/experiment_state,1789391541.098074,1789391541.097952,exp2c_v5b_yaw_effectiveness_hold_exploration,M1b_R1,S1_gamma0p20_down0p6_hold2p5_up0p6_R10_M1b_R1,S1_gamma0p20_down0p6_hold2p5_up0p6_R10_M1b_R1,2,True,True,False,
/multi_agv/experiment_state,1789391541.148167,1789391541.147956,exp2c_v5b_yaw_effectiveness_hold_exploration,M1b_R1,S1_gamma0p20_down0p6_hold2p5_up0p6_R10_M1b_R1,S1_gamma0p20_down0p6_hold2p5_up0p6_R10_M1b_R1,2,True,True,False,
/multi_agv/experiment_state,1789391541.248041,1789391541.2479563,exp2c_v5b_yaw_effectiveness_hold_exploration,M1b_R1,S1_gamma0p20_down0p6_hold2p5_up0p6_R10_M1b_R1,S1_gamma0p20_down0p6_hold2p5_up0p6_R10_M1b_R1,2,True,True,False,
/multi_agv/experiment_state,1789391541.3480098,1789391541.3479643,exp2c_v5b_yaw_effectiveness_hold_exploration,M1b_R1,S1_gamma0p20_down0p6_hold2p5_up0p6_R10_M1b_R1,S1_gamma0p20_down0p6_hold2p5_up0p6_R10_M1b_R1,2,True,True,False,
/multi_agv/experiment_state,1789391541.4480178,1789391541.4479597,exp2c_v5b_yaw_effectiveness_hold_exploration,M1b_R1,S1_gamma0p20_down0p6_hold2p5_up0p6_R10_M1b_R1,S1_gamma0p20_down0p6_hold2p5_up0p6_R10_M1b_R1,2,True,True,False,
/multi_agv/experiment_state,1789391541.5980642,1789391541.5979528,exp2c_v5b_yaw_effectiveness_hold_exploration,M1b_R1,S1_gamma0p20_down0p6_hold2p5_up0p6_R10_M1b_R1,S1_gamma0p20_down0p6_hold2p5_up0p6_R10_M1b_R1,2,True,True,False,
/multi_agv/experiment_state,1789391541.648038,1789391541.6479557,exp2c_v5b_yaw_effectiveness_hold_exploration,M1b_R1,S1_gamma0p20_down0p6_hold2p5_up0p6_R10_M1b_R1,S1_gamma0p20_down0p6_hold2p5_up0p6_R10_M1b_R1,2,True,True,False,
/multi_agv/experiment_state,1789391541.7480576,1789391541.7479591,exp2c_v5b_yaw_effectiveness_hold_exploration,M1b_R1,S1_gamma0p20_down0p6_hold2p5_up0p6_R10_M1b_R1,S1_gamma0p20_down0p6_hold2p5_up0p6_R10_M1b_R1,2,True,True,False,
/multi_agv/experiment_state,1789391541.848056,1789391541.8479567,exp2c_v5b_yaw_effectiveness_hold_exploration,M1b_R1,S1_gamma0p20_down0p6_hold2p5_up0p6_R10_M1b_R1,S1_gamma0p20_down0p6_hold2p5_up0p6_R10_M1b_R1,2,True,True,False,
/multi_agv/experiment_state,1789391541.9982777,1789391541.9979987,exp2c_v5b_yaw_effectiveness_hold_exploration,M1b_R1,S1_gamma0p20_down0p6_hold2p5_up0p6_R10_M1b_R1,S1_gamma0p20_down0p6_hold2p5_up0p6_R10_M1b_R1,2,True,True,False,
/multi_agv/experiment_state,1789391542.0981865,1789391542.0979543,exp2c_v5b_yaw_effectiveness_hold_exploration,M1b_R1,S1_gamma0p20_down0p6_hold2p5_up0p6_R10_M1b_R1,S1_gamma0p20_down0p6_hold2p5_up0p6_R10_M1b_R1,2,True,True,False,
/multi_agv/experiment_state,1789391542.148064,1789391542.147962,exp2c_v5b_yaw_effectiveness_hold_exploration,M1b_R1,S1_gamma0p20_down0p6_hold2p5_up0p6_R10_M1b_R1,S1_gamma0p20_down0p6_hold2p5_up0p6_R10_M1b_R1,2,True,True,False,
/multi_agv/experiment_state,1789391542.2480705,1789391542.247972,exp2c_v5b_yaw_effectiveness_hold_exploration,M1b_R1,S1_gamma0p20_down0p6_hold2p5_up0p6_R10_M1b_R1,S1_gamma0p20_down0p6_hold2p5_up0p6_R10_M1b_R1,2,True,True,False,
/multi_agv/experiment_state,1789391542.348096,1789391542.3479633,exp2c_v5b_yaw_effectiveness_hold_exploration,M1b_R1,S1_gamma0p20_down0p6_hold2p5_up0p6_R10_M1b_R1,S1_gamma0p20_down0p6_hold2p5_up0p6_R10_M1b_R1,2,True,True,False,
/multi_agv/experiment_state,1789391542.4481502,1789391542.447962,exp2c_v5b_yaw_effectiveness_hold_exploration,M1b_R1,S1_gamma0p20_down0p6_hold2p5_up0p6_R10_M1b_R1,S1_gamma0p20_down0p6_hold2p5_up0p6_R10_M1b_R1,2,True,True,False,
/multi_agv/experiment_state,1789391542.5480394,1789391542.5479674,exp2c_v5b_yaw_effectiveness_hold_exploration,M1b_R1,S1_gamma0p20_down0p6_hold2p5_up0p6_R10_M1b_R1,S1_gamma0p20_down0p6_hold2p5_up0p6_R10_M1b_R1,2,True,True,False,
/multi_agv/experiment_state,1789391542.6480775,1789391542.6479628,exp2c_v5b_yaw_effectiveness_hold_exploration,M1b_R1,S1_gamma0p20_down0p6_hold2p5_up0p6_R10_M1b_R1,S1_gamma0p20_down0p6_hold2p5_up0p6_R10_M1b_R1,2,True,True,False,
/multi_agv/experiment_state,1789391542.7481513,1789391542.7479646,exp2c_v5b_yaw_effectiveness_hold_exploration,M1b_R1,S1_gamma0p20_down0p6_hold2p5_up0p6_R10_M1b_R1,S1_gamma0p20_down0p6_hold2p5_up0p6_R10_M1b_R1,2,True,True,False,
/multi_agv/experiment_state,1789391542.8480973,1789391542.8479674,exp2c_v5b_yaw_effectiveness_hold_exploration,M1b_R1,S1_gamma0p20_down0p6_hold2p5_up0p6_R10_M1b_R1,S1_gamma0p20_down0p6_hold2p5_up0p6_R10_M1b_R1,2,True,True,False,
/multi_agv/experiment_state,1789391542.9480894,1789391542.9479637,exp2c_v5b_yaw_effectiveness_hold_exploration,M1b_R1,S1_gamma0p20_down0p6_hold2p5_up0p6_R10_M1b_R1,S1_gamma0p20_down0p6_hold2p5_up0p6_R10_M1b_R1,2,True,True,False,
/multi_agv/experiment_state,1789391543.0481637,1789391543.047962,exp2c_v5b_yaw_effectiveness_hold_exploration,M1b_R1,S1_gamma0p20_down0p6_hold2p5_up0p6_R10_M1b_R1,S1_gamma0p20_down0p6_hold2p5_up0p6_R10_M1b_R1,2,True,True,False,
/multi_agv/experiment_state,1789391543.148104,1789391543.1479628,exp2c_v5b_yaw_effectiveness_hold_exploration,M1b_R1,S1_gamma0p20_down0p6_hold2p5_up0p6_R10_M1b_R1,S1_gamma0p20_down0p6_hold2p5_up0p6_R10_M1b_R1,2,True,True,False,
/multi_agv/experiment_state,1789391543.2482097,1789391543.247961,exp2c_v5b_yaw_effectiveness_hold_exploration,M1b_R1,S1_gamma0p20_down0p6_hold2p5_up0p6_R10_M1b_R1,S1_gamma0p20_down0p6_hold2p5_up0p6_R10_M1b_R1,2,True,True,False,
/multi_agv/experiment_state,1789391543.348067,1789391543.347964,exp2c_v5b_yaw_effectiveness_hold_exploration,M1b_R1,S1_gamma0p20_down0p6_hold2p5_up0p6_R10_M1b_R1,S1_gamma0p20_down0p6_hold2p5_up0p6_R10_M1b_R1,2,True,True,False,
/multi_agv/experiment_state,1789391543.4481122,1789391543.447962,exp2c_v5b_yaw_effectiveness_hold_exploration,M1b_R1,S1_gamma0p20_down0p6_hold2p5_up0p6_R10_M1b_R1,S1_gamma0p20_down0p6_hold2p5_up0p6_R10_M1b_R1,2,True,True,False,
/multi_agv/experiment_state,1789391543.5480778,1789391543.547963,exp2c_v5b_yaw_effectiveness_hold_exploration,M1b_R1,S1_gamma0p20_down0p6_hold2p5_up0p6_R10_M1b_R1,S1_gamma0p20_down0p6_hold2p5_up0p6_R10_M1b_R1,2,True,True,False,
/multi_agv/experiment_state,1789391543.6482444,1789391543.6479626,exp2c_v5b_yaw_effectiveness_hold_exploration,M1b_R1,S1_gamma0p20_down0p6_hold2p5_up0p6_R10_M1b_R1,S1_gamma0p20_down0p6_hold2p5_up0p6_R10_M1b_R1,2,True,True,False,
/multi_agv/experiment_state,1789391543.7481778,1789391543.747963,exp2c_v5b_yaw_effectiveness_hold_exploration,M1b_R1,S1_gamma0p20_down0p6_hold2p5_up0p6_R10_M1b_R1,S1_gamma0p20_down0p6_hold2p5_up0p6_R10_M1b_R1,2,True,True,False,
/multi_agv/experiment_state,1789391543.8480392,1789391543.847965,exp2c_v5b_yaw_effectiveness_hold_exploration,M1b_R1,S1_gamma0p20_down0p6_hold2p5_up0p6_R10_M1b_R1,S1_gamma0p20_down0p6_hold2p5_up0p6_R10_M1b_R1,2,True,True,False,
/multi_agv/experiment_state,1789391543.9980516,1789391543.9979558,exp2c_v5b_yaw_effectiveness_hold_exploration,M1b_R1,S1_gamma0p20_down0p6_hold2p5_up0p6_R10_M1b_R1,S1_gamma0p20_down0p6_hold2p5_up0p6_R10_M1b_R1,2,True,True,False,
/multi_agv/experiment_state,1789391544.048043,1789391544.047964,exp2c_v5b_yaw_effectiveness_hold_exploration,M1b_R1,S1_gamma0p20_down0p6_hold2p5_up0p6_R10_M1b_R1,S1_gamma0p20_down0p6_hold2p5_up0p6_R10_M1b_R1,2,True,True,False,
/multi_agv/experiment_state,1789391544.1480353,1789391544.1479611,exp2c_v5b_yaw_effectiveness_hold_exploration,M1b_R1,S1_gamma0p20_down0p6_hold2p5_up0p6_R10_M1b_R1,S1_gamma0p20_down0p6_hold2p5_up0p6_R10_M1b_R1,2,True,True,False,
/multi_agv/experiment_state,1789391544.248042,1789391544.2479658,exp2c_v5b_yaw_effectiveness_hold_exploration,M1b_R1,S1_gamma0p20_down0p6_hold2p5_up0p6_R10_M1b_R1,S1_gamma0p20_down0p6_hold2p5_up0p6_R10_M1b_R1,2,True,True,False,
/multi_agv/experiment_state,1789391544.3480937,1789391544.3479595,exp2c_v5b_yaw_effectiveness_hold_exploration,M1b_R1,S1_gamma0p20_down0p6_hold2p5_up0p6_R10_M1b_R1,S1_gamma0p20_down0p6_hold2p5_up0p6_R10_M1b_R1,2,True,True,False,
/multi_agv/experiment_state,1789391544.4480047,1789391544.4479573,exp2c_v5b_yaw_effectiveness_hold_exploration,M1b_R1,S1_gamma0p20_down0p6_hold2p5_up0p6_R10_M1b_R1,S1_gamma0p20_down0p6_hold2p5_up0p6_R10_M1b_R1,2,True,True,False,
/multi_agv/experiment_state,1789391544.5480812,1789391544.5480032,exp2c_v5b_yaw_effectiveness_hold_exploration,M1b_R1,S1_gamma0p20_down0p6_hold2p5_up0p6_R10_M1b_R1,S1_gamma0p20_down0p6_hold2p5_up0p6_R10_M1b_R1,2,True,True,False,
/multi_agv/experiment_state,1789391544.6481557,1789391544.6479938,exp2c_v5b_yaw_effectiveness_hold_exploration,M1b_R1,S1_gamma0p20_down0p6_hold2p5_up0p6_R10_M1b_R1,S1_gamma0p20_down0p6_hold2p5_up0p6_R10_M1b_R1,2,True,True,False,
/multi_agv/experiment_state,1789391544.748106,1789391544.7479687,exp2c_v5b_yaw_effectiveness_hold_exploration,M1b_R1,S1_gamma0p20_down0p6_hold2p5_up0p6_R10_M1b_R1,S1_gamma0p20_down0p6_hold2p5_up0p6_R10_M1b_R1,2,True,True,False,
/multi_agv/experiment_state,1789391544.848011,1789391544.8479621,exp2c_v5b_yaw_effectiveness_hold_exploration,M1b_R1,S1_gamma0p20_down0p6_hold2p5_up0p6_R10_M1b_R1,S1_gamma0p20_down0p6_hold2p5_up0p6_R10_M1b_R1,2,True,True,False,
/multi_agv/experiment_state,1789391544.9481397,1789391544.9480624,exp2c_v5b_yaw_effectiveness_hold_exploration,M1b_R1,S1_gamma0p20_down0p6_hold2p5_up0p6_R10_M1b_R1,S1_gamma0p20_down0p6_hold2p5_up0p6_R10_M1b_R1,2,True,True,False,
/multi_agv/experiment_state,1789391545.0480273,1789391545.0479908,exp2c_v5b_yaw_effectiveness_hold_exploration,M1b_R1,S1_gamma0p20_down0p6_hold2p5_up0p6_R10_M1b_R1,S1_gamma0p20_down0p6_hold2p5_up0p6_R10_M1b_R1,2,True,True,False,
/multi_agv/experiment_state,1789391545.1480262,1789391545.1479645,exp2c_v5b_yaw_effectiveness_hold_exploration,M1b_R1,S1_gamma0p20_down0p6_hold2p5_up0p6_R10_M1b_R1,S1_gamma0p20_down0p6_hold2p5_up0p6_R10_M1b_R1,2,True,True,False,
/multi_agv/experiment_state,1789391545.2480347,1789391545.2479684,exp2c_v5b_yaw_effectiveness_hold_exploration,M1b_R1,S1_gamma0p20_down0p6_hold2p5_up0p6_R10_M1b_R1,S1_gamma0p20_down0p6_hold2p5_up0p6_R10_M1b_R1,2,True,True,False,
/multi_agv/experiment_state,1789391545.3981025,1789391545.3979824,exp2c_v5b_yaw_effectiveness_hold_exploration,M1b_R1,S1_gamma0p20_down0p6_hold2p5_up0p6_R10_M1b_R1,S1_gamma0p20_down0p6_hold2p5_up0p6_R10_M1b_R1,2,True,True,False,
/multi_agv/experiment_state,1789391545.448064,1789391545.4479918,exp2c_v5b_yaw_effectiveness_hold_exploration,M1b_R1,S1_gamma0p20_down0p6_hold2p5_up0p6_R10_M1b_R1,S1_gamma0p20_down0p6_hold2p5_up0p6_R10_M1b_R1,2,True,True,False,
/multi_agv/experiment_state,1789391545.5481048,1789391545.5479949,exp2c_v5b_yaw_effectiveness_hold_exploration,M1b_R1,S1_gamma0p20_down0p6_hold2p5_up0p6_R10_M1b_R1,S1_gamma0p20_down0p6_hold2p5_up0p6_R10_M1b_R1,2,True,True,False,
/multi_agv/experiment_state,1789391545.6480796,1789391545.6479962,exp2c_v5b_yaw_effectiveness_hold_exploration,M1b_R1,S1_gamma0p20_down0p6_hold2p5_up0p6_R10_M1b_R1,S1_gamma0p20_down0p6_hold2p5_up0p6_R10_M1b_R1,2,True,True,False,
/multi_agv/experiment_state,1789391545.798023,1789391545.7979548,exp2c_v5b_yaw_effectiveness_hold_exploration,M1b_R1,S1_gamma0p20_down0p6_hold2p5_up0p6_R10_M1b_R1,S1_gamma0p20_down0p6_hold2p5_up0p6_R10_M1b_R1,2,True,True,False,
/multi_agv/experiment_state,1789391545.8480403,1789391545.8479645,exp2c_v5b_yaw_effectiveness_hold_exploration,M1b_R1,S1_gamma0p20_down0p6_hold2p5_up0p6_R10_M1b_R1,S1_gamma0p20_down0p6_hold2p5_up0p6_R10_M1b_R1,2,True,True,False,
/multi_agv/experiment_state,1789391545.9980013,1789391545.9979553,exp2c_v5b_yaw_effectiveness_hold_exploration,M1b_R1,S1_gamma0p20_down0p6_hold2p5_up0p6_R10_M1b_R1,S1_gamma0p20_down0p6_hold2p5_up0p6_R10_M1b_R1,2,True,True,False,
/multi_agv/experiment_state,1789391546.0480256,1789391546.047965,exp2c_v5b_yaw_effectiveness_hold_exploration,M1b_R1,S1_gamma0p20_down0p6_hold2p5_up0p6_R10_M1b_R1,S1_gamma0p20_down0p6_hold2p5_up0p6_R10_M1b_R1,2,True,True,False,
/multi_agv/experiment_state,1789391546.1480474,1789391546.1479666,exp2c_v5b_yaw_effectiveness_hold_exploration,M1b_R1,S1_gamma0p20_down0p6_hold2p5_up0p6_R10_M1b_R1,S1_gamma0p20_down0p6_hold2p5_up0p6_R10_M1b_R1,2,True,True,False,
/multi_agv/experiment_state,1789391546.2480946,1789391546.2479863,exp2c_v5b_yaw_effectiveness_hold_exploration,M1b_R1,S1_gamma0p20_down0p6_hold2p5_up0p6_R10_M1b_R1,S1_gamma0p20_down0p6_hold2p5_up0p6_R10_M1b_R1,2,True,True,False,
/multi_agv/experiment_state,1789391546.3481545,1789391546.347966,exp2c_v5b_yaw_effectiveness_hold_exploration,M1b_R1,S1_gamma0p20_down0p6_hold2p5_up0p6_R10_M1b_R1,S1_gamma0p20_down0p6_hold2p5_up0p6_R10_M1b_R1,2,True,True,False,
/multi_agv/experiment_state,1789391546.4480386,1789391546.447967,exp2c_v5b_yaw_effectiveness_hold_exploration,M1b_R1,S1_gamma0p20_down0p6_hold2p5_up0p6_R10_M1b_R1,S1_gamma0p20_down0p6_hold2p5_up0p6_R10_M1b_R1,2,True,True,False,
/multi_agv/experiment_state,1789391546.598116,1789391546.5979557,exp2c_v5b_yaw_effectiveness_hold_exploration,M1b_R1,S1_gamma0p20_down0p6_hold2p5_up0p6_R10_M1b_R1,S1_gamma0p20_down0p6_hold2p5_up0p6_R10_M1b_R1,2,True,True,False,
/multi_agv/experiment_state,1789391546.6481538,1789391546.6479642,exp2c_v5b_yaw_effectiveness_hold_exploration,M1b_R1,S1_gamma0p20_down0p6_hold2p5_up0p6_R10_M1b_R1,S1_gamma0p20_down0p6_hold2p5_up0p6_R10_M1b_R1,2,True,True,False,
/multi_agv/experiment_state,1789391546.7481146,1789391546.7479641,exp2c_v5b_yaw_effectiveness_hold_exploration,M1b_R1,S1_gamma0p20_down0p6_hold2p5_up0p6_R10_M1b_R1,S1_gamma0p20_down0p6_hold2p5_up0p6_R10_M1b_R1,2,True,True,False,
/multi_agv/experiment_state,1789391546.8482356,1789391546.8480082,exp2c_v5b_yaw_effectiveness_hold_exploration,M1b_R1,S1_gamma0p20_down0p6_hold2p5_up0p6_R10_M1b_R1,S1_gamma0p20_down0p6_hold2p5_up0p6_R10_M1b_R1,2,True,True,False,
/multi_agv/experiment_state,1789391546.948082,1789391546.9479654,exp2c_v5b_yaw_effectiveness_hold_exploration,M1b_R1,S1_gamma0p20_down0p6_hold2p5_up0p6_R10_M1b_R1,S1_gamma0p20_down0p6_hold2p5_up0p6_R10_M1b_R1,2,True,True,False,
/multi_agv/experiment_state,1789391547.048115,1789391547.0479946,exp2c_v5b_yaw_effectiveness_hold_exploration,M1b_R1,S1_gamma0p20_down0p6_hold2p5_up0p6_R10_M1b_R1,S1_gamma0p20_down0p6_hold2p5_up0p6_R10_M1b_R1,2,True,True,False,
/multi_agv/experiment_state,1789391547.1481593,1789391547.1479661,exp2c_v5b_yaw_effectiveness_hold_exploration,M1b_R1,S1_gamma0p20_down0p6_hold2p5_up0p6_R10_M1b_R1,S1_gamma0p20_down0p6_hold2p5_up0p6_R10_M1b_R1,2,True,True,False,
/multi_agv/experiment_state,1789391547.2480967,1789391547.2479634,exp2c_v5b_yaw_effectiveness_hold_exploration,M1b_R1,S1_gamma0p20_down0p6_hold2p5_up0p6_R10_M1b_R1,S1_gamma0p20_down0p6_hold2p5_up0p6_R10_M1b_R1,2,True,True,False,
/multi_agv/experiment_state,1789391547.3480783,1789391547.3479671,exp2c_v5b_yaw_effectiveness_hold_exploration,M1b_R1,S1_gamma0p20_down0p6_hold2p5_up0p6_R10_M1b_R1,S1_gamma0p20_down0p6_hold2p5_up0p6_R10_M1b_R1,2,True,True,False,
/multi_agv/experiment_state,1789391547.4481595,1789391547.44798,exp2c_v5b_yaw_effectiveness_hold_exploration,M1b_R1,S1_gamma0p20_down0p6_hold2p5_up0p6_R10_M1b_R1,S1_gamma0p20_down0p6_hold2p5_up0p6_R10_M1b_R1,2,True,True,False,
/multi_agv/experiment_state,1789391547.5480177,1789391547.547971,exp2c_v5b_yaw_effectiveness_hold_exploration,M1b_R1,S1_gamma0p20_down0p6_hold2p5_up0p6_R10_M1b_R1,S1_gamma0p20_down0p6_hold2p5_up0p6_R10_M1b_R1,2,True,True,False,
/multi_agv/experiment_state,1789391547.6480398,1789391547.6479788,exp2c_v5b_yaw_effectiveness_hold_exploration,M1b_R1,S1_gamma0p20_down0p6_hold2p5_up0p6_R10_M1b_R1,S1_gamma0p20_down0p6_hold2p5_up0p6_R10_M1b_R1,2,True,True,False,
/multi_agv/experiment_state,1789391547.7981718,1789391547.7979574,exp2c_v5b_yaw_effectiveness_hold_exploration,M1b_R1,S1_gamma0p20_down0p6_hold2p5_up0p6_R10_M1b_R1,S1_gamma0p20_down0p6_hold2p5_up0p6_R10_M1b_R1,2,True,True,False,
/multi_agv/experiment_state,1789391547.8981376,1789391547.8979936,exp2c_v5b_yaw_effectiveness_hold_exploration,M1b_R1,S1_gamma0p20_down0p6_hold2p5_up0p6_R10_M1b_R1,S1_gamma0p20_down0p6_hold2p5_up0p6_R10_M1b_R1,2,True,True,False,
/multi_agv/experiment_state,1789391547.9480324,1789391547.9479697,exp2c_v5b_yaw_effectiveness_hold_exploration,M1b_R1,S1_gamma0p20_down0p6_hold2p5_up0p6_R10_M1b_R1,S1_gamma0p20_down0p6_hold2p5_up0p6_R10_M1b_R1,2,True,True,False,
/multi_agv/experiment_state,1789391548.048152,1789391548.0479636,exp2c_v5b_yaw_effectiveness_hold_exploration,M1b_R1,S1_gamma0p20_down0p6_hold2p5_up0p6_R10_M1b_R1,S1_gamma0p20_down0p6_hold2p5_up0p6_R10_M1b_R1,2,True,True,False,
/multi_agv/experiment_state,1789391548.1981933,1789391548.1979542,exp2c_v5b_yaw_effectiveness_hold_exploration,M1b_R1,S1_gamma0p20_down0p6_hold2p5_up0p6_R10_M1b_R1,S1_gamma0p20_down0p6_hold2p5_up0p6_R10_M1b_R1,2,True,True,False,
/multi_agv/experiment_state,1789391548.2981973,1789391548.2980216,exp2c_v5b_yaw_effectiveness_hold_exploration,M1b_R1,S1_gamma0p20_down0p6_hold2p5_up0p6_R10_M1b_R1,S1_gamma0p20_down0p6_hold2p5_up0p6_R10_M1b_R1,2,True,True,False,
/multi_agv/experiment_state,1789391548.3981724,1789391548.3979857,exp2c_v5b_yaw_effectiveness_hold_exploration,M1b_R1,S1_gamma0p20_down0p6_hold2p5_up0p6_R10_M1b_R1,S1_gamma0p20_down0p6_hold2p5_up0p6_R10_M1b_R1,2,True,True,False,
/multi_agv/experiment_state,1789391548.498131,1789391548.4979556,exp2c_v5b_yaw_effectiveness_hold_exploration,M1b_R1,S1_gamma0p20_down0p6_hold2p5_up0p6_R10_M1b_R1,S1_gamma0p20_down0p6_hold2p5_up0p6_R10_M1b_R1,2,True,True,False,
/multi_agv/experiment_state,1789391548.5480998,1789391548.5479634,exp2c_v5b_yaw_effectiveness_hold_exploration,M1b_R1,S1_gamma0p20_down0p6_hold2p5_up0p6_R10_M1b_R1,S1_gamma0p20_down0p6_hold2p5_up0p6_R10_M1b_R1,2,True,True,False,
/multi_agv/experiment_state,1789391548.6982586,1789391548.698002,exp2c_v5b_yaw_effectiveness_hold_exploration,M1b_R1,S1_gamma0p20_down0p6_hold2p5_up0p6_R10_M1b_R1,S1_gamma0p20_down0p6_hold2p5_up0p6_R10_M1b_R1,2,True,True,False,
/multi_agv/experiment_state,1789391548.7481434,1789391548.7479622,exp2c_v5b_yaw_effectiveness_hold_exploration,M1b_R1,S1_gamma0p20_down0p6_hold2p5_up0p6_R10_M1b_R1,S1_gamma0p20_down0p6_hold2p5_up0p6_R10_M1b_R1,2,True,True,False,
/multi_agv/experiment_state,1789391548.8481095,1789391548.8479939,exp2c_v5b_yaw_effectiveness_hold_exploration,M1b_R1,S1_gamma0p20_down0p6_hold2p5_up0p6_R10_M1b_R1,S1_gamma0p20_down0p6_hold2p5_up0p6_R10_M1b_R1,2,True,True,False,
/multi_agv/experiment_state,1789391548.948044,1789391548.9479673,exp2c_v5b_yaw_effectiveness_hold_exploration,M1b_R1,S1_gamma0p20_down0p6_hold2p5_up0p6_R10_M1b_R1,S1_gamma0p20_down0p6_hold2p5_up0p6_R10_M1b_R1,2,True,True,False,
/multi_agv/experiment_state,1789391549.0981066,1789391549.0979896,exp2c_v5b_yaw_effectiveness_hold_exploration,M1b_R1,S1_gamma0p20_down0p6_hold2p5_up0p6_R10_M1b_R1,S1_gamma0p20_down0p6_hold2p5_up0p6_R10_M1b_R1,2,True,True,False,
/multi_agv/experiment_state,1789391549.1481414,1789391549.1479645,exp2c_v5b_yaw_effectiveness_hold_exploration,M1b_R1,S1_gamma0p20_down0p6_hold2p5_up0p6_R10_M1b_R1,S1_gamma0p20_down0p6_hold2p5_up0p6_R10_M1b_R1,2,True,True,False,
/multi_agv/experiment_state,1789391549.2481198,1789391549.2479646,exp2c_v5b_yaw_effectiveness_hold_exploration,M1b_R1,S1_gamma0p20_down0p6_hold2p5_up0p6_R10_M1b_R1,S1_gamma0p20_down0p6_hold2p5_up0p6_R10_M1b_R1,2,True,True,False,
/multi_agv/experiment_state,1789391549.3480942,1789391549.3479655,exp2c_v5b_yaw_effectiveness_hold_exploration,M1b_R1,S1_gamma0p20_down0p6_hold2p5_up0p6_R10_M1b_R1,S1_gamma0p20_down0p6_hold2p5_up0p6_R10_M1b_R1,2,True,True,False,
/multi_agv/experiment_state,1789391549.448038,1789391549.447964,exp2c_v5b_yaw_effectiveness_hold_exploration,M1b_R1,S1_gamma0p20_down0p6_hold2p5_up0p6_R10_M1b_R1,S1_gamma0p20_down0p6_hold2p5_up0p6_R10_M1b_R1,2,True,True,False,
/multi_agv/experiment_state,1789391549.5981743,1789391549.597956,exp2c_v5b_yaw_effectiveness_hold_exploration,M1b_R1,S1_gamma0p20_down0p6_hold2p5_up0p6_R10_M1b_R1,S1_gamma0p20_down0p6_hold2p5_up0p6_R10_M1b_R1,2,True,True,False,
/multi_agv/experiment_state,1789391549.6480787,1789391549.6479666,exp2c_v5b_yaw_effectiveness_hold_exploration,M1b_R1,S1_gamma0p20_down0p6_hold2p5_up0p6_R10_M1b_R1,S1_gamma0p20_down0p6_hold2p5_up0p6_R10_M1b_R1,2,True,True,False,
/multi_agv/experiment_state,1789391549.7980647,1789391549.7979558,exp2c_v5b_yaw_effectiveness_hold_exploration,M1b_R1,S1_gamma0p20_down0p6_hold2p5_up0p6_R10_M1b_R1,S1_gamma0p20_down0p6_hold2p5_up0p6_R10_M1b_R1,2,True,True,False,
/multi_agv/experiment_state,1789391549.8982112,1789391549.8979588,exp2c_v5b_yaw_effectiveness_hold_exploration,M1b_R1,S1_gamma0p20_down0p6_hold2p5_up0p6_R10_M1b_R1,S1_gamma0p20_down0p6_hold2p5_up0p6_R10_M1b_R1,2,True,True,False,
/multi_agv/experiment_state,1789391549.9482193,1789391549.9479675,exp2c_v5b_yaw_effectiveness_hold_exploration,M1b_R1,S1_gamma0p20_down0p6_hold2p5_up0p6_R10_M1b_R1,S1_gamma0p20_down0p6_hold2p5_up0p6_R10_M1b_R1,2,True,True,False,
/multi_agv/experiment_state,1789391550.0480685,1789391550.047963,exp2c_v5b_yaw_effectiveness_hold_exploration,M1b_R1,S1_gamma0p20_down0p6_hold2p5_up0p6_R10_M1b_R1,S1_gamma0p20_down0p6_hold2p5_up0p6_R10_M1b_R1,2,True,True,False,
/multi_agv/experiment_state,1789391550.1481586,1789391550.1479692,exp2c_v5b_yaw_effectiveness_hold_exploration,M1b_R1,S1_gamma0p20_down0p6_hold2p5_up0p6_R10_M1b_R1,S1_gamma0p20_down0p6_hold2p5_up0p6_R10_M1b_R1,2,True,True,False,
/multi_agv/experiment_state,1789391550.2481182,1789391550.2479713,exp2c_v5b_yaw_effectiveness_hold_exploration,M1b_R1,S1_gamma0p20_down0p6_hold2p5_up0p6_R10_M1b_R1,S1_gamma0p20_down0p6_hold2p5_up0p6_R10_M1b_R1,2,True,True,False,
/multi_agv/experiment_state,1789391550.3980606,1789391550.3979912,exp2c_v5b_yaw_effectiveness_hold_exploration,M1b_R1,S1_gamma0p20_down0p6_hold2p5_up0p6_R10_M1b_R1,S1_gamma0p20_down0p6_hold2p5_up0p6_R10_M1b_R1,2,True,True,False,
/multi_agv/experiment_state,1789391550.4480054,1789391550.4479656,exp2c_v5b_yaw_effectiveness_hold_exploration,M1b_R1,S1_gamma0p20_down0p6_hold2p5_up0p6_R10_M1b_R1,S1_gamma0p20_down0p6_hold2p5_up0p6_R10_M1b_R1,2,True,True,False,
/multi_agv/experiment_state,1789391550.5481048,1789391550.5479934,exp2c_v5b_yaw_effectiveness_hold_exploration,M1b_R1,S1_gamma0p20_down0p6_hold2p5_up0p6_R10_M1b_R1,S1_gamma0p20_down0p6_hold2p5_up0p6_R10_M1b_R1,2,True,True,False,
/multi_agv/experiment_state,1789391550.6480665,1789391550.6479654,exp2c_v5b_yaw_effectiveness_hold_exploration,M1b_R1,S1_gamma0p20_down0p6_hold2p5_up0p6_R10_M1b_R1,S1_gamma0p20_down0p6_hold2p5_up0p6_R10_M1b_R1,2,True,True,False,
/multi_agv/experiment_state,1789391550.748162,1789391550.747967,exp2c_v5b_yaw_effectiveness_hold_exploration,M1b_R1,S1_gamma0p20_down0p6_hold2p5_up0p6_R10_M1b_R1,S1_gamma0p20_down0p6_hold2p5_up0p6_R10_M1b_R1,2,True,True,False,
/multi_agv/experiment_state,1789391550.8481357,1789391550.8479648,exp2c_v5b_yaw_effectiveness_hold_exploration,M1b_R1,S1_gamma0p20_down0p6_hold2p5_up0p6_R10_M1b_R1,S1_gamma0p20_down0p6_hold2p5_up0p6_R10_M1b_R1,2,True,True,False,
/multi_agv/experiment_state,1789391550.948073,1789391550.9479637,exp2c_v5b_yaw_effectiveness_hold_exploration,M1b_R1,S1_gamma0p20_down0p6_hold2p5_up0p6_R10_M1b_R1,S1_gamma0p20_down0p6_hold2p5_up0p6_R10_M1b_R1,2,True,True,False,
/multi_agv/experiment_state,1789391551.048091,1789391551.0479763,exp2c_v5b_yaw_effectiveness_hold_exploration,M1b_R1,S1_gamma0p20_down0p6_hold2p5_up0p6_R10_M1b_R1,S1_gamma0p20_down0p6_hold2p5_up0p6_R10_M1b_R1,2,True,True,False,
/multi_agv/experiment_state,1789391551.148049,1789391551.1479936,exp2c_v5b_yaw_effectiveness_hold_exploration,M1b_R1,S1_gamma0p20_down0p6_hold2p5_up0p6_R10_M1b_R1,S1_gamma0p20_down0p6_hold2p5_up0p6_R10_M1b_R1,2,True,True,False,
/multi_agv/experiment_state,1789391551.2480574,1789391551.2479892,exp2c_v5b_yaw_effectiveness_hold_exploration,M1b_R1,S1_gamma0p20_down0p6_hold2p5_up0p6_R10_M1b_R1,S1_gamma0p20_down0p6_hold2p5_up0p6_R10_M1b_R1,2,True,True,False,
/multi_agv/experiment_state,1789391551.3480256,1789391551.3479662,exp2c_v5b_yaw_effectiveness_hold_exploration,M1b_R1,S1_gamma0p20_down0p6_hold2p5_up0p6_R10_M1b_R1,S1_gamma0p20_down0p6_hold2p5_up0p6_R10_M1b_R1,2,True,True,False,
/multi_agv/experiment_state,1789391551.4982142,1789391551.497983,exp2c_v5b_yaw_effectiveness_hold_exploration,M1b_R1,S1_gamma0p20_down0p6_hold2p5_up0p6_R10_M1b_R1,S1_gamma0p20_down0p6_hold2p5_up0p6_R10_M1b_R1,2,True,True,False,
/multi_agv/experiment_state,1789391551.5981684,1789391551.5979578,exp2c_v5b_yaw_effectiveness_hold_exploration,M1b_R1,S1_gamma0p20_down0p6_hold2p5_up0p6_R10_M1b_R1,S1_gamma0p20_down0p6_hold2p5_up0p6_R10_M1b_R1,2,True,True,False,
/multi_agv/experiment_state,1789391551.648066,1789391551.647992,exp2c_v5b_yaw_effectiveness_hold_exploration,M1b_R1,S1_gamma0p20_down0p6_hold2p5_up0p6_R10_M1b_R1,S1_gamma0p20_down0p6_hold2p5_up0p6_R10_M1b_R1,2,True,True,False,
/multi_agv/experiment_state,1789391551.798109,1789391551.7979887,exp2c_v5b_yaw_effectiveness_hold_exploration,M1b_R1,S1_gamma0p20_down0p6_hold2p5_up0p6_R10_M1b_R1,S1_gamma0p20_down0p6_hold2p5_up0p6_R10_M1b_R1,2,True,True,False,
/multi_agv/experiment_state,1789391551.848083,1789391551.8479903,exp2c_v5b_yaw_effectiveness_hold_exploration,M1b_R1,S1_gamma0p20_down0p6_hold2p5_up0p6_R10_M1b_R1,S1_gamma0p20_down0p6_hold2p5_up0p6_R10_M1b_R1,2,True,True,False,
/multi_agv/experiment_state,1789391551.9481575,1789391551.947995,exp2c_v5b_yaw_effectiveness_hold_exploration,M1b_R1,S1_gamma0p20_down0p6_hold2p5_up0p6_R10_M1b_R1,S1_gamma0p20_down0p6_hold2p5_up0p6_R10_M1b_R1,2,True,True,False,
/multi_agv/experiment_state,1789391552.048141,1789391552.0479586,exp2c_v5b_yaw_effectiveness_hold_exploration,M1b_R1,S1_gamma0p20_down0p6_hold2p5_up0p6_R10_M1b_R1,S1_gamma0p20_down0p6_hold2p5_up0p6_R10_M1b_R1,2,True,True,False,
/multi_agv/experiment_state,1789391552.1481338,1789391552.1479952,exp2c_v5b_yaw_effectiveness_hold_exploration,M1b_R1,S1_gamma0p20_down0p6_hold2p5_up0p6_R10_M1b_R1,S1_gamma0p20_down0p6_hold2p5_up0p6_R10_M1b_R1,2,True,True,False,
/multi_agv/experiment_state,1789391552.2980652,1789391552.2979858,exp2c_v5b_yaw_effectiveness_hold_exploration,M1b_R1,S1_gamma0p20_down0p6_hold2p5_up0p6_R10_M1b_R1,S1_gamma0p20_down0p6_hold2p5_up0p6_R10_M1b_R1,2,True,True,False,
/multi_agv/experiment_state,1789391552.348125,1789391552.3479886,exp2c_v5b_yaw_effectiveness_hold_exploration,M1b_R1,S1_gamma0p20_down0p6_hold2p5_up0p6_R10_M1b_R1,S1_gamma0p20_down0p6_hold2p5_up0p6_R10_M1b_R1,2,True,True,False,
/multi_agv/experiment_state,1789391552.4480798,1789391552.4479918,exp2c_v5b_yaw_effectiveness_hold_exploration,M1b_R1,S1_gamma0p20_down0p6_hold2p5_up0p6_R10_M1b_R1,S1_gamma0p20_down0p6_hold2p5_up0p6_R10_M1b_R1,2,True,True,False,
/multi_agv/experiment_state,1789391552.5480194,1789391552.5479674,exp2c_v5b_yaw_effectiveness_hold_exploration,M1b_R1,S1_gamma0p20_down0p6_hold2p5_up0p6_R10_M1b_R1,S1_gamma0p20_down0p6_hold2p5_up0p6_R10_M1b_R1,2,True,True,False,
/multi_agv/experiment_state,1789391552.6481073,1789391552.6479957,exp2c_v5b_yaw_effectiveness_hold_exploration,M1b_R1,S1_gamma0p20_down0p6_hold2p5_up0p6_R10_M1b_R1,S1_gamma0p20_down0p6_hold2p5_up0p6_R10_M1b_R1,2,True,True,False,
/multi_agv/experiment_state,1789391552.7480242,1789391552.7479694,exp2c_v5b_yaw_effectiveness_hold_exploration,M1b_R1,S1_gamma0p20_down0p6_hold2p5_up0p6_R10_M1b_R1,S1_gamma0p20_down0p6_hold2p5_up0p6_R10_M1b_R1,2,True,True,False,
/multi_agv/experiment_state,1789391552.8480837,1789391552.8479643,exp2c_v5b_yaw_effectiveness_hold_exploration,M1b_R1,S1_gamma0p20_down0p6_hold2p5_up0p6_R10_M1b_R1,S1_gamma0p20_down0p6_hold2p5_up0p6_R10_M1b_R1,2,True,True,False,
/multi_agv/experiment_state,1789391552.9981284,1789391552.9980488,exp2c_v5b_yaw_effectiveness_hold_exploration,M1b_R1,S1_gamma0p20_down0p6_hold2p5_up0p6_R10_M1b_R1,S1_gamma0p20_down0p6_hold2p5_up0p6_R10_M1b_R1,2,True,True,False,
/multi_agv/experiment_state,1789391553.0982924,1789391553.098091,exp2c_v5b_yaw_effectiveness_hold_exploration,M1b_R1,S1_gamma0p20_down0p6_hold2p5_up0p6_R10_M1b_R1,S1_gamma0p20_down0p6_hold2p5_up0p6_R10_M1b_R1,2,True,True,False,
/multi_agv/experiment_state,1789391553.1481097,1789391553.1479654,exp2c_v5b_yaw_effectiveness_hold_exploration,M1b_R1,S1_gamma0p20_down0p6_hold2p5_up0p6_R10_M1b_R1,S1_gamma0p20_down0p6_hold2p5_up0p6_R10_M1b_R1,2,True,True,False,
/multi_agv/experiment_state,1789391553.2482243,1789391553.2480392,exp2c_v5b_yaw_effectiveness_hold_exploration,M1b_R1,S1_gamma0p20_down0p6_hold2p5_up0p6_R10_M1b_R1,S1_gamma0p20_down0p6_hold2p5_up0p6_R10_M1b_R1,2,True,True,False,
/multi_agv/experiment_state,1789391553.3981977,1789391553.3980763,exp2c_v5b_yaw_effectiveness_hold_exploration,M1b_R1,S1_gamma0p20_down0p6_hold2p5_up0p6_R10_M1b_R1,S1_gamma0p20_down0p6_hold2p5_up0p6_R10_M1b_R1,2,True,True,False,
/multi_agv/experiment_state,1789391553.4481814,1789391553.447995,exp2c_v5b_yaw_effectiveness_hold_exploration,M1b_R1,S1_gamma0p20_down0p6_hold2p5_up0p6_R10_M1b_R1,S1_gamma0p20_down0p6_hold2p5_up0p6_R10_M1b_R1,2,True,True,False,
/multi_agv/experiment_state,1789391553.5981495,1789391553.5980096,exp2c_v5b_yaw_effectiveness_hold_exploration,M1b_R1,S1_gamma0p20_down0p6_hold2p5_up0p6_R10_M1b_R1,S1_gamma0p20_down0p6_hold2p5_up0p6_R10_M1b_R1,2,True,True,False,
/multi_agv/experiment_state,1789391553.6480358,1789391553.647968,exp2c_v5b_yaw_effectiveness_hold_exploration,M1b_R1,S1_gamma0p20_down0p6_hold2p5_up0p6_R10_M1b_R1,S1_gamma0p20_down0p6_hold2p5_up0p6_R10_M1b_R1,2,True,True,False,
/multi_agv/experiment_state,1789391553.748171,1789391553.7479646,exp2c_v5b_yaw_effectiveness_hold_exploration,M1b_R1,S1_gamma0p20_down0p6_hold2p5_up0p6_R10_M1b_R1,S1_gamma0p20_down0p6_hold2p5_up0p6_R10_M1b_R1,2,True,True,False,
/multi_agv/experiment_state,1789391553.8480844,1789391553.847972,exp2c_v5b_yaw_effectiveness_hold_exploration,M1b_R1,S1_gamma0p20_down0p6_hold2p5_up0p6_R10_M1b_R1,S1_gamma0p20_down0p6_hold2p5_up0p6_R10_M1b_R1,2,True,True,False,
/multi_agv/experiment_state,1789391553.948026,1789391553.9479659,exp2c_v5b_yaw_effectiveness_hold_exploration,M1b_R1,S1_gamma0p20_down0p6_hold2p5_up0p6_R10_M1b_R1,S1_gamma0p20_down0p6_hold2p5_up0p6_R10_M1b_R1,2,True,True,False,
/multi_agv/experiment_state,1789391554.0481641,1789391554.047966,exp2c_v5b_yaw_effectiveness_hold_exploration,M1b_R1,S1_gamma0p20_down0p6_hold2p5_up0p6_R10_M1b_R1,S1_gamma0p20_down0p6_hold2p5_up0p6_R10_M1b_R1,2,True,True,False,
/multi_agv/experiment_state,1789391554.1481462,1789391554.1479685,exp2c_v5b_yaw_effectiveness_hold_exploration,M1b_R1,S1_gamma0p20_down0p6_hold2p5_up0p6_R10_M1b_R1,S1_gamma0p20_down0p6_hold2p5_up0p6_R10_M1b_R1,2,True,True,False,
/multi_agv/experiment_state,1789391554.2481022,1789391554.2479675,exp2c_v5b_yaw_effectiveness_hold_exploration,M1b_R1,S1_gamma0p20_down0p6_hold2p5_up0p6_R10_M1b_R1,S1_gamma0p20_down0p6_hold2p5_up0p6_R10_M1b_R1,2,True,True,False,
/multi_agv/experiment_state,1789391554.3481648,1789391554.3479967,exp2c_v5b_yaw_effectiveness_hold_exploration,M1b_R1,S1_gamma0p20_down0p6_hold2p5_up0p6_R10_M1b_R1,S1_gamma0p20_down0p6_hold2p5_up0p6_R10_M1b_R1,2,True,True,False,
/multi_agv/experiment_state,1789391554.448153,1789391554.4479692,exp2c_v5b_yaw_effectiveness_hold_exploration,M1b_R1,S1_gamma0p20_down0p6_hold2p5_up0p6_R10_M1b_R1,S1_gamma0p20_down0p6_hold2p5_up0p6_R10_M1b_R1,2,True,True,False,
/multi_agv/experiment_state,1789391554.5481193,1789391554.5479658,exp2c_v5b_yaw_effectiveness_hold_exploration,M1b_R1,S1_gamma0p20_down0p6_hold2p5_up0p6_R10_M1b_R1,S1_gamma0p20_down0p6_hold2p5_up0p6_R10_M1b_R1,2,True,True,False,
/multi_agv/experiment_state,1789391554.6480927,1789391554.6479666,exp2c_v5b_yaw_effectiveness_hold_exploration,M1b_R1,S1_gamma0p20_down0p6_hold2p5_up0p6_R10_M1b_R1,S1_gamma0p20_down0p6_hold2p5_up0p6_R10_M1b_R1,2,True,True,False,
/multi_agv/experiment_state,1789391554.7480395,1789391554.7479653,exp2c_v5b_yaw_effectiveness_hold_exploration,M1b_R1,S1_gamma0p20_down0p6_hold2p5_up0p6_R10_M1b_R1,S1_gamma0p20_down0p6_hold2p5_up0p6_R10_M1b_R1,2,True,True,False,
/multi_agv/experiment_state,1789391554.8481538,1789391554.8479667,exp2c_v5b_yaw_effectiveness_hold_exploration,M1b_R1,S1_gamma0p20_down0p6_hold2p5_up0p6_R10_M1b_R1,S1_gamma0p20_down0p6_hold2p5_up0p6_R10_M1b_R1,2,True,True,False,
/multi_agv/experiment_state,1789391554.9480984,1789391554.9479737,exp2c_v5b_yaw_effectiveness_hold_exploration,M1b_R1,S1_gamma0p20_down0p6_hold2p5_up0p6_R10_M1b_R1,S1_gamma0p20_down0p6_hold2p5_up0p6_R10_M1b_R1,2,True,True,False,
/multi_agv/experiment_state,1789391555.0480707,1789391555.0479681,exp2c_v5b_yaw_effectiveness_hold_exploration,M1b_R1,S1_gamma0p20_down0p6_hold2p5_up0p6_R10_M1b_R1,S1_gamma0p20_down0p6_hold2p5_up0p6_R10_M1b_R1,2,True,True,False,
/multi_agv/experiment_state,1789391555.1480863,1789391555.1479747,exp2c_v5b_yaw_effectiveness_hold_exploration,M1b_R1,S1_gamma0p20_down0p6_hold2p5_up0p6_R10_M1b_R1,S1_gamma0p20_down0p6_hold2p5_up0p6_R10_M1b_R1,2,True,True,False,
/multi_agv/experiment_state,1789391555.2480264,1789391555.247966,exp2c_v5b_yaw_effectiveness_hold_exploration,M1b_R1,S1_gamma0p20_down0p6_hold2p5_up0p6_R10_M1b_R1,S1_gamma0p20_down0p6_hold2p5_up0p6_R10_M1b_R1,2,True,True,False,
/multi_agv/experiment_state,1789391555.3481011,1789391555.3479745,exp2c_v5b_yaw_effectiveness_hold_exploration,M1b_R1,S1_gamma0p20_down0p6_hold2p5_up0p6_R10_M1b_R1,S1_gamma0p20_down0p6_hold2p5_up0p6_R10_M1b_R1,2,True,True,False,
/multi_agv/experiment_state,1789391555.4481823,1789391555.4479806,exp2c_v5b_yaw_effectiveness_hold_exploration,M1b_R1,S1_gamma0p20_down0p6_hold2p5_up0p6_R10_M1b_R1,S1_gamma0p20_down0p6_hold2p5_up0p6_R10_M1b_R1,2,True,True,False,
/multi_agv/experiment_state,1789391555.5480945,1789391555.5479734,exp2c_v5b_yaw_effectiveness_hold_exploration,M1b_R1,S1_gamma0p20_down0p6_hold2p5_up0p6_R10_M1b_R1,S1_gamma0p20_down0p6_hold2p5_up0p6_R10_M1b_R1,2,True,True,False,
/multi_agv/experiment_state,1789391555.6480522,1789391555.6479645,exp2c_v5b_yaw_effectiveness_hold_exploration,M1b_R1,S1_gamma0p20_down0p6_hold2p5_up0p6_R10_M1b_R1,S1_gamma0p20_down0p6_hold2p5_up0p6_R10_M1b_R1,2,True,True,False,
/multi_agv/experiment_state,1789391555.748087,1789391555.7479699,exp2c_v5b_yaw_effectiveness_hold_exploration,M1b_R1,S1_gamma0p20_down0p6_hold2p5_up0p6_R10_M1b_R1,S1_gamma0p20_down0p6_hold2p5_up0p6_R10_M1b_R1,2,True,True,False,
/multi_agv/experiment_state,1789391555.8481426,1789391555.8479662,exp2c_v5b_yaw_effectiveness_hold_exploration,M1b_R1,S1_gamma0p20_down0p6_hold2p5_up0p6_R10_M1b_R1,S1_gamma0p20_down0p6_hold2p5_up0p6_R10_M1b_R1,2,True,True,False,
/multi_agv/experiment_state,1789391555.9481049,1789391555.9479673,exp2c_v5b_yaw_effectiveness_hold_exploration,M1b_R1,S1_gamma0p20_down0p6_hold2p5_up0p6_R10_M1b_R1,S1_gamma0p20_down0p6_hold2p5_up0p6_R10_M1b_R1,2,True,True,False,
/multi_agv/experiment_state,1789391556.0480402,1789391556.0479689,exp2c_v5b_yaw_effectiveness_hold_exploration,M1b_R1,S1_gamma0p20_down0p6_hold2p5_up0p6_R10_M1b_R1,S1_gamma0p20_down0p6_hold2p5_up0p6_R10_M1b_R1,2,True,True,False,
/multi_agv/experiment_state,1789391556.1480963,1789391556.1479733,exp2c_v5b_yaw_effectiveness_hold_exploration,M1b_R1,S1_gamma0p20_down0p6_hold2p5_up0p6_R10_M1b_R1,S1_gamma0p20_down0p6_hold2p5_up0p6_R10_M1b_R1,2,True,True,False,
/multi_agv/experiment_state,1789391556.2481306,1789391556.2479663,exp2c_v5b_yaw_effectiveness_hold_exploration,M1b_R1,S1_gamma0p20_down0p6_hold2p5_up0p6_R10_M1b_R1,S1_gamma0p20_down0p6_hold2p5_up0p6_R10_M1b_R1,2,True,True,False,
/multi_agv/experiment_state,1789391556.348193,1789391556.3479717,exp2c_v5b_yaw_effectiveness_hold_exploration,M1b_R1,S1_gamma0p20_down0p6_hold2p5_up0p6_R10_M1b_R1,S1_gamma0p20_down0p6_hold2p5_up0p6_R10_M1b_R1,2,True,True,False,
/multi_agv/experiment_state,1789391556.448069,1789391556.447969,exp2c_v5b_yaw_effectiveness_hold_exploration,M1b_R1,S1_gamma0p20_down0p6_hold2p5_up0p6_R10_M1b_R1,S1_gamma0p20_down0p6_hold2p5_up0p6_R10_M1b_R1,2,True,True,False,
/multi_agv/experiment_state,1789391556.5480578,1789391556.547972,exp2c_v5b_yaw_effectiveness_hold_exploration,M1b_R1,S1_gamma0p20_down0p6_hold2p5_up0p6_R10_M1b_R1,S1_gamma0p20_down0p6_hold2p5_up0p6_R10_M1b_R1,2,True,True,False,
/multi_agv/experiment_state,1789391556.6480627,1789391556.647968,exp2c_v5b_yaw_effectiveness_hold_exploration,M1b_R1,S1_gamma0p20_down0p6_hold2p5_up0p6_R10_M1b_R1,S1_gamma0p20_down0p6_hold2p5_up0p6_R10_M1b_R1,2,True,True,False,
/multi_agv/experiment_state,1789391556.7481017,1789391556.7479708,exp2c_v5b_yaw_effectiveness_hold_exploration,M1b_R1,S1_gamma0p20_down0p6_hold2p5_up0p6_R10_M1b_R1,S1_gamma0p20_down0p6_hold2p5_up0p6_R10_M1b_R1,2,True,True,False,
/multi_agv/experiment_state,1789391556.8481638,1789391556.8479679,exp2c_v5b_yaw_effectiveness_hold_exploration,M1b_R1,S1_gamma0p20_down0p6_hold2p5_up0p6_R10_M1b_R1,S1_gamma0p20_down0p6_hold2p5_up0p6_R10_M1b_R1,2,True,True,False,
/multi_agv/experiment_state,1789391556.948065,1789391556.9479795,exp2c_v5b_yaw_effectiveness_hold_exploration,M1b_R1,S1_gamma0p20_down0p6_hold2p5_up0p6_R10_M1b_R1,S1_gamma0p20_down0p6_hold2p5_up0p6_R10_M1b_R1,2,True,True,False,
/multi_agv/experiment_state,1789391557.0482776,1789391557.0479667,exp2c_v5b_yaw_effectiveness_hold_exploration,M1b_R1,S1_gamma0p20_down0p6_hold2p5_up0p6_R10_M1b_R1,S1_gamma0p20_down0p6_hold2p5_up0p6_R10_M1b_R1,2,True,True,False,
/multi_agv/experiment_state,1789391557.1481056,1789391557.147968,exp2c_v5b_yaw_effectiveness_hold_exploration,M1b_R1,S1_gamma0p20_down0p6_hold2p5_up0p6_R10_M1b_R1,S1_gamma0p20_down0p6_hold2p5_up0p6_R10_M1b_R1,2,True,True,False,
/multi_agv/experiment_state,1789391557.2482207,1789391557.2479682,exp2c_v5b_yaw_effectiveness_hold_exploration,M1b_R1,S1_gamma0p20_down0p6_hold2p5_up0p6_R10_M1b_R1,S1_gamma0p20_down0p6_hold2p5_up0p6_R10_M1b_R1,2,True,True,False,
/multi_agv/experiment_state,1789391557.39816,1789391557.3979943,exp2c_v5b_yaw_effectiveness_hold_exploration,M1b_R1,S1_gamma0p20_down0p6_hold2p5_up0p6_R10_M1b_R1,S1_gamma0p20_down0p6_hold2p5_up0p6_R10_M1b_R1,2,True,True,False,
/multi_agv/experiment_state,1789391557.4481206,1789391557.447968,exp2c_v5b_yaw_effectiveness_hold_exploration,M1b_R1,S1_gamma0p20_down0p6_hold2p5_up0p6_R10_M1b_R1,S1_gamma0p20_down0p6_hold2p5_up0p6_R10_M1b_R1,2,True,True,False,
/multi_agv/experiment_state,1789391557.5481997,1789391557.5479922,exp2c_v5b_yaw_effectiveness_hold_exploration,M1b_R1,S1_gamma0p20_down0p6_hold2p5_up0p6_R10_M1b_R1,S1_gamma0p20_down0p6_hold2p5_up0p6_R10_M1b_R1,2,True,True,False,
/multi_agv/experiment_state,1789391557.6480615,1789391557.6479914,exp2c_v5b_yaw_effectiveness_hold_exploration,M1b_R1,S1_gamma0p20_down0p6_hold2p5_up0p6_R10_M1b_R1,S1_gamma0p20_down0p6_hold2p5_up0p6_R10_M1b_R1,2,True,True,False,
/multi_agv/experiment_state,1789391557.7480671,1789391557.7479732,exp2c_v5b_yaw_effectiveness_hold_exploration,M1b_R1,S1_gamma0p20_down0p6_hold2p5_up0p6_R10_M1b_R1,S1_gamma0p20_down0p6_hold2p5_up0p6_R10_M1b_R1,2,True,True,False,
/multi_agv/experiment_state,1789391557.8982475,1789391557.8979554,exp2c_v5b_yaw_effectiveness_hold_exploration,M1b_R1,S1_gamma0p20_down0p6_hold2p5_up0p6_R10_M1b_R1,S1_gamma0p20_down0p6_hold2p5_up0p6_R10_M1b_R1,2,True,True,False,
/multi_agv/experiment_state,1789391557.9480188,1789391557.9479625,exp2c_v5b_yaw_effectiveness_hold_exploration,M1b_R1,S1_gamma0p20_down0p6_hold2p5_up0p6_R10_M1b_R1,S1_gamma0p20_down0p6_hold2p5_up0p6_R10_M1b_R1,2,True,True,False,
/multi_agv/experiment_state,1789391558.048183,1789391558.0479739,exp2c_v5b_yaw_effectiveness_hold_exploration,M1b_R1,S1_gamma0p20_down0p6_hold2p5_up0p6_R10_M1b_R1,S1_gamma0p20_down0p6_hold2p5_up0p6_R10_M1b_R1,2,True,True,False,
/multi_agv/experiment_state,1789391558.148007,1789391558.1479652,exp2c_v5b_yaw_effectiveness_hold_exploration,M1b_R1,S1_gamma0p20_down0p6_hold2p5_up0p6_R10_M1b_R1,S1_gamma0p20_down0p6_hold2p5_up0p6_R10_M1b_R1,2,True,True,False,
/multi_agv/experiment_state,1789391558.2981641,1789391558.2979574,exp2c_v5b_yaw_effectiveness_hold_exploration,M1b_R1,S1_gamma0p20_down0p6_hold2p5_up0p6_R10_M1b_R1,S1_gamma0p20_down0p6_hold2p5_up0p6_R10_M1b_R1,2,True,True,False,
/multi_agv/experiment_state,1789391558.3480527,1789391558.347968,exp2c_v5b_yaw_effectiveness_hold_exploration,M1b_R1,S1_gamma0p20_down0p6_hold2p5_up0p6_R10_M1b_R1,S1_gamma0p20_down0p6_hold2p5_up0p6_R10_M1b_R1,2,True,True,False,
/multi_agv/experiment_state,1789391558.498033,1789391558.497958,exp2c_v5b_yaw_effectiveness_hold_exploration,M1b_R1,S1_gamma0p20_down0p6_hold2p5_up0p6_R10_M1b_R1,S1_gamma0p20_down0p6_hold2p5_up0p6_R10_M1b_R1,2,True,True,False,
/multi_agv/experiment_state,1789391558.5980604,1789391558.5979583,exp2c_v5b_yaw_effectiveness_hold_exploration,M1b_R1,S1_gamma0p20_down0p6_hold2p5_up0p6_R10_M1b_R1,S1_gamma0p20_down0p6_hold2p5_up0p6_R10_M1b_R1,2,True,True,False,
/multi_agv/experiment_state,1789391558.6981716,1789391558.6979792,exp2c_v5b_yaw_effectiveness_hold_exploration,M1b_R1,S1_gamma0p20_down0p6_hold2p5_up0p6_R10_M1b_R1,S1_gamma0p20_down0p6_hold2p5_up0p6_R10_M1b_R1,2,True,True,False,
/multi_agv/experiment_state,1789391558.7480595,1789391558.7479813,exp2c_v5b_yaw_effectiveness_hold_exploration,M1b_R1,S1_gamma0p20_down0p6_hold2p5_up0p6_R10_M1b_R1,S1_gamma0p20_down0p6_hold2p5_up0p6_R10_M1b_R1,2,True,True,False,
/multi_agv/experiment_state,1789391558.8481677,1789391558.8480103,exp2c_v5b_yaw_effectiveness_hold_exploration,M1b_R1,S1_gamma0p20_down0p6_hold2p5_up0p6_R10_M1b_R1,S1_gamma0p20_down0p6_hold2p5_up0p6_R10_M1b_R1,2,True,True,False,
/multi_agv/experiment_state,1789391558.948082,1789391558.9479692,exp2c_v5b_yaw_effectiveness_hold_exploration,M1b_R1,S1_gamma0p20_down0p6_hold2p5_up0p6_R10_M1b_R1,S1_gamma0p20_down0p6_hold2p5_up0p6_R10_M1b_R1,2,True,True,False,
/multi_agv/experiment_state,1789391559.0980768,1789391559.097964,exp2c_v5b_yaw_effectiveness_hold_exploration,M1b_R1,S1_gamma0p20_down0p6_hold2p5_up0p6_R10_M1b_R1,S1_gamma0p20_down0p6_hold2p5_up0p6_R10_M1b_R1,2,True,True,False,
/multi_agv/experiment_state,1789391559.148113,1789391559.1479747,exp2c_v5b_yaw_effectiveness_hold_exploration,M1b_R1,S1_gamma0p20_down0p6_hold2p5_up0p6_R10_M1b_R1,S1_gamma0p20_down0p6_hold2p5_up0p6_R10_M1b_R1,2,True,True,False,
/multi_agv/experiment_state,1789391559.248048,1789391559.2479641,exp2c_v5b_yaw_effectiveness_hold_exploration,M1b_R1,S1_gamma0p20_down0p6_hold2p5_up0p6_R10_M1b_R1,S1_gamma0p20_down0p6_hold2p5_up0p6_R10_M1b_R1,2,True,True,False,
/multi_agv/experiment_state,1789391559.3980548,1789391559.3979566,exp2c_v5b_yaw_effectiveness_hold_exploration,M1b_R1,S1_gamma0p20_down0p6_hold2p5_up0p6_R10_M1b_R1,S1_gamma0p20_down0p6_hold2p5_up0p6_R10_M1b_R1,2,True,True,False,
/multi_agv/experiment_state,1789391559.4480793,1789391559.4479651,exp2c_v5b_yaw_effectiveness_hold_exploration,M1b_R1,S1_gamma0p20_down0p6_hold2p5_up0p6_R10_M1b_R1,S1_gamma0p20_down0p6_hold2p5_up0p6_R10_M1b_R1,2,True,True,False,
/multi_agv/experiment_state,1789391559.5480936,1789391559.548007,exp2c_v5b_yaw_effectiveness_hold_exploration,M1b_R1,S1_gamma0p20_down0p6_hold2p5_up0p6_R10_M1b_R1,S1_gamma0p20_down0p6_hold2p5_up0p6_R10_M1b_R1,2,True,True,False,
/multi_agv/experiment_state,1789391559.6481304,1789391559.6480021,exp2c_v5b_yaw_effectiveness_hold_exploration,M1b_R1,S1_gamma0p20_down0p6_hold2p5_up0p6_R10_M1b_R1,S1_gamma0p20_down0p6_hold2p5_up0p6_R10_M1b_R1,2,True,True,False,
/multi_agv/experiment_state,1789391559.7981396,1789391559.7979546,exp2c_v5b_yaw_effectiveness_hold_exploration,M1b_R1,S1_gamma0p20_down0p6_hold2p5_up0p6_R10_M1b_R1,S1_gamma0p20_down0p6_hold2p5_up0p6_R10_M1b_R1,2,True,True,False,
/multi_agv/experiment_state,1789391559.8981311,1789391559.8979552,exp2c_v5b_yaw_effectiveness_hold_exploration,M1b_R1,S1_gamma0p20_down0p6_hold2p5_up0p6_R10_M1b_R1,S1_gamma0p20_down0p6_hold2p5_up0p6_R10_M1b_R1,2,True,True,False,
/multi_agv/experiment_state,1789391559.9480276,1789391559.9479659,exp2c_v5b_yaw_effectiveness_hold_exploration,M1b_R1,S1_gamma0p20_down0p6_hold2p5_up0p6_R10_M1b_R1,S1_gamma0p20_down0p6_hold2p5_up0p6_R10_M1b_R1,2,True,True,False,
/multi_agv/experiment_state,1789391560.048116,1789391560.0479624,exp2c_v5b_yaw_effectiveness_hold_exploration,M1b_R1,S1_gamma0p20_down0p6_hold2p5_up0p6_R10_M1b_R1,S1_gamma0p20_down0p6_hold2p5_up0p6_R10_M1b_R1,2,True,True,False,
/multi_agv/experiment_state,1789391560.148045,1789391560.1479669,exp2c_v5b_yaw_effectiveness_hold_exploration,M1b_R1,S1_gamma0p20_down0p6_hold2p5_up0p6_R10_M1b_R1,S1_gamma0p20_down0p6_hold2p5_up0p6_R10_M1b_R1,2,True,True,False,
/multi_agv/experiment_state,1789391560.2481148,1789391560.2479644,exp2c_v5b_yaw_effectiveness_hold_exploration,M1b_R1,S1_gamma0p20_down0p6_hold2p5_up0p6_R10_M1b_R1,S1_gamma0p20_down0p6_hold2p5_up0p6_R10_M1b_R1,2,True,True,False,
/multi_agv/experiment_state,1789391560.3480346,1789391560.3479655,exp2c_v5b_yaw_effectiveness_hold_exploration,M1b_R1,S1_gamma0p20_down0p6_hold2p5_up0p6_R10_M1b_R1,S1_gamma0p20_down0p6_hold2p5_up0p6_R10_M1b_R1,2,True,True,False,
/multi_agv/experiment_state,1789391560.44827,1789391560.447962,exp2c_v5b_yaw_effectiveness_hold_exploration,M1b_R1,S1_gamma0p20_down0p6_hold2p5_up0p6_R10_M1b_R1,S1_gamma0p20_down0p6_hold2p5_up0p6_R10_M1b_R1,2,True,True,False,
/multi_agv/experiment_state,1789391560.5481448,1789391560.547964,exp2c_v5b_yaw_effectiveness_hold_exploration,M1b_R1,S1_gamma0p20_down0p6_hold2p5_up0p6_R10_M1b_R1,S1_gamma0p20_down0p6_hold2p5_up0p6_R10_M1b_R1,2,True,True,False,
/multi_agv/experiment_state,1789391560.6480758,1789391560.647962,exp2c_v5b_yaw_effectiveness_hold_exploration,M1b_R1,S1_gamma0p20_down0p6_hold2p5_up0p6_R10_M1b_R1,S1_gamma0p20_down0p6_hold2p5_up0p6_R10_M1b_R1,2,True,True,False,
/multi_agv/experiment_state,1789391560.7482426,1789391560.7479641,exp2c_v5b_yaw_effectiveness_hold_exploration,M1b_R1,S1_gamma0p20_down0p6_hold2p5_up0p6_R10_M1b_R1,S1_gamma0p20_down0p6_hold2p5_up0p6_R10_M1b_R1,2,True,True,False,
/multi_agv/experiment_state,1789391560.8481574,1789391560.8479621,exp2c_v5b_yaw_effectiveness_hold_exploration,M1b_R1,S1_gamma0p20_down0p6_hold2p5_up0p6_R10_M1b_R1,S1_gamma0p20_down0p6_hold2p5_up0p6_R10_M1b_R1,2,True,True,False,
/multi_agv/experiment_state,1789391560.9481087,1789391560.9479625,exp2c_v5b_yaw_effectiveness_hold_exploration,M1b_R1,S1_gamma0p20_down0p6_hold2p5_up0p6_R10_M1b_R1,S1_gamma0p20_down0p6_hold2p5_up0p6_R10_M1b_R1,2,True,True,False,
/multi_agv/experiment_state,1789391561.0980916,1789391561.0979612,exp2c_v5b_yaw_effectiveness_hold_exploration,M1b_R1,S1_gamma0p20_down0p6_hold2p5_up0p6_R10_M1b_R1,S1_gamma0p20_down0p6_hold2p5_up0p6_R10_M1b_R1,2,True,True,False,
/multi_agv/experiment_state,1789391561.1981769,1789391561.1979952,exp2c_v5b_yaw_effectiveness_hold_exploration,M1b_R1,S1_gamma0p20_down0p6_hold2p5_up0p6_R10_M1b_R1,S1_gamma0p20_down0p6_hold2p5_up0p6_R10_M1b_R1,2,True,True,False,
/multi_agv/experiment_state,1789391561.2480724,1789391561.2479973,exp2c_v5b_yaw_effectiveness_hold_exploration,M1b_R1,S1_gamma0p20_down0p6_hold2p5_up0p6_R10_M1b_R1,S1_gamma0p20_down0p6_hold2p5_up0p6_R10_M1b_R1,2,True,False,False,
/multi_agv/experiment_state,1789391561.3981392,1789391561.397991,exp2c_v5b_yaw_effectiveness_hold_exploration,M1b_R1,S1_gamma0p20_down0p6_hold2p5_up0p6_R10_M1b_R1,S1_gamma0p20_down0p6_hold2p5_up0p6_R10_M1b_R1,2,True,False,False,
/multi_agv/experiment_state,1789391561.448061,1789391561.4479814,exp2c_v5b_yaw_effectiveness_hold_exploration,M1b_R1,S1_gamma0p20_down0p6_hold2p5_up0p6_R10_M1b_R1,S1_gamma0p20_down0p6_hold2p5_up0p6_R10_M1b_R1,2,True,False,False,
/multi_agv/experiment_state,1789391561.5981224,1789391561.5979931,exp2c_v5b_yaw_effectiveness_hold_exploration,M1b_R1,S1_gamma0p20_down0p6_hold2p5_up0p6_R10_M1b_R1,S1_gamma0p20_down0p6_hold2p5_up0p6_R10_M1b_R1,2,True,False,False,
/multi_agv/experiment_state,1789391561.6980681,1789391561.6979544,exp2c_v5b_yaw_effectiveness_hold_exploration,M1b_R1,S1_gamma0p20_down0p6_hold2p5_up0p6_R10_M1b_R1,S1_gamma0p20_down0p6_hold2p5_up0p6_R10_M1b_R1,2,True,False,False,
/multi_agv/experiment_state,1789391561.7481208,1789391561.7480083,exp2c_v5b_yaw_effectiveness_hold_exploration,M1b_R1,S1_gamma0p20_down0p6_hold2p5_up0p6_R10_M1b_R1,S1_gamma0p20_down0p6_hold2p5_up0p6_R10_M1b_R1,2,True,False,False,
/multi_agv/experiment_state,1789391561.8980656,1789391561.8979537,exp2c_v5b_yaw_effectiveness_hold_exploration,M1b_R1,S1_gamma0p20_down0p6_hold2p5_up0p6_R10_M1b_R1,S1_gamma0p20_down0p6_hold2p5_up0p6_R10_M1b_R1,2,True,False,False,
/multi_agv/experiment_state,1789391561.9980693,1789391561.997955,exp2c_v5b_yaw_effectiveness_hold_exploration,M1b_R1,S1_gamma0p20_down0p6_hold2p5_up0p6_R10_M1b_R1,S1_gamma0p20_down0p6_hold2p5_up0p6_R10_M1b_R1,2,True,False,False,
/multi_agv/experiment_state,1789391562.0980742,1789391562.0979552,exp2c_v5b_yaw_effectiveness_hold_exploration,M1b_R1,S1_gamma0p20_down0p6_hold2p5_up0p6_R10_M1b_R1,S1_gamma0p20_down0p6_hold2p5_up0p6_R10_M1b_R1,2,True,False,False,
/multi_agv/experiment_state,1789391562.148008,1789391562.1479692,exp2c_v5b_yaw_effectiveness_hold_exploration,M1b_R1,S1_gamma0p20_down0p6_hold2p5_up0p6_R10_M1b_R1,S1_gamma0p20_down0p6_hold2p5_up0p6_R10_M1b_R1,2,True,False,False,
/multi_agv/experiment_state,1789391562.2481802,1789391562.247993,exp2c_v5b_yaw_effectiveness_hold_exploration,M1b_R1,S1_gamma0p20_down0p6_hold2p5_up0p6_R10_M1b_R1,S1_gamma0p20_down0p6_hold2p5_up0p6_R10_M1b_R1,2,True,False,False,
/multi_agv/experiment_state,1789391562.3480701,1789391562.3479974,exp2c_v5b_yaw_effectiveness_hold_exploration,M1b_R1,S1_gamma0p20_down0p6_hold2p5_up0p6_R10_M1b_R1,S1_gamma0p20_down0p6_hold2p5_up0p6_R10_M1b_R1,2,True,False,False,
/multi_agv/experiment_state,1789391562.498091,1789391562.4979825,exp2c_v5b_yaw_effectiveness_hold_exploration,M1b_R1,S1_gamma0p20_down0p6_hold2p5_up0p6_R10_M1b_R1,S1_gamma0p20_down0p6_hold2p5_up0p6_R10_M1b_R1,2,True,False,False,
/multi_agv/experiment_state,1789391562.5981808,1789391562.5980272,exp2c_v5b_yaw_effectiveness_hold_exploration,M1b_R1,S1_gamma0p20_down0p6_hold2p5_up0p6_R10_M1b_R1,S1_gamma0p20_down0p6_hold2p5_up0p6_R10_M1b_R1,2,True,False,False,
/multi_agv/experiment_state,1789391562.648084,1789391562.6479943,exp2c_v5b_yaw_effectiveness_hold_exploration,M1b_R1,S1_gamma0p20_down0p6_hold2p5_up0p6_R10_M1b_R1,S1_gamma0p20_down0p6_hold2p5_up0p6_R10_M1b_R1,2,True,False,False,
/multi_agv/experiment_state,1789391562.7981815,1789391562.79807,exp2c_v5b_yaw_effectiveness_hold_exploration,M1b_R1,S1_gamma0p20_down0p6_hold2p5_up0p6_R10_M1b_R1,S1_gamma0p20_down0p6_hold2p5_up0p6_R10_M1b_R1,2,True,False,False,
/multi_agv/experiment_state,1789391562.848082,1789391562.847996,exp2c_v5b_yaw_effectiveness_hold_exploration,M1b_R1,S1_gamma0p20_down0p6_hold2p5_up0p6_R10_M1b_R1,S1_gamma0p20_down0p6_hold2p5_up0p6_R10_M1b_R1,2,True,False,False,
/multi_agv/experiment_state,1789391562.9480817,1789391562.947999,exp2c_v5b_yaw_effectiveness_hold_exploration,M1b_R1,S1_gamma0p20_down0p6_hold2p5_up0p6_R10_M1b_R1,S1_gamma0p20_down0p6_hold2p5_up0p6_R10_M1b_R1,2,True,False,False,
/multi_agv/experiment_state,1789391563.0480847,1789391563.0480025,exp2c_v5b_yaw_effectiveness_hold_exploration,M1b_R1,S1_gamma0p20_down0p6_hold2p5_up0p6_R10_M1b_R1,S1_gamma0p20_down0p6_hold2p5_up0p6_R10_M1b_R1,2,True,False,False,
/multi_agv/experiment_state,1789391563.198199,1789391563.1980553,exp2c_v5b_yaw_effectiveness_hold_exploration,M1b_R1,S1_gamma0p20_down0p6_hold2p5_up0p6_R10_M1b_R1,S1_gamma0p20_down0p6_hold2p5_up0p6_R10_M1b_R1,2,True,False,False,
/multi_agv/experiment_state,1789391563.2481093,1789391563.2480016,exp2c_v5b_yaw_effectiveness_hold_exploration,M1b_R1,S1_gamma0p20_down0p6_hold2p5_up0p6_R10_M1b_R1,S1_gamma0p20_down0p6_hold2p5_up0p6_R10_M1b_R1,2,True,False,False,
/multi_agv/experiment_state,1789391563.3481448,1789391563.348036,exp2c_v5b_yaw_effectiveness_hold_exploration,M1b_R1,S1_gamma0p20_down0p6_hold2p5_up0p6_R10_M1b_R1,S1_gamma0p20_down0p6_hold2p5_up0p6_R10_M1b_R1,2,True,False,False,
/multi_agv/experiment_state,1789391563.4480853,1789391563.4479651,exp2c_v5b_yaw_effectiveness_hold_exploration,M1b_R1,S1_gamma0p20_down0p6_hold2p5_up0p6_R10_M1b_R1,S1_gamma0p20_down0p6_hold2p5_up0p6_R10_M1b_R1,2,True,False,False,
/multi_agv/experiment_state,1789391563.5480442,1789391563.5479655,exp2c_v5b_yaw_effectiveness_hold_exploration,M1b_R1,S1_gamma0p20_down0p6_hold2p5_up0p6_R10_M1b_R1,S1_gamma0p20_down0p6_hold2p5_up0p6_R10_M1b_R1,2,True,False,False,
/multi_agv/experiment_state,1789391563.6481156,1789391563.6479607,exp2c_v5b_yaw_effectiveness_hold_exploration,M1b_R1,S1_gamma0p20_down0p6_hold2p5_up0p6_R10_M1b_R1,S1_gamma0p20_down0p6_hold2p5_up0p6_R10_M1b_R1,2,True,False,False,
