topic,bag_stamp,header_stamp,confidence
/camera/world/agv1_confidence,1789203110.5887527,1789203110.5887527,0.5936
/camera/world/agv2_confidence,1789203110.5888262,1789203110.5888262,0.5143
/camera/world/agv3_confidence,1789203110.5889008,1789203110.5889008,0.5758
/camera/world/agv1_confidence,1789203110.6160724,1789203110.6160724,0.5937
/camera/world/agv3_confidence,1789203110.6163387,1789203110.6163387,0.5769
/camera/world/agv2_confidence,1789203110.616364,1789203110.616364,0.5703
/camera/world/agv2_confidence,1789203110.6636057,1789203110.6636057,0.5694
/camera/world/agv3_confidence,1789203110.6636176,1789203110.6636176,0.5755
/camera/world/agv1_confidence,1789203110.6636226,1789203110.6636226,0.573
/camera/world/agv3_confidence,1789203110.6987884,1789203110.6987884,0.5769
/camera/world/agv1_confidence,1789203110.698811,1789203110.698811,0.5661
/camera/world/agv2_confidence,1789203110.6988115,1789203110.6988115,0.5721
/camera/world/agv2_confidence,1789203110.7144754,1789203110.7144754,0.5682
/camera/world/agv3_confidence,1789203110.7151484,1789203110.7151484,0.5763
/camera/world/agv1_confidence,1789203110.7151656,1789203110.7151656,0.5632
/camera/world/agv1_confidence,1789203110.753933,1789203110.753933,0.589
/camera/world/agv2_confidence,1789203110.7540686,1789203110.7540686,0.5264
/camera/world/agv3_confidence,1789203110.7543266,1789203110.7543266,0.5764
/camera/world/agv1_confidence,1789203110.785124,1789203110.785124,0.4425
/camera/world/agv3_confidence,1789203110.7854521,1789203110.7854521,0.5758
/camera/world/agv2_confidence,1789203110.78551,1789203110.78551,0.57
/camera/world/agv1_confidence,1789203110.8387494,1789203110.8387494,0.4776
/camera/world/agv2_confidence,1789203110.8389523,1789203110.8389523,0.5712
/camera/world/agv3_confidence,1789203110.8389897,1789203110.8389897,0.5557
/camera/world/agv1_confidence,1789203110.8545587,1789203110.8545587,0.5931
/camera/world/agv2_confidence,1789203110.8545618,1789203110.8545618,0.5698
/camera/world/agv3_confidence,1789203110.8547158,1789203110.8547158,0.5761
/camera/world/agv2_confidence,1789203110.8935568,1789203110.8935568,0.5691
/camera/world/agv3_confidence,1789203110.8936198,1789203110.8936198,0.5755
/camera/world/agv1_confidence,1789203110.8938577,1789203110.8938577,0.5935
/camera/world/agv1_confidence,1789203110.914835,1789203110.914835,0.5894
/camera/world/agv2_confidence,1789203110.9148715,1789203110.9148715,0.5708
/camera/world/agv3_confidence,1789203110.9150867,1789203110.9150867,0.5758
/camera/world/agv1_confidence,1789203110.9660583,1789203110.9660583,0.5657
/camera/world/agv3_confidence,1789203110.9661767,1789203110.9661767,0.5781
/camera/world/agv2_confidence,1789203110.9661987,1789203110.9661987,0.5711
/camera/world/agv1_confidence,1789203110.9984033,1789203110.9984033,0.5845
/camera/world/agv2_confidence,1789203110.9987035,1789203110.9987035,0.5078
/camera/world/agv3_confidence,1789203110.9988015,1789203110.9988015,0.576
/camera/world/agv3_confidence,1789203111.0177846,1789203111.0177846,0.5754
/camera/world/agv2_confidence,1789203111.0178263,1789203111.0178263,0.5192
/camera/world/agv1_confidence,1789203111.0178368,1789203111.0178368,0.5933
/camera/world/agv1_confidence,1789203111.0618877,1789203111.0618877,0.5938
/camera/world/agv3_confidence,1789203111.061896,1789203111.061896,0.5765
/camera/world/agv2_confidence,1789203111.0620892,1789203111.0620892,0.5167
/camera/world/agv1_confidence,1789203111.101773,1789203111.101773,0.5718
/camera/world/agv3_confidence,1789203111.101903,1789203111.101903,0.5765
/camera/world/agv2_confidence,1789203111.102086,1789203111.102086,0.5711
/camera/world/agv1_confidence,1789203111.132369,1789203111.132369,0.4873
/camera/world/agv2_confidence,1789203111.1324532,1789203111.1324532,0.5705
/camera/world/agv3_confidence,1789203111.1325517,1789203111.1325517,0.5781
/camera/world/agv1_confidence,1789203111.1512504,1789203111.1512504,0.4799
/camera/world/agv2_confidence,1789203111.1513433,1789203111.1513433,0.5716
/camera/world/agv3_confidence,1789203111.151495,1789203111.151495,0.5749
/camera/world/agv1_confidence,1789203111.1947703,1789203111.1947703,0.5929
/camera/world/agv2_confidence,1789203111.1949558,1789203111.1949558,0.571
/camera/world/agv3_confidence,1789203111.195058,1789203111.195058,0.5756
/camera/world/agv3_confidence,1789203111.2218325,1789203111.2218325,0.5773
/camera/world/agv1_confidence,1789203111.2218482,1789203111.2218482,0.5927
/camera/world/agv2_confidence,1789203111.2219074,1789203111.2219074,0.5709
/camera/world/agv2_confidence,1789203111.2531245,1789203111.2531245,0.5704
/camera/world/agv1_confidence,1789203111.2532074,1789203111.2532074,0.577
/camera/world/agv3_confidence,1789203111.2532551,1789203111.2532551,0.5762
/camera/world/agv1_confidence,1789203111.2804508,1789203111.2804508,0.581
/camera/world/agv2_confidence,1789203111.2805197,1789203111.2805197,0.5085
/camera/world/agv3_confidence,1789203111.2807617,1789203111.2807617,0.5782
/camera/world/agv1_confidence,1789203111.3221178,1789203111.3221178,0.5962
/camera/world/agv2_confidence,1789203111.3222702,1789203111.3222702,0.5655
/camera/world/agv3_confidence,1789203111.3224647,1789203111.3224647,0.5775
/camera/world/agv3_confidence,1789203111.3533924,1789203111.3533924,0.5777
/camera/world/agv2_confidence,1789203111.353401,1789203111.353401,0.5762
/camera/world/agv1_confidence,1789203111.353502,1789203111.353502,0.5683
/camera/world/agv2_confidence,1789203111.4031937,1789203111.4031937,0.5717
/camera/world/agv1_confidence,1789203111.4032617,1789203111.4032617,0.6033
/camera/world/agv3_confidence,1789203111.403265,1789203111.403265,0.5734
/camera/world/agv1_confidence,1789203111.4155517,1789203111.4155517,0.6015
/camera/world/agv2_confidence,1789203111.4156556,1789203111.4156556,0.5471
/camera/world/agv3_confidence,1789203111.4157581,1789203111.4157581,0.575
/camera/world/agv2_confidence,1789203111.4550555,1789203111.4550555,0.5664
/camera/world/agv3_confidence,1789203111.4550683,1789203111.4550683,0.5759
/camera/world/agv1_confidence,1789203111.45509,1789203111.45509,0.5951
/camera/world/agv1_confidence,1789203111.4817832,1789203111.4817832,0.5832
/camera/world/agv3_confidence,1789203111.481967,1789203111.481967,0.5751
/camera/world/agv2_confidence,1789203111.4820914,1789203111.4820914,0.4715
/camera/world/agv1_confidence,1789203111.5229948,1789203111.5229948,0.5407
/camera/world/agv2_confidence,1789203111.5232706,1789203111.5232706,0.5735
/camera/world/agv3_confidence,1789203111.5233657,1789203111.5233657,0.572
/camera/world/agv1_confidence,1789203111.5528996,1789203111.5528996,0.5876
/camera/world/agv2_confidence,1789203111.552919,1789203111.552919,0.5256
/camera/world/agv3_confidence,1789203111.5531447,1789203111.5531447,0.5773
/camera/world/agv2_confidence,1789203111.5880625,1789203111.5880625,0.5459
/camera/world/agv1_confidence,1789203111.5880654,1789203111.5880654,0.5599
/camera/world/agv3_confidence,1789203111.5883539,1789203111.5883539,0.5755
/camera/world/agv1_confidence,1789203111.6215663,1789203111.6215663,0.5636
/camera/world/agv2_confidence,1789203111.6216497,1789203111.6216497,0.5132
/camera/world/agv3_confidence,1789203111.6218383,1789203111.6218383,0.5781
/camera/world/agv1_confidence,1789203111.6558886,1789203111.6558886,0.5704
/camera/world/agv3_confidence,1789203111.6559978,1789203111.6559978,0.5731
/camera/world/agv2_confidence,1789203111.6560256,1789203111.6560256,0.5687
/camera/world/agv1_confidence,1789203111.6956391,1789203111.6956391,0.5786
/camera/world/agv3_confidence,1789203111.6956737,1789203111.6956737,0.5854
/camera/world/agv2_confidence,1789203111.6957095,1789203111.6957095,0.5763
/camera/world/agv1_confidence,1789203111.7180865,1789203111.7180865,0.51
/camera/world/agv3_confidence,1789203111.7182112,1789203111.7182112,0.5846
/camera/world/agv2_confidence,1789203111.7182136,1789203111.7182136,0.5715
/camera/world/agv3_confidence,1789203111.7463124,1789203111.7463124,0.577
/camera/world/agv1_confidence,1789203111.746315,1789203111.746315,0.6026
/camera/world/agv2_confidence,1789203111.7463312,1789203111.7463312,0.5134
/camera/world/agv1_confidence,1789203111.7904248,1789203111.7904248,0.49
/camera/world/agv2_confidence,1789203111.790478,1789203111.790478,0.5535
/camera/world/agv3_confidence,1789203111.7907197,1789203111.7907197,0.4602
/camera/world/agv1_confidence,1789203111.8189435,1789203111.8189435,0.6025
/camera/world/agv3_confidence,1789203111.8189719,1789203111.8189719,0.5713
/camera/world/agv2_confidence,1789203111.8190036,1789203111.8190036,0.546
/camera/world/agv2_confidence,1789203111.8545344,1789203111.8545344,0.5769
/camera/world/agv3_confidence,1789203111.8545504,1789203111.8545504,0.5777
/camera/world/agv1_confidence,1789203111.8547103,1789203111.8547103,0.5519
/camera/world/agv2_confidence,1789203111.8897614,1789203111.8897614,0.5727
/camera/world/agv3_confidence,1789203111.8898232,1789203111.8898232,0.4406
/camera/world/agv1_confidence,1789203111.8899333,1789203111.8899333,0.6015
/camera/world/agv1_confidence,1789203111.9228306,1789203111.9228306,0.5957
/camera/world/agv2_confidence,1789203111.9230895,1789203111.9230895,0.5759
/camera/world/agv3_confidence,1789203111.9231226,1789203111.9231226,0.5758
/camera/world/agv1_confidence,1789203111.9561727,1789203111.9561727,0.5959
/camera/world/agv3_confidence,1789203111.9566731,1789203111.9566731,0.5778
/camera/world/agv2_confidence,1789203111.9567418,1789203111.9567418,0.5791
/camera/world/agv1_confidence,1789203111.9825397,1789203111.9825397,0.575
/camera/world/agv3_confidence,1789203111.9825757,1789203111.9825757,0.4646
/camera/world/agv2_confidence,1789203111.9826298,1789203111.9826298,0.5757
/camera/world/agv2_confidence,1789203112.0241833,1789203112.0241833,0.5708
/camera/world/agv1_confidence,1789203112.0241973,1789203112.0241973,0.5861
/camera/world/agv3_confidence,1789203112.0242364,1789203112.0242364,0.5738
/camera/world/agv1_confidence,1789203112.0475652,1789203112.0475652,0.5874
/camera/world/agv3_confidence,1789203112.0476549,1789203112.0476549,0.5776
/camera/world/agv2_confidence,1789203112.047664,1789203112.047664,0.572
/camera/world/agv2_confidence,1789203112.0897326,1789203112.0897326,0.5627
/camera/world/agv1_confidence,1789203112.089738,1789203112.089738,0.5973
/camera/world/agv3_confidence,1789203112.0898576,1789203112.0898576,0.5742
/camera/world/agv3_confidence,1789203112.1173005,1789203112.1173005,0.5766
/camera/world/agv1_confidence,1789203112.1173067,1789203112.1173067,0.5838
/camera/world/agv2_confidence,1789203112.1173775,1789203112.1173775,0.5737
/camera/world/agv1_confidence,1789203112.15638,1789203112.15638,0.5768
/camera/world/agv2_confidence,1789203112.1565363,1789203112.1565363,0.5769
/camera/world/agv3_confidence,1789203112.1565626,1789203112.1565626,0.481
/camera/world/agv1_confidence,1789203112.1976836,1789203112.1976836,0.5761
/camera/world/agv2_confidence,1789203112.1977158,1789203112.1977158,0.5596
/camera/world/agv3_confidence,1789203112.1979592,1789203112.1979592,0.5599
/camera/world/agv3_confidence,1789203112.2214243,1789203112.2214243,0.5716
/camera/world/agv2_confidence,1789203112.221536,1789203112.221536,0.552
/camera/world/agv1_confidence,1789203112.221559,1789203112.221559,0.5808
/camera/world/agv2_confidence,1789203112.2606604,1789203112.2606604,0.5591
/camera/world/agv1_confidence,1789203112.260759,1789203112.260759,0.5661
/camera/world/agv3_confidence,1789203112.2608943,1789203112.2608943,0.5647
/camera/world/agv1_confidence,1789203112.2793372,1789203112.2793372,0.592
/camera/world/agv2_confidence,1789203112.2794545,1789203112.2794545,0.5662
/camera/world/agv3_confidence,1789203112.2794929,1789203112.2794929,0.5706
/camera/world/agv1_confidence,1789203112.321262,1789203112.321262,0.5537
/camera/world/agv3_confidence,1789203112.3215091,1789203112.3215091,0.5699
/camera/world/agv2_confidence,1789203112.3215497,1789203112.3215497,0.5339
/camera/world/agv1_confidence,1789203112.357463,1789203112.357463,0.4917
/camera/world/agv3_confidence,1789203112.3574657,1789203112.3574657,0.524
/camera/world/agv2_confidence,1789203112.3576174,1789203112.3576174,0.5651
/camera/world/agv1_confidence,1789203112.3850489,1789203112.3850489,0.5511
/camera/world/agv2_confidence,1789203112.3852944,1789203112.3852944,0.5609
/camera/world/agv3_confidence,1789203112.385404,1789203112.385404,0.5753
/camera/world/agv2_confidence,1789203112.4135513,1789203112.4135513,0.5372
/camera/world/agv1_confidence,1789203112.4135852,1789203112.4135852,0.593
/camera/world/agv3_confidence,1789203112.413724,1789203112.413724,0.5302
/camera/world/agv1_confidence,1789203112.466133,1789203112.466133,0.5986
/camera/world/agv3_confidence,1789203112.4664218,1789203112.4664218,0.5863
/camera/world/agv2_confidence,1789203112.4664562,1789203112.4664562,0.572
/camera/world/agv2_confidence,1789203112.488332,1789203112.488332,0.5722
/camera/world/agv1_confidence,1789203112.4887137,1789203112.4887137,0.576
/camera/world/agv3_confidence,1789203112.48875,1789203112.48875,0.5779
/camera/world/agv1_confidence,1789203112.5250607,1789203112.5250607,0.6012
/camera/world/agv3_confidence,1789203112.525068,1789203112.525068,0.5774
/camera/world/agv2_confidence,1789203112.5251985,1789203112.5251985,0.5609
/camera/world/agv1_confidence,1789203112.57292,1789203112.57292,0.603
/camera/world/agv2_confidence,1789203112.5731466,1789203112.5731466,0.5722
/camera/world/agv3_confidence,1789203112.573179,1789203112.573179,0.5794
/camera/world/agv2_confidence,1789203112.5870173,1789203112.5870173,0.5755
/camera/world/agv1_confidence,1789203112.5870318,1789203112.5870318,0.5419
/camera/world/agv3_confidence,1789203112.5870533,1789203112.5870533,0.5803
/camera/world/agv1_confidence,1789203112.629904,1789203112.629904,0.5965
/camera/world/agv2_confidence,1789203112.630069,1789203112.630069,0.5723
/camera/world/agv3_confidence,1789203112.630157,1789203112.630157,0.5755
/camera/world/agv1_confidence,1789203112.6512105,1789203112.6512105,0.5617
/camera/world/agv3_confidence,1789203112.6512702,1789203112.6512702,0.5775
/camera/world/agv2_confidence,1789203112.651282,1789203112.651282,0.5671
/camera/world/agv2_confidence,1789203112.6909847,1789203112.6909847,0.5722
/camera/world/agv1_confidence,1789203112.6910214,1789203112.6910214,0.5927
/camera/world/agv3_confidence,1789203112.691244,1789203112.691244,0.5749
/camera/world/agv1_confidence,1789203112.723166,1789203112.723166,0.5477
/camera/world/agv2_confidence,1789203112.723343,1789203112.723343,0.5543
/camera/world/agv3_confidence,1789203112.723593,1789203112.723593,0.5738
/camera/world/agv1_confidence,1789203112.749548,1789203112.749548,0.5898
/camera/world/agv2_confidence,1789203112.7497678,1789203112.7497678,0.5764
/camera/world/agv3_confidence,1789203112.7497945,1789203112.7497945,0.5757
/camera/world/agv1_confidence,1789203112.7863016,1789203112.7863016,0.5556
/camera/world/agv2_confidence,1789203112.7864525,1789203112.7864525,0.5758
/camera/world/agv3_confidence,1789203112.7865143,1789203112.7865143,0.5754
/camera/world/agv1_confidence,1789203112.8260825,1789203112.8260825,0.5588
/camera/world/agv2_confidence,1789203112.8262522,1789203112.8262522,0.5764
/camera/world/agv3_confidence,1789203112.8263755,1789203112.8263755,0.5629
/camera/world/agv1_confidence,1789203112.8664768,1789203112.8664768,0.5834
/camera/world/agv2_confidence,1789203112.8666158,1789203112.8666158,0.5673
/camera/world/agv3_confidence,1789203112.8668778,1789203112.8668778,0.5748
/camera/world/agv1_confidence,1789203112.8983555,1789203112.8983555,0.5921
/camera/world/agv3_confidence,1789203112.8984506,1789203112.8984506,0.4516
/camera/world/agv2_confidence,1789203112.8984737,1789203112.8984737,0.5718
/camera/world/agv1_confidence,1789203112.9211643,1789203112.9211643,0.6041
/camera/world/agv3_confidence,1789203112.9211679,1789203112.9211679,0.5774
/camera/world/agv2_confidence,1789203112.9212759,1789203112.9212759,0.5733
/camera/world/agv2_confidence,1789203112.9526885,1789203112.9526885,0.5743
/camera/world/agv1_confidence,1789203112.9528687,1789203112.9528687,0.5776
/camera/world/agv3_confidence,1789203112.9528909,1789203112.9528909,0.5788
/camera/world/agv1_confidence,1789203112.9904644,1789203112.9904644,0.6034
/camera/world/agv3_confidence,1789203112.9907305,1789203112.9907305,0.587
/camera/world/agv2_confidence,1789203112.9907753,1789203112.9907753,0.5718
/camera/world/agv2_confidence,1789203113.0228624,1789203113.0228624,0.5848
/camera/world/agv3_confidence,1789203113.0229695,1789203113.0229695,0.577
/camera/world/agv1_confidence,1789203113.0229979,1789203113.0229979,0.6036
/camera/world/agv1_confidence,1789203113.0507433,1789203113.0507433,0.5553
/camera/world/agv3_confidence,1789203113.0508485,1789203113.0508485,0.5783
/camera/world/agv2_confidence,1789203113.0508487,1789203113.0508487,0.5727
/camera/world/agv1_confidence,1789203113.0846386,1789203113.0846386,0.5499
/camera/world/agv2_confidence,1789203113.0847235,1789203113.0847235,0.5766
/camera/world/agv3_confidence,1789203113.0848558,1789203113.0848558,0.5759
/camera/world/agv3_confidence,1789203113.1137006,1789203113.1137006,0.5662
/camera/world/agv1_confidence,1789203113.1137595,1789203113.1137595,0.5517
/camera/world/agv2_confidence,1789203113.1137767,1789203113.1137767,0.5725
/camera/world/agv1_confidence,1789203113.1549895,1789203113.1549895,0.5911
/camera/world/agv2_confidence,1789203113.1552382,1789203113.1552382,0.5818
/camera/world/agv3_confidence,1789203113.1554074,1789203113.1554074,0.5726
/camera/world/agv1_confidence,1789203113.1844985,1789203113.1844985,0.5887
/camera/world/agv2_confidence,1789203113.184613,1789203113.184613,0.5844
/camera/world/agv3_confidence,1789203113.1849856,1789203113.1849856,0.5856
/camera/world/agv1_confidence,1789203113.2183704,1789203113.2183704,0.5801
/camera/world/agv3_confidence,1789203113.218436,1789203113.218436,0.5753
/camera/world/agv2_confidence,1789203113.2185063,1789203113.2185063,0.5739
/camera/world/agv1_confidence,1789203113.2545652,1789203113.2545652,0.6021
/camera/world/agv2_confidence,1789203113.2548351,1789203113.2548351,0.5771
/camera/world/agv3_confidence,1789203113.2550244,1789203113.2550244,0.5887
/camera/world/agv1_confidence,1789203113.3012822,1789203113.3012822,0.579
/camera/world/agv3_confidence,1789203113.3014777,1789203113.3014777,0.5858
/camera/world/agv2_confidence,1789203113.3015149,1789203113.3015149,0.5721
/camera/world/agv2_confidence,1789203113.3182206,1789203113.3182206,0.5717
/camera/world/agv1_confidence,1789203113.3182843,1789203113.3182843,0.5966
/camera/world/agv3_confidence,1789203113.318422,1789203113.318422,0.5777
/camera/world/agv3_confidence,1789203113.348676,1789203113.348676,0.5736
/camera/world/agv2_confidence,1789203113.3486807,1789203113.3486807,0.5727
/camera/world/agv1_confidence,1789203113.3486938,1789203113.3486938,0.5821
/camera/world/agv2_confidence,1789203113.39116,1789203113.39116,0.58
/camera/world/agv3_confidence,1789203113.3912454,1789203113.3912454,0.5823
/camera/world/agv1_confidence,1789203113.3913002,1789203113.3913002,0.5877
/camera/world/agv1_confidence,1789203113.4309394,1789203113.4309394,0.548
/camera/world/agv2_confidence,1789203113.430943,1789203113.430943,0.5752
/camera/world/agv3_confidence,1789203113.4310236,1789203113.4310236,0.5788
/camera/world/agv1_confidence,1789203113.450768,1789203113.450768,0.5829
/camera/world/agv3_confidence,1789203113.450774,1789203113.450774,0.5739
/camera/world/agv2_confidence,1789203113.450784,1789203113.450784,0.5477
/camera/world/agv1_confidence,1789203113.4824865,1789203113.4824865,0.581
/camera/world/agv3_confidence,1789203113.4824927,1789203113.4824927,0.5742
/camera/world/agv2_confidence,1789203113.4825566,1789203113.4825566,0.5765
/camera/world/agv1_confidence,1789203113.5255709,1789203113.5255709,0.5565
/camera/world/agv3_confidence,1789203113.5257347,1789203113.5257347,0.5821
/camera/world/agv2_confidence,1789203113.5257478,1789203113.5257478,0.574
/camera/world/agv1_confidence,1789203113.5655377,1789203113.5655377,0.5881
/camera/world/agv3_confidence,1789203113.5655773,1789203113.5655773,0.5862
/camera/world/agv2_confidence,1789203113.5655785,1789203113.5655785,0.5683
/camera/world/agv1_confidence,1789203113.5861418,1789203113.5861418,0.6025
/camera/world/agv2_confidence,1789203113.5861566,1789203113.5861566,0.5763
/camera/world/agv3_confidence,1789203113.5866182,1789203113.5866182,0.5771
/camera/world/agv2_confidence,1789203113.617714,1789203113.617714,0.5751
/camera/world/agv1_confidence,1789203113.6177204,1789203113.6177204,0.6028
/camera/world/agv3_confidence,1789203113.6178582,1789203113.6178582,0.5719
/camera/world/agv1_confidence,1789203113.6561053,1789203113.6561053,0.5748
/camera/world/agv2_confidence,1789203113.65619,1789203113.65619,0.5719
/camera/world/agv3_confidence,1789203113.6564395,1789203113.6564395,0.5771
/camera/world/agv1_confidence,1789203113.6872141,1789203113.6872141,0.6048
/camera/world/agv2_confidence,1789203113.6872175,1789203113.6872175,0.5834
/camera/world/agv3_confidence,1789203113.6875684,1789203113.6875684,0.5455
/camera/world/agv1_confidence,1789203113.718232,1789203113.718232,0.6048
/camera/world/agv2_confidence,1789203113.7183743,1789203113.7183743,0.5749
/camera/world/agv3_confidence,1789203113.7185214,1789203113.7185214,0.4853
/camera/world/agv1_confidence,1789203113.7471542,1789203113.7471542,0.6057
/camera/world/agv3_confidence,1789203113.7473912,1789203113.7473912,0.5647
/camera/world/agv2_confidence,1789203113.7473967,1789203113.7473967,0.5773
/camera/world/agv3_confidence,1789203113.788297,1789203113.788297,0.5769
/camera/world/agv1_confidence,1789203113.7882996,1789203113.7882996,0.6044
/camera/world/agv2_confidence,1789203113.7886784,1789203113.7886784,0.5211
/camera/world/agv1_confidence,1789203113.820934,1789203113.820934,0.6043
/camera/world/agv2_confidence,1789203113.8210828,1789203113.8210828,0.5863
/camera/world/agv3_confidence,1789203113.8212745,1789203113.8212745,0.5755
/camera/world/agv1_confidence,1789203113.8623455,1789203113.8623455,0.5923
/camera/world/agv2_confidence,1789203113.8624642,1789203113.8624642,0.5779
/camera/world/agv3_confidence,1789203113.8627398,1789203113.8627398,0.5459
/camera/world/agv1_confidence,1789203113.8812554,1789203113.8812554,0.5502
/camera/world/agv3_confidence,1789203113.8814707,1789203113.8814707,0.5315
/camera/world/agv2_confidence,1789203113.8815074,1789203113.8815074,0.5633
/camera/world/agv1_confidence,1789203113.9336302,1789203113.9336302,0.5859
/camera/world/agv3_confidence,1789203113.9336402,1789203113.9336402,0.5765
/camera/world/agv2_confidence,1789203113.9336596,1789203113.9336596,0.5143
/camera/world/agv2_confidence,1789203113.9680278,1789203113.9680278,0.4933
/camera/world/agv1_confidence,1789203113.968033,1789203113.968033,0.5977
/camera/world/agv3_confidence,1789203113.968149,1789203113.968149,0.5293
/camera/world/agv1_confidence,1789203113.9851053,1789203113.9851053,0.557
/camera/world/agv3_confidence,1789203113.985111,1789203113.985111,0.5794
/camera/world/agv2_confidence,1789203113.985122,1789203113.985122,0.5688
/camera/world/agv1_confidence,1789203114.028867,1789203114.028867,0.5242
/camera/world/agv3_confidence,1789203114.0288801,1789203114.0288801,0.5153
/camera/world/agv2_confidence,1789203114.0289426,1789203114.0289426,0.5685
/camera/world/agv2_confidence,1789203114.0509386,1789203114.0509386,0.5737
/camera/world/agv1_confidence,1789203114.0509613,1789203114.0509613,0.6033
/camera/world/agv3_confidence,1789203114.0512087,1789203114.0512087,0.5803
/camera/world/agv1_confidence,1789203114.0922544,1789203114.0922544,0.605
/camera/world/agv2_confidence,1789203114.092424,1789203114.092424,0.5762
/camera/world/agv3_confidence,1789203114.092588,1789203114.092588,0.5886
/camera/world/agv1_confidence,1789203114.1157622,1789203114.1157622,0.5933
/camera/world/agv2_confidence,1789203114.115764,1789203114.115764,0.5808
/camera/world/agv3_confidence,1789203114.116162,1789203114.116162,0.5848
/camera/world/agv1_confidence,1789203114.1592844,1789203114.1592844,0.585
/camera/world/agv2_confidence,1789203114.1593194,1789203114.1593194,0.5778
/camera/world/agv3_confidence,1789203114.159322,1789203114.159322,0.5856
/camera/world/agv1_confidence,1789203114.2024956,1789203114.2024956,0.6007
/camera/world/agv2_confidence,1789203114.2026534,1789203114.2026534,0.5863
/camera/world/agv3_confidence,1789203114.2027748,1789203114.2027748,0.5752
/camera/world/agv1_confidence,1789203114.2224092,1789203114.2224092,0.5781
/camera/world/agv2_confidence,1789203114.2227826,1789203114.2227826,0.5822
/camera/world/agv3_confidence,1789203114.222814,1789203114.222814,0.5806
/camera/world/agv3_confidence,1789203114.2614725,1789203114.2614725,0.587
/camera/world/agv2_confidence,1789203114.261491,1789203114.261491,0.5713
/camera/world/agv1_confidence,1789203114.2616744,1789203114.2616744,0.6059
/camera/world/agv1_confidence,1789203114.2806714,1789203114.2806714,0.6059
/camera/world/agv3_confidence,1789203114.2808824,1789203114.2808824,0.5762
/camera/world/agv2_confidence,1789203114.280922,1789203114.280922,0.5793
/camera/world/agv1_confidence,1789203114.3236518,1789203114.3236518,0.5968
/camera/world/agv2_confidence,1789203114.3239427,1789203114.3239427,0.586
/camera/world/agv3_confidence,1789203114.3239548,1789203114.3239548,0.5854
/camera/world/agv1_confidence,1789203114.3532126,1789203114.3532126,0.5616
/camera/world/agv2_confidence,1789203114.3533895,1789203114.3533895,0.5818
/camera/world/agv3_confidence,1789203114.3535898,1789203114.3535898,0.5894
/camera/world/agv1_confidence,1789203114.3842895,1789203114.3842895,0.606
/camera/world/agv2_confidence,1789203114.384458,1789203114.384458,0.5759
/camera/world/agv3_confidence,1789203114.3845074,1789203114.3845074,0.5685
/camera/world/agv1_confidence,1789203114.4176373,1789203114.4176373,0.6059
/camera/world/agv2_confidence,1789203114.4178092,1789203114.4178092,0.5831
/camera/world/agv3_confidence,1789203114.417854,1789203114.417854,0.5788
/camera/world/agv1_confidence,1789203114.4580982,1789203114.4580982,0.5905
/camera/world/agv2_confidence,1789203114.4584622,1789203114.4584622,0.5772
/camera/world/agv3_confidence,1789203114.458519,1789203114.458519,0.5781
/camera/world/agv1_confidence,1789203114.5010796,1789203114.5010796,0.5849
/camera/world/agv2_confidence,1789203114.5011303,1789203114.5011303,0.4902
/camera/world/agv3_confidence,1789203114.5013347,1789203114.5013347,0.5903
/camera/world/agv2_confidence,1789203114.5193582,1789203114.5193582,0.5804
/camera/world/agv3_confidence,1789203114.5194485,1789203114.5194485,0.5839
/camera/world/agv1_confidence,1789203114.5194695,1789203114.5194695,0.6056
/camera/world/agv2_confidence,1789203114.5515022,1789203114.5515022,0.5769
/camera/world/agv3_confidence,1789203114.551506,1789203114.551506,0.587
/camera/world/agv1_confidence,1789203114.5516126,1789203114.5516126,0.5951
/camera/world/agv1_confidence,1789203114.5877523,1789203114.5877523,0.5836
/camera/world/agv2_confidence,1789203114.5878246,1789203114.5878246,0.5785
/camera/world/agv3_confidence,1789203114.5880432,1789203114.5880432,0.5889
/camera/world/agv1_confidence,1789203114.6237187,1789203114.6237187,0.6042
/camera/world/agv3_confidence,1789203114.6237223,1789203114.6237223,0.5889
/camera/world/agv2_confidence,1789203114.623771,1789203114.623771,0.574
/camera/world/agv1_confidence,1789203114.6464868,1789203114.6464868,0.6089
/camera/world/agv3_confidence,1789203114.646716,1789203114.646716,0.5895
/camera/world/agv2_confidence,1789203114.6467977,1789203114.6467977,0.574
/camera/world/agv1_confidence,1789203114.6828856,1789203114.6828856,0.5908
/camera/world/agv3_confidence,1789203114.6829262,1789203114.6829262,0.5783
/camera/world/agv2_confidence,1789203114.6829562,1789203114.6829562,0.5763
/camera/world/agv2_confidence,1789203114.7216702,1789203114.7216702,0.5011
/camera/world/agv1_confidence,1789203114.721727,1789203114.721727,0.6062
/camera/world/agv3_confidence,1789203114.7219973,1789203114.7219973,0.5889
/camera/world/agv2_confidence,1789203114.757495,1789203114.757495,0.5705
/camera/world/agv1_confidence,1789203114.757759,1789203114.757759,0.5893
/camera/world/agv3_confidence,1789203114.7579768,1789203114.7579768,0.5884
/camera/world/agv1_confidence,1789203114.7948356,1789203114.7948356,0.5291
/camera/world/agv2_confidence,1789203114.7949183,1789203114.7949183,0.5786
/camera/world/agv3_confidence,1789203114.7951298,1789203114.7951298,0.573
/camera/world/agv1_confidence,1789203114.8159368,1789203114.8159368,0.6049
/camera/world/agv2_confidence,1789203114.815972,1789203114.815972,0.5823
/camera/world/agv3_confidence,1789203114.8159754,1789203114.8159754,0.5763
/camera/world/agv1_confidence,1789203114.8571103,1789203114.8571103,0.5976
/camera/world/agv3_confidence,1789203114.8571424,1789203114.8571424,0.5814
/camera/world/agv2_confidence,1789203114.85717,1789203114.85717,0.5883
/camera/world/agv2_confidence,1789203114.8854544,1789203114.8854544,0.5817
/camera/world/agv3_confidence,1789203114.885576,1789203114.885576,0.5254
/camera/world/agv1_confidence,1789203114.8856683,1789203114.8856683,0.6047
/camera/world/agv2_confidence,1789203114.9277961,1789203114.9277961,0.5822
/camera/world/agv3_confidence,1789203114.927819,1789203114.927819,0.5674
/camera/world/agv1_confidence,1789203114.927843,1789203114.927843,0.592
/camera/world/agv2_confidence,1789203114.9453144,1789203114.9453144,0.5897
/camera/world/agv3_confidence,1789203114.94534,1789203114.94534,0.5814
/camera/world/agv1_confidence,1789203114.9453673,1789203114.9453673,0.5854
/camera/world/agv1_confidence,1789203114.998923,1789203114.998923,0.6065
/camera/world/agv2_confidence,1789203114.9990652,1789203114.9990652,0.5773
/camera/world/agv3_confidence,1789203114.9991913,1789203114.9991913,0.5917
/camera/world/agv1_confidence,1789203115.0184631,1789203115.0184631,0.6072
/camera/world/agv2_confidence,1789203115.018547,1789203115.018547,0.5758
/camera/world/agv3_confidence,1789203115.0186458,1789203115.0186458,0.5912
/camera/world/agv2_confidence,1789203115.0589325,1789203115.0589325,0.5707
/camera/world/agv1_confidence,1789203115.0589447,1789203115.0589447,0.5953
/camera/world/agv3_confidence,1789203115.059124,1789203115.059124,0.5829
/camera/world/agv3_confidence,1789203115.078736,1789203115.078736,0.5777
/camera/world/agv2_confidence,1789203115.078744,1789203115.078744,0.5829
/camera/world/agv1_confidence,1789203115.0788102,1789203115.0788102,0.5869
/camera/world/agv1_confidence,1789203115.122706,1789203115.122706,0.606
/camera/world/agv2_confidence,1789203115.1227505,1789203115.1227505,0.5708
/camera/world/agv3_confidence,1789203115.122895,1789203115.122895,0.5805
/camera/world/agv1_confidence,1789203115.1634238,1789203115.1634238,0.5949
/camera/world/agv3_confidence,1789203115.1634703,1789203115.1634703,0.5765
/camera/world/agv2_confidence,1789203115.1636205,1789203115.1636205,0.5634
/camera/world/agv1_confidence,1789203115.1934538,1789203115.1934538,0.543
/camera/world/agv2_confidence,1789203115.193602,1789203115.193602,0.571
/camera/world/agv3_confidence,1789203115.193732,1789203115.193732,0.5723
/camera/world/agv1_confidence,1789203115.21566,1789203115.21566,0.5893
/camera/world/agv2_confidence,1789203115.2156658,1789203115.2156658,0.5852
/camera/world/agv3_confidence,1789203115.2158258,1789203115.2158258,0.5814
/camera/world/agv1_confidence,1789203115.2552435,1789203115.2552435,0.6081
/camera/world/agv2_confidence,1789203115.255391,1789203115.255391,0.5732
/camera/world/agv3_confidence,1789203115.2557104,1789203115.2557104,0.5216
/camera/world/agv2_confidence,1789203115.286937,1789203115.286937,0.5565
/camera/world/agv1_confidence,1789203115.2869408,1789203115.2869408,0.607
/camera/world/agv3_confidence,1789203115.2873435,1789203115.2873435,0.5913
/camera/world/agv3_confidence,1789203115.3171656,1789203115.3171656,0.5909
/camera/world/agv2_confidence,1789203115.3171701,1789203115.3171701,0.586
/camera/world/agv1_confidence,1789203115.3172965,1789203115.3172965,0.5844
/camera/world/agv1_confidence,1789203115.3542495,1789203115.3542495,0.5611
/camera/world/agv2_confidence,1789203115.354467,1789203115.354467,0.571
/camera/world/agv3_confidence,1789203115.3544927,1789203115.3544927,0.5923
/camera/world/agv2_confidence,1789203115.3988423,1789203115.3988423,0.5627
/camera/world/agv3_confidence,1789203115.3989112,1789203115.3989112,0.5444
/camera/world/agv1_confidence,1789203115.3989272,1789203115.3989272,0.6069
/camera/world/agv1_confidence,1789203115.4230447,1789203115.4230447,0.5913
/camera/world/agv3_confidence,1789203115.4233634,1789203115.4233634,0.5926
/camera/world/agv2_confidence,1789203115.4233773,1789203115.4233773,0.5646
/camera/world/agv1_confidence,1789203115.4509413,1789203115.4509413,0.607
/camera/world/agv2_confidence,1789203115.4509473,1789203115.4509473,0.5847
/camera/world/agv3_confidence,1789203115.450981,1789203115.450981,0.5724
/camera/world/agv1_confidence,1789203115.491985,1789203115.491985,0.608
/camera/world/agv2_confidence,1789203115.4921787,1789203115.4921787,0.5792
/camera/world/agv3_confidence,1789203115.4921954,1789203115.4921954,0.5808
/camera/world/agv2_confidence,1789203115.5229323,1789203115.5229323,0.5727
/camera/world/agv1_confidence,1789203115.5229435,1789203115.5229435,0.5783
/camera/world/agv3_confidence,1789203115.5229592,1789203115.5229592,0.5884
/camera/world/agv1_confidence,1789203115.55157,1789203115.55157,0.5816
/camera/world/agv3_confidence,1789203115.5519497,1789203115.5519497,0.5908
/camera/world/agv2_confidence,1789203115.5519881,1789203115.5519881,0.5807
/camera/world/agv2_confidence,1789203115.583206,1789203115.583206,0.59
/camera/world/agv3_confidence,1789203115.5832353,1789203115.5832353,0.5841
/camera/world/agv1_confidence,1789203115.583352,1789203115.583352,0.6086
/camera/world/agv1_confidence,1789203115.6153975,1789203115.6153975,0.6084
/camera/world/agv2_confidence,1789203115.615626,1789203115.615626,0.5871
/camera/world/agv3_confidence,1789203115.6158092,1789203115.6158092,0.5886
/camera/world/agv1_confidence,1789203115.6453192,1789203115.6453192,0.5979
/camera/world/agv2_confidence,1789203115.6453393,1789203115.6453393,0.5862
/camera/world/agv3_confidence,1789203115.6455503,1789203115.6455503,0.5876
/camera/world/agv1_confidence,1789203115.6961215,1789203115.6961215,0.5703
/camera/world/agv3_confidence,1789203115.6965876,1789203115.6965876,0.5837
/camera/world/agv2_confidence,1789203115.696619,1789203115.696619,0.5333
/camera/world/agv1_confidence,1789203115.7145803,1789203115.7145803,0.5739
/camera/world/agv2_confidence,1789203115.714784,1789203115.714784,0.5904
/camera/world/agv3_confidence,1789203115.7148657,1789203115.7148657,0.5824
/camera/world/agv1_confidence,1789203115.7449527,1789203115.7449527,0.5492
/camera/world/agv2_confidence,1789203115.7449672,1789203115.7449672,0.5889
/camera/world/agv3_confidence,1789203115.745155,1789203115.745155,0.5908
/camera/world/agv2_confidence,1789203115.7860448,1789203115.7860448,0.5653
/camera/world/agv1_confidence,1789203115.7860484,1789203115.7860484,0.5734
/camera/world/agv3_confidence,1789203115.7863076,1789203115.7863076,0.5866
/camera/world/agv1_confidence,1789203115.8222482,1789203115.8222482,0.5474
/camera/world/agv2_confidence,1789203115.8223407,1789203115.8223407,0.586
/camera/world/agv3_confidence,1789203115.8223722,1789203115.8223722,0.5899
/camera/world/agv3_confidence,1789203115.8450985,1789203115.8450985,0.5877
/camera/world/agv2_confidence,1789203115.8451138,1789203115.8451138,0.5707
/camera/world/agv1_confidence,1789203115.8452942,1789203115.8452942,0.6085
/camera/world/agv1_confidence,1789203115.8865924,1789203115.8865924,0.5949
/camera/world/agv3_confidence,1789203115.8866124,1789203115.8866124,0.5891
/camera/world/agv2_confidence,1789203115.8866282,1789203115.8866282,0.5871
/camera/world/agv1_confidence,1789203115.916126,1789203115.916126,0.6088
/camera/world/agv3_confidence,1789203115.9161828,1789203115.9161828,0.5901
/camera/world/agv2_confidence,1789203115.916216,1789203115.916216,0.5853
/camera/world/agv3_confidence,1789203115.9508977,1789203115.9508977,0.5869
/camera/world/agv1_confidence,1789203115.9509206,1789203115.9509206,0.5915
/camera/world/agv2_confidence,1789203115.950984,1789203115.950984,0.5792
/camera/world/agv2_confidence,1789203115.9939477,1789203115.9939477,0.5812
/camera/world/agv1_confidence,1789203115.9940631,1789203115.9940631,0.6091
/camera/world/agv3_confidence,1789203115.9941137,1789203115.9941137,0.5891
/camera/world/agv1_confidence,1789203116.017999,1789203116.017999,0.581
/camera/world/agv3_confidence,1789203116.018054,1789203116.018054,0.587
/camera/world/agv2_confidence,1789203116.0181196,1789203116.0181196,0.5864
/camera/world/agv1_confidence,1789203116.0544217,1789203116.0544217,0.6089
/camera/world/agv3_confidence,1789203116.0546353,1789203116.0546353,0.5809
/camera/world/agv2_confidence,1789203116.0546477,1789203116.0546477,0.5807
/camera/world/agv3_confidence,1789203116.0988617,1789203116.0988617,0.5795
/camera/world/agv2_confidence,1789203116.0988784,1789203116.0988784,0.5792
/camera/world/agv1_confidence,1789203116.0989523,1789203116.0989523,0.5955
/camera/world/agv1_confidence,1789203116.1203184,1789203116.1203184,0.6089
/camera/world/agv3_confidence,1789203116.1203618,1789203116.1203618,0.5858
/camera/world/agv2_confidence,1789203116.1203806,1789203116.1203806,0.5733
/camera/world/agv1_confidence,1789203116.1472826,1789203116.1472826,0.5984
/camera/world/agv2_confidence,1789203116.1473036,1789203116.1473036,0.5903
/camera/world/agv3_confidence,1789203116.1474588,1789203116.1474588,0.5872
/camera/world/agv1_confidence,1789203116.18712,1789203116.18712,0.5862
/camera/world/agv3_confidence,1789203116.1872845,1789203116.1872845,0.5937
/camera/world/agv2_confidence,1789203116.1873193,1789203116.1873193,0.5725
/camera/world/agv2_confidence,1789203116.2183774,1789203116.2183774,0.5908
/camera/world/agv3_confidence,1789203116.2184734,1789203116.2184734,0.5912
/camera/world/agv1_confidence,1789203116.2185028,1789203116.2185028,0.6101
/camera/world/agv2_confidence,1789203116.2488866,1789203116.2488866,0.5901
/camera/world/agv1_confidence,1789203116.2489629,1789203116.2489629,0.6043
/camera/world/agv3_confidence,1789203116.2491438,1789203116.2491438,0.5928
/camera/world/agv1_confidence,1789203116.2899485,1789203116.2899485,0.5896
/camera/world/agv2_confidence,1789203116.2899523,1789203116.2899523,0.5793
/camera/world/agv3_confidence,1789203116.290146,1789203116.290146,0.5919
/camera/world/agv1_confidence,1789203116.3228383,1789203116.3228383,0.5917
/camera/world/agv2_confidence,1789203116.3230202,1789203116.3230202,0.586
/camera/world/agv3_confidence,1789203116.323053,1789203116.323053,0.5919
/camera/world/agv1_confidence,1789203116.366461,1789203116.366461,0.5918
/camera/world/agv3_confidence,1789203116.366481,1789203116.366481,0.5943
/camera/world/agv2_confidence,1789203116.3665729,1789203116.3665729,0.5905
/camera/world/agv3_confidence,1789203116.3861911,1789203116.3861911,0.5919
/camera/world/agv1_confidence,1789203116.386196,1789203116.386196,0.6086
/camera/world/agv2_confidence,1789203116.386244,1789203116.386244,0.5621
/camera/world/agv1_confidence,1789203116.4163332,1789203116.4163332,0.6107
/camera/world/agv2_confidence,1789203116.4163432,1789203116.4163432,0.5822
/camera/world/agv3_confidence,1789203116.4165833,1789203116.4165833,0.5943
/camera/world/agv3_confidence,1789203116.4528646,1789203116.4528646,0.5875
/camera/world/agv1_confidence,1789203116.4528966,1789203116.4528966,0.6023
/camera/world/agv2_confidence,1789203116.4531302,1789203116.4531302,0.5619
/camera/world/agv1_confidence,1789203116.4850767,1789203116.4850767,0.5984
/camera/world/agv3_confidence,1789203116.4851007,1789203116.4851007,0.5902
/camera/world/agv2_confidence,1789203116.485106,1789203116.485106,0.5728
/camera/world/agv3_confidence,1789203116.5275342,1789203116.5275342,0.5888
/camera/world/agv2_confidence,1789203116.5277126,1789203116.5277126,0.5872
/camera/world/agv1_confidence,1789203116.5277178,1789203116.5277178,0.6112
/camera/world/agv1_confidence,1789203116.5551395,1789203116.5551395,0.5792
/camera/world/agv2_confidence,1789203116.555298,1789203116.555298,0.5825
/camera/world/agv3_confidence,1789203116.5553012,1789203116.5553012,0.587
/camera/world/agv1_confidence,1789203116.5881703,1789203116.5881703,0.6118
/camera/world/agv3_confidence,1789203116.58832,1789203116.58832,0.5854
/camera/world/agv2_confidence,1789203116.5883827,1789203116.5883827,0.5862
/camera/world/agv1_confidence,1789203116.6307168,1789203116.6307168,0.6056
/camera/world/agv3_confidence,1789203116.6307695,1789203116.6307695,0.5876
/camera/world/agv2_confidence,1789203116.6307957,1789203116.6307957,0.5732
/camera/world/agv1_confidence,1789203116.647069,1789203116.647069,0.6108
/camera/world/agv2_confidence,1789203116.6472476,1789203116.6472476,0.5797
/camera/world/agv3_confidence,1789203116.6473184,1789203116.6473184,0.5951
/camera/world/agv1_confidence,1789203116.687364,1789203116.687364,0.6112
/camera/world/agv2_confidence,1789203116.6876426,1789203116.6876426,0.5918
/camera/world/agv3_confidence,1789203116.6877673,1789203116.6877673,0.5953
/camera/world/agv1_confidence,1789203116.7236867,1789203116.7236867,0.6103
/camera/world/agv2_confidence,1789203116.723715,1789203116.723715,0.5904
/camera/world/agv3_confidence,1789203116.7238133,1789203116.7238133,0.5946
/camera/world/agv1_confidence,1789203116.7614987,1789203116.7614987,0.6108
/camera/world/agv3_confidence,1789203116.7615707,1789203116.7615707,0.5887
/camera/world/agv2_confidence,1789203116.7616813,1789203116.7616813,0.5882
/camera/world/agv1_confidence,1789203116.7954755,1789203116.7954755,0.5904
/camera/world/agv2_confidence,1789203116.7956579,1789203116.7956579,0.5671
/camera/world/agv3_confidence,1789203116.795725,1789203116.795725,0.5772
/camera/world/agv1_confidence,1789203116.827549,1789203116.827549,0.6099
/camera/world/agv2_confidence,1789203116.8276403,1789203116.8276403,0.5662
/camera/world/agv3_confidence,1789203116.8278887,1789203116.8278887,0.5908
/camera/world/agv1_confidence,1789203116.8568823,1789203116.8568823,0.6117
/camera/world/agv2_confidence,1789203116.8572714,1789203116.8572714,0.5522
/camera/world/agv3_confidence,1789203116.8575041,1789203116.8575041,0.5891
/camera/world/agv1_confidence,1789203116.8960547,1789203116.8960547,0.6102
/camera/world/agv3_confidence,1789203116.8962734,1789203116.8962734,0.6
/camera/world/agv2_confidence,1789203116.8965118,1789203116.8965118,0.5885
/camera/world/agv1_confidence,1789203116.9276142,1789203116.9276142,0.6122
/camera/world/agv3_confidence,1789203116.9276307,1789203116.9276307,0.5926
/camera/world/agv2_confidence,1789203116.92774,1789203116.92774,0.5854
/camera/world/agv2_confidence,1789203116.9555736,1789203116.9555736,0.585
/camera/world/agv1_confidence,1789203116.9555838,1789203116.9555838,0.6118
/camera/world/agv3_confidence,1789203116.9556417,1789203116.9556417,0.5886
/camera/world/agv1_confidence,1789203117.001122,1789203117.001122,0.61
/camera/world/agv2_confidence,1789203117.0011702,1789203117.0011702,0.5799
/camera/world/agv3_confidence,1789203117.0012903,1789203117.0012903,0.5901
/camera/world/agv3_confidence,1789203117.022189,1789203117.022189,0.5896
/camera/world/agv1_confidence,1789203117.0222063,1789203117.0222063,0.6116
/camera/world/agv2_confidence,1789203117.0222635,1789203117.0222635,0.5824
/camera/world/agv1_confidence,1789203117.064481,1789203117.064481,0.612
/camera/world/agv3_confidence,1789203117.0649216,1789203117.0649216,0.5909
/camera/world/agv2_confidence,1789203117.0651004,1789203117.0651004,0.5814
/camera/world/agv1_confidence,1789203117.083233,1789203117.083233,0.6054
/camera/world/agv2_confidence,1789203117.0834053,1789203117.0834053,0.5884
/camera/world/agv3_confidence,1789203117.0834792,1789203117.0834792,0.594
/camera/world/agv2_confidence,1789203117.1222994,1789203117.1222994,0.5903
/camera/world/agv1_confidence,1789203117.1223342,1789203117.1223342,0.6077
/camera/world/agv3_confidence,1789203117.1226487,1789203117.1226487,0.5931
/camera/world/agv1_confidence,1789203117.1640987,1789203117.1640987,0.6123
/camera/world/agv2_confidence,1789203117.1642776,1789203117.1642776,0.5809
/camera/world/agv3_confidence,1789203117.1647792,1789203117.1647792,0.5877
/camera/world/agv1_confidence,1789203117.184293,1789203117.184293,0.614
/camera/world/agv2_confidence,1789203117.184514,1789203117.184514,0.5587
/camera/world/agv3_confidence,1789203117.1846075,1789203117.1846075,0.5904
/camera/world/agv2_confidence,1789203117.223249,1789203117.223249,0.5905
/camera/world/agv1_confidence,1789203117.223271,1789203117.223271,0.6069
/camera/world/agv3_confidence,1789203117.2235794,1789203117.2235794,0.5925
/camera/world/agv1_confidence,1789203117.267042,1789203117.267042,0.5431
/camera/world/agv2_confidence,1789203117.2672412,1789203117.2672412,0.5744
/camera/world/agv3_confidence,1789203117.2673388,1789203117.2673388,0.5993
/camera/world/agv2_confidence,1789203117.2847328,1789203117.2847328,0.5592
/camera/world/agv1_confidence,1789203117.284737,1789203117.284737,0.6103
/camera/world/agv3_confidence,1789203117.2849798,1789203117.2849798,0.5933
/camera/world/agv1_confidence,1789203117.3296242,1789203117.3296242,0.6116
/camera/world/agv3_confidence,1789203117.3298934,1789203117.3298934,0.5932
/camera/world/agv2_confidence,1789203117.3299866,1789203117.3299866,0.5912
/camera/world/agv1_confidence,1789203117.3796759,1789203117.3796759,0.6127
/camera/world/agv2_confidence,1789203117.379684,1789203117.379684,0.5652
/camera/world/agv3_confidence,1789203117.3800037,1789203117.3800037,0.5921
/camera/world/agv1_confidence,1789203117.3991673,1789203117.3991673,0.6076
/camera/world/agv2_confidence,1789203117.399258,1789203117.399258,0.5634
/camera/world/agv3_confidence,1789203117.399327,1789203117.399327,0.585
/camera/world/agv2_confidence,1789203117.4179013,1789203117.4179013,0.5553
/camera/world/agv3_confidence,1789203117.4179215,1789203117.4179215,0.5896
/camera/world/agv1_confidence,1789203117.4180527,1789203117.4180527,0.6141
/camera/world/agv1_confidence,1789203117.461567,1789203117.461567,0.6146
/camera/world/agv2_confidence,1789203117.4616897,1789203117.4616897,0.5793
/camera/world/agv3_confidence,1789203117.461695,1789203117.461695,0.5907
/camera/world/agv1_confidence,1789203117.4849484,1789203117.4849484,0.6064
/camera/world/agv3_confidence,1789203117.4849958,1789203117.4849958,0.5927
/camera/world/agv2_confidence,1789203117.4851084,1789203117.4851084,0.589
/camera/world/agv2_confidence,1789203117.52025,1789203117.52025,0.5595
/camera/world/agv1_confidence,1789203117.5204117,1789203117.5204117,0.6079
/camera/world/agv3_confidence,1789203117.5205688,1789203117.5205688,0.593
/camera/world/agv3_confidence,1789203117.5643318,1789203117.5643318,0.5875
/camera/world/agv2_confidence,1789203117.5643742,1789203117.5643742,0.5857
/camera/world/agv1_confidence,1789203117.5643961,1789203117.5643961,0.6077
/camera/world/agv1_confidence,1789203117.5816388,1789203117.5816388,0.6129
/camera/world/agv2_confidence,1789203117.581642,1789203117.581642,0.5884
/camera/world/agv3_confidence,1789203117.5817332,1789203117.5817332,0.5993
/camera/world/agv2_confidence,1789203117.6220076,1789203117.6220076,0.5827
/camera/world/agv1_confidence,1789203117.622155,1789203117.622155,0.6135
/camera/world/agv3_confidence,1789203117.6221604,1789203117.6221604,0.5211
/camera/world/agv1_confidence,1789203117.658344,1789203117.658344,0.614
/camera/world/agv3_confidence,1789203117.6583982,1789203117.6583982,0.5945
/camera/world/agv2_confidence,1789203117.658435,1789203117.658435,0.5915
/camera/world/agv2_confidence,1789203117.6950412,1789203117.6950412,0.5502
/camera/world/agv3_confidence,1789203117.6951056,1789203117.6951056,0.5919
/camera/world/agv1_confidence,1789203117.6951802,1789203117.6951802,0.6154
/camera/world/agv2_confidence,1789203117.7139902,1789203117.7139902,0.5572
/camera/world/agv1_confidence,1789203117.7140377,1789203117.7140377,0.6137
/camera/world/agv3_confidence,1789203117.7142975,1789203117.7142975,0.5967
/camera/world/agv1_confidence,1789203117.7581286,1789203117.7581286,0.6109
/camera/world/agv2_confidence,1789203117.7581463,1789203117.7581463,0.5816
/camera/world/agv3_confidence,1789203117.7582786,1789203117.7582786,0.5763
/camera/world/agv2_confidence,1789203117.7899883,1789203117.7899883,0.5866
/camera/world/agv1_confidence,1789203117.790063,1789203117.790063,0.6126
/camera/world/agv3_confidence,1789203117.7903082,1789203117.7903082,0.5944
/camera/world/agv2_confidence,1789203117.8139546,1789203117.8139546,0.5791
/camera/world/agv1_confidence,1789203117.8141649,1789203117.8141649,0.607
/camera/world/agv3_confidence,1789203117.814228,1789203117.814228,0.5949
/camera/world/agv1_confidence,1789203117.8589113,1789203117.8589113,0.6147
/camera/world/agv2_confidence,1789203117.8590987,1789203117.8590987,0.5789
/camera/world/agv3_confidence,1789203117.859289,1789203117.859289,0.5974
/camera/world/agv3_confidence,1789203117.9012892,1789203117.9012892,0.5962
/camera/world/agv2_confidence,1789203117.9013927,1789203117.9013927,0.5881
/camera/world/agv1_confidence,1789203117.901395,1789203117.901395,0.6162
/camera/world/agv1_confidence,1789203117.9199955,1789203117.9199955,0.613
/camera/world/agv2_confidence,1789203117.920176,1789203117.920176,0.5638
/camera/world/agv3_confidence,1789203117.9203532,1789203117.9203532,0.5915
/camera/world/agv2_confidence,1789203117.9602573,1789203117.9602573,0.5737
/camera/world/agv1_confidence,1789203117.9603162,1789203117.9603162,0.6164
/camera/world/agv3_confidence,1789203117.96044,1789203117.96044,0.5905
/camera/world/agv1_confidence,1789203117.981525,1789203117.981525,0.611
/camera/world/agv3_confidence,1789203117.9816086,1789203117.9816086,0.589
/camera/world/agv2_confidence,1789203117.9817116,1789203117.9817116,0.5859
/camera/world/agv1_confidence,1789203118.021346,1789203118.021346,0.6136
/camera/world/agv2_confidence,1789203118.0213482,1789203118.0213482,0.5544
/camera/world/agv3_confidence,1789203118.021364,1789203118.021364,0.594
/camera/world/agv1_confidence,1789203118.052296,1789203118.052296,0.6108
/camera/world/agv2_confidence,1789203118.0524552,1789203118.0524552,0.5846
/camera/world/agv3_confidence,1789203118.052647,1789203118.052647,0.5812
/camera/world/agv2_confidence,1789203118.083359,1789203118.083359,0.569
/camera/world/agv1_confidence,1789203118.0834534,1789203118.0834534,0.6149
/camera/world/agv3_confidence,1789203118.0836592,1789203118.0836592,0.5872
/camera/world/agv1_confidence,1789203118.1250958,1789203118.1250958,0.6087
/camera/world/agv2_confidence,1789203118.1251736,1789203118.1251736,0.5842
/camera/world/agv3_confidence,1789203118.1254575,1789203118.1254575,0.5771
/camera/world/agv1_confidence,1789203118.1542754,1789203118.1542754,0.6157
/camera/world/agv3_confidence,1789203118.15433,1789203118.15433,0.5719
/camera/world/agv2_confidence,1789203118.1543427,1789203118.1543427,0.5769
/camera/world/agv1_confidence,1789203118.187182,1789203118.187182,0.6144
/camera/world/agv2_confidence,1789203118.1874354,1789203118.1874354,0.5923
/camera/world/agv3_confidence,1789203118.18758,1789203118.18758,0.5942
/camera/world/agv2_confidence,1789203118.2296488,1789203118.2296488,0.5928
/camera/world/agv1_confidence,1789203118.2296975,1789203118.2296975,0.6071
/camera/world/agv3_confidence,1789203118.2297251,1789203118.2297251,0.5903
/camera/world/agv2_confidence,1789203118.2467484,1789203118.2467484,0.5777
/camera/world/agv1_confidence,1789203118.2468886,1789203118.2468886,0.6158
/camera/world/agv3_confidence,1789203118.246954,1789203118.246954,0.5931
/camera/world/agv1_confidence,1789203118.2899828,1789203118.2899828,0.6137
/camera/world/agv2_confidence,1789203118.2901187,1789203118.2901187,0.5823
/camera/world/agv3_confidence,1789203118.290143,1789203118.290143,0.594
/camera/world/agv1_confidence,1789203118.3332343,1789203118.3332343,0.6157
/camera/world/agv3_confidence,1789203118.333354,1789203118.333354,0.5979
/camera/world/agv2_confidence,1789203118.333462,1789203118.333462,0.587
/camera/world/agv1_confidence,1789203118.3592896,1789203118.3592896,0.6146
/camera/world/agv2_confidence,1789203118.35939,1789203118.35939,0.5875
/camera/world/agv3_confidence,1789203118.359554,1789203118.359554,0.5873
/camera/world/agv1_confidence,1789203118.3850822,1789203118.3850822,0.6154
/camera/world/agv2_confidence,1789203118.3851542,1789203118.3851542,0.587
/camera/world/agv3_confidence,1789203118.3853722,1789203118.3853722,0.5939
/camera/world/agv1_confidence,1789203118.4282134,1789203118.4282134,0.6146
/camera/world/agv2_confidence,1789203118.428238,1789203118.428238,0.5873
/camera/world/agv3_confidence,1789203118.4284308,1789203118.4284308,0.5961
/camera/world/agv1_confidence,1789203118.451,1789203118.451,0.61
/camera/world/agv2_confidence,1789203118.4511306,1789203118.4511306,0.5677
/camera/world/agv3_confidence,1789203118.4513388,1789203118.4513388,0.5935
/camera/world/agv1_confidence,1789203118.4898236,1789203118.4898236,0.6135
/camera/world/agv3_confidence,1789203118.4898574,1789203118.4898574,0.5869
/camera/world/agv2_confidence,1789203118.4898844,1789203118.4898844,0.5653
/camera/world/agv2_confidence,1789203118.52238,1789203118.52238,0.5429
/camera/world/agv1_confidence,1789203118.5226138,1789203118.5226138,0.6156
/camera/world/agv3_confidence,1789203118.522632,1789203118.522632,0.6032
/camera/world/agv2_confidence,1789203118.565851,1789203118.565851,0.5714
/camera/world/agv3_confidence,1789203118.5659919,1789203118.5659919,0.6029
/camera/world/agv1_confidence,1789203118.5659955,1789203118.5659955,0.588
/camera/world/agv1_confidence,1789203118.5847394,1789203118.5847394,0.6175
/camera/world/agv3_confidence,1789203118.584752,1789203118.584752,0.5988
/camera/world/agv2_confidence,1789203118.5847623,1789203118.5847623,0.5767
/camera/world/agv3_confidence,1789203118.6132627,1789203118.6132627,0.5854
/camera/world/agv1_confidence,1789203118.6132774,1789203118.6132774,0.6133
/camera/world/agv2_confidence,1789203118.6133487,1789203118.6133487,0.5731
/camera/world/agv1_confidence,1789203118.6641898,1789203118.6641898,0.6156
/camera/world/agv3_confidence,1789203118.6641982,1789203118.6641982,0.5952
/camera/world/agv2_confidence,1789203118.6643238,1789203118.6643238,0.5893
/camera/world/agv1_confidence,1789203118.6954951,1789203118.6954951,0.613
/camera/world/agv3_confidence,1789203118.695636,1789203118.695636,0.572
/camera/world/agv2_confidence,1789203118.6956441,1789203118.6956441,0.5785
/camera/world/agv2_confidence,1789203118.7203786,1789203118.7203786,0.5852
/camera/world/agv1_confidence,1789203118.720436,1789203118.720436,0.6172
/camera/world/agv3_confidence,1789203118.7205803,1789203118.7205803,0.5945
/camera/world/agv2_confidence,1789203118.763767,1789203118.763767,0.5927
/camera/world/agv1_confidence,1789203118.76377,1789203118.76377,0.613
/camera/world/agv3_confidence,1789203118.7641912,1789203118.7641912,0.5297
/camera/world/agv1_confidence,1789203118.7892923,1789203118.7892923,0.6142
/camera/world/agv2_confidence,1789203118.7894793,1789203118.7894793,0.59
/camera/world/agv3_confidence,1789203118.7896116,1789203118.7896116,0.5798
/camera/world/agv1_confidence,1789203118.83002,1789203118.83002,0.6102
/camera/world/agv3_confidence,1789203118.830073,1789203118.830073,0.5938
/camera/world/agv2_confidence,1789203118.8300788,1789203118.8300788,0.593
/camera/world/agv1_confidence,1789203118.8527558,1789203118.8527558,0.615
/camera/world/agv2_confidence,1789203118.852847,1789203118.852847,0.5484
/camera/world/agv3_confidence,1789203118.8530436,1789203118.8530436,0.5942
/camera/world/agv1_confidence,1789203118.8894558,1789203118.8894558,0.6139
/camera/world/agv3_confidence,1789203118.8896189,1789203118.8896189,0.5869
/camera/world/agv2_confidence,1789203118.8896294,1789203118.8896294,0.5596
/camera/world/agv1_confidence,1789203118.929859,1789203118.929859,0.6146
/camera/world/agv3_confidence,1789203118.9298673,1789203118.9298673,0.5819
/camera/world/agv2_confidence,1789203118.9299612,1789203118.9299612,0.5798
/camera/world/agv1_confidence,1789203118.952703,1789203118.952703,0.6145
/camera/world/agv2_confidence,1789203118.9527144,1789203118.9527144,0.5848
/camera/world/agv3_confidence,1789203118.952757,1789203118.952757,0.5904
/camera/world/agv1_confidence,1789203118.9808939,1789203118.9808939,0.6167
/camera/world/agv2_confidence,1789203118.9809036,1789203118.9809036,0.5801
/camera/world/agv3_confidence,1789203118.9811115,1789203118.9811115,0.5847
/camera/world/agv2_confidence,1789203119.031855,1789203119.031855,0.5761
/camera/world/agv1_confidence,1789203119.0318594,1789203119.0318594,0.6131
/camera/world/agv3_confidence,1789203119.0321953,1789203119.0321953,0.5647
/camera/world/agv2_confidence,1789203119.0527792,1789203119.0527792,0.5815
/camera/world/agv1_confidence,1789203119.0528107,1789203119.0528107,0.6174
/camera/world/agv3_confidence,1789203119.0529585,1789203119.0529585,0.578
/camera/world/agv3_confidence,1789203119.083015,1789203119.083015,0.5713
/camera/world/agv2_confidence,1789203119.0830727,1789203119.0830727,0.5412
/camera/world/agv1_confidence,1789203119.0831037,1789203119.0831037,0.6155
/camera/world/agv1_confidence,1789203119.1217694,1789203119.1217694,0.6133
/camera/world/agv2_confidence,1789203119.1219323,1789203119.1219323,0.5898
/camera/world/agv3_confidence,1789203119.1222236,1789203119.1222236,0.596
/camera/world/agv3_confidence,1789203119.1551118,1789203119.1551118,0.5926
/camera/world/agv1_confidence,1789203119.1551287,1789203119.1551287,0.615
/camera/world/agv2_confidence,1789203119.1552355,1789203119.1552355,0.5906
/camera/world/agv2_confidence,1789203119.1944935,1789203119.1944935,0.5915
/camera/world/agv1_confidence,1789203119.1945012,1789203119.1945012,0.6149
/camera/world/agv3_confidence,1789203119.1946616,1789203119.1946616,0.5748
/camera/world/agv1_confidence,1789203119.2144501,1789203119.2144501,0.6179
/camera/world/agv2_confidence,1789203119.2146163,1789203119.2146163,0.5744
/camera/world/agv3_confidence,1789203119.2146256,1789203119.2146256,0.5679
/camera/world/agv1_confidence,1789203119.2580974,1789203119.2580974,0.6182
/camera/world/agv3_confidence,1789203119.2581763,1789203119.2581763,0.5882
/camera/world/agv2_confidence,1789203119.2581823,1789203119.2581823,0.5826
/camera/world/agv1_confidence,1789203119.296117,1789203119.296117,0.613
/camera/world/agv3_confidence,1789203119.2962236,1789203119.2962236,0.5665
/camera/world/agv2_confidence,1789203119.2962291,1789203119.2962291,0.5779
/camera/world/agv2_confidence,1789203119.3161478,1789203119.3161478,0.5798
/camera/world/agv3_confidence,1789203119.316211,1789203119.316211,0.5905
/camera/world/agv1_confidence,1789203119.3163092,1789203119.3163092,0.6055
/camera/world/agv3_confidence,1789203119.3732195,1789203119.3732195,0.598
/camera/world/agv2_confidence,1789203119.3732767,1789203119.3732767,0.5897
/camera/world/agv1_confidence,1789203119.3733678,1789203119.3733678,0.6044
/camera/world/agv1_confidence,1789203119.391744,1789203119.391744,0.6192
/camera/world/agv3_confidence,1789203119.3917518,1789203119.3917518,0.5692
/camera/world/agv2_confidence,1789203119.3920631,1789203119.3920631,0.5909
/camera/world/agv1_confidence,1789203119.4174466,1789203119.4174466,0.6099
/camera/world/agv3_confidence,1789203119.417625,1789203119.417625,0.5839
/camera/world/agv2_confidence,1789203119.4176416,1789203119.4176416,0.5939
/camera/world/agv1_confidence,1789203119.458419,1789203119.458419,0.6124
/camera/world/agv2_confidence,1789203119.4586103,1789203119.4586103,0.5879
/camera/world/agv3_confidence,1789203119.4586864,1789203119.4586864,0.5852
/camera/world/agv2_confidence,1789203119.4877346,1789203119.4877346,0.5792
/camera/world/agv1_confidence,1789203119.4877374,1789203119.4877374,0.6144
/camera/world/agv3_confidence,1789203119.48775,1789203119.48775,0.6028
/camera/world/agv3_confidence,1789203119.5183623,1789203119.5183623,0.5856
/camera/world/agv2_confidence,1789203119.5184805,1789203119.5184805,0.5661
/camera/world/agv1_confidence,1789203119.5185142,1789203119.5185142,0.6178
/camera/world/agv2_confidence,1789203119.558301,1789203119.558301,0.5858
/camera/world/agv3_confidence,1789203119.5583699,1789203119.5583699,0.5667
/camera/world/agv1_confidence,1789203119.558558,1789203119.558558,0.6184
/camera/world/agv1_confidence,1789203119.5999298,1789203119.5999298,0.618
/camera/world/agv2_confidence,1789203119.5999348,1789203119.5999348,0.5594
/camera/world/agv3_confidence,1789203119.599937,1789203119.599937,0.6022
/camera/world/agv1_confidence,1789203119.6325552,1789203119.6325552,0.6157
/camera/world/agv2_confidence,1789203119.6328297,1789203119.6328297,0.5908
/camera/world/agv3_confidence,1789203119.633037,1789203119.633037,0.5922
/camera/world/agv1_confidence,1789203119.652979,1789203119.652979,0.618
/camera/world/agv2_confidence,1789203119.6530352,1789203119.6530352,0.5939
/camera/world/agv3_confidence,1789203119.6532412,1789203119.6532412,0.6014
/camera/world/agv1_confidence,1789203119.6944492,1789203119.6944492,0.6171
/camera/world/agv2_confidence,1789203119.694531,1789203119.694531,0.5947
/camera/world/agv3_confidence,1789203119.6946945,1789203119.6946945,0.5885
/camera/world/agv3_confidence,1789203119.7313108,1789203119.7313108,0.5895
/camera/world/agv1_confidence,1789203119.7313185,1789203119.7313185,0.6162
/camera/world/agv2_confidence,1789203119.731335,1789203119.731335,0.5932
/camera/world/agv2_confidence,1789203119.7543695,1789203119.7543695,0.5943
/camera/world/agv1_confidence,1789203119.7543814,1789203119.7543814,0.619
/camera/world/agv3_confidence,1789203119.7543843,1789203119.7543843,0.603
/camera/world/agv1_confidence,1789203119.781869,1789203119.781869,0.6144
/camera/world/agv2_confidence,1789203119.7819307,1789203119.7819307,0.5906
/camera/world/agv3_confidence,1789203119.7821472,1789203119.7821472,0.5979
/camera/world/agv2_confidence,1789203119.8249643,1789203119.8249643,0.5932
/camera/world/agv3_confidence,1789203119.8250706,1789203119.8250706,0.5983
/camera/world/agv1_confidence,1789203119.8250823,1789203119.8250823,0.6199
/camera/world/agv1_confidence,1789203119.854704,1789203119.854704,0.6131
/camera/world/agv3_confidence,1789203119.8548946,1789203119.8548946,0.5938
/camera/world/agv2_confidence,1789203119.854916,1789203119.854916,0.5891
/camera/world/agv1_confidence,1789203119.9024112,1789203119.9024112,0.6201
/camera/world/agv3_confidence,1789203119.90249,1789203119.90249,0.5986
/camera/world/agv2_confidence,1789203119.9025493,1789203119.9025493,0.592
/camera/world/agv1_confidence,1789203119.9178157,1789203119.9178157,0.615
/camera/world/agv3_confidence,1789203119.9179957,1789203119.9179957,0.6025
/camera/world/agv2_confidence,1789203119.918047,1789203119.918047,0.5606
/camera/world/agv2_confidence,1789203119.964577,1789203119.964577,0.5434
/camera/world/agv3_confidence,1789203119.9647863,1789203119.9647863,0.5953
/camera/world/agv1_confidence,1789203119.964849,1789203119.964849,0.617
/camera/world/agv2_confidence,1789203119.9863882,1789203119.9863882,0.5961
/camera/world/agv3_confidence,1789203119.9865098,1789203119.9865098,0.6035
/camera/world/agv1_confidence,1789203119.9866834,1789203119.9866834,0.617
/camera/world/agv3_confidence,1789203120.0210927,1789203120.0210927,0.524
/camera/world/agv2_confidence,1789203120.0211096,1789203120.0211096,0.5827
/camera/world/agv1_confidence,1789203120.0213656,1789203120.0213656,0.6178
/camera/world/agv2_confidence,1789203120.0632327,1789203120.0632327,0.5908
/camera/world/agv3_confidence,1789203120.0633607,1789203120.0633607,0.5804
/camera/world/agv1_confidence,1789203120.0634158,1789203120.0634158,0.6192
/camera/world/agv1_confidence,1789203120.0865276,1789203120.0865276,0.6135
/camera/world/agv3_confidence,1789203120.0865526,1789203120.0865526,0.6033
/camera/world/agv2_confidence,1789203120.0865614,1789203120.0865614,0.5954
/camera/world/agv1_confidence,1789203120.1155329,1789203120.1155329,0.6132
/camera/world/agv2_confidence,1789203120.115674,1789203120.115674,0.5537
/camera/world/agv3_confidence,1789203120.1156776,1789203120.1156776,0.6027
/camera/world/agv1_confidence,1789203120.1491637,1789203120.1491637,0.6152
/camera/world/agv2_confidence,1789203120.149423,1789203120.149423,0.5405
/camera/world/agv3_confidence,1789203120.1495411,1789203120.1495411,0.6052
/camera/world/agv1_confidence,1789203120.1790354,1789203120.1790354,0.6178
/camera/world/agv2_confidence,1789203120.179131,1789203120.179131,0.5684
/camera/world/agv3_confidence,1789203120.1793952,1789203120.1793952,0.5971
/camera/world/agv1_confidence,1789203120.2219174,1789203120.2219174,0.6164
/camera/world/agv2_confidence,1789203120.2221906,1789203120.2221906,0.5889
/camera/world/agv3_confidence,1789203120.2221951,1789203120.2221951,0.5953
/camera/world/agv1_confidence,1789203120.2527156,1789203120.2527156,0.6176
/camera/world/agv3_confidence,1789203120.253111,1789203120.253111,0.5996
/camera/world/agv2_confidence,1789203120.2531326,1789203120.2531326,0.5961
/camera/world/agv1_confidence,1789203120.281131,1789203120.281131,0.616
/camera/world/agv3_confidence,1789203120.281412,1789203120.281412,0.5987
/camera/world/agv2_confidence,1789203120.2814507,1789203120.2814507,0.597
/camera/world/agv3_confidence,1789203120.3127341,1789203120.3127341,0.5968
/camera/world/agv2_confidence,1789203120.3128347,1789203120.3128347,0.5828
/camera/world/agv1_confidence,1789203120.3129053,1789203120.3129053,0.6189
/camera/world/agv3_confidence,1789203120.3519554,1789203120.3519554,0.5082
/camera/world/agv1_confidence,1789203120.351966,1789203120.351966,0.6123
/camera/world/agv2_confidence,1789203120.3519795,1789203120.3519795,0.5702
/camera/world/agv1_confidence,1789203120.3818908,1789203120.3818908,0.6148
/camera/world/agv2_confidence,1789203120.382177,1789203120.382177,0.5831
/camera/world/agv3_confidence,1789203120.3823981,1789203120.3823981,0.6004
/camera/world/agv1_confidence,1789203120.4177396,1789203120.4177396,0.6153
/camera/world/agv3_confidence,1789203120.4177434,1789203120.4177434,0.5991
/camera/world/agv2_confidence,1789203120.4178543,1789203120.4178543,0.5972
/camera/world/agv2_confidence,1789203120.4584491,1789203120.4584491,0.5727
/camera/world/agv1_confidence,1789203120.4584723,1789203120.4584723,0.6187
/camera/world/agv3_confidence,1789203120.4584978,1789203120.4584978,0.5852
/camera/world/agv2_confidence,1789203120.4787693,1789203120.4787693,0.5886
/camera/world/agv3_confidence,1789203120.4789941,1789203120.4789941,0.5433
/camera/world/agv1_confidence,1789203120.479008,1789203120.479008,0.6186
/camera/world/agv1_confidence,1789203120.532344,1789203120.532344,0.6182
/camera/world/agv2_confidence,1789203120.5323539,1789203120.5323539,0.5821
/camera/world/agv3_confidence,1789203120.5326629,1789203120.5326629,0.601
/camera/world/agv1_confidence,1789203120.5693684,1789203120.5693684,0.6182
/camera/world/agv2_confidence,1789203120.569412,1789203120.569412,0.596
/camera/world/agv3_confidence,1789203120.5696838,1789203120.5696838,0.6053
/camera/world/agv1_confidence,1789203120.5891614,1789203120.5891614,0.6059
/camera/world/agv2_confidence,1789203120.5892687,1789203120.5892687,0.5985
/camera/world/agv3_confidence,1789203120.5894148,1789203120.5894148,0.5963
/camera/world/agv1_confidence,1789203120.6300192,1789203120.6300192,0.6181
/camera/world/agv3_confidence,1789203120.6304564,1789203120.6304564,0.5614
/camera/world/agv2_confidence,1789203120.6305134,1789203120.6305134,0.5461
/camera/world/agv2_confidence,1789203120.6479273,1789203120.6479273,0.5947
/camera/world/agv1_confidence,1789203120.6479328,1789203120.6479328,0.6129
/camera/world/agv3_confidence,1789203120.648329,1789203120.648329,0.5942
/camera/world/agv2_confidence,1789203120.6897674,1789203120.6897674,0.5963
/camera/world/agv1_confidence,1789203120.6898293,1789203120.6898293,0.6181
/camera/world/agv3_confidence,1789203120.6900723,1789203120.6900723,0.5938
/camera/world/agv1_confidence,1789203120.7188876,1789203120.7188876,0.6215
/camera/world/agv3_confidence,1789203120.7191257,1789203120.7191257,0.6022
/camera/world/agv2_confidence,1789203120.7192292,1789203120.7192292,0.5949
/camera/world/agv3_confidence,1789203120.7504709,1789203120.7504709,0.6027
/camera/world/agv2_confidence,1789203120.750472,1789203120.750472,0.5844
/camera/world/agv1_confidence,1789203120.7504966,1789203120.7504966,0.6176
/camera/world/agv1_confidence,1789203120.782447,1789203120.782447,0.616
/camera/world/agv2_confidence,1789203120.782694,1789203120.782694,0.5962
/camera/world/agv3_confidence,1789203120.782776,1789203120.782776,0.6051
/camera/world/agv1_confidence,1789203120.814008,1789203120.814008,0.6148
/camera/world/agv2_confidence,1789203120.8140104,1789203120.8140104,0.6001
/camera/world/agv3_confidence,1789203120.8141265,1789203120.8141265,0.5994
/camera/world/agv3_confidence,1789203120.854229,1789203120.854229,0.5976
/camera/world/agv2_confidence,1789203120.8542295,1789203120.8542295,0.5993
/camera/world/agv1_confidence,1789203120.8542662,1789203120.8542662,0.6207
/camera/world/agv1_confidence,1789203120.884258,1789203120.884258,0.6199
/camera/world/agv3_confidence,1789203120.8842623,1789203120.8842623,0.587
/camera/world/agv2_confidence,1789203120.8843842,1789203120.8843842,0.6015
/camera/world/agv2_confidence,1789203120.9148784,1789203120.9148784,0.5977
/camera/world/agv1_confidence,1789203120.914893,1789203120.914893,0.6207
/camera/world/agv3_confidence,1789203120.9149306,1789203120.9149306,0.6038
/camera/world/agv3_confidence,1789203120.9573157,1789203120.9573157,0.5988
/camera/world/agv1_confidence,1789203120.9573338,1789203120.9573338,0.6186
/camera/world/agv2_confidence,1789203120.9573493,1789203120.9573493,0.6018
/camera/world/agv1_confidence,1789203120.9876876,1789203120.9876876,0.6176
/camera/world/agv2_confidence,1789203120.987691,1789203120.987691,0.5806
/camera/world/agv3_confidence,1789203120.9878862,1789203120.9878862,0.6011
/camera/world/agv2_confidence,1789203121.034249,1789203121.034249,0.6014
/camera/world/agv1_confidence,1789203121.0342543,1789203121.0342543,0.6183
/camera/world/agv3_confidence,1789203121.0344155,1789203121.0344155,0.6002
/camera/world/agv2_confidence,1789203121.0547602,1789203121.0547602,0.6024
/camera/world/agv3_confidence,1789203121.0548375,1789203121.0548375,0.5844
/camera/world/agv1_confidence,1789203121.0549033,1789203121.0549033,0.6142
/camera/world/agv1_confidence,1789203121.0825915,1789203121.0825915,0.6195
/camera/world/agv2_confidence,1789203121.082689,1789203121.082689,0.6001
/camera/world/agv3_confidence,1789203121.0828016,1789203121.0828016,0.5893
/camera/world/agv1_confidence,1789203121.1239028,1789203121.1239028,0.6206
/camera/world/agv3_confidence,1789203121.1239893,1789203121.1239893,0.5863
/camera/world/agv2_confidence,1789203121.1241436,1789203121.1241436,0.603
/camera/world/agv1_confidence,1789203121.163621,1789203121.163621,0.6196
/camera/world/agv3_confidence,1789203121.1638467,1789203121.1638467,0.6064
/camera/world/agv2_confidence,1789203121.163908,1789203121.163908,0.6
/camera/world/agv1_confidence,1789203121.1837165,1789203121.1837165,0.619
/camera/world/agv3_confidence,1789203121.1838944,1789203121.1838944,0.6037
/camera/world/agv2_confidence,1789203121.1839857,1789203121.1839857,0.6012
/camera/world/agv2_confidence,1789203121.225565,1789203121.225565,0.6017
/camera/world/agv1_confidence,1789203121.2255764,1789203121.2255764,0.6196
/camera/world/agv3_confidence,1789203121.2257597,1789203121.2257597,0.6016
/camera/world/agv2_confidence,1789203121.2553098,1789203121.2553098,0.6006
/camera/world/agv1_confidence,1789203121.2553525,1789203121.2553525,0.6166
/camera/world/agv3_confidence,1789203121.2553713,1789203121.2553713,0.6061
/camera/world/agv2_confidence,1789203121.2989695,1789203121.2989695,0.6019
/camera/world/agv1_confidence,1789203121.299012,1789203121.299012,0.6183
/camera/world/agv3_confidence,1789203121.2992442,1789203121.2992442,0.5967
/camera/world/agv1_confidence,1789203121.317693,1789203121.317693,0.6216
/camera/world/agv2_confidence,1789203121.3178208,1789203121.3178208,0.6023
/camera/world/agv3_confidence,1789203121.318053,1789203121.318053,0.6026
/camera/world/agv3_confidence,1789203121.3645017,1789203121.3645017,0.6017
/camera/world/agv1_confidence,1789203121.3645318,1789203121.3645318,0.6193
/camera/world/agv2_confidence,1789203121.3645809,1789203121.3645809,0.6043
/camera/world/agv1_confidence,1789203121.3857486,1789203121.3857486,0.6191
/camera/world/agv3_confidence,1789203121.3860705,1789203121.3860705,0.5873
/camera/world/agv2_confidence,1789203121.3860757,1789203121.3860757,0.576
/camera/world/agv2_confidence,1789203121.4295828,1789203121.4295828,0.6032
/camera/world/agv1_confidence,1789203121.4297075,1789203121.4297075,0.6197
/camera/world/agv3_confidence,1789203121.4297466,1789203121.4297466,0.6037
/camera/world/agv1_confidence,1789203121.4475837,1789203121.4475837,0.6176
/camera/world/agv2_confidence,1789203121.4477808,1789203121.4477808,0.6017
/camera/world/agv3_confidence,1789203121.4478836,1789203121.4478836,0.5997
/camera/world/agv1_confidence,1789203121.490678,1789203121.490678,0.6197
/camera/world/agv2_confidence,1789203121.4909046,1789203121.4909046,0.602
/camera/world/agv3_confidence,1789203121.491021,1789203121.491021,0.602
/camera/world/agv3_confidence,1789203121.5243027,1789203121.5243027,0.5543
/camera/world/agv1_confidence,1789203121.524328,1789203121.524328,0.6165
/camera/world/agv2_confidence,1789203121.5243444,1789203121.5243444,0.6007
/camera/world/agv1_confidence,1789203121.565008,1789203121.565008,0.6201
/camera/world/agv2_confidence,1789203121.5650275,1789203121.5650275,0.6035
/camera/world/agv3_confidence,1789203121.5650442,1789203121.5650442,0.5993
/camera/world/agv1_confidence,1789203121.5841541,1789203121.5841541,0.6187
/camera/world/agv3_confidence,1789203121.5842044,1789203121.5842044,0.6034
/camera/world/agv2_confidence,1789203121.5842056,1789203121.5842056,0.5753
/camera/world/agv1_confidence,1789203121.617688,1789203121.617688,0.6195
/camera/world/agv2_confidence,1789203121.6179347,1789203121.6179347,0.604
/camera/world/agv3_confidence,1789203121.6181808,1789203121.6181808,0.604
/camera/world/agv1_confidence,1789203121.6588504,1789203121.6588504,0.6181
/camera/world/agv2_confidence,1789203121.6589935,1789203121.6589935,0.6024
/camera/world/agv3_confidence,1789203121.6590447,1789203121.6590447,0.6004
/camera/world/agv1_confidence,1789203121.6894555,1789203121.6894555,0.6192
/camera/world/agv2_confidence,1789203121.689579,1789203121.689579,0.6025
/camera/world/agv3_confidence,1789203121.6896782,1789203121.6896782,0.6052
/camera/world/agv1_confidence,1789203121.72084,1789203121.72084,0.6137
/camera/world/agv3_confidence,1789203121.720862,1789203121.720862,0.6031
/camera/world/agv2_confidence,1789203121.7208896,1789203121.7208896,0.6031
/camera/world/agv2_confidence,1789203121.7628942,1789203121.7628942,0.6032
/camera/world/agv1_confidence,1789203121.7629714,1789203121.7629714,0.6202
/camera/world/agv3_confidence,1789203121.7631052,1789203121.7631052,0.6033
/camera/world/agv3_confidence,1789203121.7813284,1789203121.7813284,0.6044
/camera/world/agv2_confidence,1789203121.7813637,1789203121.7813637,0.6048
/camera/world/agv1_confidence,1789203121.781432,1789203121.781432,0.6143
/camera/world/agv2_confidence,1789203121.8376205,1789203121.8376205,0.6038
/camera/world/agv1_confidence,1789203121.8377862,1789203121.8377862,0.6187
/camera/world/agv3_confidence,1789203121.8378623,1789203121.8378623,0.6064
/camera/world/agv1_confidence,1789203121.85018,1789203121.85018,0.6199
/camera/world/agv2_confidence,1789203121.8505893,1789203121.8505893,0.6035
/camera/world/agv3_confidence,1789203121.8509161,1789203121.8509161,0.6041
/camera/world/agv1_confidence,1789203121.9010994,1789203121.9010994,0.6178
/camera/world/agv2_confidence,1789203121.9011042,1789203121.9011042,0.6062
/camera/world/agv3_confidence,1789203121.9014342,1789203121.9014342,0.605
/camera/world/agv2_confidence,1789203121.9228177,1789203121.9228177,0.6043
/camera/world/agv3_confidence,1789203121.9229627,1789203121.9229627,0.6007
/camera/world/agv1_confidence,1789203121.92306,1789203121.92306,0.6187
/camera/world/agv1_confidence,1789203121.9654613,1789203121.9654613,0.6152
/camera/world/agv3_confidence,1789203121.9654682,1789203121.9654682,0.6043
/camera/world/agv2_confidence,1789203121.9655902,1789203121.9655902,0.604
/camera/world/agv1_confidence,1789203121.9836702,1789203121.9836702,0.6179
/camera/world/agv3_confidence,1789203121.9836795,1789203121.9836795,0.6093
/camera/world/agv2_confidence,1789203121.9837174,1789203121.9837174,0.6062
/camera/world/agv1_confidence,1789203122.0254085,1789203122.0254085,0.6194
/camera/world/agv2_confidence,1789203122.0256507,1789203122.0256507,0.6052
/camera/world/agv3_confidence,1789203122.025881,1789203122.025881,0.6055
/camera/world/agv1_confidence,1789203122.0653374,1789203122.0653374,0.6208
/camera/world/agv2_confidence,1789203122.0653698,1789203122.0653698,0.6074
/camera/world/agv3_confidence,1789203122.0655417,1789203122.0655417,0.6054
/camera/world/agv1_confidence,1789203122.0855455,1789203122.0855455,0.6169
/camera/world/agv2_confidence,1789203122.0855536,1789203122.0855536,0.6072
/camera/world/agv3_confidence,1789203122.0857143,1789203122.0857143,0.6087
/camera/world/agv1_confidence,1789203122.1148064,1789203122.1148064,0.6195
/camera/world/agv2_confidence,1789203122.114833,1789203122.114833,0.607
/camera/world/agv3_confidence,1789203122.1149633,1789203122.1149633,0.6035
/camera/world/agv1_confidence,1789203122.15688,1789203122.15688,0.6195
/camera/world/agv2_confidence,1789203122.1569111,1789203122.1569111,0.607
/camera/world/agv3_confidence,1789203122.156948,1789203122.156948,0.6024
/camera/world/agv1_confidence,1789203122.1978421,1789203122.1978421,0.6196
/camera/world/agv2_confidence,1789203122.1978552,1789203122.1978552,0.5995
/camera/world/agv3_confidence,1789203122.1980233,1789203122.1980233,0.6057
/camera/world/agv1_confidence,1789203122.2182105,1789203122.2182105,0.6198
/camera/world/agv3_confidence,1789203122.2183692,1789203122.2183692,0.5771
/camera/world/agv2_confidence,1789203122.2183938,1789203122.2183938,0.6078
/camera/world/agv1_confidence,1789203122.2569551,1789203122.2569551,0.6173
/camera/world/agv3_confidence,1789203122.2570727,1789203122.2570727,0.6047
/camera/world/agv2_confidence,1789203122.257112,1789203122.257112,0.6077
/camera/world/agv2_confidence,1789203122.285573,1789203122.285573,0.6045
/camera/world/agv1_confidence,1789203122.285593,1789203122.285593,0.6175
/camera/world/agv3_confidence,1789203122.2856166,1789203122.2856166,0.6063
/camera/world/agv3_confidence,1789203122.3217568,1789203122.3217568,0.6062
/camera/world/agv2_confidence,1789203122.3218184,1789203122.3218184,0.6067
/camera/world/agv1_confidence,1789203122.3219938,1789203122.3219938,0.6193
/camera/world/agv2_confidence,1789203122.357735,1789203122.357735,0.6071
/camera/world/agv1_confidence,1789203122.3577986,1789203122.3577986,0.6187
/camera/world/agv3_confidence,1789203122.3578503,1789203122.3578503,0.6099
/camera/world/agv2_confidence,1789203122.3915272,1789203122.3915272,0.6059
/camera/world/agv1_confidence,1789203122.3917093,1789203122.3917093,0.6216
/camera/world/agv3_confidence,1789203122.391802,1789203122.391802,0.605
/camera/world/agv1_confidence,1789203122.432204,1789203122.432204,0.6144
/camera/world/agv3_confidence,1789203122.4323123,1789203122.4323123,0.5852
/camera/world/agv2_confidence,1789203122.4323258,1789203122.4323258,0.6067
/camera/world/agv1_confidence,1789203122.4497964,1789203122.4497964,0.6185
/camera/world/agv2_confidence,1789203122.449866,1789203122.449866,0.6068
/camera/world/agv3_confidence,1789203122.4500597,1789203122.4500597,0.6063
/camera/world/agv2_confidence,1789203122.492191,1789203122.492191,0.6064
/camera/world/agv1_confidence,1789203122.492238,1789203122.492238,0.6188
/camera/world/agv3_confidence,1789203122.4923017,1789203122.4923017,0.6048
/camera/world/agv1_confidence,1789203122.5240293,1789203122.5240293,0.6198
/camera/world/agv2_confidence,1789203122.5240793,1789203122.5240793,0.6081
/camera/world/agv3_confidence,1789203122.5240824,1789203122.5240824,0.6092
/camera/world/agv1_confidence,1789203122.5652165,1789203122.5652165,0.6181
/camera/world/agv2_confidence,1789203122.565466,1789203122.565466,0.6075
/camera/world/agv3_confidence,1789203122.5655417,1789203122.5655417,0.6115
/camera/world/agv1_confidence,1789203122.583121,1789203122.583121,0.6192
/camera/world/agv3_confidence,1789203122.5833569,1789203122.5833569,0.6077
/camera/world/agv2_confidence,1789203122.5834172,1789203122.5834172,0.6057
/camera/world/agv1_confidence,1789203122.6223018,1789203122.6223018,0.6171
/camera/world/agv2_confidence,1789203122.6225562,1789203122.6225562,0.6077
/camera/world/agv3_confidence,1789203122.6227138,1789203122.6227138,0.6039
/camera/world/agv2_confidence,1789203122.6506631,1789203122.6506631,0.6067
/camera/world/agv1_confidence,1789203122.6508262,1789203122.6508262,0.6167
/camera/world/agv3_confidence,1789203122.6508462,1789203122.6508462,0.6081
/camera/world/agv1_confidence,1789203122.7011633,1789203122.7011633,0.6195
/camera/world/agv2_confidence,1789203122.701251,1789203122.701251,0.6092
/camera/world/agv3_confidence,1789203122.7012625,1789203122.7012625,0.6115
/camera/world/agv1_confidence,1789203122.716912,1789203122.716912,0.6174
/camera/world/agv2_confidence,1789203122.7169414,1789203122.7169414,0.6067
/camera/world/agv3_confidence,1789203122.7170837,1789203122.7170837,0.6086
/camera/world/agv1_confidence,1789203122.7574081,1789203122.7574081,0.6191
/camera/world/agv2_confidence,1789203122.757612,1789203122.757612,0.6075
/camera/world/agv3_confidence,1789203122.757633,1789203122.757633,0.6063
/camera/world/agv1_confidence,1789203122.7928305,1789203122.7928305,0.6199
/camera/world/agv3_confidence,1789203122.793009,1789203122.793009,0.5705
/camera/world/agv2_confidence,1789203122.7930944,1789203122.7930944,0.592
/camera/world/agv2_confidence,1789203122.8246064,1789203122.8246064,0.6076
/camera/world/agv1_confidence,1789203122.824612,1789203122.824612,0.6192
/camera/world/agv3_confidence,1789203122.8246388,1789203122.8246388,0.61
/camera/world/agv1_confidence,1789203122.8667424,1789203122.8667424,0.6165
/camera/world/agv3_confidence,1789203122.8668456,1789203122.8668456,0.6083
/camera/world/agv2_confidence,1789203122.866905,1789203122.866905,0.6086
/camera/world/agv1_confidence,1789203122.8895361,1789203122.8895361,0.6165
/camera/world/agv2_confidence,1789203122.8896396,1789203122.8896396,0.6064
/camera/world/agv3_confidence,1789203122.8897665,1789203122.8897665,0.6103
/camera/world/agv1_confidence,1789203122.9256585,1789203122.9256585,0.6205
/camera/world/agv3_confidence,1789203122.9257026,1789203122.9257026,0.6092
/camera/world/agv2_confidence,1789203122.9258318,1789203122.9258318,0.6085
/camera/world/agv1_confidence,1789203122.9455295,1789203122.9455295,0.6189
/camera/world/agv2_confidence,1789203122.9455392,1789203122.9455392,0.6069
/camera/world/agv3_confidence,1789203122.9456677,1789203122.9456677,0.6068
/camera/world/agv2_confidence,1789203122.994065,1789203122.994065,0.6073
/camera/world/agv1_confidence,1789203122.9941146,1789203122.9941146,0.619
/camera/world/agv3_confidence,1789203122.9941192,1789203122.9941192,0.6068
/camera/world/agv1_confidence,1789203123.0303938,1789203123.0303938,0.6172
/camera/world/agv3_confidence,1789203123.030459,1789203123.030459,0.5784
/camera/world/agv2_confidence,1789203123.0304737,1789203123.0304737,0.6073
/camera/world/agv2_confidence,1789203123.0520134,1789203123.0520134,0.5771
/camera/world/agv3_confidence,1789203123.0523474,1789203123.0523474,0.5769
/camera/world/agv1_confidence,1789203123.0524821,1789203123.0524821,0.6162
/camera/world/agv3_confidence,1789203123.0832772,1789203123.0832772,0.6102
/camera/world/agv2_confidence,1789203123.0833554,1789203123.0833554,0.609
/camera/world/agv1_confidence,1789203123.0836155,1789203123.0836155,0.6167
/camera/world/agv2_confidence,1789203123.1299987,1789203123.1299987,0.6094
/camera/world/agv1_confidence,1789203123.130091,1789203123.130091,0.6176
/camera/world/agv3_confidence,1789203123.1302636,1789203123.1302636,0.6096
/camera/world/agv2_confidence,1789203123.1501613,1789203123.1501613,0.607
/camera/world/agv1_confidence,1789203123.1501796,1789203123.1501796,0.6179
/camera/world/agv3_confidence,1789203123.150342,1789203123.150342,0.6085
/camera/world/agv2_confidence,1789203123.1837978,1789203123.1837978,0.609
/camera/world/agv3_confidence,1789203123.1838515,1789203123.1838515,0.608
/camera/world/agv1_confidence,1789203123.1838646,1789203123.1838646,0.6168
/camera/world/agv1_confidence,1789203123.222842,1789203123.222842,0.6184
/camera/world/agv2_confidence,1789203123.2230055,1789203123.2230055,0.6081
/camera/world/agv3_confidence,1789203123.2232533,1789203123.2232533,0.6103
/camera/world/agv1_confidence,1789203123.2474911,1789203123.2474911,0.6185
/camera/world/agv3_confidence,1789203123.2479203,1789203123.2479203,0.6083
/camera/world/agv2_confidence,1789203123.2479932,1789203123.2479932,0.6075
/camera/world/agv2_confidence,1789203123.2840662,1789203123.2840662,0.6085
/camera/world/agv3_confidence,1789203123.2841022,1789203123.2841022,0.6099
/camera/world/agv1_confidence,1789203123.2841957,1789203123.2841957,0.619
/camera/world/agv1_confidence,1789203123.314061,1789203123.314061,0.6191
/camera/world/agv2_confidence,1789203123.3143458,1789203123.3143458,0.6076
/camera/world/agv3_confidence,1789203123.314368,1789203123.314368,0.6146
/camera/world/agv1_confidence,1789203123.354286,1789203123.354286,0.6195
/camera/world/agv3_confidence,1789203123.354342,1789203123.354342,0.573
/camera/world/agv2_confidence,1789203123.3544998,1789203123.3544998,0.6054
/camera/world/agv1_confidence,1789203123.3856103,1789203123.3856103,0.6197
/camera/world/agv2_confidence,1789203123.3856137,1789203123.3856137,0.6072
/camera/world/agv3_confidence,1789203123.3857899,1789203123.3857899,0.6122
/camera/world/agv1_confidence,1789203123.4176881,1789203123.4176881,0.6181
/camera/world/agv3_confidence,1789203123.4177365,1789203123.4177365,0.6073
/camera/world/agv2_confidence,1789203123.4178145,1789203123.4178145,0.6083
/camera/world/agv1_confidence,1789203123.445738,1789203123.445738,0.6185
/camera/world/agv2_confidence,1789203123.4457805,1789203123.4457805,0.6096
/camera/world/agv3_confidence,1789203123.4458363,1789203123.4458363,0.6097
/camera/world/agv1_confidence,1789203123.4856002,1789203123.4856002,0.6188
/camera/world/agv2_confidence,1789203123.485648,1789203123.485648,0.6099
/camera/world/agv3_confidence,1789203123.4859967,1789203123.4859967,0.6086
/camera/world/agv2_confidence,1789203123.5161526,1789203123.5161526,0.6067
/camera/world/agv3_confidence,1789203123.5162122,1789203123.5162122,0.6097
/camera/world/agv1_confidence,1789203123.5162153,1789203123.5162153,0.6179
/camera/world/agv1_confidence,1789203123.5576274,1789203123.5576274,0.6172
/camera/world/agv3_confidence,1789203123.5578492,1789203123.5578492,0.6095
/camera/world/agv2_confidence,1789203123.5578547,1789203123.5578547,0.6114
/camera/world/agv2_confidence,1789203123.6030104,1789203123.6030104,0.61
/camera/world/agv1_confidence,1789203123.6030183,1789203123.6030183,0.6187
/camera/world/agv3_confidence,1789203123.6031532,1789203123.6031532,0.6091
/camera/world/agv1_confidence,1789203123.6228592,1789203123.6228592,0.6173
/camera/world/agv2_confidence,1789203123.6229308,1789203123.6229308,0.6093
/camera/world/agv3_confidence,1789203123.6229403,1789203123.6229403,0.6076
/camera/world/agv1_confidence,1789203123.6541085,1789203123.6541085,0.6175
/camera/world/agv3_confidence,1789203123.6542218,1789203123.6542218,0.6042
/camera/world/agv2_confidence,1789203123.6542408,1789203123.6542408,0.6088
/camera/world/agv1_confidence,1789203123.694603,1789203123.694603,0.618
/camera/world/agv2_confidence,1789203123.6946228,1789203123.6946228,0.6094
/camera/world/agv3_confidence,1789203123.6948118,1789203123.6948118,0.5705
/camera/world/agv1_confidence,1789203123.7151878,1789203123.7151878,0.6179
/camera/world/agv2_confidence,1789203123.7152061,1789203123.7152061,0.5873
/camera/world/agv3_confidence,1789203123.715465,1789203123.715465,0.6084
/camera/world/agv2_confidence,1789203123.756099,1789203123.756099,0.6098
/camera/world/agv1_confidence,1789203123.756121,1789203123.756121,0.6169
/camera/world/agv3_confidence,1789203123.7563748,1789203123.7563748,0.6088
/camera/world/agv2_confidence,1789203123.8001,1789203123.8001,0.6071
/camera/world/agv3_confidence,1789203123.8001802,1789203123.8001802,0.6099
/camera/world/agv1_confidence,1789203123.8001835,1789203123.8001835,0.6186
/camera/world/agv1_confidence,1789203123.8179328,1789203123.8179328,0.619
/camera/world/agv3_confidence,1789203123.8179562,1789203123.8179562,0.6106
/camera/world/agv2_confidence,1789203123.8179724,1789203123.8179724,0.6117
/camera/world/agv1_confidence,1789203123.859309,1789203123.859309,0.6144
/camera/world/agv2_confidence,1789203123.85958,1789203123.85958,0.607
/camera/world/agv3_confidence,1789203123.8595865,1789203123.8595865,0.6137
/camera/world/agv3_confidence,1789203123.9009671,1789203123.9009671,0.6099
/camera/world/agv1_confidence,1789203123.9009774,1789203123.9009774,0.6178
/camera/world/agv2_confidence,1789203123.9010897,1789203123.9010897,0.6068
/camera/world/agv2_confidence,1789203123.919225,1789203123.919225,0.6108
/camera/world/agv1_confidence,1789203123.919232,1789203123.919232,0.617
/camera/world/agv3_confidence,1789203123.9193754,1789203123.9193754,0.609
/camera/world/agv3_confidence,1789203123.958141,1789203123.958141,0.6087
/camera/world/agv1_confidence,1789203123.9581575,1789203123.9581575,0.6182
/camera/world/agv2_confidence,1789203123.9581804,1789203123.9581804,0.6052
/camera/world/agv3_confidence,1789203123.9840221,1789203123.9840221,0.611
/camera/world/agv2_confidence,1789203123.9841309,1789203123.9841309,0.6103
/camera/world/agv1_confidence,1789203123.9843304,1789203123.9843304,0.6192
/camera/world/agv1_confidence,1789203124.021124,1789203124.021124,0.6189
/camera/world/agv2_confidence,1789203124.021129,1789203124.021129,0.6118
/camera/world/agv3_confidence,1789203124.0211406,1789203124.0211406,0.6104
/camera/world/agv2_confidence,1789203124.0507944,1789203124.0507944,0.6088
/camera/world/agv3_confidence,1789203124.0508442,1789203124.0508442,0.6105
/camera/world/agv1_confidence,1789203124.0508628,1789203124.0508628,0.6196
/camera/world/agv1_confidence,1789203124.083361,1789203124.083361,0.6194
/camera/world/agv3_confidence,1789203124.083574,1789203124.083574,0.6114
/camera/world/agv2_confidence,1789203124.0836108,1789203124.0836108,0.6058
/camera/world/agv2_confidence,1789203124.1156995,1789203124.1156995,0.6139
/camera/world/agv3_confidence,1789203124.1158311,1789203124.1158311,0.6092
/camera/world/agv1_confidence,1789203124.11595,1789203124.11595,0.6158
/camera/world/agv3_confidence,1789203124.1464136,1789203124.1464136,0.6143
/camera/world/agv1_confidence,1789203124.1464193,1789203124.1464193,0.6165
/camera/world/agv2_confidence,1789203124.146428,1789203124.146428,0.6125
/camera/world/agv1_confidence,1789203124.1796067,1789203124.1796067,0.6176
/camera/world/agv3_confidence,1789203124.1799102,1789203124.1799102,0.6129
/camera/world/agv2_confidence,1789203124.1799176,1789203124.1799176,0.611
/camera/world/agv1_confidence,1789203124.2114007,1789203124.2114007,0.6168
/camera/world/agv2_confidence,1789203124.2114775,1789203124.2114775,0.6103
/camera/world/agv3_confidence,1789203124.2116897,1789203124.2116897,0.6114
/camera/world/agv1_confidence,1789203124.2537923,1789203124.2537923,0.6187
/camera/world/agv2_confidence,1789203124.2539344,1789203124.2539344,0.6104
/camera/world/agv3_confidence,1789203124.2540853,1789203124.2540853,0.6105
/camera/world/agv1_confidence,1789203124.2848358,1789203124.2848358,0.6178
/camera/world/agv3_confidence,1789203124.2848623,1789203124.2848623,0.6105
/camera/world/agv2_confidence,1789203124.2848732,1789203124.2848732,0.6101
/camera/world/agv2_confidence,1789203124.313905,1789203124.313905,0.6104
/camera/world/agv1_confidence,1789203124.3139896,1789203124.3139896,0.6152
/camera/world/agv3_confidence,1789203124.3140836,1789203124.3140836,0.6146
/camera/world/agv2_confidence,1789203124.3563323,1789203124.3563323,0.6099
/camera/world/agv1_confidence,1789203124.35649,1789203124.35649,0.6186
/camera/world/agv3_confidence,1789203124.356514,1789203124.356514,0.6104
/camera/world/agv2_confidence,1789203124.386347,1789203124.386347,0.6061
/camera/world/agv1_confidence,1789203124.3863695,1789203124.3863695,0.6201
/camera/world/agv3_confidence,1789203124.3863845,1789203124.3863845,0.6106
/camera/world/agv1_confidence,1789203124.4182756,1789203124.4182756,0.6185
/camera/world/agv2_confidence,1789203124.418278,1789203124.418278,0.6124
/camera/world/agv3_confidence,1789203124.418528,1789203124.418528,0.6089
/camera/world/agv1_confidence,1789203124.4466808,1789203124.4466808,0.6186
/camera/world/agv3_confidence,1789203124.4468818,1789203124.4468818,0.6129
/camera/world/agv2_confidence,1789203124.4469042,1789203124.4469042,0.609
/camera/world/agv3_confidence,1789203124.4899771,1789203124.4899771,0.6096
/camera/world/agv1_confidence,1789203124.4900916,1789203124.4900916,0.6167
/camera/world/agv2_confidence,1789203124.4901469,1789203124.4901469,0.6102
/camera/world/agv1_confidence,1789203124.5123553,1789203124.5123553,0.6179
/camera/world/agv2_confidence,1789203124.5124335,1789203124.5124335,0.6111
/camera/world/agv3_confidence,1789203124.5125756,1789203124.5125756,0.6104
/camera/world/agv2_confidence,1789203124.5667598,1789203124.5667598,0.6071
/camera/world/agv1_confidence,1789203124.5668166,1789203124.5668166,0.619
/camera/world/agv3_confidence,1789203124.5669188,1789203124.5669188,0.6143
/camera/world/agv1_confidence,1789203124.5847034,1789203124.5847034,0.6185
/camera/world/agv3_confidence,1789203124.584913,1789203124.584913,0.6125
/camera/world/agv2_confidence,1789203124.585075,1789203124.585075,0.6089
/camera/world/agv2_confidence,1789203124.614215,1789203124.614215,0.6114
/camera/world/agv1_confidence,1789203124.6142325,1789203124.6142325,0.6182
/camera/world/agv3_confidence,1789203124.6143863,1789203124.6143863,0.6103
/camera/world/agv2_confidence,1789203124.654914,1789203124.654914,0.6089
/camera/world/agv3_confidence,1789203124.6549442,1789203124.6549442,0.6157
/camera/world/agv1_confidence,1789203124.6550405,1789203124.6550405,0.6182
/camera/world/agv1_confidence,1789203124.6866665,1789203124.6866665,0.6185
/camera/world/agv2_confidence,1789203124.6867354,1789203124.6867354,0.611
/camera/world/agv3_confidence,1789203124.6868072,1789203124.6868072,0.6131
/camera/world/agv1_confidence,1789203124.7278402,1789203124.7278402,0.6181
/camera/world/agv2_confidence,1789203124.7278519,1789203124.7278519,0.6083
/camera/world/agv3_confidence,1789203124.7284672,1789203124.7284672,0.6132
/camera/world/agv3_confidence,1789203124.7491825,1789203124.7491825,0.6135
/camera/world/agv1_confidence,1789203124.749197,1789203124.749197,0.618
/camera/world/agv2_confidence,1789203124.7491984,1789203124.7491984,0.61
/camera/world/agv1_confidence,1789203124.7892454,1789203124.7892454,0.618
/camera/world/agv3_confidence,1789203124.7893286,1789203124.7893286,0.6154
/camera/world/agv2_confidence,1789203124.7894378,1789203124.7894378,0.6072
/camera/world/agv2_confidence,1789203124.8220458,1789203124.8220458,0.6127
/camera/world/agv3_confidence,1789203124.822199,1789203124.822199,0.6117
/camera/world/agv1_confidence,1789203124.822324,1789203124.822324,0.6183
/camera/world/agv2_confidence,1789203124.8525708,1789203124.8525708,0.61
/camera/world/agv1_confidence,1789203124.8526888,1789203124.8526888,0.6178
/camera/world/agv3_confidence,1789203124.8527515,1789203124.8527515,0.608
/camera/world/agv1_confidence,1789203124.8823595,1789203124.8823595,0.6176
/camera/world/agv2_confidence,1789203124.8826118,1789203124.8826118,0.6121
/camera/world/agv3_confidence,1789203124.8826473,1789203124.8826473,0.6149
/camera/world/agv1_confidence,1789203124.9323175,1789203124.9323175,0.6171
/camera/world/agv2_confidence,1789203124.9324872,1789203124.9324872,0.6113
/camera/world/agv3_confidence,1789203124.9326572,1789203124.9326572,0.6119
/camera/world/agv2_confidence,1789203124.95847,1789203124.95847,0.5774
/camera/world/agv1_confidence,1789203124.9585028,1789203124.9585028,0.6152
/camera/world/agv3_confidence,1789203124.9586082,1789203124.9586082,0.6144
/camera/world/agv2_confidence,1789203124.9834867,1789203124.9834867,0.6109
/camera/world/agv1_confidence,1789203124.9835706,1789203124.9835706,0.6175
/camera/world/agv3_confidence,1789203124.9838765,1789203124.9838765,0.6128
/camera/world/agv1_confidence,1789203125.0145035,1789203125.0145035,0.6176
/camera/world/agv2_confidence,1789203125.014517,1789203125.014517,0.6112
/camera/world/agv3_confidence,1789203125.0147684,1789203125.0147684,0.6118
/camera/world/agv2_confidence,1789203125.0513465,1789203125.0513465,0.6113
/camera/world/agv1_confidence,1789203125.051444,1789203125.051444,0.6183
/camera/world/agv3_confidence,1789203125.0515935,1789203125.0515935,0.614
/camera/world/agv1_confidence,1789203125.088894,1789203125.088894,0.6175
/camera/world/agv2_confidence,1789203125.0890448,1789203125.0890448,0.5911
/camera/world/agv3_confidence,1789203125.0890884,1789203125.0890884,0.6145
/camera/world/agv2_confidence,1789203125.1172907,1789203125.1172907,0.612
/camera/world/agv1_confidence,1789203125.1173851,1789203125.1173851,0.6169
/camera/world/agv3_confidence,1789203125.117547,1789203125.117547,0.6098
/camera/world/agv1_confidence,1789203125.1480763,1789203125.1480763,0.6182
/camera/world/agv2_confidence,1789203125.1482303,1789203125.1482303,0.6081
/camera/world/agv3_confidence,1789203125.1482704,1789203125.1482704,0.6139
/camera/world/agv1_confidence,1789203125.17895,1789203125.17895,0.618
/camera/world/agv3_confidence,1789203125.1791654,1789203125.1791654,0.615
/camera/world/agv2_confidence,1789203125.1792562,1789203125.1792562,0.6128
/camera/world/agv1_confidence,1789203125.2215037,1789203125.2215037,0.6175
/camera/world/agv2_confidence,1789203125.22155,1789203125.22155,0.6076
/camera/world/agv3_confidence,1789203125.2215743,1789203125.2215743,0.613
/camera/world/agv2_confidence,1789203125.254047,1789203125.254047,0.6127
/camera/world/agv3_confidence,1789203125.2541022,1789203125.2541022,0.615
/camera/world/agv1_confidence,1789203125.2541125,1789203125.2541125,0.6171
/camera/world/agv2_confidence,1789203125.2825203,1789203125.2825203,0.6091
/camera/world/agv3_confidence,1789203125.2826262,1789203125.2826262,0.6111
/camera/world/agv1_confidence,1789203125.282639,1789203125.282639,0.6173
/camera/world/agv2_confidence,1789203125.3140833,1789203125.3140833,0.6132
/camera/world/agv3_confidence,1789203125.3143432,1789203125.3143432,0.611
/camera/world/agv1_confidence,1789203125.3143666,1789203125.3143666,0.6178
/camera/world/agv3_confidence,1789203125.3539395,1789203125.3539395,0.6159
/camera/world/agv1_confidence,1789203125.3539584,1789203125.3539584,0.6172
/camera/world/agv2_confidence,1789203125.354127,1789203125.354127,0.6128
/camera/world/agv1_confidence,1789203125.385811,1789203125.385811,0.6183
/camera/world/agv2_confidence,1789203125.3859184,1789203125.3859184,0.6099
/camera/world/agv3_confidence,1789203125.3859904,1789203125.3859904,0.6133
/camera/world/agv2_confidence,1789203125.4203115,1789203125.4203115,0.6125
/camera/world/agv1_confidence,1789203125.4203737,1789203125.4203737,0.6166
/camera/world/agv3_confidence,1789203125.4203792,1789203125.4203792,0.5874
/camera/world/agv1_confidence,1789203125.4552476,1789203125.4552476,0.6164
/camera/world/agv3_confidence,1789203125.4554393,1789203125.4554393,0.6116
/camera/world/agv2_confidence,1789203125.4555314,1789203125.4555314,0.6124
/camera/world/agv3_confidence,1789203125.4896266,1789203125.4896266,0.6135
/camera/world/agv1_confidence,1789203125.48965,1789203125.48965,0.6176
/camera/world/agv2_confidence,1789203125.489768,1789203125.489768,0.6091
/camera/world/agv1_confidence,1789203125.5142481,1789203125.5142481,0.618
/camera/world/agv2_confidence,1789203125.5143538,1789203125.5143538,0.6121
/camera/world/agv3_confidence,1789203125.51438,1789203125.51438,0.615
/camera/world/agv1_confidence,1789203125.5713434,1789203125.5713434,0.6182
/camera/world/agv2_confidence,1789203125.571365,1789203125.571365,0.6073
/camera/world/agv3_confidence,1789203125.5718684,1789203125.5718684,0.6148
/camera/world/agv1_confidence,1789203125.5922635,1789203125.5922635,0.6175
/camera/world/agv2_confidence,1789203125.592277,1789203125.592277,0.6132
/camera/world/agv3_confidence,1789203125.5923545,1789203125.5923545,0.6131
/camera/world/agv1_confidence,1789203125.6204567,1789203125.6204567,0.6158
/camera/world/agv2_confidence,1789203125.6205966,1789203125.6205966,0.6128
/camera/world/agv3_confidence,1789203125.6207898,1789203125.6207898,0.614
/camera/world/agv1_confidence,1789203125.651495,1789203125.651495,0.6172
/camera/world/agv3_confidence,1789203125.6515517,1789203125.6515517,0.5822
/camera/world/agv2_confidence,1789203125.6517358,1789203125.6517358,0.6094
/camera/world/agv1_confidence,1789203125.690496,1789203125.690496,0.6178
/camera/world/agv3_confidence,1789203125.690553,1789203125.690553,0.6108
/camera/world/agv2_confidence,1789203125.690678,1789203125.690678,0.613
/camera/world/agv1_confidence,1789203125.731759,1789203125.731759,0.6176
/camera/world/agv2_confidence,1789203125.7317767,1789203125.7317767,0.6153
/camera/world/agv3_confidence,1789203125.7319303,1789203125.7319303,0.614
/camera/world/agv1_confidence,1789203125.754436,1789203125.754436,0.6168
/camera/world/agv2_confidence,1789203125.7544472,1789203125.7544472,0.6118
/camera/world/agv3_confidence,1789203125.7544806,1789203125.7544806,0.6142
/camera/world/agv3_confidence,1789203125.8042526,1789203125.8042526,0.6151
/camera/world/agv2_confidence,1789203125.804273,1789203125.804273,0.6138
/camera/world/agv1_confidence,1789203125.8043742,1789203125.8043742,0.6175
/camera/world/agv1_confidence,1789203125.8226612,1789203125.8226612,0.6187
/camera/world/agv3_confidence,1789203125.8228717,1789203125.8228717,0.5884
/camera/world/agv2_confidence,1789203125.8228867,1789203125.8228867,0.6122
/camera/world/agv1_confidence,1789203125.8625863,1789203125.8625863,0.6168
/camera/world/agv2_confidence,1789203125.862718,1789203125.862718,0.6128
/camera/world/agv3_confidence,1789203125.862756,1789203125.862756,0.6107
/camera/world/agv2_confidence,1789203125.8834548,1789203125.8834548,0.6136
/camera/world/agv1_confidence,1789203125.8836608,1789203125.8836608,0.6178
/camera/world/agv3_confidence,1789203125.883669,1789203125.883669,0.614
/camera/world/agv1_confidence,1789203125.9234865,1789203125.9234865,0.6173
/camera/world/agv2_confidence,1789203125.9236505,1789203125.9236505,0.6111
/camera/world/agv3_confidence,1789203125.9236586,1789203125.9236586,0.6151
/camera/world/agv3_confidence,1789203125.9620023,1789203125.9620023,0.6152
/camera/world/agv1_confidence,1789203125.9620092,1789203125.9620092,0.6179
/camera/world/agv2_confidence,1789203125.9620292,1789203125.9620292,0.6129
/camera/world/agv2_confidence,1789203125.9898663,1789203125.9898663,0.6136
/camera/world/agv1_confidence,1789203125.98994,1789203125.98994,0.619
/camera/world/agv3_confidence,1789203125.9900963,1789203125.9900963,0.6151
/camera/world/agv1_confidence,1789203126.029844,1789203126.029844,0.6189
/camera/world/agv2_confidence,1789203126.0298822,1789203126.0298822,0.6106
/camera/world/agv3_confidence,1789203126.0301073,1789203126.0301073,0.6133
/camera/world/agv1_confidence,1789203126.0490668,1789203126.0490668,0.6177
/camera/world/agv2_confidence,1789203126.0490801,1789203126.0490801,0.6042
/camera/world/agv3_confidence,1789203126.049085,1789203126.049085,0.6132
/camera/world/agv2_confidence,1789203126.0900445,1789203126.0900445,0.6139
/camera/world/agv3_confidence,1789203126.0900578,1789203126.0900578,0.6157
/camera/world/agv1_confidence,1789203126.0901358,1789203126.0901358,0.6176
/camera/world/agv1_confidence,1789203126.13015,1789203126.13015,0.6158
/camera/world/agv2_confidence,1789203126.1301923,1789203126.1301923,0.6133
/camera/world/agv3_confidence,1789203126.1302054,1789203126.1302054,0.6119
/camera/world/agv1_confidence,1789203126.153705,1789203126.153705,0.6166
/camera/world/agv2_confidence,1789203126.1537144,1789203126.1537144,0.6143
/camera/world/agv3_confidence,1789203126.1538937,1789203126.1538937,0.6121
/camera/world/agv1_confidence,1789203126.1970034,1789203126.1970034,0.6155
/camera/world/agv2_confidence,1789203126.1970296,1789203126.1970296,0.612
/camera/world/agv3_confidence,1789203126.1971164,1789203126.1971164,0.6142
/camera/world/agv2_confidence,1789203126.2345488,1789203126.2345488,0.6128
/camera/world/agv1_confidence,1789203126.2345564,1789203126.2345564,0.6177
/camera/world/agv3_confidence,1789203126.2348766,1789203126.2348766,0.613
/camera/world/agv1_confidence,1789203126.2534835,1789203126.2534835,0.6165
/camera/world/agv2_confidence,1789203126.2536747,1789203126.2536747,0.6132
/camera/world/agv3_confidence,1789203126.2539167,1789203126.2539167,0.6125
/camera/world/agv2_confidence,1789203126.2932642,1789203126.2932642,0.6109
/camera/world/agv1_confidence,1789203126.2932682,1789203126.2932682,0.6174
/camera/world/agv3_confidence,1789203126.2935374,1789203126.2935374,0.5878
/camera/world/agv1_confidence,1789203126.322539,1789203126.322539,0.6162
/camera/world/agv3_confidence,1789203126.322696,1789203126.322696,0.6156
/camera/world/agv2_confidence,1789203126.3227277,1789203126.3227277,0.6145
/camera/world/agv1_confidence,1789203126.3547244,1789203126.3547244,0.6179
/camera/world/agv3_confidence,1789203126.35473,1789203126.35473,0.6129
/camera/world/agv2_confidence,1789203126.354808,1789203126.354808,0.6122
/camera/world/agv1_confidence,1789203126.393879,1789203126.393879,0.5765
/camera/world/agv2_confidence,1789203126.3939922,1789203126.3939922,0.613
/camera/world/agv3_confidence,1789203126.3940163,1789203126.3940163,0.6129
/camera/world/agv1_confidence,1789203126.4149897,1789203126.4149897,0.6155
/camera/world/agv2_confidence,1789203126.4152303,1789203126.4152303,0.6134
/camera/world/agv3_confidence,1789203126.415438,1789203126.415438,0.6135
/camera/world/agv1_confidence,1789203126.454868,1789203126.454868,0.6152
/camera/world/agv3_confidence,1789203126.4552066,1789203126.4552066,0.613
/camera/world/agv2_confidence,1789203126.455224,1789203126.455224,0.6115
/camera/world/agv1_confidence,1789203126.4974468,1789203126.4974468,0.6162
/camera/world/agv2_confidence,1789203126.497658,1789203126.497658,0.6139
/camera/world/agv3_confidence,1789203126.4976752,1789203126.4976752,0.615
/camera/world/agv1_confidence,1789203126.523672,1789203126.523672,0.6157
/camera/world/agv2_confidence,1789203126.5237262,1789203126.5237262,0.6139
/camera/world/agv3_confidence,1789203126.5240285,1789203126.5240285,0.614
/camera/world/agv1_confidence,1789203126.5457056,1789203126.5457056,0.6128
/camera/world/agv2_confidence,1789203126.5457766,1789203126.5457766,0.6121
/camera/world/agv3_confidence,1789203126.5460827,1789203126.5460827,0.6144
/camera/world/agv2_confidence,1789203126.597641,1789203126.597641,0.6122
/camera/world/agv3_confidence,1789203126.5976892,1789203126.5976892,0.6154
/camera/world/agv1_confidence,1789203126.5977967,1789203126.5977967,0.6135
/camera/world/agv3_confidence,1789203126.6182969,1789203126.6182969,0.6091
/camera/world/agv1_confidence,1789203126.618311,1789203126.618311,0.6214
/camera/world/agv2_confidence,1789203126.6183205,1789203126.6183205,0.6132
/camera/world/agv1_confidence,1789203126.6628408,1789203126.6628408,0.6162
/camera/world/agv3_confidence,1789203126.6628542,1789203126.6628542,0.6126
/camera/world/agv2_confidence,1789203126.6629088,1789203126.6629088,0.6137
/camera/world/agv3_confidence,1789203126.690024,1789203126.690024,0.6144
/camera/world/agv2_confidence,1789203126.690059,1789203126.690059,0.612
/camera/world/agv1_confidence,1789203126.6900914,1789203126.6900914,0.615
/camera/world/agv1_confidence,1789203126.7214189,1789203126.7214189,0.6181
/camera/world/agv3_confidence,1789203126.721436,1789203126.721436,0.6153
/camera/world/agv2_confidence,1789203126.7215083,1789203126.7215083,0.6122
/camera/world/agv1_confidence,1789203126.7547457,1789203126.7547457,0.6159
/camera/world/agv2_confidence,1789203126.7547698,1789203126.7547698,0.6151
/camera/world/agv3_confidence,1789203126.7549944,1789203126.7549944,0.6149
/camera/world/agv1_confidence,1789203126.7870612,1789203126.7870612,0.617
/camera/world/agv3_confidence,1789203126.787177,1789203126.787177,0.6133
/camera/world/agv2_confidence,1789203126.7872124,1789203126.7872124,0.6148
/camera/world/agv3_confidence,1789203126.8311636,1789203126.8311636,0.6128
/camera/world/agv2_confidence,1789203126.8312798,1789203126.8312798,0.614
/camera/world/agv1_confidence,1789203126.8312888,1789203126.8312888,0.6144
/camera/world/agv3_confidence,1789203126.8498223,1789203126.8498223,0.6128
/camera/world/agv2_confidence,1789203126.8498278,1789203126.8498278,0.6144
/camera/world/agv1_confidence,1789203126.8498588,1789203126.8498588,0.6177
/camera/world/agv2_confidence,1789203126.8986034,1789203126.8986034,0.6136
/camera/world/agv1_confidence,1789203126.8986537,1789203126.8986537,0.6008
/camera/world/agv3_confidence,1789203126.8988187,1789203126.8988187,0.6127
/camera/world/agv1_confidence,1789203126.92135,1789203126.92135,0.6172
/camera/world/agv3_confidence,1789203126.9213688,1789203126.9213688,0.6118
/camera/world/agv2_confidence,1789203126.9214551,1789203126.9214551,0.6141
/camera/world/agv3_confidence,1789203126.9567635,1789203126.9567635,0.6134
/camera/world/agv1_confidence,1789203126.9567776,1789203126.9567776,0.6177
/camera/world/agv2_confidence,1789203126.9570594,1789203126.9570594,0.6134
/camera/world/agv2_confidence,1789203126.9864457,1789203126.9864457,0.6049
/camera/world/agv3_confidence,1789203126.9866145,1789203126.9866145,0.6096
/camera/world/agv1_confidence,1789203126.9866617,1789203126.9866617,0.6175
/camera/world/agv1_confidence,1789203127.0179477,1789203127.0179477,0.6181
/camera/world/agv3_confidence,1789203127.0179927,1789203127.0179927,0.6133
/camera/world/agv2_confidence,1789203127.01801,1789203127.01801,0.6144
/camera/world/agv1_confidence,1789203127.047663,1789203127.047663,0.6178
/camera/world/agv2_confidence,1789203127.0476794,1789203127.0476794,0.6133
/camera/world/agv3_confidence,1789203127.0478008,1789203127.0478008,0.6126
/camera/world/agv1_confidence,1789203127.0896518,1789203127.0896518,0.6164
/camera/world/agv2_confidence,1789203127.0897899,1789203127.0897899,0.6145
/camera/world/agv3_confidence,1789203127.0898116,1789203127.0898116,0.6115
/camera/world/agv1_confidence,1789203127.13331,1789203127.13331,0.6178
/camera/world/agv2_confidence,1789203127.133437,1789203127.133437,0.6096
/camera/world/agv3_confidence,1789203127.1335988,1789203127.1335988,0.6126
/camera/world/agv1_confidence,1789203127.1527512,1789203127.1527512,0.6169
/camera/world/agv2_confidence,1789203127.1528447,1789203127.1528447,0.6133
/camera/world/agv3_confidence,1789203127.153049,1789203127.153049,0.6166
/camera/world/agv2_confidence,1789203127.1943645,1789203127.1943645,0.6135
/camera/world/agv3_confidence,1789203127.1944916,1789203127.1944916,0.6153
/camera/world/agv1_confidence,1789203127.1945698,1789203127.1945698,0.6183
/camera/world/agv1_confidence,1789203127.2336018,1789203127.2336018,0.618
/camera/world/agv2_confidence,1789203127.2337618,1789203127.2337618,0.6128
/camera/world/agv3_confidence,1789203127.2338421,1789203127.2338421,0.6162
/camera/world/agv1_confidence,1789203127.2539186,1789203127.2539186,0.6171
/camera/world/agv2_confidence,1789203127.254059,1789203127.254059,0.6124
/camera/world/agv3_confidence,1789203127.254235,1789203127.254235,0.6138
/camera/world/agv1_confidence,1789203127.289012,1789203127.289012,0.6191
/camera/world/agv3_confidence,1789203127.2890759,1789203127.2890759,0.6158
/camera/world/agv2_confidence,1789203127.2890933,1789203127.2890933,0.613
/camera/world/agv2_confidence,1789203127.3177679,1789203127.3177679,0.6126
/camera/world/agv3_confidence,1789203127.3178596,1789203127.3178596,0.6165
/camera/world/agv1_confidence,1789203127.3178928,1789203127.3178928,0.6187
/camera/world/agv3_confidence,1789203127.3549476,1789203127.3549476,0.6146
/camera/world/agv2_confidence,1789203127.354955,1789203127.354955,0.6147
/camera/world/agv1_confidence,1789203127.3550029,1789203127.3550029,0.6168
/camera/world/agv2_confidence,1789203127.3870919,1789203127.3870919,0.6111
/camera/world/agv1_confidence,1789203127.3871014,1789203127.3871014,0.6022
/camera/world/agv3_confidence,1789203127.3873334,1789203127.3873334,0.614
/camera/world/agv2_confidence,1789203127.417754,1789203127.417754,0.6131
/camera/world/agv1_confidence,1789203127.4177625,1789203127.4177625,0.615
/camera/world/agv3_confidence,1789203127.4179268,1789203127.4179268,0.6137
/camera/world/agv2_confidence,1789203127.4499385,1789203127.4499385,0.6144
/camera/world/agv3_confidence,1789203127.450003,1789203127.450003,0.6126
/camera/world/agv1_confidence,1789203127.450026,1789203127.450026,0.6165
/camera/world/agv2_confidence,1789203127.491026,1789203127.491026,0.6162
/camera/world/agv1_confidence,1789203127.4911754,1789203127.4911754,0.6171
/camera/world/agv3_confidence,1789203127.4912531,1789203127.4912531,0.6151
/camera/world/agv2_confidence,1789203127.533369,1789203127.533369,0.6153
/camera/world/agv3_confidence,1789203127.5334496,1789203127.5334496,0.6144
/camera/world/agv1_confidence,1789203127.5334992,1789203127.5334992,0.6185
/camera/world/agv1_confidence,1789203127.554705,1789203127.554705,0.6168
/camera/world/agv2_confidence,1789203127.554882,1789203127.554882,0.6139
/camera/world/agv3_confidence,1789203127.5548882,1789203127.5548882,0.6138
/camera/world/agv1_confidence,1789203127.595978,1789203127.595978,0.6187
/camera/world/agv2_confidence,1789203127.5960436,1789203127.5960436,0.6042
/camera/world/agv3_confidence,1789203127.5962229,1789203127.5962229,0.6143
/camera/world/agv2_confidence,1789203127.6168354,1789203127.6168354,0.6129
/camera/world/agv1_confidence,1789203127.6168587,1789203127.6168587,0.6156
/camera/world/agv3_confidence,1789203127.6168792,1789203127.6168792,0.6135
/camera/world/agv1_confidence,1789203127.6669104,1789203127.6669104,0.6172
/camera/world/agv2_confidence,1789203127.6669388,1789203127.6669388,0.6144
/camera/world/agv3_confidence,1789203127.6671395,1789203127.6671395,0.6139
/camera/world/agv2_confidence,1789203127.685076,1789203127.685076,0.615
/camera/world/agv1_confidence,1789203127.6851263,1789203127.6851263,0.6171
/camera/world/agv3_confidence,1789203127.68514,1789203127.68514,0.6054
/camera/world/agv1_confidence,1789203127.7192829,1789203127.7192829,0.6168
/camera/world/agv2_confidence,1789203127.7194338,1789203127.7194338,0.6165
/camera/world/agv3_confidence,1789203127.7194796,1789203127.7194796,0.6156
/camera/world/agv3_confidence,1789203127.7584276,1789203127.7584276,0.6146
/camera/world/agv2_confidence,1789203127.758468,1789203127.758468,0.6158
/camera/world/agv1_confidence,1789203127.7585108,1789203127.7585108,0.6172
/camera/world/agv1_confidence,1789203127.8091369,1789203127.8091369,0.6185
/camera/world/agv2_confidence,1789203127.8091848,1789203127.8091848,0.6164
/camera/world/agv3_confidence,1789203127.8092606,1789203127.8092606,0.6143
/camera/world/agv1_confidence,1789203127.8275104,1789203127.8275104,0.6172
/camera/world/agv2_confidence,1789203127.8276405,1789203127.8276405,0.6156
/camera/world/agv3_confidence,1789203127.8276906,1789203127.8276906,0.6145
/camera/world/agv1_confidence,1789203127.847333,1789203127.847333,0.6181
/camera/world/agv2_confidence,1789203127.8473923,1789203127.8473923,0.6107
/camera/world/agv3_confidence,1789203127.8477004,1789203127.8477004,0.6127
/camera/world/agv1_confidence,1789203127.8902562,1789203127.8902562,0.6155
/camera/world/agv3_confidence,1789203127.8902686,1789203127.8902686,0.6138
/camera/world/agv2_confidence,1789203127.8903484,1789203127.8903484,0.6145
/camera/world/agv1_confidence,1789203127.9190493,1789203127.9190493,0.6175
/camera/world/agv2_confidence,1789203127.9191778,1789203127.9191778,0.6122
/camera/world/agv3_confidence,1789203127.9192681,1789203127.9192681,0.6141
/camera/world/agv1_confidence,1789203127.9496226,1789203127.9496226,0.6135
/camera/world/agv2_confidence,1789203127.9496338,1789203127.9496338,0.614
/camera/world/agv3_confidence,1789203127.949788,1789203127.949788,0.6142
/camera/world/agv2_confidence,1789203127.9793456,1789203127.9793456,0.6144
/camera/world/agv3_confidence,1789203127.9793546,1789203127.9793546,0.6146
/camera/world/agv1_confidence,1789203127.9793968,1789203127.9793968,0.6175
/camera/world/agv1_confidence,1789203128.021679,1789203128.021679,0.6172
/camera/world/agv2_confidence,1789203128.0217562,1789203128.0217562,0.6149
/camera/world/agv3_confidence,1789203128.022155,1789203128.022155,0.6169
/camera/world/agv1_confidence,1789203128.064709,1789203128.064709,0.6173
/camera/world/agv2_confidence,1789203128.0648792,1789203128.0648792,0.6139
/camera/world/agv3_confidence,1789203128.0650797,1789203128.0650797,0.6172
/camera/world/agv1_confidence,1789203128.0826693,1789203128.0826693,0.6089
/camera/world/agv3_confidence,1789203128.0827096,1789203128.0827096,0.6133
/camera/world/agv2_confidence,1789203128.0827157,1789203128.0827157,0.6145
/camera/world/agv1_confidence,1789203128.1244113,1789203128.1244113,0.6168
/camera/world/agv3_confidence,1789203128.1244185,1789203128.1244185,0.6114
/camera/world/agv2_confidence,1789203128.1244185,1789203128.1244185,0.6154
/camera/world/agv1_confidence,1789203128.1525354,1789203128.1525354,0.6186
/camera/world/agv2_confidence,1789203128.1527374,1789203128.1527374,0.6157
/camera/world/agv3_confidence,1789203128.1529243,1789203128.1529243,0.6133
/camera/world/agv3_confidence,1789203128.1832988,1789203128.1832988,0.617
/camera/world/agv1_confidence,1789203128.1833296,1789203128.1833296,0.6175
/camera/world/agv2_confidence,1789203128.1833627,1789203128.1833627,0.6147
/camera/world/agv1_confidence,1789203128.2140489,1789203128.2140489,0.6149
/camera/world/agv3_confidence,1789203128.2140517,1789203128.2140517,0.6111
/camera/world/agv2_confidence,1789203128.2142065,1789203128.2142065,0.614
/camera/world/agv1_confidence,1789203128.2546928,1789203128.2546928,0.6188
/camera/world/agv2_confidence,1789203128.254759,1789203128.254759,0.6145
/camera/world/agv3_confidence,1789203128.2548585,1789203128.2548585,0.6166
/camera/world/agv1_confidence,1789203128.2857497,1789203128.2857497,0.6183
/camera/world/agv2_confidence,1789203128.285805,1789203128.285805,0.6136
/camera/world/agv3_confidence,1789203128.2859592,1789203128.2859592,0.6135
/camera/world/agv2_confidence,1789203128.315643,1789203128.315643,0.6144
/camera/world/agv1_confidence,1789203128.3157635,1789203128.3157635,0.6146
/camera/world/agv3_confidence,1789203128.3158107,1789203128.3158107,0.6124
/camera/world/agv1_confidence,1789203128.357636,1789203128.357636,0.6143
/camera/world/agv2_confidence,1789203128.3576612,1789203128.3576612,0.6149
/camera/world/agv3_confidence,1789203128.3577912,1789203128.3577912,0.6139
/camera/world/agv1_confidence,1789203128.3874187,1789203128.3874187,0.6176
/camera/world/agv3_confidence,1789203128.3875816,1789203128.3875816,0.6148
/camera/world/agv2_confidence,1789203128.38759,1789203128.38759,0.616
/camera/world/agv2_confidence,1789203128.4216738,1789203128.4216738,0.6143
/camera/world/agv3_confidence,1789203128.421745,1789203128.421745,0.6121
/camera/world/agv1_confidence,1789203128.4217725,1789203128.4217725,0.6196
/camera/world/agv1_confidence,1789203128.4531932,1789203128.4531932,0.611
/camera/world/agv3_confidence,1789203128.453265,1789203128.453265,0.6156
/camera/world/agv2_confidence,1789203128.4532928,1789203128.4532928,0.6142
/camera/world/agv2_confidence,1789203128.4836252,1789203128.4836252,0.6144
/camera/world/agv1_confidence,1789203128.4836695,1789203128.4836695,0.6179
/camera/world/agv3_confidence,1789203128.4836783,1789203128.4836783,0.6133
/camera/world/agv2_confidence,1789203128.5128288,1789203128.5128288,0.6152
/camera/world/agv3_confidence,1789203128.512853,1789203128.512853,0.6137
/camera/world/agv1_confidence,1789203128.5128736,1789203128.5128736,0.6147
/camera/world/agv2_confidence,1789203128.5537672,1789203128.5537672,0.6137
/camera/world/agv1_confidence,1789203128.5537908,1789203128.5537908,0.6132
/camera/world/agv3_confidence,1789203128.5538921,1789203128.5538921,0.6154
/camera/world/agv1_confidence,1789203128.5941813,1789203128.5941813,0.6149
/camera/world/agv3_confidence,1789203128.5941818,1789203128.5941818,0.6139
/camera/world/agv2_confidence,1789203128.594202,1789203128.594202,0.6144
/camera/world/agv1_confidence,1789203128.613965,1789203128.613965,0.6134
/camera/world/agv2_confidence,1789203128.614089,1789203128.614089,0.6138
/camera/world/agv3_confidence,1789203128.6141465,1789203128.6141465,0.6135
/camera/world/agv2_confidence,1789203128.6550303,1789203128.6550303,0.6158
/camera/world/agv1_confidence,1789203128.6550488,1789203128.6550488,0.6171
/camera/world/agv3_confidence,1789203128.655063,1789203128.655063,0.6138
/camera/world/agv2_confidence,1789203128.6850853,1789203128.6850853,0.616
/camera/world/agv1_confidence,1789203128.6852093,1789203128.6852093,0.6201
/camera/world/agv3_confidence,1789203128.6853464,1789203128.6853464,0.6136
/camera/world/agv1_confidence,1789203128.7172322,1789203128.7172322,0.6158
/camera/world/agv2_confidence,1789203128.7173705,1789203128.7173705,0.6152
/camera/world/agv3_confidence,1789203128.7173793,1789203128.7173793,0.6144
/camera/world/agv1_confidence,1789203128.7475262,1789203128.7475262,0.616
/camera/world/agv2_confidence,1789203128.7476368,1789203128.7476368,0.6152
/camera/world/agv3_confidence,1789203128.7477214,1789203128.7477214,0.6169
/camera/world/agv1_confidence,1789203128.778916,1789203128.778916,0.6176
/camera/world/agv3_confidence,1789203128.778983,1789203128.778983,0.6133
/camera/world/agv2_confidence,1789203128.779072,1789203128.779072,0.6163
/camera/world/agv1_confidence,1789203128.8198462,1789203128.8198462,0.6163
/camera/world/agv3_confidence,1789203128.8200297,1789203128.8200297,0.6137
/camera/world/agv2_confidence,1789203128.8200364,1789203128.8200364,0.6143
/camera/world/agv1_confidence,1789203128.8510683,1789203128.8510683,0.6196
/camera/world/agv3_confidence,1789203128.851227,1789203128.851227,0.611
/camera/world/agv2_confidence,1789203128.851243,1789203128.851243,0.6146
/camera/world/agv1_confidence,1789203128.881756,1789203128.881756,0.6145
/camera/world/agv3_confidence,1789203128.8817906,1789203128.8817906,0.613
/camera/world/agv2_confidence,1789203128.8818197,1789203128.8818197,0.6143
/camera/world/agv1_confidence,1789203128.9136674,1789203128.9136674,0.612
/camera/world/agv3_confidence,1789203128.913724,1789203128.913724,0.615
/camera/world/agv2_confidence,1789203128.9137497,1789203128.9137497,0.6146
/camera/world/agv3_confidence,1789203128.9537003,1789203128.9537003,0.6143
/camera/world/agv1_confidence,1789203128.9537132,1789203128.9537132,0.6173
/camera/world/agv2_confidence,1789203128.953746,1789203128.953746,0.615
/camera/world/agv2_confidence,1789203128.9846902,1789203128.9846902,0.6151
/camera/world/agv1_confidence,1789203128.9846914,1789203128.9846914,0.6167
/camera/world/agv3_confidence,1789203128.984717,1789203128.984717,0.6143
/camera/world/agv3_confidence,1789203129.0140076,1789203129.0140076,0.6151
/camera/world/agv2_confidence,1789203129.014029,1789203129.014029,0.6137
/camera/world/agv1_confidence,1789203129.014048,1789203129.014048,0.5873
/camera/world/agv1_confidence,1789203129.0539505,1789203129.0539505,0.6022
/camera/world/agv3_confidence,1789203129.0539715,1789203129.0539715,0.6156
/camera/world/agv2_confidence,1789203129.0541599,1789203129.0541599,0.6126
/camera/world/agv1_confidence,1789203129.089721,1789203129.089721,0.6175
/camera/world/agv2_confidence,1789203129.0897639,1789203129.0897639,0.6145
/camera/world/agv3_confidence,1789203129.0899038,1789203129.0899038,0.6152
/camera/world/agv1_confidence,1789203129.1160507,1789203129.1160507,0.6188
/camera/world/agv2_confidence,1789203129.116185,1789203129.116185,0.6112
/camera/world/agv3_confidence,1789203129.1162639,1789203129.1162639,0.6153
/camera/world/agv1_confidence,1789203129.1466508,1789203129.1466508,0.6136
/camera/world/agv3_confidence,1789203129.1467097,1789203129.1467097,0.6129
/camera/world/agv2_confidence,1789203129.1468198,1789203129.1468198,0.6108
/camera/world/agv1_confidence,1789203129.1874595,1789203129.1874595,0.6092
/camera/world/agv2_confidence,1789203129.1874692,1789203129.1874692,0.6127
/camera/world/agv3_confidence,1789203129.1876535,1789203129.1876535,0.616
/camera/world/agv2_confidence,1789203129.2187095,1789203129.2187095,0.6154
/camera/world/agv1_confidence,1789203129.2187617,1789203129.2187617,0.614
/camera/world/agv3_confidence,1789203129.218943,1789203129.218943,0.6129
/camera/world/agv2_confidence,1789203129.2480736,1789203129.2480736,0.6121
/camera/world/agv3_confidence,1789203129.2481298,1789203129.2481298,0.6139
/camera/world/agv1_confidence,1789203129.2482195,1789203129.2482195,0.6174
/camera/world/agv2_confidence,1789203129.2883842,1789203129.2883842,0.6158
/camera/world/agv3_confidence,1789203129.2888732,1789203129.2888732,0.6122
/camera/world/agv1_confidence,1789203129.288927,1789203129.288927,0.6173
/camera/world/agv2_confidence,1789203129.317786,1789203129.317786,0.6164
/camera/world/agv1_confidence,1789203129.317803,1789203129.317803,0.6116
/camera/world/agv3_confidence,1789203129.3179173,1789203129.3179173,0.6143
/camera/world/agv1_confidence,1789203129.349193,1789203129.349193,0.6176
/camera/world/agv3_confidence,1789203129.34945,1789203129.34945,0.6157
/camera/world/agv2_confidence,1789203129.3495445,1789203129.3495445,0.6149
/camera/world/agv1_confidence,1789203129.381528,1789203129.381528,0.6162
/camera/world/agv2_confidence,1789203129.3816447,1789203129.3816447,0.6141
/camera/world/agv3_confidence,1789203129.3817737,1789203129.3817737,0.6118
/camera/world/agv1_confidence,1789203129.431087,1789203129.431087,0.6178
/camera/world/agv2_confidence,1789203129.4312918,1789203129.4312918,0.616
/camera/world/agv3_confidence,1789203129.431341,1789203129.431341,0.6157
/camera/world/agv2_confidence,1789203129.4528015,1789203129.4528015,0.6159
/camera/world/agv1_confidence,1789203129.4528158,1789203129.4528158,0.5867
/camera/world/agv3_confidence,1789203129.4530137,1789203129.4530137,0.6151
/camera/world/agv1_confidence,1789203129.4894633,1789203129.4894633,0.5898
/camera/world/agv2_confidence,1789203129.4896066,1789203129.4896066,0.6145
/camera/world/agv3_confidence,1789203129.4898255,1789203129.4898255,0.6153
/camera/world/agv1_confidence,1789203129.5190182,1789203129.5190182,0.6192
/camera/world/agv2_confidence,1789203129.5190322,1789203129.5190322,0.6119
/camera/world/agv3_confidence,1789203129.519055,1789203129.519055,0.6156
/camera/world/agv1_confidence,1789203129.554863,1789203129.554863,0.6173
/camera/world/agv2_confidence,1789203129.5548708,1789203129.5548708,0.6152
/camera/world/agv3_confidence,1789203129.555339,1789203129.555339,0.6153
/camera/world/agv1_confidence,1789203129.5816488,1789203129.5816488,0.614
/camera/world/agv2_confidence,1789203129.5819054,1789203129.5819054,0.6126
/camera/world/agv3_confidence,1789203129.5820158,1789203129.5820158,0.6156
/camera/world/agv1_confidence,1789203129.6217642,1789203129.6217642,0.6129
/camera/world/agv2_confidence,1789203129.6218824,1789203129.6218824,0.6164
/camera/world/agv3_confidence,1789203129.6219382,1789203129.6219382,0.616
/camera/world/agv3_confidence,1789203129.6539655,1789203129.6539655,0.6137
/camera/world/agv2_confidence,1789203129.6539857,1789203129.6539857,0.616
/camera/world/agv1_confidence,1789203129.6540663,1789203129.6540663,0.6102
/camera/world/agv3_confidence,1789203129.6836574,1789203129.6836574,0.6139
/camera/world/agv1_confidence,1789203129.6836772,1789203129.6836772,0.6146
/camera/world/agv2_confidence,1789203129.6836963,1789203129.6836963,0.616
/camera/world/agv2_confidence,1789203129.7142131,1789203129.7142131,0.6174
/camera/world/agv1_confidence,1789203129.714288,1789203129.714288,0.6167
/camera/world/agv3_confidence,1789203129.714455,1789203129.714455,0.6146
/camera/world/agv1_confidence,1789203129.745913,1789203129.745913,0.6077
/camera/world/agv3_confidence,1789203129.7459264,1789203129.7459264,0.6145
/camera/world/agv2_confidence,1789203129.7460327,1789203129.7460327,0.6167
/camera/world/agv1_confidence,1789203129.7861679,1789203129.7861679,0.6167
/camera/world/agv3_confidence,1789203129.7863636,1789203129.7863636,0.615
/camera/world/agv2_confidence,1789203129.7863996,1789203129.7863996,0.6136
/camera/world/agv1_confidence,1789203129.8191044,1789203129.8191044,0.617
/camera/world/agv3_confidence,1789203129.8191648,1789203129.8191648,0.6157
/camera/world/agv2_confidence,1789203129.8194258,1789203129.8194258,0.6127
/camera/world/agv1_confidence,1789203129.8486867,1789203129.8486867,0.6167
/camera/world/agv2_confidence,1789203129.8490434,1789203129.8490434,0.6149
/camera/world/agv3_confidence,1789203129.849163,1789203129.849163,0.6138
/camera/world/agv1_confidence,1789203129.8786218,1789203129.8786218,0.6167
/camera/world/agv3_confidence,1789203129.8788073,1789203129.8788073,0.6158
/camera/world/agv2_confidence,1789203129.878859,1789203129.878859,0.613
/camera/world/agv1_confidence,1789203129.9208224,1789203129.9208224,0.5882
/camera/world/agv2_confidence,1789203129.9209042,1789203129.9209042,0.6139
/camera/world/agv3_confidence,1789203129.9211874,1789203129.9211874,0.6155
/camera/world/agv2_confidence,1789203129.950083,1789203129.950083,0.6151
/camera/world/agv1_confidence,1789203129.9501138,1789203129.9501138,0.6179
/camera/world/agv3_confidence,1789203129.9502506,1789203129.9502506,0.6161
/camera/world/agv1_confidence,1789203129.9813306,1789203129.9813306,0.615
/camera/world/agv2_confidence,1789203129.9815662,1789203129.9815662,0.6145
/camera/world/agv3_confidence,1789203129.9818494,1789203129.9818494,0.6155
/camera/world/agv3_confidence,1789203130.015435,1789203130.015435,0.6152
/camera/world/agv1_confidence,1789203130.0154653,1789203130.0154653,0.6132
/camera/world/agv2_confidence,1789203130.0155122,1789203130.0155122,0.6159
/camera/world/agv1_confidence,1789203130.0577145,1789203130.0577145,0.6173
/camera/world/agv3_confidence,1789203130.0577996,1789203130.0577996,0.6159
/camera/world/agv2_confidence,1789203130.0578663,1789203130.0578663,0.6146
/camera/world/agv1_confidence,1789203130.0786371,1789203130.0786371,0.6063
/camera/world/agv2_confidence,1789203130.0786417,1789203130.0786417,0.6137
/camera/world/agv3_confidence,1789203130.078873,1789203130.078873,0.5406
/camera/world/agv1_confidence,1789203130.1209686,1789203130.1209686,0.6132
/camera/world/agv2_confidence,1789203130.1209726,1789203130.1209726,0.6166
/camera/world/agv3_confidence,1789203130.1210053,1789203130.1210053,0.6149
/camera/world/agv2_confidence,1789203130.150692,1789203130.150692,0.6153
/camera/world/agv3_confidence,1789203130.1507683,1789203130.1507683,0.6162
/camera/world/agv1_confidence,1789203130.1507952,1789203130.1507952,0.577
/camera/world/agv1_confidence,1789203130.1823258,1789203130.1823258,0.6165
/camera/world/agv2_confidence,1789203130.1823425,1789203130.1823425,0.6165
/camera/world/agv3_confidence,1789203130.1823466,1789203130.1823466,0.6131
/camera/world/agv1_confidence,1789203130.223925,1789203130.223925,0.6152
/camera/world/agv3_confidence,1789203130.223955,1789203130.223955,0.614
/camera/world/agv2_confidence,1789203130.224121,1789203130.224121,0.6127
/camera/world/agv2_confidence,1789203130.2635295,1789203130.2635295,0.6141
/camera/world/agv1_confidence,1789203130.2635534,1789203130.2635534,0.609
/camera/world/agv3_confidence,1789203130.263578,1789203130.263578,0.6146
/camera/world/agv1_confidence,1789203130.2964122,1789203130.2964122,0.5903
/camera/world/agv2_confidence,1789203130.2964776,1789203130.2964776,0.6122
/camera/world/agv3_confidence,1789203130.296626,1789203130.296626,0.6142
/camera/world/agv1_confidence,1789203130.3159974,1789203130.3159974,0.5984
/camera/world/agv2_confidence,1789203130.3161707,1789203130.3161707,0.6161
/camera/world/agv3_confidence,1789203130.3162334,1789203130.3162334,0.6146
/camera/world/agv3_confidence,1789203130.358038,1789203130.358038,0.6147
/camera/world/agv1_confidence,1789203130.358053,1789203130.358053,0.6101
/camera/world/agv2_confidence,1789203130.3581123,1789203130.3581123,0.6007
/camera/world/agv1_confidence,1789203130.397838,1789203130.397838,0.6174
/camera/world/agv3_confidence,1789203130.3979988,1789203130.3979988,0.6147
/camera/world/agv2_confidence,1789203130.3980079,1789203130.3980079,0.6151
/camera/world/agv2_confidence,1789203130.4159951,1789203130.4159951,0.6143
/camera/world/agv1_confidence,1789203130.4160175,1789203130.4160175,0.6152
/camera/world/agv3_confidence,1789203130.416167,1789203130.416167,0.6171
/camera/world/agv2_confidence,1789203130.4498997,1789203130.4498997,0.6157
/camera/world/agv1_confidence,1789203130.450066,1789203130.450066,0.6186
/camera/world/agv3_confidence,1789203130.450076,1789203130.450076,0.6158
/camera/world/agv2_confidence,1789203130.4900126,1789203130.4900126,0.6151
/camera/world/agv1_confidence,1789203130.490032,1789203130.490032,0.6145
/camera/world/agv3_confidence,1789203130.4900453,1789203130.4900453,0.6161
/camera/world/agv2_confidence,1789203130.5183182,1789203130.5183182,0.615
/camera/world/agv1_confidence,1789203130.518581,1789203130.518581,0.6109
/camera/world/agv3_confidence,1789203130.5186813,1789203130.5186813,0.6109
/camera/world/agv2_confidence,1789203130.5546527,1789203130.5546527,0.6142
/camera/world/agv1_confidence,1789203130.5546682,1789203130.5546682,0.6179
/camera/world/agv3_confidence,1789203130.55494,1789203130.55494,0.6134
/camera/world/agv3_confidence,1789203130.5851016,1789203130.5851016,0.6161
/camera/world/agv2_confidence,1789203130.5851295,1789203130.5851295,0.6127
/camera/world/agv1_confidence,1789203130.5852022,1789203130.5852022,0.6173
/camera/world/agv1_confidence,1789203130.618541,1789203130.618541,0.616
/camera/world/agv2_confidence,1789203130.6185892,1789203130.6185892,0.6116
/camera/world/agv3_confidence,1789203130.6187751,1789203130.6187751,0.6138
/camera/world/agv3_confidence,1789203130.6582825,1789203130.6582825,0.6141
/camera/world/agv1_confidence,1789203130.658286,1789203130.658286,0.6191
/camera/world/agv2_confidence,1789203130.6582954,1789203130.6582954,0.6154
/camera/world/agv1_confidence,1789203130.6874962,1789203130.6874962,0.6124
/camera/world/agv2_confidence,1789203130.6876616,1789203130.6876616,0.6157
/camera/world/agv3_confidence,1789203130.687898,1789203130.687898,0.618
/camera/world/agv1_confidence,1789203130.7181525,1789203130.7181525,0.6133
/camera/world/agv2_confidence,1789203130.7183745,1789203130.7183745,0.6166
/camera/world/agv3_confidence,1789203130.7183895,1789203130.7183895,0.6163
/camera/world/agv1_confidence,1789203130.7535057,1789203130.7535057,0.6116
/camera/world/agv3_confidence,1789203130.75355,1789203130.75355,0.6108
/camera/world/agv2_confidence,1789203130.753559,1789203130.753559,0.6163
/camera/world/agv1_confidence,1789203130.7806273,1789203130.7806273,0.6162
/camera/world/agv3_confidence,1789203130.7806807,1789203130.7806807,0.6122
/camera/world/agv2_confidence,1789203130.7808022,1789203130.7808022,0.6162
/camera/world/agv1_confidence,1789203130.833116,1789203130.833116,0.6139
/camera/world/agv3_confidence,1789203130.8332593,1789203130.8332593,0.6134
/camera/world/agv2_confidence,1789203130.8333342,1789203130.8333342,0.6142
/camera/world/agv2_confidence,1789203130.8526087,1789203130.8526087,0.6143
/camera/world/agv3_confidence,1789203130.85265,1789203130.85265,0.6159
/camera/world/agv1_confidence,1789203130.8526704,1789203130.8526704,0.588
/camera/world/agv3_confidence,1789203130.8913262,1789203130.8913262,0.6139
/camera/world/agv2_confidence,1789203130.891336,1789203130.891336,0.6161
/camera/world/agv1_confidence,1789203130.8915346,1789203130.8915346,0.5933
/camera/world/agv2_confidence,1789203130.9225788,1789203130.9225788,0.6162
/camera/world/agv3_confidence,1789203130.922665,1789203130.922665,0.617
/camera/world/agv1_confidence,1789203130.9227092,1789203130.9227092,0.6121
/camera/world/agv1_confidence,1789203130.9540632,1789203130.9540632,0.6077
/camera/world/agv2_confidence,1789203130.954084,1789203130.954084,0.6167
/camera/world/agv3_confidence,1789203130.954086,1789203130.954086,0.616
/camera/world/agv2_confidence,1789203130.9843583,1789203130.9843583,0.6143
/camera/world/agv3_confidence,1789203130.984428,1789203130.984428,0.614
/camera/world/agv1_confidence,1789203130.9845915,1789203130.9845915,0.6151
/camera/world/agv3_confidence,1789203131.0146282,1789203131.0146282,0.6171
/camera/world/agv2_confidence,1789203131.014634,1789203131.014634,0.6146
/camera/world/agv1_confidence,1789203131.0146892,1789203131.0146892,0.6124
/camera/world/agv2_confidence,1789203131.0571544,1789203131.0571544,0.6162
/camera/world/agv1_confidence,1789203131.057207,1789203131.057207,0.6103
/camera/world/agv3_confidence,1789203131.057356,1789203131.057356,0.6175
/camera/world/agv1_confidence,1789203131.0952146,1789203131.0952146,0.6124
/camera/world/agv2_confidence,1789203131.0955403,1789203131.0955403,0.6155
/camera/world/agv3_confidence,1789203131.0955553,1789203131.0955553,0.6178
/camera/world/agv1_confidence,1789203131.115013,1789203131.115013,0.6157
/camera/world/agv2_confidence,1789203131.1151083,1789203131.1151083,0.6145
/camera/world/agv3_confidence,1789203131.1154013,1789203131.1154013,0.6152
/camera/world/agv1_confidence,1789203131.1589444,1789203131.1589444,0.612
/camera/world/agv2_confidence,1789203131.1591802,1789203131.1591802,0.6155
/camera/world/agv3_confidence,1789203131.1593661,1789203131.1593661,0.6151
/camera/world/agv1_confidence,1789203131.186563,1789203131.186563,0.6164
/camera/world/agv3_confidence,1789203131.1867192,1789203131.1867192,0.6153
/camera/world/agv2_confidence,1789203131.1867735,1789203131.1867735,0.616
/camera/world/agv2_confidence,1789203131.2187762,1789203131.2187762,0.6142
/camera/world/agv1_confidence,1789203131.2188466,1789203131.2188466,0.6101
/camera/world/agv3_confidence,1789203131.218905,1789203131.218905,0.6176
/camera/world/agv2_confidence,1789203131.250328,1789203131.250328,0.6165
/camera/world/agv1_confidence,1789203131.250558,1789203131.250558,0.6154
/camera/world/agv3_confidence,1789203131.2505631,1789203131.2505631,0.6145
/camera/world/agv2_confidence,1789203131.2896585,1789203131.2896585,0.6156
/camera/world/agv1_confidence,1789203131.2897117,1789203131.2897117,0.6149
/camera/world/agv3_confidence,1789203131.2897243,1789203131.2897243,0.6175
/camera/world/agv1_confidence,1789203131.3224301,1789203131.3224301,0.6132
/camera/world/agv2_confidence,1789203131.3224587,1789203131.3224587,0.613
/camera/world/agv3_confidence,1789203131.322692,1789203131.322692,0.6153
/camera/world/agv1_confidence,1789203131.3497055,1789203131.3497055,0.612
/camera/world/agv3_confidence,1789203131.3497927,1789203131.3497927,0.6133
/camera/world/agv2_confidence,1789203131.349953,1789203131.349953,0.6147
/camera/world/agv1_confidence,1789203131.3812764,1789203131.3812764,0.6134
/camera/world/agv2_confidence,1789203131.3812926,1789203131.3812926,0.6157
/camera/world/agv3_confidence,1789203131.381309,1789203131.381309,0.6139
/camera/world/agv3_confidence,1789203131.4221666,1789203131.4221666,0.6134
/camera/world/agv1_confidence,1789203131.4221778,1789203131.4221778,0.6124
/camera/world/agv2_confidence,1789203131.4222455,1789203131.4222455,0.6166
/camera/world/agv2_confidence,1789203131.4517007,1789203131.4517007,0.6166
/camera/world/agv1_confidence,1789203131.4517171,1789203131.4517171,0.6139
/camera/world/agv3_confidence,1789203131.4517298,1789203131.4517298,0.6151
/camera/world/agv1_confidence,1789203131.493452,1789203131.493452,0.6128
/camera/world/agv2_confidence,1789203131.4936538,1789203131.4936538,0.6151
/camera/world/agv3_confidence,1789203131.4936848,1789203131.4936848,0.6157
/camera/world/agv2_confidence,1789203131.512827,1789203131.512827,0.6174
/camera/world/agv3_confidence,1789203131.5128741,1789203131.5128741,0.6125
/camera/world/agv1_confidence,1789203131.5128891,1789203131.5128891,0.6076
/camera/world/agv3_confidence,1789203131.5541742,1789203131.5541742,0.6137
/camera/world/agv1_confidence,1789203131.5541847,1789203131.5541847,0.6015
/camera/world/agv2_confidence,1789203131.5543787,1789203131.5543787,0.6143
/camera/world/agv1_confidence,1789203131.5937524,1789203131.5937524,0.6101
/camera/world/agv2_confidence,1789203131.5938344,1789203131.5938344,0.6173
/camera/world/agv3_confidence,1789203131.5940928,1789203131.5940928,0.6155
/camera/world/agv3_confidence,1789203131.6231036,1789203131.6231036,0.6154
/camera/world/agv1_confidence,1789203131.6231081,1789203131.6231081,0.6119
/camera/world/agv2_confidence,1789203131.623126,1789203131.623126,0.6166
/camera/world/agv1_confidence,1789203131.6546457,1789203131.6546457,0.6111
/camera/world/agv2_confidence,1789203131.6547165,1789203131.6547165,0.6137
/camera/world/agv3_confidence,1789203131.6547465,1789203131.6547465,0.6127
/camera/world/agv2_confidence,1789203131.6860015,1789203131.6860015,0.6157
/camera/world/agv1_confidence,1789203131.6860065,1789203131.6860065,0.6122
/camera/world/agv3_confidence,1789203131.6861506,1789203131.6861506,0.6139
/camera/world/agv1_confidence,1789203131.7132497,1789203131.7132497,0.5899
/camera/world/agv2_confidence,1789203131.7133973,1789203131.7133973,0.6175
/camera/world/agv3_confidence,1789203131.713459,1789203131.713459,0.6176
/camera/world/agv1_confidence,1789203131.754965,1789203131.754965,0.615
/camera/world/agv3_confidence,1789203131.7550824,1789203131.7550824,0.6173
/camera/world/agv2_confidence,1789203131.7550938,1789203131.7550938,0.6172
/camera/world/agv2_confidence,1789203131.7969296,1789203131.7969296,0.6141
/camera/world/agv3_confidence,1789203131.7970006,1789203131.7970006,0.6178
/camera/world/agv1_confidence,1789203131.797041,1789203131.797041,0.6093
/camera/world/agv1_confidence,1789203131.8179934,1789203131.8179934,0.6067
/camera/world/agv2_confidence,1789203131.818162,1789203131.818162,0.6163
/camera/world/agv3_confidence,1789203131.8183172,1789203131.8183172,0.6136
/camera/world/agv3_confidence,1789203131.8618462,1789203131.8618462,0.6136
/camera/world/agv1_confidence,1789203131.8619075,1789203131.8619075,0.5814
/camera/world/agv2_confidence,1789203131.861928,1789203131.861928,0.6159
/camera/world/agv2_confidence,1789203131.8821151,1789203131.8821151,0.6159
/camera/world/agv1_confidence,1789203131.8821335,1789203131.8821335,0.6099
/camera/world/agv3_confidence,1789203131.882237,1789203131.882237,0.6166
/camera/world/agv1_confidence,1789203131.9200237,1789203131.9200237,0.6112
/camera/world/agv2_confidence,1789203131.9201834,1789203131.9201834,0.6169
/camera/world/agv3_confidence,1789203131.920369,1789203131.920369,0.617
/camera/world/agv1_confidence,1789203131.963904,1789203131.963904,0.613
/camera/world/agv2_confidence,1789203131.9639103,1789203131.9639103,0.6151
/camera/world/agv3_confidence,1789203131.9641056,1789203131.9641056,0.6155
/camera/world/agv1_confidence,1789203131.9828248,1789203131.9828248,0.6118
/camera/world/agv3_confidence,1789203131.9830277,1789203131.9830277,0.6154
/camera/world/agv2_confidence,1789203131.9830332,1789203131.9830332,0.6158
/camera/world/agv1_confidence,1789203132.022254,1789203132.022254,0.6133
/camera/world/agv3_confidence,1789203132.0222805,1789203132.0222805,0.617
/camera/world/agv2_confidence,1789203132.0223024,1789203132.0223024,0.6161
/camera/world/agv1_confidence,1789203132.0633597,1789203132.0633597,0.6122
/camera/world/agv2_confidence,1789203132.0636117,1789203132.0636117,0.6168
/camera/world/agv3_confidence,1789203132.0641215,1789203132.0641215,0.6178
/camera/world/agv1_confidence,1789203132.0855467,1789203132.0855467,0.6131
/camera/world/agv3_confidence,1789203132.0858352,1789203132.0858352,0.6183
/camera/world/agv2_confidence,1789203132.086015,1789203132.086015,0.6163
/camera/world/agv2_confidence,1789203132.1150713,1789203132.1150713,0.6161
/camera/world/agv1_confidence,1789203132.1150846,1789203132.1150846,0.614
/camera/world/agv3_confidence,1789203132.1153023,1789203132.1153023,0.617
/camera/world/agv1_confidence,1789203132.1459146,1789203132.1459146,0.5478
/camera/world/agv2_confidence,1789203132.1460893,1789203132.1460893,0.6166
/camera/world/agv3_confidence,1789203132.146111,1789203132.146111,0.6188
/camera/world/agv1_confidence,1789203132.182328,1789203132.182328,0.6105
/camera/world/agv2_confidence,1789203132.182434,1789203132.182434,0.6174
/camera/world/agv3_confidence,1789203132.1825588,1789203132.1825588,0.618
/camera/world/agv2_confidence,1789203132.2269206,1789203132.2269206,0.5847
/camera/world/agv3_confidence,1789203132.2270942,1789203132.2270942,0.6165
/camera/world/agv1_confidence,1789203132.2271025,1789203132.2271025,0.6135
/camera/world/agv1_confidence,1789203132.247257,1789203132.247257,0.611
/camera/world/agv3_confidence,1789203132.2472858,1789203132.2472858,0.617
/camera/world/agv2_confidence,1789203132.2475617,1789203132.2475617,0.6155
/camera/world/agv1_confidence,1789203132.2878842,1789203132.2878842,0.6007
/camera/world/agv2_confidence,1789203132.288044,1789203132.288044,0.6167
/camera/world/agv3_confidence,1789203132.288072,1789203132.288072,0.6189
/camera/world/agv1_confidence,1789203132.319458,1789203132.319458,0.6105
/camera/world/agv2_confidence,1789203132.3198383,1789203132.3198383,0.6142
/camera/world/agv3_confidence,1789203132.3200312,1789203132.3200312,0.6182
/camera/world/agv2_confidence,1789203132.351942,1789203132.351942,0.616
/camera/world/agv1_confidence,1789203132.352028,1789203132.352028,0.6156
/camera/world/agv3_confidence,1789203132.3520513,1789203132.3520513,0.6168
/camera/world/agv3_confidence,1789203132.3797398,1789203132.3797398,0.6189
/camera/world/agv1_confidence,1789203132.3797424,1789203132.3797424,0.6116
/camera/world/agv2_confidence,1789203132.3798203,1789203132.3798203,0.6172
/camera/world/agv1_confidence,1789203132.4218576,1789203132.4218576,0.6119
/camera/world/agv2_confidence,1789203132.421927,1789203132.421927,0.6151
/camera/world/agv3_confidence,1789203132.4220805,1789203132.4220805,0.6178
/camera/world/agv3_confidence,1789203132.4518476,1789203132.4518476,0.6177
/camera/world/agv1_confidence,1789203132.4518502,1789203132.4518502,0.5987
/camera/world/agv2_confidence,1789203132.4519274,1789203132.4519274,0.6171
/camera/world/agv1_confidence,1789203132.482502,1789203132.482502,0.6142
/camera/world/agv3_confidence,1789203132.4826903,1789203132.4826903,0.6169
/camera/world/agv2_confidence,1789203132.482709,1789203132.482709,0.6153
/camera/world/agv3_confidence,1789203132.5310962,1789203132.5310962,0.6169
/camera/world/agv1_confidence,1789203132.5311053,1789203132.5311053,0.6134
/camera/world/agv2_confidence,1789203132.5311358,1789203132.5311358,0.6142
/camera/world/agv3_confidence,1789203132.554044,1789203132.554044,0.6168
/camera/world/agv1_confidence,1789203132.554093,1789203132.554093,0.6058
/camera/world/agv2_confidence,1789203132.5542347,1789203132.5542347,0.6156
/camera/world/agv1_confidence,1789203132.5845287,1789203132.5845287,0.5972
/camera/world/agv2_confidence,1789203132.5846922,1789203132.5846922,0.6141
/camera/world/agv3_confidence,1789203132.584794,1789203132.584794,0.6158
/camera/world/agv1_confidence,1789203132.6150892,1789203132.6150892,0.6054
/camera/world/agv3_confidence,1789203132.615207,1789203132.615207,0.6152
/camera/world/agv2_confidence,1789203132.6152415,1789203132.6152415,0.6162
/camera/world/agv2_confidence,1789203132.652996,1789203132.652996,0.613
/camera/world/agv1_confidence,1789203132.6530638,1789203132.6530638,0.6021
/camera/world/agv3_confidence,1789203132.653071,1789203132.653071,0.6148
/camera/world/agv1_confidence,1789203132.6836727,1789203132.6836727,0.6075
/camera/world/agv2_confidence,1789203132.6836853,1789203132.6836853,0.6171
/camera/world/agv3_confidence,1789203132.683723,1789203132.683723,0.6179
/camera/world/agv2_confidence,1789203132.713735,1789203132.713735,0.6153
/camera/world/agv1_confidence,1789203132.7137709,1789203132.7137709,0.6092
/camera/world/agv3_confidence,1789203132.7140179,1789203132.7140179,0.6175
/camera/world/agv2_confidence,1789203132.7540007,1789203132.7540007,0.6147
/camera/world/agv3_confidence,1789203132.754009,1789203132.754009,0.6173
/camera/world/agv1_confidence,1789203132.7541184,1789203132.7541184,0.6095
/camera/world/agv2_confidence,1789203132.790021,1789203132.790021,0.6182
/camera/world/agv1_confidence,1789203132.7901926,1789203132.7901926,0.611
/camera/world/agv3_confidence,1789203132.7902148,1789203132.7902148,0.615
/camera/world/agv1_confidence,1789203132.8187385,1789203132.8187385,0.6106
/camera/world/agv3_confidence,1789203132.818756,1789203132.818756,0.617
/camera/world/agv2_confidence,1789203132.818767,1789203132.818767,0.6142
/camera/world/agv1_confidence,1789203132.8500311,1789203132.8500311,0.6146
/camera/world/agv2_confidence,1789203132.8501468,1789203132.8501468,0.6177
/camera/world/agv3_confidence,1789203132.8501565,1789203132.8501565,0.6167
/camera/world/agv1_confidence,1789203132.8807032,1789203132.8807032,0.612
/camera/world/agv2_confidence,1789203132.880911,1789203132.880911,0.5791
/camera/world/agv3_confidence,1789203132.8810174,1789203132.8810174,0.6164
/camera/world/agv1_confidence,1789203132.9217906,1789203132.9217906,0.582
/camera/world/agv2_confidence,1789203132.9218268,1789203132.9218268,0.616
/camera/world/agv3_confidence,1789203132.9220698,1789203132.9220698,0.6179
/camera/world/agv1_confidence,1789203132.9496813,1789203132.9496813,0.6052
/camera/world/agv3_confidence,1789203132.9498184,1789203132.9498184,0.6175
/camera/world/agv2_confidence,1789203132.9498472,1789203132.9498472,0.6164
/camera/world/agv1_confidence,1789203132.980256,1789203132.980256,0.6095
/camera/world/agv2_confidence,1789203132.9803371,1789203132.9803371,0.6164
/camera/world/agv3_confidence,1789203132.9805274,1789203132.9805274,0.6163
/camera/world/agv1_confidence,1789203133.023819,1789203133.023819,0.5801
/camera/world/agv2_confidence,1789203133.023849,1789203133.023849,0.611
/camera/world/agv3_confidence,1789203133.024041,1789203133.024041,0.619
/camera/world/agv3_confidence,1789203133.0530846,1789203133.0530846,0.6172
/camera/world/agv2_confidence,1789203133.0530956,1789203133.0530956,0.618
/camera/world/agv1_confidence,1789203133.0531604,1789203133.0531604,0.6097
/camera/world/agv1_confidence,1789203133.0836957,1789203133.0836957,0.6086
/camera/world/agv3_confidence,1789203133.0837147,1789203133.0837147,0.6171
/camera/world/agv2_confidence,1789203133.0837467,1789203133.0837467,0.6174
/camera/world/agv2_confidence,1789203133.1145267,1789203133.1145267,0.6151
/camera/world/agv3_confidence,1789203133.1146016,1789203133.1146016,0.6189
/camera/world/agv1_confidence,1789203133.114658,1789203133.114658,0.6089
/camera/world/agv2_confidence,1789203133.1539612,1789203133.1539612,0.6125
/camera/world/agv1_confidence,1789203133.1541135,1789203133.1541135,0.6106
/camera/world/agv3_confidence,1789203133.1541164,1789203133.1541164,0.6187
/camera/world/agv1_confidence,1789203133.1931071,1789203133.1931071,0.6091
/camera/world/agv2_confidence,1789203133.1931884,1789203133.1931884,0.6159
/camera/world/agv3_confidence,1789203133.1932316,1789203133.1932316,0.6185
/camera/world/agv2_confidence,1789203133.2204144,1789203133.2204144,0.616
/camera/world/agv1_confidence,1789203133.2204342,1789203133.2204342,0.6092
/camera/world/agv3_confidence,1789203133.2204723,1789203133.2204723,0.6133
/camera/world/agv2_confidence,1789203133.2513013,1789203133.2513013,0.6132
/camera/world/agv3_confidence,1789203133.251384,1789203133.251384,0.6156
/camera/world/agv1_confidence,1789203133.251432,1789203133.251432,0.6082
/camera/world/agv1_confidence,1789203133.2835977,1789203133.2835977,0.6065
/camera/world/agv2_confidence,1789203133.2837708,1789203133.2837708,0.6167
/camera/world/agv3_confidence,1789203133.283975,1789203133.283975,0.619
/camera/world/agv1_confidence,1789203133.3235059,1789203133.3235059,0.6108
/camera/world/agv3_confidence,1789203133.3235881,1789203133.3235881,0.617
/camera/world/agv2_confidence,1789203133.3236635,1789203133.3236635,0.6153
/camera/world/agv2_confidence,1789203133.366044,1789203133.366044,0.615
/camera/world/agv1_confidence,1789203133.3660488,1789203133.3660488,0.6088
/camera/world/agv3_confidence,1789203133.3662796,1789203133.3662796,0.615
/camera/world/agv1_confidence,1789203133.384435,1789203133.384435,0.6097
/camera/world/agv3_confidence,1789203133.3845263,1789203133.3845263,0.6183
/camera/world/agv2_confidence,1789203133.3847742,1789203133.3847742,0.6166
/camera/world/agv2_confidence,1789203133.4265795,1789203133.4265795,0.6158
/camera/world/agv1_confidence,1789203133.4266331,1789203133.4266331,0.6066
/camera/world/agv3_confidence,1789203133.426648,1789203133.426648,0.6148
/camera/world/agv1_confidence,1789203133.447759,1789203133.447759,0.6088
/camera/world/agv2_confidence,1789203133.4480093,1789203133.4480093,0.6168
/camera/world/agv3_confidence,1789203133.4480689,1789203133.4480689,0.6187
/camera/world/agv1_confidence,1789203133.4871771,1789203133.4871771,0.6084
/camera/world/agv2_confidence,1789203133.4871938,1789203133.4871938,0.5954
/camera/world/agv3_confidence,1789203133.487331,1789203133.487331,0.6181
/camera/world/agv1_confidence,1789203133.528399,1789203133.528399,0.6115
/camera/world/agv3_confidence,1789203133.528403,1789203133.528403,0.6153
/camera/world/agv2_confidence,1789203133.528459,1789203133.528459,0.6156
/camera/world/agv1_confidence,1789203133.5475576,1789203133.5475576,0.6093
/camera/world/agv3_confidence,1789203133.5475647,1789203133.5475647,0.6199
/camera/world/agv2_confidence,1789203133.5475833,1789203133.5475833,0.6165
/camera/world/agv1_confidence,1789203133.5792685,1789203133.5792685,0.6073
/camera/world/agv3_confidence,1789203133.5793447,1789203133.5793447,0.6169
/camera/world/agv2_confidence,1789203133.5794356,1789203133.5794356,0.6133
/camera/world/agv1_confidence,1789203133.6227643,1789203133.6227643,0.6102
/camera/world/agv2_confidence,1789203133.6229558,1789203133.6229558,0.6128
/camera/world/agv3_confidence,1789203133.6230538,1789203133.6230538,0.6166
/camera/world/agv2_confidence,1789203133.650664,1789203133.650664,0.6163
/camera/world/agv1_confidence,1789203133.650721,1789203133.650721,0.6106
/camera/world/agv3_confidence,1789203133.6508687,1789203133.6508687,0.6193
/camera/world/agv1_confidence,1789203133.6828384,1789203133.6828384,0.6083
/camera/world/agv2_confidence,1789203133.682925,1789203133.682925,0.6153
/camera/world/agv3_confidence,1789203133.6830106,1789203133.6830106,0.6178
/camera/world/agv1_confidence,1789203133.7310658,1789203133.7310658,0.5858
/camera/world/agv2_confidence,1789203133.7311933,1789203133.7311933,0.617
/camera/world/agv3_confidence,1789203133.7313218,1789203133.7313218,0.6183
/camera/world/agv1_confidence,1789203133.7525048,1789203133.7525048,0.6124
/camera/world/agv3_confidence,1789203133.752553,1789203133.752553,0.6145
/camera/world/agv2_confidence,1789203133.7525578,1789203133.7525578,0.6142
/camera/world/agv1_confidence,1789203133.779155,1789203133.779155,0.6073
/camera/world/agv3_confidence,1789203133.779323,1789203133.779323,0.6188
/camera/world/agv2_confidence,1789203133.779324,1789203133.779324,0.6177
/camera/world/agv2_confidence,1789203133.8228242,1789203133.8228242,0.6156
/camera/world/agv1_confidence,1789203133.822946,1789203133.822946,0.6085
/camera/world/agv3_confidence,1789203133.8230746,1789203133.8230746,0.6184
/camera/world/agv1_confidence,1789203133.8525844,1789203133.8525844,0.6095
/camera/world/agv3_confidence,1789203133.8526535,1789203133.8526535,0.619
/camera/world/agv2_confidence,1789203133.8526778,1789203133.8526778,0.6161
/camera/world/agv3_confidence,1789203133.8824167,1789203133.8824167,0.6193
/camera/world/agv2_confidence,1789203133.8824196,1789203133.8824196,0.6164
/camera/world/agv1_confidence,1789203133.8825595,1789203133.8825595,0.6062
/camera/world/agv1_confidence,1789203133.9138339,1789203133.9138339,0.6065
/camera/world/agv2_confidence,1789203133.9139159,1789203133.9139159,0.616
/camera/world/agv3_confidence,1789203133.9139698,1789203133.9139698,0.6169
/camera/world/agv1_confidence,1789203133.94661,1789203133.94661,0.6075
/camera/world/agv2_confidence,1789203133.9466374,1789203133.9466374,0.6181
/camera/world/agv3_confidence,1789203133.946851,1789203133.946851,0.6161
/camera/world/agv1_confidence,1789203133.9870572,1789203133.9870572,0.6055
/camera/world/agv2_confidence,1789203133.9873245,1789203133.9873245,0.6161
/camera/world/agv3_confidence,1789203133.9873416,1789203133.9873416,0.6185
/camera/world/agv2_confidence,1789203134.0235584,1789203134.0235584,0.6149
/camera/world/agv1_confidence,1789203134.0235765,1789203134.0235765,0.6042
/camera/world/agv3_confidence,1789203134.023719,1789203134.023719,0.6166
/camera/world/agv1_confidence,1789203134.050472,1789203134.050472,0.6038
/camera/world/agv2_confidence,1789203134.0505924,1789203134.0505924,0.5941
/camera/world/agv3_confidence,1789203134.050604,1789203134.050604,0.6206
/camera/world/agv2_confidence,1789203134.0901995,1789203134.0901995,0.6162
/camera/world/agv1_confidence,1789203134.0902107,1789203134.0902107,0.6089
/camera/world/agv3_confidence,1789203134.0904036,1789203134.0904036,0.6164
/camera/world/agv1_confidence,1789203134.1335351,1789203134.1335351,0.6096
/camera/world/agv3_confidence,1789203134.1337023,1789203134.1337023,0.6193
/camera/world/agv2_confidence,1789203134.1337054,1789203134.1337054,0.6141
/camera/world/agv1_confidence,1789203134.1529355,1789203134.1529355,0.6063
/camera/world/agv2_confidence,1789203134.1530185,1789203134.1530185,0.615
/camera/world/agv3_confidence,1789203134.1532917,1789203134.1532917,0.6186
/camera/world/agv1_confidence,1789203134.1783216,1789203134.1783216,0.6066
/camera/world/agv2_confidence,1789203134.178358,1789203134.178358,0.6125
/camera/world/agv3_confidence,1789203134.1784904,1789203134.1784904,0.617
/camera/world/agv2_confidence,1789203134.2191625,1789203134.2191625,0.6155
/camera/world/agv1_confidence,1789203134.2192893,1789203134.2192893,0.6035
/camera/world/agv3_confidence,1789203134.2197518,1789203134.2197518,0.6184
/camera/world/agv2_confidence,1789203134.2470367,1789203134.2470367,0.6147
/camera/world/agv3_confidence,1789203134.2474391,1789203134.2474391,0.6198
/camera/world/agv1_confidence,1789203134.2474744,1789203134.2474744,0.6083
/camera/world/agv2_confidence,1789203134.2810974,1789203134.2810974,0.6157
/camera/world/agv3_confidence,1789203134.2812216,1789203134.2812216,0.6183
/camera/world/agv1_confidence,1789203134.2812417,1789203134.2812417,0.5845
/camera/world/agv3_confidence,1789203134.3210716,1789203134.3210716,0.6186
/camera/world/agv2_confidence,1789203134.3210979,1789203134.3210979,0.6155
/camera/world/agv1_confidence,1789203134.3211288,1789203134.3211288,0.6054
/camera/world/agv2_confidence,1789203134.361872,1789203134.361872,0.6152
/camera/world/agv1_confidence,1789203134.362024,1789203134.362024,0.5851
/camera/world/agv3_confidence,1789203134.3620348,1789203134.3620348,0.6193
/camera/world/agv1_confidence,1789203134.381913,1789203134.381913,0.608
/camera/world/agv3_confidence,1789203134.382166,1789203134.382166,0.6193
/camera/world/agv2_confidence,1789203134.3822484,1789203134.3822484,0.6155
/camera/world/agv3_confidence,1789203134.4212987,1789203134.4212987,0.6196
/camera/world/agv1_confidence,1789203134.4213152,1789203134.4213152,0.6037
/camera/world/agv2_confidence,1789203134.4215128,1789203134.4215128,0.6167
/camera/world/agv2_confidence,1789203134.4625838,1789203134.4625838,0.6171
/camera/world/agv1_confidence,1789203134.4626584,1789203134.4626584,0.6045
/camera/world/agv3_confidence,1789203134.4627156,1789203134.4627156,0.6218
/camera/world/agv1_confidence,1789203134.4929583,1789203134.4929583,0.5788
/camera/world/agv2_confidence,1789203134.493039,1789203134.493039,0.6118
/camera/world/agv3_confidence,1789203134.4931858,1789203134.4931858,0.6203
/camera/world/agv3_confidence,1789203134.5138862,1789203134.5138862,0.618
/camera/world/agv1_confidence,1789203134.5138922,1789203134.5138922,0.6072
/camera/world/agv2_confidence,1789203134.5139568,1789203134.5139568,0.6161
/camera/world/agv3_confidence,1789203134.5442119,1789203134.5442119,0.6194
/camera/world/agv1_confidence,1789203134.54425,1789203134.54425,0.6063
/camera/world/agv2_confidence,1789203134.5443063,1789203134.5443063,0.6124
/camera/world/agv1_confidence,1789203134.5865173,1789203134.5865173,0.606
/camera/world/agv2_confidence,1789203134.5866318,1789203134.5866318,0.6152
/camera/world/agv3_confidence,1789203134.5866675,1789203134.5866675,0.6211
/camera/world/agv3_confidence,1789203134.6190803,1789203134.6190803,0.6212
/camera/world/agv1_confidence,1789203134.6192164,1789203134.6192164,0.6103
/camera/world/agv2_confidence,1789203134.619241,1789203134.619241,0.6128
/camera/world/agv1_confidence,1789203134.6661344,1789203134.6661344,0.6038
/camera/world/agv2_confidence,1789203134.6661785,1789203134.6661785,0.611
/camera/world/agv3_confidence,1789203134.6662846,1789203134.6662846,0.6179
/camera/world/agv1_confidence,1789203134.6849227,1789203134.6849227,0.6003
/camera/world/agv2_confidence,1789203134.6849382,1789203134.6849382,0.615
/camera/world/agv3_confidence,1789203134.6850343,1789203134.6850343,0.62
/camera/world/agv1_confidence,1789203134.7241023,1789203134.7241023,0.6076
/camera/world/agv2_confidence,1789203134.724157,1789203134.724157,0.6151
/camera/world/agv3_confidence,1789203134.7242012,1789203134.7242012,0.6173
/camera/world/agv2_confidence,1789203134.7531314,1789203134.7531314,0.6155
/camera/world/agv3_confidence,1789203134.753135,1789203134.753135,0.6197
/camera/world/agv1_confidence,1789203134.7531703,1789203134.7531703,0.6081
/camera/world/agv2_confidence,1789203134.7837791,1789203134.7837791,0.6157
/camera/world/agv1_confidence,1789203134.7838318,1789203134.7838318,0.6086
/camera/world/agv3_confidence,1789203134.7838497,1789203134.7838497,0.6202
/camera/world/agv1_confidence,1789203134.8137372,1789203134.8137372,0.6024
/camera/world/agv3_confidence,1789203134.8137388,1789203134.8137388,0.6167
/camera/world/agv2_confidence,1789203134.8137708,1789203134.8137708,0.6172
/camera/world/agv1_confidence,1789203134.85466,1789203134.85466,0.6065
/camera/world/agv2_confidence,1789203134.854714,1789203134.854714,0.6138
/camera/world/agv3_confidence,1789203134.8547857,1789203134.8547857,0.6173
/camera/world/agv2_confidence,1789203134.8847475,1789203134.8847475,0.6105
/camera/world/agv3_confidence,1789203134.8847547,1789203134.8847547,0.6181
/camera/world/agv1_confidence,1789203134.8847644,1789203134.8847644,0.5974
/camera/world/agv2_confidence,1789203134.9264603,1789203134.9264603,0.6076
/camera/world/agv3_confidence,1789203134.9265146,1789203134.9265146,0.6192
/camera/world/agv1_confidence,1789203134.9265664,1789203134.9265664,0.6064
/camera/world/agv1_confidence,1789203134.9464028,1789203134.9464028,0.5723
/camera/world/agv2_confidence,1789203134.946408,1789203134.946408,0.5943
/camera/world/agv3_confidence,1789203134.9467437,1789203134.9467437,0.6213
/camera/world/agv2_confidence,1789203134.9865026,1789203134.9865026,0.6126
/camera/world/agv3_confidence,1789203134.986669,1789203134.986669,0.6191
/camera/world/agv1_confidence,1789203134.9867897,1789203134.9867897,0.554
/camera/world/agv2_confidence,1789203135.0276535,1789203135.0276535,0.6143
/camera/world/agv3_confidence,1789203135.0277314,1789203135.0277314,0.6185
/camera/world/agv1_confidence,1789203135.0278072,1789203135.0278072,0.6075
/camera/world/agv1_confidence,1789203135.0524075,1789203135.0524075,0.6012
/camera/world/agv2_confidence,1789203135.052582,1789203135.052582,0.6174
/camera/world/agv3_confidence,1789203135.0526552,1789203135.0526552,0.6194
/camera/world/agv1_confidence,1789203135.0894845,1789203135.0894845,0.5835
/camera/world/agv3_confidence,1789203135.0895362,1789203135.0895362,0.6182
/camera/world/agv2_confidence,1789203135.0895681,1789203135.0895681,0.6134
/camera/world/agv1_confidence,1789203135.1205156,1789203135.1205156,0.6034
/camera/world/agv3_confidence,1789203135.1207552,1789203135.1207552,0.6179
/camera/world/agv2_confidence,1789203135.1208293,1789203135.1208293,0.615
/camera/world/agv1_confidence,1789203135.1534765,1789203135.1534765,0.6016
/camera/world/agv3_confidence,1789203135.1534984,1789203135.1534984,0.6195
/camera/world/agv2_confidence,1789203135.1535153,1789203135.1535153,0.6148
/camera/world/agv3_confidence,1789203135.1804607,1789203135.1804607,0.6187
/camera/world/agv1_confidence,1789203135.1804893,1789203135.1804893,0.6027
/camera/world/agv2_confidence,1789203135.1805303,1789203135.1805303,0.6124
/camera/world/agv1_confidence,1789203135.2142067,1789203135.2142067,0.6027
/camera/world/agv3_confidence,1789203135.2142975,1789203135.2142975,0.6161
/camera/world/agv2_confidence,1789203135.2143285,1789203135.2143285,0.6093
/camera/world/agv1_confidence,1789203135.2541163,1789203135.2541163,0.6007
/camera/world/agv2_confidence,1789203135.2543757,1789203135.2543757,0.6096
/camera/world/agv3_confidence,1789203135.2544003,1789203135.2544003,0.6173
/camera/world/agv2_confidence,1789203135.28677,1789203135.28677,0.6128
/camera/world/agv3_confidence,1789203135.2869203,1789203135.2869203,0.6207
/camera/world/agv1_confidence,1789203135.2869537,1789203135.2869537,0.6005
/camera/world/agv2_confidence,1789203135.3165693,1789203135.3165693,0.6127
/camera/world/agv1_confidence,1789203135.3166573,1789203135.3166573,0.6069
/camera/world/agv3_confidence,1789203135.316663,1789203135.316663,0.616
/camera/world/agv1_confidence,1789203135.3467119,1789203135.3467119,0.5937
/camera/world/agv3_confidence,1789203135.3467724,1789203135.3467724,0.6197
/camera/world/agv2_confidence,1789203135.3467953,1789203135.3467953,0.6152
/camera/world/agv2_confidence,1789203135.386747,1789203135.386747,0.6117
/camera/world/agv3_confidence,1789203135.3868265,1789203135.3868265,0.6205
/camera/world/agv1_confidence,1789203135.386846,1789203135.386846,0.5746
/camera/world/agv1_confidence,1789203135.4172401,1789203135.4172401,0.5843
/camera/world/agv2_confidence,1789203135.4172988,1789203135.4172988,0.6133
/camera/world/agv3_confidence,1789203135.4174876,1789203135.4174876,0.6178
/camera/world/agv3_confidence,1789203135.4461455,1789203135.4461455,0.6176
/camera/world/agv2_confidence,1789203135.4461675,1789203135.4461675,0.6143
/camera/world/agv1_confidence,1789203135.4463906,1789203135.4463906,0.6067
/camera/world/agv1_confidence,1789203135.487434,1789203135.487434,0.5981
/camera/world/agv2_confidence,1789203135.487504,1789203135.487504,0.6122
/camera/world/agv3_confidence,1789203135.4877496,1789203135.4877496,0.6196
/camera/world/agv1_confidence,1789203135.5198574,1789203135.5198574,0.5949
/camera/world/agv2_confidence,1789203135.52004,1789203135.52004,0.6129
/camera/world/agv3_confidence,1789203135.5201087,1789203135.5201087,0.6171
/camera/world/agv1_confidence,1789203135.5498655,1789203135.5498655,0.5965
/camera/world/agv2_confidence,1789203135.549914,1789203135.549914,0.6122
/camera/world/agv3_confidence,1789203135.5501235,1789203135.5501235,0.6183
/camera/world/agv3_confidence,1789203135.5807436,1789203135.5807436,0.6195
/camera/world/agv1_confidence,1789203135.5807838,1789203135.5807838,0.5961
/camera/world/agv2_confidence,1789203135.580864,1789203135.580864,0.6106
/camera/world/agv3_confidence,1789203135.612354,1789203135.612354,0.6172
/camera/world/agv1_confidence,1789203135.6123588,1789203135.6123588,0.5851
/camera/world/agv2_confidence,1789203135.6123705,1789203135.6123705,0.6109
/camera/world/agv2_confidence,1789203135.6652029,1789203135.6652029,0.6142
/camera/world/agv3_confidence,1789203135.665228,1789203135.665228,0.6207
/camera/world/agv1_confidence,1789203135.6652377,1789203135.6652377,0.5874
/camera/world/agv2_confidence,1789203135.699145,1789203135.699145,0.6148
/camera/world/agv1_confidence,1789203135.699148,1789203135.699148,0.5803
/camera/world/agv3_confidence,1789203135.6991482,1789203135.6991482,0.6165
/camera/world/agv2_confidence,1789203135.7235243,1789203135.7235243,0.5834
/camera/world/agv3_confidence,1789203135.7235525,1789203135.7235525,0.6197
/camera/world/agv1_confidence,1789203135.7236123,1789203135.7236123,0.5927
/camera/world/agv1_confidence,1789203135.7498024,1789203135.7498024,0.5651
/camera/world/agv2_confidence,1789203135.750079,1789203135.750079,0.6149
/camera/world/agv3_confidence,1789203135.7500818,1789203135.7500818,0.6169
/camera/world/agv2_confidence,1789203135.7899654,1789203135.7899654,0.6106
/camera/world/agv1_confidence,1789203135.789984,1789203135.789984,0.5524
/camera/world/agv3_confidence,1789203135.7902806,1789203135.7902806,0.6193
/camera/world/agv1_confidence,1789203135.8381295,1789203135.8381295,0.5984
/camera/world/agv2_confidence,1789203135.8382533,1789203135.8382533,0.6096
/camera/world/agv3_confidence,1789203135.8386385,1789203135.8386385,0.6186
/camera/world/agv1_confidence,1789203135.8519826,1789203135.8519826,0.6019
/camera/world/agv2_confidence,1789203135.8521066,1789203135.8521066,0.6135
/camera/world/agv3_confidence,1789203135.85227,1789203135.85227,0.6191
/camera/world/agv2_confidence,1789203135.8945775,1789203135.8945775,0.6127
/camera/world/agv3_confidence,1789203135.8946881,1789203135.8946881,0.6155
/camera/world/agv1_confidence,1789203135.8947005,1789203135.8947005,0.5704
/camera/world/agv1_confidence,1789203135.9256828,1789203135.9256828,0.5934
/camera/world/agv2_confidence,1789203135.9259245,1789203135.9259245,0.6155
/camera/world/agv3_confidence,1789203135.9259837,1789203135.9259837,0.6164
/camera/world/agv2_confidence,1789203135.9621272,1789203135.9621272,0.6116
/camera/world/agv1_confidence,1789203135.9621305,1789203135.9621305,0.5993
/camera/world/agv3_confidence,1789203135.9622302,1789203135.9622302,0.6166
/camera/world/agv1_confidence,1789203135.9824326,1789203135.9824326,0.5956
/camera/world/agv2_confidence,1789203135.9828205,1789203135.9828205,0.612
/camera/world/agv3_confidence,1789203135.982838,1789203135.982838,0.618
/camera/world/agv2_confidence,1789203136.012811,1789203136.012811,0.6116
/camera/world/agv1_confidence,1789203136.0130563,1789203136.0130563,0.5961
/camera/world/agv3_confidence,1789203136.013071,1789203136.013071,0.6206
/camera/world/agv2_confidence,1789203136.054782,1789203136.054782,0.6117
/camera/world/agv3_confidence,1789203136.0548341,1789203136.0548341,0.6179
/camera/world/agv1_confidence,1789203136.0548675,1789203136.0548675,0.5972
/camera/world/agv2_confidence,1789203136.0836823,1789203136.0836823,0.6132
/camera/world/agv3_confidence,1789203136.0837202,1789203136.0837202,0.6166
/camera/world/agv1_confidence,1789203136.0837426,1789203136.0837426,0.591
/camera/world/agv1_confidence,1789203136.1256654,1789203136.1256654,0.5981
/camera/world/agv3_confidence,1789203136.125842,1789203136.125842,0.6187
/camera/world/agv2_confidence,1789203136.125942,1789203136.125942,0.6138
/camera/world/agv1_confidence,1789203136.1543076,1789203136.1543076,0.5826
/camera/world/agv2_confidence,1789203136.1544735,1789203136.1544735,0.6128
/camera/world/agv3_confidence,1789203136.1546597,1789203136.1546597,0.6177
/camera/world/agv2_confidence,1789203136.1851358,1789203136.1851358,0.6123
/camera/world/agv1_confidence,1789203136.1851945,1789203136.1851945,0.5813
/camera/world/agv3_confidence,1789203136.1854265,1789203136.1854265,0.6188
/camera/world/agv2_confidence,1789203136.2186427,1789203136.2186427,0.5792
/camera/world/agv1_confidence,1789203136.2186534,1789203136.2186534,0.5932
/camera/world/agv3_confidence,1789203136.218822,1789203136.218822,0.6201
/camera/world/agv1_confidence,1789203136.247946,1789203136.247946,0.597
/camera/world/agv2_confidence,1789203136.2481194,1789203136.2481194,0.6136
/camera/world/agv3_confidence,1789203136.2482157,1789203136.2482157,0.6193
/camera/world/agv1_confidence,1789203136.282832,1789203136.282832,0.5974
/camera/world/agv2_confidence,1789203136.2829869,1789203136.2829869,0.6111
/camera/world/agv3_confidence,1789203136.2830937,1789203136.2830937,0.6147
/camera/world/agv1_confidence,1789203136.312265,1789203136.312265,0.5975
/camera/world/agv3_confidence,1789203136.3123267,1789203136.3123267,0.62
/camera/world/agv2_confidence,1789203136.3123398,1789203136.3123398,0.611
/camera/world/agv1_confidence,1789203136.3648248,1789203136.3648248,0.598
/camera/world/agv2_confidence,1789203136.3648279,1789203136.3648279,0.6059
/camera/world/agv3_confidence,1789203136.3651125,1789203136.3651125,0.6198
/camera/world/agv1_confidence,1789203136.3828096,1789203136.3828096,0.5956
/camera/world/agv2_confidence,1789203136.3828132,1789203136.3828132,0.6102
/camera/world/agv3_confidence,1789203136.3829315,1789203136.3829315,0.617
/camera/world/agv1_confidence,1789203136.4131541,1789203136.4131541,0.5983
/camera/world/agv2_confidence,1789203136.4131587,1789203136.4131587,0.6113
/camera/world/agv3_confidence,1789203136.4135208,1789203136.4135208,0.6198
/camera/world/agv1_confidence,1789203136.4470754,1789203136.4470754,0.5964
/camera/world/agv3_confidence,1789203136.447092,1789203136.447092,0.6154
/camera/world/agv2_confidence,1789203136.4471216,1789203136.4471216,0.6141
/camera/world/agv2_confidence,1789203136.4884558,1789203136.4884558,0.6098
/camera/world/agv1_confidence,1789203136.4884672,1789203136.4884672,0.5909
/camera/world/agv3_confidence,1789203136.4886742,1789203136.4886742,0.6163
/camera/world/agv3_confidence,1789203136.5186307,1789203136.5186307,0.6194
/camera/world/agv2_confidence,1789203136.5187523,1789203136.5187523,0.6124
/camera/world/agv1_confidence,1789203136.5187578,1789203136.5187578,0.5984
/camera/world/agv1_confidence,1789203136.5509944,1789203136.5509944,0.588
/camera/world/agv2_confidence,1789203136.5510867,1789203136.5510867,0.6109
/camera/world/agv3_confidence,1789203136.5512772,1789203136.5512772,0.6174
/camera/world/agv2_confidence,1789203136.5829468,1789203136.5829468,0.6047
/camera/world/agv1_confidence,1789203136.5829716,1789203136.5829716,0.5956
/camera/world/agv3_confidence,1789203136.5832007,1789203136.5832007,0.6178
/camera/world/agv1_confidence,1789203136.6147983,1789203136.6147983,0.5802
/camera/world/agv2_confidence,1789203136.6150622,1789203136.6150622,0.614
/camera/world/agv3_confidence,1789203136.6151066,1789203136.6151066,0.6169
/camera/world/agv1_confidence,1789203136.6650443,1789203136.6650443,0.5943
/camera/world/agv3_confidence,1789203136.6653073,1789203136.6653073,0.6169
/camera/world/agv2_confidence,1789203136.6653905,1789203136.6653905,0.6104
/camera/world/agv1_confidence,1789203136.6849542,1789203136.6849542,0.5892
/camera/world/agv2_confidence,1789203136.6849825,1789203136.6849825,0.6119
/camera/world/agv3_confidence,1789203136.6850557,1789203136.6850557,0.6203
/camera/world/agv1_confidence,1789203136.7199364,1789203136.7199364,0.584
/camera/world/agv2_confidence,1789203136.7199798,1789203136.7199798,0.6158
/camera/world/agv3_confidence,1789203136.7200046,1789203136.7200046,0.6151
/camera/world/agv1_confidence,1789203136.7572398,1789203136.7572398,0.5895
/camera/world/agv2_confidence,1789203136.7572875,1789203136.7572875,0.6068
/camera/world/agv3_confidence,1789203136.7572927,1789203136.7572927,0.618
/camera/world/agv1_confidence,1789203136.792541,1789203136.792541,0.5941
/camera/world/agv2_confidence,1789203136.7926898,1789203136.7926898,0.5995
/camera/world/agv3_confidence,1789203136.792876,1789203136.792876,0.6174
/camera/world/agv1_confidence,1789203136.8159862,1789203136.8159862,0.6055
/camera/world/agv3_confidence,1789203136.816152,1789203136.816152,0.6185
/camera/world/agv2_confidence,1789203136.8161745,1789203136.8161745,0.61
/camera/world/agv2_confidence,1789203136.851281,1789203136.851281,0.6108
/camera/world/agv1_confidence,1789203136.8512936,1789203136.8512936,0.5851
/camera/world/agv3_confidence,1789203136.851549,1789203136.851549,0.6189
/camera/world/agv2_confidence,1789203136.8848872,1789203136.8848872,0.6134
/camera/world/agv1_confidence,1789203136.8850057,1789203136.8850057,0.5942
/camera/world/agv3_confidence,1789203136.8850877,1789203136.8850877,0.6202
/camera/world/agv3_confidence,1789203136.9182801,1789203136.9182801,0.6174
/camera/world/agv2_confidence,1789203136.91843,1789203136.91843,0.6134
/camera/world/agv1_confidence,1789203136.9184453,1789203136.9184453,0.5948
/camera/world/agv2_confidence,1789203136.9530787,1789203136.9530787,0.6102
/camera/world/agv3_confidence,1789203136.9531724,1789203136.9531724,0.6199
/camera/world/agv1_confidence,1789203136.953233,1789203136.953233,0.5884
/camera/world/agv2_confidence,1789203136.9835906,1789203136.9835906,0.6099
/camera/world/agv1_confidence,1789203136.9836605,1789203136.9836605,0.576
/camera/world/agv3_confidence,1789203136.9837964,1789203136.9837964,0.6178
/camera/world/agv1_confidence,1789203137.0138316,1789203137.0138316,0.5894
/camera/world/agv2_confidence,1789203137.0139875,1789203137.0139875,0.6103
/camera/world/agv3_confidence,1789203137.0140893,1789203137.0140893,0.6202
/camera/world/agv2_confidence,1789203137.0546384,1789203137.0546384,0.6092
/camera/world/agv1_confidence,1789203137.0546727,1789203137.0546727,0.5875
/camera/world/agv3_confidence,1789203137.0547552,1789203137.0547552,0.6156
/camera/world/agv1_confidence,1789203137.0958247,1789203137.0958247,0.5948
/camera/world/agv3_confidence,1789203137.0961814,1789203137.0961814,0.6168
/camera/world/agv2_confidence,1789203137.0962625,1789203137.0962625,0.6113
/camera/world/agv1_confidence,1789203137.1182566,1789203137.1182566,0.5947
/camera/world/agv3_confidence,1789203137.1185277,1789203137.1185277,0.6157
/camera/world/agv2_confidence,1789203137.1185448,1789203137.1185448,0.6116
/camera/world/agv1_confidence,1789203137.1493824,1789203137.1493824,0.5812
/camera/world/agv2_confidence,1789203137.149528,1789203137.149528,0.6105
/camera/world/agv3_confidence,1789203137.1496477,1789203137.1496477,0.6157
/camera/world/agv2_confidence,1789203137.1941307,1789203137.1941307,0.6106
/camera/world/agv1_confidence,1789203137.194223,1789203137.194223,0.6028
/camera/world/agv3_confidence,1789203137.194373,1789203137.194373,0.6152
/camera/world/agv1_confidence,1789203137.218535,1789203137.218535,0.5917
/camera/world/agv2_confidence,1789203137.2187004,1789203137.2187004,0.6132
/camera/world/agv3_confidence,1789203137.2188408,1789203137.2188408,0.6177
/camera/world/agv1_confidence,1789203137.249683,1789203137.249683,0.5881
/camera/world/agv2_confidence,1789203137.2497995,1789203137.2497995,0.6123
/camera/world/agv3_confidence,1789203137.249838,1789203137.249838,0.6143
/camera/world/agv1_confidence,1789203137.282904,1789203137.282904,0.5808
/camera/world/agv2_confidence,1789203137.2830546,1789203137.2830546,0.6111
/camera/world/agv3_confidence,1789203137.2831147,1789203137.2831147,0.6175
/camera/world/agv1_confidence,1789203137.313589,1789203137.313589,0.5841
/camera/world/agv3_confidence,1789203137.313635,1789203137.313635,0.6177
/camera/world/agv2_confidence,1789203137.3136642,1789203137.3136642,0.6111
/camera/world/agv2_confidence,1789203137.3536506,1789203137.3536506,0.6103
/camera/world/agv3_confidence,1789203137.353672,1789203137.353672,0.6146
/camera/world/agv1_confidence,1789203137.3537207,1789203137.3537207,0.5975
/camera/world/agv3_confidence,1789203137.3838394,1789203137.3838394,0.6161
/camera/world/agv1_confidence,1789203137.3839529,1789203137.3839529,0.5978
/camera/world/agv2_confidence,1789203137.3839695,1789203137.3839695,0.6101
/camera/world/agv1_confidence,1789203137.422287,1789203137.422287,0.5868
/camera/world/agv2_confidence,1789203137.4223063,1789203137.4223063,0.6084
/camera/world/agv3_confidence,1789203137.422395,1789203137.422395,0.6192
/camera/world/agv1_confidence,1789203137.4524672,1789203137.4524672,0.5973
/camera/world/agv2_confidence,1789203137.4525213,1789203137.4525213,0.6116
/camera/world/agv3_confidence,1789203137.452841,1789203137.452841,0.6154
/camera/world/agv1_confidence,1789203137.483998,1789203137.483998,0.5634
/camera/world/agv2_confidence,1789203137.484106,1789203137.484106,0.6119
/camera/world/agv3_confidence,1789203137.4843256,1789203137.4843256,0.6172
/camera/world/agv2_confidence,1789203137.5149217,1789203137.5149217,0.6099
/camera/world/agv1_confidence,1789203137.5149255,1789203137.5149255,0.5573
/camera/world/agv3_confidence,1789203137.515081,1789203137.515081,0.6155
/camera/world/agv1_confidence,1789203137.5445364,1789203137.5445364,0.5971
/camera/world/agv3_confidence,1789203137.5446558,1789203137.5446558,0.618
/camera/world/agv2_confidence,1789203137.544712,1789203137.544712,0.612
/camera/world/agv2_confidence,1789203137.5854084,1789203137.5854084,0.6079
/camera/world/agv1_confidence,1789203137.5854115,1789203137.5854115,0.6002
/camera/world/agv3_confidence,1789203137.585513,1789203137.585513,0.6189
/camera/world/agv2_confidence,1789203137.6169803,1789203137.6169803,0.6128
/camera/world/agv1_confidence,1789203137.6170404,1789203137.6170404,0.6063
/camera/world/agv3_confidence,1789203137.6171231,1789203137.6171231,0.6136
/camera/world/agv2_confidence,1789203137.6471868,1789203137.6471868,0.6116
/camera/world/agv1_confidence,1789203137.6471953,1789203137.6471953,0.5946
/camera/world/agv3_confidence,1789203137.6473718,1789203137.6473718,0.6186
/camera/world/agv3_confidence,1789203137.6853726,1789203137.6853726,0.615
/camera/world/agv1_confidence,1789203137.6854603,1789203137.6854603,0.5838
/camera/world/agv2_confidence,1789203137.685522,1789203137.685522,0.6106
/camera/world/agv1_confidence,1789203137.7220547,1789203137.7220547,0.5925
/camera/world/agv3_confidence,1789203137.72208,1789203137.72208,0.6178
/camera/world/agv2_confidence,1789203137.722095,1789203137.722095,0.6075
/camera/world/agv2_confidence,1789203137.7523265,1789203137.7523265,0.6094
/camera/world/agv1_confidence,1789203137.752345,1789203137.752345,0.5963
/camera/world/agv3_confidence,1789203137.7523797,1789203137.7523797,0.6168
/camera/world/agv3_confidence,1789203137.7865224,1789203137.7865224,0.6173
/camera/world/agv2_confidence,1789203137.7865343,1789203137.7865343,0.6122
/camera/world/agv1_confidence,1789203137.7865703,1789203137.7865703,0.5961
/camera/world/agv3_confidence,1789203137.8160474,1789203137.8160474,0.6165
/camera/world/agv2_confidence,1789203137.8160496,1789203137.8160496,0.6071
/camera/world/agv1_confidence,1789203137.816077,1789203137.816077,0.5948
/camera/world/agv1_confidence,1789203137.846427,1789203137.846427,0.5838
/camera/world/agv2_confidence,1789203137.846456,1789203137.846456,0.6083
/camera/world/agv3_confidence,1789203137.846522,1789203137.846522,0.6177
/camera/world/agv1_confidence,1789203137.8884513,1789203137.8884513,0.5726
/camera/world/agv3_confidence,1789203137.8884807,1789203137.8884807,0.6169
/camera/world/agv2_confidence,1789203137.8884962,1789203137.8884962,0.6079
/camera/world/agv2_confidence,1789203137.9198148,1789203137.9198148,0.6076
/camera/world/agv1_confidence,1789203137.919963,1789203137.919963,0.596
/camera/world/agv3_confidence,1789203137.920185,1789203137.920185,0.6164
/camera/world/agv1_confidence,1789203137.9520636,1789203137.9520636,0.5958
/camera/world/agv2_confidence,1789203137.952095,1789203137.952095,0.6101
/camera/world/agv3_confidence,1789203137.9522371,1789203137.9522371,0.6183
/camera/world/agv1_confidence,1789203137.9935977,1789203137.9935977,0.5729
/camera/world/agv2_confidence,1789203137.9936948,1789203137.9936948,0.6095
/camera/world/agv3_confidence,1789203137.9938393,1789203137.9938393,0.6105
/camera/world/agv1_confidence,1789203138.0234814,1789203138.0234814,0.593
/camera/world/agv2_confidence,1789203138.023831,1789203138.023831,0.6061
/camera/world/agv3_confidence,1789203138.0240455,1789203138.0240455,0.6187
/camera/world/agv1_confidence,1789203138.052662,1789203138.052662,0.5806
/camera/world/agv3_confidence,1789203138.052665,1789203138.052665,0.6132
/camera/world/agv2_confidence,1789203138.0527356,1789203138.0527356,0.6088
/camera/world/agv1_confidence,1789203138.0848932,1789203138.0848932,0.6019
/camera/world/agv2_confidence,1789203138.085173,1789203138.085173,0.6094
/camera/world/agv3_confidence,1789203138.0854053,1789203138.0854053,0.6182
/camera/world/agv2_confidence,1789203138.1155128,1789203138.1155128,0.5911
/camera/world/agv1_confidence,1789203138.115518,1789203138.115518,0.5615
/camera/world/agv3_confidence,1789203138.115731,1789203138.115731,0.6151
/camera/world/agv1_confidence,1789203138.159488,1789203138.159488,0.5901
/camera/world/agv3_confidence,1789203138.1596863,1789203138.1596863,0.6172
/camera/world/agv2_confidence,1789203138.1597884,1789203138.1597884,0.6096
/camera/world/agv3_confidence,1789203138.1863105,1789203138.1863105,0.6138
/camera/world/agv1_confidence,1789203138.1863666,1789203138.1863666,0.5864
/camera/world/agv2_confidence,1789203138.1864185,1789203138.1864185,0.5603
/camera/world/agv2_confidence,1789203138.215743,1789203138.215743,0.6076
/camera/world/agv1_confidence,1789203138.2157574,1789203138.2157574,0.5932
/camera/world/agv3_confidence,1789203138.2160184,1789203138.2160184,0.6158
/camera/world/agv1_confidence,1789203138.2470849,1789203138.2470849,0.604
/camera/world/agv2_confidence,1789203138.247133,1789203138.247133,0.5819
/camera/world/agv3_confidence,1789203138.24735,1789203138.24735,0.6171
/camera/world/agv2_confidence,1789203138.2896764,1789203138.2896764,0.6107
/camera/world/agv3_confidence,1789203138.289732,1789203138.289732,0.6164
/camera/world/agv1_confidence,1789203138.2898295,1789203138.2898295,0.5962
/camera/world/agv2_confidence,1789203138.3328893,1789203138.3328893,0.6081
/camera/world/agv1_confidence,1789203138.332945,1789203138.332945,0.5926
/camera/world/agv3_confidence,1789203138.3329458,1789203138.3329458,0.6138
/camera/world/agv3_confidence,1789203138.3499842,1789203138.3499842,0.6121
/camera/world/agv2_confidence,1789203138.3499863,1789203138.3499863,0.6012
/camera/world/agv1_confidence,1789203138.350021,1789203138.350021,0.5848
/camera/world/agv3_confidence,1789203138.386258,1789203138.386258,0.6168
/camera/world/agv2_confidence,1789203138.3862636,1789203138.3862636,0.6042
/camera/world/agv1_confidence,1789203138.386302,1789203138.386302,0.5957
/camera/world/agv1_confidence,1789203138.420403,1789203138.420403,0.5935
/camera/world/agv2_confidence,1789203138.4204357,1789203138.4204357,0.6054
/camera/world/agv3_confidence,1789203138.4204762,1789203138.4204762,0.5945
/camera/world/agv1_confidence,1789203138.4505033,1789203138.4505033,0.6018
/camera/world/agv2_confidence,1789203138.4505825,1789203138.4505825,0.6078
/camera/world/agv3_confidence,1789203138.450693,1789203138.450693,0.6173
/camera/world/agv1_confidence,1789203138.487902,1789203138.487902,0.5962
/camera/world/agv3_confidence,1789203138.4880335,1789203138.4880335,0.6165
/camera/world/agv2_confidence,1789203138.4881032,1789203138.4881032,0.5856
/camera/world/agv3_confidence,1789203138.521,1789203138.521,0.6136
/camera/world/agv1_confidence,1789203138.52101,1789203138.52101,0.5933
/camera/world/agv2_confidence,1789203138.521022,1789203138.521022,0.6047
/camera/world/agv1_confidence,1789203138.5503488,1789203138.5503488,0.5596
/camera/world/agv2_confidence,1789203138.550365,1789203138.550365,0.6096
/camera/world/agv3_confidence,1789203138.5504215,1789203138.5504215,0.615
/camera/world/agv1_confidence,1789203138.582188,1789203138.582188,0.5749
/camera/world/agv3_confidence,1789203138.5822244,1789203138.5822244,0.6166
/camera/world/agv2_confidence,1789203138.5822492,1789203138.5822492,0.6096
/camera/world/agv3_confidence,1789203138.6170254,1789203138.6170254,0.6135
/camera/world/agv1_confidence,1789203138.6170645,1789203138.6170645,0.5935
/camera/world/agv2_confidence,1789203138.617127,1789203138.617127,0.6092
/camera/world/agv1_confidence,1789203138.6524043,1789203138.6524043,0.5503
/camera/world/agv3_confidence,1789203138.6524222,1789203138.6524222,0.6169
/camera/world/agv2_confidence,1789203138.6524305,1789203138.6524305,0.605
/camera/world/agv1_confidence,1789203138.6822019,1789203138.6822019,0.5412
/camera/world/agv2_confidence,1789203138.6823633,1789203138.6823633,0.6046
/camera/world/agv3_confidence,1789203138.682535,1789203138.682535,0.6168
/camera/world/agv1_confidence,1789203138.714488,1789203138.714488,0.5916
/camera/world/agv3_confidence,1789203138.7145255,1789203138.7145255,0.6126
/camera/world/agv2_confidence,1789203138.7145288,1789203138.7145288,0.6043
/camera/world/agv1_confidence,1789203138.7498693,1789203138.7498693,0.5744
/camera/world/agv2_confidence,1789203138.7499573,1789203138.7499573,0.6018
/camera/world/agv3_confidence,1789203138.7500978,1789203138.7500978,0.6159
/camera/world/agv3_confidence,1789203138.7983465,1789203138.7983465,0.6148
/camera/world/agv2_confidence,1789203138.7985666,1789203138.7985666,0.5478
/camera/world/agv1_confidence,1789203138.798625,1789203138.798625,0.6017
/camera/world/agv1_confidence,1789203138.8182647,1789203138.8182647,0.5923
/camera/world/agv2_confidence,1789203138.8183753,1789203138.8183753,0.6051
/camera/world/agv3_confidence,1789203138.818517,1789203138.818517,0.6165
/camera/world/agv1_confidence,1789203138.8476253,1789203138.8476253,0.5594
/camera/world/agv2_confidence,1789203138.8476255,1789203138.8476255,0.6081
/camera/world/agv3_confidence,1789203138.8477783,1789203138.8477783,0.6145
/camera/world/agv1_confidence,1789203138.8875477,1789203138.8875477,0.5952
/camera/world/agv3_confidence,1789203138.887888,1789203138.887888,0.6146
/camera/world/agv2_confidence,1789203138.888026,1789203138.888026,0.608
/camera/world/agv1_confidence,1789203138.9194958,1789203138.9194958,0.5826
/camera/world/agv2_confidence,1789203138.9195237,1789203138.9195237,0.585
/camera/world/agv3_confidence,1789203138.9199862,1789203138.9199862,0.6159
/camera/world/agv1_confidence,1789203138.9510136,1789203138.9510136,0.5793
/camera/world/agv2_confidence,1789203138.9510453,1789203138.9510453,0.6065
/camera/world/agv3_confidence,1789203138.9510577,1789203138.9510577,0.6141
/camera/world/agv1_confidence,1789203138.983485,1789203138.983485,0.5727
/camera/world/agv3_confidence,1789203138.9834912,1789203138.9834912,0.6158
/camera/world/agv2_confidence,1789203138.9834957,1789203138.9834957,0.5881
/camera/world/agv2_confidence,1789203139.0145752,1789203139.0145752,0.6011
/camera/world/agv1_confidence,1789203139.0147197,1789203139.0147197,0.5798
/camera/world/agv3_confidence,1789203139.014766,1789203139.014766,0.613
/camera/world/agv2_confidence,1789203139.056861,1789203139.056861,0.6055
/camera/world/agv1_confidence,1789203139.0568964,1789203139.0568964,0.5955
/camera/world/agv3_confidence,1789203139.0571277,1789203139.0571277,0.6158
/camera/world/agv1_confidence,1789203139.0942903,1789203139.0942903,0.5918
/camera/world/agv2_confidence,1789203139.0942929,1789203139.0942929,0.6071
/camera/world/agv3_confidence,1789203139.0942957,1789203139.0942957,0.615
/camera/world/agv2_confidence,1789203139.117929,1789203139.117929,0.536
/camera/world/agv1_confidence,1789203139.1180506,1789203139.1180506,0.5949
/camera/world/agv3_confidence,1789203139.1181154,1789203139.1181154,0.6153
/camera/world/agv1_confidence,1789203139.150958,1789203139.150958,0.5941
/camera/world/agv2_confidence,1789203139.1512065,1789203139.1512065,0.603
/camera/world/agv3_confidence,1789203139.1512165,1789203139.1512165,0.6109
/camera/world/agv2_confidence,1789203139.1909935,1789203139.1909935,0.6005
/camera/world/agv1_confidence,1789203139.191001,1789203139.191001,0.5721
/camera/world/agv3_confidence,1789203139.1912389,1789203139.1912389,0.6141
/camera/world/agv2_confidence,1789203139.222363,1789203139.222363,0.602
/camera/world/agv1_confidence,1789203139.2223818,1789203139.2223818,0.5862
/camera/world/agv3_confidence,1789203139.2226558,1789203139.2226558,0.6114
/camera/world/agv1_confidence,1789203139.2540758,1789203139.2540758,0.5645
/camera/world/agv2_confidence,1789203139.2544734,1789203139.2544734,0.6008
/camera/world/agv3_confidence,1789203139.2545059,1789203139.2545059,0.6153
/camera/world/agv1_confidence,1789203139.2924607,1789203139.2924607,0.5913
/camera/world/agv2_confidence,1789203139.292462,1789203139.292462,0.5989
/camera/world/agv3_confidence,1789203139.2926903,1789203139.2926903,0.6162
/camera/world/agv1_confidence,1789203139.340726,1789203139.340726,0.5863
/camera/world/agv2_confidence,1789203139.3407717,1789203139.3407717,0.6083
/camera/world/agv3_confidence,1789203139.340804,1789203139.340804,0.6141
/camera/world/agv2_confidence,1789203139.3620315,1789203139.3620315,0.6019
/camera/world/agv1_confidence,1789203139.3620348,1789203139.3620348,0.5703
/camera/world/agv3_confidence,1789203139.362248,1789203139.362248,0.6144
/camera/world/agv2_confidence,1789203139.3793387,1789203139.3793387,0.6045
/camera/world/agv1_confidence,1789203139.3794854,1789203139.3794854,0.573
/camera/world/agv3_confidence,1789203139.3796256,1789203139.3796256,0.6145
/camera/world/agv1_confidence,1789203139.4245207,1789203139.4245207,0.5857
/camera/world/agv3_confidence,1789203139.42474,1789203139.42474,0.6149
/camera/world/agv2_confidence,1789203139.4247632,1789203139.4247632,0.6005
/camera/world/agv1_confidence,1789203139.4637632,1789203139.4637632,0.595
/camera/world/agv2_confidence,1789203139.4637656,1789203139.4637656,0.605
/camera/world/agv3_confidence,1789203139.464197,1789203139.464197,0.6145
/camera/world/agv1_confidence,1789203139.4943898,1789203139.4943898,0.5793
/camera/world/agv2_confidence,1789203139.4946203,1789203139.4946203,0.5956
/camera/world/agv3_confidence,1789203139.4947493,1789203139.4947493,0.6106
/camera/world/agv1_confidence,1789203139.5355933,1789203139.5355933,0.59
/camera/world/agv2_confidence,1789203139.5358813,1789203139.5358813,0.6077
/camera/world/agv3_confidence,1789203139.5358887,1789203139.5358887,0.611
/camera/world/agv2_confidence,1789203139.5547833,1789203139.5547833,0.5965
/camera/world/agv1_confidence,1789203139.5547872,1789203139.5547872,0.5858
/camera/world/agv3_confidence,1789203139.5550616,1789203139.5550616,0.6136
/camera/world/agv2_confidence,1789203139.5949576,1789203139.5949576,0.6001
/camera/world/agv1_confidence,1789203139.594996,1789203139.594996,0.572
/camera/world/agv3_confidence,1789203139.5950267,1789203139.5950267,0.6138
/camera/world/agv2_confidence,1789203139.6161716,1789203139.6161716,0.6065
/camera/world/agv1_confidence,1789203139.6162226,1789203139.6162226,0.5889
/camera/world/agv3_confidence,1789203139.6164832,1789203139.6164832,0.6142
/camera/world/agv2_confidence,1789203139.659317,1789203139.659317,0.6006
/camera/world/agv1_confidence,1789203139.6596107,1789203139.6596107,0.5847
/camera/world/agv3_confidence,1789203139.6596465,1789203139.6596465,0.6129
/camera/world/agv2_confidence,1789203139.7008734,1789203139.7008734,0.5605
/camera/world/agv3_confidence,1789203139.7009988,1789203139.7009988,0.6132
/camera/world/agv1_confidence,1789203139.7011786,1789203139.7011786,0.5829
/camera/world/agv1_confidence,1789203139.726636,1789203139.726636,0.5821
/camera/world/agv2_confidence,1789203139.7266386,1789203139.7266386,0.5849
/camera/world/agv3_confidence,1789203139.7268062,1789203139.7268062,0.5849
/camera/world/agv2_confidence,1789203139.7506711,1789203139.7506711,0.6031
/camera/world/agv3_confidence,1789203139.7507086,1789203139.7507086,0.614
/camera/world/agv1_confidence,1789203139.7508085,1789203139.7508085,0.5952
/camera/world/agv1_confidence,1789203139.7933803,1789203139.7933803,0.5874
/camera/world/agv2_confidence,1789203139.7933943,1789203139.7933943,0.536
/camera/world/agv3_confidence,1789203139.7935362,1789203139.7935362,0.6145
/camera/world/agv2_confidence,1789203139.8214984,1789203139.8214984,0.5749
/camera/world/agv3_confidence,1789203139.8216977,1789203139.8216977,0.6117
/camera/world/agv1_confidence,1789203139.8217297,1789203139.8217297,0.5857
/camera/world/agv1_confidence,1789203139.8606465,1789203139.8606465,0.5897
/camera/world/agv3_confidence,1789203139.8608015,1789203139.8608015,0.5837
/camera/world/agv2_confidence,1789203139.860811,1789203139.860811,0.6067
/camera/world/agv1_confidence,1789203139.891811,1789203139.891811,0.5893
/camera/world/agv3_confidence,1789203139.8919961,1789203139.8919961,0.6131
/camera/world/agv2_confidence,1789203139.8920045,1789203139.8920045,0.5946
/camera/world/agv1_confidence,1789203139.9338179,1789203139.9338179,0.5885
/camera/world/agv2_confidence,1789203139.9339314,1789203139.9339314,0.6067
/camera/world/agv3_confidence,1789203139.9340994,1789203139.9340994,0.6139
/camera/world/agv2_confidence,1789203139.953288,1789203139.953288,0.599
/camera/world/agv3_confidence,1789203139.9533057,1789203139.9533057,0.6129
/camera/world/agv1_confidence,1789203139.9535491,1789203139.9535491,0.5792
/camera/world/agv2_confidence,1789203139.9952703,1789203139.9952703,0.5852
/camera/world/agv3_confidence,1789203139.9953578,1789203139.9953578,0.6157
/camera/world/agv1_confidence,1789203139.9954584,1789203139.9954584,0.589
/camera/world/agv1_confidence,1789203140.0144718,1789203140.0144718,0.5831
/camera/world/agv2_confidence,1789203140.0144916,1789203140.0144916,0.6071
/camera/world/agv3_confidence,1789203140.0146449,1789203140.0146449,0.6103
/camera/world/agv2_confidence,1789203140.0469284,1789203140.0469284,0.6024
/camera/world/agv1_confidence,1789203140.0469375,1789203140.0469375,0.5937
/camera/world/agv3_confidence,1789203140.0471401,1789203140.0471401,0.6121
/camera/world/agv3_confidence,1789203140.0832953,1789203140.0832953,0.6138
/camera/world/agv1_confidence,1789203140.0832958,1789203140.0832958,0.5769
/camera/world/agv2_confidence,1789203140.0833097,1789203140.0833097,0.557
/camera/world/agv1_confidence,1789203140.1184363,1789203140.1184363,0.579
/camera/world/agv2_confidence,1789203140.1186543,1789203140.1186543,0.6007
/camera/world/agv3_confidence,1789203140.1187248,1789203140.1187248,0.6132
/camera/world/agv1_confidence,1789203140.1491716,1789203140.1491716,0.579
/camera/world/agv2_confidence,1789203140.1495507,1789203140.1495507,0.5697
/camera/world/agv3_confidence,1789203140.1495588,1789203140.1495588,0.6138
/camera/world/agv3_confidence,1789203140.1908557,1789203140.1908557,0.6136
/camera/world/agv2_confidence,1789203140.1908886,1789203140.1908886,0.5984
/camera/world/agv1_confidence,1789203140.1909425,1789203140.1909425,0.5777
/camera/world/agv1_confidence,1789203140.2197764,1789203140.2197764,0.5817
/camera/world/agv2_confidence,1789203140.2199135,1789203140.2199135,0.6033
/camera/world/agv3_confidence,1789203140.219986,1789203140.219986,0.6115
/camera/world/agv1_confidence,1789203140.2574418,1789203140.2574418,0.5822
/camera/world/agv2_confidence,1789203140.2575936,1789203140.2575936,0.598
/camera/world/agv3_confidence,1789203140.2576804,1789203140.2576804,0.6131
/camera/world/agv3_confidence,1789203140.283458,1789203140.283458,0.6132
/camera/world/agv2_confidence,1789203140.2834647,1789203140.2834647,0.6028
/camera/world/agv1_confidence,1789203140.2835212,1789203140.2835212,0.5864
/camera/world/agv1_confidence,1789203140.324588,1789203140.324588,0.5901
/camera/world/agv2_confidence,1789203140.324595,1789203140.324595,0.5981
/camera/world/agv3_confidence,1789203140.3248475,1789203140.3248475,0.6148
/camera/world/agv1_confidence,1789203140.3552694,1789203140.3552694,0.5818
/camera/world/agv2_confidence,1789203140.3552735,1789203140.3552735,0.5955
/camera/world/agv3_confidence,1789203140.355574,1789203140.355574,0.6101
/camera/world/agv2_confidence,1789203140.38804,1789203140.38804,0.5792
/camera/world/agv3_confidence,1789203140.388153,1789203140.388153,0.6133
/camera/world/agv1_confidence,1789203140.3884234,1789203140.3884234,0.589
/camera/world/agv3_confidence,1789203140.4230597,1789203140.4230597,0.6142
/camera/world/agv2_confidence,1789203140.423084,1789203140.423084,0.596
/camera/world/agv1_confidence,1789203140.4233553,1789203140.4233553,0.5845
/camera/world/agv1_confidence,1789203140.454682,1789203140.454682,0.596
/camera/world/agv2_confidence,1789203140.454921,1789203140.454921,0.6021
/camera/world/agv3_confidence,1789203140.455101,1789203140.455101,0.6119
/camera/world/agv1_confidence,1789203140.4848692,1789203140.4848692,0.5875
/camera/world/agv2_confidence,1789203140.4849713,1789203140.4849713,0.59
/camera/world/agv3_confidence,1789203140.4850779,1789203140.4850779,0.6128
/camera/world/agv1_confidence,1789203140.5204775,1789203140.5204775,0.5352
/camera/world/agv3_confidence,1789203140.5207238,1789203140.5207238,0.5729
/camera/world/agv2_confidence,1789203140.520736,1789203140.520736,0.5941
/camera/world/agv1_confidence,1789203140.5491068,1789203140.5491068,0.5908
/camera/world/agv2_confidence,1789203140.5492237,1789203140.5492237,0.5593
/camera/world/agv3_confidence,1789203140.5494466,1789203140.5494466,0.6013
/camera/world/agv1_confidence,1789203140.5840335,1789203140.5840335,0.5812
/camera/world/agv2_confidence,1789203140.5840495,1789203140.5840495,0.6042
/camera/world/agv3_confidence,1789203140.5841484,1789203140.5841484,0.6138
/camera/world/agv1_confidence,1789203140.6165783,1789203140.6165783,0.5893
/camera/world/agv3_confidence,1789203140.6165812,1789203140.6165812,0.6119
/camera/world/agv2_confidence,1789203140.6166375,1789203140.6166375,0.6023
/camera/world/agv1_confidence,1789203140.6494849,1789203140.6494849,0.5809
/camera/world/agv3_confidence,1789203140.6498258,1789203140.6498258,0.6121
/camera/world/agv2_confidence,1789203140.649845,1789203140.649845,0.5995
/camera/world/agv1_confidence,1789203140.6837516,1789203140.6837516,0.5794
/camera/world/agv2_confidence,1789203140.6839893,1789203140.6839893,0.6014
/camera/world/agv3_confidence,1789203140.6842165,1789203140.6842165,0.6129
/camera/world/agv1_confidence,1789203140.7121856,1789203140.7121856,0.5858
/camera/world/agv2_confidence,1789203140.712246,1789203140.712246,0.5923
/camera/world/agv3_confidence,1789203140.7124505,1789203140.7124505,0.6117
/camera/world/agv1_confidence,1789203140.760995,1789203140.760995,0.5809
/camera/world/agv3_confidence,1789203140.7609968,1789203140.7609968,0.6122
/camera/world/agv2_confidence,1789203140.7610905,1789203140.7610905,0.5908
/camera/world/agv2_confidence,1789203140.7923248,1789203140.7923248,0.5662
/camera/world/agv1_confidence,1789203140.7923276,1789203140.7923276,0.5805
/camera/world/agv3_confidence,1789203140.7923994,1789203140.7923994,0.612
/camera/world/agv2_confidence,1789203140.822749,1789203140.822749,0.589
/camera/world/agv1_confidence,1789203140.8227587,1789203140.8227587,0.5973
/camera/world/agv3_confidence,1789203140.8228717,1789203140.8228717,0.612
/camera/world/agv2_confidence,1789203140.8576248,1789203140.8576248,0.5979
/camera/world/agv3_confidence,1789203140.8576481,1789203140.8576481,0.6128
/camera/world/agv1_confidence,1789203140.8577397,1789203140.8577397,0.5668
/camera/world/agv3_confidence,1789203140.8877435,1789203140.8877435,0.6106
/camera/world/agv1_confidence,1789203140.887782,1789203140.887782,0.5832
/camera/world/agv2_confidence,1789203140.8879042,1789203140.8879042,0.6019
/camera/world/agv3_confidence,1789203140.918754,1789203140.918754,0.6134
/camera/world/agv1_confidence,1789203140.918838,1789203140.918838,0.5904
/camera/world/agv2_confidence,1789203140.9188967,1789203140.9188967,0.5855
/camera/world/agv1_confidence,1789203140.9509573,1789203140.9509573,0.5903
/camera/world/agv3_confidence,1789203140.951191,1789203140.951191,0.6125
/camera/world/agv2_confidence,1789203140.9513593,1789203140.9513593,0.5939
/camera/world/agv1_confidence,1789203140.9839272,1789203140.9839272,0.5891
/camera/world/agv2_confidence,1789203140.9841065,1789203140.9841065,0.5967
/camera/world/agv3_confidence,1789203140.984265,1789203140.984265,0.6132
/camera/world/agv3_confidence,1789203141.0133934,1789203141.0133934,0.611
/camera/world/agv1_confidence,1789203141.0134184,1789203141.0134184,0.5886
/camera/world/agv2_confidence,1789203141.0134568,1789203141.0134568,0.5909
/camera/world/agv2_confidence,1789203141.0617104,1789203141.0617104,0.597
/camera/world/agv1_confidence,1789203141.0617146,1789203141.0617146,0.5769
/camera/world/agv3_confidence,1789203141.0617669,1789203141.0617669,0.6131
/camera/world/agv3_confidence,1789203141.0976486,1789203141.0976486,0.6118
/camera/world/agv1_confidence,1789203141.097798,1789203141.097798,0.5924
/camera/world/agv2_confidence,1789203141.097828,1789203141.097828,0.5908
/camera/world/agv1_confidence,1789203141.12593,1789203141.12593,0.594
/camera/world/agv2_confidence,1789203141.1259322,1789203141.1259322,0.596
/camera/world/agv3_confidence,1789203141.1262443,1789203141.1262443,0.6105
/camera/world/agv2_confidence,1789203141.1530192,1789203141.1530192,0.5887
/camera/world/agv1_confidence,1789203141.1530292,1789203141.1530292,0.5901
/camera/world/agv3_confidence,1789203141.1531973,1789203141.1531973,0.6113
/camera/world/agv1_confidence,1789203141.1821308,1789203141.1821308,0.5873
/camera/world/agv2_confidence,1789203141.1822636,1789203141.1822636,0.5951
/camera/world/agv3_confidence,1789203141.1823683,1789203141.1823683,0.6124
/camera/world/agv1_confidence,1789203141.2143464,1789203141.2143464,0.5947
/camera/world/agv3_confidence,1789203141.21448,1789203141.21448,0.6121
/camera/world/agv2_confidence,1789203141.2145038,1789203141.2145038,0.5981
/camera/world/agv1_confidence,1789203141.245692,1789203141.245692,0.592
/camera/world/agv3_confidence,1789203141.2457082,1789203141.2457082,0.6051
/camera/world/agv2_confidence,1789203141.2458355,1789203141.2458355,0.5993
/camera/world/agv1_confidence,1789203141.2939572,1789203141.2939572,0.5931
/camera/world/agv2_confidence,1789203141.2939596,1789203141.2939596,0.5937
/camera/world/agv3_confidence,1789203141.2941332,1789203141.2941332,0.6114
/camera/world/agv1_confidence,1789203141.3257513,1789203141.3257513,0.5855
/camera/world/agv2_confidence,1789203141.3257735,1789203141.3257735,0.5951
/camera/world/agv3_confidence,1789203141.3257825,1789203141.3257825,0.6031
/camera/world/agv1_confidence,1789203141.3562093,1789203141.3562093,0.5945
/camera/world/agv3_confidence,1789203141.3562596,1789203141.3562596,0.6123
/camera/world/agv2_confidence,1789203141.3562632,1789203141.3562632,0.5941
/camera/world/agv2_confidence,1789203141.3880138,1789203141.3880138,0.597
/camera/world/agv1_confidence,1789203141.3881845,1789203141.3881845,0.5942
/camera/world/agv3_confidence,1789203141.3885179,1789203141.3885179,0.6111
/camera/world/agv2_confidence,1789203141.4227805,1789203141.4227805,0.5846
/camera/world/agv1_confidence,1789203141.4228337,1789203141.4228337,0.5954
/camera/world/agv3_confidence,1789203141.4228692,1789203141.4228692,0.6123
/camera/world/agv1_confidence,1789203141.4524941,1789203141.4524941,0.5853
/camera/world/agv2_confidence,1789203141.4525328,1789203141.4525328,0.594
/camera/world/agv3_confidence,1789203141.4527597,1789203141.4527597,0.5997
/camera/world/agv1_confidence,1789203141.4872954,1789203141.4872954,0.5935
/camera/world/agv3_confidence,1789203141.4873369,1789203141.4873369,0.61
/camera/world/agv2_confidence,1789203141.4873521,1789203141.4873521,0.5821
/camera/world/agv1_confidence,1789203141.514327,1789203141.514327,0.5813
/camera/world/agv2_confidence,1789203141.5145783,1789203141.5145783,0.5911
/camera/world/agv3_confidence,1789203141.5146763,1789203141.5146763,0.6124
/camera/world/agv1_confidence,1789203141.547775,1789203141.547775,0.5959
/camera/world/agv3_confidence,1789203141.5477967,1789203141.5477967,0.595
/camera/world/agv2_confidence,1789203141.5478642,1789203141.5478642,0.5888
/camera/world/agv1_confidence,1789203141.5809119,1789203141.5809119,0.5417
/camera/world/agv2_confidence,1789203141.5809746,1789203141.5809746,0.5885
/camera/world/agv3_confidence,1789203141.5811837,1789203141.5811837,0.6102
/camera/world/agv3_confidence,1789203141.611198,1789203141.611198,0.6096
/camera/world/agv1_confidence,1789203141.611206,1789203141.611206,0.5961
/camera/world/agv2_confidence,1789203141.6112437,1789203141.6112437,0.5865
/camera/world/agv1_confidence,1789203141.6628084,1789203141.6628084,0.5965
/camera/world/agv2_confidence,1789203141.6629283,1789203141.6629283,0.5803
/camera/world/agv3_confidence,1789203141.6632965,1789203141.6632965,0.6096
/camera/world/agv2_confidence,1789203141.6956708,1789203141.6956708,0.5889
/camera/world/agv1_confidence,1789203141.6957083,1789203141.6957083,0.5919
/camera/world/agv3_confidence,1789203141.6957953,1789203141.6957953,0.6092
/camera/world/agv1_confidence,1789203141.7360141,1789203141.7360141,0.5942
/camera/world/agv3_confidence,1789203141.7360244,1789203141.7360244,0.6086
/camera/world/agv2_confidence,1789203141.7360396,1789203141.7360396,0.5641
/camera/world/agv1_confidence,1789203141.7458723,1789203141.7458723,0.5869
/camera/world/agv2_confidence,1789203141.746002,1789203141.746002,0.5954
/camera/world/agv3_confidence,1789203141.7463288,1789203141.7463288,0.5942
/camera/world/agv1_confidence,1789203141.7844167,1789203141.7844167,0.5919
/camera/world/agv2_confidence,1789203141.7846859,1789203141.7846859,0.5829
/camera/world/agv3_confidence,1789203141.7847276,1789203141.7847276,0.6082
/camera/world/agv1_confidence,1789203141.8176792,1789203141.8176792,0.588
/camera/world/agv2_confidence,1789203141.817753,1789203141.817753,0.5982
/camera/world/agv3_confidence,1789203141.8181162,1789203141.8181162,0.6036
/camera/world/agv2_confidence,1789203141.8477442,1789203141.8477442,0.5802
/camera/world/agv1_confidence,1789203141.8477962,1789203141.8477962,0.5939
/camera/world/agv3_confidence,1789203141.848038,1789203141.848038,0.6101
/camera/world/agv2_confidence,1789203141.8933744,1789203141.8933744,0.5825
/camera/world/agv1_confidence,1789203141.893438,1789203141.893438,0.5954
/camera/world/agv3_confidence,1789203141.8934596,1789203141.8934596,0.6078
/camera/world/agv1_confidence,1789203141.9251323,1789203141.9251323,0.5926
/camera/world/agv3_confidence,1789203141.9251401,1789203141.9251401,0.6052
/camera/world/agv2_confidence,1789203141.9253592,1789203141.9253592,0.5861
/camera/world/agv1_confidence,1789203141.9578693,1789203141.9578693,0.5896
/camera/world/agv2_confidence,1789203141.9578776,1789203141.9578776,0.5882
/camera/world/agv3_confidence,1789203141.9578867,1789203141.9578867,0.6092
/camera/world/agv1_confidence,1789203141.9839628,1789203141.9839628,0.595
/camera/world/agv2_confidence,1789203141.984083,1789203141.984083,0.6008
/camera/world/agv3_confidence,1789203141.9842558,1789203141.9842558,0.6092
/camera/world/agv2_confidence,1789203142.0326042,1789203142.0326042,0.5956
/camera/world/agv1_confidence,1789203142.0326247,1789203142.0326247,0.5922
/camera/world/agv3_confidence,1789203142.032642,1789203142.032642,0.6078
/camera/world/agv3_confidence,1789203142.0497134,1789203142.0497134,0.6076
/camera/world/agv1_confidence,1789203142.0497212,1789203142.0497212,0.5718
/camera/world/agv2_confidence,1789203142.0497293,1789203142.0497293,0.5966
/camera/world/agv1_confidence,1789203142.0927243,1789203142.0927243,0.588
/camera/world/agv2_confidence,1789203142.0927691,1789203142.0927691,0.5956
/camera/world/agv3_confidence,1789203142.0927925,1789203142.0927925,0.6105
/camera/world/agv3_confidence,1789203142.1234367,1789203142.1234367,0.609
/camera/world/agv2_confidence,1789203142.1234586,1789203142.1234586,0.5938
/camera/world/agv1_confidence,1789203142.1236055,1789203142.1236055,0.5952
/camera/world/agv1_confidence,1789203142.1551838,1789203142.1551838,0.5679
/camera/world/agv3_confidence,1789203142.1552186,1789203142.1552186,0.5999
/camera/world/agv2_confidence,1789203142.1552334,1789203142.1552334,0.5847
/camera/world/agv1_confidence,1789203142.182172,1789203142.182172,0.5957
/camera/world/agv2_confidence,1789203142.1822884,1789203142.1822884,0.575
/camera/world/agv3_confidence,1789203142.1824744,1789203142.1824744,0.5882
/camera/world/agv1_confidence,1789203142.213687,1789203142.213687,0.5694
/camera/world/agv2_confidence,1789203142.213726,1789203142.213726,0.5945
/camera/world/agv3_confidence,1789203142.2138243,1789203142.2138243,0.612
/camera/world/agv1_confidence,1789203142.246324,1789203142.246324,0.5948
/camera/world/agv2_confidence,1789203142.2464156,1789203142.2464156,0.5873
/camera/world/agv3_confidence,1789203142.246453,1789203142.246453,0.606
/camera/world/agv1_confidence,1789203142.2916489,1789203142.2916489,0.5963
/camera/world/agv2_confidence,1789203142.2917318,1789203142.2917318,0.6005
/camera/world/agv3_confidence,1789203142.291858,1789203142.291858,0.5964
/camera/world/agv1_confidence,1789203142.3244655,1789203142.3244655,0.5936
/camera/world/agv2_confidence,1789203142.324467,1789203142.324467,0.5992
/camera/world/agv3_confidence,1789203142.3247094,1789203142.3247094,0.6119
/camera/world/agv1_confidence,1789203142.354037,1789203142.354037,0.594
/camera/world/agv2_confidence,1789203142.3540406,1789203142.3540406,0.5999
/camera/world/agv3_confidence,1789203142.3542674,1789203142.3542674,0.6083
/camera/world/agv2_confidence,1789203142.385212,1789203142.385212,0.5985
/camera/world/agv3_confidence,1789203142.3854456,1789203142.3854456,0.5871
/camera/world/agv1_confidence,1789203142.3855398,1789203142.3855398,0.5973
/camera/world/agv1_confidence,1789203142.4148002,1789203142.4148002,0.5954
/camera/world/agv3_confidence,1789203142.4149373,1789203142.4149373,0.6085
/camera/world/agv2_confidence,1789203142.414987,1789203142.414987,0.5927
/camera/world/agv1_confidence,1789203142.448227,1789203142.448227,0.5701
/camera/world/agv2_confidence,1789203142.4482834,1789203142.4482834,0.5619
/camera/world/agv3_confidence,1789203142.4484813,1789203142.4484813,0.5693
/camera/world/agv1_confidence,1789203142.4881968,1789203142.4881968,0.5927
/camera/world/agv2_confidence,1789203142.4882588,1789203142.4882588,0.5981
/camera/world/agv3_confidence,1789203142.4883766,1789203142.4883766,0.6099
/camera/world/agv2_confidence,1789203142.5191085,1789203142.5191085,0.5954
/camera/world/agv1_confidence,1789203142.519349,1789203142.519349,0.5611
/camera/world/agv3_confidence,1789203142.5194771,1789203142.5194771,0.6056
/camera/world/agv1_confidence,1789203142.5464082,1789203142.5464082,0.5987
/camera/world/agv2_confidence,1789203142.5464773,1789203142.5464773,0.5932
/camera/world/agv3_confidence,1789203142.546697,1789203142.546697,0.6051
/camera/world/agv1_confidence,1789203142.5923598,1789203142.5923598,0.5944
/camera/world/agv2_confidence,1789203142.592364,1789203142.592364,0.5927
/camera/world/agv3_confidence,1789203142.592541,1789203142.592541,0.6083
/camera/world/agv2_confidence,1789203142.6176808,1789203142.6176808,0.5883
/camera/world/agv1_confidence,1789203142.6177135,1789203142.6177135,0.5946
/camera/world/agv3_confidence,1789203142.6178226,1789203142.6178226,0.6085
/camera/world/agv1_confidence,1789203142.6456907,1789203142.6456907,0.5957
/camera/world/agv3_confidence,1789203142.6457148,1789203142.6457148,0.6077
/camera/world/agv2_confidence,1789203142.6458478,1789203142.6458478,0.5872
/camera/world/agv2_confidence,1789203142.6946738,1789203142.6946738,0.5987
/camera/world/agv1_confidence,1789203142.69471,1789203142.69471,0.5953
/camera/world/agv3_confidence,1789203142.6950293,1789203142.6950293,0.6086
/camera/world/agv1_confidence,1789203142.7301066,1789203142.7301066,0.5931
/camera/world/agv2_confidence,1789203142.7302537,1789203142.7302537,0.584
/camera/world/agv3_confidence,1789203142.7303026,1789203142.7303026,0.6119
/camera/world/agv1_confidence,1789203142.7603402,1789203142.7603402,0.5956
/camera/world/agv2_confidence,1789203142.7603498,1789203142.7603498,0.5938
/camera/world/agv3_confidence,1789203142.7605135,1789203142.7605135,0.608
/camera/world/agv1_confidence,1789203142.7961247,1789203142.7961247,0.5962
/camera/world/agv2_confidence,1789203142.7961435,1789203142.7961435,0.5941
/camera/world/agv3_confidence,1789203142.796305,1789203142.796305,0.6046
/camera/world/agv2_confidence,1789203142.8147757,1789203142.8147757,0.5255
/camera/world/agv3_confidence,1789203142.8149087,1789203142.8149087,0.6061
/camera/world/agv1_confidence,1789203142.814962,1789203142.814962,0.5965
/camera/world/agv2_confidence,1789203142.8534257,1789203142.8534257,0.5973
/camera/world/agv1_confidence,1789203142.853469,1789203142.853469,0.5963
/camera/world/agv3_confidence,1789203142.8537202,1789203142.8537202,0.6077
/camera/world/agv2_confidence,1789203142.8987503,1789203142.8987503,0.5801
/camera/world/agv1_confidence,1789203142.8989851,1789203142.8989851,0.5991
/camera/world/agv3_confidence,1789203142.8989904,1789203142.8989904,0.6093
/camera/world/agv2_confidence,1789203142.9283912,1789203142.9283912,0.5918
/camera/world/agv3_confidence,1789203142.9284382,1789203142.9284382,0.6083
/camera/world/agv1_confidence,1789203142.9284544,1789203142.9284544,0.594
/camera/world/agv1_confidence,1789203142.9513888,1789203142.9513888,0.5978
/camera/world/agv2_confidence,1789203142.951389,1789203142.951389,0.5871
/camera/world/agv3_confidence,1789203142.9514108,1789203142.9514108,0.6093
/camera/world/agv2_confidence,1789203142.9874482,1789203142.9874482,0.5841
/camera/world/agv1_confidence,1789203142.9876747,1789203142.9876747,0.5955
/camera/world/agv3_confidence,1789203142.9877384,1789203142.9877384,0.607
/camera/world/agv1_confidence,1789203143.0132525,1789203143.0132525,0.595
/camera/world/agv3_confidence,1789203143.0132854,1789203143.0132854,0.6067
/camera/world/agv2_confidence,1789203143.0133097,1789203143.0133097,0.5752
/camera/world/agv1_confidence,1789203143.0633261,1789203143.0633261,0.5951
/camera/world/agv2_confidence,1789203143.0633717,1789203143.0633717,0.5778
/camera/world/agv3_confidence,1789203143.063455,1789203143.063455,0.6092
/camera/world/agv2_confidence,1789203143.0867498,1789203143.0867498,0.5821
/camera/world/agv1_confidence,1789203143.086823,1789203143.086823,0.5941
/camera/world/agv3_confidence,1789203143.0868976,1789203143.0868976,0.6106
/camera/world/agv1_confidence,1789203143.1147885,1789203143.1147885,0.5964
/camera/world/agv2_confidence,1789203143.1150138,1789203143.1150138,0.596
/camera/world/agv3_confidence,1789203143.115262,1789203143.115262,0.6069
/camera/world/agv2_confidence,1789203143.1457248,1789203143.1457248,0.5944
/camera/world/agv3_confidence,1789203143.145791,1789203143.145791,0.6102
/camera/world/agv1_confidence,1789203143.1458154,1789203143.1458154,0.5948
/camera/world/agv1_confidence,1789203143.1893048,1789203143.1893048,0.5946
/camera/world/agv3_confidence,1789203143.1895425,1789203143.1895425,0.6017
/camera/world/agv2_confidence,1789203143.1896229,1789203143.1896229,0.5873
/camera/world/agv1_confidence,1789203143.2133946,1789203143.2133946,0.5963
/camera/world/agv3_confidence,1789203143.213396,1789203143.213396,0.6069
/camera/world/agv2_confidence,1789203143.2134156,1789203143.2134156,0.5902
/camera/world/agv2_confidence,1789203143.250717,1789203143.250717,0.5931
/camera/world/agv3_confidence,1789203143.2508357,1789203143.2508357,0.6079
/camera/world/agv1_confidence,1789203143.2509713,1789203143.2509713,0.5946
/camera/world/agv2_confidence,1789203143.3003378,1789203143.3003378,0.5885
/camera/world/agv1_confidence,1789203143.3003962,1789203143.3003962,0.5723
/camera/world/agv3_confidence,1789203143.3004656,1789203143.3004656,0.6074
/camera/world/agv3_confidence,1789203143.321413,1789203143.321413,0.6091
/camera/world/agv2_confidence,1789203143.321462,1789203143.321462,0.5798
/camera/world/agv1_confidence,1789203143.3215106,1789203143.3215106,0.5975
/camera/world/agv2_confidence,1789203143.3657675,1789203143.3657675,0.5951
/camera/world/agv1_confidence,1789203143.3658895,1789203143.3658895,0.5966
/camera/world/agv3_confidence,1789203143.3659182,1789203143.3659182,0.6072
/camera/world/agv1_confidence,1789203143.3846066,1789203143.3846066,0.5972
/camera/world/agv3_confidence,1789203143.384612,1789203143.384612,0.6078
/camera/world/agv2_confidence,1789203143.3846326,1789203143.3846326,0.5819
/camera/world/agv1_confidence,1789203143.4153302,1789203143.4153302,0.5666
/camera/world/agv2_confidence,1789203143.4153798,1789203143.4153798,0.589
/camera/world/agv3_confidence,1789203143.415541,1789203143.415541,0.602
/camera/world/agv2_confidence,1789203143.4543738,1789203143.4543738,0.5786
/camera/world/agv1_confidence,1789203143.4544551,1789203143.4544551,0.5981
/camera/world/agv3_confidence,1789203143.454538,1789203143.454538,0.6068
/camera/world/agv2_confidence,1789203143.4865553,1789203143.4865553,0.5873
/camera/world/agv1_confidence,1789203143.4865973,1789203143.4865973,0.5968
/camera/world/agv3_confidence,1789203143.4867516,1789203143.4867516,0.6108
/camera/world/agv1_confidence,1789203143.5223463,1789203143.5223463,0.5978
/camera/world/agv2_confidence,1789203143.5224743,1789203143.5224743,0.5866
/camera/world/agv3_confidence,1789203143.5226278,1789203143.5226278,0.6064
/camera/world/agv1_confidence,1789203143.5657585,1789203143.5657585,0.5952
/camera/world/agv2_confidence,1789203143.5657668,1789203143.5657668,0.5873
/camera/world/agv3_confidence,1789203143.5659351,1789203143.5659351,0.6069
/camera/world/agv1_confidence,1789203143.5832827,1789203143.5832827,0.596
/camera/world/agv2_confidence,1789203143.5835032,1789203143.5835032,0.5937
/camera/world/agv3_confidence,1789203143.5835369,1789203143.5835369,0.6053
/camera/world/agv1_confidence,1789203143.622898,1789203143.622898,0.596
/camera/world/agv3_confidence,1789203143.6231365,1789203143.6231365,0.6047
/camera/world/agv2_confidence,1789203143.62316,1789203143.62316,0.5677
/camera/world/agv1_confidence,1789203143.661799,1789203143.661799,0.5962
/camera/world/agv3_confidence,1789203143.6618407,1789203143.6618407,0.5962
/camera/world/agv2_confidence,1789203143.661863,1789203143.661863,0.5943
/camera/world/agv1_confidence,1789203143.6842506,1789203143.6842506,0.5965
/camera/world/agv2_confidence,1789203143.684384,1789203143.684384,0.5815
/camera/world/agv3_confidence,1789203143.6844609,1789203143.6844609,0.608
/camera/world/agv1_confidence,1789203143.7253466,1789203143.7253466,0.5985
/camera/world/agv3_confidence,1789203143.7253814,1789203143.7253814,0.6071
/camera/world/agv2_confidence,1789203143.7254198,1789203143.7254198,0.5768
/camera/world/agv1_confidence,1789203143.7535021,1789203143.7535021,0.5969
/camera/world/agv3_confidence,1789203143.7538095,1789203143.7538095,0.6075
/camera/world/agv2_confidence,1789203143.7538357,1789203143.7538357,0.5821
/camera/world/agv1_confidence,1789203143.783816,1789203143.783816,0.5964
/camera/world/agv2_confidence,1789203143.783848,1789203143.783848,0.589
/camera/world/agv3_confidence,1789203143.783869,1789203143.783869,0.6085
/camera/world/agv2_confidence,1789203143.8137078,1789203143.8137078,0.5793
/camera/world/agv1_confidence,1789203143.8138885,1789203143.8138885,0.5982
/camera/world/agv3_confidence,1789203143.8139923,1789203143.8139923,0.6099
/camera/world/agv2_confidence,1789203143.8561485,1789203143.8561485,0.5771
/camera/world/agv1_confidence,1789203143.8562908,1789203143.8562908,0.5962
/camera/world/agv3_confidence,1789203143.8564482,1789203143.8564482,0.5926
/camera/world/agv2_confidence,1789203143.882027,1789203143.882027,0.5786
/camera/world/agv1_confidence,1789203143.8820403,1789203143.8820403,0.596
/camera/world/agv3_confidence,1789203143.8823895,1789203143.8823895,0.606
/camera/world/agv1_confidence,1789203143.9248152,1789203143.9248152,0.5973
/camera/world/agv2_confidence,1789203143.9249492,1789203143.9249492,0.5879
/camera/world/agv3_confidence,1789203143.924955,1789203143.924955,0.6114
/camera/world/agv1_confidence,1789203143.9613876,1789203143.9613876,0.5976
/camera/world/agv2_confidence,1789203143.961609,1789203143.961609,0.5772
/camera/world/agv3_confidence,1789203143.9616506,1789203143.9616506,0.6107
/camera/world/agv1_confidence,1789203143.9906542,1789203143.9906542,0.5956
/camera/world/agv3_confidence,1789203143.990694,1789203143.990694,0.6105
/camera/world/agv2_confidence,1789203143.9907017,1789203143.9907017,0.5794
/camera/world/agv3_confidence,1789203144.0203044,1789203144.0203044,0.6059
/camera/world/agv1_confidence,1789203144.0203288,1789203144.0203288,0.5967
/camera/world/agv2_confidence,1789203144.0203454,1789203144.0203454,0.5839
/camera/world/agv1_confidence,1789203144.0625799,1789203144.0625799,0.5955
/camera/world/agv2_confidence,1789203144.0625825,1789203144.0625825,0.5753
/camera/world/agv3_confidence,1789203144.0628903,1789203144.0628903,0.6059
/camera/world/agv2_confidence,1789203144.0957482,1789203144.0957482,0.588
/camera/world/agv1_confidence,1789203144.0957816,1789203144.0957816,0.598
/camera/world/agv3_confidence,1789203144.0959592,1789203144.0959592,0.6054
/camera/world/agv1_confidence,1789203144.1313229,1789203144.1313229,0.596
/camera/world/agv2_confidence,1789203144.1314971,1789203144.1314971,0.5909
/camera/world/agv3_confidence,1789203144.1315753,1789203144.1315753,0.5687
/camera/world/agv3_confidence,1789203144.1631808,1789203144.1631808,0.6005
/camera/world/agv2_confidence,1789203144.1632912,1789203144.1632912,0.591
/camera/world/agv1_confidence,1789203144.1633127,1789203144.1633127,0.5986
/camera/world/agv2_confidence,1789203144.1866255,1789203144.1866255,0.5898
/camera/world/agv1_confidence,1789203144.186643,1789203144.186643,0.5951
/camera/world/agv3_confidence,1789203144.1867013,1789203144.1867013,0.5834
/camera/world/agv1_confidence,1789203144.2211607,1789203144.2211607,0.5962
/camera/world/agv2_confidence,1789203144.221263,1789203144.221263,0.5801
/camera/world/agv3_confidence,1789203144.2213945,1789203144.2213945,0.6016
/camera/world/agv1_confidence,1789203144.2653868,1789203144.2653868,0.5982
/camera/world/agv2_confidence,1789203144.2654605,1789203144.2654605,0.5801
/camera/world/agv3_confidence,1789203144.2655644,1789203144.2655644,0.5947
/camera/world/agv1_confidence,1789203144.2824845,1789203144.2824845,0.5955
/camera/world/agv2_confidence,1789203144.2825832,1789203144.2825832,0.5917
/camera/world/agv3_confidence,1789203144.2827663,1789203144.2827663,0.6115
/camera/world/agv1_confidence,1789203144.3268034,1789203144.3268034,0.5977
/camera/world/agv2_confidence,1789203144.3268192,1789203144.3268192,0.5867
/camera/world/agv3_confidence,1789203144.3268683,1789203144.3268683,0.6109
/camera/world/agv1_confidence,1789203144.3614705,1789203144.3614705,0.596
/camera/world/agv3_confidence,1789203144.361537,1789203144.361537,0.6077
/camera/world/agv2_confidence,1789203144.3615491,1789203144.3615491,0.5876
/camera/world/agv2_confidence,1789203144.3921895,1789203144.3921895,0.5896
/camera/world/agv1_confidence,1789203144.392322,1789203144.392322,0.5972
/camera/world/agv3_confidence,1789203144.3923633,1789203144.3923633,0.5974
/camera/world/agv1_confidence,1789203144.4353077,1789203144.4353077,0.5966
/camera/world/agv2_confidence,1789203144.4353304,1789203144.4353304,0.59
/camera/world/agv3_confidence,1789203144.4353878,1789203144.4353878,0.6014
/camera/world/agv1_confidence,1789203144.4538255,1789203144.4538255,0.5964
/camera/world/agv2_confidence,1789203144.4538357,1789203144.4538357,0.5897
/camera/world/agv3_confidence,1789203144.4539545,1789203144.4539545,0.6105
/camera/world/agv1_confidence,1789203144.493941,1789203144.493941,0.5972
/camera/world/agv2_confidence,1789203144.4939528,1789203144.4939528,0.5851
/camera/world/agv3_confidence,1789203144.4942567,1789203144.4942567,0.6092
/camera/world/agv1_confidence,1789203144.5333226,1789203144.5333226,0.5959
/camera/world/agv2_confidence,1789203144.5334961,1789203144.5334961,0.5855
/camera/world/agv3_confidence,1789203144.5335286,1789203144.5335286,0.6057
/camera/world/agv1_confidence,1789203144.5506136,1789203144.5506136,0.5955
/camera/world/agv2_confidence,1789203144.550657,1789203144.550657,0.5861
/camera/world/agv3_confidence,1789203144.5507827,1789203144.5507827,0.6092
/camera/world/agv1_confidence,1789203144.5941486,1789203144.5941486,0.5958
/camera/world/agv3_confidence,1789203144.5944505,1789203144.5944505,0.6016
/camera/world/agv2_confidence,1789203144.5944731,1789203144.5944731,0.5926
/camera/world/agv1_confidence,1789203144.6151161,1789203144.6151161,0.5942
/camera/world/agv2_confidence,1789203144.6152096,1789203144.6152096,0.5717
/camera/world/agv3_confidence,1789203144.615365,1789203144.615365,0.5626
/camera/world/agv1_confidence,1789203144.6534348,1789203144.6534348,0.597
/camera/world/agv2_confidence,1789203144.6535833,1789203144.6535833,0.5867
/camera/world/agv3_confidence,1789203144.653693,1789203144.653693,0.6003
/camera/world/agv1_confidence,1789203144.6880352,1789203144.6880352,0.5961
/camera/world/agv2_confidence,1789203144.6880896,1789203144.6880896,0.5843
/camera/world/agv3_confidence,1789203144.6881456,1789203144.6881456,0.6011
/camera/world/agv1_confidence,1789203144.7187803,1789203144.7187803,0.5977
/camera/world/agv2_confidence,1789203144.7188523,1789203144.7188523,0.5859
/camera/world/agv3_confidence,1789203144.7190263,1789203144.7190263,0.5824
/camera/world/agv3_confidence,1789203144.7581575,1789203144.7581575,0.5895
/camera/world/agv2_confidence,1789203144.7582283,1789203144.7582283,0.5908
/camera/world/agv1_confidence,1789203144.7583232,1789203144.7583232,0.597
/camera/world/agv3_confidence,1789203144.7976768,1789203144.7976768,0.5928
/camera/world/agv1_confidence,1789203144.7977366,1789203144.7977366,0.5968
/camera/world/agv2_confidence,1789203144.797821,1789203144.797821,0.5508
/camera/world/agv3_confidence,1789203144.8176224,1789203144.8176224,0.582
/camera/world/agv1_confidence,1789203144.8176253,1789203144.8176253,0.5965
/camera/world/agv2_confidence,1789203144.8176336,1789203144.8176336,0.592
/camera/world/agv2_confidence,1789203144.863728,1789203144.863728,0.5787
/camera/world/agv3_confidence,1789203144.8637464,1789203144.8637464,0.5788
/camera/world/agv1_confidence,1789203144.863768,1789203144.863768,0.5963
/camera/world/agv3_confidence,1789203144.8812108,1789203144.8812108,0.6065
/camera/world/agv2_confidence,1789203144.8813388,1789203144.8813388,0.5732
/camera/world/agv1_confidence,1789203144.8813508,1789203144.8813508,0.595
/camera/world/agv2_confidence,1789203144.9232123,1789203144.9232123,0.5889
/camera/world/agv1_confidence,1789203144.9233658,1789203144.9233658,0.5951
/camera/world/agv3_confidence,1789203144.923397,1789203144.923397,0.5901
/camera/world/agv1_confidence,1789203144.9639566,1789203144.9639566,0.5952
/camera/world/agv3_confidence,1789203144.9640055,1789203144.9640055,0.5983
/camera/world/agv2_confidence,1789203144.9641933,1789203144.9641933,0.5884
/camera/world/agv1_confidence,1789203144.9834254,1789203144.9834254,0.5966
/camera/world/agv3_confidence,1789203144.9834447,1789203144.9834447,0.594
/camera/world/agv2_confidence,1789203144.9834533,1789203144.9834533,0.5923
/camera/world/agv1_confidence,1789203145.0356033,1789203145.0356033,0.595
/camera/world/agv2_confidence,1789203145.0357487,1789203145.0357487,0.5898
/camera/world/agv3_confidence,1789203145.0357637,1789203145.0357637,0.6061
/camera/world/agv3_confidence,1789203145.0581982,1789203145.0581982,0.5994
/camera/world/agv2_confidence,1789203145.0582638,1789203145.0582638,0.5888
/camera/world/agv1_confidence,1789203145.058277,1789203145.058277,0.5977
/camera/world/agv1_confidence,1789203145.0953155,1789203145.0953155,0.5967
/camera/world/agv2_confidence,1789203145.095522,1789203145.095522,0.5762
/camera/world/agv3_confidence,1789203145.0955696,1789203145.0955696,0.5957
/camera/world/agv1_confidence,1789203145.1183016,1789203145.1183016,0.595
/camera/world/agv2_confidence,1789203145.1183903,1789203145.1183903,0.5895
/camera/world/agv3_confidence,1789203145.1184704,1789203145.1184704,0.6001
/camera/world/agv2_confidence,1789203145.1578026,1789203145.1578026,0.5776
/camera/world/agv3_confidence,1789203145.1578612,1789203145.1578612,0.5971
/camera/world/agv1_confidence,1789203145.157884,1789203145.157884,0.5944
/camera/world/agv2_confidence,1789203145.191963,1789203145.191963,0.5896
/camera/world/agv3_confidence,1789203145.1920052,1789203145.1920052,0.6005
/camera/world/agv1_confidence,1789203145.1920319,1789203145.1920319,0.5952
/camera/world/agv1_confidence,1789203145.2255816,1789203145.2255816,0.5972
/camera/world/agv3_confidence,1789203145.2257316,1789203145.2257316,0.6071
/camera/world/agv2_confidence,1789203145.2257495,1789203145.2257495,0.5846
/camera/world/agv1_confidence,1789203145.250885,1789203145.250885,0.5955
/camera/world/agv2_confidence,1789203145.2509556,1789203145.2509556,0.5638
/camera/world/agv3_confidence,1789203145.2511315,1789203145.2511315,0.5762
/camera/world/agv1_confidence,1789203145.281391,1789203145.281391,0.5964
/camera/world/agv3_confidence,1789203145.2814486,1789203145.2814486,0.6082
/camera/world/agv2_confidence,1789203145.2816074,1789203145.2816074,0.5888
/camera/world/agv1_confidence,1789203145.3215551,1789203145.3215551,0.5964
/camera/world/agv3_confidence,1789203145.3215759,1789203145.3215759,0.6071
/camera/world/agv2_confidence,1789203145.3215845,1789203145.3215845,0.5893
/camera/world/agv1_confidence,1789203145.3531754,1789203145.3531754,0.5958
/camera/world/agv2_confidence,1789203145.3532717,1789203145.3532717,0.5824
/camera/world/agv3_confidence,1789203145.3536122,1789203145.3536122,0.5997
/camera/world/agv2_confidence,1789203145.3838522,1789203145.3838522,0.5589
/camera/world/agv1_confidence,1789203145.3838565,1789203145.3838565,0.5956
/camera/world/agv3_confidence,1789203145.3840423,1789203145.3840423,0.5915
/camera/world/agv1_confidence,1789203145.4158773,1789203145.4158773,0.596
/camera/world/agv3_confidence,1789203145.4159122,1789203145.4159122,0.6072
/camera/world/agv2_confidence,1789203145.4159698,1789203145.4159698,0.5926
/camera/world/agv1_confidence,1789203145.4547853,1789203145.4547853,0.5974
/camera/world/agv3_confidence,1789203145.4548216,1789203145.4548216,0.6057
/camera/world/agv2_confidence,1789203145.45495,1789203145.45495,0.5865
/camera/world/agv3_confidence,1789203145.4837053,1789203145.4837053,0.597
/camera/world/agv2_confidence,1789203145.4837146,1789203145.4837146,0.5663
/camera/world/agv1_confidence,1789203145.4838018,1789203145.4838018,0.5963
/camera/world/agv2_confidence,1789203145.5137224,1789203145.5137224,0.5694
/camera/world/agv3_confidence,1789203145.5138614,1789203145.5138614,0.6083
/camera/world/agv1_confidence,1789203145.5139322,1789203145.5139322,0.5947
/camera/world/agv1_confidence,1789203145.5544503,1789203145.5544503,0.5973
/camera/world/agv2_confidence,1789203145.5545015,1789203145.5545015,0.5871
/camera/world/agv3_confidence,1789203145.5546138,1789203145.5546138,0.5858
/camera/world/agv2_confidence,1789203145.5894988,1789203145.5894988,0.5642
/camera/world/agv3_confidence,1789203145.5896215,1789203145.5896215,0.597
/camera/world/agv1_confidence,1789203145.5896287,1789203145.5896287,0.5972
/camera/world/agv1_confidence,1789203145.6159308,1789203145.6159308,0.5948
/camera/world/agv2_confidence,1789203145.6160734,1789203145.6160734,0.5905
/camera/world/agv3_confidence,1789203145.6162605,1789203145.6162605,0.5956
/camera/world/agv1_confidence,1789203145.6467202,1789203145.6467202,0.5959
/camera/world/agv2_confidence,1789203145.6467829,1789203145.6467829,0.5929
/camera/world/agv3_confidence,1789203145.647051,1789203145.647051,0.5976
/camera/world/agv1_confidence,1789203145.6867385,1789203145.6867385,0.5939
/camera/world/agv3_confidence,1789203145.6867545,1789203145.6867545,0.5995
/camera/world/agv2_confidence,1789203145.686875,1789203145.686875,0.5854
/camera/world/agv2_confidence,1789203145.7184794,1789203145.7184794,0.5866
/camera/world/agv1_confidence,1789203145.7185102,1789203145.7185102,0.5938
/camera/world/agv3_confidence,1789203145.7186384,1789203145.7186384,0.6002
/camera/world/agv1_confidence,1789203145.7531915,1789203145.7531915,0.5948
/camera/world/agv2_confidence,1789203145.7532318,1789203145.7532318,0.5899
/camera/world/agv3_confidence,1789203145.753235,1789203145.753235,0.5999
/camera/world/agv3_confidence,1789203145.7889004,1789203145.7889004,0.6074
/camera/world/agv2_confidence,1789203145.7889032,1789203145.7889032,0.5899
/camera/world/agv1_confidence,1789203145.788981,1789203145.788981,0.595
/camera/world/agv2_confidence,1789203145.827241,1789203145.827241,0.5903
/camera/world/agv1_confidence,1789203145.8272865,1789203145.8272865,0.5937
/camera/world/agv3_confidence,1789203145.827528,1789203145.827528,0.5992
/camera/world/agv1_confidence,1789203145.8628895,1789203145.8628895,0.596
/camera/world/agv2_confidence,1789203145.862918,1789203145.862918,0.5882
/camera/world/agv3_confidence,1789203145.8632278,1789203145.8632278,0.6009
/camera/world/agv2_confidence,1789203145.8808265,1789203145.8808265,0.5917
/camera/world/agv1_confidence,1789203145.8809211,1789203145.8809211,0.5949
/camera/world/agv3_confidence,1789203145.8810837,1789203145.8810837,0.5855
/camera/world/agv2_confidence,1789203145.9280746,1789203145.9280746,0.59
/camera/world/agv1_confidence,1789203145.9280834,1789203145.9280834,0.5943
/camera/world/agv3_confidence,1789203145.9286838,1789203145.9286838,0.5968
/camera/world/agv2_confidence,1789203145.9624732,1789203145.9624732,0.5911
/camera/world/agv1_confidence,1789203145.9624774,1789203145.9624774,0.5951
/camera/world/agv3_confidence,1789203145.962512,1789203145.962512,0.6041
/camera/world/agv1_confidence,1789203145.9888647,1789203145.9888647,0.5945
/camera/world/agv3_confidence,1789203145.988865,1789203145.988865,0.5972
/camera/world/agv2_confidence,1789203145.988965,1789203145.988965,0.5894
/camera/world/agv3_confidence,1789203146.023628,1789203146.023628,0.5427
/camera/world/agv1_confidence,1789203146.0236473,1789203146.0236473,0.569
/camera/world/agv2_confidence,1789203146.0237007,1789203146.0237007,0.5905
/camera/world/agv3_confidence,1789203146.0567963,1789203146.0567963,0.6053
/camera/world/agv2_confidence,1789203146.056811,1789203146.056811,0.5905
/camera/world/agv1_confidence,1789203146.0568502,1789203146.0568502,0.5955
/camera/world/agv1_confidence,1789203146.0856023,1789203146.0856023,0.5694
/camera/world/agv3_confidence,1789203146.0856233,1789203146.0856233,0.5983
/camera/world/agv2_confidence,1789203146.0857773,1789203146.0857773,0.5888
/camera/world/agv2_confidence,1789203146.1177247,1789203146.1177247,0.5577
/camera/world/agv1_confidence,1789203146.1178272,1789203146.1178272,0.5958
/camera/world/agv3_confidence,1789203146.1179247,1789203146.1179247,0.5968
/camera/world/agv2_confidence,1789203146.1496756,1789203146.1496756,0.5893
/camera/world/agv1_confidence,1789203146.1497617,1789203146.1497617,0.5951
/camera/world/agv3_confidence,1789203146.149902,1789203146.149902,0.5624
/camera/world/agv1_confidence,1789203146.1818652,1789203146.1818652,0.5931
/camera/world/agv2_confidence,1789203146.1818802,1789203146.1818802,0.5897
/camera/world/agv3_confidence,1789203146.1820562,1789203146.1820562,0.5689
/camera/world/agv1_confidence,1789203146.2308185,1789203146.2308185,0.594
/camera/world/agv2_confidence,1789203146.2309153,1789203146.2309153,0.5881
/camera/world/agv3_confidence,1789203146.231033,1789203146.231033,0.5941
/camera/world/agv1_confidence,1789203146.2605429,1789203146.2605429,0.5938
/camera/world/agv3_confidence,1789203146.2605546,1789203146.2605546,0.597
/camera/world/agv2_confidence,1789203146.2606854,1789203146.2606854,0.5924
/camera/world/agv1_confidence,1789203146.2949233,1789203146.2949233,0.5961
/camera/world/agv2_confidence,1789203146.2949624,1789203146.2949624,0.589
/camera/world/agv3_confidence,1789203146.2950947,1789203146.2950947,0.5994
/camera/world/agv1_confidence,1789203146.3221252,1789203146.3221252,0.5925
/camera/world/agv3_confidence,1789203146.3221314,1789203146.3221314,0.597
/camera/world/agv2_confidence,1789203146.3223116,1789203146.3223116,0.5883
/camera/world/agv2_confidence,1789203146.354754,1789203146.354754,0.5904
/camera/world/agv1_confidence,1789203146.3548265,1789203146.3548265,0.5933
/camera/world/agv3_confidence,1789203146.3548791,1789203146.3548791,0.5966
/camera/world/agv2_confidence,1789203146.3873491,1789203146.3873491,0.5641
/camera/world/agv1_confidence,1789203146.3875148,1789203146.3875148,0.5959
/camera/world/agv3_confidence,1789203146.3875813,1789203146.3875813,0.5983
/camera/world/agv1_confidence,1789203146.4167702,1789203146.4167702,0.595
/camera/world/agv3_confidence,1789203146.4168572,1789203146.4168572,0.6066
/camera/world/agv2_confidence,1789203146.416865,1789203146.416865,0.5883
/camera/world/agv1_confidence,1789203146.4550653,1789203146.4550653,0.5917
/camera/world/agv3_confidence,1789203146.4552085,1789203146.4552085,0.6064
/camera/world/agv2_confidence,1789203146.4552538,1789203146.4552538,0.5605
/camera/world/agv1_confidence,1789203146.4828165,1789203146.4828165,0.5926
/camera/world/agv2_confidence,1789203146.4828634,1789203146.4828634,0.5897
/camera/world/agv3_confidence,1789203146.4830294,1789203146.4830294,0.5951
/camera/world/agv3_confidence,1789203146.5236518,1789203146.5236518,0.5969
/camera/world/agv2_confidence,1789203146.5238128,1789203146.5238128,0.5894
/camera/world/agv1_confidence,1789203146.5239246,1789203146.5239246,0.5921
/camera/world/agv2_confidence,1789203146.545031,1789203146.545031,0.5888
/camera/world/agv1_confidence,1789203146.5452077,1789203146.5452077,0.5911
/camera/world/agv3_confidence,1789203146.5452788,1789203146.5452788,0.5988
/camera/world/agv2_confidence,1789203146.5844047,1789203146.5844047,0.5916
/camera/world/agv1_confidence,1789203146.5845013,1789203146.5845013,0.5718
/camera/world/agv3_confidence,1789203146.5847461,1789203146.5847461,0.595
/camera/world/agv2_confidence,1789203146.6146152,1789203146.6146152,0.5895
/camera/world/agv1_confidence,1789203146.614865,1789203146.614865,0.5917
/camera/world/agv3_confidence,1789203146.614926,1789203146.614926,0.5967
/camera/world/agv1_confidence,1789203146.6527026,1789203146.6527026,0.5928
/camera/world/agv2_confidence,1789203146.6529064,1789203146.6529064,0.5661
/camera/world/agv3_confidence,1789203146.6530416,1789203146.6530416,0.5841
/camera/world/agv1_confidence,1789203146.68467,1789203146.68467,0.5923
/camera/world/agv2_confidence,1789203146.6846821,1789203146.6846821,0.5912
/camera/world/agv3_confidence,1789203146.6849492,1789203146.6849492,0.5913
/camera/world/agv1_confidence,1789203146.71347,1789203146.71347,0.5927
/camera/world/agv2_confidence,1789203146.7135434,1789203146.7135434,0.5695
/camera/world/agv3_confidence,1789203146.713701,1789203146.713701,0.6005
/camera/world/agv3_confidence,1789203146.7650375,1789203146.7650375,0.603
/camera/world/agv1_confidence,1789203146.7650445,1789203146.7650445,0.5931
/camera/world/agv2_confidence,1789203146.7652009,1789203146.7652009,0.5889
/camera/world/agv2_confidence,1789203146.7898214,1789203146.7898214,0.5902
/camera/world/agv1_confidence,1789203146.7899735,1789203146.7899735,0.5913
/camera/world/agv3_confidence,1789203146.7902112,1789203146.7902112,0.6056
/camera/world/agv2_confidence,1789203146.820465,1789203146.820465,0.5904
/camera/world/agv1_confidence,1789203146.8204768,1789203146.8204768,0.5911
/camera/world/agv3_confidence,1789203146.8206713,1789203146.8206713,0.6016
/camera/world/agv2_confidence,1789203146.8594701,1789203146.8594701,0.5879
/camera/world/agv1_confidence,1789203146.8594847,1789203146.8594847,0.5911
/camera/world/agv3_confidence,1789203146.8595526,1789203146.8595526,0.6051
/camera/world/agv2_confidence,1789203146.8902543,1789203146.8902543,0.5884
/camera/world/agv1_confidence,1789203146.890261,1789203146.890261,0.5908
/camera/world/agv3_confidence,1789203146.8905036,1789203146.8905036,0.6012
/camera/world/agv1_confidence,1789203146.9274578,1789203146.9274578,0.5923
/camera/world/agv3_confidence,1789203146.9274755,1789203146.9274755,0.5662
/camera/world/agv2_confidence,1789203146.927583,1789203146.927583,0.5876
/camera/world/agv2_confidence,1789203146.9620078,1789203146.9620078,0.5885
/camera/world/agv1_confidence,1789203146.9620495,1789203146.9620495,0.5953
/camera/world/agv3_confidence,1789203146.962054,1789203146.962054,0.6066
/camera/world/agv2_confidence,1789203146.9914248,1789203146.9914248,0.5899
/camera/world/agv1_confidence,1789203146.9914396,1789203146.9914396,0.5908
/camera/world/agv3_confidence,1789203146.9916627,1789203146.9916627,0.6042
/camera/world/agv1_confidence,1789203147.0349052,1789203147.0349052,0.5933
/camera/world/agv3_confidence,1789203147.0349605,1789203147.0349605,0.5994
/camera/world/agv2_confidence,1789203147.0350084,1789203147.0350084,0.5912
/camera/world/agv1_confidence,1789203147.0505826,1789203147.0505826,0.5942
/camera/world/agv2_confidence,1789203147.0506527,1789203147.0506527,0.5899
/camera/world/agv3_confidence,1789203147.0508306,1789203147.0508306,0.5986
/camera/world/agv1_confidence,1789203147.092649,1789203147.092649,0.5923
/camera/world/agv3_confidence,1789203147.0926504,1789203147.0926504,0.5969
/camera/world/agv2_confidence,1789203147.0927048,1789203147.0927048,0.5897
/camera/world/agv3_confidence,1789203147.1381752,1789203147.1381752,0.599
/camera/world/agv1_confidence,1789203147.1382985,1789203147.1382985,0.5929
/camera/world/agv2_confidence,1789203147.1384163,1789203147.1384163,0.5895
/camera/world/agv1_confidence,1789203147.1543095,1789203147.1543095,0.592
/camera/world/agv2_confidence,1789203147.1544094,1789203147.1544094,0.5882
/camera/world/agv3_confidence,1789203147.1544719,1789203147.1544719,0.6038
/camera/world/agv3_confidence,1789203147.1937273,1789203147.1937273,0.5742
/camera/world/agv2_confidence,1789203147.193744,1789203147.193744,0.5923
/camera/world/agv1_confidence,1789203147.19382,1789203147.19382,0.5908
/camera/world/agv2_confidence,1789203147.215283,1789203147.215283,0.5886
/camera/world/agv1_confidence,1789203147.2153769,1789203147.2153769,0.5905
/camera/world/agv3_confidence,1789203147.2153802,1789203147.2153802,0.5718
/camera/world/agv1_confidence,1789203147.2543895,1789203147.2543895,0.5905
/camera/world/agv3_confidence,1789203147.2544057,1789203147.2544057,0.5983
/camera/world/agv2_confidence,1789203147.2544186,1789203147.2544186,0.5926
/camera/world/agv1_confidence,1789203147.2981558,1789203147.2981558,0.5689
/camera/world/agv2_confidence,1789203147.298237,1789203147.298237,0.5903
/camera/world/agv3_confidence,1789203147.298424,1789203147.298424,0.6044
/camera/world/agv1_confidence,1789203147.3155499,1789203147.3155499,0.5935
/camera/world/agv2_confidence,1789203147.315655,1789203147.315655,0.5923
/camera/world/agv3_confidence,1789203147.3158236,1789203147.3158236,0.6018
/camera/world/agv1_confidence,1789203147.3542106,1789203147.3542106,0.5909
/camera/world/agv2_confidence,1789203147.3542783,1789203147.3542783,0.5904
/camera/world/agv3_confidence,1789203147.354472,1789203147.354472,0.6022
/camera/world/agv2_confidence,1789203147.4015691,1789203147.4015691,0.588
/camera/world/agv1_confidence,1789203147.4016469,1789203147.4016469,0.591
/camera/world/agv3_confidence,1789203147.4017735,1789203147.4017735,0.6005
/camera/world/agv1_confidence,1789203147.4175832,1789203147.4175832,0.594
/camera/world/agv2_confidence,1789203147.4176135,1789203147.4176135,0.5912
/camera/world/agv3_confidence,1789203147.4178462,1789203147.4178462,0.5693
/camera/world/agv1_confidence,1789203147.4589071,1789203147.4589071,0.5905
/camera/world/agv2_confidence,1789203147.4589589,1789203147.4589589,0.5681
/camera/world/agv3_confidence,1789203147.4592025,1789203147.4592025,0.6023
/camera/world/agv1_confidence,1789203147.5048094,1789203147.5048094,0.5671
/camera/world/agv2_confidence,1789203147.504986,1789203147.504986,0.5901
/camera/world/agv3_confidence,1789203147.505089,1789203147.505089,0.567
/camera/world/agv2_confidence,1789203147.527019,1789203147.527019,0.5886
/camera/world/agv1_confidence,1789203147.5270243,1789203147.5270243,0.5913
/camera/world/agv3_confidence,1789203147.5272875,1789203147.5272875,0.5994
/camera/world/agv1_confidence,1789203147.5470223,1789203147.5470223,0.5919
/camera/world/agv2_confidence,1789203147.5471509,1789203147.5471509,0.5907
/camera/world/agv3_confidence,1789203147.547214,1789203147.547214,0.6023
/camera/world/agv1_confidence,1789203147.599426,1789203147.599426,0.5883
/camera/world/agv2_confidence,1789203147.5996246,1789203147.5996246,0.5887
/camera/world/agv3_confidence,1789203147.5996628,1789203147.5996628,0.6022
/camera/world/agv2_confidence,1789203147.6159482,1789203147.6159482,0.5917
/camera/world/agv3_confidence,1789203147.6160045,1789203147.6160045,0.5985
/camera/world/agv1_confidence,1789203147.6160295,1789203147.6160295,0.5938
/camera/world/agv3_confidence,1789203147.65978,1789203147.65978,0.6
/camera/world/agv2_confidence,1789203147.659833,1789203147.659833,0.59
/camera/world/agv1_confidence,1789203147.6598623,1789203147.6598623,0.5917
/camera/world/agv1_confidence,1789203147.7028117,1789203147.7028117,0.5682
/camera/world/agv3_confidence,1789203147.7028177,1789203147.7028177,0.5995
/camera/world/agv2_confidence,1789203147.7028205,1789203147.7028205,0.5897
/camera/world/agv1_confidence,1789203147.7215955,1789203147.7215955,0.5919
/camera/world/agv2_confidence,1789203147.7217062,1789203147.7217062,0.5903
/camera/world/agv3_confidence,1789203147.7219799,1789203147.7219799,0.5996
/camera/world/agv1_confidence,1789203147.7618308,1789203147.7618308,0.5923
/camera/world/agv3_confidence,1789203147.7618716,1789203147.7618716,0.5764
/camera/world/agv2_confidence,1789203147.761879,1789203147.761879,0.589
/camera/world/agv1_confidence,1789203147.79963,1789203147.79963,0.5901
/camera/world/agv2_confidence,1789203147.799636,1789203147.799636,0.5922
/camera/world/agv3_confidence,1789203147.7998185,1789203147.7998185,0.5703
/camera/world/agv1_confidence,1789203147.8139377,1789203147.8139377,0.5894
/camera/world/agv2_confidence,1789203147.813972,1789203147.813972,0.5882
/camera/world/agv3_confidence,1789203147.8141756,1789203147.8141756,0.6022
/camera/world/agv2_confidence,1789203147.8613284,1789203147.8613284,0.5902
/camera/world/agv1_confidence,1789203147.8613348,1789203147.8613348,0.5897
/camera/world/agv3_confidence,1789203147.8615043,1789203147.8615043,0.5999
/camera/world/agv2_confidence,1789203147.896936,1789203147.896936,0.5911
/camera/world/agv1_confidence,1789203147.8969486,1789203147.8969486,0.5897
/camera/world/agv3_confidence,1789203147.897023,1789203147.897023,0.6002
/camera/world/agv1_confidence,1789203147.929611,1789203147.929611,0.5912
/camera/world/agv3_confidence,1789203147.9296842,1789203147.9296842,0.6032
/camera/world/agv2_confidence,1789203147.929807,1789203147.929807,0.5899
/camera/world/agv1_confidence,1789203147.9545147,1789203147.9545147,0.5902
/camera/world/agv2_confidence,1789203147.9545565,1789203147.9545565,0.5893
/camera/world/agv3_confidence,1789203147.9545848,1789203147.9545848,0.6036
/camera/world/agv1_confidence,1789203147.9844568,1789203147.9844568,0.5896
/camera/world/agv3_confidence,1789203147.984604,1789203147.984604,0.6025
/camera/world/agv2_confidence,1789203147.9846084,1789203147.9846084,0.59
/camera/world/agv1_confidence,1789203148.0244381,1789203148.0244381,0.5898
/camera/world/agv2_confidence,1789203148.0244744,1789203148.0244744,0.5884
/camera/world/agv3_confidence,1789203148.024813,1789203148.024813,0.6021
/camera/world/agv1_confidence,1789203148.053266,1789203148.053266,0.5902
/camera/world/agv2_confidence,1789203148.053353,1789203148.053353,0.5895
/camera/world/agv3_confidence,1789203148.0537007,1789203148.0537007,0.6023
/camera/world/agv3_confidence,1789203148.1071072,1789203148.1071072,0.6019
/camera/world/agv1_confidence,1789203148.1071174,1789203148.1071174,0.5857
/camera/world/agv2_confidence,1789203148.107222,1789203148.107222,0.59
/camera/world/agv1_confidence,1789203148.1380892,1789203148.1380892,0.5904
/camera/world/agv2_confidence,1789203148.1382318,1789203148.1382318,0.5897
/camera/world/agv3_confidence,1789203148.1382444,1789203148.1382444,0.5989
/camera/world/agv1_confidence,1789203148.1496437,1789203148.1496437,0.591
/camera/world/agv2_confidence,1789203148.1499245,1789203148.1499245,0.589
/camera/world/agv3_confidence,1789203148.1499727,1789203148.1499727,0.5985
/camera/world/agv1_confidence,1789203148.183914,1789203148.183914,0.5904
/camera/world/agv2_confidence,1789203148.1842954,1789203148.1842954,0.5889
/camera/world/agv3_confidence,1789203148.1844022,1789203148.1844022,0.5631
/camera/world/agv1_confidence,1789203148.2139373,1789203148.2139373,0.5877
/camera/world/agv2_confidence,1789203148.2141128,1789203148.2141128,0.5905
/camera/world/agv3_confidence,1789203148.2142887,1789203148.2142887,0.6066
/camera/world/agv1_confidence,1789203148.2627704,1789203148.2627704,0.5885
/camera/world/agv3_confidence,1789203148.2627733,1789203148.2627733,0.6035
/camera/world/agv2_confidence,1789203148.2627923,1789203148.2627923,0.5901
/camera/world/agv1_confidence,1789203148.297231,1789203148.297231,0.5853
/camera/world/agv2_confidence,1789203148.2972455,1789203148.2972455,0.5889
/camera/world/agv3_confidence,1789203148.297267,1789203148.297267,0.602
/camera/world/agv1_confidence,1789203148.3262918,1789203148.3262918,0.5896
/camera/world/agv2_confidence,1789203148.3264623,1789203148.3264623,0.5889
/camera/world/agv3_confidence,1789203148.3265395,1789203148.3265395,0.5997
/camera/world/agv3_confidence,1789203148.3596654,1789203148.3596654,0.6027
/camera/world/agv1_confidence,1789203148.3597012,1789203148.3597012,0.5885
/camera/world/agv2_confidence,1789203148.3598506,1789203148.3598506,0.5919
/camera/world/agv2_confidence,1789203148.38964,1789203148.38964,0.5715
/camera/world/agv1_confidence,1789203148.3896456,1789203148.3896456,0.5864
/camera/world/agv3_confidence,1789203148.389709,1789203148.389709,0.6051
/camera/world/agv1_confidence,1789203148.4232628,1789203148.4232628,0.5864
/camera/world/agv3_confidence,1789203148.4232664,1789203148.4232664,0.6001
/camera/world/agv2_confidence,1789203148.4232717,1789203148.4232717,0.5884
/camera/world/agv2_confidence,1789203148.4492893,1789203148.4492893,0.5897
/camera/world/agv1_confidence,1789203148.4493914,1789203148.4493914,0.5833
/camera/world/agv3_confidence,1789203148.4494705,1789203148.4494705,0.6007
/camera/world/agv1_confidence,1789203148.4981058,1789203148.4981058,0.5664
/camera/world/agv2_confidence,1789203148.498255,1789203148.498255,0.5895
/camera/world/agv3_confidence,1789203148.4983938,1789203148.4983938,0.602
/camera/world/agv1_confidence,1789203148.5323002,1789203148.5323002,0.5864
/camera/world/agv2_confidence,1789203148.532322,1789203148.532322,0.589
/camera/world/agv3_confidence,1789203148.5323749,1789203148.5323749,0.6029
/camera/world/agv1_confidence,1789203148.5740545,1789203148.5740545,0.5875
/camera/world/agv3_confidence,1789203148.5740933,1789203148.5740933,0.6027
/camera/world/agv2_confidence,1789203148.5742264,1789203148.5742264,0.591
/camera/world/agv1_confidence,1789203148.5838327,1789203148.5838327,0.5852
/camera/world/agv2_confidence,1789203148.5842652,1789203148.5842652,0.5892
/camera/world/agv3_confidence,1789203148.5843863,1789203148.5843863,0.5822
/camera/world/agv1_confidence,1789203148.6150553,1789203148.6150553,0.5864
/camera/world/agv3_confidence,1789203148.6150575,1789203148.6150575,0.603
/camera/world/agv2_confidence,1789203148.6152399,1789203148.6152399,0.5894
/camera/world/agv1_confidence,1789203148.6461098,1789203148.6461098,0.5868
/camera/world/agv2_confidence,1789203148.6462717,1789203148.6462717,0.5904
/camera/world/agv3_confidence,1789203148.6464262,1789203148.6464262,0.6034
/camera/world/agv2_confidence,1789203148.6825266,1789203148.6825266,0.5914
/camera/world/agv3_confidence,1789203148.682811,1789203148.682811,0.6032
/camera/world/agv1_confidence,1789203148.6828423,1789203148.6828423,0.5894
/camera/world/agv1_confidence,1789203148.7295454,1789203148.7295454,0.5567
/camera/world/agv3_confidence,1789203148.7299287,1789203148.7299287,0.6032
/camera/world/agv2_confidence,1789203148.7299643,1789203148.7299643,0.5912
/camera/world/agv1_confidence,1789203148.7613153,1789203148.7613153,0.5883
/camera/world/agv2_confidence,1789203148.7615356,1789203148.7615356,0.5903
/camera/world/agv3_confidence,1789203148.761665,1789203148.761665,0.577
/camera/world/agv1_confidence,1789203148.7938974,1789203148.7938974,0.5895
/camera/world/agv2_confidence,1789203148.793962,1789203148.793962,0.5903
/camera/world/agv3_confidence,1789203148.793984,1789203148.793984,0.5997
/camera/world/agv1_confidence,1789203148.8228972,1789203148.8228972,0.589
/camera/world/agv2_confidence,1789203148.8229425,1789203148.8229425,0.5894
/camera/world/agv3_confidence,1789203148.8230307,1789203148.8230307,0.6002
/camera/world/agv1_confidence,1789203148.8580916,1789203148.8580916,0.5785
/camera/world/agv2_confidence,1789203148.8581765,1789203148.8581765,0.5896
/camera/world/agv3_confidence,1789203148.8584063,1789203148.8584063,0.6021
/camera/world/agv1_confidence,1789203148.8870983,1789203148.8870983,0.5827
/camera/world/agv3_confidence,1789203148.887101,1789203148.887101,0.6042
/camera/world/agv2_confidence,1789203148.8871336,1789203148.8871336,0.59
/camera/world/agv1_confidence,1789203148.923239,1789203148.923239,0.5629
/camera/world/agv2_confidence,1789203148.9232495,1789203148.9232495,0.5887
/camera/world/agv3_confidence,1789203148.9232752,1789203148.9232752,0.6005
/camera/world/agv1_confidence,1789203148.954956,1789203148.954956,0.5699
/camera/world/agv3_confidence,1789203148.9549916,1789203148.9549916,0.6023
/camera/world/agv2_confidence,1789203148.955119,1789203148.955119,0.5888
/camera/world/agv1_confidence,1789203148.9849725,1789203148.9849725,0.5713
/camera/world/agv3_confidence,1789203148.985116,1789203148.985116,0.6031
/camera/world/agv2_confidence,1789203148.985152,1789203148.985152,0.5882
/camera/world/agv1_confidence,1789203149.0264115,1789203149.0264115,0.5648
/camera/world/agv3_confidence,1789203149.0264513,1789203149.0264513,0.6028
/camera/world/agv2_confidence,1789203149.0266373,1789203149.0266373,0.5886
/camera/world/agv1_confidence,1789203149.055349,1789203149.055349,0.5894
/camera/world/agv2_confidence,1789203149.055349,1789203149.055349,0.5894
/camera/world/agv3_confidence,1789203149.055812,1789203149.055812,0.6032
/camera/world/agv1_confidence,1789203149.0835211,1789203149.0835211,0.589
/camera/world/agv2_confidence,1789203149.0838935,1789203149.0838935,0.5907
/camera/world/agv3_confidence,1789203149.0841043,1789203149.0841043,0.6018
/camera/world/agv2_confidence,1789203149.1215146,1789203149.1215146,0.5909
/camera/world/agv1_confidence,1789203149.1218374,1789203149.1218374,0.5516
/camera/world/agv3_confidence,1789203149.1218534,1789203149.1218534,0.5789
/camera/world/agv1_confidence,1789203149.1479216,1789203149.1479216,0.5604
/camera/world/agv3_confidence,1789203149.14811,1789203149.14811,0.6033
/camera/world/agv2_confidence,1789203149.148332,1789203149.148332,0.5883
/camera/world/agv1_confidence,1789203149.1799333,1789203149.1799333,0.5765
/camera/world/agv3_confidence,1789203149.1802216,1789203149.1802216,0.6068
/camera/world/agv2_confidence,1789203149.1803124,1789203149.1803124,0.5887
/camera/world/agv3_confidence,1789203149.2158859,1789203149.2158859,0.6004
/camera/world/agv2_confidence,1789203149.2159467,1789203149.2159467,0.5901
/camera/world/agv1_confidence,1789203149.2159905,1789203149.2159905,0.5592
/camera/world/agv1_confidence,1789203149.2570555,1789203149.2570555,0.5903
/camera/world/agv3_confidence,1789203149.2572594,1789203149.2572594,0.6048
/camera/world/agv2_confidence,1789203149.2572627,1789203149.2572627,0.5889
/camera/world/agv3_confidence,1789203149.284079,1789203149.284079,0.6007
/camera/world/agv1_confidence,1789203149.2843149,1789203149.2843149,0.5886
/camera/world/agv2_confidence,1789203149.284317,1789203149.284317,0.5901
/camera/world/agv1_confidence,1789203149.3165863,1789203149.3165863,0.5835
/camera/world/agv3_confidence,1789203149.3165958,1789203149.3165958,0.6017
/camera/world/agv2_confidence,1789203149.3166006,1789203149.3166006,0.5889
/camera/world/agv3_confidence,1789203149.355143,1789203149.355143,0.6017
/camera/world/agv2_confidence,1789203149.3551989,1789203149.3551989,0.5881
/camera/world/agv1_confidence,1789203149.3553445,1789203149.3553445,0.5894
/camera/world/agv1_confidence,1789203149.3907,1789203149.3907,0.5855
/camera/world/agv3_confidence,1789203149.3908696,1789203149.3908696,0.571
/camera/world/agv2_confidence,1789203149.3910673,1789203149.3910673,0.5881
/camera/world/agv1_confidence,1789203149.422685,1789203149.422685,0.5812
/camera/world/agv2_confidence,1789203149.422693,1789203149.422693,0.5881
/camera/world/agv3_confidence,1789203149.422879,1789203149.422879,0.5793
/camera/world/agv1_confidence,1789203149.453477,1789203149.453477,0.5736
/camera/world/agv3_confidence,1789203149.4536335,1789203149.4536335,0.6007
/camera/world/agv2_confidence,1789203149.4536524,1789203149.4536524,0.5901
/camera/world/agv2_confidence,1789203149.4845176,1789203149.4845176,0.5895
/camera/world/agv1_confidence,1789203149.4845204,1789203149.4845204,0.5672
/camera/world/agv3_confidence,1789203149.484543,1789203149.484543,0.6015
/camera/world/agv1_confidence,1789203149.5129275,1789203149.5129275,0.5841
/camera/world/agv3_confidence,1789203149.5131965,1789203149.5131965,0.6035
/camera/world/agv2_confidence,1789203149.5132015,1789203149.5132015,0.587
/camera/world/agv1_confidence,1789203149.5446434,1789203149.5446434,0.5864
/camera/world/agv3_confidence,1789203149.5446713,1789203149.5446713,0.6033
/camera/world/agv2_confidence,1789203149.5447288,1789203149.5447288,0.5873
/camera/world/agv1_confidence,1789203149.5845313,1789203149.5845313,0.5657
/camera/world/agv2_confidence,1789203149.5846412,1789203149.5846412,0.5889
/camera/world/agv3_confidence,1789203149.5846446,1789203149.5846446,0.6036
/camera/world/agv2_confidence,1789203149.6170511,1789203149.6170511,0.5882
/camera/world/agv1_confidence,1789203149.617067,1789203149.617067,0.5855
/camera/world/agv3_confidence,1789203149.617207,1789203149.617207,0.6023
/camera/world/agv2_confidence,1789203149.655776,1789203149.655776,0.5877
/camera/world/agv1_confidence,1789203149.6557813,1789203149.6557813,0.5868
/camera/world/agv3_confidence,1789203149.655802,1789203149.655802,0.6046
/camera/world/agv3_confidence,1789203149.6855874,1789203149.6855874,0.6017
/camera/world/agv2_confidence,1789203149.6856425,1789203149.6856425,0.569
/camera/world/agv1_confidence,1789203149.685785,1789203149.685785,0.5863
/camera/world/agv1_confidence,1789203149.7170494,1789203149.7170494,0.5854
/camera/world/agv3_confidence,1789203149.7170744,1789203149.7170744,0.6011
/camera/world/agv2_confidence,1789203149.717256,1789203149.717256,0.5696
/camera/world/agv1_confidence,1789203149.7632265,1789203149.7632265,0.5821
/camera/world/agv2_confidence,1789203149.7633991,1789203149.7633991,0.5876
/camera/world/agv3_confidence,1789203149.763485,1789203149.763485,0.603
/camera/world/agv1_confidence,1789203149.789557,1789203149.789557,0.5815
/camera/world/agv3_confidence,1789203149.7899222,1789203149.7899222,0.6017
/camera/world/agv2_confidence,1789203149.78999,1789203149.78999,0.5887
/camera/world/agv1_confidence,1789203149.8182144,1789203149.8182144,0.5776
/camera/world/agv2_confidence,1789203149.8183198,1789203149.8183198,0.5876
/camera/world/agv3_confidence,1789203149.8184793,1789203149.8184793,0.602
/camera/world/agv1_confidence,1789203149.86135,1789203149.86135,0.5801
/camera/world/agv3_confidence,1789203149.8613842,1789203149.8613842,0.6024
/camera/world/agv2_confidence,1789203149.8614159,1789203149.8614159,0.5874
/camera/world/agv1_confidence,1789203149.8789952,1789203149.8789952,0.5819
/camera/world/agv2_confidence,1789203149.8790214,1789203149.8790214,0.5869
/camera/world/agv3_confidence,1789203149.879142,1789203149.879142,0.6022
/camera/world/agv3_confidence,1789203149.9206362,1789203149.9206362,0.6015
/camera/world/agv1_confidence,1789203149.9206393,1789203149.9206393,0.5821
/camera/world/agv2_confidence,1789203149.9206426,1789203149.9206426,0.5705
/camera/world/agv1_confidence,1789203149.9537075,1789203149.9537075,0.5741
/camera/world/agv3_confidence,1789203149.953933,1789203149.953933,0.6025
/camera/world/agv2_confidence,1789203149.9539392,1789203149.9539392,0.5889
/camera/world/agv1_confidence,1789203149.9838016,1789203149.9838016,0.5752
/camera/world/agv3_confidence,1789203149.9838638,1789203149.9838638,0.603
/camera/world/agv2_confidence,1789203149.983874,1789203149.983874,0.5867
/camera/world/agv2_confidence,1789203150.0232992,1789203150.0232992,0.5869
/camera/world/agv1_confidence,1789203150.0233247,1789203150.0233247,0.5696
/camera/world/agv3_confidence,1789203150.0234368,1789203150.0234368,0.6034
/camera/world/agv3_confidence,1789203150.0493658,1789203150.0493658,0.6055
/camera/world/agv1_confidence,1789203150.0494194,1789203150.0494194,0.5617
/camera/world/agv2_confidence,1789203150.0494998,1789203150.0494998,0.5868
/camera/world/agv2_confidence,1789203150.0904915,1789203150.0904915,0.5869
/camera/world/agv1_confidence,1789203150.090543,1789203150.090543,0.5374
/camera/world/agv3_confidence,1789203150.0905812,1789203150.0905812,0.6013
/camera/world/agv2_confidence,1789203150.1214304,1789203150.1214304,0.588
/camera/world/agv1_confidence,1789203150.1214688,1789203150.1214688,0.5787
/camera/world/agv3_confidence,1789203150.1214797,1789203150.1214797,0.6028
/camera/world/agv1_confidence,1789203150.1466787,1789203150.1466787,0.5679
/camera/world/agv2_confidence,1789203150.1467407,1789203150.1467407,0.5874
/camera/world/agv3_confidence,1789203150.146888,1789203150.146888,0.6028
/camera/world/agv1_confidence,1789203150.1887276,1789203150.1887276,0.5804
/camera/world/agv2_confidence,1789203150.188955,1789203150.188955,0.5867
/camera/world/agv3_confidence,1789203150.1889632,1789203150.1889632,0.6038
/camera/world/agv2_confidence,1789203150.2163162,1789203150.2163162,0.5864
/camera/world/agv1_confidence,1789203150.2164292,1789203150.2164292,0.5807
/camera/world/agv3_confidence,1789203150.2164316,1789203150.2164316,0.6011
/camera/world/agv1_confidence,1789203150.2468908,1789203150.2468908,0.5714
/camera/world/agv2_confidence,1789203150.2468944,1789203150.2468944,0.5876
/camera/world/agv3_confidence,1789203150.2472425,1789203150.2472425,0.6019
/camera/world/agv1_confidence,1789203150.2979012,1789203150.2979012,0.5455
/camera/world/agv2_confidence,1789203150.297966,1789203150.297966,0.5877
/camera/world/agv3_confidence,1789203150.2980733,1789203150.2980733,0.6036
/camera/world/agv1_confidence,1789203150.330342,1789203150.330342,0.584
/camera/world/agv2_confidence,1789203150.3304772,1789203150.3304772,0.563
/camera/world/agv3_confidence,1789203150.3306935,1789203150.3306935,0.6018
/camera/world/agv3_confidence,1789203150.3539124,1789203150.3539124,0.6025
/camera/world/agv2_confidence,1789203150.3539872,1789203150.3539872,0.5859
/camera/world/agv1_confidence,1789203150.3540454,1789203150.3540454,0.5864
/camera/world/agv1_confidence,1789203150.3967662,1789203150.3967662,0.5839
/camera/world/agv2_confidence,1789203150.396928,1789203150.396928,0.5854
/camera/world/agv3_confidence,1789203150.397042,1789203150.397042,0.6036
/camera/world/agv2_confidence,1789203150.4266891,1789203150.4266891,0.5859
/camera/world/agv3_confidence,1789203150.4267738,1789203150.4267738,0.6004
/camera/world/agv1_confidence,1789203150.4268398,1789203150.4268398,0.5803
/camera/world/agv2_confidence,1789203150.4557867,1789203150.4557867,0.5861
/camera/world/agv1_confidence,1789203150.4558282,1789203150.4558282,0.5813
/camera/world/agv3_confidence,1789203150.455975,1789203150.455975,0.5827
/camera/world/agv1_confidence,1789203150.4910436,1789203150.4910436,0.5465
/camera/world/agv2_confidence,1789203150.4910688,1789203150.4910688,0.5645
/camera/world/agv3_confidence,1789203150.4914243,1789203150.4914243,0.6018
/camera/world/agv1_confidence,1789203150.5285711,1789203150.5285711,0.5818
/camera/world/agv2_confidence,1789203150.5287914,1789203150.5287914,0.5863
/camera/world/agv3_confidence,1789203150.5287952,1789203150.5287952,0.6016
/camera/world/agv1_confidence,1789203150.5500982,1789203150.5500982,0.5703
/camera/world/agv2_confidence,1789203150.5501134,1789203150.5501134,0.5871
/camera/world/agv3_confidence,1789203150.5501273,1789203150.5501273,0.6029
/camera/world/agv2_confidence,1789203150.5871496,1789203150.5871496,0.5862
/camera/world/agv1_confidence,1789203150.5871665,1789203150.5871665,0.5839
/camera/world/agv3_confidence,1789203150.5874991,1789203150.5874991,0.5996
/camera/world/agv2_confidence,1789203150.6293883,1789203150.6293883,0.5849
/camera/world/agv1_confidence,1789203150.6296656,1789203150.6296656,0.5841
/camera/world/agv3_confidence,1789203150.6296775,1789203150.6296775,0.6021
/camera/world/agv1_confidence,1789203150.6668777,1789203150.6668777,0.5851
/camera/world/agv3_confidence,1789203150.6669085,1789203150.6669085,0.6044
/camera/world/agv2_confidence,1789203150.6670415,1789203150.6670415,0.5848
/camera/world/agv1_confidence,1789203150.6909719,1789203150.6909719,0.5737
/camera/world/agv3_confidence,1789203150.6912172,1789203150.6912172,0.6005
/camera/world/agv2_confidence,1789203150.6912396,1789203150.6912396,0.585
/camera/world/agv1_confidence,1789203150.7278461,1789203150.7278461,0.5817
/camera/world/agv3_confidence,1789203150.7278886,1789203150.7278886,0.6011
/camera/world/agv2_confidence,1789203150.7279463,1789203150.7279463,0.5858
/camera/world/agv1_confidence,1789203150.767897,1789203150.767897,0.5701
/camera/world/agv3_confidence,1789203150.768158,1789203150.768158,0.6024
/camera/world/agv2_confidence,1789203150.768171,1789203150.768171,0.5859
/camera/world/agv1_confidence,1789203150.7868602,1789203150.7868602,0.5782
/camera/world/agv2_confidence,1789203150.7869418,1789203150.7869418,0.5845
/camera/world/agv3_confidence,1789203150.78699,1789203150.78699,0.6015
/camera/world/agv1_confidence,1789203150.8305225,1789203150.8305225,0.5861
/camera/world/agv2_confidence,1789203150.8306742,1789203150.8306742,0.5844
/camera/world/agv3_confidence,1789203150.830757,1789203150.830757,0.5998
/camera/world/agv3_confidence,1789203150.8510425,1789203150.8510425,0.6004
/camera/world/agv1_confidence,1789203150.8510716,1789203150.8510716,0.5507
/camera/world/agv2_confidence,1789203150.8511474,1789203150.8511474,0.5838
/camera/world/agv1_confidence,1789203150.892699,1789203150.892699,0.572
/camera/world/agv2_confidence,1789203150.8929217,1789203150.8929217,0.5846
/camera/world/agv3_confidence,1789203150.892979,1789203150.892979,0.6005
/camera/world/agv1_confidence,1789203150.9348035,1789203150.9348035,0.5748
/camera/world/agv2_confidence,1789203150.9348614,1789203150.9348614,0.5879
/camera/world/agv3_confidence,1789203150.9349084,1789203150.9349084,0.602
/camera/world/agv1_confidence,1789203150.9589715,1789203150.9589715,0.5717
/camera/world/agv2_confidence,1789203150.9590247,1789203150.9590247,0.5835
/camera/world/agv3_confidence,1789203150.959305,1789203150.959305,0.6013
/camera/world/agv1_confidence,1789203150.9988859,1789203150.9988859,0.5613
/camera/world/agv2_confidence,1789203150.9988883,1789203150.9988883,0.5836
/camera/world/agv3_confidence,1789203150.9990182,1789203150.9990182,0.5816
/camera/world/agv2_confidence,1789203151.017103,1789203151.017103,0.5858
/camera/world/agv3_confidence,1789203151.0171845,1789203151.0171845,0.6021
/camera/world/agv1_confidence,1789203151.017204,1789203151.017204,0.5752
/camera/world/agv2_confidence,1789203151.062169,1789203151.062169,0.5586
/camera/world/agv3_confidence,1789203151.062191,1789203151.062191,0.6007
/camera/world/agv1_confidence,1789203151.0622122,1789203151.0622122,0.5813
/camera/world/agv1_confidence,1789203151.0940022,1789203151.0940022,0.5775
/camera/world/agv3_confidence,1789203151.0941703,1789203151.0941703,0.6007
/camera/world/agv2_confidence,1789203151.0942504,1789203151.0942504,0.5831
/camera/world/agv1_confidence,1789203151.1352193,1789203151.1352193,0.5705
/camera/world/agv2_confidence,1789203151.1352484,1789203151.1352484,0.5819
/camera/world/agv3_confidence,1789203151.135539,1789203151.135539,0.5981
/camera/world/agv2_confidence,1789203151.156028,1789203151.156028,0.5846
/camera/world/agv1_confidence,1789203151.1560934,1789203151.1560934,0.5796
/camera/world/agv3_confidence,1789203151.1562386,1789203151.1562386,0.6022
/camera/world/agv1_confidence,1789203151.2025883,1789203151.2025883,0.5833
/camera/world/agv3_confidence,1789203151.2028015,1789203151.2028015,0.5985
/camera/world/agv2_confidence,1789203151.2028856,1789203151.2028856,0.5824
/camera/world/agv1_confidence,1789203151.2147117,1789203151.2147117,0.5683
/camera/world/agv3_confidence,1789203151.2148569,1789203151.2148569,0.6008
/camera/world/agv2_confidence,1789203151.2149198,1789203151.2149198,0.5842
/camera/world/agv1_confidence,1789203151.257585,1789203151.257585,0.5894
/camera/world/agv3_confidence,1789203151.2580464,1789203151.2580464,0.6006
/camera/world/agv2_confidence,1789203151.2580607,1789203151.2580607,0.5833
/camera/world/agv2_confidence,1789203151.2990346,1789203151.2990346,0.581
/camera/world/agv1_confidence,1789203151.299114,1789203151.299114,0.5801
/camera/world/agv3_confidence,1789203151.2991662,1789203151.2991662,0.6007
/camera/world/agv1_confidence,1789203151.3234978,1789203151.3234978,0.58
/camera/world/agv2_confidence,1789203151.323536,1789203151.323536,0.5629
/camera/world/agv3_confidence,1789203151.3235571,1789203151.3235571,0.6008
/camera/world/agv1_confidence,1789203151.3538692,1789203151.3538692,0.5717
/camera/world/agv3_confidence,1789203151.353883,1789203151.353883,0.5989
/camera/world/agv2_confidence,1789203151.3538916,1789203151.3538916,0.5824
/camera/world/agv3_confidence,1789203151.3962154,1789203151.3962154,0.6005
/camera/world/agv1_confidence,1789203151.3963132,1789203151.3963132,0.5718
/camera/world/agv2_confidence,1789203151.396471,1789203151.396471,0.5831
/camera/world/agv2_confidence,1789203151.4228292,1789203151.4228292,0.5815
/camera/world/agv3_confidence,1789203151.4228761,1789203151.4228761,0.6002
/camera/world/agv1_confidence,1789203151.4229476,1789203151.4229476,0.574
/camera/world/agv1_confidence,1789203151.4668233,1789203151.4668233,0.5776
/camera/world/agv2_confidence,1789203151.4669216,1789203151.4669216,0.5692
/camera/world/agv3_confidence,1789203151.4670126,1789203151.4670126,0.6015
/camera/world/agv2_confidence,1789203151.4874148,1789203151.4874148,0.5816
/camera/world/agv1_confidence,1789203151.4874563,1789203151.4874563,0.5826
/camera/world/agv3_confidence,1789203151.487481,1789203151.487481,0.5996
/camera/world/agv2_confidence,1789203151.5302782,1789203151.5302782,0.5828
/camera/world/agv1_confidence,1789203151.5303078,1789203151.5303078,0.5786
/camera/world/agv3_confidence,1789203151.5306025,1789203151.5306025,0.6008
/camera/world/agv3_confidence,1789203151.5653799,1789203151.5653799,0.5989
/camera/world/agv2_confidence,1789203151.5653906,1789203151.5653906,0.5832
/camera/world/agv1_confidence,1789203151.5654624,1789203151.5654624,0.5817
/camera/world/agv1_confidence,1789203151.590448,1789203151.590448,0.5761
/camera/world/agv2_confidence,1789203151.590645,1789203151.590645,0.5817
/camera/world/agv3_confidence,1789203151.5906754,1789203151.5906754,0.5975
/camera/world/agv1_confidence,1789203151.617118,1789203151.617118,0.5774
/camera/world/agv2_confidence,1789203151.617126,1789203151.617126,0.58
/camera/world/agv3_confidence,1789203151.6172574,1789203151.6172574,0.5996
/camera/world/agv1_confidence,1789203151.6569343,1789203151.6569343,0.5726
/camera/world/agv2_confidence,1789203151.6571965,1789203151.6571965,0.578
/camera/world/agv3_confidence,1789203151.6573088,1789203151.6573088,0.5982
/camera/world/agv1_confidence,1789203151.7013814,1789203151.7013814,0.5635
/camera/world/agv3_confidence,1789203151.7015762,1789203151.7015762,0.5989
/camera/world/agv2_confidence,1789203151.701623,1789203151.701623,0.5805
/camera/world/agv2_confidence,1789203151.724163,1789203151.724163,0.5825
/camera/world/agv1_confidence,1789203151.7241838,1789203151.7241838,0.5674
/camera/world/agv3_confidence,1789203151.7242358,1789203151.7242358,0.6004
/camera/world/agv3_confidence,1789203151.7475784,1789203151.7475784,0.5762
/camera/world/agv1_confidence,1789203151.7475955,1789203151.7475955,0.5764
/camera/world/agv2_confidence,1789203151.7476072,1789203151.7476072,0.5826
/camera/world/agv2_confidence,1789203151.7915013,1789203151.7915013,0.581
/camera/world/agv3_confidence,1789203151.791569,1789203151.791569,0.6013
/camera/world/agv1_confidence,1789203151.791632,1789203151.791632,0.5791
/camera/world/agv2_confidence,1789203151.833602,1789203151.833602,0.5815
/camera/world/agv1_confidence,1789203151.8336456,1789203151.8336456,0.5815
/camera/world/agv3_confidence,1789203151.8336794,1789203151.8336794,0.6008
/camera/world/agv1_confidence,1789203151.8562934,1789203151.8562934,0.5628
/camera/world/agv3_confidence,1789203151.8564079,1789203151.8564079,0.6001
/camera/world/agv2_confidence,1789203151.856548,1789203151.856548,0.5833
/camera/world/agv1_confidence,1789203151.8830326,1789203151.8830326,0.5688
/camera/world/agv2_confidence,1789203151.8831196,1789203151.8831196,0.5791
/camera/world/agv3_confidence,1789203151.883157,1789203151.883157,0.5997
/camera/world/agv1_confidence,1789203151.9267871,1789203151.9267871,0.5478
/camera/world/agv2_confidence,1789203151.926864,1789203151.926864,0.5813
/camera/world/agv3_confidence,1789203151.927183,1789203151.927183,0.5985
/camera/world/agv1_confidence,1789203151.973809,1789203151.973809,0.5772
/camera/world/agv3_confidence,1789203151.9738424,1789203151.9738424,0.5997
/camera/world/agv2_confidence,1789203151.9739838,1789203151.9739838,0.5815
/camera/world/agv1_confidence,1789203152.001558,1789203152.001558,0.5718
/camera/world/agv3_confidence,1789203152.001599,1789203152.001599,0.5724
/camera/world/agv2_confidence,1789203152.0016022,1789203152.0016022,0.5819
/camera/world/agv3_confidence,1789203152.027797,1789203152.027797,0.5992
/camera/world/agv2_confidence,1789203152.0277996,1789203152.0277996,0.5835
/camera/world/agv1_confidence,1789203152.0280073,1789203152.0280073,0.5548
/camera/world/agv1_confidence,1789203152.0580444,1789203152.0580444,0.5722
/camera/world/agv3_confidence,1789203152.0580797,1789203152.0580797,0.6011
/camera/world/agv2_confidence,1789203152.058219,1789203152.058219,0.5804
/camera/world/agv1_confidence,1789203152.0917528,1789203152.0917528,0.5874
/camera/world/agv3_confidence,1789203152.091757,1789203152.091757,0.602
/camera/world/agv2_confidence,1789203152.0919166,1789203152.0919166,0.5812
/camera/world/agv2_confidence,1789203152.1354983,1789203152.1354983,0.5806
/camera/world/agv3_confidence,1789203152.1355076,1789203152.1355076,0.5998
/camera/world/agv1_confidence,1789203152.1356533,1789203152.1356533,0.5823
/camera/world/agv2_confidence,1789203152.1548526,1789203152.1548526,0.5769
/camera/world/agv1_confidence,1789203152.1549783,1789203152.1549783,0.5854
/camera/world/agv3_confidence,1789203152.1549826,1789203152.1549826,0.6001
/camera/world/agv2_confidence,1789203152.1960125,1789203152.1960125,0.5797
/camera/world/agv1_confidence,1789203152.1961272,1789203152.1961272,0.5734
/camera/world/agv3_confidence,1789203152.1963809,1789203152.1963809,0.5973
/camera/world/agv1_confidence,1789203152.2149673,1789203152.2149673,0.5694
/camera/world/agv3_confidence,1789203152.215323,1789203152.215323,0.6033
/camera/world/agv2_confidence,1789203152.2153478,1789203152.2153478,0.581
/camera/world/agv1_confidence,1789203152.2529416,1789203152.2529416,0.586
/camera/world/agv3_confidence,1789203152.2529466,1789203152.2529466,0.5988
/camera/world/agv2_confidence,1789203152.2529767,1789203152.2529767,0.5816
/camera/world/agv2_confidence,1789203152.2848861,1789203152.2848861,0.5795
/camera/world/agv1_confidence,1789203152.284897,1789203152.284897,0.5834
/camera/world/agv3_confidence,1789203152.2850516,1789203152.2850516,0.5963
/camera/world/agv2_confidence,1789203152.3248312,1789203152.3248312,0.5676
/camera/world/agv1_confidence,1789203152.324995,1789203152.324995,0.5752
/camera/world/agv3_confidence,1789203152.3250995,1789203152.3250995,0.5983
/camera/world/agv2_confidence,1789203152.3554847,1789203152.3554847,0.5608
/camera/world/agv1_confidence,1789203152.3554888,1789203152.3554888,0.5742
/camera/world/agv3_confidence,1789203152.3557389,1789203152.3557389,0.5989
/camera/world/agv1_confidence,1789203152.3882957,1789203152.3882957,0.5834
/camera/world/agv2_confidence,1789203152.3883798,1789203152.3883798,0.5781
/camera/world/agv3_confidence,1789203152.3884416,1789203152.3884416,0.5971
/camera/world/agv1_confidence,1789203152.4297416,1789203152.4297416,0.5685
/camera/world/agv2_confidence,1789203152.4298484,1789203152.4298484,0.5814
/camera/world/agv3_confidence,1789203152.4300106,1789203152.4300106,0.5977
/camera/world/agv2_confidence,1789203152.4496891,1789203152.4496891,0.5619
/camera/world/agv3_confidence,1789203152.4498868,1789203152.4498868,0.5972
/camera/world/agv1_confidence,1789203152.4498954,1789203152.4498954,0.562
/camera/world/agv1_confidence,1789203152.49216,1789203152.49216,0.5788
/camera/world/agv2_confidence,1789203152.4921732,1789203152.4921732,0.5806
/camera/world/agv3_confidence,1789203152.4923778,1789203152.4923778,0.598
/camera/world/agv1_confidence,1789203152.5352893,1789203152.5352893,0.5776
/camera/world/agv2_confidence,1789203152.535292,1789203152.535292,0.5814
/camera/world/agv3_confidence,1789203152.5354772,1789203152.5354772,0.5778
/camera/world/agv1_confidence,1789203152.5507634,1789203152.5507634,0.582
/camera/world/agv2_confidence,1789203152.5508847,1789203152.5508847,0.5488
/camera/world/agv3_confidence,1789203152.5510933,1789203152.5510933,0.5974
/camera/world/agv1_confidence,1789203152.592497,1789203152.592497,0.5843
/camera/world/agv3_confidence,1789203152.5925145,1789203152.5925145,0.5947
/camera/world/agv2_confidence,1789203152.5925295,1789203152.5925295,0.5807
/camera/world/agv3_confidence,1789203152.6392622,1789203152.6392622,0.597
/camera/world/agv1_confidence,1789203152.6392868,1789203152.6392868,0.5877
/camera/world/agv2_confidence,1789203152.6392894,1789203152.6392894,0.5818
/camera/world/agv1_confidence,1789203152.6579626,1789203152.6579626,0.5591
/camera/world/agv3_confidence,1789203152.6579688,1789203152.6579688,0.5967
/camera/world/agv2_confidence,1789203152.6581137,1789203152.6581137,0.5806
/camera/world/agv1_confidence,1789203152.6942027,1789203152.6942027,0.5615
/camera/world/agv2_confidence,1789203152.6943085,1789203152.6943085,0.5816
/camera/world/agv3_confidence,1789203152.6943452,1789203152.6943452,0.5978
/camera/world/agv1_confidence,1789203152.7307534,1789203152.7307534,0.5787
/camera/world/agv3_confidence,1789203152.7307808,1789203152.7307808,0.5962
/camera/world/agv2_confidence,1789203152.7307856,1789203152.7307856,0.5715
/camera/world/agv1_confidence,1789203152.7542877,1789203152.7542877,0.5631
/camera/world/agv3_confidence,1789203152.75429,1789203152.75429,0.5963
/camera/world/agv2_confidence,1789203152.7543046,1789203152.7543046,0.5806
/camera/world/agv1_confidence,1789203152.793807,1789203152.793807,0.5767
/camera/world/agv2_confidence,1789203152.794113,1789203152.794113,0.5751
/camera/world/agv3_confidence,1789203152.7941356,1789203152.7941356,0.5978
/camera/world/agv1_confidence,1789203152.814972,1789203152.814972,0.5573
/camera/world/agv2_confidence,1789203152.8150055,1789203152.8150055,0.5771
/camera/world/agv3_confidence,1789203152.8150134,1789203152.8150134,0.5654
/camera/world/agv1_confidence,1789203152.858784,1789203152.858784,0.5718
/camera/world/agv2_confidence,1789203152.85923,1789203152.85923,0.5808
/camera/world/agv3_confidence,1789203152.859373,1789203152.859373,0.5757
/camera/world/agv2_confidence,1789203152.8832746,1789203152.8832746,0.5789
/camera/world/agv1_confidence,1789203152.883365,1789203152.883365,0.5758
/camera/world/agv3_confidence,1789203152.8835814,1789203152.8835814,0.5677
/camera/world/agv2_confidence,1789203152.9147406,1789203152.9147406,0.5775
/camera/world/agv1_confidence,1789203152.9149137,1789203152.9149137,0.5779
/camera/world/agv3_confidence,1789203152.9150565,1789203152.9150565,0.5713
/camera/world/agv3_confidence,1789203152.96603,1789203152.96603,0.5971
/camera/world/agv2_confidence,1789203152.966109,1789203152.966109,0.5779
/camera/world/agv1_confidence,1789203152.9661646,1789203152.9661646,0.5723
/camera/world/agv1_confidence,1789203152.986295,1789203152.986295,0.5795
/camera/world/agv2_confidence,1789203152.9867768,1789203152.9867768,0.5746
/camera/world/agv3_confidence,1789203152.986781,1789203152.986781,0.5942
/camera/world/agv1_confidence,1789203153.0162663,1789203153.0162663,0.5758
/camera/world/agv3_confidence,1789203153.0162935,1789203153.0162935,0.5952
/camera/world/agv2_confidence,1789203153.016479,1789203153.016479,0.557
/camera/world/agv1_confidence,1789203153.0617955,1789203153.0617955,0.5645
/camera/world/agv2_confidence,1789203153.061959,1789203153.061959,0.5775
/camera/world/agv3_confidence,1789203153.0621612,1789203153.0621612,0.5952
/camera/world/agv3_confidence,1789203153.0981371,1789203153.0981371,0.592
/camera/world/agv2_confidence,1789203153.098153,1789203153.098153,0.5721
/camera/world/agv1_confidence,1789203153.0982301,1789203153.0982301,0.5801
/camera/world/agv1_confidence,1789203153.116904,1789203153.116904,0.5885
/camera/world/agv2_confidence,1789203153.1172776,1789203153.1172776,0.573
/camera/world/agv3_confidence,1789203153.117383,1789203153.117383,0.5752
/camera/world/agv2_confidence,1789203153.1612422,1789203153.1612422,0.5813
/camera/world/agv1_confidence,1789203153.1612499,1789203153.1612499,0.5763
/camera/world/agv3_confidence,1789203153.1614878,1789203153.1614878,0.5954
/camera/world/agv1_confidence,1789203153.2023838,1789203153.2023838,0.5678
/camera/world/agv2_confidence,1789203153.2025232,1789203153.2025232,0.5539
/camera/world/agv3_confidence,1789203153.2026737,1789203153.2026737,0.5748
/camera/world/agv1_confidence,1789203153.218596,1789203153.218596,0.5842
/camera/world/agv3_confidence,1789203153.2186475,1789203153.2186475,0.5921
/camera/world/agv2_confidence,1789203153.2186728,1789203153.2186728,0.5773
/camera/world/agv1_confidence,1789203153.2589517,1789203153.2589517,0.5558
/camera/world/agv2_confidence,1789203153.2590115,1789203153.2590115,0.5739
/camera/world/agv3_confidence,1789203153.2590158,1789203153.2590158,0.5915
/camera/world/agv1_confidence,1789203153.279335,1789203153.279335,0.5656
/camera/world/agv2_confidence,1789203153.2793722,1789203153.2793722,0.577
/camera/world/agv3_confidence,1789203153.2795413,1789203153.2795413,0.5949
/camera/world/agv2_confidence,1789203153.3257189,1789203153.3257189,0.5723
/camera/world/agv1_confidence,1789203153.325883,1789203153.325883,0.5749
/camera/world/agv3_confidence,1789203153.3258853,1789203153.3258853,0.5951
/camera/world/agv1_confidence,1789203153.3609796,1789203153.3609796,0.5773
/camera/world/agv2_confidence,1789203153.3610032,1789203153.3610032,0.5781
/camera/world/agv3_confidence,1789203153.3613224,1789203153.3613224,0.593
/camera/world/agv2_confidence,1789203153.394861,1789203153.394861,0.5643
/camera/world/agv3_confidence,1789203153.394882,1789203153.394882,0.5693
/camera/world/agv1_confidence,1789203153.3949096,1789203153.3949096,0.5861
/camera/world/agv1_confidence,1789203153.4138393,1789203153.4138393,0.5792
/camera/world/agv2_confidence,1789203153.4138694,1789203153.4138694,0.5574
/camera/world/agv3_confidence,1789203153.4139664,1789203153.4139664,0.5914
/camera/world/agv1_confidence,1789203153.4557106,1789203153.4557106,0.5668
/camera/world/agv2_confidence,1789203153.4559782,1789203153.4559782,0.5618
/camera/world/agv3_confidence,1789203153.456035,1789203153.456035,0.5907
/camera/world/agv2_confidence,1789203153.4986677,1789203153.4986677,0.5697
/camera/world/agv3_confidence,1789203153.4987473,1789203153.4987473,0.5858
/camera/world/agv1_confidence,1789203153.4987907,1789203153.4987907,0.565
/camera/world/agv1_confidence,1789203153.5180855,1789203153.5180855,0.5751
/camera/world/agv3_confidence,1789203153.518087,1789203153.518087,0.5926
/camera/world/agv2_confidence,1789203153.5181015,1789203153.5181015,0.5716
/camera/world/agv1_confidence,1789203153.5627918,1789203153.5627918,0.5753
/camera/world/agv2_confidence,1789203153.5628245,1789203153.5628245,0.5685
/camera/world/agv3_confidence,1789203153.562871,1789203153.562871,0.5952
/camera/world/agv2_confidence,1789203153.597176,1789203153.597176,0.5766
/camera/world/agv1_confidence,1789203153.5971847,1789203153.5971847,0.576
/camera/world/agv3_confidence,1789203153.597476,1789203153.597476,0.5947
/camera/world/agv3_confidence,1789203153.6180692,1789203153.6180692,0.5918
/camera/world/agv2_confidence,1789203153.618078,1789203153.618078,0.5712
/camera/world/agv1_confidence,1789203153.6181605,1789203153.6181605,0.5781
/camera/world/agv1_confidence,1789203153.6564898,1789203153.6564898,0.5698
/camera/world/agv2_confidence,1789203153.6567643,1789203153.6567643,0.5626
/camera/world/agv3_confidence,1789203153.6567886,1789203153.6567886,0.5936
/camera/world/agv1_confidence,1789203153.6974144,1789203153.6974144,0.5509
/camera/world/agv2_confidence,1789203153.6976,1789203153.6976,0.5571
/camera/world/agv3_confidence,1789203153.6977,1789203153.6977,0.5938
/camera/world/agv1_confidence,1789203153.7158527,1789203153.7158527,0.5776
/camera/world/agv2_confidence,1789203153.7158554,1789203153.7158554,0.5518
/camera/world/agv3_confidence,1789203153.716089,1789203153.716089,0.593
/camera/world/agv1_confidence,1789203153.7467752,1789203153.7467752,0.5888
/camera/world/agv2_confidence,1789203153.7469103,1789203153.7469103,0.5636
/camera/world/agv3_confidence,1789203153.7470424,1789203153.7470424,0.5943
/camera/world/agv3_confidence,1789203153.787538,1789203153.787538,0.5924
/camera/world/agv2_confidence,1789203153.7875412,1789203153.7875412,0.5723
/camera/world/agv1_confidence,1789203153.7878306,1789203153.7878306,0.5446
/camera/world/agv1_confidence,1789203153.826881,1789203153.826881,0.5721
/camera/world/agv2_confidence,1789203153.8269424,1789203153.8269424,0.5717
/camera/world/agv3_confidence,1789203153.8271823,1789203153.8271823,0.5903
/camera/world/agv1_confidence,1789203153.8610933,1789203153.8610933,0.5718
/camera/world/agv2_confidence,1789203153.8611927,1789203153.8611927,0.5739
/camera/world/agv3_confidence,1789203153.8613706,1789203153.8613706,0.5839
/camera/world/agv2_confidence,1789203153.878494,1789203153.878494,0.5635
/camera/world/agv1_confidence,1789203153.8785756,1789203153.8785756,0.5771
/camera/world/agv3_confidence,1789203153.8786094,1789203153.8786094,0.5766
/camera/world/agv2_confidence,1789203153.9179783,1789203153.9179783,0.5697
/camera/world/agv3_confidence,1789203153.9179811,1789203153.9179811,0.5678
/camera/world/agv1_confidence,1789203153.9179978,1789203153.9179978,0.5767
/camera/world/agv1_confidence,1789203153.9494405,1789203153.9494405,0.5798
/camera/world/agv2_confidence,1789203153.9494705,1789203153.9494705,0.572
/camera/world/agv3_confidence,1789203153.9498246,1789203153.9498246,0.5917
/camera/world/agv1_confidence,1789203153.9827628,1789203153.9827628,0.5868
/camera/world/agv2_confidence,1789203153.9828217,1789203153.9828217,0.5776
/camera/world/agv3_confidence,1789203153.9829397,1789203153.9829397,0.5868
/camera/world/agv1_confidence,1789203154.0132525,1789203154.0132525,0.5808
/camera/world/agv2_confidence,1789203154.0134323,1789203154.0134323,0.5695
/camera/world/agv3_confidence,1789203154.0136275,1789203154.0136275,0.5929
/camera/world/agv1_confidence,1789203154.048656,1789203154.048656,0.5684
/camera/world/agv2_confidence,1789203154.0491028,1789203154.0491028,0.5174
/camera/world/agv3_confidence,1789203154.0491557,1789203154.0491557,0.5867
/camera/world/agv1_confidence,1789203154.088899,1789203154.088899,0.5516
/camera/world/agv2_confidence,1789203154.089196,1789203154.089196,0.5707
/camera/world/agv3_confidence,1789203154.0892637,1789203154.0892637,0.5893
/camera/world/agv1_confidence,1789203154.119337,1789203154.119337,0.5842
/camera/world/agv2_confidence,1789203154.1194386,1789203154.1194386,0.5679
/camera/world/agv3_confidence,1789203154.1195822,1789203154.1195822,0.5572
/camera/world/agv3_confidence,1789203154.1511862,1789203154.1511862,0.5838
/camera/world/agv2_confidence,1789203154.1511993,1789203154.1511993,0.547
/camera/world/agv1_confidence,1789203154.1513388,1789203154.1513388,0.5727
/camera/world/agv1_confidence,1789203154.184743,1789203154.184743,0.5856
/camera/world/agv2_confidence,1789203154.1849158,1789203154.1849158,0.5651
/camera/world/agv3_confidence,1789203154.1849298,1789203154.1849298,0.591
/camera/world/agv2_confidence,1789203154.21587,1789203154.21587,0.5666
/camera/world/agv1_confidence,1789203154.2158906,1789203154.2158906,0.5828
/camera/world/agv3_confidence,1789203154.2161543,1789203154.2161543,0.5953
/camera/world/agv2_confidence,1789203154.257585,1789203154.257585,0.5766
/camera/world/agv1_confidence,1789203154.2576,1789203154.2576,0.5764
/camera/world/agv3_confidence,1789203154.2579403,1789203154.2579403,0.5867
/camera/world/agv2_confidence,1789203154.2873967,1789203154.2873967,0.5361
/camera/world/agv3_confidence,1789203154.287401,1789203154.287401,0.5848
/camera/world/agv1_confidence,1789203154.2874444,1789203154.2874444,0.582
/camera/world/agv1_confidence,1789203154.3223815,1789203154.3223815,0.5458
/camera/world/agv2_confidence,1789203154.3224006,1789203154.3224006,0.5769
/camera/world/agv3_confidence,1789203154.3224134,1789203154.3224134,0.5859
/camera/world/agv1_confidence,1789203154.3628716,1789203154.3628716,0.58
/camera/world/agv2_confidence,1789203154.362968,1789203154.362968,0.5653
/camera/world/agv3_confidence,1789203154.3631985,1789203154.3631985,0.5914
/camera/world/agv2_confidence,1789203154.3830793,1789203154.3830793,0.5589
/camera/world/agv3_confidence,1789203154.3831215,1789203154.3831215,0.5842
/camera/world/agv1_confidence,1789203154.3834329,1789203154.3834329,0.571
/camera/world/agv1_confidence,1789203154.4233289,1789203154.4233289,0.584
/camera/world/agv3_confidence,1789203154.4236462,1789203154.4236462,0.5923
/camera/world/agv2_confidence,1789203154.4236858,1789203154.4236858,0.5718
/camera/world/agv2_confidence,1789203154.453756,1789203154.453756,0.576
/camera/world/agv1_confidence,1789203154.453826,1789203154.453826,0.5777
/camera/world/agv3_confidence,1789203154.4539115,1789203154.4539115,0.5793
/camera/world/agv1_confidence,1789203154.4966583,1789203154.4966583,0.5768
/camera/world/agv2_confidence,1789203154.4969523,1789203154.4969523,0.5712
/camera/world/agv3_confidence,1789203154.4969883,1789203154.4969883,0.5893
/camera/world/agv1_confidence,1789203154.5168455,1789203154.5168455,0.5834
/camera/world/agv3_confidence,1789203154.5168908,1789203154.5168908,0.5881
/camera/world/agv2_confidence,1789203154.5170877,1789203154.5170877,0.567
/camera/world/agv2_confidence,1789203154.557829,1789203154.557829,0.5783
/camera/world/agv3_confidence,1789203154.557832,1789203154.557832,0.5865
/camera/world/agv1_confidence,1789203154.5580132,1789203154.5580132,0.5886
/camera/world/agv1_confidence,1789203154.5968757,1789203154.5968757,0.5751
/camera/world/agv3_confidence,1789203154.5969677,1789203154.5969677,0.5797
/camera/world/agv2_confidence,1789203154.5969715,1789203154.5969715,0.5754
/camera/world/agv1_confidence,1789203154.6180806,1789203154.6180806,0.5653
/camera/world/agv3_confidence,1789203154.6181803,1789203154.6181803,0.5913
/camera/world/agv2_confidence,1789203154.6181965,1789203154.6181965,0.5669
/camera/world/agv3_confidence,1789203154.6475008,1789203154.6475008,0.5825
/camera/world/agv2_confidence,1789203154.6475623,1789203154.6475623,0.5653
/camera/world/agv1_confidence,1789203154.647615,1789203154.647615,0.5839
/camera/world/agv2_confidence,1789203154.6919367,1789203154.6919367,0.5624
/camera/world/agv1_confidence,1789203154.6919587,1789203154.6919587,0.5863
/camera/world/agv3_confidence,1789203154.6921222,1789203154.6921222,0.5713
/camera/world/agv3_confidence,1789203154.7328253,1789203154.7328253,0.5879
/camera/world/agv1_confidence,1789203154.7328615,1789203154.7328615,0.5807
/camera/world/agv2_confidence,1789203154.7329392,1789203154.7329392,0.5722
/camera/world/agv1_confidence,1789203154.753867,1789203154.753867,0.588
/camera/world/agv2_confidence,1789203154.7539918,1789203154.7539918,0.5737
/camera/world/agv3_confidence,1789203154.7542703,1789203154.7542703,0.5881
/camera/world/agv1_confidence,1789203154.8021243,1789203154.8021243,0.5616
/camera/world/agv2_confidence,1789203154.80236,1789203154.80236,0.5659
/camera/world/agv3_confidence,1789203154.8023913,1789203154.8023913,0.5837
/camera/world/agv1_confidence,1789203154.819242,1789203154.819242,0.5801
/camera/world/agv2_confidence,1789203154.819449,1789203154.819449,0.5693
/camera/world/agv3_confidence,1789203154.8196201,1789203154.8196201,0.595
/camera/world/agv2_confidence,1789203154.8489404,1789203154.8489404,0.5622
/camera/world/agv1_confidence,1789203154.8489432,1789203154.8489432,0.5906
/camera/world/agv3_confidence,1789203154.8491306,1789203154.8491306,0.5816
/camera/world/agv3_confidence,1789203154.8945749,1789203154.8945749,0.5843
/camera/world/agv2_confidence,1789203154.894759,1789203154.894759,0.5587
/camera/world/agv1_confidence,1789203154.894774,1789203154.894774,0.5752
/camera/world/agv1_confidence,1789203154.9279828,1789203154.9279828,0.5886
/camera/world/agv2_confidence,1789203154.9281693,1789203154.9281693,0.5583
/camera/world/agv3_confidence,1789203154.9281864,1789203154.9281864,0.5808
/camera/world/agv2_confidence,1789203154.9566777,1789203154.9566777,0.5717
/camera/world/agv1_confidence,1789203154.9566896,1789203154.9566896,0.588
/camera/world/agv3_confidence,1789203154.956773,1789203154.956773,0.5911
/camera/world/agv2_confidence,1789203154.9886832,1789203154.9886832,0.5747
/camera/world/agv1_confidence,1789203154.988806,1789203154.988806,0.5852
/camera/world/agv3_confidence,1789203154.989131,1789203154.989131,0.5903
/camera/world/agv2_confidence,1789203155.0235794,1789203155.0235794,0.56
/camera/world/agv1_confidence,1789203155.0238044,1789203155.0238044,0.5853
/camera/world/agv3_confidence,1789203155.0238097,1789203155.0238097,0.5846
/camera/world/agv1_confidence,1789203155.0515618,1789203155.0515618,0.5876
/camera/world/agv2_confidence,1789203155.0516253,1789203155.0516253,0.5591
/camera/world/agv3_confidence,1789203155.0516846,1789203155.0516846,0.5829
/camera/world/agv1_confidence,1789203155.084091,1789203155.084091,0.5534
/camera/world/agv3_confidence,1789203155.084279,1789203155.084279,0.5716
/camera/world/agv2_confidence,1789203155.0843031,1789203155.0843031,0.5546
/camera/world/agv1_confidence,1789203155.1225405,1789203155.1225405,0.5868
/camera/world/agv2_confidence,1789203155.1227548,1789203155.1227548,0.5748
/camera/world/agv3_confidence,1789203155.122801,1789203155.122801,0.5827
/camera/world/agv1_confidence,1789203155.1553278,1789203155.1553278,0.5872
/camera/world/agv2_confidence,1789203155.1553555,1789203155.1553555,0.5587
/camera/world/agv3_confidence,1789203155.1554623,1789203155.1554623,0.5735
/camera/world/agv3_confidence,1789203155.1849446,1789203155.1849446,0.5963
/camera/world/agv2_confidence,1789203155.185024,1789203155.185024,0.5713
/camera/world/agv1_confidence,1789203155.1850672,1789203155.1850672,0.5829
/camera/world/agv2_confidence,1789203155.2280245,1789203155.2280245,0.5738
/camera/world/agv3_confidence,1789203155.2280903,1789203155.2280903,0.561
/camera/world/agv1_confidence,1789203155.2281096,1789203155.2281096,0.5829
/camera/world/agv2_confidence,1789203155.258316,1789203155.258316,0.57
/camera/world/agv1_confidence,1789203155.2587993,1789203155.2587993,0.5843
/camera/world/agv3_confidence,1789203155.258804,1789203155.258804,0.5872
/camera/world/agv1_confidence,1789203155.2923696,1789203155.2923696,0.5903
/camera/world/agv2_confidence,1789203155.2924361,1789203155.2924361,0.5719
/camera/world/agv3_confidence,1789203155.2927363,1789203155.2927363,0.5806
/camera/world/agv1_confidence,1789203155.3232968,1789203155.3232968,0.5901
/camera/world/agv2_confidence,1789203155.3233376,1789203155.3233376,0.5736
/camera/world/agv3_confidence,1789203155.3234327,1789203155.3234327,0.5842
/camera/world/agv2_confidence,1789203155.3566093,1789203155.3566093,0.5551
/camera/world/agv3_confidence,1789203155.356678,1789203155.356678,0.584
/camera/world/agv1_confidence,1789203155.3567822,1789203155.3567822,0.5833
/camera/world/agv1_confidence,1789203155.3851495,1789203155.3851495,0.587
/camera/world/agv3_confidence,1789203155.3852973,1789203155.3852973,0.5759
/camera/world/agv2_confidence,1789203155.3853106,1789203155.3853106,0.5595
/camera/world/agv1_confidence,1789203155.4216838,1789203155.4216838,0.5878
/camera/world/agv3_confidence,1789203155.4217098,1789203155.4217098,0.5824
/camera/world/agv2_confidence,1789203155.4218457,1789203155.4218457,0.5622
/camera/world/agv2_confidence,1789203155.4533212,1789203155.4533212,0.5618
/camera/world/agv1_confidence,1789203155.4533339,1789203155.4533339,0.5887
/camera/world/agv3_confidence,1789203155.453525,1789203155.453525,0.5865
/camera/world/agv3_confidence,1789203155.5105805,1789203155.5105805,0.576
/camera/world/agv2_confidence,1789203155.510718,1789203155.510718,0.5735
/camera/world/agv1_confidence,1789203155.5107293,1789203155.5107293,0.5645
/camera/world/agv2_confidence,1789203155.5153248,1789203155.5153248,0.5723
/camera/world/agv1_confidence,1789203155.5153532,1789203155.5153532,0.5851
/camera/world/agv3_confidence,1789203155.5154834,1789203155.5154834,0.5933
/camera/world/agv2_confidence,1789203155.5578842,1789203155.5578842,0.5624
/camera/world/agv3_confidence,1789203155.5581424,1789203155.5581424,0.5828
/camera/world/agv1_confidence,1789203155.5581686,1789203155.5581686,0.4722
/camera/world/agv1_confidence,1789203155.5895982,1789203155.5895982,0.5903
/camera/world/agv2_confidence,1789203155.5897613,1789203155.5897613,0.5697
/camera/world/agv3_confidence,1789203155.5899699,1789203155.5899699,0.5922
/camera/world/agv1_confidence,1789203155.6195087,1789203155.6195087,0.5905
/camera/world/agv2_confidence,1789203155.6195292,1789203155.6195292,0.5617
/camera/world/agv3_confidence,1789203155.6197126,1789203155.6197126,0.5817
/camera/world/agv1_confidence,1789203155.6522777,1789203155.6522777,0.5868
/camera/world/agv2_confidence,1789203155.6523135,1789203155.6523135,0.5604
/camera/world/agv3_confidence,1789203155.6523795,1789203155.6523795,0.5874
/camera/world/agv1_confidence,1789203155.6870959,1789203155.6870959,0.5899
/camera/world/agv3_confidence,1789203155.687285,1789203155.687285,0.5896
/camera/world/agv2_confidence,1789203155.687305,1789203155.687305,0.5727
/camera/world/agv1_confidence,1789203155.720786,1789203155.720786,0.5914
/camera/world/agv2_confidence,1789203155.7208047,1789203155.7208047,0.5739
/camera/world/agv3_confidence,1789203155.7209806,1789203155.7209806,0.5892
/camera/world/agv1_confidence,1789203155.746982,1789203155.746982,0.5909
/camera/world/agv2_confidence,1789203155.7471156,1789203155.7471156,0.5501
/camera/world/agv3_confidence,1789203155.747137,1789203155.747137,0.5848
/camera/world/agv1_confidence,1789203155.7945135,1789203155.7945135,0.5912
/camera/world/agv2_confidence,1789203155.79454,1789203155.79454,0.5744
/camera/world/agv3_confidence,1789203155.794548,1789203155.794548,0.5925
/camera/world/agv2_confidence,1789203155.8308861,1789203155.8308861,0.5602
/camera/world/agv1_confidence,1789203155.8309,1789203155.8309,0.5718
/camera/world/agv3_confidence,1789203155.8312223,1789203155.8312223,0.591
/camera/world/agv1_confidence,1789203155.862325,1789203155.862325,0.5886
/camera/world/agv3_confidence,1789203155.8623924,1789203155.8623924,0.5781
/camera/world/agv2_confidence,1789203155.862398,1789203155.862398,0.5554
/camera/world/agv1_confidence,1789203155.893931,1789203155.893931,0.5893
/camera/world/agv3_confidence,1789203155.893987,1789203155.893987,0.5857
/camera/world/agv2_confidence,1789203155.8940504,1789203155.8940504,0.4795
/camera/world/agv1_confidence,1789203155.9237313,1789203155.9237313,0.5903
/camera/world/agv2_confidence,1789203155.9237387,1789203155.9237387,0.5634
/camera/world/agv3_confidence,1789203155.9238355,1789203155.9238355,0.5923
/camera/world/agv2_confidence,1789203155.9583976,1789203155.9583976,0.5628
/camera/world/agv3_confidence,1789203155.9584017,1789203155.9584017,0.571
/camera/world/agv1_confidence,1789203155.9584308,1789203155.9584308,0.5877
/camera/world/agv2_confidence,1789203155.9856956,1789203155.9856956,0.5603
/camera/world/agv1_confidence,1789203155.9857028,1789203155.9857028,0.5688
/camera/world/agv3_confidence,1789203155.985819,1789203155.985819,0.5833
/camera/world/agv2_confidence,1789203156.0237193,1789203156.0237193,0.5754
/camera/world/agv3_confidence,1789203156.02373,1789203156.02373,0.594
/camera/world/agv1_confidence,1789203156.0237944,1789203156.0237944,0.5646
/camera/world/agv1_confidence,1789203156.0468075,1789203156.0468075,0.5913
/camera/world/agv3_confidence,1789203156.046821,1789203156.046821,0.5922
/camera/world/agv2_confidence,1789203156.0468235,1789203156.0468235,0.564
/camera/world/agv1_confidence,1789203156.0946438,1789203156.0946438,0.5936
/camera/world/agv2_confidence,1789203156.094645,1789203156.094645,0.5617
/camera/world/agv3_confidence,1789203156.0949395,1789203156.0949395,0.5784
/camera/world/agv3_confidence,1789203156.1265042,1789203156.1265042,0.581
/camera/world/agv2_confidence,1789203156.1265137,1789203156.1265137,0.5629
/camera/world/agv1_confidence,1789203156.1265166,1789203156.1265166,0.5658
/camera/world/agv3_confidence,1789203156.159089,1789203156.159089,0.5906
/camera/world/agv2_confidence,1789203156.1591072,1789203156.1591072,0.5669
/camera/world/agv1_confidence,1789203156.1591475,1789203156.1591475,0.5637
/camera/world/agv1_confidence,1789203156.1900036,1789203156.1900036,0.593
/camera/world/agv3_confidence,1789203156.1902738,1789203156.1902738,0.5895
/camera/world/agv2_confidence,1789203156.190354,1789203156.190354,0.5702
/camera/world/agv2_confidence,1789203156.2217622,1789203156.2217622,0.5669
/camera/world/agv1_confidence,1789203156.2217693,1789203156.2217693,0.5934
/camera/world/agv3_confidence,1789203156.222009,1789203156.222009,0.5907
/camera/world/agv2_confidence,1789203156.2536073,1789203156.2536073,0.5574
/camera/world/agv1_confidence,1789203156.253614,1789203156.253614,0.5939
/camera/world/agv3_confidence,1789203156.253712,1789203156.253712,0.585
/camera/world/agv2_confidence,1789203156.2845166,1789203156.2845166,0.5694
/camera/world/agv1_confidence,1789203156.2845366,1789203156.2845366,0.5911
/camera/world/agv3_confidence,1789203156.284687,1789203156.284687,0.5867
/camera/world/agv1_confidence,1789203156.319745,1789203156.319745,0.592
/camera/world/agv2_confidence,1789203156.320036,1789203156.320036,0.5663
/camera/world/agv3_confidence,1789203156.3201573,1789203156.3201573,0.5829
/camera/world/agv1_confidence,1789203156.3500307,1789203156.3500307,0.592
/camera/world/agv2_confidence,1789203156.3502665,1789203156.3502665,0.5723
/camera/world/agv3_confidence,1789203156.3504603,1789203156.3504603,0.569
/camera/world/agv1_confidence,1789203156.3840609,1789203156.3840609,0.5926
/camera/world/agv3_confidence,1789203156.3841312,1789203156.3841312,0.5822
/camera/world/agv2_confidence,1789203156.3841317,1789203156.3841317,0.5453
/camera/world/agv2_confidence,1789203156.4141054,1789203156.4141054,0.568
/camera/world/agv3_confidence,1789203156.41411,1789203156.41411,0.5881
/camera/world/agv1_confidence,1789203156.4141338,1789203156.4141338,0.593
/camera/world/agv1_confidence,1789203156.4588737,1789203156.4588737,0.5928
/camera/world/agv3_confidence,1789203156.4591107,1789203156.4591107,0.5869
/camera/world/agv2_confidence,1789203156.459128,1789203156.459128,0.5697
/camera/world/agv2_confidence,1789203156.4930513,1789203156.4930513,0.5439
/camera/world/agv1_confidence,1789203156.4934518,1789203156.4934518,0.5933
/camera/world/agv3_confidence,1789203156.4934807,1789203156.4934807,0.5897
/camera/world/agv2_confidence,1789203156.526998,1789203156.526998,0.5744
/camera/world/agv1_confidence,1789203156.527024,1789203156.527024,0.5933
/camera/world/agv3_confidence,1789203156.5271933,1789203156.5271933,0.5912
/camera/world/agv3_confidence,1789203156.5561275,1789203156.5561275,0.5934
/camera/world/agv2_confidence,1789203156.556156,1789203156.556156,0.5612
/camera/world/agv1_confidence,1789203156.5561826,1789203156.5561826,0.5951
/camera/world/agv2_confidence,1789203156.5980601,1789203156.5980601,0.5683
/camera/world/agv1_confidence,1789203156.5980966,1789203156.5980966,0.5943
/camera/world/agv3_confidence,1789203156.598135,1789203156.598135,0.5835
/camera/world/agv2_confidence,1789203156.6250966,1789203156.6250966,0.5704
/camera/world/agv1_confidence,1789203156.6251,1789203156.6251,0.5951
/camera/world/agv3_confidence,1789203156.6253324,1789203156.6253324,0.5859
/camera/world/agv1_confidence,1789203156.6588762,1789203156.6588762,0.5909
/camera/world/agv2_confidence,1789203156.6590304,1789203156.6590304,0.5715
/camera/world/agv3_confidence,1789203156.6592054,1789203156.6592054,0.5826
/camera/world/agv2_confidence,1789203156.6867812,1789203156.6867812,0.5738
/camera/world/agv1_confidence,1789203156.6871006,1789203156.6871006,0.5916
/camera/world/agv3_confidence,1789203156.6872058,1789203156.6872058,0.5922
/camera/world/agv2_confidence,1789203156.7184813,1789203156.7184813,0.5388
/camera/world/agv1_confidence,1789203156.7185128,1789203156.7185128,0.5935
/camera/world/agv3_confidence,1789203156.7185316,1789203156.7185316,0.5807
/camera/world/agv2_confidence,1789203156.7505324,1789203156.7505324,0.5674
/camera/world/agv1_confidence,1789203156.7505562,1789203156.7505562,0.596
/camera/world/agv3_confidence,1789203156.7506802,1789203156.7506802,0.5803
/camera/world/agv1_confidence,1789203156.7835233,1789203156.7835233,0.5954
/camera/world/agv2_confidence,1789203156.7836921,1789203156.7836921,0.572
/camera/world/agv3_confidence,1789203156.7837627,1789203156.7837627,0.5811
/camera/world/agv1_confidence,1789203156.813693,1789203156.813693,0.574
/camera/world/agv3_confidence,1789203156.8137944,1789203156.8137944,0.5802
/camera/world/agv2_confidence,1789203156.813801,1789203156.813801,0.5629
/camera/world/agv3_confidence,1789203156.8501756,1789203156.8501756,0.5845
/camera/world/agv2_confidence,1789203156.850177,1789203156.850177,0.5753
/camera/world/agv1_confidence,1789203156.8502567,1789203156.8502567,0.572
/camera/world/agv1_confidence,1789203156.884391,1789203156.884391,0.5946
/camera/world/agv3_confidence,1789203156.8845894,1789203156.8845894,0.5842
/camera/world/agv2_confidence,1789203156.8846312,1789203156.8846312,0.5712
/camera/world/agv1_confidence,1789203156.9184973,1789203156.9184973,0.5949
/camera/world/agv2_confidence,1789203156.9185617,1789203156.9185617,0.5491
/camera/world/agv3_confidence,1789203156.9185736,1789203156.9185736,0.5825
/camera/world/agv1_confidence,1789203156.947674,1789203156.947674,0.5934
/camera/world/agv3_confidence,1789203156.9477572,1789203156.9477572,0.5828
/camera/world/agv2_confidence,1789203156.9478672,1789203156.9478672,0.568
/camera/world/agv3_confidence,1789203156.97999,1789203156.97999,0.5843
/camera/world/agv1_confidence,1789203156.980093,1789203156.980093,0.5939
/camera/world/agv2_confidence,1789203156.980116,1789203156.980116,0.5604
/camera/world/agv3_confidence,1789203157.0261357,1789203157.0261357,0.5874
/camera/world/agv1_confidence,1789203157.0261514,1789203157.0261514,0.595
/camera/world/agv2_confidence,1789203157.0261867,1789203157.0261867,0.5698
/camera/world/agv1_confidence,1789203157.0475292,1789203157.0475292,0.596
/camera/world/agv3_confidence,1789203157.047537,1789203157.047537,0.5894
/camera/world/agv2_confidence,1789203157.0476294,1789203157.0476294,0.5659
/camera/world/agv3_confidence,1789203157.0865147,1789203157.0865147,0.5897
/camera/world/agv2_confidence,1789203157.0865307,1789203157.0865307,0.5744
/camera/world/agv1_confidence,1789203157.086561,1789203157.086561,0.5935
/camera/world/agv3_confidence,1789203157.117572,1789203157.117572,0.5888
/camera/world/agv1_confidence,1789203157.1177046,1789203157.1177046,0.5941
/camera/world/agv2_confidence,1789203157.1177123,1789203157.1177123,0.5741
/camera/world/agv1_confidence,1789203157.14978,1789203157.14978,0.5752
/camera/world/agv3_confidence,1789203157.149886,1789203157.149886,0.5867
/camera/world/agv2_confidence,1789203157.150023,1789203157.150023,0.5697
/camera/world/agv1_confidence,1789203157.1844587,1789203157.1844587,0.5947
/camera/world/agv2_confidence,1789203157.1844673,1789203157.1844673,0.5734
/camera/world/agv3_confidence,1789203157.1844876,1789203157.1844876,0.5785
/camera/world/agv1_confidence,1789203157.2135901,1789203157.2135901,0.5953
/camera/world/agv2_confidence,1789203157.213627,1789203157.213627,0.5448
/camera/world/agv3_confidence,1789203157.213849,1789203157.213849,0.5707
/camera/world/agv2_confidence,1789203157.247618,1789203157.247618,0.5677
/camera/world/agv3_confidence,1789203157.24766,1789203157.24766,0.541
/camera/world/agv1_confidence,1789203157.2477682,1789203157.2477682,0.5955
/camera/world/agv1_confidence,1789203157.294916,1789203157.294916,0.5943
/camera/world/agv3_confidence,1789203157.2949622,1789203157.2949622,0.5678
/camera/world/agv2_confidence,1789203157.2950811,1789203157.2950811,0.5703
/camera/world/agv1_confidence,1789203157.3249643,1789203157.3249643,0.5954
/camera/world/agv2_confidence,1789203157.325009,1789203157.325009,0.5703
/camera/world/agv3_confidence,1789203157.3250327,1789203157.3250327,0.5898
/camera/world/agv2_confidence,1789203157.3613768,1789203157.3613768,0.5677
/camera/world/agv1_confidence,1789203157.361407,1789203157.361407,0.5956
/camera/world/agv3_confidence,1789203157.3615508,1789203157.3615508,0.5853
/camera/world/agv2_confidence,1789203157.3867688,1789203157.3867688,0.5721
/camera/world/agv1_confidence,1789203157.3868573,1789203157.3868573,0.5948
/camera/world/agv3_confidence,1789203157.3869932,1789203157.3869932,0.5756
/camera/world/agv1_confidence,1789203157.420758,1789203157.420758,0.5963
/camera/world/agv2_confidence,1789203157.420825,1789203157.420825,0.5714
/camera/world/agv3_confidence,1789203157.4209926,1789203157.4209926,0.5856
/camera/world/agv1_confidence,1789203157.4552982,1789203157.4552982,0.5963
/camera/world/agv2_confidence,1789203157.4555056,1789203157.4555056,0.5676
/camera/world/agv3_confidence,1789203157.4555209,1789203157.4555209,0.5899
/camera/world/agv3_confidence,1789203157.4836376,1789203157.4836376,0.5786
/camera/world/agv1_confidence,1789203157.483645,1789203157.483645,0.5971
/camera/world/agv2_confidence,1789203157.48369,1789203157.48369,0.5686
/camera/world/agv1_confidence,1789203157.5269566,1789203157.5269566,0.5965
/camera/world/agv2_confidence,1789203157.527097,1789203157.527097,0.5604
/camera/world/agv3_confidence,1789203157.5272465,1789203157.5272465,0.5861
/camera/world/agv2_confidence,1789203157.558831,1789203157.558831,0.5679
/camera/world/agv3_confidence,1789203157.558955,1789203157.558955,0.5849
/camera/world/agv1_confidence,1789203157.559021,1789203157.559021,0.5963
/camera/world/agv1_confidence,1789203157.5912135,1789203157.5912135,0.5957
/camera/world/agv2_confidence,1789203157.5913553,1789203157.5913553,0.5778
/camera/world/agv3_confidence,1789203157.5916145,1789203157.5916145,0.5891
/camera/world/agv2_confidence,1789203157.6236396,1789203157.6236396,0.5659
/camera/world/agv1_confidence,1789203157.6236658,1789203157.6236658,0.5982
/camera/world/agv3_confidence,1789203157.6237943,1789203157.6237943,0.5877
/camera/world/agv1_confidence,1789203157.6550653,1789203157.6550653,0.5976
/camera/world/agv2_confidence,1789203157.6551204,1789203157.6551204,0.563
/camera/world/agv3_confidence,1789203157.655127,1789203157.655127,0.5887
/camera/world/agv1_confidence,1789203157.6866887,1789203157.6866887,0.5975
/camera/world/agv2_confidence,1789203157.68673,1789203157.68673,0.5714
/camera/world/agv3_confidence,1789203157.6868813,1789203157.6868813,0.584
/camera/world/agv1_confidence,1789203157.721411,1789203157.721411,0.5971
/camera/world/agv2_confidence,1789203157.7215204,1789203157.7215204,0.5723
/camera/world/agv3_confidence,1789203157.7215757,1789203157.7215757,0.5582
/camera/world/agv1_confidence,1789203157.7494843,1789203157.7494843,0.5968
/camera/world/agv2_confidence,1789203157.749602,1789203157.749602,0.5177
/camera/world/agv3_confidence,1789203157.7496707,1789203157.7496707,0.5698
/camera/world/agv1_confidence,1789203157.7988505,1789203157.7988505,0.5981
/camera/world/agv2_confidence,1789203157.7989533,1789203157.7989533,0.5756
/camera/world/agv3_confidence,1789203157.7992277,1789203157.7992277,0.5885
/camera/world/agv1_confidence,1789203157.8161151,1789203157.8161151,0.5965
/camera/world/agv2_confidence,1789203157.8162785,1789203157.8162785,0.5666
/camera/world/agv3_confidence,1789203157.8164554,1789203157.8164554,0.5803
/camera/world/agv2_confidence,1789203157.8469796,1789203157.8469796,0.568
/camera/world/agv1_confidence,1789203157.8472815,1789203157.8472815,0.5992
/camera/world/agv3_confidence,1789203157.8473043,1789203157.8473043,0.5699
/camera/world/agv1_confidence,1789203157.8954322,1789203157.8954322,0.5985
/camera/world/agv2_confidence,1789203157.8954418,1789203157.8954418,0.5708
/camera/world/agv3_confidence,1789203157.8959186,1789203157.8959186,0.5887
/camera/world/agv1_confidence,1789203157.9257083,1789203157.9257083,0.5973
/camera/world/agv3_confidence,1789203157.9260254,1789203157.9260254,0.588
/camera/world/agv2_confidence,1789203157.9260507,1789203157.9260507,0.5542
/camera/world/agv1_confidence,1789203157.9577396,1789203157.9577396,0.5976
/camera/world/agv3_confidence,1789203157.9580677,1789203157.9580677,0.5871
/camera/world/agv2_confidence,1789203157.9580812,1789203157.9580812,0.5731
/camera/world/agv2_confidence,1789203157.9918668,1789203157.9918668,0.5033
/camera/world/agv3_confidence,1789203157.9919028,1789203157.9919028,0.5864
/camera/world/agv1_confidence,1789203157.9920132,1789203157.9920132,0.5996
/camera/world/agv1_confidence,1789203158.0235658,1789203158.0235658,0.597
/camera/world/agv2_confidence,1789203158.0235715,1789203158.0235715,0.5722
/camera/world/agv3_confidence,1789203158.0238807,1789203158.0238807,0.5834
/camera/world/agv1_confidence,1789203158.0507045,1789203158.0507045,0.5962
/camera/world/agv2_confidence,1789203158.0509262,1789203158.0509262,0.5648
/camera/world/agv3_confidence,1789203158.0511615,1789203158.0511615,0.593
/camera/world/agv1_confidence,1789203158.0889692,1789203158.0889692,0.5985
/camera/world/agv3_confidence,1789203158.0889897,1789203158.0889897,0.5914
/camera/world/agv2_confidence,1789203158.0890949,1789203158.0890949,0.572
/camera/world/agv1_confidence,1789203158.1170785,1789203158.1170785,0.5975
/camera/world/agv3_confidence,1789203158.1172326,1789203158.1172326,0.5874
/camera/world/agv2_confidence,1789203158.1172888,1789203158.1172888,0.5721
/camera/world/agv1_confidence,1789203158.1461442,1789203158.1461442,0.5973
/camera/world/agv2_confidence,1789203158.1462345,1789203158.1462345,0.5621
/camera/world/agv3_confidence,1789203158.1464183,1789203158.1464183,0.5501
/camera/world/agv1_confidence,1789203158.1825984,1789203158.1825984,0.553
/camera/world/agv3_confidence,1789203158.1826231,1789203158.1826231,0.5487
/camera/world/agv2_confidence,1789203158.182751,1789203158.182751,0.5717
/camera/world/agv2_confidence,1789203158.2265065,1789203158.2265065,0.5429
/camera/world/agv3_confidence,1789203158.2266283,1789203158.2266283,0.5432
/camera/world/agv1_confidence,1789203158.226657,1789203158.226657,0.5961
/camera/world/agv1_confidence,1789203158.258623,1789203158.258623,0.5971
/camera/world/agv3_confidence,1789203158.2586255,1789203158.2586255,0.5567
/camera/world/agv2_confidence,1789203158.2587435,1789203158.2587435,0.5721
/camera/world/agv1_confidence,1789203158.2885597,1789203158.2885597,0.5948
/camera/world/agv2_confidence,1789203158.2885773,1789203158.2885773,0.5642
/camera/world/agv3_confidence,1789203158.288738,1789203158.288738,0.5869
/camera/world/agv1_confidence,1789203158.3228643,1789203158.3228643,0.5969
/camera/world/agv3_confidence,1789203158.32289,1789203158.32289,0.5886
/camera/world/agv2_confidence,1789203158.3229535,1789203158.3229535,0.5717
/camera/world/agv1_confidence,1789203158.350949,1789203158.350949,0.5971
/camera/world/agv2_confidence,1789203158.3509529,1789203158.3509529,0.5755
/camera/world/agv3_confidence,1789203158.3510733,1789203158.3510733,0.5721
/camera/world/agv1_confidence,1789203158.3842814,1789203158.3842814,0.5973
/camera/world/agv3_confidence,1789203158.3843906,1789203158.3843906,0.5809
/camera/world/agv2_confidence,1789203158.384411,1789203158.384411,0.5731
/camera/world/agv2_confidence,1789203158.4152446,1789203158.4152446,0.5739
/camera/world/agv1_confidence,1789203158.4152553,1789203158.4152553,0.5977
/camera/world/agv3_confidence,1789203158.4153347,1789203158.4153347,0.5602
/camera/world/agv1_confidence,1789203158.465798,1789203158.465798,0.5564
/camera/world/agv2_confidence,1789203158.465799,1789203158.465799,0.5725
/camera/world/agv3_confidence,1789203158.46591,1789203158.46591,0.5893
/camera/world/agv2_confidence,1789203158.4939888,1789203158.4939888,0.5706
/camera/world/agv1_confidence,1789203158.494016,1789203158.494016,0.598
/camera/world/agv3_confidence,1789203158.4940193,1789203158.4940193,0.5894
/camera/world/agv1_confidence,1789203158.5314944,1789203158.5314944,0.5966
/camera/world/agv2_confidence,1789203158.5318148,1789203158.5318148,0.5765
/camera/world/agv3_confidence,1789203158.531854,1789203158.531854,0.5896
/camera/world/agv1_confidence,1789203158.5604286,1789203158.5604286,0.5965
/camera/world/agv2_confidence,1789203158.560439,1789203158.560439,0.5724
/camera/world/agv3_confidence,1789203158.5607636,1789203158.5607636,0.584
/camera/world/agv3_confidence,1789203158.5935965,1789203158.5935965,0.5892
/camera/world/agv2_confidence,1789203158.5936594,1789203158.5936594,0.5748
/camera/world/agv1_confidence,1789203158.5938494,1789203158.5938494,0.5976
/camera/world/agv1_confidence,1789203158.6229775,1789203158.6229775,0.5971
/camera/world/agv2_confidence,1789203158.623043,1789203158.623043,0.5732
/camera/world/agv3_confidence,1789203158.6231718,1789203158.6231718,0.5905
/camera/world/agv2_confidence,1789203158.667802,1789203158.667802,0.5697
/camera/world/agv3_confidence,1789203158.6678162,1789203158.6678162,0.5888
/camera/world/agv1_confidence,1789203158.668015,1789203158.668015,0.5977
/camera/world/agv3_confidence,1789203158.6818569,1789203158.6818569,0.5861
/camera/world/agv1_confidence,1789203158.681921,1789203158.681921,0.5993
/camera/world/agv2_confidence,1789203158.6819737,1789203158.6819737,0.5727
/camera/world/agv1_confidence,1789203158.7116914,1789203158.7116914,0.5955
/camera/world/agv2_confidence,1789203158.7119398,1789203158.7119398,0.5756
/camera/world/agv3_confidence,1789203158.7120328,1789203158.7120328,0.5857
/camera/world/agv1_confidence,1789203158.7568462,1789203158.7568462,0.5976
/camera/world/agv3_confidence,1789203158.7569318,1789203158.7569318,0.5936
/camera/world/agv2_confidence,1789203158.7570114,1789203158.7570114,0.5742
/camera/world/agv3_confidence,1789203158.786457,1789203158.786457,0.5862
/camera/world/agv2_confidence,1789203158.7864704,1789203158.7864704,0.5707
/camera/world/agv1_confidence,1789203158.7865405,1789203158.7865405,0.5972
/camera/world/agv1_confidence,1789203158.8190544,1789203158.8190544,0.5959
/camera/world/agv2_confidence,1789203158.8190699,1789203158.8190699,0.5757
/camera/world/agv3_confidence,1789203158.8192997,1789203158.8192997,0.5878
/camera/world/agv3_confidence,1789203158.8511283,1789203158.8511283,0.589
/camera/world/agv2_confidence,1789203158.8511643,1789203158.8511643,0.5481
/camera/world/agv1_confidence,1789203158.8512416,1789203158.8512416,0.5961
/camera/world/agv1_confidence,1789203158.8830602,1789203158.8830602,0.5971
/camera/world/agv2_confidence,1789203158.8833725,1789203158.8833725,0.5761
/camera/world/agv3_confidence,1789203158.8835347,1789203158.8835347,0.562
/camera/world/agv1_confidence,1789203158.9243336,1789203158.9243336,0.5978
/camera/world/agv2_confidence,1789203158.9244964,1789203158.9244964,0.576
/camera/world/agv3_confidence,1789203158.9245002,1789203158.9245002,0.586
/camera/world/agv1_confidence,1789203158.9543421,1789203158.9543421,0.5968
/camera/world/agv2_confidence,1789203158.9543467,1789203158.9543467,0.5746
/camera/world/agv3_confidence,1789203158.9544678,1789203158.9544678,0.5872
/camera/world/agv1_confidence,1789203158.9873626,1789203158.9873626,0.5963
/camera/world/agv3_confidence,1789203158.9876964,1789203158.9876964,0.569
/camera/world/agv2_confidence,1789203158.9879208,1789203158.9879208,0.5775
/camera/world/agv2_confidence,1789203159.0156577,1789203159.0156577,0.5773
/camera/world/agv1_confidence,1789203159.0157475,1789203159.0157475,0.5971
/camera/world/agv3_confidence,1789203159.0159214,1789203159.0159214,0.5741
/camera/world/agv3_confidence,1789203159.0483685,1789203159.0483685,0.5919
/camera/world/agv2_confidence,1789203159.04845,1789203159.04845,0.5744
/camera/world/agv1_confidence,1789203159.0485015,1789203159.0485015,0.5959
/camera/world/agv2_confidence,1789203159.0828173,1789203159.0828173,0.579
/camera/world/agv1_confidence,1789203159.0829384,1789203159.0829384,0.5974
/camera/world/agv3_confidence,1789203159.0829718,1789203159.0829718,0.5912
/camera/world/agv1_confidence,1789203159.115466,1789203159.115466,0.5992
/camera/world/agv2_confidence,1789203159.1154714,1789203159.1154714,0.5768
/camera/world/agv3_confidence,1789203159.1158333,1789203159.1158333,0.5897
/camera/world/agv1_confidence,1789203159.1589017,1789203159.1589017,0.5973
/camera/world/agv2_confidence,1789203159.159217,1789203159.159217,0.5776
/camera/world/agv3_confidence,1789203159.159342,1789203159.159342,0.5902
/camera/world/agv1_confidence,1789203159.1957283,1789203159.1957283,0.5981
/camera/world/agv2_confidence,1789203159.1960478,1789203159.1960478,0.5775
/camera/world/agv3_confidence,1789203159.1961033,1789203159.1961033,0.5933
/camera/world/agv1_confidence,1789203159.2270036,1789203159.2270036,0.5975
/camera/world/agv3_confidence,1789203159.227022,1789203159.227022,0.5897
/camera/world/agv2_confidence,1789203159.2270815,1789203159.2270815,0.5781
/camera/world/agv3_confidence,1789203159.2573256,1789203159.2573256,0.5934
/camera/world/agv1_confidence,1789203159.2573357,1789203159.2573357,0.5974
/camera/world/agv2_confidence,1789203159.2574697,1789203159.2574697,0.5761
/camera/world/agv2_confidence,1789203159.2929997,1789203159.2929997,0.5744
/camera/world/agv1_confidence,1789203159.2931035,1789203159.2931035,0.5975
/camera/world/agv3_confidence,1789203159.2931547,1789203159.2931547,0.5939
/camera/world/agv1_confidence,1789203159.3190858,1789203159.3190858,0.5999
/camera/world/agv2_confidence,1789203159.319141,1789203159.319141,0.4568
/camera/world/agv3_confidence,1789203159.319177,1789203159.319177,0.594
/camera/world/agv3_confidence,1789203159.3512285,1789203159.3512285,0.5722
/camera/world/agv1_confidence,1789203159.3512387,1789203159.3512387,0.5958
/camera/world/agv2_confidence,1789203159.3514688,1789203159.3514688,0.5776
/camera/world/agv1_confidence,1789203159.3857927,1789203159.3857927,0.5977
/camera/world/agv3_confidence,1789203159.385894,1789203159.385894,0.5906
/camera/world/agv2_confidence,1789203159.3859024,1789203159.3859024,0.5786
/camera/world/agv1_confidence,1789203159.415756,1789203159.415756,0.5742
/camera/world/agv3_confidence,1789203159.4160204,1789203159.4160204,0.5906
/camera/world/agv2_confidence,1789203159.4160898,1789203159.4160898,0.5796
/camera/world/agv1_confidence,1789203159.451205,1789203159.451205,0.5977
/camera/world/agv3_confidence,1789203159.451221,1789203159.451221,0.5907
/camera/world/agv2_confidence,1789203159.4512618,1789203159.4512618,0.5799
/camera/world/agv1_confidence,1789203159.4795988,1789203159.4795988,0.5683
/camera/world/agv3_confidence,1789203159.4796185,1789203159.4796185,0.5931
/camera/world/agv2_confidence,1789203159.479777,1789203159.479777,0.5768
/camera/world/agv1_confidence,1789203159.526615,1789203159.526615,0.5982
/camera/world/agv2_confidence,1789203159.5266464,1789203159.5266464,0.5779
/camera/world/agv3_confidence,1789203159.5266602,1789203159.5266602,0.5931
/camera/world/agv1_confidence,1789203159.5611534,1789203159.5611534,0.5587
/camera/world/agv3_confidence,1789203159.5612383,1789203159.5612383,0.5928
/camera/world/agv2_confidence,1789203159.5613976,1789203159.5613976,0.5584
/camera/world/agv1_confidence,1789203159.592589,1789203159.592589,0.596
/camera/world/agv3_confidence,1789203159.5926151,1789203159.5926151,0.5935
/camera/world/agv2_confidence,1789203159.5926516,1789203159.5926516,0.5793
/camera/world/agv3_confidence,1789203159.6212707,1789203159.6212707,0.5907
/camera/world/agv1_confidence,1789203159.6212852,1789203159.6212852,0.5772
/camera/world/agv2_confidence,1789203159.6213033,1789203159.6213033,0.5791
/camera/world/agv3_confidence,1789203159.6526344,1789203159.6526344,0.5907
/camera/world/agv2_confidence,1789203159.6526923,1789203159.6526923,0.5794
/camera/world/agv1_confidence,1789203159.6528063,1789203159.6528063,0.5934
/camera/world/agv3_confidence,1789203159.6928258,1789203159.6928258,0.5949
/camera/world/agv1_confidence,1789203159.6928706,1789203159.6928706,0.5964
/camera/world/agv2_confidence,1789203159.6929617,1789203159.6929617,0.5794
/camera/world/agv1_confidence,1789203159.715132,1789203159.715132,0.5983
/camera/world/agv2_confidence,1789203159.7153406,1789203159.7153406,0.5813
/camera/world/agv3_confidence,1789203159.7154315,1789203159.7154315,0.5946
/camera/world/agv2_confidence,1789203159.761038,1789203159.761038,0.5798
/camera/world/agv1_confidence,1789203159.7610457,1789203159.7610457,0.5404
/camera/world/agv3_confidence,1789203159.7612221,1789203159.7612221,0.5712
/camera/world/agv1_confidence,1789203159.7942324,1789203159.7942324,0.5963
/camera/world/agv3_confidence,1789203159.7943535,1789203159.7943535,0.5686
/camera/world/agv2_confidence,1789203159.7945786,1789203159.7945786,0.5816
/camera/world/agv1_confidence,1789203159.8269672,1789203159.8269672,0.5967
/camera/world/agv2_confidence,1789203159.8272977,1789203159.8272977,0.581
/camera/world/agv3_confidence,1789203159.8273363,1789203159.8273363,0.5912
/camera/world/agv1_confidence,1789203159.863539,1789203159.863539,0.5522
/camera/world/agv2_confidence,1789203159.8636441,1789203159.8636441,0.5798
/camera/world/agv3_confidence,1789203159.8639302,1789203159.8639302,0.5936
/camera/world/agv1_confidence,1789203159.8887577,1789203159.8887577,0.5543
/camera/world/agv2_confidence,1789203159.8887699,1789203159.8887699,0.5794
/camera/world/agv3_confidence,1789203159.8889601,1789203159.8889601,0.5941
/camera/world/agv2_confidence,1789203159.9209683,1789203159.9209683,0.5807
/camera/world/agv1_confidence,1789203159.9209893,1789203159.9209893,0.5972
/camera/world/agv3_confidence,1789203159.9212055,1789203159.9212055,0.5928
/camera/world/agv1_confidence,1789203159.95457,1789203159.95457,0.5963
/camera/world/agv2_confidence,1789203159.9548519,1789203159.9548519,0.5822
/camera/world/agv3_confidence,1789203159.9548657,1789203159.9548657,0.592
/camera/world/agv2_confidence,1789203159.9829056,1789203159.9829056,0.5827
/camera/world/agv1_confidence,1789203159.982914,1789203159.982914,0.5962
/camera/world/agv3_confidence,1789203159.9830596,1789203159.9830596,0.5936
/camera/world/agv1_confidence,1789203160.0160186,1789203160.0160186,0.5962
/camera/world/agv2_confidence,1789203160.0163324,1789203160.0163324,0.5816
/camera/world/agv3_confidence,1789203160.016451,1789203160.016451,0.5919
/camera/world/agv3_confidence,1789203160.0468476,1789203160.0468476,0.5924
/camera/world/agv2_confidence,1789203160.0468605,1789203160.0468605,0.5816
/camera/world/agv1_confidence,1789203160.046995,1789203160.046995,0.5965
/camera/world/agv1_confidence,1789203160.0933428,1789203160.0933428,0.5536
/camera/world/agv3_confidence,1789203160.0933466,1789203160.0933466,0.5925
/camera/world/agv2_confidence,1789203160.0933905,1789203160.0933905,0.583
/camera/world/agv1_confidence,1789203160.1255462,1789203160.1255462,0.5972
/camera/world/agv3_confidence,1789203160.1255603,1789203160.1255603,0.5952
/camera/world/agv2_confidence,1789203160.1256726,1789203160.1256726,0.582
/camera/world/agv2_confidence,1789203160.1552083,1789203160.1552083,0.5815
/camera/world/agv3_confidence,1789203160.1552153,1789203160.1552153,0.5765
/camera/world/agv1_confidence,1789203160.1554096,1789203160.1554096,0.5931
/camera/world/agv2_confidence,1789203160.187696,1789203160.187696,0.5845
/camera/world/agv3_confidence,1789203160.187772,1789203160.187772,0.5942
/camera/world/agv1_confidence,1789203160.1878,1789203160.1878,0.5968
/camera/world/agv1_confidence,1789203160.220629,1789203160.220629,0.5967
/camera/world/agv2_confidence,1789203160.2206705,1789203160.2206705,0.5814
/camera/world/agv3_confidence,1789203160.2210302,1789203160.2210302,0.5938
/camera/world/agv1_confidence,1789203160.2545714,1789203160.2545714,0.599
/camera/world/agv2_confidence,1789203160.254667,1789203160.254667,0.5823
/camera/world/agv3_confidence,1789203160.2548127,1789203160.2548127,0.5937
/camera/world/agv1_confidence,1789203160.2841947,1789203160.2841947,0.5983
/camera/world/agv3_confidence,1789203160.284205,1789203160.284205,0.5953
/camera/world/agv2_confidence,1789203160.284245,1789203160.284245,0.5818
/camera/world/agv1_confidence,1789203160.316799,1789203160.316799,0.5951
/camera/world/agv3_confidence,1789203160.3168044,1789203160.3168044,0.5953
/camera/world/agv2_confidence,1789203160.3168113,1789203160.3168113,0.5809
/camera/world/agv3_confidence,1789203160.346862,1789203160.346862,0.5941
/camera/world/agv2_confidence,1789203160.3468752,1789203160.3468752,0.5836
/camera/world/agv1_confidence,1789203160.3469288,1789203160.3469288,0.5634
/camera/world/agv2_confidence,1789203160.3799624,1789203160.3799624,0.5836
/camera/world/agv3_confidence,1789203160.380084,1789203160.380084,0.5683
/camera/world/agv1_confidence,1789203160.380218,1789203160.380218,0.5771
/camera/world/agv2_confidence,1789203160.43198,1789203160.43198,0.5584
/camera/world/agv3_confidence,1789203160.4320416,1789203160.4320416,0.5931
/camera/world/agv1_confidence,1789203160.4321542,1789203160.4321542,0.5978
/camera/world/agv2_confidence,1789203160.4468317,1789203160.4468317,0.5817
/camera/world/agv1_confidence,1789203160.4469392,1789203160.4469392,0.595
/camera/world/agv3_confidence,1789203160.447083,1789203160.447083,0.5952
/camera/world/agv2_confidence,1789203160.4936926,1789203160.4936926,0.5851
/camera/world/agv1_confidence,1789203160.493764,1789203160.493764,0.5945
/camera/world/agv3_confidence,1789203160.493793,1789203160.493793,0.5939
/camera/world/agv1_confidence,1789203160.525872,1789203160.525872,0.595
/camera/world/agv2_confidence,1789203160.5260897,1789203160.5260897,0.5829
/camera/world/agv3_confidence,1789203160.5262067,1789203160.5262067,0.5973
/camera/world/agv1_confidence,1789203160.5595639,1789203160.5595639,0.5954
/camera/world/agv2_confidence,1789203160.5596719,1789203160.5596719,0.5822
/camera/world/agv3_confidence,1789203160.5596855,1789203160.5596855,0.5956
/camera/world/agv1_confidence,1789203160.5901036,1789203160.5901036,0.6014
/camera/world/agv2_confidence,1789203160.5902076,1789203160.5902076,0.5834
/camera/world/agv3_confidence,1789203160.5905375,1789203160.5905375,0.5946
/camera/world/agv2_confidence,1789203160.624821,1789203160.624821,0.5829
/camera/world/agv1_confidence,1789203160.6248589,1789203160.6248589,0.6017
/camera/world/agv3_confidence,1789203160.6250508,1789203160.6250508,0.5966
/camera/world/agv2_confidence,1789203160.6554117,1789203160.6554117,0.5819
/camera/world/agv3_confidence,1789203160.655443,1789203160.655443,0.5963
/camera/world/agv1_confidence,1789203160.6557088,1789203160.6557088,0.5963
/camera/world/agv2_confidence,1789203160.6837528,1789203160.6837528,0.5819
/camera/world/agv3_confidence,1789203160.683778,1789203160.683778,0.5949
/camera/world/agv1_confidence,1789203160.6837964,1789203160.6837964,0.5963
/camera/world/agv1_confidence,1789203160.7151496,1789203160.7151496,0.5984
/camera/world/agv3_confidence,1789203160.715396,1789203160.715396,0.5974
/camera/world/agv2_confidence,1789203160.715439,1789203160.715439,0.5813
/camera/world/agv2_confidence,1789203160.745038,1789203160.745038,0.5811
/camera/world/agv3_confidence,1789203160.7451928,1789203160.7451928,0.5944
/camera/world/agv1_confidence,1789203160.7453094,1789203160.7453094,0.5989
/camera/world/agv1_confidence,1789203160.7919204,1789203160.7919204,0.5722
/camera/world/agv2_confidence,1789203160.7919314,1789203160.7919314,0.5849
/camera/world/agv3_confidence,1789203160.7919786,1789203160.7919786,0.5958
/camera/world/agv2_confidence,1789203160.8178089,1789203160.8178089,0.5824
/camera/world/agv1_confidence,1789203160.817818,1789203160.817818,0.594
/camera/world/agv3_confidence,1789203160.8178446,1789203160.8178446,0.5979
/camera/world/agv1_confidence,1789203160.8499198,1789203160.8499198,0.5771
/camera/world/agv3_confidence,1789203160.850062,1789203160.850062,0.5939
/camera/world/agv2_confidence,1789203160.8502553,1789203160.8502553,0.5836
/camera/world/agv1_confidence,1789203160.8784723,1789203160.8784723,0.5417
/camera/world/agv2_confidence,1789203160.8784912,1789203160.8784912,0.5825
/camera/world/agv3_confidence,1789203160.8785582,1789203160.8785582,0.5956
/camera/world/agv2_confidence,1789203160.9282334,1789203160.9282334,0.5832
/camera/world/agv1_confidence,1789203160.9282923,1789203160.9282923,0.597
/camera/world/agv3_confidence,1789203160.9283707,1789203160.9283707,0.5959
/camera/world/agv1_confidence,1789203160.9580734,1789203160.9580734,0.5748
/camera/world/agv2_confidence,1789203160.9580748,1789203160.9580748,0.584
/camera/world/agv3_confidence,1789203160.9583418,1789203160.9583418,0.5938
/camera/world/agv1_confidence,1789203161.0011485,1789203161.0011485,0.5966
/camera/world/agv2_confidence,1789203161.00116,1789203161.00116,0.5851
/camera/world/agv3_confidence,1789203161.001173,1789203161.001173,0.596
/camera/world/agv1_confidence,1789203161.018147,1789203161.018147,0.5971
/camera/world/agv2_confidence,1789203161.0181503,1789203161.0181503,0.5662
/camera/world/agv3_confidence,1789203161.018418,1789203161.018418,0.5706
/camera/world/agv2_confidence,1789203161.0489666,1789203161.0489666,0.5848
/camera/world/agv3_confidence,1789203161.0491478,1789203161.0491478,0.5935
/camera/world/agv1_confidence,1789203161.049282,1789203161.049282,0.5929
/camera/world/agv1_confidence,1789203161.0946324,1789203161.0946324,0.5885
/camera/world/agv2_confidence,1789203161.0950437,1789203161.0950437,0.583
/camera/world/agv3_confidence,1789203161.0952637,1789203161.0952637,0.5956
/camera/world/agv1_confidence,1789203161.1264427,1789203161.1264427,0.5954
/camera/world/agv2_confidence,1789203161.1266243,1789203161.1266243,0.5835
/camera/world/agv3_confidence,1789203161.126686,1789203161.126686,0.5958
/camera/world/agv2_confidence,1789203161.1636806,1789203161.1636806,0.5832
/camera/world/agv3_confidence,1789203161.1639707,1789203161.1639707,0.5971
/camera/world/agv1_confidence,1789203161.164037,1789203161.164037,0.5978
/camera/world/agv1_confidence,1789203161.1989615,1789203161.1989615,0.5703
/camera/world/agv2_confidence,1789203161.1993368,1789203161.1993368,0.5824
/camera/world/agv3_confidence,1789203161.1994264,1789203161.1994264,0.5955
/camera/world/agv1_confidence,1789203161.2253025,1789203161.2253025,0.5899
/camera/world/agv2_confidence,1789203161.2254937,1789203161.2254937,0.5831
/camera/world/agv3_confidence,1789203161.2254977,1789203161.2254977,0.595
/camera/world/agv3_confidence,1789203161.2614787,1789203161.2614787,0.5958
/camera/world/agv1_confidence,1789203161.2614973,1789203161.2614973,0.5909
/camera/world/agv2_confidence,1789203161.2615182,1789203161.2615182,0.5845
/camera/world/agv1_confidence,1789203161.2930326,1789203161.2930326,0.5953
/camera/world/agv2_confidence,1789203161.293083,1789203161.293083,0.5147
/camera/world/agv3_confidence,1789203161.2931795,1789203161.2931795,0.595
/camera/world/agv1_confidence,1789203161.3214562,1789203161.3214562,0.5996
/camera/world/agv3_confidence,1789203161.3215122,1789203161.3215122,0.5981
/camera/world/agv2_confidence,1789203161.3215287,1789203161.3215287,0.5856
/camera/world/agv1_confidence,1789203161.3570337,1789203161.3570337,0.5893
/camera/world/agv3_confidence,1789203161.3570988,1789203161.3570988,0.5783
/camera/world/agv2_confidence,1789203161.3571281,1789203161.3571281,0.5677
/camera/world/agv3_confidence,1789203161.3850226,1789203161.3850226,0.5958
/camera/world/agv2_confidence,1789203161.3850498,1789203161.3850498,0.5704
/camera/world/agv1_confidence,1789203161.3850715,1789203161.3850715,0.5986
/camera/world/agv1_confidence,1789203161.4178994,1789203161.4178994,0.5893
/camera/world/agv3_confidence,1789203161.4180658,1789203161.4180658,0.5938
/camera/world/agv2_confidence,1789203161.4181952,1789203161.4181952,0.5863
/camera/world/agv1_confidence,1789203161.450135,1789203161.450135,0.5768
/camera/world/agv3_confidence,1789203161.4505534,1789203161.4505534,0.5965
/camera/world/agv2_confidence,1789203161.4506803,1789203161.4506803,0.5855
/camera/world/agv1_confidence,1789203161.484318,1789203161.484318,0.5837
/camera/world/agv3_confidence,1789203161.4843564,1789203161.4843564,0.5969
/camera/world/agv2_confidence,1789203161.4844022,1789203161.4844022,0.5867
/camera/world/agv1_confidence,1789203161.5136123,1789203161.5136123,0.5796
/camera/world/agv2_confidence,1789203161.5136375,1789203161.5136375,0.5842
/camera/world/agv3_confidence,1789203161.5136464,1789203161.5136464,0.5955
/camera/world/agv1_confidence,1789203161.5630205,1789203161.5630205,0.5968
/camera/world/agv2_confidence,1789203161.5632496,1789203161.5632496,0.5861
/camera/world/agv3_confidence,1789203161.5635118,1789203161.5635118,0.5958
/camera/world/agv1_confidence,1789203161.595055,1789203161.595055,0.5939
/camera/world/agv3_confidence,1789203161.5950677,1789203161.5950677,0.5955
/camera/world/agv2_confidence,1789203161.595173,1789203161.595173,0.5868
/camera/world/agv1_confidence,1789203161.6242676,1789203161.6242676,0.5634
/camera/world/agv2_confidence,1789203161.6242716,1789203161.6242716,0.5856
/camera/world/agv3_confidence,1789203161.6245227,1789203161.6245227,0.5981
/camera/world/agv1_confidence,1789203161.6547718,1789203161.6547718,0.579
/camera/world/agv2_confidence,1789203161.6547813,1789203161.6547813,0.5854
/camera/world/agv3_confidence,1789203161.6550415,1789203161.6550415,0.5939
/camera/world/agv2_confidence,1789203161.6879625,1789203161.6879625,0.5843
/camera/world/agv1_confidence,1789203161.6880577,1789203161.6880577,0.5792
/camera/world/agv3_confidence,1789203161.6881742,1789203161.6881742,0.5977
/camera/world/agv1_confidence,1789203161.7178288,1789203161.7178288,0.593
/camera/world/agv3_confidence,1789203161.7179945,1789203161.7179945,0.5965
/camera/world/agv2_confidence,1789203161.7180986,1789203161.7180986,0.5843
/camera/world/agv1_confidence,1789203161.7545252,1789203161.7545252,0.5922
/camera/world/agv3_confidence,1789203161.7546904,1789203161.7546904,0.5981
/camera/world/agv2_confidence,1789203161.7547078,1789203161.7547078,0.5842
/camera/world/agv1_confidence,1789203161.7802954,1789203161.7802954,0.5852
/camera/world/agv2_confidence,1789203161.7804027,1789203161.7804027,0.583
/camera/world/agv3_confidence,1789203161.7805793,1789203161.7805793,0.5939
/camera/world/agv1_confidence,1789203161.8127947,1789203161.8127947,0.5962
/camera/world/agv3_confidence,1789203161.8129966,1789203161.8129966,0.5969
/camera/world/agv2_confidence,1789203161.81306,1789203161.81306,0.5855
/camera/world/agv3_confidence,1789203161.849194,1789203161.849194,0.5974
/camera/world/agv1_confidence,1789203161.8492265,1789203161.8492265,0.5984
/camera/world/agv2_confidence,1789203161.8494282,1789203161.8494282,0.5864
/camera/world/agv1_confidence,1789203161.8825996,1789203161.8825996,0.5896
/camera/world/agv2_confidence,1789203161.8827229,1789203161.8827229,0.5844
/camera/world/agv3_confidence,1789203161.8827715,1789203161.8827715,0.5974
/camera/world/agv2_confidence,1789203161.914092,1789203161.914092,0.574
/camera/world/agv1_confidence,1789203161.9142685,1789203161.9142685,0.5926
/camera/world/agv3_confidence,1789203161.9143949,1789203161.9143949,0.5959
/camera/world/agv2_confidence,1789203161.9626782,1789203161.9626782,0.5847
/camera/world/agv1_confidence,1789203161.962707,1789203161.962707,0.6034
/camera/world/agv3_confidence,1789203161.9627092,1789203161.9627092,0.5975
/camera/world/agv1_confidence,1789203161.9907627,1789203161.9907627,0.5854
/camera/world/agv2_confidence,1789203161.9909127,1789203161.9909127,0.5852
/camera/world/agv3_confidence,1789203161.9909399,1789203161.9909399,0.5983
/camera/world/agv1_confidence,1789203162.0225158,1789203162.0225158,0.5758
/camera/world/agv3_confidence,1789203162.0225387,1789203162.0225387,0.5957
/camera/world/agv2_confidence,1789203162.0226822,1789203162.0226822,0.5871
/camera/world/agv1_confidence,1789203162.0542657,1789203162.0542657,0.6001
/camera/world/agv3_confidence,1789203162.0543125,1789203162.0543125,0.596
/camera/world/agv2_confidence,1789203162.0543644,1789203162.0543644,0.5847
/camera/world/agv2_confidence,1789203162.0875332,1789203162.0875332,0.5838
/camera/world/agv1_confidence,1789203162.087624,1789203162.087624,0.598
/camera/world/agv3_confidence,1789203162.0877752,1789203162.0877752,0.5972
/camera/world/agv1_confidence,1789203162.118156,1789203162.118156,0.586
/camera/world/agv2_confidence,1789203162.11826,1789203162.11826,0.5868
/camera/world/agv3_confidence,1789203162.1184418,1789203162.1184418,0.5969
/camera/world/agv2_confidence,1789203162.1482246,1789203162.1482246,0.5877
/camera/world/agv3_confidence,1789203162.1483357,1789203162.1483357,0.5976
/camera/world/agv1_confidence,1789203162.1484516,1789203162.1484516,0.5811
/camera/world/agv2_confidence,1789203162.179283,1789203162.179283,0.5886
/camera/world/agv1_confidence,1789203162.1793077,1789203162.1793077,0.563
/camera/world/agv3_confidence,1789203162.1795313,1789203162.1795313,0.5944
/camera/world/agv1_confidence,1789203162.2325675,1789203162.2325675,0.5902
/camera/world/agv2_confidence,1789203162.2327774,1789203162.2327774,0.5841
/camera/world/agv3_confidence,1789203162.2329721,1789203162.2329721,0.5985
/camera/world/agv1_confidence,1789203162.2555757,1789203162.2555757,0.5926
/camera/world/agv2_confidence,1789203162.2556725,1789203162.2556725,0.5851
/camera/world/agv3_confidence,1789203162.255724,1789203162.255724,0.5965
/camera/world/agv1_confidence,1789203162.2864943,1789203162.2864943,0.5954
/camera/world/agv3_confidence,1789203162.2866538,1789203162.2866538,0.5974
/camera/world/agv2_confidence,1789203162.2866602,1789203162.2866602,0.5866
/camera/world/agv2_confidence,1789203162.3218,1789203162.3218,0.5694
/camera/world/agv1_confidence,1789203162.3218095,1789203162.3218095,0.5929
/camera/world/agv3_confidence,1789203162.3220222,1789203162.3220222,0.5956
/camera/world/agv1_confidence,1789203162.3548574,1789203162.3548574,0.583
/camera/world/agv2_confidence,1789203162.3548713,1789203162.3548713,0.5851
/camera/world/agv3_confidence,1789203162.3548722,1789203162.3548722,0.5971
/camera/world/agv2_confidence,1789203162.3966403,1789203162.3966403,0.5857
/camera/world/agv3_confidence,1789203162.3968172,1789203162.3968172,0.5955
/camera/world/agv1_confidence,1789203162.3968637,1789203162.3968637,0.5928
/camera/world/agv1_confidence,1789203162.425902,1789203162.425902,0.5894
/camera/world/agv3_confidence,1789203162.4259043,1789203162.4259043,0.5955
/camera/world/agv2_confidence,1789203162.4259162,1789203162.4259162,0.5869
/camera/world/agv3_confidence,1789203162.4575338,1789203162.4575338,0.598
/camera/world/agv2_confidence,1789203162.4576588,1789203162.4576588,0.5859
/camera/world/agv1_confidence,1789203162.4576643,1789203162.4576643,0.5759
/camera/world/agv1_confidence,1789203162.489763,1789203162.489763,0.5958
/camera/world/agv3_confidence,1789203162.4898896,1789203162.4898896,0.5969
/camera/world/agv2_confidence,1789203162.4899151,1789203162.4899151,0.5865
/camera/world/agv1_confidence,1789203162.519658,1789203162.519658,0.5738
/camera/world/agv3_confidence,1789203162.5196695,1789203162.5196695,0.5957
/camera/world/agv2_confidence,1789203162.5198123,1789203162.5198123,0.5862
/camera/world/agv3_confidence,1789203162.5525239,1789203162.5525239,0.5956
/camera/world/agv1_confidence,1789203162.5525267,1789203162.5525267,0.6051
/camera/world/agv2_confidence,1789203162.552646,1789203162.552646,0.5864
/camera/world/agv1_confidence,1789203162.5856597,1789203162.5856597,0.6032
/camera/world/agv2_confidence,1789203162.5856998,1789203162.5856998,0.5872
/camera/world/agv3_confidence,1789203162.5857599,1789203162.5857599,0.5966
/camera/world/agv1_confidence,1789203162.6180048,1789203162.6180048,0.5827
/camera/world/agv2_confidence,1789203162.6181629,1789203162.6181629,0.5874
/camera/world/agv3_confidence,1789203162.618333,1789203162.618333,0.5977
/camera/world/agv1_confidence,1789203162.6475205,1789203162.6475205,0.564
/camera/world/agv2_confidence,1789203162.6475637,1789203162.6475637,0.563
/camera/world/agv3_confidence,1789203162.6476738,1789203162.6476738,0.5983
/camera/world/agv1_confidence,1789203162.6789727,1789203162.6789727,0.5966
/camera/world/agv2_confidence,1789203162.67906,1789203162.67906,0.5867
/camera/world/agv3_confidence,1789203162.6792033,1789203162.6792033,0.5968
/camera/world/agv2_confidence,1789203162.738709,1789203162.738709,0.5872
/camera/world/agv3_confidence,1789203162.738796,1789203162.738796,0.5967
/camera/world/agv1_confidence,1789203162.7388072,1789203162.7388072,0.5827
/camera/world/agv2_confidence,1789203162.7540972,1789203162.7540972,0.5838
/camera/world/agv1_confidence,1789203162.7541966,1789203162.7541966,0.6038
/camera/world/agv3_confidence,1789203162.754227,1789203162.754227,0.5951
/camera/world/agv1_confidence,1789203162.7881684,1789203162.7881684,0.589
/camera/world/agv2_confidence,1789203162.7881715,1789203162.7881715,0.5856
/camera/world/agv3_confidence,1789203162.7882597,1789203162.7882597,0.5972
/camera/world/agv1_confidence,1789203162.8231645,1789203162.8231645,0.6051
/camera/world/agv2_confidence,1789203162.8234432,1789203162.8234432,0.5862
/camera/world/agv3_confidence,1789203162.8234563,1789203162.8234563,0.5971
/camera/world/agv1_confidence,1789203162.8530374,1789203162.8530374,0.6052
/camera/world/agv3_confidence,1789203162.8532388,1789203162.8532388,0.5958
/camera/world/agv2_confidence,1789203162.8532603,1789203162.8532603,0.586
/camera/world/agv1_confidence,1789203162.8840759,1789203162.8840759,0.5908
/camera/world/agv2_confidence,1789203162.8842056,1789203162.8842056,0.5871
/camera/world/agv3_confidence,1789203162.884247,1789203162.884247,0.5968
/camera/world/agv2_confidence,1789203162.9185264,1789203162.9185264,0.5851
/camera/world/agv1_confidence,1789203162.9185834,1789203162.9185834,0.5991
/camera/world/agv3_confidence,1789203162.9186566,1789203162.9186566,0.597
/camera/world/agv1_confidence,1789203162.949333,1789203162.949333,0.6047
/camera/world/agv2_confidence,1789203162.9494264,1789203162.9494264,0.5869
/camera/world/agv3_confidence,1789203162.9495063,1789203162.9495063,0.5934
/camera/world/agv2_confidence,1789203162.9788938,1789203162.9788938,0.5858
/camera/world/agv1_confidence,1789203162.978951,1789203162.978951,0.5709
/camera/world/agv3_confidence,1789203162.9790251,1789203162.9790251,0.5971
/camera/world/agv1_confidence,1789203163.029895,1789203163.029895,0.6072
/camera/world/agv3_confidence,1789203163.029926,1789203163.029926,0.5746
/camera/world/agv2_confidence,1789203163.0299315,1789203163.0299315,0.5878
/camera/world/agv2_confidence,1789203163.0620499,1789203163.0620499,0.5845
/camera/world/agv1_confidence,1789203163.0620847,1789203163.0620847,0.5966
/camera/world/agv3_confidence,1789203163.06228,1789203163.06228,0.5965
/camera/world/agv1_confidence,1789203163.0904188,1789203163.0904188,0.5878
/camera/world/agv2_confidence,1789203163.090571,1789203163.090571,0.5851
/camera/world/agv3_confidence,1789203163.090753,1789203163.090753,0.5958
/camera/world/agv1_confidence,1789203163.1240082,1789203163.1240082,0.5697
/camera/world/agv2_confidence,1789203163.124087,1789203163.124087,0.5858
/camera/world/agv3_confidence,1789203163.1243155,1789203163.1243155,0.5963
/camera/world/agv1_confidence,1789203163.1584136,1789203163.1584136,0.605
/camera/world/agv3_confidence,1789203163.1584184,1789203163.1584184,0.5966
/camera/world/agv2_confidence,1789203163.1584332,1789203163.1584332,0.587
/camera/world/agv1_confidence,1789203163.185262,1789203163.185262,0.6062
/camera/world/agv2_confidence,1789203163.1852794,1789203163.1852794,0.5837
/camera/world/agv3_confidence,1789203163.1852937,1789203163.1852937,0.5957
/camera/world/agv1_confidence,1789203163.2177484,1789203163.2177484,0.6053
/camera/world/agv2_confidence,1789203163.2179365,1789203163.2179365,0.5859
/camera/world/agv3_confidence,1789203163.2179527,1789203163.2179527,0.5977
/camera/world/agv1_confidence,1789203163.2493079,1789203163.2493079,0.5976
/camera/world/agv2_confidence,1789203163.2496448,1789203163.2496448,0.5738
/camera/world/agv3_confidence,1789203163.2496762,1789203163.2496762,0.5732
/camera/world/agv1_confidence,1789203163.2826023,1789203163.2826023,0.5678
/camera/world/agv2_confidence,1789203163.2827134,1789203163.2827134,0.5854
/camera/world/agv3_confidence,1789203163.2827556,1789203163.2827556,0.5723
/camera/world/agv2_confidence,1789203163.3141868,1789203163.3141868,0.5819
/camera/world/agv3_confidence,1789203163.3143315,1789203163.3143315,0.5975
/camera/world/agv1_confidence,1789203163.3143442,1789203163.3143442,0.5907
/camera/world/agv1_confidence,1789203163.3635342,1789203163.3635342,0.6045
/camera/world/agv3_confidence,1789203163.3635995,1789203163.3635995,0.5976
/camera/world/agv2_confidence,1789203163.3638065,1789203163.3638065,0.5856
/camera/world/agv1_confidence,1789203163.3919516,1789203163.3919516,0.5828
/camera/world/agv3_confidence,1789203163.3920176,1789203163.3920176,0.5656
/camera/world/agv2_confidence,1789203163.3920279,1789203163.3920279,0.5879
/camera/world/agv1_confidence,1789203163.4254727,1789203163.4254727,0.6066
/camera/world/agv2_confidence,1789203163.4256036,1789203163.4256036,0.5873
/camera/world/agv3_confidence,1789203163.4258616,1789203163.4258616,0.5932
/camera/world/agv1_confidence,1789203163.4560122,1789203163.4560122,0.6047
/camera/world/agv2_confidence,1789203163.4560382,1789203163.4560382,0.5857
/camera/world/agv3_confidence,1789203163.4563043,1789203163.4563043,0.5965
/camera/world/agv1_confidence,1789203163.4948702,1789203163.4948702,0.5929
/camera/world/agv2_confidence,1789203163.4950073,1789203163.4950073,0.5866
/camera/world/agv3_confidence,1789203163.4952009,1789203163.4952009,0.5964
/camera/world/agv2_confidence,1789203163.5275197,1789203163.5275197,0.583
/camera/world/agv1_confidence,1789203163.5275247,1789203163.5275247,0.5855
/camera/world/agv3_confidence,1789203163.5276673,1789203163.5276673,0.5953
/camera/world/agv1_confidence,1789203163.561212,1789203163.561212,0.6023
/camera/world/agv3_confidence,1789203163.5612836,1789203163.5612836,0.5955
/camera/world/agv2_confidence,1789203163.5613067,1789203163.5613067,0.5838
/camera/world/agv1_confidence,1789203163.5953472,1789203163.5953472,0.5874
/camera/world/agv2_confidence,1789203163.5954256,1789203163.5954256,0.585
/camera/world/agv3_confidence,1789203163.595577,1789203163.595577,0.5963
/camera/world/agv2_confidence,1789203163.623588,1789203163.623588,0.5869
/camera/world/agv1_confidence,1789203163.6236017,1789203163.6236017,0.6061
/camera/world/agv3_confidence,1789203163.6237738,1789203163.6237738,0.5943
/camera/world/agv1_confidence,1789203163.6563663,1789203163.6563663,0.6075
/camera/world/agv3_confidence,1789203163.656505,1789203163.656505,0.5968
/camera/world/agv2_confidence,1789203163.6566021,1789203163.6566021,0.5671
/camera/world/agv2_confidence,1789203163.6880696,1789203163.6880696,0.5839
/camera/world/agv1_confidence,1789203163.6881678,1789203163.6881678,0.6084
/camera/world/agv3_confidence,1789203163.6882665,1789203163.6882665,0.5962
/camera/world/agv2_confidence,1789203163.7248793,1789203163.7248793,0.5797
/camera/world/agv3_confidence,1789203163.7249048,1789203163.7249048,0.5944
/camera/world/agv1_confidence,1789203163.7249076,1789203163.7249076,0.5801
/camera/world/agv2_confidence,1789203163.7570877,1789203163.7570877,0.5823
/camera/world/agv1_confidence,1789203163.7571669,1789203163.7571669,0.6049
/camera/world/agv3_confidence,1789203163.7573042,1789203163.7573042,0.5931
/camera/world/agv1_confidence,1789203163.7907574,1789203163.7907574,0.6071
/camera/world/agv3_confidence,1789203163.7907877,1789203163.7907877,0.5936
/camera/world/agv2_confidence,1789203163.7908478,1789203163.7908478,0.5856
/camera/world/agv1_confidence,1789203163.8209896,1789203163.8209896,0.6064
/camera/world/agv3_confidence,1789203163.8209944,1789203163.8209944,0.5984
/camera/world/agv2_confidence,1789203163.8210084,1789203163.8210084,0.5896
/camera/world/agv2_confidence,1789203163.856968,1789203163.856968,0.5677
/camera/world/agv1_confidence,1789203163.857002,1789203163.857002,0.5816
/camera/world/agv3_confidence,1789203163.8573034,1789203163.8573034,0.5941
/camera/world/agv3_confidence,1789203163.8832111,1789203163.8832111,0.5666
/camera/world/agv1_confidence,1789203163.8832664,1789203163.8832664,0.6055
/camera/world/agv2_confidence,1789203163.883302,1789203163.883302,0.5873
/camera/world/agv2_confidence,1789203163.9235997,1789203163.9235997,0.5867
/camera/world/agv1_confidence,1789203163.9238298,1789203163.9238298,0.6057
/camera/world/agv3_confidence,1789203163.923993,1789203163.923993,0.5945
/camera/world/agv1_confidence,1789203163.958956,1789203163.958956,0.6091
/camera/world/agv2_confidence,1789203163.9589603,1789203163.9589603,0.5787
/camera/world/agv3_confidence,1789203163.9591546,1789203163.9591546,0.5964
/camera/world/agv1_confidence,1789203163.9883738,1789203163.9883738,0.6088
/camera/world/agv2_confidence,1789203163.988391,1789203163.988391,0.5788
/camera/world/agv3_confidence,1789203163.9884946,1789203163.9884946,0.5935
/camera/world/agv1_confidence,1789203164.0232813,1789203164.0232813,0.6083
/camera/world/agv2_confidence,1789203164.023611,1789203164.023611,0.5855
/camera/world/agv3_confidence,1789203164.0236146,1789203164.0236146,0.5871
/camera/world/agv1_confidence,1789203164.0653095,1789203164.0653095,0.6067
/camera/world/agv2_confidence,1789203164.0653713,1789203164.0653713,0.5843
/camera/world/agv3_confidence,1789203164.065543,1789203164.065543,0.5956
/camera/world/agv1_confidence,1789203164.0802977,1789203164.0802977,0.6067
/camera/world/agv2_confidence,1789203164.080458,1789203164.080458,0.5885
/camera/world/agv3_confidence,1789203164.080469,1789203164.080469,0.5902
/camera/world/agv2_confidence,1789203164.1131186,1789203164.1131186,0.5631
/camera/world/agv3_confidence,1789203164.1131558,1789203164.1131558,0.5726
/camera/world/agv1_confidence,1789203164.1131895,1789203164.1131895,0.5815
/camera/world/agv1_confidence,1789203164.14568,1789203164.14568,0.5525
/camera/world/agv3_confidence,1789203164.1457012,1789203164.1457012,0.5948
/camera/world/agv2_confidence,1789203164.1457121,1789203164.1457121,0.5846
/camera/world/agv1_confidence,1789203164.184352,1789203164.184352,0.6081
/camera/world/agv3_confidence,1789203164.1843822,1789203164.1843822,0.5914
/camera/world/agv2_confidence,1789203164.1844337,1789203164.1844337,0.5892
/camera/world/agv1_confidence,1789203164.2173338,1789203164.2173338,0.6102
/camera/world/agv2_confidence,1789203164.2173889,1789203164.2173889,0.5844
/camera/world/agv3_confidence,1789203164.2175243,1789203164.2175243,0.5935
/camera/world/agv1_confidence,1789203164.2627969,1789203164.2627969,0.6074
/camera/world/agv3_confidence,1789203164.2628095,1789203164.2628095,0.5951
/camera/world/agv2_confidence,1789203164.262817,1789203164.262817,0.578
/camera/world/agv1_confidence,1789203164.291533,1789203164.291533,0.597
/camera/world/agv2_confidence,1789203164.2915444,1789203164.2915444,0.5814
/camera/world/agv3_confidence,1789203164.2917268,1789203164.2917268,0.5711
/camera/world/agv1_confidence,1789203164.3250093,1789203164.3250093,0.5928
/camera/world/agv2_confidence,1789203164.3250124,1789203164.3250124,0.5859
/camera/world/agv3_confidence,1789203164.325212,1789203164.325212,0.5933
/camera/world/agv1_confidence,1789203164.354392,1789203164.354392,0.6064
/camera/world/agv3_confidence,1789203164.354462,1789203164.354462,0.5955
/camera/world/agv2_confidence,1789203164.354466,1789203164.354466,0.5702
/camera/world/agv1_confidence,1789203164.3843794,1789203164.3843794,0.5847
/camera/world/agv3_confidence,1789203164.3843887,1789203164.3843887,0.5942
/camera/world/agv2_confidence,1789203164.3845818,1789203164.3845818,0.5834
/camera/world/agv1_confidence,1789203164.41765,1789203164.41765,0.6051
/camera/world/agv3_confidence,1789203164.4176729,1789203164.4176729,0.5696
/camera/world/agv2_confidence,1789203164.4177022,1789203164.4177022,0.5879
/camera/world/agv1_confidence,1789203164.4492292,1789203164.4492292,0.6075
/camera/world/agv2_confidence,1789203164.4494817,1789203164.4494817,0.5502
/camera/world/agv3_confidence,1789203164.4496698,1789203164.4496698,0.5954
/camera/world/agv1_confidence,1789203164.482912,1789203164.482912,0.6067
/camera/world/agv3_confidence,1789203164.48296,1789203164.48296,0.5767
/camera/world/agv2_confidence,1789203164.4829803,1789203164.4829803,0.5835
/camera/world/agv1_confidence,1789203164.5262806,1789203164.5262806,0.6075
/camera/world/agv3_confidence,1789203164.5263267,1789203164.5263267,0.5966
/camera/world/agv2_confidence,1789203164.5264115,1789203164.5264115,0.5841
/camera/world/agv1_confidence,1789203164.546459,1789203164.546459,0.6068
/camera/world/agv2_confidence,1789203164.546471,1789203164.546471,0.586
/camera/world/agv3_confidence,1789203164.5464904,1789203164.5464904,0.5905
/camera/world/agv1_confidence,1789203164.5780785,1789203164.5780785,0.6077
/camera/world/agv2_confidence,1789203164.5780935,1789203164.5780935,0.5742
/camera/world/agv3_confidence,1789203164.578203,1789203164.578203,0.5846
/camera/world/agv1_confidence,1789203164.631358,1789203164.631358,0.5711
/camera/world/agv3_confidence,1789203164.6313665,1789203164.6313665,0.5916
/camera/world/agv2_confidence,1789203164.6315227,1789203164.6315227,0.5804
/camera/world/agv1_confidence,1789203164.661472,1789203164.661472,0.5791
/camera/world/agv2_confidence,1789203164.661849,1789203164.661849,0.5706
/camera/world/agv3_confidence,1789203164.6619463,1789203164.6619463,0.5669
/camera/world/agv1_confidence,1789203164.6947649,1789203164.6947649,0.5848
/camera/world/agv2_confidence,1789203164.695066,1789203164.695066,0.5861
/camera/world/agv3_confidence,1789203164.6950831,1789203164.6950831,0.574
/camera/world/agv1_confidence,1789203164.7234051,1789203164.7234051,0.5867
/camera/world/agv2_confidence,1789203164.723459,1789203164.723459,0.5772
/camera/world/agv3_confidence,1789203164.7237003,1789203164.7237003,0.5933
/camera/world/agv1_confidence,1789203164.7534301,1789203164.7534301,0.5879
/camera/world/agv2_confidence,1789203164.753433,1789203164.753433,0.5866
/camera/world/agv3_confidence,1789203164.7537205,1789203164.7537205,0.5923
/camera/world/agv2_confidence,1789203164.786868,1789203164.786868,0.5896
/camera/world/agv1_confidence,1789203164.7869241,1789203164.7869241,0.6075
/camera/world/agv3_confidence,1789203164.7871044,1789203164.7871044,0.591
/camera/world/agv1_confidence,1789203164.8168945,1789203164.8168945,0.6104
/camera/world/agv3_confidence,1789203164.8171306,1789203164.8171306,0.5531
/camera/world/agv2_confidence,1789203164.8171823,1789203164.8171823,0.5848
/camera/world/agv2_confidence,1789203164.8603666,1789203164.8603666,0.5861
/camera/world/agv1_confidence,1789203164.8604603,1789203164.8604603,0.6098
/camera/world/agv3_confidence,1789203164.860515,1789203164.860515,0.5933
/camera/world/agv3_confidence,1789203164.8929071,1789203164.8929071,0.5922
/camera/world/agv1_confidence,1789203164.892926,1789203164.892926,0.6082
/camera/world/agv2_confidence,1789203164.8929715,1789203164.8929715,0.5842
/camera/world/agv1_confidence,1789203164.9261785,1789203164.9261785,0.6057
/camera/world/agv2_confidence,1789203164.9264598,1789203164.9264598,0.5746
/camera/world/agv3_confidence,1789203164.9264777,1789203164.9264777,0.595
/camera/world/agv2_confidence,1789203164.958703,1789203164.958703,0.5821
/camera/world/agv1_confidence,1789203164.9587069,1789203164.9587069,0.5794
/camera/world/agv3_confidence,1789203164.9589143,1789203164.9589143,0.5915
/camera/world/agv1_confidence,1789203164.9903605,1789203164.9903605,0.6079
/camera/world/agv3_confidence,1789203164.990448,1789203164.990448,0.584
/camera/world/agv2_confidence,1789203164.9905472,1789203164.9905472,0.5851
/camera/world/agv1_confidence,1789203165.0224483,1789203165.0224483,0.5779
/camera/world/agv2_confidence,1789203165.0224519,1789203165.0224519,0.5282
/camera/world/agv3_confidence,1789203165.0226495,1789203165.0226495,0.5822
/camera/world/agv1_confidence,1789203165.0524542,1789203165.0524542,0.6079
/camera/world/agv2_confidence,1789203165.0524695,1789203165.0524695,0.5818
/camera/world/agv3_confidence,1789203165.0525477,1789203165.0525477,0.593
/camera/world/agv2_confidence,1789203165.086939,1789203165.086939,0.587
/camera/world/agv1_confidence,1789203165.0869687,1789203165.0869687,0.6074
/camera/world/agv3_confidence,1789203165.0870507,1789203165.0870507,0.5963
/camera/world/agv2_confidence,1789203165.1172638,1789203165.1172638,0.5773
/camera/world/agv3_confidence,1789203165.1174612,1789203165.1174612,0.5928
/camera/world/agv1_confidence,1789203165.1174667,1789203165.1174667,0.6006
/camera/world/agv2_confidence,1789203165.162551,1789203165.162551,0.5677
/camera/world/agv1_confidence,1789203165.1625926,1789203165.1625926,0.6059
/camera/world/agv3_confidence,1789203165.1627111,1789203165.1627111,0.5947
/camera/world/agv2_confidence,1789203165.1835377,1789203165.1835377,0.5709
/camera/world/agv1_confidence,1789203165.1835825,1789203165.1835825,0.5525
/camera/world/agv3_confidence,1789203165.1837258,1789203165.1837258,0.5457
/camera/world/agv2_confidence,1789203165.2183244,1789203165.2183244,0.5892
/camera/world/agv1_confidence,1789203165.2183394,1789203165.2183394,0.5981
/camera/world/agv3_confidence,1789203165.218425,1789203165.218425,0.5963
/camera/world/agv1_confidence,1789203165.2512708,1789203165.2512708,0.5994
/camera/world/agv3_confidence,1789203165.2512884,1789203165.2512884,0.5924
/camera/world/agv2_confidence,1789203165.251431,1789203165.251431,0.5736
/camera/world/agv3_confidence,1789203165.2893877,1789203165.2893877,0.5852
/camera/world/agv1_confidence,1789203165.28942,1789203165.28942,0.5896
/camera/world/agv2_confidence,1789203165.289532,1789203165.289532,0.5875
/camera/world/agv2_confidence,1789203165.322295,1789203165.322295,0.5891
/camera/world/agv1_confidence,1789203165.322349,1789203165.322349,0.5998
/camera/world/agv3_confidence,1789203165.3223968,1789203165.3223968,0.5892
/camera/world/agv1_confidence,1789203165.3553634,1789203165.3553634,0.5803
/camera/world/agv3_confidence,1789203165.3555393,1789203165.3555393,0.5725
/camera/world/agv2_confidence,1789203165.3555546,1789203165.3555546,0.5373
/camera/world/agv2_confidence,1789203165.3814673,1789203165.3814673,0.5784
/camera/world/agv3_confidence,1789203165.38153,1789203165.38153,0.591
/camera/world/agv1_confidence,1789203165.381594,1789203165.381594,0.5932
/camera/world/agv1_confidence,1789203165.4189818,1789203165.4189818,0.606
/camera/world/agv2_confidence,1789203165.4190128,1789203165.4190128,0.5679
/camera/world/agv3_confidence,1789203165.4190464,1789203165.4190464,0.5867
/camera/world/agv1_confidence,1789203165.447148,1789203165.447148,0.5979
/camera/world/agv2_confidence,1789203165.4471645,1789203165.4471645,0.5859
/camera/world/agv3_confidence,1789203165.4473884,1789203165.4473884,0.5693
/camera/world/agv1_confidence,1789203165.477802,1789203165.477802,0.585
/camera/world/agv2_confidence,1789203165.477945,1789203165.477945,0.583
/camera/world/agv3_confidence,1789203165.4780838,1789203165.4780838,0.5948
/camera/world/agv1_confidence,1789203165.5254366,1789203165.5254366,0.6079
/camera/world/agv3_confidence,1789203165.5254734,1789203165.5254734,0.5759
/camera/world/agv2_confidence,1789203165.5255837,1789203165.5255837,0.5731
/camera/world/agv2_confidence,1789203165.5703135,1789203165.5703135,0.5901
/camera/world/agv1_confidence,1789203165.5703275,1789203165.5703275,0.6075
/camera/world/agv3_confidence,1789203165.570352,1789203165.570352,0.5718
/camera/world/agv2_confidence,1789203165.582506,1789203165.582506,0.5824
/camera/world/agv3_confidence,1789203165.5827398,1789203165.5827398,0.5929
/camera/world/agv1_confidence,1789203165.5827515,1789203165.5827515,0.607
/camera/world/agv3_confidence,1789203165.614547,1789203165.614547,0.5845
/camera/world/agv1_confidence,1789203165.6145499,1789203165.6145499,0.6082
/camera/world/agv2_confidence,1789203165.6146245,1789203165.6146245,0.5852
/camera/world/agv2_confidence,1789203165.6498058,1789203165.6498058,0.5479
/camera/world/agv1_confidence,1789203165.6498306,1789203165.6498306,0.6081
/camera/world/agv3_confidence,1789203165.650118,1789203165.650118,0.5737
/camera/world/agv1_confidence,1789203165.6843011,1789203165.6843011,0.6093
/camera/world/agv3_confidence,1789203165.6843674,1789203165.6843674,0.5767
/camera/world/agv2_confidence,1789203165.6844256,1789203165.6844256,0.5804
/camera/world/agv2_confidence,1789203165.734513,1789203165.734513,0.4736
/camera/world/agv3_confidence,1789203165.7345293,1789203165.7345293,0.5927
/camera/world/agv1_confidence,1789203165.7345703,1789203165.7345703,0.6082
/camera/world/agv1_confidence,1789203165.755131,1789203165.755131,0.5959
/camera/world/agv3_confidence,1789203165.755172,1789203165.755172,0.5915
/camera/world/agv2_confidence,1789203165.7551854,1789203165.7551854,0.574
/camera/world/agv2_confidence,1789203165.778672,1789203165.778672,0.5795
/camera/world/agv3_confidence,1789203165.7786863,1789203165.7786863,0.5893
/camera/world/agv1_confidence,1789203165.7787182,1789203165.7787182,0.6092
/camera/world/agv1_confidence,1789203165.8147354,1789203165.8147354,0.608
/camera/world/agv2_confidence,1789203165.8150382,1789203165.8150382,0.5926
/camera/world/agv3_confidence,1789203165.8150644,1789203165.8150644,0.5907
/camera/world/agv1_confidence,1789203165.846719,1789203165.846719,0.6085
/camera/world/agv2_confidence,1789203165.8468635,1789203165.8468635,0.5464
/camera/world/agv3_confidence,1789203165.8469844,1789203165.8469844,0.5918
/camera/world/agv1_confidence,1789203165.878206,1789203165.878206,0.6109
/camera/world/agv3_confidence,1789203165.8782115,1789203165.8782115,0.5762
/camera/world/agv2_confidence,1789203165.878333,1789203165.878333,0.5234
/camera/world/agv3_confidence,1789203165.9281027,1789203165.9281027,0.5919
/camera/world/agv1_confidence,1789203165.9281185,1789203165.9281185,0.6103
/camera/world/agv2_confidence,1789203165.928308,1789203165.928308,0.5921
/camera/world/agv1_confidence,1789203165.9580238,1789203165.9580238,0.6098
/camera/world/agv3_confidence,1789203165.9580624,1789203165.9580624,0.5795
/camera/world/agv2_confidence,1789203165.9580727,1789203165.9580727,0.5836
/camera/world/agv1_confidence,1789203165.9899507,1789203165.9899507,0.6078
/camera/world/agv3_confidence,1789203165.990235,1789203165.990235,0.5962
/camera/world/agv2_confidence,1789203165.9903421,1789203165.9903421,0.5878
/camera/world/agv1_confidence,1789203166.022993,1789203166.022993,0.5976
/camera/world/agv3_confidence,1789203166.0230308,1789203166.0230308,0.5965
/camera/world/agv2_confidence,1789203166.0230348,1789203166.0230348,0.5933
/camera/world/agv3_confidence,1789203166.0527894,1789203166.0527894,0.5789
/camera/world/agv1_confidence,1789203166.0528142,1789203166.0528142,0.6062
/camera/world/agv2_confidence,1789203166.05287,1789203166.05287,0.5652
/camera/world/agv1_confidence,1789203166.0948775,1789203166.0948775,0.6072
/camera/world/agv2_confidence,1789203166.094963,1789203166.094963,0.5594
/camera/world/agv3_confidence,1789203166.095074,1789203166.095074,0.5889
/camera/world/agv1_confidence,1789203166.1266155,1789203166.1266155,0.6075
/camera/world/agv2_confidence,1789203166.126841,1789203166.126841,0.594
/camera/world/agv3_confidence,1789203166.126849,1789203166.126849,0.5982
/camera/world/agv1_confidence,1789203166.1629276,1789203166.1629276,0.5772
/camera/world/agv2_confidence,1789203166.1631584,1789203166.1631584,0.5589
/camera/world/agv3_confidence,1789203166.1632204,1789203166.1632204,0.5932
/camera/world/agv3_confidence,1789203166.1896698,1789203166.1896698,0.5861
/camera/world/agv1_confidence,1789203166.1896899,1789203166.1896899,0.6091
/camera/world/agv2_confidence,1789203166.1897144,1789203166.1897144,0.5929
/camera/world/agv3_confidence,1789203166.2227309,1789203166.2227309,0.5956
/camera/world/agv2_confidence,1789203166.2227452,1789203166.2227452,0.58
/camera/world/agv1_confidence,1789203166.2230308,1789203166.2230308,0.6105
/camera/world/agv1_confidence,1789203166.2459521,1789203166.2459521,0.6108
/camera/world/agv2_confidence,1789203166.246225,1789203166.246225,0.5724
/camera/world/agv3_confidence,1789203166.2463667,1789203166.2463667,0.5812
/camera/world/agv1_confidence,1789203166.27878,1789203166.27878,0.6117
/camera/world/agv2_confidence,1789203166.2787902,1789203166.2787902,0.5754
/camera/world/agv3_confidence,1789203166.2789268,1789203166.2789268,0.5943
/camera/world/agv2_confidence,1789203166.326167,1789203166.326167,0.576
/camera/world/agv1_confidence,1789203166.3263113,1789203166.3263113,0.6109
/camera/world/agv3_confidence,1789203166.326383,1789203166.326383,0.5636
/camera/world/agv1_confidence,1789203166.360793,1789203166.360793,0.6111
/camera/world/agv2_confidence,1789203166.3611917,1789203166.3611917,0.5919
/camera/world/agv3_confidence,1789203166.3612924,1789203166.3612924,0.5482
/camera/world/agv3_confidence,1789203166.3901255,1789203166.3901255,0.5968
/camera/world/agv2_confidence,1789203166.3901305,1789203166.3901305,0.5457
/camera/world/agv1_confidence,1789203166.3902676,1789203166.3902676,0.6117
/camera/world/agv2_confidence,1789203166.4212465,1789203166.4212465,0.5797
/camera/world/agv3_confidence,1789203166.4213002,1789203166.4213002,0.5937
/camera/world/agv1_confidence,1789203166.4213202,1789203166.4213202,0.6087
/camera/world/agv1_confidence,1789203166.4531517,1789203166.4531517,0.6082
/camera/world/agv2_confidence,1789203166.453552,1789203166.453552,0.5805
/camera/world/agv3_confidence,1789203166.4535847,1789203166.4535847,0.595
/camera/world/agv1_confidence,1789203166.4822617,1789203166.4822617,0.6071
/camera/world/agv3_confidence,1789203166.4822807,1789203166.4822807,0.5932
/camera/world/agv2_confidence,1789203166.4822934,1789203166.4822934,0.5796
/camera/world/agv3_confidence,1789203166.5224006,1789203166.5224006,0.5865
/camera/world/agv1_confidence,1789203166.5224197,1789203166.5224197,0.5966
/camera/world/agv2_confidence,1789203166.5224833,1789203166.5224833,0.5915
/camera/world/agv1_confidence,1789203166.556943,1789203166.556943,0.6086
/camera/world/agv2_confidence,1789203166.5570316,1789203166.5570316,0.5714
/camera/world/agv3_confidence,1789203166.5572639,1789203166.5572639,0.5094
/camera/world/agv2_confidence,1789203166.5983033,1789203166.5983033,0.5886
/camera/world/agv1_confidence,1789203166.5983315,1789203166.5983315,0.609
/camera/world/agv3_confidence,1789203166.5983725,1789203166.5983725,0.5926
/camera/world/agv1_confidence,1789203166.618467,1789203166.618467,0.6111
/camera/world/agv2_confidence,1789203166.6185615,1789203166.6185615,0.5296
/camera/world/agv3_confidence,1789203166.6188014,1789203166.6188014,0.5786
/camera/world/agv1_confidence,1789203166.646058,1789203166.646058,0.6096
/camera/world/agv2_confidence,1789203166.6460793,1789203166.6460793,0.5668
/camera/world/agv3_confidence,1789203166.6461198,1789203166.6461198,0.5922
/camera/world/agv2_confidence,1789203166.6944036,1789203166.6944036,0.5864
/camera/world/agv3_confidence,1789203166.6944036,1789203166.6944036,0.5951
/camera/world/agv1_confidence,1789203166.6944296,1789203166.6944296,0.6102
/camera/world/agv1_confidence,1789203166.7243855,1789203166.7243855,0.6088
/camera/world/agv3_confidence,1789203166.724471,1789203166.724471,0.5939
/camera/world/agv2_confidence,1789203166.7246644,1789203166.7246644,0.5919
/camera/world/agv1_confidence,1789203166.76186,1789203166.76186,0.6073
/camera/world/agv2_confidence,1789203166.7620344,1789203166.7620344,0.5899
/camera/world/agv3_confidence,1789203166.7620583,1789203166.7620583,0.5913
/camera/world/agv1_confidence,1789203166.799037,1789203166.799037,0.6095
/camera/world/agv2_confidence,1789203166.799067,1789203166.799067,0.5832
/camera/world/agv3_confidence,1789203166.7990758,1789203166.7990758,0.5946
/camera/world/agv1_confidence,1789203166.8186548,1789203166.8186548,0.6105
/camera/world/agv3_confidence,1789203166.8186884,1789203166.8186884,0.5952
/camera/world/agv2_confidence,1789203166.8187528,1789203166.8187528,0.585
/camera/world/agv1_confidence,1789203166.8504152,1789203166.8504152,0.6099
/camera/world/agv3_confidence,1789203166.8504565,1789203166.8504565,0.5847
/camera/world/agv2_confidence,1789203166.8504627,1789203166.8504627,0.5703
/camera/world/agv1_confidence,1789203166.8819747,1789203166.8819747,0.6104
/camera/world/agv2_confidence,1789203166.8819864,1789203166.8819864,0.5812
/camera/world/agv3_confidence,1789203166.8821647,1789203166.8821647,0.5922
/camera/world/agv1_confidence,1789203166.915441,1789203166.915441,0.6096
/camera/world/agv2_confidence,1789203166.9156182,1789203166.9156182,0.5906
/camera/world/agv3_confidence,1789203166.915916,1789203166.915916,0.5908
/camera/world/agv3_confidence,1789203166.959601,1789203166.959601,0.581
/camera/world/agv1_confidence,1789203166.9596097,1789203166.9596097,0.6112
/camera/world/agv2_confidence,1789203166.9596252,1789203166.9596252,0.5788
/camera/world/agv1_confidence,1789203166.9827106,1789203166.9827106,0.6103
/camera/world/agv3_confidence,1789203166.9827304,1789203166.9827304,0.5927
/camera/world/agv2_confidence,1789203166.9827702,1789203166.9827702,0.5746
/camera/world/agv1_confidence,1789203167.0229487,1789203167.0229487,0.6096
/camera/world/agv2_confidence,1789203167.023164,1789203167.023164,0.589
/camera/world/agv3_confidence,1789203167.023177,1789203167.023177,0.5935
/camera/world/agv1_confidence,1789203167.0571663,1789203167.0571663,0.6105
/camera/world/agv3_confidence,1789203167.057468,1789203167.057468,0.5959
/camera/world/agv2_confidence,1789203167.0574708,1789203167.0574708,0.5917
/camera/world/agv3_confidence,1789203167.0881867,1789203167.0881867,0.5875
/camera/world/agv2_confidence,1789203167.0881915,1789203167.0881915,0.5879
/camera/world/agv1_confidence,1789203167.0883372,1789203167.0883372,0.6092
/camera/world/agv2_confidence,1789203167.117853,1789203167.117853,0.5758
/camera/world/agv1_confidence,1789203167.1179028,1789203167.1179028,0.6101
/camera/world/agv3_confidence,1789203167.1183424,1789203167.1183424,0.5812
/camera/world/agv1_confidence,1789203167.1551456,1789203167.1551456,0.6091
/camera/world/agv2_confidence,1789203167.155192,1789203167.155192,0.5866
/camera/world/agv3_confidence,1789203167.1555185,1789203167.1555185,0.5926
/camera/world/agv1_confidence,1789203167.1837456,1789203167.1837456,0.6094
/camera/world/agv2_confidence,1789203167.1837883,1789203167.1837883,0.5806
/camera/world/agv3_confidence,1789203167.1838446,1789203167.1838446,0.5942
/camera/world/agv2_confidence,1789203167.2164617,1789203167.2164617,0.5823
/camera/world/agv1_confidence,1789203167.216498,1789203167.216498,0.6084
/camera/world/agv3_confidence,1789203167.2165995,1789203167.2165995,0.5961
/camera/world/agv1_confidence,1789203167.2453372,1789203167.2453372,0.609
/camera/world/agv2_confidence,1789203167.245397,1789203167.245397,0.5808
/camera/world/agv3_confidence,1789203167.245408,1789203167.245408,0.5938
/camera/world/agv1_confidence,1789203167.297686,1789203167.297686,0.6084
/camera/world/agv3_confidence,1789203167.2978191,1789203167.2978191,0.6013
/camera/world/agv2_confidence,1789203167.2978227,1789203167.2978227,0.4932
/camera/world/agv1_confidence,1789203167.3275864,1789203167.3275864,0.608
/camera/world/agv3_confidence,1789203167.3276114,1789203167.3276114,0.5954
/camera/world/agv2_confidence,1789203167.3276198,1789203167.3276198,0.5738
/camera/world/agv1_confidence,1789203167.3637362,1789203167.3637362,0.6086
/camera/world/agv2_confidence,1789203167.3639612,1789203167.3639612,0.575
/camera/world/agv3_confidence,1789203167.3642058,1789203167.3642058,0.6033
/camera/world/agv1_confidence,1789203167.3893936,1789203167.3893936,0.6076
/camera/world/agv2_confidence,1789203167.3896027,1789203167.3896027,0.5866
/camera/world/agv3_confidence,1789203167.3897107,1789203167.3897107,0.6013
/camera/world/agv1_confidence,1789203167.4157698,1789203167.4157698,0.6087
/camera/world/agv2_confidence,1789203167.41621,1789203167.41621,0.5923
/camera/world/agv3_confidence,1789203167.4162362,1789203167.4162362,0.6022
/camera/world/agv1_confidence,1789203167.4500177,1789203167.4500177,0.6093
/camera/world/agv2_confidence,1789203167.4500563,1789203167.4500563,0.5928
/camera/world/agv3_confidence,1789203167.4502459,1789203167.4502459,0.602
/camera/world/agv1_confidence,1789203167.49291,1789203167.49291,0.5589
/camera/world/agv2_confidence,1789203167.4931219,1789203167.4931219,0.5911
/camera/world/agv3_confidence,1789203167.493256,1789203167.493256,0.5834
/camera/world/agv1_confidence,1789203167.512759,1789203167.512759,0.5758
/camera/world/agv2_confidence,1789203167.5128055,1789203167.5128055,0.5333
/camera/world/agv3_confidence,1789203167.5132313,1789203167.5132313,0.6026
/camera/world/agv1_confidence,1789203167.5608459,1789203167.5608459,0.6089
/camera/world/agv2_confidence,1789203167.5610085,1789203167.5610085,0.5834
/camera/world/agv3_confidence,1789203167.5614133,1789203167.5614133,0.5926
/camera/world/agv2_confidence,1789203167.5940707,1789203167.5940707,0.5851
/camera/world/agv1_confidence,1789203167.5941384,1789203167.5941384,0.6101
/camera/world/agv3_confidence,1789203167.5943205,1789203167.5943205,0.5945
/camera/world/agv3_confidence,1789203167.6254575,1789203167.6254575,0.5959
/camera/world/agv2_confidence,1789203167.6256378,1789203167.6256378,0.5646
/camera/world/agv1_confidence,1789203167.6257253,1789203167.6257253,0.5984
/camera/world/agv2_confidence,1789203167.6580586,1789203167.6580586,0.5215
/camera/world/agv3_confidence,1789203167.6582255,1789203167.6582255,0.5945
/camera/world/agv1_confidence,1789203167.6582782,1789203167.6582782,0.6102
/camera/world/agv1_confidence,1789203167.6924598,1789203167.6924598,0.6097
/camera/world/agv3_confidence,1789203167.6925852,1789203167.6925852,0.5907
/camera/world/agv2_confidence,1789203167.6925893,1789203167.6925893,0.5162
/camera/world/agv3_confidence,1789203167.721423,1789203167.721423,0.5954
/camera/world/agv2_confidence,1789203167.7214284,1789203167.7214284,0.5423
/camera/world/agv1_confidence,1789203167.7214363,1789203167.7214363,0.6093
/camera/world/agv1_confidence,1789203167.7539937,1789203167.7539937,0.6096
/camera/world/agv3_confidence,1789203167.754034,1789203167.754034,0.5833
/camera/world/agv2_confidence,1789203167.7540753,1789203167.7540753,0.5828
/camera/world/agv1_confidence,1789203167.7942796,1789203167.7942796,0.6099
/camera/world/agv2_confidence,1789203167.7944067,1789203167.7944067,0.594
/camera/world/agv3_confidence,1789203167.794589,1789203167.794589,0.604
/camera/world/agv3_confidence,1789203167.8222375,1789203167.8222375,0.5846
/camera/world/agv1_confidence,1789203167.8222692,1789203167.8222692,0.6102
/camera/world/agv2_confidence,1789203167.8223748,1789203167.8223748,0.5442
/camera/world/agv1_confidence,1789203167.8549948,1789203167.8549948,0.6088
/camera/world/agv3_confidence,1789203167.8550477,1789203167.8550477,0.5949
/camera/world/agv2_confidence,1789203167.8550532,1789203167.8550532,0.5832
/camera/world/agv1_confidence,1789203167.8898613,1789203167.8898613,0.6088
/camera/world/agv3_confidence,1789203167.8901474,1789203167.8901474,0.5568
/camera/world/agv2_confidence,1789203167.8902633,1789203167.8902633,0.5924
/camera/world/agv1_confidence,1789203167.917748,1789203167.917748,0.6094
/camera/world/agv2_confidence,1789203167.9178176,1789203167.9178176,0.5568
/camera/world/agv3_confidence,1789203167.9178708,1789203167.9178708,0.5832
/camera/world/agv2_confidence,1789203167.9645436,1789203167.9645436,0.583
/camera/world/agv1_confidence,1789203167.9645479,1789203167.9645479,0.61
/camera/world/agv3_confidence,1789203167.9647532,1789203167.9647532,0.5789
/camera/world/agv2_confidence,1789203167.9782588,1789203167.9782588,0.5796
/camera/world/agv1_confidence,1789203167.9782631,1789203167.9782631,0.6093
/camera/world/agv3_confidence,1789203167.9783223,1789203167.9783223,0.5933
/camera/world/agv2_confidence,1789203168.0280151,1789203168.0280151,0.5759
/camera/world/agv1_confidence,1789203168.0280344,1789203168.0280344,0.6101
/camera/world/agv3_confidence,1789203168.028314,1789203168.028314,0.595
/camera/world/agv1_confidence,1789203168.0616696,1789203168.0616696,0.6095
/camera/world/agv2_confidence,1789203168.0617688,1789203168.0617688,0.5815
/camera/world/agv3_confidence,1789203168.0618842,1789203168.0618842,0.5933
/camera/world/agv1_confidence,1789203168.0835567,1789203168.0835567,0.6091
/camera/world/agv3_confidence,1789203168.0836644,1789203168.0836644,0.6005
/camera/world/agv2_confidence,1789203168.0837767,1789203168.0837767,0.5837
/camera/world/agv3_confidence,1789203168.1157598,1789203168.1157598,0.5887
/camera/world/agv2_confidence,1789203168.1157718,1789203168.1157718,0.5532
/camera/world/agv1_confidence,1789203168.1159093,1789203168.1159093,0.6084
/camera/world/agv1_confidence,1789203168.1458588,1789203168.1458588,0.6099
/camera/world/agv2_confidence,1789203168.145871,1789203168.145871,0.5719
/camera/world/agv3_confidence,1789203168.146034,1789203168.146034,0.5952
/camera/world/agv2_confidence,1789203168.1788013,1789203168.1788013,0.5731
/camera/world/agv1_confidence,1789203168.1788185,1789203168.1788185,0.6105
/camera/world/agv3_confidence,1789203168.1789472,1789203168.1789472,0.5944
/camera/world/agv1_confidence,1789203168.2297251,1789203168.2297251,0.6099
/camera/world/agv2_confidence,1789203168.2298517,1789203168.2298517,0.5449
/camera/world/agv3_confidence,1789203168.2299528,1789203168.2299528,0.5966
/camera/world/agv2_confidence,1789203168.2579405,1789203168.2579405,0.544
/camera/world/agv3_confidence,1789203168.257957,1789203168.257957,0.6047
/camera/world/agv1_confidence,1789203168.257974,1789203168.257974,0.612
/camera/world/agv2_confidence,1789203168.2932243,1789203168.2932243,0.5881
/camera/world/agv1_confidence,1789203168.2932544,1789203168.2932544,0.6118
/camera/world/agv3_confidence,1789203168.2934005,1789203168.2934005,0.6046
/camera/world/agv2_confidence,1789203168.319851,1789203168.319851,0.5844
/camera/world/agv1_confidence,1789203168.3198621,1789203168.3198621,0.6122
/camera/world/agv3_confidence,1789203168.3198733,1789203168.3198733,0.6045
/camera/world/agv2_confidence,1789203168.352802,1789203168.352802,0.5917
/camera/world/agv1_confidence,1789203168.3529553,1789203168.3529553,0.6119
/camera/world/agv3_confidence,1789203168.3530307,1789203168.3530307,0.5566
/camera/world/agv1_confidence,1789203168.3843994,1789203168.3843994,0.6116
/camera/world/agv2_confidence,1789203168.3845148,1789203168.3845148,0.5814
/camera/world/agv3_confidence,1789203168.384709,1789203168.384709,0.5962
/camera/world/agv1_confidence,1789203168.4153678,1789203168.4153678,0.6103
/camera/world/agv3_confidence,1789203168.4155686,1789203168.4155686,0.6049
/camera/world/agv2_confidence,1789203168.4157283,1789203168.4157283,0.5938
/camera/world/agv2_confidence,1789203168.4485223,1789203168.4485223,0.5756
/camera/world/agv1_confidence,1789203168.4486098,1789203168.4486098,0.6124
/camera/world/agv3_confidence,1789203168.4488075,1789203168.4488075,0.6028
/camera/world/agv2_confidence,1789203168.4839766,1789203168.4839766,0.5754
/camera/world/agv1_confidence,1789203168.4839785,1789203168.4839785,0.6123
/camera/world/agv3_confidence,1789203168.4841592,1789203168.4841592,0.6028
/camera/world/agv1_confidence,1789203168.5299358,1789203168.5299358,0.6115
/camera/world/agv3_confidence,1789203168.5299468,1789203168.5299468,0.6035
/camera/world/agv2_confidence,1789203168.5300856,1789203168.5300856,0.5833
/camera/world/agv1_confidence,1789203168.5588193,1789203168.5588193,0.613
/camera/world/agv3_confidence,1789203168.5589635,1789203168.5589635,0.6025
/camera/world/agv2_confidence,1789203168.5589955,1789203168.5589955,0.5757
/camera/world/agv2_confidence,1789203168.593351,1789203168.593351,0.5804
/camera/world/agv3_confidence,1789203168.593368,1789203168.593368,0.594
/camera/world/agv1_confidence,1789203168.5933979,1789203168.5933979,0.6106
/camera/world/agv1_confidence,1789203168.6227555,1789203168.6227555,0.6095
/camera/world/agv3_confidence,1789203168.6231058,1789203168.6231058,0.5908
/camera/world/agv2_confidence,1789203168.623134,1789203168.623134,0.5841
/camera/world/agv1_confidence,1789203168.6518195,1789203168.6518195,0.6123
/camera/world/agv3_confidence,1789203168.6520228,1789203168.6520228,0.5909
/camera/world/agv2_confidence,1789203168.6520596,1789203168.6520596,0.5874
/camera/world/agv2_confidence,1789203168.6842194,1789203168.6842194,0.5826
/camera/world/agv3_confidence,1789203168.6842668,1789203168.6842668,0.5883
/camera/world/agv1_confidence,1789203168.6842818,1789203168.6842818,0.6126
/camera/world/agv1_confidence,1789203168.7157714,1789203168.7157714,0.612
/camera/world/agv3_confidence,1789203168.7158155,1789203168.7158155,0.6011
/camera/world/agv2_confidence,1789203168.715838,1789203168.715838,0.5943
/camera/world/agv2_confidence,1789203168.7466278,1789203168.7466278,0.594
/camera/world/agv1_confidence,1789203168.7467494,1789203168.7467494,0.6127
/camera/world/agv3_confidence,1789203168.7468407,1789203168.7468407,0.603
/camera/world/agv1_confidence,1789203168.780304,1789203168.780304,0.612
/camera/world/agv3_confidence,1789203168.7803884,1789203168.7803884,0.602
/camera/world/agv2_confidence,1789203168.780466,1789203168.780466,0.5912
/camera/world/agv2_confidence,1789203168.8245964,1789203168.8245964,0.5828
/camera/world/agv3_confidence,1789203168.8248146,1789203168.8248146,0.6041
/camera/world/agv1_confidence,1789203168.8249502,1789203168.8249502,0.5973
/camera/world/agv1_confidence,1789203168.853281,1789203168.853281,0.6104
/camera/world/agv2_confidence,1789203168.8535287,1789203168.8535287,0.58
/camera/world/agv3_confidence,1789203168.8535726,1789203168.8535726,0.6038
/camera/world/agv1_confidence,1789203168.8846855,1789203168.8846855,0.6124
/camera/world/agv3_confidence,1789203168.8849745,1789203168.8849745,0.6033
/camera/world/agv2_confidence,1789203168.8850722,1789203168.8850722,0.5777
/camera/world/agv1_confidence,1789203168.9191566,1789203168.9191566,0.6128
/camera/world/agv3_confidence,1789203168.9192746,1789203168.9192746,0.6025
/camera/world/agv2_confidence,1789203168.9194005,1789203168.9194005,0.5851
/camera/world/agv2_confidence,1789203168.950516,1789203168.950516,0.5868
/camera/world/agv1_confidence,1789203168.9506087,1789203168.9506087,0.6131
/camera/world/agv3_confidence,1789203168.9507687,1789203168.9507687,0.5854
/camera/world/agv2_confidence,1789203168.980354,1789203168.980354,0.5715
/camera/world/agv1_confidence,1789203168.980454,1789203168.980454,0.6135
/camera/world/agv3_confidence,1789203168.9807038,1789203168.9807038,0.5894
/camera/world/agv2_confidence,1789203169.030838,1789203169.030838,0.5752
/camera/world/agv1_confidence,1789203169.0308418,1789203169.0308418,0.6133
/camera/world/agv3_confidence,1789203169.0308673,1789203169.0308673,0.6055
/camera/world/agv1_confidence,1789203169.0533447,1789203169.0533447,0.6136
/camera/world/agv3_confidence,1789203169.0534534,1789203169.0534534,0.6062
/camera/world/agv2_confidence,1789203169.0534728,1789203169.0534728,0.5739
/camera/world/agv2_confidence,1789203169.0915475,1789203169.0915475,0.5507
/camera/world/agv1_confidence,1789203169.0916107,1789203169.0916107,0.6126
/camera/world/agv3_confidence,1789203169.0917108,1789203169.0917108,0.6036
/camera/world/agv1_confidence,1789203169.123203,1789203169.123203,0.611
/camera/world/agv2_confidence,1789203169.123325,1789203169.123325,0.5614
/camera/world/agv3_confidence,1789203169.1234877,1789203169.1234877,0.589
/camera/world/agv1_confidence,1789203169.1570556,1789203169.1570556,0.6117
/camera/world/agv3_confidence,1789203169.1570783,1789203169.1570783,0.5488
/camera/world/agv2_confidence,1789203169.1571336,1789203169.1571336,0.582
/camera/world/agv2_confidence,1789203169.1856945,1789203169.1856945,0.5844
/camera/world/agv1_confidence,1789203169.1857717,1789203169.1857717,0.6137
/camera/world/agv3_confidence,1789203169.1857953,1789203169.1857953,0.5927
/camera/world/agv2_confidence,1789203169.218859,1789203169.218859,0.5813
/camera/world/agv1_confidence,1789203169.21896,1789203169.21896,0.6127
/camera/world/agv3_confidence,1789203169.2191823,1789203169.2191823,0.5942
/camera/world/agv2_confidence,1789203169.2523825,1789203169.2523825,0.5804
/camera/world/agv1_confidence,1789203169.2523916,1789203169.2523916,0.6127
/camera/world/agv3_confidence,1789203169.2525077,1789203169.2525077,0.5927
/camera/world/agv1_confidence,1789203169.2827756,1789203169.2827756,0.6131
/camera/world/agv2_confidence,1789203169.2828596,1789203169.2828596,0.5941
/camera/world/agv3_confidence,1789203169.283104,1789203169.283104,0.5496
/camera/world/agv1_confidence,1789203169.314862,1789203169.314862,0.6128
/camera/world/agv2_confidence,1789203169.3148785,1789203169.3148785,0.5727
/camera/world/agv3_confidence,1789203169.3150618,1789203169.3150618,0.5832
/camera/world/agv1_confidence,1789203169.3440087,1789203169.3440087,0.6133
/camera/world/agv3_confidence,1789203169.3440964,1789203169.3440964,0.5939
/camera/world/agv2_confidence,1789203169.3441298,1789203169.3441298,0.5933
/camera/world/agv2_confidence,1789203169.3930542,1789203169.3930542,0.5821
/camera/world/agv1_confidence,1789203169.3931239,1789203169.3931239,0.6135
/camera/world/agv3_confidence,1789203169.393311,1789203169.393311,0.5641
/camera/world/agv2_confidence,1789203169.423593,1789203169.423593,0.5795
/camera/world/agv1_confidence,1789203169.4236765,1789203169.4236765,0.6128
/camera/world/agv3_confidence,1789203169.423759,1789203169.423759,0.5865
/camera/world/agv3_confidence,1789203169.4552732,1789203169.4552732,0.5937
/camera/world/agv2_confidence,1789203169.45531,1789203169.45531,0.5845
/camera/world/agv1_confidence,1789203169.455495,1789203169.455495,0.6128
/camera/world/agv2_confidence,1789203169.4876335,1789203169.4876335,0.5769
/camera/world/agv3_confidence,1789203169.4877334,1789203169.4877334,0.5913
/camera/world/agv1_confidence,1789203169.4878705,1789203169.4878705,0.6042
/camera/world/agv1_confidence,1789203169.5189822,1789203169.5189822,0.6125
/camera/world/agv2_confidence,1789203169.519167,1789203169.519167,0.5803
/camera/world/agv3_confidence,1789203169.519176,1789203169.519176,0.5915
/camera/world/agv3_confidence,1789203169.551287,1789203169.551287,0.5914
/camera/world/agv1_confidence,1789203169.551312,1789203169.551312,0.6136
/camera/world/agv2_confidence,1789203169.5514212,1789203169.5514212,0.5938
/camera/world/agv1_confidence,1789203169.5846477,1789203169.5846477,0.6128
/camera/world/agv3_confidence,1789203169.5847452,1789203169.5847452,0.5816
/camera/world/agv2_confidence,1789203169.5848958,1789203169.5848958,0.5807
/camera/world/agv1_confidence,1789203169.6145196,1789203169.6145196,0.613
/camera/world/agv3_confidence,1789203169.6145484,1789203169.6145484,0.5916
/camera/world/agv2_confidence,1789203169.6146011,1789203169.6146011,0.5833
/camera/world/agv1_confidence,1789203169.655992,1789203169.655992,0.6123
/camera/world/agv3_confidence,1789203169.6560261,1789203169.6560261,0.5898
/camera/world/agv2_confidence,1789203169.6564186,1789203169.6564186,0.5809
/camera/world/agv2_confidence,1789203169.6936824,1789203169.6936824,0.5821
/camera/world/agv1_confidence,1789203169.693697,1789203169.693697,0.6122
/camera/world/agv3_confidence,1789203169.6938272,1789203169.6938272,0.5928
/camera/world/agv1_confidence,1789203169.7271261,1789203169.7271261,0.6126
/camera/world/agv2_confidence,1789203169.7272668,1789203169.7272668,0.5762
/camera/world/agv3_confidence,1789203169.7274938,1789203169.7274938,0.5822
/camera/world/agv1_confidence,1789203169.7580853,1789203169.7580853,0.6128
/camera/world/agv2_confidence,1789203169.7584078,1789203169.7584078,0.5784
/camera/world/agv3_confidence,1789203169.7585437,1789203169.7585437,0.5838
/camera/world/agv3_confidence,1789203169.8018317,1789203169.8018317,0.5851
/camera/world/agv1_confidence,1789203169.8019125,1789203169.8019125,0.6131
/camera/world/agv2_confidence,1789203169.8020535,1789203169.8020535,0.5864
/camera/world/agv1_confidence,1789203169.82115,1789203169.82115,0.6125
/camera/world/agv2_confidence,1789203169.821251,1789203169.821251,0.5854
/camera/world/agv3_confidence,1789203169.8212683,1789203169.8212683,0.5919
/camera/world/agv1_confidence,1789203169.853168,1789203169.853168,0.6132
/camera/world/agv3_confidence,1789203169.8532827,1789203169.8532827,0.5917
/camera/world/agv2_confidence,1789203169.8533256,1789203169.8533256,0.5833
/camera/world/agv1_confidence,1789203169.8869784,1789203169.8869784,0.6137
/camera/world/agv3_confidence,1789203169.8871095,1789203169.8871095,0.5942
/camera/world/agv2_confidence,1789203169.8871152,1789203169.8871152,0.5844
/camera/world/agv1_confidence,1789203169.9220428,1789203169.9220428,0.6129
/camera/world/agv3_confidence,1789203169.9220455,1789203169.9220455,0.593
/camera/world/agv2_confidence,1789203169.9221432,1789203169.9221432,0.5798
/camera/world/agv1_confidence,1789203169.9548247,1789203169.9548247,0.6121
/camera/world/agv2_confidence,1789203169.954937,1789203169.954937,0.5826
/camera/world/agv3_confidence,1789203169.9551232,1789203169.9551232,0.5851
/camera/world/agv3_confidence,1789203169.9849205,1789203169.9849205,0.5947
/camera/world/agv2_confidence,1789203169.9850357,1789203169.9850357,0.5801
/camera/world/agv1_confidence,1789203169.9851081,1789203169.9851081,0.613
/camera/world/agv2_confidence,1789203170.0167284,1789203170.0167284,0.5856
/camera/world/agv1_confidence,1789203170.0167358,1789203170.0167358,0.6125
/camera/world/agv3_confidence,1789203170.0167575,1789203170.0167575,0.5822
/camera/world/agv1_confidence,1789203170.0471938,1789203170.0471938,0.6134
/camera/world/agv2_confidence,1789203170.0472155,1789203170.0472155,0.583
/camera/world/agv3_confidence,1789203170.0472257,1789203170.0472257,0.5451
/camera/world/agv1_confidence,1789203170.0807827,1789203170.0807827,0.6133
/camera/world/agv3_confidence,1789203170.0810695,1789203170.0810695,0.5919
/camera/world/agv2_confidence,1789203170.081099,1789203170.081099,0.5829
/camera/world/agv2_confidence,1789203170.1303828,1789203170.1303828,0.577
/camera/world/agv1_confidence,1789203170.1304386,1789203170.1304386,0.6067
/camera/world/agv3_confidence,1789203170.130576,1789203170.130576,0.5903
/camera/world/agv1_confidence,1789203170.1608994,1789203170.1608994,0.612
/camera/world/agv2_confidence,1789203170.1609974,1789203170.1609974,0.5943
/camera/world/agv3_confidence,1789203170.1610487,1789203170.1610487,0.5915
/camera/world/agv1_confidence,1789203170.19581,1789203170.19581,0.6127
/camera/world/agv2_confidence,1789203170.195859,1789203170.195859,0.5835
/camera/world/agv3_confidence,1789203170.1962225,1789203170.1962225,0.5892
/camera/world/agv1_confidence,1789203170.222211,1789203170.222211,0.6131
/camera/world/agv2_confidence,1789203170.2223668,1789203170.2223668,0.5827
/camera/world/agv3_confidence,1789203170.2225351,1789203170.2225351,0.5465
/camera/world/agv1_confidence,1789203170.2540553,1789203170.2540553,0.6127
/camera/world/agv2_confidence,1789203170.2541738,1789203170.2541738,0.5853
/camera/world/agv3_confidence,1789203170.254247,1789203170.254247,0.5864
/camera/world/agv2_confidence,1789203170.2930424,1789203170.2930424,0.5782
/camera/world/agv3_confidence,1789203170.2930553,1789203170.2930553,0.5908
/camera/world/agv1_confidence,1789203170.293075,1789203170.293075,0.6131
/camera/world/agv2_confidence,1789203170.3155875,1789203170.3155875,0.5818
/camera/world/agv3_confidence,1789203170.3156085,1789203170.3156085,0.5943
/camera/world/agv1_confidence,1789203170.315645,1789203170.315645,0.6126
/camera/world/agv2_confidence,1789203170.3469074,1789203170.3469074,0.5836
/camera/world/agv1_confidence,1789203170.3469121,1789203170.3469121,0.6118
/camera/world/agv3_confidence,1789203170.3471127,1789203170.3471127,0.5941
/camera/world/agv1_confidence,1789203170.3931646,1789203170.3931646,0.6126
/camera/world/agv2_confidence,1789203170.3933825,1789203170.3933825,0.5713
/camera/world/agv3_confidence,1789203170.393525,1789203170.393525,0.5948
/camera/world/agv1_confidence,1789203170.4401524,1789203170.4401524,0.6124
/camera/world/agv3_confidence,1789203170.4403703,1789203170.4403703,0.5948
/camera/world/agv2_confidence,1789203170.4403884,1789203170.4403884,0.5799
/camera/world/agv2_confidence,1789203170.4534094,1789203170.4534094,0.5741
/camera/world/agv1_confidence,1789203170.4534624,1789203170.4534624,0.6132
/camera/world/agv3_confidence,1789203170.453472,1789203170.453472,0.5826
/camera/world/agv2_confidence,1789203170.4830074,1789203170.4830074,0.5815
/camera/world/agv1_confidence,1789203170.4830294,1789203170.4830294,0.6122
/camera/world/agv3_confidence,1789203170.483142,1789203170.483142,0.58
/camera/world/agv1_confidence,1789203170.5141635,1789203170.5141635,0.6132
/camera/world/agv2_confidence,1789203170.514383,1789203170.514383,0.594
/camera/world/agv3_confidence,1789203170.5145316,1789203170.5145316,0.59
/camera/world/agv1_confidence,1789203170.5456154,1789203170.5456154,0.6133
/camera/world/agv2_confidence,1789203170.545678,1789203170.545678,0.5848
/camera/world/agv3_confidence,1789203170.5459058,1789203170.5459058,0.592
/camera/world/agv2_confidence,1789203170.59323,1789203170.59323,0.5794
/camera/world/agv1_confidence,1789203170.5932379,1789203170.5932379,0.6131
/camera/world/agv3_confidence,1789203170.5932543,1789203170.5932543,0.5912
/camera/world/agv1_confidence,1789203170.6290944,1789203170.6290944,0.6135
/camera/world/agv3_confidence,1789203170.6291332,1789203170.6291332,0.5425
/camera/world/agv2_confidence,1789203170.6291914,1789203170.6291914,0.5774
/camera/world/agv2_confidence,1789203170.6585286,1789203170.6585286,0.581
/camera/world/agv1_confidence,1789203170.6585288,1789203170.6585288,0.6132
/camera/world/agv3_confidence,1789203170.6586325,1789203170.6586325,0.5921
/camera/world/agv3_confidence,1789203170.689435,1789203170.689435,0.5916
/camera/world/agv2_confidence,1789203170.6895106,1789203170.6895106,0.5845
/camera/world/agv1_confidence,1789203170.6895342,1789203170.6895342,0.6129
/camera/world/agv1_confidence,1789203170.7213926,1789203170.7213926,0.6052
/camera/world/agv2_confidence,1789203170.721562,1789203170.721562,0.5939
/camera/world/agv3_confidence,1789203170.7217422,1789203170.7217422,0.5934
/camera/world/agv1_confidence,1789203170.751203,1789203170.751203,0.6132
/camera/world/agv3_confidence,1789203170.7512228,1789203170.7512228,0.5935
/camera/world/agv2_confidence,1789203170.7512271,1789203170.7512271,0.5766
/camera/world/agv1_confidence,1789203170.7846859,1789203170.7846859,0.6123
/camera/world/agv2_confidence,1789203170.7847178,1789203170.7847178,0.5811
/camera/world/agv3_confidence,1789203170.784852,1789203170.784852,0.5799
/camera/world/agv1_confidence,1789203170.814892,1789203170.814892,0.6135
/camera/world/agv2_confidence,1789203170.8149214,1789203170.8149214,0.5718
/camera/world/agv3_confidence,1789203170.8150058,1789203170.8150058,0.5943
/camera/world/agv1_confidence,1789203170.8459637,1789203170.8459637,0.6128
/camera/world/agv2_confidence,1789203170.8460186,1789203170.8460186,0.5798
/camera/world/agv3_confidence,1789203170.846113,1789203170.846113,0.5925
/camera/world/agv1_confidence,1789203170.8974478,1789203170.8974478,0.6125
/camera/world/agv2_confidence,1789203170.8976238,1789203170.8976238,0.5833
/camera/world/agv3_confidence,1789203170.8976302,1789203170.8976302,0.5925
/camera/world/agv1_confidence,1789203170.9264722,1789203170.9264722,0.6111
/camera/world/agv2_confidence,1789203170.926628,1789203170.926628,0.5752
/camera/world/agv3_confidence,1789203170.926882,1789203170.926882,0.5921
/camera/world/agv1_confidence,1789203170.96241,1789203170.96241,0.613
/camera/world/agv2_confidence,1789203170.9625754,1789203170.9625754,0.5837
/camera/world/agv3_confidence,1789203170.9629188,1789203170.9629188,0.5565
/camera/world/agv1_confidence,1789203170.9966097,1789203170.9966097,0.6121
/camera/world/agv2_confidence,1789203170.9968035,1789203170.9968035,0.5799
/camera/world/agv3_confidence,1789203170.9968402,1789203170.9968402,0.5929
/camera/world/agv1_confidence,1789203171.0282712,1789203171.0282712,0.6121
/camera/world/agv3_confidence,1789203171.0283415,1789203171.0283415,0.5915
/camera/world/agv2_confidence,1789203171.0283513,1789203171.0283513,0.5862
/camera/world/agv1_confidence,1789203171.0585449,1789203171.0585449,0.613
/camera/world/agv3_confidence,1789203171.0585876,1789203171.0585876,0.592
/camera/world/agv2_confidence,1789203171.058707,1789203171.058707,0.5815
/camera/world/agv3_confidence,1789203171.0896678,1789203171.0896678,0.5938
/camera/world/agv2_confidence,1789203171.0896828,1789203171.0896828,0.5805
/camera/world/agv1_confidence,1789203171.0897813,1789203171.0897813,0.6129
/camera/world/agv1_confidence,1789203171.1221325,1789203171.1221325,0.6132
/camera/world/agv2_confidence,1789203171.1223361,1789203171.1223361,0.5813
/camera/world/agv3_confidence,1789203171.1224535,1789203171.1224535,0.5856
