topic,bag_stamp,header_stamp,confidence
/camera/world/agv1_confidence,1789456637.2731946,1789456637.2731946,0.5867
/camera/world/agv2_confidence,1789456637.273501,1789456637.273501,0.5757
/camera/world/agv3_confidence,1789456637.2737513,1789456637.2737513,0.5768
/camera/world/agv2_confidence,1789456637.3168757,1789456637.3168757,0.5546
/camera/world/agv1_confidence,1789456637.316882,1789456637.316882,0.5652
/camera/world/agv3_confidence,1789456637.3170335,1789456637.3170335,0.5247
/camera/world/agv3_confidence,1789456637.3407705,1789456637.3407705,0.5749
/camera/world/agv2_confidence,1789456637.340838,1789456637.340838,0.5533
/camera/world/agv1_confidence,1789456637.3409607,1789456637.3409607,0.5628
/camera/world/agv1_confidence,1789456637.3682406,1789456637.3682406,0.5654
/camera/world/agv2_confidence,1789456637.3684735,1789456637.3684735,0.5724
/camera/world/agv3_confidence,1789456637.368476,1789456637.368476,0.5707
/camera/world/agv3_confidence,1789456637.4101155,1789456637.4101155,0.57
/camera/world/agv2_confidence,1789456637.4101453,1789456637.4101453,0.5731
/camera/world/agv1_confidence,1789456637.4101982,1789456637.4101982,0.5789
/camera/world/agv1_confidence,1789456637.4361773,1789456637.4361773,0.5783
/camera/world/agv2_confidence,1789456637.4361808,1789456637.4361808,0.5674
/camera/world/agv3_confidence,1789456637.4362738,1789456637.4362738,0.5759
/camera/world/agv1_confidence,1789456637.4684029,1789456637.4684029,0.5669
/camera/world/agv2_confidence,1789456637.4686136,1789456637.4686136,0.5719
/camera/world/agv3_confidence,1789456637.468838,1789456637.468838,0.573
/camera/world/agv1_confidence,1789456637.5057948,1789456637.5057948,0.5638
/camera/world/agv3_confidence,1789456637.5060828,1789456637.5060828,0.5748
/camera/world/agv2_confidence,1789456637.5060875,1789456637.5060875,0.5742
/camera/world/agv3_confidence,1789456637.5467267,1789456637.5467267,0.5765
/camera/world/agv2_confidence,1789456637.5467508,1789456637.5467508,0.5738
/camera/world/agv1_confidence,1789456637.546792,1789456637.546792,0.5347
/camera/world/agv1_confidence,1789456637.5658195,1789456637.5658195,0.5856
/camera/world/agv2_confidence,1789456637.565822,1789456637.565822,0.5732
/camera/world/agv3_confidence,1789456637.56586,1789456637.56586,0.5681
/camera/world/agv1_confidence,1789456637.5996346,1789456637.5996346,0.565
/camera/world/agv3_confidence,1789456637.599661,1789456637.599661,0.575
/camera/world/agv2_confidence,1789456637.5996966,1789456637.5996966,0.5745
/camera/world/agv1_confidence,1789456637.6377835,1789456637.6377835,0.5835
/camera/world/agv2_confidence,1789456637.6378205,1789456637.6378205,0.5547
/camera/world/agv3_confidence,1789456637.6379676,1789456637.6379676,0.5755
/camera/world/agv1_confidence,1789456637.6700468,1789456637.6700468,0.5658
/camera/world/agv3_confidence,1789456637.670054,1789456637.670054,0.5691
/camera/world/agv2_confidence,1789456637.6700563,1789456637.6700563,0.5741
/camera/world/agv2_confidence,1789456637.7036104,1789456637.7036104,0.5744
/camera/world/agv1_confidence,1789456637.703622,1789456637.703622,0.5674
/camera/world/agv3_confidence,1789456637.70368,1789456637.70368,0.527
/camera/world/agv1_confidence,1789456637.731066,1789456637.731066,0.5752
/camera/world/agv2_confidence,1789456637.7312012,1789456637.7312012,0.5564
/camera/world/agv3_confidence,1789456637.7313797,1789456637.7313797,0.573
/camera/world/agv3_confidence,1789456637.7754889,1789456637.7754889,0.5741
/camera/world/agv1_confidence,1789456637.77555,1789456637.77555,0.566
/camera/world/agv2_confidence,1789456637.7755635,1789456637.7755635,0.5733
/camera/world/agv1_confidence,1789456637.8049097,1789456637.8049097,0.577
/camera/world/agv3_confidence,1789456637.8049672,1789456637.8049672,0.5675
/camera/world/agv2_confidence,1789456637.8049877,1789456637.8049877,0.5741
/camera/world/agv3_confidence,1789456637.8364582,1789456637.8364582,0.5583
/camera/world/agv2_confidence,1789456637.8364964,1789456637.8364964,0.5752
/camera/world/agv1_confidence,1789456637.8364987,1789456637.8364987,0.5786
/camera/world/agv1_confidence,1789456637.8728263,1789456637.8728263,0.5644
/camera/world/agv3_confidence,1789456637.8728476,1789456637.8728476,0.5744
/camera/world/agv2_confidence,1789456637.8728585,1789456637.8728585,0.5732
/camera/world/agv1_confidence,1789456637.9035478,1789456637.9035478,0.55
/camera/world/agv3_confidence,1789456637.9037788,1789456637.9037788,0.5759
/camera/world/agv2_confidence,1789456637.903787,1789456637.903787,0.5733
/camera/world/agv3_confidence,1789456637.9317327,1789456637.9317327,0.574
/camera/world/agv1_confidence,1789456637.9317331,1789456637.9317331,0.5933
/camera/world/agv2_confidence,1789456637.931801,1789456637.931801,0.552
/camera/world/agv1_confidence,1789456637.9753664,1789456637.9753664,0.5814
/camera/world/agv2_confidence,1789456637.9753718,1789456637.9753718,0.5503
/camera/world/agv3_confidence,1789456637.9755886,1789456637.9755886,0.5764
/camera/world/agv1_confidence,1789456638.0091944,1789456638.0091944,0.5609
/camera/world/agv3_confidence,1789456638.0092297,1789456638.0092297,0.5635
/camera/world/agv2_confidence,1789456638.0094333,1789456638.0094333,0.5732
/camera/world/agv1_confidence,1789456638.040799,1789456638.040799,0.5954
/camera/world/agv2_confidence,1789456638.0409904,1789456638.0409904,0.5463
/camera/world/agv3_confidence,1789456638.0412207,1789456638.0412207,0.5698
/camera/world/agv2_confidence,1789456638.072847,1789456638.072847,0.531
/camera/world/agv1_confidence,1789456638.0728512,1789456638.0728512,0.5686
/camera/world/agv3_confidence,1789456638.0730774,1789456638.0730774,0.5771
/camera/world/agv1_confidence,1789456638.1021712,1789456638.1021712,0.5732
/camera/world/agv3_confidence,1789456638.1022131,1789456638.1022131,0.5592
/camera/world/agv2_confidence,1789456638.102244,1789456638.102244,0.5495
/camera/world/agv1_confidence,1789456638.139455,1789456638.139455,0.5773
/camera/world/agv2_confidence,1789456638.139781,1789456638.139781,0.5702
/camera/world/agv3_confidence,1789456638.139883,1789456638.139883,0.5662
/camera/world/agv1_confidence,1789456638.171401,1789456638.171401,0.5912
/camera/world/agv2_confidence,1789456638.17158,1789456638.17158,0.4877
/camera/world/agv3_confidence,1789456638.1717432,1789456638.1717432,0.5663
/camera/world/agv1_confidence,1789456638.204294,1789456638.204294,0.6023
/camera/world/agv3_confidence,1789456638.204414,1789456638.204414,0.5732
/camera/world/agv2_confidence,1789456638.2044947,1789456638.2044947,0.5746
/camera/world/agv1_confidence,1789456638.2323885,1789456638.2323885,0.6022
/camera/world/agv2_confidence,1789456638.232703,1789456638.232703,0.5743
/camera/world/agv3_confidence,1789456638.2327409,1789456638.2327409,0.561
/camera/world/agv1_confidence,1789456638.2701657,1789456638.2701657,0.6021
/camera/world/agv2_confidence,1789456638.2703543,1789456638.2703543,0.5643
/camera/world/agv3_confidence,1789456638.27053,1789456638.27053,0.5731
/camera/world/agv2_confidence,1789456638.2978134,1789456638.2978134,0.5742
/camera/world/agv1_confidence,1789456638.2978635,1789456638.2978635,0.603
/camera/world/agv3_confidence,1789456638.2979023,1789456638.2979023,0.5782
/camera/world/agv1_confidence,1789456638.3389235,1789456638.3389235,0.457
/camera/world/agv3_confidence,1789456638.3390243,1789456638.3390243,0.5144
/camera/world/agv2_confidence,1789456638.339028,1789456638.339028,0.5754
/camera/world/agv1_confidence,1789456638.3905365,1789456638.3905365,0.6025
/camera/world/agv3_confidence,1789456638.3905492,1789456638.3905492,0.5741
/camera/world/agv2_confidence,1789456638.390572,1789456638.390572,0.5749
/camera/world/agv1_confidence,1789456638.4075646,1789456638.4075646,0.5854
/camera/world/agv2_confidence,1789456638.4078426,1789456638.4078426,0.5718
/camera/world/agv3_confidence,1789456638.4078593,1789456638.4078593,0.5652
/camera/world/agv3_confidence,1789456638.4372523,1789456638.4372523,0.5748
/camera/world/agv1_confidence,1789456638.4372635,1789456638.4372635,0.5801
/camera/world/agv2_confidence,1789456638.4372823,1789456638.4372823,0.561
/camera/world/agv2_confidence,1789456638.4719806,1789456638.4719806,0.575
/camera/world/agv1_confidence,1789456638.4720304,1789456638.4720304,0.5972
/camera/world/agv3_confidence,1789456638.47214,1789456638.47214,0.5734
/camera/world/agv1_confidence,1789456638.5088868,1789456638.5088868,0.5756
/camera/world/agv3_confidence,1789456638.5096,1789456638.5096,0.5762
/camera/world/agv2_confidence,1789456638.5096042,1789456638.5096042,0.5663
/camera/world/agv1_confidence,1789456638.538009,1789456638.538009,0.554
/camera/world/agv3_confidence,1789456638.5383713,1789456638.5383713,0.5631
/camera/world/agv2_confidence,1789456638.5385509,1789456638.5385509,0.562
/camera/world/agv2_confidence,1789456638.5693014,1789456638.5693014,0.5623
/camera/world/agv1_confidence,1789456638.5693703,1789456638.5693703,0.5788
/camera/world/agv3_confidence,1789456638.569506,1789456638.569506,0.5762
/camera/world/agv1_confidence,1789456638.601902,1789456638.601902,0.5902
/camera/world/agv2_confidence,1789456638.601921,1789456638.601921,0.573
/camera/world/agv3_confidence,1789456638.602179,1789456638.602179,0.5633
/camera/world/agv3_confidence,1789456638.638753,1789456638.638753,0.576
/camera/world/agv2_confidence,1789456638.6387782,1789456638.6387782,0.572
/camera/world/agv1_confidence,1789456638.6387992,1789456638.6387992,0.597
/camera/world/agv3_confidence,1789456638.676141,1789456638.676141,0.5632
/camera/world/agv1_confidence,1789456638.6761553,1789456638.6761553,0.5897
/camera/world/agv2_confidence,1789456638.6762524,1789456638.6762524,0.5729
/camera/world/agv3_confidence,1789456638.7054126,1789456638.7054126,0.5773
/camera/world/agv2_confidence,1789456638.7054474,1789456638.7054474,0.5603
/camera/world/agv1_confidence,1789456638.705466,1789456638.705466,0.5444
/camera/world/agv2_confidence,1789456638.73418,1789456638.73418,0.5614
/camera/world/agv1_confidence,1789456638.734234,1789456638.734234,0.5939
/camera/world/agv3_confidence,1789456638.734258,1789456638.734258,0.5543
/camera/world/agv2_confidence,1789456638.7738252,1789456638.7738252,0.5716
/camera/world/agv3_confidence,1789456638.773883,1789456638.773883,0.5562
/camera/world/agv1_confidence,1789456638.7738907,1789456638.7738907,0.5497
/camera/world/agv1_confidence,1789456638.8070352,1789456638.8070352,0.5363
/camera/world/agv3_confidence,1789456638.80719,1789456638.80719,0.5595
/camera/world/agv2_confidence,1789456638.8072004,1789456638.8072004,0.5729
/camera/world/agv2_confidence,1789456638.8394701,1789456638.8394701,0.5746
/camera/world/agv1_confidence,1789456638.8394756,1789456638.8394756,0.5743
/camera/world/agv3_confidence,1789456638.839515,1789456638.839515,0.5663
/camera/world/agv1_confidence,1789456638.8673754,1789456638.8673754,0.5546
/camera/world/agv2_confidence,1789456638.8674896,1789456638.8674896,0.5763
/camera/world/agv3_confidence,1789456638.8676562,1789456638.8676562,0.5621
/camera/world/agv3_confidence,1789456638.9070284,1789456638.9070284,0.5693
/camera/world/agv2_confidence,1789456638.9070692,1789456638.9070692,0.5722
/camera/world/agv1_confidence,1789456638.9071248,1789456638.9071248,0.6023
/camera/world/agv1_confidence,1789456638.9360034,1789456638.9360034,0.5679
/camera/world/agv2_confidence,1789456638.9360135,1789456638.9360135,0.5646
/camera/world/agv3_confidence,1789456638.9362504,1789456638.9362504,0.5114
/camera/world/agv1_confidence,1789456638.9692554,1789456638.9692554,0.584
/camera/world/agv3_confidence,1789456638.9692972,1789456638.9692972,0.5852
/camera/world/agv2_confidence,1789456638.9693182,1789456638.9693182,0.5687
/camera/world/agv2_confidence,1789456639.011649,1789456639.011649,0.5641
/camera/world/agv1_confidence,1789456639.011834,1789456639.011834,0.5482
/camera/world/agv3_confidence,1789456639.0119631,1789456639.0119631,0.5551
/camera/world/agv3_confidence,1789456639.039678,1789456639.039678,0.5752
/camera/world/agv2_confidence,1789456639.0397768,1789456639.0397768,0.5764
/camera/world/agv1_confidence,1789456639.0397866,1789456639.0397866,0.5755
/camera/world/agv3_confidence,1789456639.0730007,1789456639.0730007,0.5754
/camera/world/agv2_confidence,1789456639.0730028,1789456639.0730028,0.5835
/camera/world/agv1_confidence,1789456639.073045,1789456639.073045,0.5971
/camera/world/agv1_confidence,1789456639.1024451,1789456639.1024451,0.5758
/camera/world/agv3_confidence,1789456639.1026707,1789456639.1026707,0.4876
/camera/world/agv2_confidence,1789456639.1026993,1789456639.1026993,0.4658
/camera/world/agv1_confidence,1789456639.1356978,1789456639.1356978,0.5724
/camera/world/agv3_confidence,1789456639.1357012,1789456639.1357012,0.5707
/camera/world/agv2_confidence,1789456639.1357348,1789456639.1357348,0.5176
/camera/world/agv2_confidence,1789456639.1766262,1789456639.1766262,0.5696
/camera/world/agv1_confidence,1789456639.1766896,1789456639.1766896,0.5497
/camera/world/agv3_confidence,1789456639.1767228,1789456639.1767228,0.5248
/camera/world/agv2_confidence,1789456639.2064295,1789456639.2064295,0.5813
/camera/world/agv1_confidence,1789456639.2064335,1789456639.2064335,0.591
/camera/world/agv3_confidence,1789456639.2065644,1789456639.2065644,0.5757
/camera/world/agv1_confidence,1789456639.240051,1789456639.240051,0.5761
/camera/world/agv2_confidence,1789456639.2401383,1789456639.2401383,0.5703
/camera/world/agv3_confidence,1789456639.2402704,1789456639.2402704,0.427
/camera/world/agv1_confidence,1789456639.2770963,1789456639.2770963,0.5796
/camera/world/agv3_confidence,1789456639.2773333,1789456639.2773333,0.5757
/camera/world/agv2_confidence,1789456639.277363,1789456639.277363,0.5749
/camera/world/agv2_confidence,1789456639.3078485,1789456639.3078485,0.5677
/camera/world/agv1_confidence,1789456639.307908,1789456639.307908,0.5899
/camera/world/agv3_confidence,1789456639.3081195,1789456639.3081195,0.5567
/camera/world/agv1_confidence,1789456639.3389733,1789456639.3389733,0.5891
/camera/world/agv2_confidence,1789456639.3389852,1789456639.3389852,0.5744
/camera/world/agv3_confidence,1789456639.3391676,1789456639.3391676,0.5817
/camera/world/agv2_confidence,1789456639.3810139,1789456639.3810139,0.557
/camera/world/agv1_confidence,1789456639.3811636,1789456639.3811636,0.5466
/camera/world/agv3_confidence,1789456639.3811972,1789456639.3811972,0.5773
/camera/world/agv2_confidence,1789456639.4150193,1789456639.4150193,0.5737
/camera/world/agv1_confidence,1789456639.4152257,1789456639.4152257,0.5978
/camera/world/agv3_confidence,1789456639.4152863,1789456639.4152863,0.577
/camera/world/agv3_confidence,1789456639.4433393,1789456639.4433393,0.5731
/camera/world/agv1_confidence,1789456639.4433553,1789456639.4433553,0.5958
/camera/world/agv2_confidence,1789456639.443407,1789456639.443407,0.5634
/camera/world/agv2_confidence,1789456639.4683774,1789456639.4683774,0.5752
/camera/world/agv1_confidence,1789456639.4684744,1789456639.4684744,0.5721
/camera/world/agv3_confidence,1789456639.4684837,1789456639.4684837,0.5779
/camera/world/agv1_confidence,1789456639.5101016,1789456639.5101016,0.5991
/camera/world/agv3_confidence,1789456639.510336,1789456639.510336,0.5728
/camera/world/agv2_confidence,1789456639.5104313,1789456639.5104313,0.5719
/camera/world/agv1_confidence,1789456639.5345292,1789456639.5345292,0.5975
/camera/world/agv2_confidence,1789456639.5347724,1789456639.5347724,0.5722
/camera/world/agv3_confidence,1789456639.5348141,1789456639.5348141,0.5736
/camera/world/agv1_confidence,1789456639.5730004,1789456639.5730004,0.5888
/camera/world/agv2_confidence,1789456639.5730703,1789456639.5730703,0.5732
/camera/world/agv3_confidence,1789456639.5732758,1789456639.5732758,0.574
/camera/world/agv1_confidence,1789456639.6122975,1789456639.6122975,0.5728
/camera/world/agv2_confidence,1789456639.6123393,1789456639.6123393,0.5797
/camera/world/agv3_confidence,1789456639.6126225,1789456639.6126225,0.5008
/camera/world/agv2_confidence,1789456639.6356876,1789456639.6356876,0.5757
/camera/world/agv1_confidence,1789456639.6357915,1789456639.6357915,0.5474
/camera/world/agv3_confidence,1789456639.635848,1789456639.635848,0.5766
/camera/world/agv2_confidence,1789456639.66749,1789456639.66749,0.5755
/camera/world/agv1_confidence,1789456639.6675494,1789456639.6675494,0.5948
/camera/world/agv3_confidence,1789456639.6677263,1789456639.6677263,0.5759
/camera/world/agv3_confidence,1789456639.7042024,1789456639.7042024,0.5782
/camera/world/agv1_confidence,1789456639.7042606,1789456639.7042606,0.5877
/camera/world/agv2_confidence,1789456639.7042713,1789456639.7042713,0.577
/camera/world/agv1_confidence,1789456639.7352529,1789456639.7352529,0.5987
/camera/world/agv2_confidence,1789456639.7356002,1789456639.7356002,0.5733
/camera/world/agv3_confidence,1789456639.7357373,1789456639.7357373,0.5786
/camera/world/agv1_confidence,1789456639.7670236,1789456639.7670236,0.5953
/camera/world/agv3_confidence,1789456639.7672086,1789456639.7672086,0.575
/camera/world/agv2_confidence,1789456639.7677286,1789456639.7677286,0.5753
/camera/world/agv3_confidence,1789456639.807412,1789456639.807412,0.5855
/camera/world/agv1_confidence,1789456639.807423,1789456639.807423,0.5834
/camera/world/agv2_confidence,1789456639.8075473,1789456639.8075473,0.5693
/camera/world/agv2_confidence,1789456639.835895,1789456639.835895,0.5638
/camera/world/agv1_confidence,1789456639.8359058,1789456639.8359058,0.5793
/camera/world/agv3_confidence,1789456639.835927,1789456639.835927,0.5786
/camera/world/agv2_confidence,1789456639.8697603,1789456639.8697603,0.5791
/camera/world/agv1_confidence,1789456639.869912,1789456639.869912,0.571
/camera/world/agv3_confidence,1789456639.8699455,1789456639.8699455,0.5764
/camera/world/agv1_confidence,1789456639.9055064,1789456639.9055064,0.585
/camera/world/agv2_confidence,1789456639.9056964,1789456639.9056964,0.5746
/camera/world/agv3_confidence,1789456639.9057436,1789456639.9057436,0.5776
/camera/world/agv1_confidence,1789456639.9383862,1789456639.9383862,0.5831
/camera/world/agv3_confidence,1789456639.9384558,1789456639.9384558,0.5742
/camera/world/agv2_confidence,1789456639.9384596,1789456639.9384596,0.5727
/camera/world/agv1_confidence,1789456639.9700925,1789456639.9700925,0.5819
/camera/world/agv2_confidence,1789456639.9703329,1789456639.9703329,0.5711
/camera/world/agv3_confidence,1789456639.9706373,1789456639.9706373,0.5754
/camera/world/agv1_confidence,1789456640.000529,1789456640.000529,0.5978
/camera/world/agv2_confidence,1789456640.0008147,1789456640.0008147,0.5697
/camera/world/agv3_confidence,1789456640.0009718,1789456640.0009718,0.577
/camera/world/agv3_confidence,1789456640.0394936,1789456640.0394936,0.5865
/camera/world/agv2_confidence,1789456640.0394957,1789456640.0394957,0.575
/camera/world/agv1_confidence,1789456640.0395901,1789456640.0395901,0.5482
/camera/world/agv1_confidence,1789456640.0693617,1789456640.0693617,0.5992
/camera/world/agv2_confidence,1789456640.0696394,1789456640.0696394,0.5752
/camera/world/agv3_confidence,1789456640.069694,1789456640.069694,0.5783
/camera/world/agv1_confidence,1789456640.102713,1789456640.102713,0.6025
/camera/world/agv2_confidence,1789456640.102847,1789456640.102847,0.5796
/camera/world/agv3_confidence,1789456640.102918,1789456640.102918,0.5768
/camera/world/agv1_confidence,1789456640.143456,1789456640.143456,0.5691
/camera/world/agv2_confidence,1789456640.1435137,1789456640.1435137,0.5775
/camera/world/agv3_confidence,1789456640.1435294,1789456640.1435294,0.5702
/camera/world/agv1_confidence,1789456640.1765172,1789456640.1765172,0.576
/camera/world/agv2_confidence,1789456640.1766503,1789456640.1766503,0.5151
/camera/world/agv3_confidence,1789456640.176897,1789456640.176897,0.5766
/camera/world/agv1_confidence,1789456640.206358,1789456640.206358,0.6011
/camera/world/agv2_confidence,1789456640.206394,1789456640.206394,0.5767
/camera/world/agv3_confidence,1789456640.2064555,1789456640.2064555,0.5734
/camera/world/agv3_confidence,1789456640.2372508,1789456640.2372508,0.5798
/camera/world/agv2_confidence,1789456640.2373662,1789456640.2373662,0.5392
/camera/world/agv1_confidence,1789456640.237412,1789456640.237412,0.5863
/camera/world/agv1_confidence,1789456640.2711275,1789456640.2711275,0.5946
/camera/world/agv3_confidence,1789456640.2711535,1789456640.2711535,0.587
/camera/world/agv2_confidence,1789456640.271172,1789456640.271172,0.5752
/camera/world/agv1_confidence,1789456640.3131423,1789456640.3131423,0.5981
/camera/world/agv2_confidence,1789456640.3131454,1789456640.3131454,0.5788
/camera/world/agv3_confidence,1789456640.3131714,1789456640.3131714,0.5876
/camera/world/agv2_confidence,1789456640.3431144,1789456640.3431144,0.5771
/camera/world/agv1_confidence,1789456640.3431544,1789456640.3431544,0.5996
/camera/world/agv3_confidence,1789456640.3433003,1789456640.3433003,0.5881
/camera/world/agv3_confidence,1789456640.372854,1789456640.372854,0.589
/camera/world/agv1_confidence,1789456640.3728604,1789456640.3728604,0.6046
/camera/world/agv2_confidence,1789456640.3730636,1789456640.3730636,0.5766
/camera/world/agv1_confidence,1789456640.4017923,1789456640.4017923,0.6046
/camera/world/agv2_confidence,1789456640.4018235,1789456640.4018235,0.5759
/camera/world/agv3_confidence,1789456640.4018946,1789456640.4018946,0.5838
/camera/world/agv2_confidence,1789456640.4399548,1789456640.4399548,0.5772
/camera/world/agv1_confidence,1789456640.4400115,1789456640.4400115,0.5902
/camera/world/agv3_confidence,1789456640.4401643,1789456640.4401643,0.5874
/camera/world/agv1_confidence,1789456640.4704838,1789456640.4704838,0.6031
/camera/world/agv2_confidence,1789456640.470742,1789456640.470742,0.5715
/camera/world/agv3_confidence,1789456640.4707549,1789456640.4707549,0.5562
/camera/world/agv2_confidence,1789456640.4994714,1789456640.4994714,0.574
/camera/world/agv3_confidence,1789456640.4994802,1789456640.4994802,0.5798
/camera/world/agv1_confidence,1789456640.4995222,1789456640.4995222,0.5796
/camera/world/agv3_confidence,1789456640.537246,1789456640.537246,0.5459
/camera/world/agv2_confidence,1789456640.537249,1789456640.537249,0.5764
/camera/world/agv1_confidence,1789456640.5372927,1789456640.5372927,0.6044
/camera/world/agv1_confidence,1789456640.5679603,1789456640.5679603,0.6029
/camera/world/agv2_confidence,1789456640.5681753,1789456640.5681753,0.5772
/camera/world/agv3_confidence,1789456640.568433,1789456640.568433,0.5807
/camera/world/agv1_confidence,1789456640.6009583,1789456640.6009583,0.6041
/camera/world/agv2_confidence,1789456640.6009753,1789456640.6009753,0.5831
/camera/world/agv3_confidence,1789456640.6011906,1789456640.6011906,0.5775
/camera/world/agv1_confidence,1789456640.6391616,1789456640.6391616,0.6035
/camera/world/agv3_confidence,1789456640.6394222,1789456640.6394222,0.5786
/camera/world/agv2_confidence,1789456640.639443,1789456640.639443,0.5744
/camera/world/agv1_confidence,1789456640.6725695,1789456640.6725695,0.5999
/camera/world/agv3_confidence,1789456640.672973,1789456640.672973,0.5795
/camera/world/agv2_confidence,1789456640.67305,1789456640.67305,0.5854
/camera/world/agv2_confidence,1789456640.710099,1789456640.710099,0.5632
/camera/world/agv1_confidence,1789456640.710119,1789456640.710119,0.5874
/camera/world/agv3_confidence,1789456640.7101526,1789456640.7101526,0.5568
/camera/world/agv1_confidence,1789456640.7348495,1789456640.7348495,0.5956
/camera/world/agv2_confidence,1789456640.7349114,1789456640.7349114,0.58
/camera/world/agv3_confidence,1789456640.7350721,1789456640.7350721,0.586
/camera/world/agv1_confidence,1789456640.7665026,1789456640.7665026,0.5881
/camera/world/agv3_confidence,1789456640.7665608,1789456640.7665608,0.5777
/camera/world/agv2_confidence,1789456640.7667942,1789456640.7667942,0.5808
/camera/world/agv1_confidence,1789456640.8063173,1789456640.8063173,0.6043
/camera/world/agv3_confidence,1789456640.8063364,1789456640.8063364,0.5869
/camera/world/agv2_confidence,1789456640.8063653,1789456640.8063653,0.5855
/camera/world/agv1_confidence,1789456640.8357158,1789456640.8357158,0.5844
/camera/world/agv3_confidence,1789456640.8358474,1789456640.8358474,0.5883
/camera/world/agv2_confidence,1789456640.835875,1789456640.835875,0.574
/camera/world/agv1_confidence,1789456640.868788,1789456640.868788,0.5855
/camera/world/agv2_confidence,1789456640.8688662,1789456640.8688662,0.5788
/camera/world/agv3_confidence,1789456640.8690946,1789456640.8690946,0.5875
/camera/world/agv2_confidence,1789456640.9139493,1789456640.9139493,0.5763
/camera/world/agv3_confidence,1789456640.913979,1789456640.913979,0.5758
/camera/world/agv1_confidence,1789456640.9139845,1789456640.9139845,0.6042
/camera/world/agv1_confidence,1789456640.9339814,1789456640.9339814,0.6054
/camera/world/agv2_confidence,1789456640.9340572,1789456640.9340572,0.5792
/camera/world/agv3_confidence,1789456640.9340773,1789456640.9340773,0.5743
/camera/world/agv2_confidence,1789456640.978359,1789456640.978359,0.5746
/camera/world/agv3_confidence,1789456640.9785953,1789456640.9785953,0.5627
/camera/world/agv1_confidence,1789456640.978693,1789456640.978693,0.6064
/camera/world/agv1_confidence,1789456641.0082772,1789456641.0082772,0.606
/camera/world/agv2_confidence,1789456641.0084739,1789456641.0084739,0.5756
/camera/world/agv3_confidence,1789456641.008576,1789456641.008576,0.5008
/camera/world/agv1_confidence,1789456641.0363586,1789456641.0363586,0.605
/camera/world/agv3_confidence,1789456641.0366948,1789456641.0366948,0.569
/camera/world/agv2_confidence,1789456641.0367014,1789456641.0367014,0.5779
/camera/world/agv1_confidence,1789456641.0683706,1789456641.0683706,0.5295
/camera/world/agv2_confidence,1789456641.0684285,1789456641.0684285,0.5851
/camera/world/agv3_confidence,1789456641.0684912,1789456641.0684912,0.5881
/camera/world/agv1_confidence,1789456641.108678,1789456641.108678,0.6064
/camera/world/agv2_confidence,1789456641.1087327,1789456641.1087327,0.5691
/camera/world/agv3_confidence,1789456641.1088684,1789456641.1088684,0.5705
/camera/world/agv2_confidence,1789456641.1381004,1789456641.1381004,0.5744
/camera/world/agv1_confidence,1789456641.1381485,1789456641.1381485,0.6061
/camera/world/agv3_confidence,1789456641.1383338,1789456641.1383338,0.577
/camera/world/agv2_confidence,1789456641.1666014,1789456641.1666014,0.5274
/camera/world/agv1_confidence,1789456641.1667113,1789456641.1667113,0.6062
/camera/world/agv3_confidence,1789456641.1668682,1789456641.1668682,0.5725
/camera/world/agv1_confidence,1789456641.2041051,1789456641.2041051,0.6041
/camera/world/agv2_confidence,1789456641.204222,1789456641.204222,0.5812
/camera/world/agv3_confidence,1789456641.2042465,1789456641.2042465,0.5787
/camera/world/agv2_confidence,1789456641.2368844,1789456641.2368844,0.5591
/camera/world/agv1_confidence,1789456641.2369385,1789456641.2369385,0.606
/camera/world/agv3_confidence,1789456641.2369556,1789456641.2369556,0.5803
/camera/world/agv1_confidence,1789456641.2696397,1789456641.2696397,0.6058
/camera/world/agv2_confidence,1789456641.2698047,1789456641.2698047,0.5669
/camera/world/agv3_confidence,1789456641.2699983,1789456641.2699983,0.575
/camera/world/agv1_confidence,1789456641.3038578,1789456641.3038578,0.5681
/camera/world/agv2_confidence,1789456641.3039083,1789456641.3039083,0.5698
/camera/world/agv3_confidence,1789456641.3042867,1789456641.3042867,0.5285
/camera/world/agv2_confidence,1789456641.336768,1789456641.336768,0.5721
/camera/world/agv3_confidence,1789456641.3368044,1789456641.3368044,0.5831
/camera/world/agv1_confidence,1789456641.3368483,1789456641.3368483,0.5771
/camera/world/agv2_confidence,1789456641.369621,1789456641.369621,0.5668
/camera/world/agv1_confidence,1789456641.3696458,1789456641.3696458,0.5822
/camera/world/agv3_confidence,1789456641.3697531,1789456641.3697531,0.5873
/camera/world/agv2_confidence,1789456641.4065263,1789456641.4065263,0.5751
/camera/world/agv3_confidence,1789456641.4066334,1789456641.4066334,0.583
/camera/world/agv1_confidence,1789456641.4067845,1789456641.4067845,0.6056
/camera/world/agv2_confidence,1789456641.4374964,1789456641.4374964,0.5756
/camera/world/agv1_confidence,1789456641.4376373,1789456641.4376373,0.6048
/camera/world/agv3_confidence,1789456641.437641,1789456641.437641,0.5893
/camera/world/agv2_confidence,1789456641.4727275,1789456641.4727275,0.5762
/camera/world/agv1_confidence,1789456641.472739,1789456641.472739,0.5841
/camera/world/agv3_confidence,1789456641.472968,1789456641.472968,0.579
/camera/world/agv1_confidence,1789456641.5015135,1789456641.5015135,0.5814
/camera/world/agv2_confidence,1789456641.5016174,1789456641.5016174,0.5805
/camera/world/agv3_confidence,1789456641.5017521,1789456641.5017521,0.5725
/camera/world/agv1_confidence,1789456641.536164,1789456641.536164,0.6062
/camera/world/agv2_confidence,1789456641.536177,1789456641.536177,0.5768
/camera/world/agv3_confidence,1789456641.5362997,1789456641.5362997,0.5382
/camera/world/agv1_confidence,1789456641.5718975,1789456641.5718975,0.6069
/camera/world/agv3_confidence,1789456641.5720754,1789456641.5720754,0.5745
/camera/world/agv2_confidence,1789456641.5720975,1789456641.5720975,0.5721
/camera/world/agv1_confidence,1789456641.6100342,1789456641.6100342,0.6009
/camera/world/agv2_confidence,1789456641.6101766,1789456641.6101766,0.5862
/camera/world/agv3_confidence,1789456641.610334,1789456641.610334,0.5721
/camera/world/agv1_confidence,1789456641.6464305,1789456641.6464305,0.5785
/camera/world/agv2_confidence,1789456641.6465583,1789456641.6465583,0.5645
/camera/world/agv3_confidence,1789456641.6466713,1789456641.6466713,0.5911
/camera/world/agv1_confidence,1789456641.6785038,1789456641.6785038,0.5498
/camera/world/agv3_confidence,1789456641.6785214,1789456641.6785214,0.5901
/camera/world/agv2_confidence,1789456641.6787047,1789456641.6787047,0.5329
/camera/world/agv2_confidence,1789456641.6997485,1789456641.6997485,0.5767
/camera/world/agv1_confidence,1789456641.6997583,1789456641.6997583,0.6062
/camera/world/agv3_confidence,1789456641.6998658,1789456641.6998658,0.589
/camera/world/agv1_confidence,1789456641.736577,1789456641.736577,0.5936
/camera/world/agv3_confidence,1789456641.7367911,1789456641.7367911,0.5841
/camera/world/agv2_confidence,1789456641.7369297,1789456641.7369297,0.5772
/camera/world/agv1_confidence,1789456641.7679756,1789456641.7679756,0.6089
/camera/world/agv2_confidence,1789456641.767997,1789456641.767997,0.5676
/camera/world/agv3_confidence,1789456641.768174,1789456641.768174,0.5885
/camera/world/agv1_confidence,1789456641.8012986,1789456641.8012986,0.6087
/camera/world/agv2_confidence,1789456641.801443,1789456641.801443,0.5697
/camera/world/agv3_confidence,1789456641.80149,1789456641.80149,0.5741
/camera/world/agv1_confidence,1789456641.8361895,1789456641.8361895,0.6082
/camera/world/agv2_confidence,1789456641.8364148,1789456641.8364148,0.5699
/camera/world/agv3_confidence,1789456641.8365433,1789456641.8365433,0.5898
/camera/world/agv1_confidence,1789456641.8747768,1789456641.8747768,0.6067
/camera/world/agv2_confidence,1789456641.8748908,1789456641.8748908,0.5769
/camera/world/agv3_confidence,1789456641.8750477,1789456641.8750477,0.5862
/camera/world/agv1_confidence,1789456641.9046414,1789456641.9046414,0.605
/camera/world/agv2_confidence,1789456641.9048886,1789456641.9048886,0.5724
/camera/world/agv3_confidence,1789456641.9048965,1789456641.9048965,0.5893
/camera/world/agv3_confidence,1789456641.9375894,1789456641.9375894,0.5914
/camera/world/agv2_confidence,1789456641.937606,1789456641.937606,0.5839
/camera/world/agv1_confidence,1789456641.9376676,1789456641.9376676,0.5996
/camera/world/agv2_confidence,1789456641.972551,1789456641.972551,0.5806
/camera/world/agv1_confidence,1789456641.9725738,1789456641.9725738,0.6051
/camera/world/agv3_confidence,1789456641.972769,1789456641.972769,0.5912
/camera/world/agv1_confidence,1789456642.0065808,1789456642.0065808,0.6076
/camera/world/agv2_confidence,1789456642.0066068,1789456642.0066068,0.5756
/camera/world/agv3_confidence,1789456642.0066745,1789456642.0066745,0.5484
/camera/world/agv1_confidence,1789456642.03979,1789456642.03979,0.6096
/camera/world/agv2_confidence,1789456642.0398734,1789456642.0398734,0.5797
/camera/world/agv3_confidence,1789456642.0400724,1789456642.0400724,0.5904
/camera/world/agv1_confidence,1789456642.0714872,1789456642.0714872,0.5858
/camera/world/agv2_confidence,1789456642.071681,1789456642.071681,0.5574
/camera/world/agv3_confidence,1789456642.0716956,1789456642.0716956,0.5532
/camera/world/agv1_confidence,1789456642.1014988,1789456642.1014988,0.5872
/camera/world/agv2_confidence,1789456642.101674,1789456642.101674,0.5877
/camera/world/agv3_confidence,1789456642.1019554,1789456642.1019554,0.5851
/camera/world/agv2_confidence,1789456642.1433282,1789456642.1433282,0.5851
/camera/world/agv1_confidence,1789456642.1433334,1789456642.1433334,0.6065
/camera/world/agv3_confidence,1789456642.1435406,1789456642.1435406,0.5794
/camera/world/agv2_confidence,1789456642.1741617,1789456642.1741617,0.5851
/camera/world/agv1_confidence,1789456642.1742058,1789456642.1742058,0.5838
/camera/world/agv3_confidence,1789456642.1742628,1789456642.1742628,0.5744
/camera/world/agv1_confidence,1789456642.212635,1789456642.212635,0.5952
/camera/world/agv2_confidence,1789456642.2126522,1789456642.2126522,0.5832
/camera/world/agv3_confidence,1789456642.2128594,1789456642.2128594,0.5915
/camera/world/agv3_confidence,1789456642.2343292,1789456642.2343292,0.5924
/camera/world/agv1_confidence,1789456642.234395,1789456642.234395,0.6098
/camera/world/agv2_confidence,1789456642.234465,1789456642.234465,0.5764
/camera/world/agv1_confidence,1789456642.2754798,1789456642.2754798,0.5944
/camera/world/agv2_confidence,1789456642.27564,1789456642.27564,0.5867
/camera/world/agv3_confidence,1789456642.2757225,1789456642.2757225,0.5936
/camera/world/agv2_confidence,1789456642.3041236,1789456642.3041236,0.5763
/camera/world/agv3_confidence,1789456642.3042037,1789456642.3042037,0.5892
/camera/world/agv1_confidence,1789456642.3042164,1789456642.3042164,0.606
/camera/world/agv2_confidence,1789456642.3333812,1789456642.3333812,0.5898
/camera/world/agv3_confidence,1789456642.3334656,1789456642.3334656,0.5901
/camera/world/agv1_confidence,1789456642.3335576,1789456642.3335576,0.6082
/camera/world/agv2_confidence,1789456642.3792274,1789456642.3792274,0.5867
/camera/world/agv3_confidence,1789456642.3794062,1789456642.3794062,0.5895
/camera/world/agv1_confidence,1789456642.3794343,1789456642.3794343,0.5948
/camera/world/agv1_confidence,1789456642.4016018,1789456642.4016018,0.5841
/camera/world/agv2_confidence,1789456642.4016225,1789456642.4016225,0.5777
/camera/world/agv3_confidence,1789456642.4017344,1789456642.4017344,0.5893
/camera/world/agv1_confidence,1789456642.4385855,1789456642.4385855,0.6095
/camera/world/agv3_confidence,1789456642.438626,1789456642.438626,0.5927
/camera/world/agv2_confidence,1789456642.4386387,1789456642.4386387,0.5793
/camera/world/agv1_confidence,1789456642.4722598,1789456642.4722598,0.5668
/camera/world/agv2_confidence,1789456642.472284,1789456642.472284,0.5871
/camera/world/agv3_confidence,1789456642.4725082,1789456642.4725082,0.5926
/camera/world/agv1_confidence,1789456642.501689,1789456642.501689,0.5913
/camera/world/agv2_confidence,1789456642.5017893,1789456642.5017893,0.5727
/camera/world/agv3_confidence,1789456642.501869,1789456642.501869,0.5927
/camera/world/agv1_confidence,1789456642.533591,1789456642.533591,0.5897
/camera/world/agv3_confidence,1789456642.5336082,1789456642.5336082,0.5925
/camera/world/agv2_confidence,1789456642.533644,1789456642.533644,0.5877
/camera/world/agv1_confidence,1789456642.5700927,1789456642.5700927,0.6102
/camera/world/agv3_confidence,1789456642.5701163,1789456642.5701163,0.5881
/camera/world/agv2_confidence,1789456642.5701184,1789456642.5701184,0.5784
/camera/world/agv3_confidence,1789456642.6044438,1789456642.6044438,0.5897
/camera/world/agv2_confidence,1789456642.604458,1789456642.604458,0.5752
/camera/world/agv1_confidence,1789456642.6044738,1789456642.6044738,0.5945
/camera/world/agv1_confidence,1789456642.636367,1789456642.636367,0.6073
/camera/world/agv3_confidence,1789456642.6364565,1789456642.6364565,0.587
/camera/world/agv2_confidence,1789456642.6365006,1789456642.6365006,0.5881
/camera/world/agv1_confidence,1789456642.6710656,1789456642.6710656,0.6096
/camera/world/agv2_confidence,1789456642.6713195,1789456642.6713195,0.5605
/camera/world/agv3_confidence,1789456642.6714954,1789456642.6714954,0.5914
/camera/world/agv1_confidence,1789456642.7045622,1789456642.7045622,0.5916
/camera/world/agv2_confidence,1789456642.7048266,1789456642.7048266,0.5886
/camera/world/agv3_confidence,1789456642.7048702,1789456642.7048702,0.5896
/camera/world/agv1_confidence,1789456642.7350097,1789456642.7350097,0.5907
/camera/world/agv3_confidence,1789456642.7350564,1789456642.7350564,0.59
/camera/world/agv2_confidence,1789456642.7351139,1789456642.7351139,0.5773
/camera/world/agv2_confidence,1789456642.7678788,1789456642.7678788,0.5719
/camera/world/agv1_confidence,1789456642.7679653,1789456642.7679653,0.5908
/camera/world/agv3_confidence,1789456642.7680633,1789456642.7680633,0.5937
/camera/world/agv3_confidence,1789456642.8066497,1789456642.8066497,0.5909
/camera/world/agv1_confidence,1789456642.8067055,1789456642.8067055,0.5866
/camera/world/agv2_confidence,1789456642.806755,1789456642.806755,0.5874
/camera/world/agv2_confidence,1789456642.837799,1789456642.837799,0.586
/camera/world/agv1_confidence,1789456642.837981,1789456642.837981,0.5915
/camera/world/agv3_confidence,1789456642.8381627,1789456642.8381627,0.5897
/camera/world/agv1_confidence,1789456642.869509,1789456642.869509,0.5735
/camera/world/agv2_confidence,1789456642.8696406,1789456642.8696406,0.5862
/camera/world/agv3_confidence,1789456642.8696866,1789456642.8696866,0.5862
/camera/world/agv2_confidence,1789456642.9065595,1789456642.9065595,0.5729
/camera/world/agv1_confidence,1789456642.906563,1789456642.906563,0.6091
/camera/world/agv3_confidence,1789456642.906817,1789456642.906817,0.5776
/camera/world/agv1_confidence,1789456642.9402373,1789456642.9402373,0.6102
/camera/world/agv2_confidence,1789456642.9404812,1789456642.9404812,0.5879
/camera/world/agv3_confidence,1789456642.9406042,1789456642.9406042,0.5924
/camera/world/agv2_confidence,1789456642.969884,1789456642.969884,0.5634
/camera/world/agv1_confidence,1789456642.9699478,1789456642.9699478,0.5869
/camera/world/agv3_confidence,1789456642.9701576,1789456642.9701576,0.5706
/camera/world/agv1_confidence,1789456643.0061936,1789456643.0061936,0.591
/camera/world/agv3_confidence,1789456643.0062807,1789456643.0062807,0.5888
/camera/world/agv2_confidence,1789456643.006349,1789456643.006349,0.5695
/camera/world/agv1_confidence,1789456643.0343368,1789456643.0343368,0.609
/camera/world/agv3_confidence,1789456643.034415,1789456643.034415,0.5874
/camera/world/agv2_confidence,1789456643.0344338,1789456643.0344338,0.5844
/camera/world/agv3_confidence,1789456643.0674102,1789456643.0674102,0.5913
/camera/world/agv1_confidence,1789456643.067434,1789456643.067434,0.6
/camera/world/agv2_confidence,1789456643.0674622,1789456643.0674622,0.5799
/camera/world/agv2_confidence,1789456643.1055636,1789456643.1055636,0.5757
/camera/world/agv1_confidence,1789456643.1056168,1789456643.1056168,0.5977
/camera/world/agv3_confidence,1789456643.1057262,1789456643.1057262,0.5909
/camera/world/agv2_confidence,1789456643.135063,1789456643.135063,0.5827
/camera/world/agv1_confidence,1789456643.1350887,1789456643.1350887,0.6102
/camera/world/agv3_confidence,1789456643.1353562,1789456643.1353562,0.586
/camera/world/agv1_confidence,1789456643.174906,1789456643.174906,0.6072
/camera/world/agv2_confidence,1789456643.174982,1789456643.174982,0.5771
/camera/world/agv3_confidence,1789456643.175186,1789456643.175186,0.5897
/camera/world/agv1_confidence,1789456643.2062862,1789456643.2062862,0.6089
/camera/world/agv2_confidence,1789456643.2064776,1789456643.2064776,0.5863
/camera/world/agv3_confidence,1789456643.206589,1789456643.206589,0.5592
/camera/world/agv1_confidence,1789456643.237893,1789456643.237893,0.6096
/camera/world/agv2_confidence,1789456643.2383487,1789456643.2383487,0.5876
/camera/world/agv3_confidence,1789456643.2384136,1789456643.2384136,0.5826
/camera/world/agv1_confidence,1789456643.287694,1789456643.287694,0.6103
/camera/world/agv2_confidence,1789456643.287796,1789456643.287796,0.5874
/camera/world/agv3_confidence,1789456643.2879734,1789456643.2879734,0.5865
/camera/world/agv1_confidence,1789456643.3082223,1789456643.3082223,0.5886
/camera/world/agv2_confidence,1789456643.3083298,1789456643.3083298,0.5908
/camera/world/agv3_confidence,1789456643.3085501,1789456643.3085501,0.5874
/camera/world/agv2_confidence,1789456643.3417628,1789456643.3417628,0.589
/camera/world/agv1_confidence,1789456643.3417845,1789456643.3417845,0.6096
/camera/world/agv3_confidence,1789456643.3420353,1789456643.3420353,0.5824
/camera/world/agv1_confidence,1789456643.3710668,1789456643.3710668,0.5995
/camera/world/agv2_confidence,1789456643.371067,1789456643.371067,0.5912
/camera/world/agv3_confidence,1789456643.3711379,1789456643.3711379,0.5986
/camera/world/agv2_confidence,1789456643.4029906,1789456643.4029906,0.5694
/camera/world/agv1_confidence,1789456643.403195,1789456643.403195,0.6094
/camera/world/agv3_confidence,1789456643.4032714,1789456643.4032714,0.5825
/camera/world/agv1_confidence,1789456643.4413793,1789456643.4413793,0.6103
/camera/world/agv2_confidence,1789456643.441452,1789456643.441452,0.5703
/camera/world/agv3_confidence,1789456643.441644,1789456643.441644,0.5739
/camera/world/agv1_confidence,1789456643.4738593,1789456643.4738593,0.6093
/camera/world/agv3_confidence,1789456643.474152,1789456643.474152,0.5848
/camera/world/agv2_confidence,1789456643.4742737,1789456643.4742737,0.5722
/camera/world/agv3_confidence,1789456643.511684,1789456643.511684,0.5831
/camera/world/agv1_confidence,1789456643.5118823,1789456643.5118823,0.6098
/camera/world/agv2_confidence,1789456643.5118876,1789456643.5118876,0.59
/camera/world/agv2_confidence,1789456643.5331123,1789456643.5331123,0.5792
/camera/world/agv1_confidence,1789456643.533193,1789456643.533193,0.6014
/camera/world/agv3_confidence,1789456643.5334194,1789456643.5334194,0.5981
/camera/world/agv3_confidence,1789456643.5761673,1789456643.5761673,0.5826
/camera/world/agv2_confidence,1789456643.576235,1789456643.576235,0.5905
/camera/world/agv1_confidence,1789456643.5762792,1789456643.5762792,0.5846
/camera/world/agv1_confidence,1789456643.6061888,1789456643.6061888,0.6117
/camera/world/agv2_confidence,1789456643.6062179,1789456643.6062179,0.588
/camera/world/agv3_confidence,1789456643.6064217,1789456643.6064217,0.583
/camera/world/agv2_confidence,1789456643.6415615,1789456643.6415615,0.5898
/camera/world/agv3_confidence,1789456643.6415794,1789456643.6415794,0.5803
/camera/world/agv1_confidence,1789456643.6416447,1789456643.6416447,0.6056
/camera/world/agv1_confidence,1789456643.6718166,1789456643.6718166,0.5932
/camera/world/agv2_confidence,1789456643.6720126,1789456643.6720126,0.5733
/camera/world/agv3_confidence,1789456643.6721344,1789456643.6721344,0.5899
/camera/world/agv2_confidence,1789456643.7034261,1789456643.7034261,0.5668
/camera/world/agv3_confidence,1789456643.7035995,1789456643.7035995,0.4855
/camera/world/agv1_confidence,1789456643.7036936,1789456643.7036936,0.6111
/camera/world/agv3_confidence,1789456643.7346067,1789456643.7346067,0.5913
/camera/world/agv1_confidence,1789456643.7346206,1789456643.7346206,0.6092
/camera/world/agv2_confidence,1789456643.734623,1789456643.734623,0.5878
/camera/world/agv1_confidence,1789456643.7682478,1789456643.7682478,0.6095
/camera/world/agv2_confidence,1789456643.768258,1789456643.768258,0.5728
/camera/world/agv3_confidence,1789456643.768304,1789456643.768304,0.5719
/camera/world/agv1_confidence,1789456643.8013732,1789456643.8013732,0.6101
/camera/world/agv2_confidence,1789456643.80139,1789456643.80139,0.5895
/camera/world/agv3_confidence,1789456643.8015034,1789456643.8015034,0.598
/camera/world/agv1_confidence,1789456643.8428512,1789456643.8428512,0.6122
/camera/world/agv3_confidence,1789456643.8428855,1789456643.8428855,0.5883
/camera/world/agv2_confidence,1789456643.8428938,1789456643.8428938,0.5865
/camera/world/agv1_confidence,1789456643.8690526,1789456643.8690526,0.6049
/camera/world/agv2_confidence,1789456643.8691783,1789456643.8691783,0.5879
/camera/world/agv3_confidence,1789456643.869373,1789456643.869373,0.5909
/camera/world/agv1_confidence,1789456643.9198997,1789456643.9198997,0.5973
/camera/world/agv3_confidence,1789456643.9199328,1789456643.9199328,0.5914
/camera/world/agv2_confidence,1789456643.9199674,1789456643.9199674,0.5844
/camera/world/agv1_confidence,1789456643.9329677,1789456643.9329677,0.6127
/camera/world/agv2_confidence,1789456643.932976,1789456643.932976,0.5769
/camera/world/agv3_confidence,1789456643.9331686,1789456643.9331686,0.5908
/camera/world/agv1_confidence,1789456643.971415,1789456643.971415,0.6045
/camera/world/agv2_confidence,1789456643.9715734,1789456643.9715734,0.5616
/camera/world/agv3_confidence,1789456643.9717295,1789456643.9717295,0.5897
/camera/world/agv1_confidence,1789456644.0003176,1789456644.0003176,0.6029
/camera/world/agv2_confidence,1789456644.0004401,1789456644.0004401,0.5896
/camera/world/agv3_confidence,1789456644.000924,1789456644.000924,0.594
/camera/world/agv2_confidence,1789456644.0435004,1789456644.0435004,0.5869
/camera/world/agv3_confidence,1789456644.0435102,1789456644.0435102,0.5895
/camera/world/agv1_confidence,1789456644.0435164,1789456644.0435164,0.5916
/camera/world/agv2_confidence,1789456644.0698564,1789456644.0698564,0.5882
/camera/world/agv3_confidence,1789456644.069896,1789456644.069896,0.5979
/camera/world/agv1_confidence,1789456644.0699089,1789456644.0699089,0.6111
/camera/world/agv2_confidence,1789456644.103301,1789456644.103301,0.5691
/camera/world/agv3_confidence,1789456644.1034932,1789456644.1034932,0.5889
/camera/world/agv1_confidence,1789456644.1034994,1789456644.1034994,0.6072
/camera/world/agv1_confidence,1789456644.1352253,1789456644.1352253,0.6129
/camera/world/agv3_confidence,1789456644.1352344,1789456644.1352344,0.5995
/camera/world/agv2_confidence,1789456644.1352553,1789456644.1352553,0.5791
/camera/world/agv1_confidence,1789456644.1720324,1789456644.1720324,0.6136
/camera/world/agv2_confidence,1789456644.1721509,1789456644.1721509,0.5825
/camera/world/agv3_confidence,1789456644.1722794,1789456644.1722794,0.5879
/camera/world/agv2_confidence,1789456644.2017498,1789456644.2017498,0.5802
/camera/world/agv3_confidence,1789456644.2018151,1789456644.2018151,0.5918
/camera/world/agv1_confidence,1789456644.2019932,1789456644.2019932,0.6117
/camera/world/agv1_confidence,1789456644.2404158,1789456644.2404158,0.6121
/camera/world/agv2_confidence,1789456644.2404687,1789456644.2404687,0.5808
/camera/world/agv3_confidence,1789456644.2406042,1789456644.2406042,0.5942
/camera/world/agv3_confidence,1789456644.2730594,1789456644.2730594,0.5932
/camera/world/agv1_confidence,1789456644.2730596,1789456644.2730596,0.5676
/camera/world/agv2_confidence,1789456644.2730787,1789456644.2730787,0.5861
/camera/world/agv1_confidence,1789456644.3104365,1789456644.3104365,0.6071
/camera/world/agv3_confidence,1789456644.3104832,1789456644.3104832,0.5949
/camera/world/agv2_confidence,1789456644.3104923,1789456644.3104923,0.5827
/camera/world/agv3_confidence,1789456644.334275,1789456644.334275,0.5923
/camera/world/agv2_confidence,1789456644.334303,1789456644.334303,0.5777
/camera/world/agv1_confidence,1789456644.3343494,1789456644.3343494,0.6139
/camera/world/agv2_confidence,1789456644.3745003,1789456644.3745003,0.5839
/camera/world/agv1_confidence,1789456644.3745975,1789456644.3745975,0.6079
/camera/world/agv3_confidence,1789456644.374776,1789456644.374776,0.5772
/camera/world/agv1_confidence,1789456644.4039068,1789456644.4039068,0.6092
/camera/world/agv2_confidence,1789456644.4040232,1789456644.4040232,0.5815
/camera/world/agv3_confidence,1789456644.4041598,1789456644.4041598,0.5672
/camera/world/agv1_confidence,1789456644.4387364,1789456644.4387364,0.6137
/camera/world/agv2_confidence,1789456644.4389572,1789456644.4389572,0.5897
/camera/world/agv3_confidence,1789456644.4389608,1789456644.4389608,0.5875
/camera/world/agv2_confidence,1789456644.4699929,1789456644.4699929,0.5815
/camera/world/agv3_confidence,1789456644.4700658,1789456644.4700658,0.5942
/camera/world/agv1_confidence,1789456644.470069,1789456644.470069,0.6138
/camera/world/agv1_confidence,1789456644.5008605,1789456644.5008605,0.6075
/camera/world/agv2_confidence,1789456644.500948,1789456644.500948,0.5916
/camera/world/agv3_confidence,1789456644.501141,1789456644.501141,0.5934
/camera/world/agv1_confidence,1789456644.5405953,1789456644.5405953,0.5832
/camera/world/agv2_confidence,1789456644.5407424,1789456644.5407424,0.5888
/camera/world/agv3_confidence,1789456644.540751,1789456644.540751,0.591
/camera/world/agv2_confidence,1789456644.5751233,1789456644.5751233,0.5681
/camera/world/agv1_confidence,1789456644.5751402,1789456644.5751402,0.6038
/camera/world/agv3_confidence,1789456644.5752957,1789456644.5752957,0.5834
/camera/world/agv2_confidence,1789456644.6047063,1789456644.6047063,0.5897
/camera/world/agv1_confidence,1789456644.6048155,1789456644.6048155,0.6129
/camera/world/agv3_confidence,1789456644.6050527,1789456644.6050527,0.5931
/camera/world/agv1_confidence,1789456644.6331987,1789456644.6331987,0.6087
/camera/world/agv3_confidence,1789456644.6333725,1789456644.6333725,0.5922
/camera/world/agv2_confidence,1789456644.6334696,1789456644.6334696,0.5899
/camera/world/agv1_confidence,1789456644.6723375,1789456644.6723375,0.5622
/camera/world/agv3_confidence,1789456644.672415,1789456644.672415,0.593
/camera/world/agv2_confidence,1789456644.6725073,1789456644.6725073,0.5797
/camera/world/agv1_confidence,1789456644.7024064,1789456644.7024064,0.6147
/camera/world/agv3_confidence,1789456644.7027214,1789456644.7027214,0.5957
/camera/world/agv2_confidence,1789456644.7028656,1789456644.7028656,0.59
/camera/world/agv1_confidence,1789456644.7397323,1789456644.7397323,0.6141
/camera/world/agv2_confidence,1789456644.7398372,1789456644.7398372,0.566
/camera/world/agv3_confidence,1789456644.7400398,1789456644.7400398,0.5717
/camera/world/agv1_confidence,1789456644.7698252,1789456644.7698252,0.6161
/camera/world/agv2_confidence,1789456644.7700686,1789456644.7700686,0.5917
/camera/world/agv3_confidence,1789456644.770212,1789456644.770212,0.5925
/camera/world/agv2_confidence,1789456644.7994568,1789456644.7994568,0.5855
/camera/world/agv1_confidence,1789456644.7994933,1789456644.7994933,0.6162
/camera/world/agv3_confidence,1789456644.7995775,1789456644.7995775,0.591
/camera/world/agv1_confidence,1789456644.840347,1789456644.840347,0.6146
/camera/world/agv3_confidence,1789456644.8405647,1789456644.8405647,0.5918
/camera/world/agv2_confidence,1789456644.8406472,1789456644.8406472,0.5892
/camera/world/agv1_confidence,1789456644.868957,1789456644.868957,0.6157
/camera/world/agv2_confidence,1789456644.8693712,1789456644.8693712,0.5775
/camera/world/agv3_confidence,1789456644.8694746,1789456644.8694746,0.5914
/camera/world/agv1_confidence,1789456644.9071016,1789456644.9071016,0.5856
/camera/world/agv2_confidence,1789456644.9073672,1789456644.9073672,0.5912
/camera/world/agv3_confidence,1789456644.9073942,1789456644.9073942,0.5909
/camera/world/agv1_confidence,1789456644.9376466,1789456644.9376466,0.6146
/camera/world/agv2_confidence,1789456644.937658,1789456644.937658,0.5773
/camera/world/agv3_confidence,1789456644.9377787,1789456644.9377787,0.5908
/camera/world/agv1_confidence,1789456644.975702,1789456644.975702,0.6136
/camera/world/agv2_confidence,1789456644.9757423,1789456644.9757423,0.5784
/camera/world/agv3_confidence,1789456644.9759986,1789456644.9759986,0.5939
/camera/world/agv1_confidence,1789456645.0015574,1789456645.0015574,0.604
/camera/world/agv2_confidence,1789456645.0015857,1789456645.0015857,0.5894
/camera/world/agv3_confidence,1789456645.0017874,1789456645.0017874,0.5885
/camera/world/agv2_confidence,1789456645.0419023,1789456645.0419023,0.5764
/camera/world/agv3_confidence,1789456645.0419278,1789456645.0419278,0.5938
/camera/world/agv1_confidence,1789456645.0419643,1789456645.0419643,0.6127
/camera/world/agv1_confidence,1789456645.0716596,1789456645.0716596,0.6135
/camera/world/agv3_confidence,1789456645.0717337,1789456645.0717337,0.5911
/camera/world/agv2_confidence,1789456645.071751,1789456645.071751,0.5793
/camera/world/agv1_confidence,1789456645.1059434,1789456645.1059434,0.616
/camera/world/agv2_confidence,1789456645.106058,1789456645.106058,0.5935
/camera/world/agv3_confidence,1789456645.106142,1789456645.106142,0.5874
/camera/world/agv1_confidence,1789456645.1443605,1789456645.1443605,0.6167
/camera/world/agv2_confidence,1789456645.1444993,1789456645.1444993,0.5905
/camera/world/agv3_confidence,1789456645.1446424,1789456645.1446424,0.5847
/camera/world/agv1_confidence,1789456645.1697867,1789456645.1697867,0.6152
/camera/world/agv3_confidence,1789456645.1700408,1789456645.1700408,0.596
/camera/world/agv2_confidence,1789456645.1700985,1789456645.1700985,0.5752
/camera/world/agv2_confidence,1789456645.1999052,1789456645.1999052,0.5755
/camera/world/agv3_confidence,1789456645.1999063,1789456645.1999063,0.5998
/camera/world/agv1_confidence,1789456645.1999245,1789456645.1999245,0.615
/camera/world/agv3_confidence,1789456645.246933,1789456645.246933,0.5747
/camera/world/agv2_confidence,1789456645.2469556,1789456645.2469556,0.5803
/camera/world/agv1_confidence,1789456645.2470524,1789456645.2470524,0.6058
/camera/world/agv3_confidence,1789456645.270138,1789456645.270138,0.5923
/camera/world/agv2_confidence,1789456645.27014,1789456645.27014,0.5584
/camera/world/agv1_confidence,1789456645.2701693,1789456645.2701693,0.6145
/camera/world/agv2_confidence,1789456645.3005476,1789456645.3005476,0.5798
/camera/world/agv1_confidence,1789456645.3006413,1789456645.3006413,0.6143
/camera/world/agv3_confidence,1789456645.3008049,1789456645.3008049,0.595
/camera/world/agv1_confidence,1789456645.339744,1789456645.339744,0.6145
/camera/world/agv2_confidence,1789456645.3397975,1789456645.3397975,0.5357
/camera/world/agv3_confidence,1789456645.3398864,1789456645.3398864,0.5925
/camera/world/agv1_confidence,1789456645.369309,1789456645.369309,0.6122
/camera/world/agv2_confidence,1789456645.3693275,1789456645.3693275,0.5793
/camera/world/agv3_confidence,1789456645.369524,1789456645.369524,0.5228
/camera/world/agv1_confidence,1789456645.4155936,1789456645.4155936,0.6101
/camera/world/agv2_confidence,1789456645.415683,1789456645.415683,0.5874
/camera/world/agv3_confidence,1789456645.4159796,1789456645.4159796,0.5823
/camera/world/agv1_confidence,1789456645.4518893,1789456645.4518893,0.5748
/camera/world/agv3_confidence,1789456645.451916,1789456645.451916,0.5746
/camera/world/agv2_confidence,1789456645.4519248,1789456645.4519248,0.5885
/camera/world/agv1_confidence,1789456645.472246,1789456645.472246,0.6132
/camera/world/agv3_confidence,1789456645.4722943,1789456645.4722943,0.5887
/camera/world/agv2_confidence,1789456645.4723313,1789456645.4723313,0.5487
/camera/world/agv1_confidence,1789456645.5037634,1789456645.5037634,0.6159
/camera/world/agv2_confidence,1789456645.5039976,1789456645.5039976,0.5851
/camera/world/agv3_confidence,1789456645.5040212,1789456645.5040212,0.595
/camera/world/agv2_confidence,1789456645.5348282,1789456645.5348282,0.5882
/camera/world/agv1_confidence,1789456645.534879,1789456645.534879,0.6174
/camera/world/agv3_confidence,1789456645.53489,1789456645.53489,0.5883
/camera/world/agv3_confidence,1789456645.5728328,1789456645.5728328,0.5896
/camera/world/agv2_confidence,1789456645.572835,1789456645.572835,0.5804
/camera/world/agv1_confidence,1789456645.5729375,1789456645.5729375,0.617
/camera/world/agv1_confidence,1789456645.6080394,1789456645.6080394,0.618
/camera/world/agv2_confidence,1789456645.6080523,1789456645.6080523,0.5855
/camera/world/agv3_confidence,1789456645.608064,1789456645.608064,0.593
/camera/world/agv2_confidence,1789456645.638189,1789456645.638189,0.5951
/camera/world/agv3_confidence,1789456645.6382182,1789456645.6382182,0.5844
/camera/world/agv1_confidence,1789456645.6383617,1789456645.6383617,0.6123
/camera/world/agv2_confidence,1789456645.6692717,1789456645.6692717,0.5876
/camera/world/agv1_confidence,1789456645.6692786,1789456645.6692786,0.613
/camera/world/agv3_confidence,1789456645.6695263,1789456645.6695263,0.5802
/camera/world/agv1_confidence,1789456645.6997173,1789456645.6997173,0.6171
/camera/world/agv2_confidence,1789456645.6997302,1789456645.6997302,0.5621
/camera/world/agv3_confidence,1789456645.6997497,1789456645.6997497,0.5818
/camera/world/agv1_confidence,1789456645.7438693,1789456645.7438693,0.6103
/camera/world/agv2_confidence,1789456645.7439573,1789456645.7439573,0.5835
/camera/world/agv3_confidence,1789456645.7441611,1789456645.7441611,0.6004
/camera/world/agv2_confidence,1789456645.7751076,1789456645.7751076,0.5257
/camera/world/agv1_confidence,1789456645.775236,1789456645.775236,0.6173
/camera/world/agv3_confidence,1789456645.7752829,1789456645.7752829,0.5924
/camera/world/agv2_confidence,1789456645.8012724,1789456645.8012724,0.5045
/camera/world/agv1_confidence,1789456645.801548,1789456645.801548,0.6123
/camera/world/agv3_confidence,1789456645.8015554,1789456645.8015554,0.5939
/camera/world/agv1_confidence,1789456645.8379374,1789456645.8379374,0.6128
/camera/world/agv2_confidence,1789456645.8382514,1789456645.8382514,0.5866
/camera/world/agv3_confidence,1789456645.8383439,1789456645.8383439,0.5924
/camera/world/agv3_confidence,1789456645.8735816,1789456645.8735816,0.5927
/camera/world/agv1_confidence,1789456645.873606,1789456645.873606,0.6137
/camera/world/agv2_confidence,1789456645.8736715,1789456645.8736715,0.5783
/camera/world/agv1_confidence,1789456645.9116223,1789456645.9116223,0.6154
/camera/world/agv3_confidence,1789456645.911683,1789456645.911683,0.5949
/camera/world/agv2_confidence,1789456645.911717,1789456645.911717,0.5893
/camera/world/agv1_confidence,1789456645.9411223,1789456645.9411223,0.6124
/camera/world/agv3_confidence,1789456645.9411595,1789456645.9411595,0.5947
/camera/world/agv2_confidence,1789456645.9412222,1789456645.9412222,0.5054
/camera/world/agv1_confidence,1789456645.9711545,1789456645.9711545,0.6165
/camera/world/agv2_confidence,1789456645.9715996,1789456645.9715996,0.5745
/camera/world/agv3_confidence,1789456645.971708,1789456645.971708,0.5821
/camera/world/agv1_confidence,1789456646.0007293,1789456646.0007293,0.6083
/camera/world/agv2_confidence,1789456646.0009754,1789456646.0009754,0.5799
/camera/world/agv3_confidence,1789456646.001221,1789456646.001221,0.5479
/camera/world/agv1_confidence,1789456646.0337007,1789456646.0337007,0.6154
/camera/world/agv2_confidence,1789456646.034092,1789456646.034092,0.5821
/camera/world/agv3_confidence,1789456646.0342429,1789456646.0342429,0.5907
/camera/world/agv2_confidence,1789456646.0739684,1789456646.0739684,0.5869
/camera/world/agv1_confidence,1789456646.0742059,1789456646.0742059,0.6147
/camera/world/agv3_confidence,1789456646.0743463,1789456646.0743463,0.5817
/camera/world/agv1_confidence,1789456646.1010685,1789456646.1010685,0.5911
/camera/world/agv3_confidence,1789456646.101395,1789456646.101395,0.5955
/camera/world/agv2_confidence,1789456646.1014252,1789456646.1014252,0.5903
/camera/world/agv1_confidence,1789456646.1448874,1789456646.1448874,0.6033
/camera/world/agv2_confidence,1789456646.1450255,1789456646.1450255,0.5843
/camera/world/agv3_confidence,1789456646.1452138,1789456646.1452138,0.5882
/camera/world/agv1_confidence,1789456646.1713574,1789456646.1713574,0.6143
/camera/world/agv2_confidence,1789456646.1714675,1789456646.1714675,0.5929
/camera/world/agv3_confidence,1789456646.1716392,1789456646.1716392,0.5868
/camera/world/agv2_confidence,1789456646.2044744,1789456646.2044744,0.5835
/camera/world/agv1_confidence,1789456646.2045176,1789456646.2045176,0.618
/camera/world/agv3_confidence,1789456646.2046802,1789456646.2046802,0.5974
/camera/world/agv1_confidence,1789456646.2398043,1789456646.2398043,0.617
/camera/world/agv3_confidence,1789456646.2398312,1789456646.2398312,0.5933
/camera/world/agv2_confidence,1789456646.2398582,1789456646.2398582,0.5727
/camera/world/agv1_confidence,1789456646.2832677,1789456646.2832677,0.6121
/camera/world/agv3_confidence,1789456646.2832744,1789456646.2832744,0.5964
/camera/world/agv2_confidence,1789456646.2834244,1789456646.2834244,0.5837
/camera/world/agv1_confidence,1789456646.308181,1789456646.308181,0.6118
/camera/world/agv2_confidence,1789456646.3082032,1789456646.3082032,0.569
/camera/world/agv3_confidence,1789456646.3083763,1789456646.3083763,0.5932
/camera/world/agv1_confidence,1789456646.336598,1789456646.336598,0.6185
/camera/world/agv3_confidence,1789456646.3366578,1789456646.3366578,0.5818
/camera/world/agv2_confidence,1789456646.336675,1789456646.336675,0.5916
/camera/world/agv1_confidence,1789456646.3716552,1789456646.3716552,0.6155
/camera/world/agv3_confidence,1789456646.371914,1789456646.371914,0.5819
/camera/world/agv2_confidence,1789456646.3719208,1789456646.3719208,0.591
/camera/world/agv1_confidence,1789456646.402522,1789456646.402522,0.6173
/camera/world/agv2_confidence,1789456646.4025888,1789456646.4025888,0.5738
/camera/world/agv3_confidence,1789456646.4027743,1789456646.4027743,0.5908
/camera/world/agv2_confidence,1789456646.443092,1789456646.443092,0.5841
/camera/world/agv3_confidence,1789456646.4431694,1789456646.4431694,0.5963
/camera/world/agv1_confidence,1789456646.443278,1789456646.443278,0.6151
/camera/world/agv1_confidence,1789456646.474058,1789456646.474058,0.6158
/camera/world/agv2_confidence,1789456646.4741485,1789456646.4741485,0.5512
/camera/world/agv3_confidence,1789456646.4742851,1789456646.4742851,0.597
/camera/world/agv1_confidence,1789456646.5086458,1789456646.5086458,0.6117
/camera/world/agv3_confidence,1789456646.5086787,1789456646.5086787,0.5847
/camera/world/agv2_confidence,1789456646.5087364,1789456646.5087364,0.5665
/camera/world/agv1_confidence,1789456646.534434,1789456646.534434,0.6164
/camera/world/agv3_confidence,1789456646.5344548,1789456646.5344548,0.5919
/camera/world/agv2_confidence,1789456646.534468,1789456646.534468,0.5942
/camera/world/agv2_confidence,1789456646.5675137,1789456646.5675137,0.5302
/camera/world/agv1_confidence,1789456646.567558,1789456646.567558,0.6158
/camera/world/agv3_confidence,1789456646.5675888,1789456646.5675888,0.5955
/camera/world/agv1_confidence,1789456646.6093817,1789456646.6093817,0.6161
/camera/world/agv2_confidence,1789456646.609569,1789456646.609569,0.5836
/camera/world/agv3_confidence,1789456646.6096897,1789456646.6096897,0.6018
/camera/world/agv1_confidence,1789456646.6339,1789456646.6339,0.6167
/camera/world/agv3_confidence,1789456646.6343,1789456646.6343,0.5852
/camera/world/agv2_confidence,1789456646.6344006,1789456646.6344006,0.5929
/camera/world/agv1_confidence,1789456646.6706147,1789456646.6706147,0.6176
/camera/world/agv2_confidence,1789456646.670623,1789456646.670623,0.597
/camera/world/agv3_confidence,1789456646.6707346,1789456646.6707346,0.5895
/camera/world/agv2_confidence,1789456646.70083,1789456646.70083,0.5913
/camera/world/agv1_confidence,1789456646.700837,1789456646.700837,0.6186
/camera/world/agv3_confidence,1789456646.7008395,1789456646.7008395,0.5897
/camera/world/agv1_confidence,1789456646.7343273,1789456646.7343273,0.6119
/camera/world/agv3_confidence,1789456646.7344365,1789456646.7344365,0.5879
/camera/world/agv2_confidence,1789456646.7344613,1789456646.7344613,0.574
/camera/world/agv1_confidence,1789456646.7676804,1789456646.7676804,0.5995
/camera/world/agv3_confidence,1789456646.7677138,1789456646.7677138,0.5964
/camera/world/agv2_confidence,1789456646.7678065,1789456646.7678065,0.594
/camera/world/agv1_confidence,1789456646.8042548,1789456646.8042548,0.6183
/camera/world/agv3_confidence,1789456646.804551,1789456646.804551,0.5902
/camera/world/agv2_confidence,1789456646.8045616,1789456646.8045616,0.5676
/camera/world/agv1_confidence,1789456646.8339157,1789456646.8339157,0.5808
/camera/world/agv2_confidence,1789456646.8339474,1789456646.8339474,0.5947
/camera/world/agv3_confidence,1789456646.8342617,1789456646.8342617,0.5896
/camera/world/agv1_confidence,1789456646.8832595,1789456646.8832595,0.617
/camera/world/agv3_confidence,1789456646.8834434,1789456646.8834434,0.5891
/camera/world/agv2_confidence,1789456646.8834443,1789456646.8834443,0.5803
/camera/world/agv1_confidence,1789456646.9056532,1789456646.9056532,0.6167
/camera/world/agv2_confidence,1789456646.905677,1789456646.905677,0.5949
/camera/world/agv3_confidence,1789456646.9057753,1789456646.9057753,0.604
/camera/world/agv1_confidence,1789456646.9727924,1789456646.9727924,0.6146
/camera/world/agv2_confidence,1789456646.9728863,1789456646.9728863,0.5917
/camera/world/agv3_confidence,1789456646.9730048,1789456646.9730048,0.5922
/camera/world/agv2_confidence,1789456646.9745219,1789456646.9745219,0.5935
/camera/world/agv1_confidence,1789456646.9746304,1789456646.9746304,0.6182
/camera/world/agv3_confidence,1789456646.9747045,1789456646.9747045,0.602
/camera/world/agv1_confidence,1789456647.0042953,1789456647.0042953,0.6183
/camera/world/agv3_confidence,1789456647.0044992,1789456647.0044992,0.6043
/camera/world/agv2_confidence,1789456647.0045054,1789456647.0045054,0.5977
/camera/world/agv3_confidence,1789456647.0357382,1789456647.0357382,0.5777
/camera/world/agv2_confidence,1789456647.0357654,1789456647.0357654,0.6011
/camera/world/agv1_confidence,1789456647.035899,1789456647.035899,0.6178
/camera/world/agv2_confidence,1789456647.078128,1789456647.078128,0.5951
/camera/world/agv1_confidence,1789456647.0782022,1789456647.0782022,0.6171
/camera/world/agv3_confidence,1789456647.078211,1789456647.078211,0.5951
/camera/world/agv1_confidence,1789456647.1041305,1789456647.1041305,0.6179
/camera/world/agv2_confidence,1789456647.1041536,1789456647.1041536,0.5291
/camera/world/agv3_confidence,1789456647.1041615,1789456647.1041615,0.5978
/camera/world/agv1_confidence,1789456647.1386347,1789456647.1386347,0.6193
/camera/world/agv2_confidence,1789456647.1388063,1789456647.1388063,0.594
/camera/world/agv3_confidence,1789456647.1390245,1789456647.1390245,0.591
/camera/world/agv1_confidence,1789456647.176157,1789456647.176157,0.6149
/camera/world/agv2_confidence,1789456647.1764565,1789456647.1764565,0.5992
/camera/world/agv3_confidence,1789456647.176483,1789456647.176483,0.5992
/camera/world/agv2_confidence,1789456647.2033129,1789456647.2033129,0.5666
/camera/world/agv3_confidence,1789456647.2035284,1789456647.2035284,0.5985
/camera/world/agv1_confidence,1789456647.203549,1789456647.203549,0.6157
/camera/world/agv1_confidence,1789456647.2407606,1789456647.2407606,0.6182
/camera/world/agv3_confidence,1789456647.2410336,1789456647.2410336,0.5996
/camera/world/agv2_confidence,1789456647.241044,1789456647.241044,0.5235
/camera/world/agv2_confidence,1789456647.2766764,1789456647.2766764,0.5965
/camera/world/agv1_confidence,1789456647.2767131,1789456647.2767131,0.6148
/camera/world/agv3_confidence,1789456647.2768667,1789456647.2768667,0.5818
/camera/world/agv1_confidence,1789456647.3020363,1789456647.3020363,0.614
/camera/world/agv3_confidence,1789456647.3022404,1789456647.3022404,0.5961
/camera/world/agv2_confidence,1789456647.3023448,1789456647.3023448,0.5454
/camera/world/agv2_confidence,1789456647.347059,1789456647.347059,0.5967
/camera/world/agv3_confidence,1789456647.3471189,1789456647.3471189,0.5834
/camera/world/agv1_confidence,1789456647.3472817,1789456647.3472817,0.6188
/camera/world/agv2_confidence,1789456647.3768015,1789456647.3768015,0.5892
/camera/world/agv1_confidence,1789456647.376807,1789456647.376807,0.608
/camera/world/agv3_confidence,1789456647.3769522,1789456647.3769522,0.5952
/camera/world/agv1_confidence,1789456647.4044123,1789456647.4044123,0.615
/camera/world/agv2_confidence,1789456647.4045663,1789456647.4045663,0.5927
/camera/world/agv3_confidence,1789456647.404699,1789456647.404699,0.6007
/camera/world/agv1_confidence,1789456647.4398332,1789456647.4398332,0.619
/camera/world/agv2_confidence,1789456647.4399216,1789456647.4399216,0.5986
/camera/world/agv3_confidence,1789456647.440037,1789456647.440037,0.6011
/camera/world/agv2_confidence,1789456647.4697535,1789456647.4697535,0.5932
/camera/world/agv3_confidence,1789456647.4698122,1789456647.4698122,0.6002
/camera/world/agv1_confidence,1789456647.4698262,1789456647.4698262,0.6086
/camera/world/agv1_confidence,1789456647.5016656,1789456647.5016656,0.6156
/camera/world/agv3_confidence,1789456647.501707,1789456647.501707,0.5959
/camera/world/agv2_confidence,1789456647.501712,1789456647.501712,0.5985
/camera/world/agv1_confidence,1789456647.5417795,1789456647.5417795,0.6185
/camera/world/agv2_confidence,1789456647.5419228,1789456647.5419228,0.5952
/camera/world/agv3_confidence,1789456647.5419755,1789456647.5419755,0.5835
/camera/world/agv2_confidence,1789456647.5723672,1789456647.5723672,0.5963
/camera/world/agv3_confidence,1789456647.5723789,1789456647.5723789,0.6053
/camera/world/agv1_confidence,1789456647.5723987,1789456647.5723987,0.6183
/camera/world/agv1_confidence,1789456647.6057324,1789456647.6057324,0.6197
/camera/world/agv2_confidence,1789456647.6057503,1789456647.6057503,0.5977
/camera/world/agv3_confidence,1789456647.6060412,1789456647.6060412,0.6007
/camera/world/agv2_confidence,1789456647.6398456,1789456647.6398456,0.5463
/camera/world/agv1_confidence,1789456647.6399686,1789456647.6399686,0.6177
/camera/world/agv3_confidence,1789456647.6400867,1789456647.6400867,0.6057
/camera/world/agv1_confidence,1789456647.672042,1789456647.672042,0.6175
/camera/world/agv2_confidence,1789456647.6720583,1789456647.6720583,0.5983
/camera/world/agv3_confidence,1789456647.672203,1789456647.672203,0.6001
/camera/world/agv3_confidence,1789456647.7026038,1789456647.7026038,0.5971
/camera/world/agv2_confidence,1789456647.7026987,1789456647.7026987,0.5957
/camera/world/agv1_confidence,1789456647.7027204,1789456647.7027204,0.616
/camera/world/agv1_confidence,1789456647.7389271,1789456647.7389271,0.6204
/camera/world/agv2_confidence,1789456647.7390058,1789456647.7390058,0.6009
/camera/world/agv3_confidence,1789456647.7390294,1789456647.7390294,0.5832
/camera/world/agv2_confidence,1789456647.7660348,1789456647.7660348,0.5953
/camera/world/agv1_confidence,1789456647.7660775,1789456647.7660775,0.6198
/camera/world/agv3_confidence,1789456647.7661798,1789456647.7661798,0.5962
/camera/world/agv1_confidence,1789456647.8076544,1789456647.8076544,0.6162
/camera/world/agv3_confidence,1789456647.807818,1789456647.807818,0.6052
/camera/world/agv2_confidence,1789456647.8078184,1789456647.8078184,0.6009
/camera/world/agv1_confidence,1789456647.8361971,1789456647.8361971,0.6165
/camera/world/agv2_confidence,1789456647.8363855,1789456647.8363855,0.5983
/camera/world/agv3_confidence,1789456647.8365057,1789456647.8365057,0.5979
/camera/world/agv1_confidence,1789456647.8665297,1789456647.8665297,0.621
/camera/world/agv2_confidence,1789456647.866642,1789456647.866642,0.6008
/camera/world/agv3_confidence,1789456647.8668635,1789456647.8668635,0.5816
/camera/world/agv1_confidence,1789456647.9073434,1789456647.9073434,0.6174
/camera/world/agv2_confidence,1789456647.907382,1789456647.907382,0.581
/camera/world/agv3_confidence,1789456647.9077423,1789456647.9077423,0.6049
/camera/world/agv2_confidence,1789456647.9403934,1789456647.9403934,0.6004
/camera/world/agv3_confidence,1789456647.9405234,1789456647.9405234,0.5311
/camera/world/agv1_confidence,1789456647.9406908,1789456647.9406908,0.6196
/camera/world/agv2_confidence,1789456647.9689353,1789456647.9689353,0.5966
/camera/world/agv1_confidence,1789456647.9690692,1789456647.9690692,0.6211
/camera/world/agv3_confidence,1789456647.9690912,1789456647.9690912,0.5523
/camera/world/agv1_confidence,1789456648.0108943,1789456648.0108943,0.6164
/camera/world/agv2_confidence,1789456648.0109289,1789456648.0109289,0.6001
/camera/world/agv3_confidence,1789456648.0110893,1789456648.0110893,0.5801
/camera/world/agv1_confidence,1789456648.047266,1789456648.047266,0.6181
/camera/world/agv3_confidence,1789456648.0474634,1789456648.0474634,0.5448
/camera/world/agv2_confidence,1789456648.0474873,1789456648.0474873,0.5851
/camera/world/agv1_confidence,1789456648.0724628,1789456648.0724628,0.62
/camera/world/agv2_confidence,1789456648.072621,1789456648.072621,0.6017
/camera/world/agv3_confidence,1789456648.0727146,1789456648.0727146,0.5999
/camera/world/agv3_confidence,1789456648.1033614,1789456648.1033614,0.6027
/camera/world/agv1_confidence,1789456648.103362,1789456648.103362,0.6195
/camera/world/agv2_confidence,1789456648.1035287,1789456648.1035287,0.5808
/camera/world/agv1_confidence,1789456648.138201,1789456648.138201,0.6179
/camera/world/agv2_confidence,1789456648.1383255,1789456648.1383255,0.6022
/camera/world/agv3_confidence,1789456648.138455,1789456648.138455,0.6038
/camera/world/agv2_confidence,1789456648.1719246,1789456648.1719246,0.6026
/camera/world/agv1_confidence,1789456648.1719751,1789456648.1719751,0.6185
/camera/world/agv3_confidence,1789456648.1721008,1789456648.1721008,0.6039
/camera/world/agv1_confidence,1789456648.203791,1789456648.203791,0.6188
/camera/world/agv3_confidence,1789456648.2038858,1789456648.2038858,0.563
/camera/world/agv2_confidence,1789456648.2039742,1789456648.2039742,0.5753
/camera/world/agv1_confidence,1789456648.2372508,1789456648.2372508,0.6165
/camera/world/agv2_confidence,1789456648.2373636,1789456648.2373636,0.6012
/camera/world/agv3_confidence,1789456648.2374215,1789456648.2374215,0.607
/camera/world/agv1_confidence,1789456648.276067,1789456648.276067,0.6193
/camera/world/agv3_confidence,1789456648.276218,1789456648.276218,0.6032
/camera/world/agv2_confidence,1789456648.2763436,1789456648.2763436,0.5594
/camera/world/agv1_confidence,1789456648.3086917,1789456648.3086917,0.6205
/camera/world/agv3_confidence,1789456648.308832,1789456648.308832,0.6003
/camera/world/agv2_confidence,1789456648.3088517,1789456648.3088517,0.6026
/camera/world/agv1_confidence,1789456648.3367155,1789456648.3367155,0.6173
/camera/world/agv2_confidence,1789456648.3368642,1789456648.3368642,0.5366
/camera/world/agv3_confidence,1789456648.3368976,1789456648.3368976,0.5717
/camera/world/agv1_confidence,1789456648.373544,1789456648.373544,0.618
/camera/world/agv3_confidence,1789456648.3735616,1789456648.3735616,0.5628
/camera/world/agv2_confidence,1789456648.3735895,1789456648.3735895,0.6042
/camera/world/agv1_confidence,1789456648.4351854,1789456648.4351854,0.6211
/camera/world/agv2_confidence,1789456648.435292,1789456648.435292,0.606
/camera/world/agv3_confidence,1789456648.4354606,1789456648.4354606,0.6
/camera/world/agv1_confidence,1789456648.4382477,1789456648.4382477,0.6187
/camera/world/agv2_confidence,1789456648.4385316,1789456648.4385316,0.6036
/camera/world/agv3_confidence,1789456648.438589,1789456648.438589,0.6017
/camera/world/agv3_confidence,1789456648.4705377,1789456648.4705377,0.603
/camera/world/agv1_confidence,1789456648.4705958,1789456648.4705958,0.619
/camera/world/agv2_confidence,1789456648.470609,1789456648.470609,0.6046
/camera/world/agv2_confidence,1789456648.5067596,1789456648.5067596,0.6024
/camera/world/agv1_confidence,1789456648.50693,1789456648.50693,0.619
/camera/world/agv3_confidence,1789456648.506958,1789456648.506958,0.6004
/camera/world/agv1_confidence,1789456648.5360963,1789456648.5360963,0.6176
/camera/world/agv2_confidence,1789456648.5361633,1789456648.5361633,0.6013
/camera/world/agv3_confidence,1789456648.5364647,1789456648.5364647,0.6048
/camera/world/agv1_confidence,1789456648.5662122,1789456648.5662122,0.6209
/camera/world/agv2_confidence,1789456648.5662203,1789456648.5662203,0.6052
/camera/world/agv3_confidence,1789456648.5664184,1789456648.5664184,0.6046
/camera/world/agv2_confidence,1789456648.6044102,1789456648.6044102,0.5822
/camera/world/agv1_confidence,1789456648.604543,1789456648.604543,0.6169
/camera/world/agv3_confidence,1789456648.6046655,1789456648.6046655,0.6022
/camera/world/agv2_confidence,1789456648.6398492,1789456648.6398492,0.606
/camera/world/agv1_confidence,1789456648.6399534,1789456648.6399534,0.6186
/camera/world/agv3_confidence,1789456648.639999,1789456648.639999,0.5791
/camera/world/agv1_confidence,1789456648.6672611,1789456648.6672611,0.6183
/camera/world/agv3_confidence,1789456648.667288,1789456648.667288,0.603
/camera/world/agv2_confidence,1789456648.6672912,1789456648.6672912,0.6045
/camera/world/agv3_confidence,1789456648.7067575,1789456648.7067575,0.6035
/camera/world/agv1_confidence,1789456648.7068708,1789456648.7068708,0.6199
/camera/world/agv2_confidence,1789456648.7068913,1789456648.7068913,0.5799
/camera/world/agv2_confidence,1789456648.7393034,1789456648.7393034,0.6055
/camera/world/agv1_confidence,1789456648.7393868,1789456648.7393868,0.6181
/camera/world/agv3_confidence,1789456648.7394876,1789456648.7394876,0.6041
/camera/world/agv1_confidence,1789456648.7699516,1789456648.7699516,0.6183
/camera/world/agv2_confidence,1789456648.7700262,1789456648.7700262,0.6045
/camera/world/agv3_confidence,1789456648.7700999,1789456648.7700999,0.6048
/camera/world/agv1_confidence,1789456648.8001752,1789456648.8001752,0.6165
/camera/world/agv2_confidence,1789456648.8002121,1789456648.8002121,0.6036
/camera/world/agv3_confidence,1789456648.800228,1789456648.800228,0.6023
/camera/world/agv2_confidence,1789456648.8383293,1789456648.8383293,0.6043
/camera/world/agv1_confidence,1789456648.8383343,1789456648.8383343,0.6198
/camera/world/agv3_confidence,1789456648.8383706,1789456648.8383706,0.6058
/camera/world/agv2_confidence,1789456648.8682008,1789456648.8682008,0.6032
/camera/world/agv3_confidence,1789456648.8682055,1789456648.8682055,0.607
/camera/world/agv1_confidence,1789456648.8683596,1789456648.8683596,0.618
/camera/world/agv3_confidence,1789456648.9118173,1789456648.9118173,0.5713
/camera/world/agv2_confidence,1789456648.9118946,1789456648.9118946,0.5567
/camera/world/agv1_confidence,1789456648.9119391,1789456648.9119391,0.6216
/camera/world/agv1_confidence,1789456648.9317348,1789456648.9317348,0.621
/camera/world/agv3_confidence,1789456648.931875,1789456648.931875,0.5996
/camera/world/agv2_confidence,1789456648.9318867,1789456648.9318867,0.5997
/camera/world/agv2_confidence,1789456648.9695263,1789456648.9695263,0.6056
/camera/world/agv1_confidence,1789456648.9696183,1789456648.9696183,0.618
/camera/world/agv3_confidence,1789456648.9696264,1789456648.9696264,0.6015
/camera/world/agv1_confidence,1789456649.003148,1789456649.003148,0.6198
/camera/world/agv2_confidence,1789456649.0031896,1789456649.0031896,0.5873
/camera/world/agv3_confidence,1789456649.0033696,1789456649.0033696,0.6043
/camera/world/agv2_confidence,1789456649.0342941,1789456649.0342941,0.6047
/camera/world/agv1_confidence,1789456649.0343075,1789456649.0343075,0.6192
/camera/world/agv3_confidence,1789456649.0344632,1789456649.0344632,0.6054
/camera/world/agv2_confidence,1789456649.0690436,1789456649.0690436,0.6065
/camera/world/agv1_confidence,1789456649.0691266,1789456649.0691266,0.6205
/camera/world/agv3_confidence,1789456649.0691907,1789456649.0691907,0.6082
/camera/world/agv2_confidence,1789456649.099356,1789456649.099356,0.6068
/camera/world/agv3_confidence,1789456649.099564,1789456649.099564,0.6039
/camera/world/agv1_confidence,1789456649.0995684,1789456649.0995684,0.6175
/camera/world/agv3_confidence,1789456649.1383305,1789456649.1383305,0.6075
/camera/world/agv1_confidence,1789456649.1383462,1789456649.1383462,0.6202
/camera/world/agv2_confidence,1789456649.1383483,1789456649.1383483,0.6056
/camera/world/agv3_confidence,1789456649.1696556,1789456649.1696556,0.6026
/camera/world/agv2_confidence,1789456649.1696694,1789456649.1696694,0.5952
/camera/world/agv1_confidence,1789456649.169738,1789456649.169738,0.6198
/camera/world/agv1_confidence,1789456649.2079222,1789456649.2079222,0.6191
/camera/world/agv3_confidence,1789456649.2079556,1789456649.2079556,0.6056
/camera/world/agv2_confidence,1789456649.208029,1789456649.208029,0.6067
/camera/world/agv1_confidence,1789456649.2400305,1789456649.2400305,0.6192
/camera/world/agv2_confidence,1789456649.2400482,1789456649.2400482,0.6062
/camera/world/agv3_confidence,1789456649.2402995,1789456649.2402995,0.6059
/camera/world/agv1_confidence,1789456649.2739105,1789456649.2739105,0.6192
/camera/world/agv2_confidence,1789456649.2739418,1789456649.2739418,0.6062
/camera/world/agv3_confidence,1789456649.2741315,1789456649.2741315,0.6094
/camera/world/agv1_confidence,1789456649.3106265,1789456649.3106265,0.6174
/camera/world/agv3_confidence,1789456649.3106673,1789456649.3106673,0.5581
/camera/world/agv2_confidence,1789456649.3107486,1789456649.3107486,0.606
/camera/world/agv1_confidence,1789456649.3451538,1789456649.3451538,0.6185
/camera/world/agv2_confidence,1789456649.3451576,1789456649.3451576,0.6059
/camera/world/agv3_confidence,1789456649.3453119,1789456649.3453119,0.5846
/camera/world/agv1_confidence,1789456649.3696651,1789456649.3696651,0.6178
/camera/world/agv3_confidence,1789456649.3697188,1789456649.3697188,0.605
/camera/world/agv2_confidence,1789456649.3697224,1789456649.3697224,0.6049
/camera/world/agv2_confidence,1789456649.4072845,1789456649.4072845,0.6062
/camera/world/agv1_confidence,1789456649.4073598,1789456649.4073598,0.6182
/camera/world/agv3_confidence,1789456649.4073644,1789456649.4073644,0.61
/camera/world/agv3_confidence,1789456649.4457438,1789456649.4457438,0.6103
/camera/world/agv1_confidence,1789456649.4457479,1789456649.4457479,0.6178
/camera/world/agv2_confidence,1789456649.4459417,1789456649.4459417,0.6082
/camera/world/agv1_confidence,1789456649.474857,1789456649.474857,0.6213
/camera/world/agv3_confidence,1789456649.4748738,1789456649.4748738,0.6071
/camera/world/agv2_confidence,1789456649.4749072,1789456649.4749072,0.605
/camera/world/agv1_confidence,1789456649.501774,1789456649.501774,0.6175
/camera/world/agv3_confidence,1789456649.5017848,1789456649.5017848,0.61
/camera/world/agv2_confidence,1789456649.501805,1789456649.501805,0.606
/camera/world/agv1_confidence,1789456649.5466192,1789456649.5466192,0.6172
/camera/world/agv3_confidence,1789456649.546638,1789456649.546638,0.6097
/camera/world/agv2_confidence,1789456649.5466561,1789456649.5466561,0.6097
/camera/world/agv2_confidence,1789456649.5682254,1789456649.5682254,0.5589
/camera/world/agv1_confidence,1789456649.5683827,1789456649.5683827,0.6197
/camera/world/agv3_confidence,1789456649.568399,1789456649.568399,0.6083
/camera/world/agv1_confidence,1789456649.606188,1789456649.606188,0.6193
/camera/world/agv2_confidence,1789456649.6063597,1789456649.6063597,0.5881
/camera/world/agv3_confidence,1789456649.6064098,1789456649.6064098,0.6062
/camera/world/agv1_confidence,1789456649.6358554,1789456649.6358554,0.6185
/camera/world/agv2_confidence,1789456649.63588,1789456649.63588,0.5981
/camera/world/agv3_confidence,1789456649.6359305,1789456649.6359305,0.6076
/camera/world/agv2_confidence,1789456649.6646383,1789456649.6646383,0.6088
/camera/world/agv3_confidence,1789456649.6647954,1789456649.6647954,0.5897
/camera/world/agv1_confidence,1789456649.6647987,1789456649.6647987,0.619
/camera/world/agv1_confidence,1789456649.7023637,1789456649.7023637,0.6188
/camera/world/agv3_confidence,1789456649.7028883,1789456649.7028883,0.6076
/camera/world/agv2_confidence,1789456649.702903,1789456649.702903,0.606
/camera/world/agv2_confidence,1789456649.7407448,1789456649.7407448,0.6032
/camera/world/agv1_confidence,1789456649.7407682,1789456649.7407682,0.6176
/camera/world/agv3_confidence,1789456649.740979,1789456649.740979,0.6086
/camera/world/agv2_confidence,1789456649.7730026,1789456649.7730026,0.5854
/camera/world/agv1_confidence,1789456649.773006,1789456649.773006,0.6187
/camera/world/agv3_confidence,1789456649.7731707,1789456649.7731707,0.6076
/camera/world/agv1_confidence,1789456649.8039877,1789456649.8039877,0.6183
/camera/world/agv3_confidence,1789456649.8039978,1789456649.8039978,0.6093
/camera/world/agv2_confidence,1789456649.8040466,1789456649.8040466,0.5978
/camera/world/agv2_confidence,1789456649.8334723,1789456649.8334723,0.6092
/camera/world/agv1_confidence,1789456649.8335047,1789456649.8335047,0.6164
/camera/world/agv3_confidence,1789456649.833668,1789456649.833668,0.5815
/camera/world/agv1_confidence,1789456649.8795187,1789456649.8795187,0.6184
/camera/world/agv3_confidence,1789456649.8796666,1789456649.8796666,0.6091
/camera/world/agv2_confidence,1789456649.8797317,1789456649.8797317,0.6102
/camera/world/agv3_confidence,1789456649.9075031,1789456649.9075031,0.6108
/camera/world/agv2_confidence,1789456649.907589,1789456649.907589,0.6073
/camera/world/agv1_confidence,1789456649.9076264,1789456649.9076264,0.6185
/camera/world/agv1_confidence,1789456649.9409523,1789456649.9409523,0.6188
/camera/world/agv3_confidence,1789456649.9409583,1789456649.9409583,0.6069
/camera/world/agv2_confidence,1789456649.9412346,1789456649.9412346,0.609
/camera/world/agv1_confidence,1789456649.9681132,1789456649.9681132,0.6195
/camera/world/agv3_confidence,1789456649.9682815,1789456649.9682815,0.6089
/camera/world/agv2_confidence,1789456649.9682825,1789456649.9682825,0.6085
/camera/world/agv1_confidence,1789456650.0093312,1789456650.0093312,0.617
/camera/world/agv3_confidence,1789456650.0093715,1789456650.0093715,0.6104
/camera/world/agv2_confidence,1789456650.0094109,1789456650.0094109,0.6073
/camera/world/agv1_confidence,1789456650.0392249,1789456650.0392249,0.6187
/camera/world/agv3_confidence,1789456650.039399,1789456650.039399,0.612
/camera/world/agv2_confidence,1789456650.039403,1789456650.039403,0.6066
/camera/world/agv1_confidence,1789456650.071262,1789456650.071262,0.6177
/camera/world/agv3_confidence,1789456650.0714073,1789456650.0714073,0.6106
/camera/world/agv2_confidence,1789456650.071422,1789456650.071422,0.587
/camera/world/agv2_confidence,1789456650.1036599,1789456650.1036599,0.6113
/camera/world/agv1_confidence,1789456650.1036642,1789456650.1036642,0.6154
/camera/world/agv3_confidence,1789456650.1038544,1789456650.1038544,0.6076
/camera/world/agv1_confidence,1789456650.1434758,1789456650.1434758,0.6185
/camera/world/agv2_confidence,1789456650.1434822,1789456650.1434822,0.6112
/camera/world/agv3_confidence,1789456650.1435463,1789456650.1435463,0.6117
/camera/world/agv1_confidence,1789456650.1731806,1789456650.1731806,0.6193
/camera/world/agv3_confidence,1789456650.1732063,1789456650.1732063,0.5789
/camera/world/agv2_confidence,1789456650.1732132,1789456650.1732132,0.5942
/camera/world/agv3_confidence,1789456650.2008028,1789456650.2008028,0.6096
/camera/world/agv2_confidence,1789456650.2008305,1789456650.2008305,0.6086
/camera/world/agv1_confidence,1789456650.2008476,1789456650.2008476,0.6173
/camera/world/agv1_confidence,1789456650.2403138,1789456650.2403138,0.6178
/camera/world/agv3_confidence,1789456650.240454,1789456650.240454,0.6099
/camera/world/agv2_confidence,1789456650.2404714,1789456650.2404714,0.6088
/camera/world/agv1_confidence,1789456650.2766652,1789456650.2766652,0.6176
/camera/world/agv3_confidence,1789456650.2766757,1789456650.2766757,0.6095
/camera/world/agv2_confidence,1789456650.2767344,1789456650.2767344,0.5959
/camera/world/agv1_confidence,1789456650.3071404,1789456650.3071404,0.6173
/camera/world/agv2_confidence,1789456650.30722,1789456650.30722,0.608
/camera/world/agv3_confidence,1789456650.3072379,1789456650.3072379,0.5841
/camera/world/agv1_confidence,1789456650.337244,1789456650.337244,0.6182
/camera/world/agv3_confidence,1789456650.3372865,1789456650.3372865,0.6091
/camera/world/agv2_confidence,1789456650.337294,1789456650.337294,0.6073
/camera/world/agv1_confidence,1789456650.3723712,1789456650.3723712,0.6176
/camera/world/agv2_confidence,1789456650.3724816,1789456650.3724816,0.6092
/camera/world/agv3_confidence,1789456650.3725612,1789456650.3725612,0.6085
/camera/world/agv1_confidence,1789456650.4082737,1789456650.4082737,0.6186
/camera/world/agv2_confidence,1789456650.408534,1789456650.408534,0.6089
/camera/world/agv3_confidence,1789456650.4086964,1789456650.4086964,0.5941
/camera/world/agv1_confidence,1789456650.4367485,1789456650.4367485,0.6183
/camera/world/agv2_confidence,1789456650.436795,1789456650.436795,0.5863
/camera/world/agv3_confidence,1789456650.4368348,1789456650.4368348,0.6097
/camera/world/agv2_confidence,1789456650.479173,1789456650.479173,0.5233
/camera/world/agv1_confidence,1789456650.4792156,1789456650.4792156,0.6184
/camera/world/agv3_confidence,1789456650.4794168,1789456650.4794168,0.6092
/camera/world/agv2_confidence,1789456650.5040734,1789456650.5040734,0.6057
/camera/world/agv1_confidence,1789456650.5040998,1789456650.5040998,0.6183
/camera/world/agv3_confidence,1789456650.5042467,1789456650.5042467,0.5828
/camera/world/agv2_confidence,1789456650.5347595,1789456650.5347595,0.6084
/camera/world/agv3_confidence,1789456650.5348284,1789456650.5348284,0.6108
/camera/world/agv1_confidence,1789456650.5349615,1789456650.5349615,0.6171
/camera/world/agv1_confidence,1789456650.5764818,1789456650.5764818,0.619
/camera/world/agv2_confidence,1789456650.5765479,1789456650.5765479,0.6103
/camera/world/agv3_confidence,1789456650.5765502,1789456650.5765502,0.6134
/camera/world/agv1_confidence,1789456650.607025,1789456650.607025,0.6177
/camera/world/agv3_confidence,1789456650.6070478,1789456650.6070478,0.6116
/camera/world/agv2_confidence,1789456650.6070573,1789456650.6070573,0.5907
/camera/world/agv1_confidence,1789456650.6363819,1789456650.6363819,0.6165
/camera/world/agv2_confidence,1789456650.636683,1789456650.636683,0.6083
/camera/world/agv3_confidence,1789456650.6366956,1789456650.6366956,0.6119
/camera/world/agv2_confidence,1789456650.6728575,1789456650.6728575,0.6067
/camera/world/agv3_confidence,1789456650.672911,1789456650.672911,0.6079
/camera/world/agv1_confidence,1789456650.6730962,1789456650.6730962,0.618
/camera/world/agv1_confidence,1789456650.6995528,1789456650.6995528,0.6172
/camera/world/agv2_confidence,1789456650.6995723,1789456650.6995723,0.6083
/camera/world/agv3_confidence,1789456650.6998444,1789456650.6998444,0.6128
/camera/world/agv1_confidence,1789456650.7440798,1789456650.7440798,0.616
/camera/world/agv2_confidence,1789456650.7444196,1789456650.7444196,0.6085
/camera/world/agv3_confidence,1789456650.7445524,1789456650.7445524,0.6092
/camera/world/agv1_confidence,1789456650.7747898,1789456650.7747898,0.6161
/camera/world/agv2_confidence,1789456650.7749462,1789456650.7749462,0.6096
/camera/world/agv3_confidence,1789456650.7750804,1789456650.7750804,0.6109
/camera/world/agv1_confidence,1789456650.8000205,1789456650.8000205,0.6176
/camera/world/agv3_confidence,1789456650.8001637,1789456650.8001637,0.6119
/camera/world/agv2_confidence,1789456650.8002067,1789456650.8002067,0.608
/camera/world/agv2_confidence,1789456650.8368526,1789456650.8368526,0.6025
/camera/world/agv1_confidence,1789456650.836866,1789456650.836866,0.6192
/camera/world/agv3_confidence,1789456650.8370266,1789456650.8370266,0.6096
/camera/world/agv1_confidence,1789456650.867792,1789456650.867792,0.6186
/camera/world/agv2_confidence,1789456650.8678236,1789456650.8678236,0.608
/camera/world/agv3_confidence,1789456650.867862,1789456650.867862,0.6098
/camera/world/agv3_confidence,1789456650.9076815,1789456650.9076815,0.6079
/camera/world/agv2_confidence,1789456650.9076862,1789456650.9076862,0.6051
/camera/world/agv1_confidence,1789456650.9076943,1789456650.9076943,0.6158
/camera/world/agv2_confidence,1789456650.939478,1789456650.939478,0.5984
/camera/world/agv1_confidence,1789456650.9394832,1789456650.9394832,0.6147
/camera/world/agv3_confidence,1789456650.9397502,1789456650.9397502,0.6152
/camera/world/agv1_confidence,1789456650.9675865,1789456650.9675865,0.614
/camera/world/agv2_confidence,1789456650.9676037,1789456650.9676037,0.6086
/camera/world/agv3_confidence,1789456650.9677873,1789456650.9677873,0.6108
/camera/world/agv1_confidence,1789456651.0069096,1789456651.0069096,0.6156
/camera/world/agv3_confidence,1789456651.0071537,1789456651.0071537,0.6117
/camera/world/agv2_confidence,1789456651.0072117,1789456651.0072117,0.6082
/camera/world/agv2_confidence,1789456651.036237,1789456651.036237,0.6061
/camera/world/agv1_confidence,1789456651.036321,1789456651.036321,0.6166
/camera/world/agv3_confidence,1789456651.0363617,1789456651.0363617,0.6091
/camera/world/agv2_confidence,1789456651.070022,1789456651.070022,0.5862
/camera/world/agv1_confidence,1789456651.0701249,1789456651.0701249,0.618
/camera/world/agv3_confidence,1789456651.0704167,1789456651.0704167,0.608
/camera/world/agv1_confidence,1789456651.1005979,1789456651.1005979,0.62
/camera/world/agv2_confidence,1789456651.1006055,1789456651.1006055,0.6082
/camera/world/agv3_confidence,1789456651.1008258,1789456651.1008258,0.6104
/camera/world/agv2_confidence,1789456651.1398373,1789456651.1398373,0.6088
/camera/world/agv1_confidence,1789456651.1399355,1789456651.1399355,0.618
/camera/world/agv3_confidence,1789456651.1402278,1789456651.1402278,0.6128
/camera/world/agv1_confidence,1789456651.1674392,1789456651.1674392,0.6191
/camera/world/agv2_confidence,1789456651.1674592,1789456651.1674592,0.6113
/camera/world/agv3_confidence,1789456651.1676698,1789456651.1676698,0.6103
/camera/world/agv2_confidence,1789456651.205725,1789456651.205725,0.6101
/camera/world/agv1_confidence,1789456651.2057993,1789456651.2057993,0.6177
/camera/world/agv3_confidence,1789456651.20583,1789456651.20583,0.6129
/camera/world/agv2_confidence,1789456651.2412345,1789456651.2412345,0.61
/camera/world/agv3_confidence,1789456651.241244,1789456651.241244,0.6128
/camera/world/agv1_confidence,1789456651.2413337,1789456651.2413337,0.6157
/camera/world/agv2_confidence,1789456651.2698848,1789456651.2698848,0.6089
/camera/world/agv1_confidence,1789456651.2698905,1789456651.2698905,0.6152
/camera/world/agv3_confidence,1789456651.2700012,1789456651.2700012,0.6113
/camera/world/agv1_confidence,1789456651.3034136,1789456651.3034136,0.6182
/camera/world/agv3_confidence,1789456651.3034396,1789456651.3034396,0.6102
/camera/world/agv2_confidence,1789456651.3034663,1789456651.3034663,0.6094
/camera/world/agv2_confidence,1789456651.339924,1789456651.339924,0.5376
/camera/world/agv1_confidence,1789456651.3399405,1789456651.3399405,0.6203
/camera/world/agv3_confidence,1789456651.340142,1789456651.340142,0.6101
/camera/world/agv2_confidence,1789456651.3748746,1789456651.3748746,0.5869
/camera/world/agv1_confidence,1789456651.374881,1789456651.374881,0.6186
/camera/world/agv3_confidence,1789456651.3750656,1789456651.3750656,0.6152
/camera/world/agv1_confidence,1789456651.4058893,1789456651.4058893,0.6175
/camera/world/agv2_confidence,1789456651.405993,1789456651.405993,0.6122
/camera/world/agv3_confidence,1789456651.406156,1789456651.406156,0.6115
/camera/world/agv1_confidence,1789456651.440554,1789456651.440554,0.6183
/camera/world/agv3_confidence,1789456651.440568,1789456651.440568,0.6093
/camera/world/agv2_confidence,1789456651.4405708,1789456651.4405708,0.5959
/camera/world/agv1_confidence,1789456651.4692988,1789456651.4692988,0.6183
/camera/world/agv3_confidence,1789456651.4696178,1789456651.4696178,0.6115
/camera/world/agv2_confidence,1789456651.4696295,1789456651.4696295,0.6102
/camera/world/agv1_confidence,1789456651.5113096,1789456651.5113096,0.6185
/camera/world/agv3_confidence,1789456651.5113318,1789456651.5113318,0.6147
/camera/world/agv2_confidence,1789456651.5113564,1789456651.5113564,0.6078
/camera/world/agv2_confidence,1789456651.542007,1789456651.542007,0.609
/camera/world/agv1_confidence,1789456651.5420117,1789456651.5420117,0.6172
/camera/world/agv3_confidence,1789456651.5422318,1789456651.5422318,0.6065
/camera/world/agv2_confidence,1789456651.5722804,1789456651.5722804,0.6089
/camera/world/agv1_confidence,1789456651.5722842,1789456651.5722842,0.6171
/camera/world/agv3_confidence,1789456651.5723658,1789456651.5723658,0.6117
/camera/world/agv1_confidence,1789456651.6028738,1789456651.6028738,0.6177
/camera/world/agv3_confidence,1789456651.6028829,1789456651.6028829,0.6087
/camera/world/agv2_confidence,1789456651.6029391,1789456651.6029391,0.6095
/camera/world/agv1_confidence,1789456651.635234,1789456651.635234,0.6172
/camera/world/agv2_confidence,1789456651.6353328,1789456651.6353328,0.6082
/camera/world/agv3_confidence,1789456651.635431,1789456651.635431,0.6083
/camera/world/agv1_confidence,1789456651.677243,1789456651.677243,0.6175
/camera/world/agv3_confidence,1789456651.6772873,1789456651.6772873,0.61
/camera/world/agv2_confidence,1789456651.6772952,1789456651.6772952,0.6111
/camera/world/agv1_confidence,1789456651.7022574,1789456651.7022574,0.6178
/camera/world/agv3_confidence,1789456651.7022703,1789456651.7022703,0.5855
/camera/world/agv2_confidence,1789456651.7022831,1789456651.7022831,0.6059
/camera/world/agv1_confidence,1789456651.7325845,1789456651.7325845,0.6177
/camera/world/agv2_confidence,1789456651.7326636,1789456651.7326636,0.6125
/camera/world/agv3_confidence,1789456651.732834,1789456651.732834,0.6109
/camera/world/agv1_confidence,1789456651.7706964,1789456651.7706964,0.6187
/camera/world/agv3_confidence,1789456651.771011,1789456651.771011,0.615
/camera/world/agv2_confidence,1789456651.771041,1789456651.771041,0.6108
/camera/world/agv1_confidence,1789456651.805027,1789456651.805027,0.6178
/camera/world/agv3_confidence,1789456651.8052766,1789456651.8052766,0.6112
/camera/world/agv2_confidence,1789456651.805294,1789456651.805294,0.6125
/camera/world/agv1_confidence,1789456651.8336632,1789456651.8336632,0.6168
/camera/world/agv2_confidence,1789456651.8337011,1789456651.8337011,0.6092
/camera/world/agv3_confidence,1789456651.8338647,1789456651.8338647,0.61
/camera/world/agv1_confidence,1789456651.8729877,1789456651.8729877,0.618
/camera/world/agv2_confidence,1789456651.8732374,1789456651.8732374,0.611
/camera/world/agv3_confidence,1789456651.87325,1789456651.87325,0.6138
/camera/world/agv1_confidence,1789456651.906651,1789456651.906651,0.6185
/camera/world/agv3_confidence,1789456651.90666,1789456651.90666,0.6135
/camera/world/agv2_confidence,1789456651.9066803,1789456651.9066803,0.6052
/camera/world/agv2_confidence,1789456651.937917,1789456651.937917,0.6037
/camera/world/agv3_confidence,1789456651.9379964,1789456651.9379964,0.6139
/camera/world/agv1_confidence,1789456651.9380233,1789456651.9380233,0.6182
/camera/world/agv1_confidence,1789456651.9733958,1789456651.9733958,0.6162
/camera/world/agv3_confidence,1789456651.973563,1789456651.973563,0.6095
/camera/world/agv2_confidence,1789456651.973566,1789456651.973566,0.6105
/camera/world/agv1_confidence,1789456652.0031593,1789456652.0031593,0.6176
/camera/world/agv2_confidence,1789456652.0033543,1789456652.0033543,0.6119
/camera/world/agv3_confidence,1789456652.0034719,1789456652.0034719,0.6134
/camera/world/agv1_confidence,1789456652.0397594,1789456652.0397594,0.6171
/camera/world/agv3_confidence,1789456652.0399804,1789456652.0399804,0.614
/camera/world/agv2_confidence,1789456652.0400493,1789456652.0400493,0.6132
/camera/world/agv1_confidence,1789456652.0696983,1789456652.0696983,0.6178
/camera/world/agv3_confidence,1789456652.0699055,1789456652.0699055,0.6143
/camera/world/agv2_confidence,1789456652.0699563,1789456652.0699563,0.5862
/camera/world/agv2_confidence,1789456652.101484,1789456652.101484,0.6095
/camera/world/agv1_confidence,1789456652.101512,1789456652.101512,0.6182
/camera/world/agv3_confidence,1789456652.101662,1789456652.101662,0.6092
/camera/world/agv1_confidence,1789456652.1444767,1789456652.1444767,0.6172
/camera/world/agv3_confidence,1789456652.1447423,1789456652.1447423,0.6097
/camera/world/agv2_confidence,1789456652.1447542,1789456652.1447542,0.5821
/camera/world/agv1_confidence,1789456652.178478,1789456652.178478,0.618
/camera/world/agv2_confidence,1789456652.1785498,1789456652.1785498,0.6078
/camera/world/agv3_confidence,1789456652.1787367,1789456652.1787367,0.6161
/camera/world/agv1_confidence,1789456652.2148247,1789456652.2148247,0.6161
/camera/world/agv2_confidence,1789456652.2148745,1789456652.2148745,0.61
/camera/world/agv3_confidence,1789456652.2152205,1789456652.2152205,0.6103
/camera/world/agv1_confidence,1789456652.2335048,1789456652.2335048,0.6171
/camera/world/agv3_confidence,1789456652.2337313,1789456652.2337313,0.6137
/camera/world/agv2_confidence,1789456652.2337625,1789456652.2337625,0.6119
/camera/world/agv1_confidence,1789456652.2736373,1789456652.2736373,0.6161
/camera/world/agv2_confidence,1789456652.273648,1789456652.273648,0.6099
/camera/world/agv3_confidence,1789456652.2737398,1789456652.2737398,0.6124
/camera/world/agv2_confidence,1789456652.3160243,1789456652.3160243,0.6103
/camera/world/agv3_confidence,1789456652.31609,1789456652.31609,0.6127
/camera/world/agv1_confidence,1789456652.31625,1789456652.31625,0.6173
/camera/world/agv1_confidence,1789456652.3403156,1789456652.3403156,0.6168
/camera/world/agv2_confidence,1789456652.3404303,1789456652.3404303,0.6074
/camera/world/agv3_confidence,1789456652.340583,1789456652.340583,0.6132
/camera/world/agv1_confidence,1789456652.3779428,1789456652.3779428,0.6168
/camera/world/agv2_confidence,1789456652.3780243,1789456652.3780243,0.608
/camera/world/agv3_confidence,1789456652.378027,1789456652.378027,0.6102
/camera/world/agv2_confidence,1789456652.4520552,1789456652.4520552,0.6117
/camera/world/agv1_confidence,1789456652.4521239,1789456652.4521239,0.6168
/camera/world/agv3_confidence,1789456652.4521332,1789456652.4521332,0.6156
/camera/world/agv1_confidence,1789456652.4524863,1789456652.4524863,0.6182
/camera/world/agv3_confidence,1789456652.45269,1789456652.45269,0.6131
/camera/world/agv2_confidence,1789456652.452732,1789456652.452732,0.6134
/camera/world/agv3_confidence,1789456652.4701662,1789456652.4701662,0.613
/camera/world/agv2_confidence,1789456652.4701815,1789456652.4701815,0.6126
/camera/world/agv1_confidence,1789456652.470257,1789456652.470257,0.6177
/camera/world/agv1_confidence,1789456652.501105,1789456652.501105,0.6166
/camera/world/agv3_confidence,1789456652.501346,1789456652.501346,0.6125
/camera/world/agv2_confidence,1789456652.501535,1789456652.501535,0.6123
/camera/world/agv2_confidence,1789456652.537736,1789456652.537736,0.6136
/camera/world/agv1_confidence,1789456652.53775,1789456652.53775,0.6172
/camera/world/agv3_confidence,1789456652.5379848,1789456652.5379848,0.6135
/camera/world/agv2_confidence,1789456652.5724936,1789456652.5724936,0.6102
/camera/world/agv1_confidence,1789456652.572512,1789456652.572512,0.6172
/camera/world/agv3_confidence,1789456652.5727105,1789456652.5727105,0.6163
/camera/world/agv1_confidence,1789456652.6024137,1789456652.6024137,0.6176
/camera/world/agv3_confidence,1789456652.6024992,1789456652.6024992,0.6136
/camera/world/agv2_confidence,1789456652.6025102,1789456652.6025102,0.6123
/camera/world/agv1_confidence,1789456652.6436722,1789456652.6436722,0.6172
/camera/world/agv2_confidence,1789456652.6438413,1789456652.6438413,0.6111
/camera/world/agv3_confidence,1789456652.6439018,1789456652.6439018,0.6142
/camera/world/agv3_confidence,1789456652.6724014,1789456652.6724014,0.6133
/camera/world/agv2_confidence,1789456652.6724057,1789456652.6724057,0.6127
/camera/world/agv1_confidence,1789456652.6724687,1789456652.6724687,0.6175
/camera/world/agv2_confidence,1789456652.7033398,1789456652.7033398,0.6114
/camera/world/agv3_confidence,1789456652.703486,1789456652.703486,0.6139
/camera/world/agv1_confidence,1789456652.7035089,1789456652.7035089,0.6173
/camera/world/agv1_confidence,1789456652.7332597,1789456652.7332597,0.6163
/camera/world/agv2_confidence,1789456652.7335396,1789456652.7335396,0.6079
/camera/world/agv3_confidence,1789456652.7335877,1789456652.7335877,0.6103
/camera/world/agv2_confidence,1789456652.7669284,1789456652.7669284,0.612
/camera/world/agv3_confidence,1789456652.7670052,1789456652.7670052,0.6121
/camera/world/agv1_confidence,1789456652.7670155,1789456652.7670155,0.6178
/camera/world/agv1_confidence,1789456652.807196,1789456652.807196,0.6175
/camera/world/agv3_confidence,1789456652.8073475,1789456652.8073475,0.6134
/camera/world/agv2_confidence,1789456652.8074014,1789456652.8074014,0.6085
/camera/world/agv1_confidence,1789456652.8349214,1789456652.8349214,0.6176
/camera/world/agv2_confidence,1789456652.8349237,1789456652.8349237,0.606
/camera/world/agv3_confidence,1789456652.8349895,1789456652.8349895,0.6112
/camera/world/agv1_confidence,1789456652.8746605,1789456652.8746605,0.6177
/camera/world/agv3_confidence,1789456652.8746817,1789456652.8746817,0.6106
/camera/world/agv2_confidence,1789456652.874689,1789456652.874689,0.613
/camera/world/agv1_confidence,1789456652.9057343,1789456652.9057343,0.617
/camera/world/agv2_confidence,1789456652.9057374,1789456652.9057374,0.6143
/camera/world/agv3_confidence,1789456652.9057734,1789456652.9057734,0.614
/camera/world/agv1_confidence,1789456652.9377043,1789456652.9377043,0.6174
/camera/world/agv3_confidence,1789456652.9377177,1789456652.9377177,0.6161
/camera/world/agv2_confidence,1789456652.9377306,1789456652.9377306,0.6081
/camera/world/agv1_confidence,1789456652.9716976,1789456652.9716976,0.6169
/camera/world/agv2_confidence,1789456652.9717116,1789456652.9717116,0.6125
/camera/world/agv3_confidence,1789456652.9718883,1789456652.9718883,0.6122
/camera/world/agv1_confidence,1789456652.9994888,1789456652.9994888,0.6164
/camera/world/agv3_confidence,1789456652.9998105,1789456652.9998105,0.6151
/camera/world/agv2_confidence,1789456652.9998767,1789456652.9998767,0.5545
/camera/world/agv2_confidence,1789456653.0466354,1789456653.0466354,0.6086
/camera/world/agv1_confidence,1789456653.0466895,1789456653.0466895,0.6178
/camera/world/agv3_confidence,1789456653.0468464,1789456653.0468464,0.6149
/camera/world/agv1_confidence,1789456653.0666184,1789456653.0666184,0.6184
/camera/world/agv2_confidence,1789456653.0667837,1789456653.0667837,0.6127
/camera/world/agv3_confidence,1789456653.0669656,1789456653.0669656,0.6111
/camera/world/agv1_confidence,1789456653.1094255,1789456653.1094255,0.6173
/camera/world/agv3_confidence,1789456653.1094978,1789456653.1094978,0.6112
/camera/world/agv2_confidence,1789456653.1095204,1789456653.1095204,0.6121
/camera/world/agv2_confidence,1789456653.1378067,1789456653.1378067,0.6136
/camera/world/agv3_confidence,1789456653.1379087,1789456653.1379087,0.6153
/camera/world/agv1_confidence,1789456653.1380205,1789456653.1380205,0.6183
/camera/world/agv3_confidence,1789456653.1683347,1789456653.1683347,0.612
/camera/world/agv2_confidence,1789456653.168368,1789456653.168368,0.6076
/camera/world/agv1_confidence,1789456653.1683993,1789456653.1683993,0.6178
/camera/world/agv3_confidence,1789456653.206125,1789456653.206125,0.614
/camera/world/agv2_confidence,1789456653.2061455,1789456653.2061455,0.6138
/camera/world/agv1_confidence,1789456653.2062032,1789456653.2062032,0.6155
/camera/world/agv1_confidence,1789456653.241175,1789456653.241175,0.6153
/camera/world/agv2_confidence,1789456653.2412102,1789456653.2412102,0.6098
/camera/world/agv3_confidence,1789456653.2413461,1789456653.2413461,0.6132
/camera/world/agv1_confidence,1789456653.2743948,1789456653.2743948,0.6174
/camera/world/agv2_confidence,1789456653.2745464,1789456653.2745464,0.6063
/camera/world/agv3_confidence,1789456653.2746713,1789456653.2746713,0.6138
/camera/world/agv1_confidence,1789456653.3052084,1789456653.3052084,0.6146
/camera/world/agv2_confidence,1789456653.3053324,1789456653.3053324,0.6143
/camera/world/agv3_confidence,1789456653.3055232,1789456653.3055232,0.6142
/camera/world/agv3_confidence,1789456653.3363006,1789456653.3363006,0.6157
/camera/world/agv1_confidence,1789456653.3363187,1789456653.3363187,0.617
/camera/world/agv2_confidence,1789456653.3364446,1789456653.3364446,0.6106
/camera/world/agv1_confidence,1789456653.3720706,1789456653.3720706,0.6173
/camera/world/agv2_confidence,1789456653.372245,1789456653.372245,0.6148
/camera/world/agv3_confidence,1789456653.372333,1789456653.372333,0.6134
/camera/world/agv1_confidence,1789456653.400821,1789456653.400821,0.6181
/camera/world/agv3_confidence,1789456653.4011245,1789456653.4011245,0.6157
/camera/world/agv2_confidence,1789456653.4011292,1789456653.4011292,0.6123
/camera/world/agv1_confidence,1789456653.4373763,1789456653.4373763,0.6168
/camera/world/agv2_confidence,1789456653.4373803,1789456653.4373803,0.614
/camera/world/agv3_confidence,1789456653.4374068,1789456653.4374068,0.6146
/camera/world/agv2_confidence,1789456653.46884,1789456653.46884,0.6142
/camera/world/agv1_confidence,1789456653.4689004,1789456653.4689004,0.6206
/camera/world/agv3_confidence,1789456653.4691248,1789456653.4691248,0.613
/camera/world/agv1_confidence,1789456653.5046988,1789456653.5046988,0.6128
/camera/world/agv2_confidence,1789456653.504947,1789456653.504947,0.6033
/camera/world/agv3_confidence,1789456653.5050535,1789456653.5050535,0.6107
/camera/world/agv1_confidence,1789456653.5351572,1789456653.5351572,0.6169
/camera/world/agv2_confidence,1789456653.535356,1789456653.535356,0.6149
/camera/world/agv3_confidence,1789456653.5357282,1789456653.5357282,0.6147
/camera/world/agv2_confidence,1789456653.5680084,1789456653.5680084,0.6139
/camera/world/agv1_confidence,1789456653.5680184,1789456653.5680184,0.6156
/camera/world/agv3_confidence,1789456653.568078,1789456653.568078,0.6143
/camera/world/agv1_confidence,1789456653.606402,1789456653.606402,0.6143
/camera/world/agv3_confidence,1789456653.6064413,1789456653.6064413,0.6128
/camera/world/agv2_confidence,1789456653.6065712,1789456653.6065712,0.6136
/camera/world/agv1_confidence,1789456653.6430845,1789456653.6430845,0.6162
/camera/world/agv3_confidence,1789456653.6431065,1789456653.6431065,0.6155
/camera/world/agv2_confidence,1789456653.6432228,1789456653.6432228,0.6132
/camera/world/agv1_confidence,1789456653.668353,1789456653.668353,0.6155
/camera/world/agv2_confidence,1789456653.668414,1789456653.668414,0.6146
/camera/world/agv3_confidence,1789456653.6686318,1789456653.6686318,0.6143
/camera/world/agv1_confidence,1789456653.7084174,1789456653.7084174,0.6186
/camera/world/agv2_confidence,1789456653.7085779,1789456653.7085779,0.6142
/camera/world/agv3_confidence,1789456653.7088091,1789456653.7088091,0.6143
/camera/world/agv1_confidence,1789456653.7444372,1789456653.7444372,0.6194
/camera/world/agv3_confidence,1789456653.7447286,1789456653.7447286,0.6129
/camera/world/agv2_confidence,1789456653.7448268,1789456653.7448268,0.6144
/camera/world/agv1_confidence,1789456653.7709558,1789456653.7709558,0.6152
/camera/world/agv3_confidence,1789456653.7710469,1789456653.7710469,0.6131
/camera/world/agv2_confidence,1789456653.7710888,1789456653.7710888,0.6128
/camera/world/agv1_confidence,1789456653.8037817,1789456653.8037817,0.6156
/camera/world/agv2_confidence,1789456653.8040645,1789456653.8040645,0.6124
/camera/world/agv3_confidence,1789456653.8041553,1789456653.8041553,0.6138
/camera/world/agv2_confidence,1789456653.8467102,1789456653.8467102,0.6103
/camera/world/agv1_confidence,1789456653.8467221,1789456653.8467221,0.617
/camera/world/agv3_confidence,1789456653.8469832,1789456653.8469832,0.615
/camera/world/agv1_confidence,1789456653.876412,1789456653.876412,0.6155
/camera/world/agv3_confidence,1789456653.876514,1789456653.876514,0.6157
/camera/world/agv2_confidence,1789456653.8766193,1789456653.8766193,0.6124
/camera/world/agv3_confidence,1789456653.9062493,1789456653.9062493,0.614
/camera/world/agv1_confidence,1789456653.9062543,1789456653.9062543,0.6163
/camera/world/agv2_confidence,1789456653.9063802,1789456653.9063802,0.6145
/camera/world/agv1_confidence,1789456653.938205,1789456653.938205,0.6034
/camera/world/agv3_confidence,1789456653.9382596,1789456653.9382596,0.6125
/camera/world/agv2_confidence,1789456653.9382613,1789456653.9382613,0.6009
/camera/world/agv1_confidence,1789456653.9690049,1789456653.9690049,0.617
/camera/world/agv2_confidence,1789456653.9691021,1789456653.9691021,0.614
/camera/world/agv3_confidence,1789456653.9691486,1789456653.9691486,0.6133
/camera/world/agv1_confidence,1789456654.00813,1789456654.00813,0.6169
/camera/world/agv3_confidence,1789456654.0083573,1789456654.0083573,0.6139
/camera/world/agv2_confidence,1789456654.0083766,1789456654.0083766,0.6064
/camera/world/agv1_confidence,1789456654.037814,1789456654.037814,0.6172
/camera/world/agv2_confidence,1789456654.0379553,1789456654.0379553,0.6155
/camera/world/agv3_confidence,1789456654.0381315,1789456654.0381315,0.6148
/camera/world/agv1_confidence,1789456654.090362,1789456654.090362,0.6158
/camera/world/agv2_confidence,1789456654.090575,1789456654.090575,0.608
/camera/world/agv3_confidence,1789456654.0905764,1789456654.0905764,0.6147
/camera/world/agv1_confidence,1789456654.1041343,1789456654.1041343,0.6175
/camera/world/agv2_confidence,1789456654.1041658,1789456654.1041658,0.6124
/camera/world/agv3_confidence,1789456654.1043596,1789456654.1043596,0.6125
/camera/world/agv2_confidence,1789456654.1363733,1789456654.1363733,0.6145
/camera/world/agv3_confidence,1789456654.1364536,1789456654.1364536,0.613
/camera/world/agv1_confidence,1789456654.136474,1789456654.136474,0.6164
/camera/world/agv1_confidence,1789456654.1675205,1789456654.1675205,0.6192
/camera/world/agv2_confidence,1789456654.1675317,1789456654.1675317,0.6133
/camera/world/agv3_confidence,1789456654.1678433,1789456654.1678433,0.6163
/camera/world/agv2_confidence,1789456654.206745,1789456654.206745,0.6119
/camera/world/agv1_confidence,1789456654.2067833,1789456654.2067833,0.6166
/camera/world/agv3_confidence,1789456654.2070305,1789456654.2070305,0.6155
/camera/world/agv2_confidence,1789456654.2340004,1789456654.2340004,0.6166
/camera/world/agv1_confidence,1789456654.2342203,1789456654.2342203,0.6157
/camera/world/agv3_confidence,1789456654.2342353,1789456654.2342353,0.6128
/camera/world/agv2_confidence,1789456654.27895,1789456654.27895,0.6096
/camera/world/agv1_confidence,1789456654.2789772,1789456654.2789772,0.6175
/camera/world/agv3_confidence,1789456654.2792516,1789456654.2792516,0.6122
/camera/world/agv1_confidence,1789456654.3065872,1789456654.3065872,0.6168
/camera/world/agv3_confidence,1789456654.3065972,1789456654.3065972,0.6143
/camera/world/agv2_confidence,1789456654.3067393,1789456654.3067393,0.6165
/camera/world/agv2_confidence,1789456654.3363175,1789456654.3363175,0.6107
/camera/world/agv3_confidence,1789456654.3364525,1789456654.3364525,0.6146
/camera/world/agv1_confidence,1789456654.3364792,1789456654.3364792,0.6174
/camera/world/agv3_confidence,1789456654.3736317,1789456654.3736317,0.6163
/camera/world/agv1_confidence,1789456654.3736386,1789456654.3736386,0.616
/camera/world/agv2_confidence,1789456654.3737378,1789456654.3737378,0.6131
/camera/world/agv2_confidence,1789456654.4022672,1789456654.4022672,0.6149
/camera/world/agv1_confidence,1789456654.4024975,1789456654.4024975,0.6172
/camera/world/agv3_confidence,1789456654.4025161,1789456654.4025161,0.6146
/camera/world/agv1_confidence,1789456654.4389622,1789456654.4389622,0.6174
/camera/world/agv3_confidence,1789456654.439215,1789456654.439215,0.6139
/camera/world/agv2_confidence,1789456654.4392536,1789456654.4392536,0.5745
/camera/world/agv3_confidence,1789456654.4741786,1789456654.4741786,0.6146
/camera/world/agv1_confidence,1789456654.4742014,1789456654.4742014,0.6158
/camera/world/agv2_confidence,1789456654.4742045,1789456654.4742045,0.613
/camera/world/agv1_confidence,1789456654.5010545,1789456654.5010545,0.6177
/camera/world/agv2_confidence,1789456654.501202,1789456654.501202,0.6109
/camera/world/agv3_confidence,1789456654.5013516,1789456654.5013516,0.6122
/camera/world/agv1_confidence,1789456654.5434632,1789456654.5434632,0.6177
/camera/world/agv2_confidence,1789456654.543705,1789456654.543705,0.6128
/camera/world/agv3_confidence,1789456654.5438352,1789456654.5438352,0.6142
/camera/world/agv1_confidence,1789456654.5687606,1789456654.5687606,0.6163
/camera/world/agv2_confidence,1789456654.5690043,1789456654.5690043,0.61
/camera/world/agv3_confidence,1789456654.569067,1789456654.569067,0.6145
/camera/world/agv3_confidence,1789456654.6013398,1789456654.6013398,0.6136
/camera/world/agv2_confidence,1789456654.6013432,1789456654.6013432,0.6152
/camera/world/agv1_confidence,1789456654.601485,1789456654.601485,0.6167
/camera/world/agv1_confidence,1789456654.6379402,1789456654.6379402,0.6167
/camera/world/agv2_confidence,1789456654.638082,1789456654.638082,0.6135
/camera/world/agv3_confidence,1789456654.6381893,1789456654.6381893,0.6149
/camera/world/agv2_confidence,1789456654.6686673,1789456654.6686673,0.6141
/camera/world/agv1_confidence,1789456654.6688068,1789456654.6688068,0.6175
/camera/world/agv3_confidence,1789456654.6689804,1789456654.6689804,0.6137
/camera/world/agv3_confidence,1789456654.701629,1789456654.701629,0.6141
/camera/world/agv2_confidence,1789456654.701747,1789456654.701747,0.6101
/camera/world/agv1_confidence,1789456654.7017543,1789456654.7017543,0.6165
/camera/world/agv1_confidence,1789456654.7403135,1789456654.7403135,0.6176
/camera/world/agv2_confidence,1789456654.7405577,1789456654.7405577,0.6126
/camera/world/agv3_confidence,1789456654.7406495,1789456654.7406495,0.6124
/camera/world/agv2_confidence,1789456654.7751184,1789456654.7751184,0.6143
/camera/world/agv1_confidence,1789456654.7752323,1789456654.7752323,0.6168
/camera/world/agv3_confidence,1789456654.7754223,1789456654.7754223,0.6132
/camera/world/agv1_confidence,1789456654.8016286,1789456654.8016286,0.6156
/camera/world/agv2_confidence,1789456654.8018174,1789456654.8018174,0.6151
/camera/world/agv3_confidence,1789456654.8019078,1789456654.8019078,0.6143
/camera/world/agv1_confidence,1789456654.831515,1789456654.831515,0.6169
/camera/world/agv3_confidence,1789456654.8316941,1789456654.8316941,0.6141
/camera/world/agv2_confidence,1789456654.8317962,1789456654.8317962,0.6121
/camera/world/agv1_confidence,1789456654.8723009,1789456654.8723009,0.6181
/camera/world/agv2_confidence,1789456654.8724704,1789456654.8724704,0.6148
/camera/world/agv3_confidence,1789456654.8725173,1789456654.8725173,0.6163
/camera/world/agv2_confidence,1789456654.9018126,1789456654.9018126,0.6118
/camera/world/agv1_confidence,1789456654.90189,1789456654.90189,0.6145
/camera/world/agv3_confidence,1789456654.9020452,1789456654.9020452,0.6156
/camera/world/agv1_confidence,1789456654.9331293,1789456654.9331293,0.6146
/camera/world/agv2_confidence,1789456654.933231,1789456654.933231,0.614
/camera/world/agv3_confidence,1789456654.933357,1789456654.933357,0.612
/camera/world/agv2_confidence,1789456654.9756122,1789456654.9756122,0.6132
/camera/world/agv3_confidence,1789456654.9756129,1789456654.9756129,0.6105
/camera/world/agv1_confidence,1789456654.975666,1789456654.975666,0.6168
/camera/world/agv2_confidence,1789456655.0039785,1789456655.0039785,0.6154
/camera/world/agv1_confidence,1789456655.0040245,1789456655.0040245,0.6177
/camera/world/agv3_confidence,1789456655.0040467,1789456655.0040467,0.6116
/camera/world/agv2_confidence,1789456655.0313747,1789456655.0313747,0.6158
/camera/world/agv1_confidence,1789456655.0316348,1789456655.0316348,0.6177
/camera/world/agv3_confidence,1789456655.0316725,1789456655.0316725,0.6156
/camera/world/agv1_confidence,1789456655.0709074,1789456655.0709074,0.6179
/camera/world/agv2_confidence,1789456655.0709426,1789456655.0709426,0.6109
/camera/world/agv3_confidence,1789456655.0710206,1789456655.0710206,0.612
/camera/world/agv1_confidence,1789456655.10077,1789456655.10077,0.6171
/camera/world/agv3_confidence,1789456655.1010299,1789456655.1010299,0.6168
/camera/world/agv2_confidence,1789456655.1011152,1789456655.1011152,0.6145
/camera/world/agv2_confidence,1789456655.141194,1789456655.141194,0.6149
/camera/world/agv3_confidence,1789456655.1413245,1789456655.1413245,0.6164
/camera/world/agv1_confidence,1789456655.1414363,1789456655.1414363,0.6158
/camera/world/agv2_confidence,1789456655.173651,1789456655.173651,0.613
/camera/world/agv1_confidence,1789456655.1737268,1789456655.1737268,0.6168
/camera/world/agv3_confidence,1789456655.173882,1789456655.173882,0.6166
/camera/world/agv1_confidence,1789456655.2064865,1789456655.2064865,0.6174
/camera/world/agv2_confidence,1789456655.206512,1789456655.206512,0.6144
/camera/world/agv3_confidence,1789456655.2067168,1789456655.2067168,0.616
/camera/world/agv1_confidence,1789456655.2351546,1789456655.2351546,0.617
/camera/world/agv2_confidence,1789456655.235321,1789456655.235321,0.6118
/camera/world/agv3_confidence,1789456655.2353702,1789456655.2353702,0.6098
/camera/world/agv2_confidence,1789456655.2724988,1789456655.2724988,0.6145
/camera/world/agv3_confidence,1789456655.2725658,1789456655.2725658,0.6122
/camera/world/agv1_confidence,1789456655.272622,1789456655.272622,0.6134
/camera/world/agv1_confidence,1789456655.3018708,1789456655.3018708,0.6181
/camera/world/agv3_confidence,1789456655.3018923,1789456655.3018923,0.6124
/camera/world/agv2_confidence,1789456655.3019242,1789456655.3019242,0.614
/camera/world/agv1_confidence,1789456655.333791,1789456655.333791,0.6174
/camera/world/agv2_confidence,1789456655.3337936,1789456655.3337936,0.6142
/camera/world/agv3_confidence,1789456655.3338778,1789456655.3338778,0.6154
/camera/world/agv2_confidence,1789456655.3671486,1789456655.3671486,0.6138
/camera/world/agv3_confidence,1789456655.3671572,1789456655.3671572,0.6171
/camera/world/agv1_confidence,1789456655.3672647,1789456655.3672647,0.6182
/camera/world/agv3_confidence,1789456655.4068189,1789456655.4068189,0.6129
/camera/world/agv2_confidence,1789456655.4069567,1789456655.4069567,0.615
/camera/world/agv1_confidence,1789456655.4069777,1789456655.4069777,0.6164
/camera/world/agv2_confidence,1789456655.444469,1789456655.444469,0.6149
/camera/world/agv1_confidence,1789456655.4444747,1789456655.4444747,0.6175
/camera/world/agv3_confidence,1789456655.4447222,1789456655.4447222,0.615
/camera/world/agv1_confidence,1789456655.468916,1789456655.468916,0.618
/camera/world/agv3_confidence,1789456655.4689238,1789456655.4689238,0.6157
/camera/world/agv2_confidence,1789456655.468945,1789456655.468945,0.6131
/camera/world/agv1_confidence,1789456655.500565,1789456655.500565,0.6131
/camera/world/agv2_confidence,1789456655.500709,1789456655.500709,0.6138
/camera/world/agv3_confidence,1789456655.5008817,1789456655.5008817,0.6123
/camera/world/agv1_confidence,1789456655.541747,1789456655.541747,0.6134
/camera/world/agv3_confidence,1789456655.5417674,1789456655.5417674,0.6116
/camera/world/agv2_confidence,1789456655.5418057,1789456655.5418057,0.6146
/camera/world/agv1_confidence,1789456655.571508,1789456655.571508,0.6169
/camera/world/agv2_confidence,1789456655.571575,1789456655.571575,0.6146
/camera/world/agv3_confidence,1789456655.5717332,1789456655.5717332,0.6113
/camera/world/agv1_confidence,1789456655.6023102,1789456655.6023102,0.616
/camera/world/agv3_confidence,1789456655.6024027,1789456655.6024027,0.6146
/camera/world/agv2_confidence,1789456655.6024234,1789456655.6024234,0.6136
/camera/world/agv1_confidence,1789456655.6434455,1789456655.6434455,0.6145
/camera/world/agv2_confidence,1789456655.6436725,1789456655.6436725,0.6143
/camera/world/agv3_confidence,1789456655.643737,1789456655.643737,0.6162
/camera/world/agv1_confidence,1789456655.674334,1789456655.674334,0.6158
/camera/world/agv3_confidence,1789456655.6743984,1789456655.6743984,0.6134
/camera/world/agv2_confidence,1789456655.6744998,1789456655.6744998,0.6134
/camera/world/agv1_confidence,1789456655.7021093,1789456655.7021093,0.6159
/camera/world/agv2_confidence,1789456655.702349,1789456655.702349,0.6151
/camera/world/agv3_confidence,1789456655.7023618,1789456655.7023618,0.6135
/camera/world/agv1_confidence,1789456655.7401881,1789456655.7401881,0.6152
/camera/world/agv3_confidence,1789456655.7404418,1789456655.7404418,0.6151
/camera/world/agv2_confidence,1789456655.740588,1789456655.740588,0.615
/camera/world/agv1_confidence,1789456655.7698836,1789456655.7698836,0.6163
/camera/world/agv2_confidence,1789456655.7699,1789456655.7699,0.6151
/camera/world/agv3_confidence,1789456655.7702487,1789456655.7702487,0.6128
/camera/world/agv1_confidence,1789456655.8097472,1789456655.8097472,0.6174
/camera/world/agv2_confidence,1789456655.809977,1789456655.809977,0.6131
/camera/world/agv3_confidence,1789456655.8101053,1789456655.8101053,0.6148
/camera/world/agv1_confidence,1789456655.8327043,1789456655.8327043,0.6124
/camera/world/agv3_confidence,1789456655.8328018,1789456655.8328018,0.6133
/camera/world/agv2_confidence,1789456655.832806,1789456655.832806,0.6152
/camera/world/agv1_confidence,1789456655.8729296,1789456655.8729296,0.6141
/camera/world/agv3_confidence,1789456655.873095,1789456655.873095,0.6125
/camera/world/agv2_confidence,1789456655.873101,1789456655.873101,0.6146
/camera/world/agv3_confidence,1789456655.90038,1789456655.90038,0.6126
/camera/world/agv2_confidence,1789456655.9006178,1789456655.9006178,0.6146
/camera/world/agv1_confidence,1789456655.9006348,1789456655.9006348,0.6082
/camera/world/agv3_confidence,1789456655.9336894,1789456655.9336894,0.615
/camera/world/agv1_confidence,1789456655.9338923,1789456655.9338923,0.6147
/camera/world/agv2_confidence,1789456655.9340005,1789456655.9340005,0.6155
/camera/world/agv3_confidence,1789456655.9747698,1789456655.9747698,0.6161
/camera/world/agv2_confidence,1789456655.974775,1789456655.974775,0.6127
/camera/world/agv1_confidence,1789456655.974787,1789456655.974787,0.6131
/camera/world/agv1_confidence,1789456656.0011315,1789456656.0011315,0.6164
/camera/world/agv2_confidence,1789456656.0012476,1789456656.0012476,0.615
/camera/world/agv3_confidence,1789456656.001353,1789456656.001353,0.6157
/camera/world/agv2_confidence,1789456656.0411842,1789456656.0411842,0.6124
/camera/world/agv1_confidence,1789456656.0412054,1789456656.0412054,0.6157
/camera/world/agv3_confidence,1789456656.0412679,1789456656.0412679,0.6147
/camera/world/agv1_confidence,1789456656.0730143,1789456656.0730143,0.6179
/camera/world/agv3_confidence,1789456656.0730479,1789456656.0730479,0.6162
/camera/world/agv2_confidence,1789456656.073201,1789456656.073201,0.6153
/camera/world/agv2_confidence,1789456656.1022832,1789456656.1022832,0.6165
/camera/world/agv3_confidence,1789456656.1023593,1789456656.1023593,0.6154
/camera/world/agv1_confidence,1789456656.1024122,1789456656.1024122,0.6166
/camera/world/agv1_confidence,1789456656.1384037,1789456656.1384037,0.6165
/camera/world/agv3_confidence,1789456656.138408,1789456656.138408,0.6154
/camera/world/agv2_confidence,1789456656.1384606,1789456656.1384606,0.616
/camera/world/agv1_confidence,1789456656.1751845,1789456656.1751845,0.6182
/camera/world/agv2_confidence,1789456656.175323,1789456656.175323,0.6168
/camera/world/agv3_confidence,1789456656.175527,1789456656.175527,0.6152
/camera/world/agv1_confidence,1789456656.206904,1789456656.206904,0.6147
/camera/world/agv3_confidence,1789456656.2071333,1789456656.2071333,0.615
/camera/world/agv2_confidence,1789456656.2072644,1789456656.2072644,0.6153
/camera/world/agv1_confidence,1789456656.2336812,1789456656.2336812,0.6144
/camera/world/agv2_confidence,1789456656.2339883,1789456656.2339883,0.6154
/camera/world/agv3_confidence,1789456656.234003,1789456656.234003,0.6154
/camera/world/agv1_confidence,1789456656.2737472,1789456656.2737472,0.6135
/camera/world/agv2_confidence,1789456656.273778,1789456656.273778,0.6125
/camera/world/agv3_confidence,1789456656.273789,1789456656.273789,0.6151
/camera/world/agv1_confidence,1789456656.307404,1789456656.307404,0.6138
/camera/world/agv3_confidence,1789456656.3075726,1789456656.3075726,0.6129
/camera/world/agv2_confidence,1789456656.307576,1789456656.307576,0.6147
/camera/world/agv2_confidence,1789456656.335977,1789456656.335977,0.6145
/camera/world/agv1_confidence,1789456656.3360147,1789456656.3360147,0.6121
/camera/world/agv3_confidence,1789456656.336026,1789456656.336026,0.6141
/camera/world/agv3_confidence,1789456656.375817,1789456656.375817,0.6134
/camera/world/agv2_confidence,1789456656.375841,1789456656.375841,0.6134
/camera/world/agv1_confidence,1789456656.3759046,1789456656.3759046,0.6167
/camera/world/agv1_confidence,1789456656.412814,1789456656.412814,0.6125
/camera/world/agv3_confidence,1789456656.4128532,1789456656.4128532,0.614
/camera/world/agv2_confidence,1789456656.4128861,1789456656.4128861,0.6115
/camera/world/agv1_confidence,1789456656.4404037,1789456656.4404037,0.6143
/camera/world/agv3_confidence,1789456656.440562,1789456656.440562,0.6147
/camera/world/agv2_confidence,1789456656.4405727,1789456656.4405727,0.6142
/camera/world/agv3_confidence,1789456656.4710603,1789456656.4710603,0.6138
/camera/world/agv1_confidence,1789456656.4710658,1789456656.4710658,0.6167
/camera/world/agv2_confidence,1789456656.4711902,1789456656.4711902,0.6157
/camera/world/agv1_confidence,1789456656.5010684,1789456656.5010684,0.6141
/camera/world/agv2_confidence,1789456656.501112,1789456656.501112,0.6133
/camera/world/agv3_confidence,1789456656.501298,1789456656.501298,0.615
/camera/world/agv1_confidence,1789456656.5403135,1789456656.5403135,0.5899
/camera/world/agv3_confidence,1789456656.5403185,1789456656.5403185,0.6158
/camera/world/agv2_confidence,1789456656.5403392,1789456656.5403392,0.6171
/camera/world/agv1_confidence,1789456656.5754151,1789456656.5754151,0.6115
/camera/world/agv3_confidence,1789456656.5754664,1789456656.5754664,0.6149
/camera/world/agv2_confidence,1789456656.575602,1789456656.575602,0.6139
/camera/world/agv1_confidence,1789456656.6028626,1789456656.6028626,0.6176
/camera/world/agv2_confidence,1789456656.6029353,1789456656.6029353,0.6159
/camera/world/agv3_confidence,1789456656.6030638,1789456656.6030638,0.6153
/camera/world/agv1_confidence,1789456656.6357272,1789456656.6357272,0.6173
/camera/world/agv3_confidence,1789456656.6359522,1789456656.6359522,0.6155
/camera/world/agv2_confidence,1789456656.6360893,1789456656.6360893,0.6134
/camera/world/agv1_confidence,1789456656.6650858,1789456656.6650858,0.6139
/camera/world/agv2_confidence,1789456656.665115,1789456656.665115,0.6117
/camera/world/agv3_confidence,1789456656.6651542,1789456656.6651542,0.616
/camera/world/agv1_confidence,1789456656.7157576,1789456656.7157576,0.6161
/camera/world/agv3_confidence,1789456656.7159038,1789456656.7159038,0.6153
/camera/world/agv2_confidence,1789456656.7159991,1789456656.7159991,0.6086
/camera/world/agv2_confidence,1789456656.7360666,1789456656.7360666,0.6153
/camera/world/agv1_confidence,1789456656.7361162,1789456656.7361162,0.6167
/camera/world/agv3_confidence,1789456656.7361286,1789456656.7361286,0.6149
/camera/world/agv1_confidence,1789456656.773586,1789456656.773586,0.6183
/camera/world/agv2_confidence,1789456656.773649,1789456656.773649,0.6119
/camera/world/agv3_confidence,1789456656.7738683,1789456656.7738683,0.6159
/camera/world/agv1_confidence,1789456656.806056,1789456656.806056,0.6138
/camera/world/agv2_confidence,1789456656.8060927,1789456656.8060927,0.6148
/camera/world/agv3_confidence,1789456656.806215,1789456656.806215,0.615
/camera/world/agv1_confidence,1789456656.8411796,1789456656.8411796,0.6018
/camera/world/agv2_confidence,1789456656.8413365,1789456656.8413365,0.614
/camera/world/agv3_confidence,1789456656.8413708,1789456656.8413708,0.6127
/camera/world/agv1_confidence,1789456656.8733683,1789456656.8733683,0.5952
/camera/world/agv2_confidence,1789456656.8734548,1789456656.8734548,0.6133
/camera/world/agv3_confidence,1789456656.8735278,1789456656.8735278,0.6134
/camera/world/agv2_confidence,1789456656.9019718,1789456656.9019718,0.6135
/camera/world/agv1_confidence,1789456656.9020782,1789456656.9020782,0.6154
/camera/world/agv3_confidence,1789456656.902097,1789456656.902097,0.6164
/camera/world/agv1_confidence,1789456656.9397094,1789456656.9397094,0.6134
/camera/world/agv2_confidence,1789456656.9399364,1789456656.9399364,0.6115
/camera/world/agv3_confidence,1789456656.9400086,1789456656.9400086,0.616
/camera/world/agv3_confidence,1789456656.9697142,1789456656.9697142,0.6165
/camera/world/agv2_confidence,1789456656.9698143,1789456656.9698143,0.6161
/camera/world/agv1_confidence,1789456656.9698462,1789456656.9698462,0.6135
/camera/world/agv1_confidence,1789456657.0074282,1789456657.0074282,0.6135
/camera/world/agv3_confidence,1789456657.007445,1789456657.007445,0.6141
/camera/world/agv2_confidence,1789456657.007462,1789456657.007462,0.615
/camera/world/agv3_confidence,1789456657.0363593,1789456657.0363593,0.6131
/camera/world/agv1_confidence,1789456657.0365314,1789456657.0365314,0.6083
/camera/world/agv2_confidence,1789456657.0366335,1789456657.0366335,0.6152
/camera/world/agv3_confidence,1789456657.0668018,1789456657.0668018,0.6141
/camera/world/agv2_confidence,1789456657.0668242,1789456657.0668242,0.6149
/camera/world/agv1_confidence,1789456657.0668907,1789456657.0668907,0.614
/camera/world/agv3_confidence,1789456657.1044946,1789456657.1044946,0.6145
/camera/world/agv1_confidence,1789456657.1045249,1789456657.1045249,0.6138
/camera/world/agv2_confidence,1789456657.1047413,1789456657.1047413,0.6154
/camera/world/agv1_confidence,1789456657.1395702,1789456657.1395702,0.6126
/camera/world/agv2_confidence,1789456657.139801,1789456657.139801,0.6156
/camera/world/agv3_confidence,1789456657.1398323,1789456657.1398323,0.6161
/camera/world/agv1_confidence,1789456657.1673687,1789456657.1673687,0.6131
/camera/world/agv2_confidence,1789456657.1676004,1789456657.1676004,0.6138
/camera/world/agv3_confidence,1789456657.167633,1789456657.167633,0.6139
/camera/world/agv2_confidence,1789456657.203815,1789456657.203815,0.6144
/camera/world/agv1_confidence,1789456657.2038262,1789456657.2038262,0.6103
/camera/world/agv3_confidence,1789456657.2040162,1789456657.2040162,0.6127
/camera/world/agv1_confidence,1789456657.2331352,1789456657.2331352,0.6116
/camera/world/agv2_confidence,1789456657.2332726,1789456657.2332726,0.6167
/camera/world/agv3_confidence,1789456657.2334297,1789456657.2334297,0.6142
/camera/world/agv2_confidence,1789456657.2713962,1789456657.2713962,0.6175
/camera/world/agv1_confidence,1789456657.2715619,1789456657.2715619,0.6146
/camera/world/agv3_confidence,1789456657.2716455,1789456657.2716455,0.6141
/camera/world/agv1_confidence,1789456657.3101835,1789456657.3101835,0.6175
/camera/world/agv2_confidence,1789456657.310455,1789456657.310455,0.6125
/camera/world/agv3_confidence,1789456657.3104916,1789456657.3104916,0.6137
/camera/world/agv2_confidence,1789456657.3379648,1789456657.3379648,0.6166
/camera/world/agv3_confidence,1789456657.3379788,1789456657.3379788,0.614
/camera/world/agv1_confidence,1789456657.3380404,1789456657.3380404,0.6124
/camera/world/agv2_confidence,1789456657.366583,1789456657.366583,0.6148
/camera/world/agv1_confidence,1789456657.3666449,1789456657.3666449,0.6133
/camera/world/agv3_confidence,1789456657.3666706,1789456657.3666706,0.6172
/camera/world/agv2_confidence,1789456657.409242,1789456657.409242,0.6151
/camera/world/agv1_confidence,1789456657.4093404,1789456657.4093404,0.5881
/camera/world/agv3_confidence,1789456657.4094973,1789456657.4094973,0.614
/camera/world/agv1_confidence,1789456657.4375558,1789456657.4375558,0.6166
/camera/world/agv3_confidence,1789456657.4376194,1789456657.4376194,0.6157
/camera/world/agv2_confidence,1789456657.437625,1789456657.437625,0.614
/camera/world/agv2_confidence,1789456657.4670458,1789456657.4670458,0.6157
/camera/world/agv1_confidence,1789456657.4670632,1789456657.4670632,0.6123
/camera/world/agv3_confidence,1789456657.4672542,1789456657.4672542,0.6167
/camera/world/agv1_confidence,1789456657.5113046,1789456657.5113046,0.6129
/camera/world/agv3_confidence,1789456657.511596,1789456657.511596,0.6165
/camera/world/agv2_confidence,1789456657.51161,1789456657.51161,0.6146
/camera/world/agv1_confidence,1789456657.5385914,1789456657.5385914,0.6113
/camera/world/agv2_confidence,1789456657.5388746,1789456657.5388746,0.6143
/camera/world/agv3_confidence,1789456657.5389626,1789456657.5389626,0.6149
/camera/world/agv3_confidence,1789456657.567721,1789456657.567721,0.6151
/camera/world/agv2_confidence,1789456657.5677567,1789456657.5677567,0.6166
/camera/world/agv1_confidence,1789456657.5677774,1789456657.5677774,0.6101
/camera/world/agv1_confidence,1789456657.6083364,1789456657.6083364,0.613
/camera/world/agv3_confidence,1789456657.6085546,1789456657.6085546,0.6146
/camera/world/agv2_confidence,1789456657.6086109,1789456657.6086109,0.6167
/camera/world/agv2_confidence,1789456657.6412814,1789456657.6412814,0.6154
/camera/world/agv1_confidence,1789456657.641349,1789456657.641349,0.6136
/camera/world/agv3_confidence,1789456657.6414645,1789456657.6414645,0.6127
/camera/world/agv2_confidence,1789456657.671908,1789456657.671908,0.614
/camera/world/agv1_confidence,1789456657.6721284,1789456657.6721284,0.614
/camera/world/agv3_confidence,1789456657.672151,1789456657.672151,0.6109
/camera/world/agv3_confidence,1789456657.7076054,1789456657.7076054,0.6143
/camera/world/agv2_confidence,1789456657.7076137,1789456657.7076137,0.6161
/camera/world/agv1_confidence,1789456657.707795,1789456657.707795,0.6128
/camera/world/agv1_confidence,1789456657.7420528,1789456657.7420528,0.5827
/camera/world/agv2_confidence,1789456657.7421193,1789456657.7421193,0.6155
/camera/world/agv3_confidence,1789456657.7423391,1789456657.7423391,0.6145
/camera/world/agv1_confidence,1789456657.7738755,1789456657.7738755,0.6003
/camera/world/agv3_confidence,1789456657.7738888,1789456657.7738888,0.6149
/camera/world/agv2_confidence,1789456657.7741055,1789456657.7741055,0.616
/camera/world/agv1_confidence,1789456657.8096342,1789456657.8096342,0.6105
/camera/world/agv3_confidence,1789456657.8096733,1789456657.8096733,0.6138
/camera/world/agv2_confidence,1789456657.8096836,1789456657.8096836,0.614
/camera/world/agv1_confidence,1789456657.8412604,1789456657.8412604,0.616
/camera/world/agv3_confidence,1789456657.8416607,1789456657.8416607,0.6146
/camera/world/agv2_confidence,1789456657.841699,1789456657.841699,0.6164
/camera/world/agv1_confidence,1789456657.8690495,1789456657.8690495,0.6086
/camera/world/agv2_confidence,1789456657.8691497,1789456657.8691497,0.6143
/camera/world/agv3_confidence,1789456657.8692117,1789456657.8692117,0.6153
/camera/world/agv2_confidence,1789456657.9056532,1789456657.9056532,0.6162
/camera/world/agv1_confidence,1789456657.9056718,1789456657.9056718,0.6147
/camera/world/agv3_confidence,1789456657.905809,1789456657.905809,0.6149
/camera/world/agv1_confidence,1789456657.938188,1789456657.938188,0.6113
/camera/world/agv2_confidence,1789456657.9382086,1789456657.9382086,0.6167
/camera/world/agv3_confidence,1789456657.938398,1789456657.938398,0.6169
/camera/world/agv1_confidence,1789456657.9685645,1789456657.9685645,0.5889
/camera/world/agv2_confidence,1789456657.9686904,1789456657.9686904,0.6131
/camera/world/agv3_confidence,1789456657.9686944,1789456657.9686944,0.6183
/camera/world/agv1_confidence,1789456658.0000756,1789456658.0000756,0.6118
/camera/world/agv3_confidence,1789456658.0001075,1789456658.0001075,0.6164
/camera/world/agv2_confidence,1789456658.0001097,1789456658.0001097,0.6151
/camera/world/agv1_confidence,1789456658.046328,1789456658.046328,0.6101
/camera/world/agv3_confidence,1789456658.0465388,1789456658.0465388,0.6175
/camera/world/agv2_confidence,1789456658.046625,1789456658.046625,0.6131
/camera/world/agv2_confidence,1789456658.0692132,1789456658.0692132,0.6171
/camera/world/agv1_confidence,1789456658.0692317,1789456658.0692317,0.6151
/camera/world/agv3_confidence,1789456658.069372,1789456658.069372,0.6163
/camera/world/agv3_confidence,1789456658.1016257,1789456658.1016257,0.6149
/camera/world/agv1_confidence,1789456658.1016414,1789456658.1016414,0.5914
/camera/world/agv2_confidence,1789456658.1016562,1789456658.1016562,0.6184
/camera/world/agv1_confidence,1789456658.1407816,1789456658.1407816,0.5509
/camera/world/agv3_confidence,1789456658.1409173,1789456658.1409173,0.6159
/camera/world/agv2_confidence,1789456658.140925,1789456658.140925,0.6148
/camera/world/agv2_confidence,1789456658.1700163,1789456658.1700163,0.615
/camera/world/agv1_confidence,1789456658.1701217,1789456658.1701217,0.6103
/camera/world/agv3_confidence,1789456658.1701703,1789456658.1701703,0.6152
/camera/world/agv1_confidence,1789456658.2021048,1789456658.2021048,0.6121
/camera/world/agv2_confidence,1789456658.2021494,1789456658.2021494,0.6144
/camera/world/agv3_confidence,1789456658.2023916,1789456658.2023916,0.6169
/camera/world/agv2_confidence,1789456658.240578,1789456658.240578,0.615
/camera/world/agv1_confidence,1789456658.2405984,1789456658.2405984,0.6122
/camera/world/agv3_confidence,1789456658.2407413,1789456658.2407413,0.6161
/camera/world/agv2_confidence,1789456658.2758374,1789456658.2758374,0.6158
/camera/world/agv1_confidence,1789456658.2758472,1789456658.2758472,0.6108
/camera/world/agv3_confidence,1789456658.2760227,1789456658.2760227,0.6171
/camera/world/agv1_confidence,1789456658.308484,1789456658.308484,0.6119
/camera/world/agv2_confidence,1789456658.3089645,1789456658.3089645,0.6159
/camera/world/agv3_confidence,1789456658.3089852,1789456658.3089852,0.6175
/camera/world/agv1_confidence,1789456658.340574,1789456658.340574,0.6097
/camera/world/agv2_confidence,1789456658.340578,1789456658.340578,0.5937
/camera/world/agv3_confidence,1789456658.340948,1789456658.340948,0.6173
/camera/world/agv1_confidence,1789456658.3696487,1789456658.3696487,0.6118
/camera/world/agv3_confidence,1789456658.3699343,1789456658.3699343,0.6179
/camera/world/agv2_confidence,1789456658.3699381,1789456658.3699381,0.6167
/camera/world/agv2_confidence,1789456658.402927,1789456658.402927,0.6168
/camera/world/agv3_confidence,1789456658.4031756,1789456658.4031756,0.6174
/camera/world/agv1_confidence,1789456658.4032183,1789456658.4032183,0.5773
/camera/world/agv1_confidence,1789456658.4421043,1789456658.4421043,0.6152
/camera/world/agv2_confidence,1789456658.4423835,1789456658.4423835,0.6173
/camera/world/agv3_confidence,1789456658.4423983,1789456658.4423983,0.6145
/camera/world/agv1_confidence,1789456658.4679296,1789456658.4679296,0.6091
/camera/world/agv2_confidence,1789456658.4684255,1789456658.4684255,0.6171
/camera/world/agv3_confidence,1789456658.4685352,1789456658.4685352,0.6168
/camera/world/agv1_confidence,1789456658.5104148,1789456658.5104148,0.6043
/camera/world/agv2_confidence,1789456658.5104797,1789456658.5104797,0.6154
/camera/world/agv3_confidence,1789456658.5105782,1789456658.5105782,0.6184
/camera/world/agv1_confidence,1789456658.536908,1789456658.536908,0.6116
/camera/world/agv3_confidence,1789456658.5370412,1789456658.5370412,0.6191
/camera/world/agv2_confidence,1789456658.5370672,1789456658.5370672,0.6137
/camera/world/agv1_confidence,1789456658.5832417,1789456658.5832417,0.6129
/camera/world/agv2_confidence,1789456658.5835912,1789456658.5835912,0.6159
/camera/world/agv3_confidence,1789456658.5836828,1789456658.5836828,0.6181
/camera/world/agv2_confidence,1789456658.5999136,1789456658.5999136,0.609
/camera/world/agv1_confidence,1789456658.599922,1789456658.599922,0.6104
/camera/world/agv3_confidence,1789456658.6000297,1789456658.6000297,0.617
/camera/world/agv1_confidence,1789456658.6389186,1789456658.6389186,0.6109
/camera/world/agv3_confidence,1789456658.6392753,1789456658.6392753,0.6164
/camera/world/agv2_confidence,1789456658.6392875,1789456658.6392875,0.6179
/camera/world/agv1_confidence,1789456658.667423,1789456658.667423,0.6124
/camera/world/agv3_confidence,1789456658.6675744,1789456658.6675744,0.6142
/camera/world/agv2_confidence,1789456658.6675832,1789456658.6675832,0.6121
/camera/world/agv2_confidence,1789456658.70562,1789456658.70562,0.6172
/camera/world/agv1_confidence,1789456658.7056236,1789456658.7056236,0.6132
/camera/world/agv3_confidence,1789456658.7057157,1789456658.7057157,0.6151
/camera/world/agv1_confidence,1789456658.7397463,1789456658.7397463,0.6089
/camera/world/agv2_confidence,1789456658.739764,1789456658.739764,0.6152
/camera/world/agv3_confidence,1789456658.739767,1789456658.739767,0.6158
/camera/world/agv1_confidence,1789456658.7676213,1789456658.7676213,0.6133
/camera/world/agv2_confidence,1789456658.7678103,1789456658.7678103,0.6164
/camera/world/agv3_confidence,1789456658.7678547,1789456658.7678547,0.6159
/camera/world/agv2_confidence,1789456658.8006618,1789456658.8006618,0.6174
/camera/world/agv3_confidence,1789456658.8006625,1789456658.8006625,0.6171
/camera/world/agv1_confidence,1789456658.800697,1789456658.800697,0.6088
/camera/world/agv1_confidence,1789456658.8380084,1789456658.8380084,0.6119
/camera/world/agv2_confidence,1789456658.8381321,1789456658.8381321,0.6168
/camera/world/agv3_confidence,1789456658.8383594,1789456658.8383594,0.6181
/camera/world/agv2_confidence,1789456658.869716,1789456658.869716,0.5941
/camera/world/agv1_confidence,1789456658.8698843,1789456658.8698843,0.6134
/camera/world/agv3_confidence,1789456658.8699336,1789456658.8699336,0.6186
/camera/world/agv1_confidence,1789456658.903411,1789456658.903411,0.6091
/camera/world/agv2_confidence,1789456658.9036338,1789456658.9036338,0.5454
/camera/world/agv3_confidence,1789456658.9036474,1789456658.9036474,0.6178
/camera/world/agv1_confidence,1789456658.9361806,1789456658.9361806,0.6079
/camera/world/agv2_confidence,1789456658.936216,1789456658.936216,0.615
/camera/world/agv3_confidence,1789456658.9362242,1789456658.9362242,0.6177
/camera/world/agv1_confidence,1789456658.976304,1789456658.976304,0.6104
/camera/world/agv2_confidence,1789456658.9765766,1789456658.9765766,0.6145
/camera/world/agv3_confidence,1789456658.9765868,1789456658.9765868,0.6157
/camera/world/agv1_confidence,1789456659.008486,1789456659.008486,0.6092
/camera/world/agv3_confidence,1789456659.0085316,1789456659.0085316,0.6154
/camera/world/agv2_confidence,1789456659.008582,1789456659.008582,0.5955
/camera/world/agv1_confidence,1789456659.039443,1789456659.039443,0.6107
/camera/world/agv3_confidence,1789456659.0394611,1789456659.0394611,0.6169
/camera/world/agv2_confidence,1789456659.0394728,1789456659.0394728,0.5909
/camera/world/agv2_confidence,1789456659.069315,1789456659.069315,0.6172
/camera/world/agv1_confidence,1789456659.0693512,1789456659.0693512,0.6079
/camera/world/agv3_confidence,1789456659.0694816,1789456659.0694816,0.6185
/camera/world/agv1_confidence,1789456659.1071777,1789456659.1071777,0.6107
/camera/world/agv2_confidence,1789456659.1073895,1789456659.1073895,0.6158
/camera/world/agv3_confidence,1789456659.1075292,1789456659.1075292,0.6173
/camera/world/agv3_confidence,1789456659.1410701,1789456659.1410701,0.6169
/camera/world/agv2_confidence,1789456659.141095,1789456659.141095,0.6153
/camera/world/agv1_confidence,1789456659.141203,1789456659.141203,0.6095
/camera/world/agv2_confidence,1789456659.174866,1789456659.174866,0.6107
/camera/world/agv3_confidence,1789456659.174937,1789456659.174937,0.6171
/camera/world/agv1_confidence,1789456659.1750147,1789456659.1750147,0.613
/camera/world/agv1_confidence,1789456659.209451,1789456659.209451,0.6126
/camera/world/agv2_confidence,1789456659.2094772,1789456659.2094772,0.6168
/camera/world/agv3_confidence,1789456659.2096539,1789456659.2096539,0.5799
/camera/world/agv1_confidence,1789456659.2322643,1789456659.2322643,0.6083
/camera/world/agv3_confidence,1789456659.2323754,1789456659.2323754,0.6141
/camera/world/agv2_confidence,1789456659.2323964,1789456659.2323964,0.614
/camera/world/agv1_confidence,1789456659.2749379,1789456659.2749379,0.6102
/camera/world/agv3_confidence,1789456659.274972,1789456659.274972,0.6167
/camera/world/agv2_confidence,1789456659.275002,1789456659.275002,0.6154
/camera/world/agv3_confidence,1789456659.3046718,1789456659.3046718,0.6185
/camera/world/agv1_confidence,1789456659.3047113,1789456659.3047113,0.6071
/camera/world/agv2_confidence,1789456659.304793,1789456659.304793,0.6159
/camera/world/agv3_confidence,1789456659.3352282,1789456659.3352282,0.6178
/camera/world/agv1_confidence,1789456659.3353357,1789456659.3353357,0.6093
/camera/world/agv2_confidence,1789456659.3353598,1789456659.3353598,0.6165
/camera/world/agv2_confidence,1789456659.3790088,1789456659.3790088,0.6161
/camera/world/agv1_confidence,1789456659.379058,1789456659.379058,0.6124
/camera/world/agv3_confidence,1789456659.3792398,1789456659.3792398,0.6173
/camera/world/agv1_confidence,1789456659.3993976,1789456659.3993976,0.5568
/camera/world/agv3_confidence,1789456659.399622,1789456659.399622,0.616
/camera/world/agv2_confidence,1789456659.3996713,1789456659.3996713,0.6127
/camera/world/agv2_confidence,1789456659.4433722,1789456659.4433722,0.6171
/camera/world/agv3_confidence,1789456659.4434292,1789456659.4434292,0.6173
/camera/world/agv1_confidence,1789456659.4434822,1789456659.4434822,0.6097
/camera/world/agv2_confidence,1789456659.4742024,1789456659.4742024,0.6172
/camera/world/agv1_confidence,1789456659.474264,1789456659.474264,0.6076
/camera/world/agv3_confidence,1789456659.4743507,1789456659.4743507,0.6161
/camera/world/agv1_confidence,1789456659.5019662,1789456659.5019662,0.6085
/camera/world/agv3_confidence,1789456659.5020463,1789456659.5020463,0.6164
/camera/world/agv2_confidence,1789456659.5020988,1789456659.5020988,0.6126
/camera/world/agv2_confidence,1789456659.5413518,1789456659.5413518,0.6132
/camera/world/agv1_confidence,1789456659.5413709,1789456659.5413709,0.6075
/camera/world/agv3_confidence,1789456659.5415378,1789456659.5415378,0.6137
/camera/world/agv1_confidence,1789456659.5835543,1789456659.5835543,0.5866
/camera/world/agv2_confidence,1789456659.583713,1789456659.583713,0.6149
/camera/world/agv3_confidence,1789456659.5838397,1789456659.5838397,0.6178
/camera/world/agv2_confidence,1789456659.607243,1789456659.607243,0.6142
/camera/world/agv1_confidence,1789456659.6072824,1789456659.6072824,0.6092
/camera/world/agv3_confidence,1789456659.6073697,1789456659.6073697,0.6182
/camera/world/agv1_confidence,1789456659.6351044,1789456659.6351044,0.608
/camera/world/agv2_confidence,1789456659.6353843,1789456659.6353843,0.6147
/camera/world/agv3_confidence,1789456659.6356025,1789456659.6356025,0.6188
/camera/world/agv1_confidence,1789456659.6869762,1789456659.6869762,0.6065
/camera/world/agv3_confidence,1789456659.6870594,1789456659.6870594,0.6192
/camera/world/agv2_confidence,1789456659.6871004,1789456659.6871004,0.6112
/camera/world/agv1_confidence,1789456659.704517,1789456659.704517,0.6069
/camera/world/agv2_confidence,1789456659.7046092,1789456659.7046092,0.6054
/camera/world/agv3_confidence,1789456659.70467,1789456659.70467,0.6193
/camera/world/agv2_confidence,1789456659.7356372,1789456659.7356372,0.6177
/camera/world/agv1_confidence,1789456659.7356434,1789456659.7356434,0.6049
/camera/world/agv3_confidence,1789456659.735846,1789456659.735846,0.617
/camera/world/agv2_confidence,1789456659.772461,1789456659.772461,0.6126
/camera/world/agv1_confidence,1789456659.7725043,1789456659.7725043,0.6061
/camera/world/agv3_confidence,1789456659.772595,1789456659.772595,0.6195
/camera/world/agv3_confidence,1789456659.8041487,1789456659.8041487,0.6198
/camera/world/agv2_confidence,1789456659.8041625,1789456659.8041625,0.614
/camera/world/agv1_confidence,1789456659.8042195,1789456659.8042195,0.6067
/camera/world/agv2_confidence,1789456659.8358734,1789456659.8358734,0.6142
/camera/world/agv1_confidence,1789456659.8359272,1789456659.8359272,0.5731
/camera/world/agv3_confidence,1789456659.8360248,1789456659.8360248,0.6181
/camera/world/agv2_confidence,1789456659.873417,1789456659.873417,0.6162
/camera/world/agv1_confidence,1789456659.87342,1789456659.87342,0.6011
/camera/world/agv3_confidence,1789456659.873458,1789456659.873458,0.6187
/camera/world/agv1_confidence,1789456659.9020755,1789456659.9020755,0.5835
/camera/world/agv2_confidence,1789456659.902207,1789456659.902207,0.606
/camera/world/agv3_confidence,1789456659.9022837,1789456659.9022837,0.6172
/camera/world/agv1_confidence,1789456659.9331963,1789456659.9331963,0.6048
/camera/world/agv2_confidence,1789456659.9332297,1789456659.9332297,0.6135
/camera/world/agv3_confidence,1789456659.9333713,1789456659.9333713,0.6166
/camera/world/agv3_confidence,1789456659.973677,1789456659.973677,0.6187
/camera/world/agv1_confidence,1789456659.973683,1789456659.973683,0.6037
/camera/world/agv2_confidence,1789456659.9736838,1789456659.9736838,0.617
/camera/world/agv1_confidence,1789456660.0010097,1789456660.0010097,0.6064
/camera/world/agv3_confidence,1789456660.0010736,1789456660.0010736,0.619
/camera/world/agv2_confidence,1789456660.0010924,1789456660.0010924,0.6162
/camera/world/agv1_confidence,1789456660.041923,1789456660.041923,0.6055
/camera/world/agv2_confidence,1789456660.0419416,1789456660.0419416,0.6172
/camera/world/agv3_confidence,1789456660.0421479,1789456660.0421479,0.6175
/camera/world/agv2_confidence,1789456660.077749,1789456660.077749,0.6148
/camera/world/agv1_confidence,1789456660.0777664,1789456660.0777664,0.6074
/camera/world/agv3_confidence,1789456660.0779786,1789456660.0779786,0.6162
/camera/world/agv1_confidence,1789456660.1072888,1789456660.1072888,0.6079
/camera/world/agv2_confidence,1789456660.1073394,1789456660.1073394,0.615
/camera/world/agv3_confidence,1789456660.1073418,1789456660.1073418,0.6173
/camera/world/agv1_confidence,1789456660.13869,1789456660.13869,0.6057
/camera/world/agv2_confidence,1789456660.1388278,1789456660.1388278,0.6153
/camera/world/agv3_confidence,1789456660.139056,1789456660.139056,0.6177
/camera/world/agv2_confidence,1789456660.1661854,1789456660.1661854,0.6179
/camera/world/agv3_confidence,1789456660.166261,1789456660.166261,0.6183
/camera/world/agv1_confidence,1789456660.1663191,1789456660.1663191,0.5851
/camera/world/agv1_confidence,1789456660.2060537,1789456660.2060537,0.6024
/camera/world/agv3_confidence,1789456660.206117,1789456660.206117,0.6172
/camera/world/agv2_confidence,1789456660.2062104,1789456660.2062104,0.6163
/camera/world/agv1_confidence,1789456660.2341857,1789456660.2341857,0.6078
/camera/world/agv2_confidence,1789456660.2344663,1789456660.2344663,0.6172
/camera/world/agv3_confidence,1789456660.2344735,1789456660.2344735,0.6172
/camera/world/agv1_confidence,1789456660.275327,1789456660.275327,0.5548
/camera/world/agv2_confidence,1789456660.2754698,1789456660.2754698,0.6105
/camera/world/agv3_confidence,1789456660.275532,1789456660.275532,0.6173
/camera/world/agv1_confidence,1789456660.3035054,1789456660.3035054,0.5545
/camera/world/agv3_confidence,1789456660.3037224,1789456660.3037224,0.6189
/camera/world/agv2_confidence,1789456660.3037896,1789456660.3037896,0.615
/camera/world/agv2_confidence,1789456660.3410368,1789456660.3410368,0.6138
/camera/world/agv1_confidence,1789456660.3411553,1789456660.3411553,0.606
/camera/world/agv3_confidence,1789456660.341183,1789456660.341183,0.6192
/camera/world/agv3_confidence,1789456660.3730347,1789456660.3730347,0.6178
/camera/world/agv2_confidence,1789456660.3730865,1789456660.3730865,0.6072
/camera/world/agv1_confidence,1789456660.3731117,1789456660.3731117,0.6033
/camera/world/agv1_confidence,1789456660.4049227,1789456660.4049227,0.5786
/camera/world/agv2_confidence,1789456660.4051974,1789456660.4051974,0.6148
/camera/world/agv3_confidence,1789456660.4053707,1789456660.4053707,0.6175
/camera/world/agv1_confidence,1789456660.4356215,1789456660.4356215,0.6019
/camera/world/agv3_confidence,1789456660.4356313,1789456660.4356313,0.616
/camera/world/agv2_confidence,1789456660.4356914,1789456660.4356914,0.6143
/camera/world/agv1_confidence,1789456660.4731767,1789456660.4731767,0.6047
/camera/world/agv2_confidence,1789456660.4732156,1789456660.4732156,0.6166
/camera/world/agv3_confidence,1789456660.473368,1789456660.473368,0.6171
/camera/world/agv2_confidence,1789456660.5044248,1789456660.5044248,0.6122
/camera/world/agv1_confidence,1789456660.5044658,1789456660.5044658,0.6058
/camera/world/agv3_confidence,1789456660.5046663,1789456660.5046663,0.6194
/camera/world/agv1_confidence,1789456660.5360856,1789456660.5360856,0.6007
/camera/world/agv2_confidence,1789456660.5360947,1789456660.5360947,0.6125
/camera/world/agv3_confidence,1789456660.536286,1789456660.536286,0.6146
/camera/world/agv1_confidence,1789456660.5666935,1789456660.5666935,0.5403
/camera/world/agv2_confidence,1789456660.566841,1789456660.566841,0.6142
/camera/world/agv3_confidence,1789456660.566882,1789456660.566882,0.6154
/camera/world/agv1_confidence,1789456660.6064312,1789456660.6064312,0.608
/camera/world/agv2_confidence,1789456660.6066623,1789456660.6066623,0.6132
/camera/world/agv3_confidence,1789456660.6067462,1789456660.6067462,0.6188
/camera/world/agv1_confidence,1789456660.6416552,1789456660.6416552,0.6035
/camera/world/agv3_confidence,1789456660.6417165,1789456660.6417165,0.6178
/camera/world/agv2_confidence,1789456660.641722,1789456660.641722,0.6157
/camera/world/agv1_confidence,1789456660.6677902,1789456660.6677902,0.6033
/camera/world/agv3_confidence,1789456660.6679482,1789456660.6679482,0.6199
/camera/world/agv2_confidence,1789456660.6679492,1789456660.6679492,0.6099
/camera/world/agv2_confidence,1789456660.7000937,1789456660.7000937,0.6133
/camera/world/agv1_confidence,1789456660.7001064,1789456660.7001064,0.6024
/camera/world/agv3_confidence,1789456660.7001352,1789456660.7001352,0.6172
/camera/world/agv1_confidence,1789456660.7407904,1789456660.7407904,0.6014
/camera/world/agv3_confidence,1789456660.741075,1789456660.741075,0.6167
/camera/world/agv2_confidence,1789456660.7411966,1789456660.7411966,0.6126
/camera/world/agv1_confidence,1789456660.7671351,1789456660.7671351,0.6038
/camera/world/agv2_confidence,1789456660.7671478,1789456660.7671478,0.6115
/camera/world/agv3_confidence,1789456660.7673635,1789456660.7673635,0.619
/camera/world/agv2_confidence,1789456660.809692,1789456660.809692,0.6079
/camera/world/agv1_confidence,1789456660.8097079,1789456660.8097079,0.6012
/camera/world/agv3_confidence,1789456660.8099802,1789456660.8099802,0.6198
/camera/world/agv1_confidence,1789456660.8565333,1789456660.8565333,0.5922
/camera/world/agv2_confidence,1789456660.8566167,1789456660.8566167,0.6113
/camera/world/agv3_confidence,1789456660.8570917,1789456660.8570917,0.6204
/camera/world/agv1_confidence,1789456660.8664732,1789456660.8664732,0.5636
/camera/world/agv2_confidence,1789456660.8667471,1789456660.8667471,0.6126
/camera/world/agv3_confidence,1789456660.8668168,1789456660.8668168,0.6143
/camera/world/agv1_confidence,1789456660.903492,1789456660.903492,0.5992
/camera/world/agv2_confidence,1789456660.9035935,1789456660.9035935,0.61
/camera/world/agv3_confidence,1789456660.903887,1789456660.903887,0.6186
/camera/world/agv1_confidence,1789456660.9385023,1789456660.9385023,0.5984
/camera/world/agv2_confidence,1789456660.9385388,1789456660.9385388,0.6126
/camera/world/agv3_confidence,1789456660.9385498,1789456660.9385498,0.6169
/camera/world/agv1_confidence,1789456660.9722662,1789456660.9722662,0.5831
/camera/world/agv2_confidence,1789456660.972472,1789456660.972472,0.5948
/camera/world/agv3_confidence,1789456660.97269,1789456660.97269,0.6174
/camera/world/agv2_confidence,1789456660.9991057,1789456660.9991057,0.6142
/camera/world/agv1_confidence,1789456660.9992168,1789456660.9992168,0.5993
/camera/world/agv3_confidence,1789456660.9992802,1789456660.9992802,0.6181
/camera/world/agv2_confidence,1789456661.0374706,1789456661.0374706,0.6123
/camera/world/agv1_confidence,1789456661.0374897,1789456661.0374897,0.6068
/camera/world/agv3_confidence,1789456661.0375147,1789456661.0375147,0.6178
/camera/world/agv1_confidence,1789456661.0689387,1789456661.0689387,0.6046
/camera/world/agv2_confidence,1789456661.068968,1789456661.068968,0.6088
/camera/world/agv3_confidence,1789456661.0690002,1789456661.0690002,0.6188
/camera/world/agv1_confidence,1789456661.0990837,1789456661.0990837,0.6058
/camera/world/agv3_confidence,1789456661.099115,1789456661.099115,0.6202
/camera/world/agv2_confidence,1789456661.0991375,1789456661.0991375,0.6057
/camera/world/agv1_confidence,1789456661.1482635,1789456661.1482635,0.5941
/camera/world/agv2_confidence,1789456661.1485026,1789456661.1485026,0.6104
/camera/world/agv3_confidence,1789456661.1485138,1789456661.1485138,0.6198
/camera/world/agv1_confidence,1789456661.1676528,1789456661.1676528,0.5674
/camera/world/agv3_confidence,1789456661.1678195,1789456661.1678195,0.6186
/camera/world/agv2_confidence,1789456661.167864,1789456661.167864,0.6114
/camera/world/agv2_confidence,1789456661.2037334,1789456661.2037334,0.6075
/camera/world/agv3_confidence,1789456661.2038105,1789456661.2038105,0.6174
/camera/world/agv1_confidence,1789456661.2038639,1789456661.2038639,0.606
/camera/world/agv2_confidence,1789456661.2332098,1789456661.2332098,0.608
/camera/world/agv3_confidence,1789456661.2332368,1789456661.2332368,0.6169
/camera/world/agv1_confidence,1789456661.233254,1789456661.233254,0.597
/camera/world/agv1_confidence,1789456661.2752855,1789456661.2752855,0.577
/camera/world/agv2_confidence,1789456661.2754903,1789456661.2754903,0.6108
/camera/world/agv3_confidence,1789456661.2755723,1789456661.2755723,0.6155
/camera/world/agv1_confidence,1789456661.3027809,1789456661.3027809,0.5991
/camera/world/agv2_confidence,1789456661.3028033,1789456661.3028033,0.6134
/camera/world/agv3_confidence,1789456661.3030446,1789456661.3030446,0.6192
/camera/world/agv1_confidence,1789456661.337739,1789456661.337739,0.5963
/camera/world/agv3_confidence,1789456661.3377411,1789456661.3377411,0.6167
/camera/world/agv2_confidence,1789456661.3378282,1789456661.3378282,0.6115
/camera/world/agv1_confidence,1789456661.3677003,1789456661.3677003,0.54
/camera/world/agv3_confidence,1789456661.3677769,1789456661.3677769,0.6185
/camera/world/agv2_confidence,1789456661.3678927,1789456661.3678927,0.6118
/camera/world/agv2_confidence,1789456661.4043057,1789456661.4043057,0.615
/camera/world/agv1_confidence,1789456661.4043515,1789456661.4043515,0.5872
/camera/world/agv3_confidence,1789456661.4043908,1789456661.4043908,0.6162
/camera/world/agv2_confidence,1789456661.4412613,1789456661.4412613,0.5842
/camera/world/agv3_confidence,1789456661.4415562,1789456661.4415562,0.6168
/camera/world/agv1_confidence,1789456661.441626,1789456661.441626,0.5462
/camera/world/agv3_confidence,1789456661.469496,1789456661.469496,0.6154
/camera/world/agv1_confidence,1789456661.469508,1789456661.469508,0.5986
/camera/world/agv2_confidence,1789456661.4696822,1789456661.4696822,0.6138
/camera/world/agv1_confidence,1789456661.5050633,1789456661.5050633,0.5887
/camera/world/agv2_confidence,1789456661.5051315,1789456661.5051315,0.607
/camera/world/agv3_confidence,1789456661.505191,1789456661.505191,0.6177
/camera/world/agv1_confidence,1789456661.5350044,1789456661.5350044,0.6017
/camera/world/agv2_confidence,1789456661.535023,1789456661.535023,0.6131
/camera/world/agv3_confidence,1789456661.535101,1789456661.535101,0.6195
/camera/world/agv1_confidence,1789456661.5678124,1789456661.5678124,0.6004
/camera/world/agv3_confidence,1789456661.5678382,1789456661.5678382,0.5852
/camera/world/agv2_confidence,1789456661.5678432,1789456661.5678432,0.614
/camera/world/agv1_confidence,1789456661.6075964,1789456661.6075964,0.5964
/camera/world/agv3_confidence,1789456661.607628,1789456661.607628,0.6171
/camera/world/agv2_confidence,1789456661.6076894,1789456661.6076894,0.6093
/camera/world/agv2_confidence,1789456661.6435215,1789456661.6435215,0.6119
/camera/world/agv3_confidence,1789456661.6435597,1789456661.6435597,0.6157
/camera/world/agv1_confidence,1789456661.643579,1789456661.643579,0.5889
/camera/world/agv2_confidence,1789456661.6708841,1789456661.6708841,0.6124
/camera/world/agv1_confidence,1789456661.6709335,1789456661.6709335,0.5898
/camera/world/agv3_confidence,1789456661.6710982,1789456661.6710982,0.6166
/camera/world/agv1_confidence,1789456661.7004733,1789456661.7004733,0.5928
/camera/world/agv3_confidence,1789456661.700734,1789456661.700734,0.6185
/camera/world/agv2_confidence,1789456661.7007434,1789456661.7007434,0.6151
/camera/world/agv1_confidence,1789456661.74103,1789456661.74103,0.5961
/camera/world/agv3_confidence,1789456661.7411852,1789456661.7411852,0.617
/camera/world/agv2_confidence,1789456661.7413697,1789456661.7413697,0.6117
/camera/world/agv1_confidence,1789456661.7693043,1789456661.7693043,0.5988
/camera/world/agv2_confidence,1789456661.7694032,1789456661.7694032,0.5876
/camera/world/agv3_confidence,1789456661.7695532,1789456661.7695532,0.6159
/camera/world/agv1_confidence,1789456661.7976663,1789456661.7976663,0.5968
/camera/world/agv2_confidence,1789456661.7979681,1789456661.7979681,0.6095
/camera/world/agv3_confidence,1789456661.7980366,1789456661.7980366,0.6173
/camera/world/agv3_confidence,1789456661.8395853,1789456661.8395853,0.6181
/camera/world/agv1_confidence,1789456661.8396394,1789456661.8396394,0.5944
/camera/world/agv2_confidence,1789456661.8396409,1789456661.8396409,0.6133
/camera/world/agv1_confidence,1789456661.8734274,1789456661.8734274,0.5952
/camera/world/agv3_confidence,1789456661.8734417,1789456661.8734417,0.6153
/camera/world/agv2_confidence,1789456661.873445,1789456661.873445,0.6082
/camera/world/agv1_confidence,1789456661.9005523,1789456661.9005523,0.5898
/camera/world/agv3_confidence,1789456661.9008598,1789456661.9008598,0.6163
/camera/world/agv2_confidence,1789456661.9008934,1789456661.9008934,0.6118
/camera/world/agv1_confidence,1789456661.9320083,1789456661.9320083,0.5824
/camera/world/agv3_confidence,1789456661.9322817,1789456661.9322817,0.6161
/camera/world/agv2_confidence,1789456661.9323695,1789456661.9323695,0.6096
/camera/world/agv1_confidence,1789456661.9734852,1789456661.9734852,0.5909
/camera/world/agv2_confidence,1789456661.973598,1789456661.973598,0.608
/camera/world/agv3_confidence,1789456661.9736257,1789456661.9736257,0.6161
/camera/world/agv2_confidence,1789456662.0018108,1789456662.0018108,0.6124
/camera/world/agv1_confidence,1789456662.0018466,1789456662.0018466,0.5847
/camera/world/agv3_confidence,1789456662.0021844,1789456662.0021844,0.6142
/camera/world/agv1_confidence,1789456662.0398376,1789456662.0398376,0.5541
/camera/world/agv2_confidence,1789456662.0399318,1789456662.0399318,0.6133
/camera/world/agv3_confidence,1789456662.0400798,1789456662.0400798,0.6146
/camera/world/agv2_confidence,1789456662.0673862,1789456662.0673862,0.6133
/camera/world/agv1_confidence,1789456662.067428,1789456662.067428,0.5751
/camera/world/agv3_confidence,1789456662.0675948,1789456662.0675948,0.6156
/camera/world/agv3_confidence,1789456662.106286,1789456662.106286,0.6165
/camera/world/agv2_confidence,1789456662.1063285,1789456662.1063285,0.6084
/camera/world/agv1_confidence,1789456662.106389,1789456662.106389,0.5982
/camera/world/agv1_confidence,1789456662.142134,1789456662.142134,0.5988
/camera/world/agv2_confidence,1789456662.1423326,1789456662.1423326,0.6078
/camera/world/agv3_confidence,1789456662.1423762,1789456662.1423762,0.6196
/camera/world/agv3_confidence,1789456662.1730554,1789456662.1730554,0.6167
/camera/world/agv1_confidence,1789456662.1730905,1789456662.1730905,0.5627
/camera/world/agv2_confidence,1789456662.1731348,1789456662.1731348,0.6098
/camera/world/agv1_confidence,1789456662.2075236,1789456662.2075236,0.5702
/camera/world/agv2_confidence,1789456662.2078712,1789456662.2078712,0.6112
/camera/world/agv3_confidence,1789456662.2079108,1789456662.2079108,0.6138
/camera/world/agv1_confidence,1789456662.2360954,1789456662.2360954,0.5223
/camera/world/agv2_confidence,1789456662.2362862,1789456662.2362862,0.6106
/camera/world/agv3_confidence,1789456662.2364311,1789456662.2364311,0.6173
/camera/world/agv3_confidence,1789456662.2690926,1789456662.2690926,0.6144
/camera/world/agv2_confidence,1789456662.2691066,1789456662.2691066,0.6096
/camera/world/agv1_confidence,1789456662.269117,1789456662.269117,0.5686
/camera/world/agv1_confidence,1789456662.3055325,1789456662.3055325,0.5914
/camera/world/agv2_confidence,1789456662.305543,1789456662.305543,0.6084
/camera/world/agv3_confidence,1789456662.3058312,1789456662.3058312,0.6148
/camera/world/agv1_confidence,1789456662.3358312,1789456662.3358312,0.5899
/camera/world/agv2_confidence,1789456662.3358736,1789456662.3358736,0.6112
/camera/world/agv3_confidence,1789456662.335948,1789456662.335948,0.615
/camera/world/agv1_confidence,1789456662.371155,1789456662.371155,0.5786
/camera/world/agv2_confidence,1789456662.3711963,1789456662.3711963,0.6131
/camera/world/agv3_confidence,1789456662.3712645,1789456662.3712645,0.6191
/camera/world/agv1_confidence,1789456662.4010727,1789456662.4010727,0.5816
/camera/world/agv2_confidence,1789456662.4012513,1789456662.4012513,0.6083
/camera/world/agv3_confidence,1789456662.4014795,1789456662.4014795,0.6178
/camera/world/agv1_confidence,1789456662.4383116,1789456662.4383116,0.5943
/camera/world/agv3_confidence,1789456662.4385304,1789456662.4385304,0.6137
/camera/world/agv2_confidence,1789456662.4386082,1789456662.4386082,0.5873
/camera/world/agv3_confidence,1789456662.4724414,1789456662.4724414,0.6129
/camera/world/agv2_confidence,1789456662.472481,1789456662.472481,0.5657
/camera/world/agv1_confidence,1789456662.472512,1789456662.472512,0.5841
/camera/world/agv1_confidence,1789456662.5024223,1789456662.5024223,0.5867
/camera/world/agv2_confidence,1789456662.5025,1789456662.5025,0.607
/camera/world/agv3_confidence,1789456662.5025463,1789456662.5025463,0.6141
/camera/world/agv1_confidence,1789456662.5326793,1789456662.5326793,0.5441
/camera/world/agv2_confidence,1789456662.5327766,1789456662.5327766,0.6065
/camera/world/agv3_confidence,1789456662.5328898,1789456662.5328898,0.6174
/camera/world/agv2_confidence,1789456662.5701795,1789456662.5701795,0.5736
/camera/world/agv1_confidence,1789456662.5702226,1789456662.5702226,0.5735
/camera/world/agv3_confidence,1789456662.570339,1789456662.570339,0.6162
/camera/world/agv1_confidence,1789456662.6566865,1789456662.6566865,0.5291
/camera/world/agv2_confidence,1789456662.6567175,1789456662.6567175,0.6063
/camera/world/agv3_confidence,1789456662.656736,1789456662.656736,0.6164
/camera/world/agv1_confidence,1789456662.657198,1789456662.657198,0.5901
/camera/world/agv2_confidence,1789456662.6573112,1789456662.6573112,0.6083
/camera/world/agv3_confidence,1789456662.6574812,1789456662.6574812,0.6133
/camera/world/agv3_confidence,1789456662.676457,1789456662.676457,0.6171
/camera/world/agv2_confidence,1789456662.676487,1789456662.676487,0.5844
/camera/world/agv1_confidence,1789456662.6765306,1789456662.6765306,0.562
/camera/world/agv1_confidence,1789456662.704699,1789456662.704699,0.5794
/camera/world/agv2_confidence,1789456662.7047925,1789456662.7047925,0.6086
/camera/world/agv3_confidence,1789456662.704929,1789456662.704929,0.6156
/camera/world/agv1_confidence,1789456662.73545,1789456662.73545,0.5833
/camera/world/agv2_confidence,1789456662.7354646,1789456662.7354646,0.6082
/camera/world/agv3_confidence,1789456662.7357397,1789456662.7357397,0.614
/camera/world/agv2_confidence,1789456662.7665358,1789456662.7665358,0.5875
/camera/world/agv1_confidence,1789456662.7665424,1789456662.7665424,0.597
/camera/world/agv3_confidence,1789456662.7666662,1789456662.7666662,0.6169
/camera/world/agv1_confidence,1789456662.8069544,1789456662.8069544,0.5839
/camera/world/agv2_confidence,1789456662.8072684,1789456662.8072684,0.6072
/camera/world/agv3_confidence,1789456662.8072767,1789456662.8072767,0.6154
/camera/world/agv2_confidence,1789456662.840121,1789456662.840121,0.6082
/camera/world/agv3_confidence,1789456662.8401718,1789456662.8401718,0.6169
/camera/world/agv1_confidence,1789456662.8402462,1789456662.8402462,0.5769
/camera/world/agv2_confidence,1789456662.874096,1789456662.874096,0.5802
/camera/world/agv1_confidence,1789456662.874117,1789456662.874117,0.5542
/camera/world/agv3_confidence,1789456662.8742583,1789456662.8742583,0.6165
/camera/world/agv1_confidence,1789456662.9021375,1789456662.9021375,0.5786
/camera/world/agv2_confidence,1789456662.9021447,1789456662.9021447,0.6096
/camera/world/agv3_confidence,1789456662.9024687,1789456662.9024687,0.5946
/camera/world/agv2_confidence,1789456662.940027,1789456662.940027,0.5842
/camera/world/agv1_confidence,1789456662.940065,1789456662.940065,0.592
/camera/world/agv3_confidence,1789456662.9400742,1789456662.9400742,0.6165
/camera/world/agv1_confidence,1789456662.9680257,1789456662.9680257,0.5887
/camera/world/agv2_confidence,1789456662.9680548,1789456662.9680548,0.5509
/camera/world/agv3_confidence,1789456662.9681172,1789456662.9681172,0.6152
/camera/world/agv1_confidence,1789456663.0069091,1789456663.0069091,0.5964
/camera/world/agv2_confidence,1789456663.0070937,1789456663.0070937,0.6041
/camera/world/agv3_confidence,1789456663.0071323,1789456663.0071323,0.6134
/camera/world/agv1_confidence,1789456663.0406046,1789456663.0406046,0.6022
/camera/world/agv2_confidence,1789456663.040621,1789456663.040621,0.6063
/camera/world/agv3_confidence,1789456663.0407534,1789456663.0407534,0.6166
/camera/world/agv1_confidence,1789456663.0671122,1789456663.0671122,0.5981
/camera/world/agv3_confidence,1789456663.0671241,1789456663.0671241,0.6173
/camera/world/agv2_confidence,1789456663.0672336,1789456663.0672336,0.6039
/camera/world/agv1_confidence,1789456663.1005049,1789456663.1005049,0.595
/camera/world/agv3_confidence,1789456663.1006804,1789456663.1006804,0.6145
/camera/world/agv2_confidence,1789456663.1008072,1789456663.1008072,0.6062
/camera/world/agv2_confidence,1789456663.1389456,1789456663.1389456,0.6116
/camera/world/agv1_confidence,1789456663.1391253,1789456663.1391253,0.5843
/camera/world/agv3_confidence,1789456663.139137,1789456663.139137,0.6143
/camera/world/agv1_confidence,1789456663.1714208,1789456663.1714208,0.5949
/camera/world/agv2_confidence,1789456663.1716244,1789456663.1716244,0.6018
/camera/world/agv3_confidence,1789456663.1718335,1789456663.1718335,0.6142
/camera/world/agv1_confidence,1789456663.2018225,1789456663.2018225,0.5699
/camera/world/agv3_confidence,1789456663.2019238,1789456663.2019238,0.6155
/camera/world/agv2_confidence,1789456663.2019525,1789456663.2019525,0.6054
/camera/world/agv3_confidence,1789456663.2405472,1789456663.2405472,0.6157
/camera/world/agv1_confidence,1789456663.240563,1789456663.240563,0.5769
/camera/world/agv2_confidence,1789456663.24061,1789456663.24061,0.6097
/camera/world/agv1_confidence,1789456663.2703745,1789456663.2703745,0.5773
/camera/world/agv2_confidence,1789456663.270499,1789456663.270499,0.6051
/camera/world/agv3_confidence,1789456663.2706292,1789456663.2706292,0.6148
/camera/world/agv1_confidence,1789456663.308348,1789456663.308348,0.5951
/camera/world/agv2_confidence,1789456663.3086936,1789456663.3086936,0.6036
/camera/world/agv3_confidence,1789456663.3088095,1789456663.3088095,0.6122
/camera/world/agv2_confidence,1789456663.340589,1789456663.340589,0.6006
/camera/world/agv1_confidence,1789456663.3406003,1789456663.3406003,0.5861
/camera/world/agv3_confidence,1789456663.340692,1789456663.340692,0.6113
/camera/world/agv2_confidence,1789456663.3754737,1789456663.3754737,0.5998
/camera/world/agv3_confidence,1789456663.3757503,1789456663.3757503,0.6143
/camera/world/agv1_confidence,1789456663.375762,1789456663.375762,0.5902
/camera/world/agv2_confidence,1789456663.404724,1789456663.404724,0.6077
/camera/world/agv1_confidence,1789456663.4047356,1789456663.4047356,0.5922
/camera/world/agv3_confidence,1789456663.4048681,1789456663.4048681,0.6133
/camera/world/agv3_confidence,1789456663.441863,1789456663.441863,0.6159
/camera/world/agv1_confidence,1789456663.441891,1789456663.441891,0.5938
/camera/world/agv2_confidence,1789456663.4419146,1789456663.4419146,0.6068
/camera/world/agv2_confidence,1789456663.4750767,1789456663.4750767,0.5848
/camera/world/agv1_confidence,1789456663.475144,1789456663.475144,0.591
/camera/world/agv3_confidence,1789456663.4752617,1789456663.4752617,0.6157
/camera/world/agv1_confidence,1789456663.507795,1789456663.507795,0.5358
/camera/world/agv2_confidence,1789456663.5078647,1789456663.5078647,0.5921
/camera/world/agv3_confidence,1789456663.5079234,1789456663.5079234,0.6143
/camera/world/agv3_confidence,1789456663.538462,1789456663.538462,0.613
/camera/world/agv1_confidence,1789456663.5384622,1789456663.5384622,0.5813
/camera/world/agv2_confidence,1789456663.5385604,1789456663.5385604,0.6092
/camera/world/agv1_confidence,1789456663.5763063,1789456663.5763063,0.5785
/camera/world/agv3_confidence,1789456663.5763533,1789456663.5763533,0.6109
/camera/world/agv2_confidence,1789456663.5763679,1789456663.5763679,0.6041
/camera/world/agv1_confidence,1789456663.6012483,1789456663.6012483,0.6027
/camera/world/agv2_confidence,1789456663.6013634,1789456663.6013634,0.6024
/camera/world/agv3_confidence,1789456663.6015267,1789456663.6015267,0.6169
/camera/world/agv3_confidence,1789456663.6395772,1789456663.6395772,0.6158
/camera/world/agv1_confidence,1789456663.6395845,1789456663.6395845,0.5532
/camera/world/agv2_confidence,1789456663.6396143,1789456663.6396143,0.5778
/camera/world/agv1_confidence,1789456663.6777923,1789456663.6777923,0.5422
/camera/world/agv3_confidence,1789456663.6778188,1789456663.6778188,0.6133
/camera/world/agv2_confidence,1789456663.6778352,1789456663.6778352,0.6033
/camera/world/agv2_confidence,1789456663.7032845,1789456663.7032845,0.6072
/camera/world/agv3_confidence,1789456663.70356,1789456663.70356,0.5479
/camera/world/agv1_confidence,1789456663.7035635,1789456663.7035635,0.5406
/camera/world/agv1_confidence,1789456663.7377617,1789456663.7377617,0.5938
/camera/world/agv2_confidence,1789456663.7380683,1789456663.7380683,0.6
/camera/world/agv3_confidence,1789456663.7381184,1789456663.7381184,0.6143
/camera/world/agv1_confidence,1789456663.7697008,1789456663.7697008,0.5936
/camera/world/agv2_confidence,1789456663.7697847,1789456663.7697847,0.6026
/camera/world/agv3_confidence,1789456663.7698302,1789456663.7698302,0.6131
/camera/world/agv3_confidence,1789456663.799877,1789456663.799877,0.6134
/camera/world/agv1_confidence,1789456663.7999158,1789456663.7999158,0.5873
/camera/world/agv2_confidence,1789456663.7999897,1789456663.7999897,0.6027
/camera/world/agv2_confidence,1789456663.8410065,1789456663.8410065,0.6029
/camera/world/agv3_confidence,1789456663.8410184,1789456663.8410184,0.612
/camera/world/agv1_confidence,1789456663.8410704,1789456663.8410704,0.5671
/camera/world/agv1_confidence,1789456663.868356,1789456663.868356,0.5735
/camera/world/agv3_confidence,1789456663.8684309,1789456663.8684309,0.614
/camera/world/agv2_confidence,1789456663.8684561,1789456663.8684561,0.6035
/camera/world/agv1_confidence,1789456663.898018,1789456663.898018,0.5859
/camera/world/agv2_confidence,1789456663.8980212,1789456663.8980212,0.5979
/camera/world/agv3_confidence,1789456663.898111,1789456663.898111,0.6144
/camera/world/agv1_confidence,1789456663.9393382,1789456663.9393382,0.5825
/camera/world/agv3_confidence,1789456663.9393992,1789456663.9393992,0.6143
/camera/world/agv2_confidence,1789456663.9394617,1789456663.9394617,0.6061
/camera/world/agv1_confidence,1789456663.9734848,1789456663.9734848,0.5765
/camera/world/agv2_confidence,1789456663.973667,1789456663.973667,0.6069
/camera/world/agv3_confidence,1789456663.973679,1789456663.973679,0.6117
/camera/world/agv2_confidence,1789456664.0029464,1789456664.0029464,0.5858
/camera/world/agv1_confidence,1789456664.0030925,1789456664.0030925,0.571
/camera/world/agv3_confidence,1789456664.003098,1789456664.003098,0.6117
/camera/world/agv2_confidence,1789456664.0409598,1789456664.0409598,0.6083
/camera/world/agv1_confidence,1789456664.0409765,1789456664.0409765,0.5496
/camera/world/agv3_confidence,1789456664.0410037,1789456664.0410037,0.6152
/camera/world/agv1_confidence,1789456664.0724037,1789456664.0724037,0.5808
/camera/world/agv3_confidence,1789456664.0724745,1789456664.0724745,0.6116
/camera/world/agv2_confidence,1789456664.072477,1789456664.072477,0.5991
/camera/world/agv1_confidence,1789456664.1052318,1789456664.1052318,0.5823
/camera/world/agv2_confidence,1789456664.1054163,1789456664.1054163,0.6023
/camera/world/agv3_confidence,1789456664.1054254,1789456664.1054254,0.6127
/camera/world/agv2_confidence,1789456664.1477008,1789456664.1477008,0.5754
/camera/world/agv1_confidence,1789456664.1478138,1789456664.1478138,0.5763
/camera/world/agv3_confidence,1789456664.1478264,1789456664.1478264,0.6094
/camera/world/agv2_confidence,1789456664.174435,1789456664.174435,0.5682
/camera/world/agv3_confidence,1789456664.1744943,1789456664.1744943,0.6097
/camera/world/agv1_confidence,1789456664.1745005,1789456664.1745005,0.5473
/camera/world/agv1_confidence,1789456664.206392,1789456664.206392,0.5892
/camera/world/agv3_confidence,1789456664.2066002,1789456664.2066002,0.6131
/camera/world/agv2_confidence,1789456664.2066147,1789456664.2066147,0.6066
/camera/world/agv1_confidence,1789456664.23909,1789456664.23909,0.5662
/camera/world/agv3_confidence,1789456664.2391684,1789456664.2391684,0.6115
/camera/world/agv2_confidence,1789456664.2391734,1789456664.2391734,0.5936
/camera/world/agv1_confidence,1789456664.2717793,1789456664.2717793,0.5774
/camera/world/agv2_confidence,1789456664.2719326,1789456664.2719326,0.588
/camera/world/agv3_confidence,1789456664.272121,1789456664.272121,0.6134
/camera/world/agv1_confidence,1789456664.3050396,1789456664.3050396,0.5618
/camera/world/agv2_confidence,1789456664.3052497,1789456664.3052497,0.5558
/camera/world/agv3_confidence,1789456664.3052583,1789456664.3052583,0.6145
/camera/world/agv1_confidence,1789456664.337302,1789456664.337302,0.5878
/camera/world/agv2_confidence,1789456664.3373609,1789456664.3373609,0.5962
/camera/world/agv3_confidence,1789456664.337429,1789456664.337429,0.6126
/camera/world/agv1_confidence,1789456664.3671927,1789456664.3671927,0.5932
/camera/world/agv3_confidence,1789456664.3672915,1789456664.3672915,0.6133
/camera/world/agv2_confidence,1789456664.3673122,1789456664.3673122,0.6023
/camera/world/agv1_confidence,1789456664.4066815,1789456664.4066815,0.5751
/camera/world/agv2_confidence,1789456664.4067128,1789456664.4067128,0.5881
/camera/world/agv3_confidence,1789456664.4069998,1789456664.4069998,0.6056
/camera/world/agv1_confidence,1789456664.4359472,1789456664.4359472,0.5786
/camera/world/agv2_confidence,1789456664.4360507,1789456664.4360507,0.6017
/camera/world/agv3_confidence,1789456664.43628,1789456664.43628,0.612
/camera/world/agv2_confidence,1789456664.4661257,1789456664.4661257,0.6066
/camera/world/agv1_confidence,1789456664.466204,1789456664.466204,0.5944
/camera/world/agv3_confidence,1789456664.4662058,1789456664.4662058,0.6128
/camera/world/agv2_confidence,1789456664.5052583,1789456664.5052583,0.6002
/camera/world/agv1_confidence,1789456664.5052755,1789456664.5052755,0.5887
/camera/world/agv3_confidence,1789456664.5054085,1789456664.5054085,0.6099
/camera/world/agv1_confidence,1789456664.533315,1789456664.533315,0.5816
/camera/world/agv2_confidence,1789456664.5333202,1789456664.5333202,0.5962
/camera/world/agv3_confidence,1789456664.5335014,1789456664.5335014,0.612
/camera/world/agv2_confidence,1789456664.5714564,1789456664.5714564,0.5987
/camera/world/agv1_confidence,1789456664.5715432,1789456664.5715432,0.5888
/camera/world/agv3_confidence,1789456664.5716658,1789456664.5716658,0.6142
/camera/world/agv1_confidence,1789456664.6023564,1789456664.6023564,0.5791
/camera/world/agv2_confidence,1789456664.602391,1789456664.602391,0.5964
/camera/world/agv3_confidence,1789456664.6024776,1789456664.6024776,0.6127
/camera/world/agv1_confidence,1789456664.6343384,1789456664.6343384,0.5741
/camera/world/agv3_confidence,1789456664.6346366,1789456664.6346366,0.6104
/camera/world/agv2_confidence,1789456664.6346688,1789456664.6346688,0.6026
/camera/world/agv2_confidence,1789456664.6740847,1789456664.6740847,0.5994
/camera/world/agv1_confidence,1789456664.674108,1789456664.674108,0.5902
/camera/world/agv3_confidence,1789456664.6742487,1789456664.6742487,0.6118
/camera/world/agv2_confidence,1789456664.7020378,1789456664.7020378,0.6051
/camera/world/agv1_confidence,1789456664.7020664,1789456664.7020664,0.5688
/camera/world/agv3_confidence,1789456664.702238,1789456664.702238,0.5882
/camera/world/agv3_confidence,1789456664.7349043,1789456664.7349043,0.6141
/camera/world/agv2_confidence,1789456664.7349327,1789456664.7349327,0.5984
/camera/world/agv1_confidence,1789456664.7349603,1789456664.7349603,0.5734
/camera/world/agv1_confidence,1789456664.76668,1789456664.76668,0.5789
/camera/world/agv2_confidence,1789456664.7667837,1789456664.7667837,0.5947
/camera/world/agv3_confidence,1789456664.7669213,1789456664.7669213,0.6119
/camera/world/agv1_confidence,1789456664.8083262,1789456664.8083262,0.5874
/camera/world/agv2_confidence,1789456664.8083985,1789456664.8083985,0.5988
/camera/world/agv3_confidence,1789456664.8085072,1789456664.8085072,0.613
/camera/world/agv3_confidence,1789456664.838768,1789456664.838768,0.6119
/camera/world/agv1_confidence,1789456664.8387895,1789456664.8387895,0.5923
/camera/world/agv2_confidence,1789456664.838872,1789456664.838872,0.5921
/camera/world/agv1_confidence,1789456664.867548,1789456664.867548,0.5912
/camera/world/agv2_confidence,1789456664.8676803,1789456664.8676803,0.5992
/camera/world/agv3_confidence,1789456664.8678143,1789456664.8678143,0.6133
/camera/world/agv1_confidence,1789456664.9065795,1789456664.9065795,0.5851
/camera/world/agv3_confidence,1789456664.9066453,1789456664.9066453,0.6096
/camera/world/agv2_confidence,1789456664.9066534,1789456664.9066534,0.5778
/camera/world/agv1_confidence,1789456664.9393957,1789456664.9393957,0.582
/camera/world/agv2_confidence,1789456664.9394643,1789456664.9394643,0.5998
/camera/world/agv3_confidence,1789456664.9395761,1789456664.9395761,0.6112
/camera/world/agv1_confidence,1789456664.969503,1789456664.969503,0.5848
/camera/world/agv3_confidence,1789456664.9697058,1789456664.9697058,0.6082
/camera/world/agv2_confidence,1789456664.969715,1789456664.969715,0.5909
/camera/world/agv1_confidence,1789456665.0007968,1789456665.0007968,0.5871
/camera/world/agv3_confidence,1789456665.0008683,1789456665.0008683,0.6121
/camera/world/agv2_confidence,1789456665.0008862,1789456665.0008862,0.5734
/camera/world/agv1_confidence,1789456665.0376139,1789456665.0376139,0.594
/camera/world/agv2_confidence,1789456665.037847,1789456665.037847,0.5843
/camera/world/agv3_confidence,1789456665.0378711,1789456665.0378711,0.6099
/camera/world/agv2_confidence,1789456665.0717914,1789456665.0717914,0.5782
/camera/world/agv1_confidence,1789456665.0719101,1789456665.0719101,0.5952
/camera/world/agv3_confidence,1789456665.0719132,1789456665.0719132,0.6093
/camera/world/agv1_confidence,1789456665.099844,1789456665.099844,0.5833
/camera/world/agv2_confidence,1789456665.0999143,1789456665.0999143,0.5716
/camera/world/agv3_confidence,1789456665.0999608,1789456665.0999608,0.6088
/camera/world/agv2_confidence,1789456665.1417432,1789456665.1417432,0.5957
/camera/world/agv1_confidence,1789456665.141797,1789456665.141797,0.5342
/camera/world/agv3_confidence,1789456665.1419764,1789456665.1419764,0.6131
/camera/world/agv2_confidence,1789456665.1695213,1789456665.1695213,0.6
/camera/world/agv3_confidence,1789456665.169555,1789456665.169555,0.6036
/camera/world/agv1_confidence,1789456665.1695602,1789456665.1695602,0.5896
/camera/world/agv2_confidence,1789456665.2035875,1789456665.2035875,0.5969
/camera/world/agv1_confidence,1789456665.2037723,1789456665.2037723,0.5916
/camera/world/agv3_confidence,1789456665.20383,1789456665.20383,0.6137
/camera/world/agv3_confidence,1789456665.232618,1789456665.232618,0.6105
/camera/world/agv2_confidence,1789456665.2326305,1789456665.2326305,0.5923
/camera/world/agv1_confidence,1789456665.232637,1789456665.232637,0.578
/camera/world/agv1_confidence,1789456665.274939,1789456665.274939,0.5957
/camera/world/agv3_confidence,1789456665.2751372,1789456665.2751372,0.6115
/camera/world/agv2_confidence,1789456665.275183,1789456665.275183,0.5945
/camera/world/agv1_confidence,1789456665.315593,1789456665.315593,0.5638
/camera/world/agv2_confidence,1789456665.3157122,1789456665.3157122,0.5841
/camera/world/agv3_confidence,1789456665.3160217,1789456665.3160217,0.6127
/camera/world/agv1_confidence,1789456665.3349733,1789456665.3349733,0.5949
/camera/world/agv2_confidence,1789456665.335018,1789456665.335018,0.5974
/camera/world/agv3_confidence,1789456665.3352478,1789456665.3352478,0.6122
/camera/world/agv1_confidence,1789456665.366714,1789456665.366714,0.5711
/camera/world/agv3_confidence,1789456665.366763,1789456665.366763,0.5802
/camera/world/agv2_confidence,1789456665.3669295,1789456665.3669295,0.6028
/camera/world/agv1_confidence,1789456665.4069436,1789456665.4069436,0.5911
/camera/world/agv2_confidence,1789456665.406974,1789456665.406974,0.5837
/camera/world/agv3_confidence,1789456665.4072468,1789456665.4072468,0.6088
/camera/world/agv3_confidence,1789456665.4397564,1789456665.4397564,0.5824
/camera/world/agv1_confidence,1789456665.4398556,1789456665.4398556,0.5874
/camera/world/agv2_confidence,1789456665.4400136,1789456665.4400136,0.6029
/camera/world/agv1_confidence,1789456665.4709008,1789456665.4709008,0.5874
/camera/world/agv3_confidence,1789456665.470939,1789456665.470939,0.6121
/camera/world/agv2_confidence,1789456665.4709501,1789456665.4709501,0.5923
/camera/world/agv3_confidence,1789456665.4997215,1789456665.4997215,0.6022
/camera/world/agv2_confidence,1789456665.4997892,1789456665.4997892,0.573
/camera/world/agv1_confidence,1789456665.49982,1789456665.49982,0.5249
/camera/world/agv1_confidence,1789456665.5371819,1789456665.5371819,0.593
/camera/world/agv2_confidence,1789456665.537194,1789456665.537194,0.5972
/camera/world/agv3_confidence,1789456665.5374694,1789456665.5374694,0.6119
/camera/world/agv1_confidence,1789456665.5670502,1789456665.5670502,0.5894
/camera/world/agv2_confidence,1789456665.567192,1789456665.567192,0.5927
/camera/world/agv3_confidence,1789456665.5673277,1789456665.5673277,0.6093
/camera/world/agv2_confidence,1789456665.6006682,1789456665.6006682,0.578
/camera/world/agv3_confidence,1789456665.6007438,1789456665.6007438,0.6048
/camera/world/agv1_confidence,1789456665.60076,1789456665.60076,0.5914
/camera/world/agv2_confidence,1789456665.6388628,1789456665.6388628,0.5998
/camera/world/agv1_confidence,1789456665.6388853,1789456665.6388853,0.591
/camera/world/agv3_confidence,1789456665.6390104,1789456665.6390104,0.5977
/camera/world/agv1_confidence,1789456665.672513,1789456665.672513,0.5904
/camera/world/agv2_confidence,1789456665.6726034,1789456665.6726034,0.5798
/camera/world/agv3_confidence,1789456665.6726747,1789456665.6726747,0.6114
/camera/world/agv3_confidence,1789456665.7034495,1789456665.7034495,0.6125
/camera/world/agv1_confidence,1789456665.7034733,1789456665.7034733,0.5945
/camera/world/agv2_confidence,1789456665.7035122,1789456665.7035122,0.5905
/camera/world/agv1_confidence,1789456665.748679,1789456665.748679,0.5728
/camera/world/agv2_confidence,1789456665.7487268,1789456665.7487268,0.5957
/camera/world/agv3_confidence,1789456665.7488575,1789456665.7488575,0.6091
/camera/world/agv2_confidence,1789456665.7693334,1789456665.7693334,0.5905
/camera/world/agv3_confidence,1789456665.7693896,1789456665.7693896,0.6108
/camera/world/agv1_confidence,1789456665.7693973,1789456665.7693973,0.595
/camera/world/agv1_confidence,1789456665.7983398,1789456665.7983398,0.5769
/camera/world/agv2_confidence,1789456665.7985299,1789456665.7985299,0.5937
/camera/world/agv3_confidence,1789456665.7986844,1789456665.7986844,0.5992
/camera/world/agv1_confidence,1789456665.8334863,1789456665.8334863,0.5945
/camera/world/agv2_confidence,1789456665.8337247,1789456665.8337247,0.5914
/camera/world/agv3_confidence,1789456665.8339586,1789456665.8339586,0.5768
/camera/world/agv1_confidence,1789456665.8692892,1789456665.8692892,0.5806
/camera/world/agv2_confidence,1789456665.8693502,1789456665.8693502,0.5964
/camera/world/agv3_confidence,1789456665.8695269,1789456665.8695269,0.6099
/camera/world/agv2_confidence,1789456665.9012537,1789456665.9012537,0.5965
/camera/world/agv3_confidence,1789456665.9013343,1789456665.9013343,0.6104
/camera/world/agv1_confidence,1789456665.9013705,1789456665.9013705,0.5794
/camera/world/agv1_confidence,1789456665.9393575,1789456665.9393575,0.5917
/camera/world/agv2_confidence,1789456665.9393651,1789456665.9393651,0.5903
/camera/world/agv3_confidence,1789456665.9395847,1789456665.9395847,0.6112
/camera/world/agv3_confidence,1789456665.9693391,1789456665.9693391,0.6034
/camera/world/agv1_confidence,1789456665.9693696,1789456665.9693696,0.5903
/camera/world/agv2_confidence,1789456665.96939,1789456665.96939,0.5976
/camera/world/agv2_confidence,1789456666.003429,1789456666.003429,0.5953
/camera/world/agv1_confidence,1789456666.003561,1789456666.003561,0.5871
/camera/world/agv3_confidence,1789456666.003606,1789456666.003606,0.6087
/camera/world/agv1_confidence,1789456666.0416474,1789456666.0416474,0.5891
/camera/world/agv3_confidence,1789456666.0417068,1789456666.0417068,0.5882
/camera/world/agv2_confidence,1789456666.041715,1789456666.041715,0.5908
/camera/world/agv3_confidence,1789456666.0693839,1789456666.0693839,0.6098
/camera/world/agv2_confidence,1789456666.0693874,1789456666.0693874,0.5917
/camera/world/agv1_confidence,1789456666.0694437,1789456666.0694437,0.5895
/camera/world/agv2_confidence,1789456666.1082878,1789456666.1082878,0.5705
/camera/world/agv1_confidence,1789456666.1083803,1789456666.1083803,0.588
/camera/world/agv3_confidence,1789456666.1083891,1789456666.1083891,0.6101
/camera/world/agv1_confidence,1789456666.1395226,1789456666.1395226,0.5495
/camera/world/agv3_confidence,1789456666.1396213,1789456666.1396213,0.6112
/camera/world/agv2_confidence,1789456666.1397197,1789456666.1397197,0.5933
/camera/world/agv2_confidence,1789456666.1750875,1789456666.1750875,0.5917
/camera/world/agv3_confidence,1789456666.1751525,1789456666.1751525,0.6081
/camera/world/agv1_confidence,1789456666.1751838,1789456666.1751838,0.5774
/camera/world/agv2_confidence,1789456666.2069898,1789456666.2069898,0.5881
/camera/world/agv1_confidence,1789456666.207032,1789456666.207032,0.5908
/camera/world/agv3_confidence,1789456666.2070508,1789456666.2070508,0.554
/camera/world/agv1_confidence,1789456666.237854,1789456666.237854,0.5911
/camera/world/agv3_confidence,1789456666.2379754,1789456666.2379754,0.606
/camera/world/agv2_confidence,1789456666.2380273,1789456666.2380273,0.5807
/camera/world/agv1_confidence,1789456666.2740457,1789456666.2740457,0.5402
/camera/world/agv3_confidence,1789456666.2741005,1789456666.2741005,0.5778
/camera/world/agv2_confidence,1789456666.2741127,1789456666.2741127,0.5969
/camera/world/agv1_confidence,1789456666.3101978,1789456666.3101978,0.5608
/camera/world/agv3_confidence,1789456666.310237,1789456666.310237,0.6095
/camera/world/agv2_confidence,1789456666.3103275,1789456666.3103275,0.59
/camera/world/agv2_confidence,1789456666.335447,1789456666.335447,0.5933
/camera/world/agv1_confidence,1789456666.3354638,1789456666.3354638,0.5938
/camera/world/agv3_confidence,1789456666.3356369,1789456666.3356369,0.5831
/camera/world/agv2_confidence,1789456666.3745096,1789456666.3745096,0.5814
/camera/world/agv3_confidence,1789456666.3745937,1789456666.3745937,0.5993
/camera/world/agv1_confidence,1789456666.3746943,1789456666.3746943,0.5866
/camera/world/agv1_confidence,1789456666.4118342,1789456666.4118342,0.5955
/camera/world/agv3_confidence,1789456666.4118583,1789456666.4118583,0.597
/camera/world/agv2_confidence,1789456666.4118605,1789456666.4118605,0.5865
/camera/world/agv3_confidence,1789456666.4438822,1789456666.4438822,0.5751
/camera/world/agv2_confidence,1789456666.4439445,1789456666.4439445,0.5765
/camera/world/agv1_confidence,1789456666.4439662,1789456666.4439662,0.562
/camera/world/agv1_confidence,1789456666.472004,1789456666.472004,0.5529
/camera/world/agv3_confidence,1789456666.472017,1789456666.472017,0.6029
/camera/world/agv2_confidence,1789456666.472022,1789456666.472022,0.5914
/camera/world/agv2_confidence,1789456666.5048962,1789456666.5048962,0.5952
/camera/world/agv1_confidence,1789456666.505085,1789456666.505085,0.5901
/camera/world/agv3_confidence,1789456666.5051978,1789456666.5051978,0.592
/camera/world/agv1_confidence,1789456666.5361025,1789456666.5361025,0.596
/camera/world/agv3_confidence,1789456666.536133,1789456666.536133,0.5989
/camera/world/agv2_confidence,1789456666.536265,1789456666.536265,0.5919
/camera/world/agv1_confidence,1789456666.574506,1789456666.574506,0.5906
/camera/world/agv2_confidence,1789456666.5746555,1789456666.5746555,0.5919
/camera/world/agv3_confidence,1789456666.574675,1789456666.574675,0.6096
/camera/world/agv1_confidence,1789456666.6080458,1789456666.6080458,0.5922
/camera/world/agv2_confidence,1789456666.6080549,1789456666.6080549,0.5948
/camera/world/agv3_confidence,1789456666.6083531,1789456666.6083531,0.5904
/camera/world/agv3_confidence,1789456666.6384833,1789456666.6384833,0.5553
/camera/world/agv1_confidence,1789456666.638497,1789456666.638497,0.5954
/camera/world/agv2_confidence,1789456666.6386385,1789456666.6386385,0.5939
/camera/world/agv1_confidence,1789456666.6696646,1789456666.6696646,0.5943
/camera/world/agv2_confidence,1789456666.6697998,1789456666.6697998,0.5971
/camera/world/agv3_confidence,1789456666.6699538,1789456666.6699538,0.6014
/camera/world/agv1_confidence,1789456666.7030745,1789456666.7030745,0.5944
/camera/world/agv2_confidence,1789456666.7032416,1789456666.7032416,0.5858
/camera/world/agv3_confidence,1789456666.7033873,1789456666.7033873,0.5915
/camera/world/agv1_confidence,1789456666.7371755,1789456666.7371755,0.5949
/camera/world/agv3_confidence,1789456666.73727,1789456666.73727,0.6114
/camera/world/agv2_confidence,1789456666.7372887,1789456666.7372887,0.596
/camera/world/agv1_confidence,1789456666.768612,1789456666.768612,0.5954
/camera/world/agv3_confidence,1789456666.7687767,1789456666.7687767,0.6086
/camera/world/agv2_confidence,1789456666.7687924,1789456666.7687924,0.5949
/camera/world/agv2_confidence,1789456666.8036296,1789456666.8036296,0.5926
/camera/world/agv1_confidence,1789456666.8036613,1789456666.8036613,0.5948
/camera/world/agv3_confidence,1789456666.8036983,1789456666.8036983,0.6073
/camera/world/agv1_confidence,1789456666.8403885,1789456666.8403885,0.5957
/camera/world/agv2_confidence,1789456666.8404176,1789456666.8404176,0.5928
/camera/world/agv3_confidence,1789456666.8405874,1789456666.8405874,0.6113
/camera/world/agv3_confidence,1789456666.8778515,1789456666.8778515,0.6076
/camera/world/agv1_confidence,1789456666.877869,1789456666.877869,0.5957
/camera/world/agv2_confidence,1789456666.8778858,1789456666.8778858,0.5663
/camera/world/agv1_confidence,1789456666.897465,1789456666.897465,0.595
/camera/world/agv2_confidence,1789456666.8975716,1789456666.8975716,0.5864
/camera/world/agv3_confidence,1789456666.8977141,1789456666.8977141,0.5947
/camera/world/agv1_confidence,1789456666.939813,1789456666.939813,0.5466
/camera/world/agv3_confidence,1789456666.939843,1789456666.939843,0.6041
/camera/world/agv2_confidence,1789456666.9400089,1789456666.9400089,0.5904
/camera/world/agv3_confidence,1789456666.9683795,1789456666.9683795,0.6106
/camera/world/agv1_confidence,1789456666.9684346,1789456666.9684346,0.5966
/camera/world/agv2_confidence,1789456666.968503,1789456666.968503,0.589
/camera/world/agv1_confidence,1789456667.0009089,1789456667.0009089,0.5959
/camera/world/agv2_confidence,1789456667.000912,1789456667.000912,0.5898
/camera/world/agv3_confidence,1789456667.0009606,1789456667.0009606,0.6101
/camera/world/agv3_confidence,1789456667.0375059,1789456667.0375059,0.6075
/camera/world/agv1_confidence,1789456667.03758,1789456667.03758,0.5975
/camera/world/agv2_confidence,1789456667.0376627,1789456667.0376627,0.5932
/camera/world/agv3_confidence,1789456667.0674465,1789456667.0674465,0.6062
/camera/world/agv1_confidence,1789456667.067466,1789456667.067466,0.5924
/camera/world/agv2_confidence,1789456667.0674944,1789456667.0674944,0.591
/camera/world/agv3_confidence,1789456667.1111078,1789456667.1111078,0.6007
/camera/world/agv1_confidence,1789456667.1111183,1789456667.1111183,0.5657
/camera/world/agv2_confidence,1789456667.1111865,1789456667.1111865,0.5951
/camera/world/agv2_confidence,1789456667.140515,1789456667.140515,0.5784
/camera/world/agv1_confidence,1789456667.140539,1789456667.140539,0.5963
/camera/world/agv3_confidence,1789456667.1406796,1789456667.1406796,0.6105
/camera/world/agv1_confidence,1789456667.1688108,1789456667.1688108,0.5947
/camera/world/agv3_confidence,1789456667.1688707,1789456667.1688707,0.6085
/camera/world/agv2_confidence,1789456667.1689806,1789456667.1689806,0.5812
/camera/world/agv1_confidence,1789456667.2011094,1789456667.2011094,0.5683
/camera/world/agv3_confidence,1789456667.2012963,1789456667.2012963,0.6061
/camera/world/agv2_confidence,1789456667.20134,1789456667.20134,0.5841
/camera/world/agv1_confidence,1789456667.2449198,1789456667.2449198,0.5945
/camera/world/agv2_confidence,1789456667.2449934,1789456667.2449934,0.5923
/camera/world/agv3_confidence,1789456667.2452564,1789456667.2452564,0.5898
/camera/world/agv1_confidence,1789456667.2674706,1789456667.2674706,0.5964
/camera/world/agv3_confidence,1789456667.2674735,1789456667.2674735,0.6065
/camera/world/agv2_confidence,1789456667.2675102,1789456667.2675102,0.594
/camera/world/agv2_confidence,1789456667.3035562,1789456667.3035562,0.5902
/camera/world/agv1_confidence,1789456667.303606,1789456667.303606,0.5954
/camera/world/agv3_confidence,1789456667.303624,1789456667.303624,0.6094
/camera/world/agv1_confidence,1789456667.3350108,1789456667.3350108,0.5956
/camera/world/agv3_confidence,1789456667.3351595,1789456667.3351595,0.6103
/camera/world/agv2_confidence,1789456667.3352115,1789456667.3352115,0.5549
/camera/world/agv3_confidence,1789456667.37022,1789456667.37022,0.607
/camera/world/agv1_confidence,1789456667.3703055,1789456667.3703055,0.5957
/camera/world/agv2_confidence,1789456667.3703573,1789456667.3703573,0.5871
/camera/world/agv3_confidence,1789456667.403425,1789456667.403425,0.6067
/camera/world/agv2_confidence,1789456667.4034493,1789456667.4034493,0.576
/camera/world/agv1_confidence,1789456667.403478,1789456667.403478,0.5962
/camera/world/agv2_confidence,1789456667.4350328,1789456667.4350328,0.5845
/camera/world/agv1_confidence,1789456667.4350564,1789456667.4350564,0.5966
/camera/world/agv3_confidence,1789456667.4351792,1789456667.4351792,0.5935
/camera/world/agv1_confidence,1789456667.4682722,1789456667.4682722,0.5953
/camera/world/agv2_confidence,1789456667.4683075,1789456667.4683075,0.5846
/camera/world/agv3_confidence,1789456667.46848,1789456667.46848,0.6065
/camera/world/agv1_confidence,1789456667.5078273,1789456667.5078273,0.5958
/camera/world/agv3_confidence,1789456667.5078797,1789456667.5078797,0.6074
/camera/world/agv2_confidence,1789456667.5078874,1789456667.5078874,0.5922
/camera/world/agv2_confidence,1789456667.5388248,1789456667.5388248,0.5804
/camera/world/agv3_confidence,1789456667.5389364,1789456667.5389364,0.6043
/camera/world/agv1_confidence,1789456667.5389595,1789456667.5389595,0.5711
/camera/world/agv1_confidence,1789456667.569177,1789456667.569177,0.5942
/camera/world/agv2_confidence,1789456667.5692825,1789456667.5692825,0.5848
/camera/world/agv3_confidence,1789456667.5694654,1789456667.5694654,0.6081
/camera/world/agv2_confidence,1789456667.6043978,1789456667.6043978,0.5915
/camera/world/agv3_confidence,1789456667.6044912,1789456667.6044912,0.6004
/camera/world/agv1_confidence,1789456667.6044927,1789456667.6044927,0.572
/camera/world/agv1_confidence,1789456667.6365519,1789456667.6365519,0.5944
/camera/world/agv2_confidence,1789456667.636586,1789456667.636586,0.5901
/camera/world/agv3_confidence,1789456667.636843,1789456667.636843,0.5992
/camera/world/agv1_confidence,1789456667.6699772,1789456667.6699772,0.5938
/camera/world/agv3_confidence,1789456667.6699831,1789456667.6699831,0.6095
/camera/world/agv2_confidence,1789456667.6702166,1789456667.6702166,0.5875
/camera/world/agv1_confidence,1789456667.70145,1789456667.70145,0.5977
/camera/world/agv3_confidence,1789456667.7015135,1789456667.7015135,0.6099
/camera/world/agv2_confidence,1789456667.7015257,1789456667.7015257,0.5883
/camera/world/agv1_confidence,1789456667.7428489,1789456667.7428489,0.5971
/camera/world/agv2_confidence,1789456667.7428517,1789456667.7428517,0.5909
/camera/world/agv3_confidence,1789456667.7430496,1789456667.7430496,0.6058
/camera/world/agv1_confidence,1789456667.773946,1789456667.773946,0.596
/camera/world/agv2_confidence,1789456667.774175,1789456667.774175,0.5844
/camera/world/agv3_confidence,1789456667.7743266,1789456667.7743266,0.5944
/camera/world/agv1_confidence,1789456667.8065183,1789456667.8065183,0.5966
/camera/world/agv2_confidence,1789456667.8066497,1789456667.8066497,0.576
/camera/world/agv3_confidence,1789456667.8068407,1789456667.8068407,0.6026
/camera/world/agv1_confidence,1789456667.8346426,1789456667.8346426,0.5971
/camera/world/agv2_confidence,1789456667.8347042,1789456667.8347042,0.5843
/camera/world/agv3_confidence,1789456667.8349116,1789456667.8349116,0.6063
/camera/world/agv2_confidence,1789456667.8647864,1789456667.8647864,0.5867
/camera/world/agv1_confidence,1789456667.8649604,1789456667.8649604,0.5945
/camera/world/agv3_confidence,1789456667.8650315,1789456667.8650315,0.6067
/camera/world/agv2_confidence,1789456667.9048812,1789456667.9048812,0.5921
/camera/world/agv1_confidence,1789456667.9048831,1789456667.9048831,0.5965
/camera/world/agv3_confidence,1789456667.9049761,1789456667.9049761,0.5987
/camera/world/agv1_confidence,1789456667.9362268,1789456667.9362268,0.5954
/camera/world/agv2_confidence,1789456667.9364061,1789456667.9364061,0.5901
/camera/world/agv3_confidence,1789456667.936537,1789456667.936537,0.5894
/camera/world/agv1_confidence,1789456667.9792516,1789456667.9792516,0.5972
/camera/world/agv2_confidence,1789456667.9793465,1789456667.9793465,0.5906
/camera/world/agv3_confidence,1789456667.979457,1789456667.979457,0.5999
/camera/world/agv1_confidence,1789456668.004116,1789456668.004116,0.5953
/camera/world/agv2_confidence,1789456668.0041516,1789456668.0041516,0.5743
/camera/world/agv3_confidence,1789456668.0043488,1789456668.0043488,0.6072
/camera/world/agv1_confidence,1789456668.0330474,1789456668.0330474,0.596
/camera/world/agv3_confidence,1789456668.0331378,1789456668.0331378,0.5946
/camera/world/agv2_confidence,1789456668.0332177,1789456668.0332177,0.5638
/camera/world/agv2_confidence,1789456668.0728304,1789456668.0728304,0.589
/camera/world/agv1_confidence,1789456668.072857,1789456668.072857,0.5954
/camera/world/agv3_confidence,1789456668.0729465,1789456668.0729465,0.6
/camera/world/agv1_confidence,1789456668.1064548,1789456668.1064548,0.5962
/camera/world/agv3_confidence,1789456668.1064904,1789456668.1064904,0.5825
/camera/world/agv2_confidence,1789456668.1066196,1789456668.1066196,0.5901
/camera/world/agv1_confidence,1789456668.1353862,1789456668.1353862,0.5956
/camera/world/agv3_confidence,1789456668.1357245,1789456668.1357245,0.5932
/camera/world/agv2_confidence,1789456668.135903,1789456668.135903,0.5927
/camera/world/agv1_confidence,1789456668.1856768,1789456668.1856768,0.596
/camera/world/agv2_confidence,1789456668.185723,1789456668.185723,0.5678
/camera/world/agv3_confidence,1789456668.1857274,1789456668.1857274,0.5792
/camera/world/agv2_confidence,1789456668.2009952,1789456668.2009952,0.5872
/camera/world/agv1_confidence,1789456668.2010808,1789456668.2010808,0.5956
/camera/world/agv3_confidence,1789456668.2011611,1789456668.2011611,0.5927
/camera/world/agv1_confidence,1789456668.2414749,1789456668.2414749,0.5963
/camera/world/agv3_confidence,1789456668.2416215,1789456668.2416215,0.5909
/camera/world/agv2_confidence,1789456668.2417402,1789456668.2417402,0.5835
/camera/world/agv1_confidence,1789456668.2777865,1789456668.2777865,0.5959
/camera/world/agv3_confidence,1789456668.277874,1789456668.277874,0.5996
/camera/world/agv2_confidence,1789456668.2779233,1789456668.2779233,0.5904
/camera/world/agv1_confidence,1789456668.305083,1789456668.305083,0.5952
/camera/world/agv3_confidence,1789456668.305373,1789456668.305373,0.5979
/camera/world/agv2_confidence,1789456668.305453,1789456668.305453,0.592
/camera/world/agv1_confidence,1789456668.3397067,1789456668.3397067,0.598
/camera/world/agv2_confidence,1789456668.3397672,1789456668.3397672,0.5898
/camera/world/agv3_confidence,1789456668.3399522,1789456668.3399522,0.5861
/camera/world/agv2_confidence,1789456668.3748384,1789456668.3748384,0.5888
/camera/world/agv1_confidence,1789456668.3749213,1789456668.3749213,0.5966
/camera/world/agv3_confidence,1789456668.3749304,1789456668.3749304,0.5899
/camera/world/agv1_confidence,1789456668.430601,1789456668.430601,0.5953
/camera/world/agv2_confidence,1789456668.4307387,1789456668.4307387,0.5819
/camera/world/agv3_confidence,1789456668.430741,1789456668.430741,0.5745
/camera/world/agv1_confidence,1789456668.4424913,1789456668.4424913,0.5984
/camera/world/agv3_confidence,1789456668.442686,1789456668.442686,0.5902
/camera/world/agv2_confidence,1789456668.4427063,1789456668.4427063,0.5701
/camera/world/agv1_confidence,1789456668.472154,1789456668.472154,0.5978
/camera/world/agv3_confidence,1789456668.4723437,1789456668.4723437,0.5906
/camera/world/agv2_confidence,1789456668.4723516,1789456668.4723516,0.5662
/camera/world/agv3_confidence,1789456668.5025008,1789456668.5025008,0.6092
/camera/world/agv2_confidence,1789456668.5025082,1789456668.5025082,0.591
/camera/world/agv1_confidence,1789456668.5025835,1789456668.5025835,0.5974
/camera/world/agv1_confidence,1789456668.5408003,1789456668.5408003,0.5768
/camera/world/agv2_confidence,1789456668.5408165,1789456668.5408165,0.5793
/camera/world/agv3_confidence,1789456668.5411103,1789456668.5411103,0.6076
/camera/world/agv2_confidence,1789456668.5702627,1789456668.5702627,0.5872
/camera/world/agv1_confidence,1789456668.5702903,1789456668.5702903,0.5959
/camera/world/agv3_confidence,1789456668.5705884,1789456668.5705884,0.6084
/camera/world/agv1_confidence,1789456668.6050572,1789456668.6050572,0.5957
/camera/world/agv2_confidence,1789456668.6051276,1789456668.6051276,0.5883
/camera/world/agv3_confidence,1789456668.605265,1789456668.605265,0.6064
/camera/world/agv2_confidence,1789456668.6384635,1789456668.6384635,0.5803
/camera/world/agv3_confidence,1789456668.638484,1789456668.638484,0.6054
/camera/world/agv1_confidence,1789456668.6385274,1789456668.6385274,0.5959
/camera/world/agv1_confidence,1789456668.6657832,1789456668.6657832,0.5941
/camera/world/agv3_confidence,1789456668.665869,1789456668.665869,0.561
/camera/world/agv2_confidence,1789456668.6658778,1789456668.6658778,0.5832
/camera/world/agv1_confidence,1789456668.7042613,1789456668.7042613,0.5948
/camera/world/agv2_confidence,1789456668.704332,1789456668.704332,0.5903
/camera/world/agv3_confidence,1789456668.7045724,1789456668.7045724,0.5613
/camera/world/agv2_confidence,1789456668.7357194,1789456668.7357194,0.5696
/camera/world/agv1_confidence,1789456668.73591,1789456668.73591,0.595
/camera/world/agv3_confidence,1789456668.7359295,1789456668.7359295,0.5497
/camera/world/agv1_confidence,1789456668.7670872,1789456668.7670872,0.5947
/camera/world/agv2_confidence,1789456668.7672966,1789456668.7672966,0.581
/camera/world/agv3_confidence,1789456668.7674012,1789456668.7674012,0.6076
/camera/world/agv2_confidence,1789456668.8034027,1789456668.8034027,0.5896
/camera/world/agv1_confidence,1789456668.8034642,1789456668.8034642,0.595
/camera/world/agv3_confidence,1789456668.803664,1789456668.803664,0.6051
/camera/world/agv2_confidence,1789456668.833931,1789456668.833931,0.5898
/camera/world/agv1_confidence,1789456668.8339393,1789456668.8339393,0.5946
/camera/world/agv3_confidence,1789456668.8340523,1789456668.8340523,0.5989
/camera/world/agv1_confidence,1789456668.8702426,1789456668.8702426,0.5945
/camera/world/agv2_confidence,1789456668.8703084,1789456668.8703084,0.5664
/camera/world/agv3_confidence,1789456668.8704531,1789456668.8704531,0.605
/camera/world/agv1_confidence,1789456668.8998008,1789456668.8998008,0.5947
/camera/world/agv2_confidence,1789456668.900016,1789456668.900016,0.574
/camera/world/agv3_confidence,1789456668.900032,1789456668.900032,0.6041
/camera/world/agv2_confidence,1789456668.9393547,1789456668.9393547,0.5872
/camera/world/agv3_confidence,1789456668.9393992,1789456668.9393992,0.5854
/camera/world/agv1_confidence,1789456668.939415,1789456668.939415,0.5949
/camera/world/agv1_confidence,1789456668.9721975,1789456668.9721975,0.5937
/camera/world/agv2_confidence,1789456668.9723554,1789456668.9723554,0.5899
/camera/world/agv3_confidence,1789456668.97241,1789456668.97241,0.5809
/camera/world/agv1_confidence,1789456669.006009,1789456669.006009,0.592
/camera/world/agv3_confidence,1789456669.0061126,1789456669.0061126,0.5989
/camera/world/agv2_confidence,1789456669.0061154,1789456669.0061154,0.5873
/camera/world/agv2_confidence,1789456669.0392513,1789456669.0392513,0.5904
/camera/world/agv1_confidence,1789456669.039387,1789456669.039387,0.5957
/camera/world/agv3_confidence,1789456669.0394833,1789456669.0394833,0.5956
/camera/world/agv2_confidence,1789456669.0687234,1789456669.0687234,0.5903
/camera/world/agv1_confidence,1789456669.068978,1789456669.068978,0.5913
/camera/world/agv3_confidence,1789456669.0690107,1789456669.0690107,0.5809
/camera/world/agv2_confidence,1789456669.0999486,1789456669.0999486,0.5841
/camera/world/agv1_confidence,1789456669.1000361,1789456669.1000361,0.5942
/camera/world/agv3_confidence,1789456669.100186,1789456669.100186,0.5806
/camera/world/agv1_confidence,1789456669.1413307,1789456669.1413307,0.596
/camera/world/agv3_confidence,1789456669.1413448,1789456669.1413448,0.6055
/camera/world/agv2_confidence,1789456669.1415243,1789456669.1415243,0.5844
/camera/world/agv3_confidence,1789456669.169194,1789456669.169194,0.6062
/camera/world/agv2_confidence,1789456669.1692162,1789456669.1692162,0.5848
/camera/world/agv1_confidence,1789456669.1692562,1789456669.1692562,0.5958
/camera/world/agv1_confidence,1789456669.2069244,1789456669.2069244,0.5939
/camera/world/agv3_confidence,1789456669.2069385,1789456669.2069385,0.6074
/camera/world/agv2_confidence,1789456669.2070086,1789456669.2070086,0.5688
/camera/world/agv1_confidence,1789456669.2380595,1789456669.2380595,0.573
/camera/world/agv3_confidence,1789456669.2381094,1789456669.2381094,0.5314
/camera/world/agv2_confidence,1789456669.2381124,1789456669.2381124,0.5864
/camera/world/agv1_confidence,1789456669.2688298,1789456669.2688298,0.5931
/camera/world/agv2_confidence,1789456669.2688344,1789456669.2688344,0.5907
/camera/world/agv3_confidence,1789456669.2690783,1789456669.2690783,0.568
/camera/world/agv2_confidence,1789456669.2978399,1789456669.2978399,0.5876
/camera/world/agv1_confidence,1789456669.2979546,1789456669.2979546,0.5745
/camera/world/agv3_confidence,1789456669.2980316,1789456669.2980316,0.5824
/camera/world/agv1_confidence,1789456669.336061,1789456669.336061,0.5945
/camera/world/agv2_confidence,1789456669.3361883,1789456669.3361883,0.5886
/camera/world/agv3_confidence,1789456669.3363235,1789456669.3363235,0.5952
/camera/world/agv1_confidence,1789456669.3704324,1789456669.3704324,0.5923
/camera/world/agv2_confidence,1789456669.3705432,1789456669.3705432,0.5904
/camera/world/agv3_confidence,1789456669.3706493,1789456669.3706493,0.6063
/camera/world/agv1_confidence,1789456669.413872,1789456669.413872,0.5927
/camera/world/agv3_confidence,1789456669.4139702,1789456669.4139702,0.6075
/camera/world/agv2_confidence,1789456669.4140553,1789456669.4140553,0.5874
/camera/world/agv2_confidence,1789456669.4385943,1789456669.4385943,0.5875
/camera/world/agv1_confidence,1789456669.438631,1789456669.438631,0.5936
/camera/world/agv3_confidence,1789456669.4386718,1789456669.4386718,0.6083
/camera/world/agv1_confidence,1789456669.4723382,1789456669.4723382,0.5941
/camera/world/agv3_confidence,1789456669.472368,1789456669.472368,0.6072
/camera/world/agv2_confidence,1789456669.4724338,1789456669.4724338,0.5866
/camera/world/agv1_confidence,1789456669.5029397,1789456669.5029397,0.5934
/camera/world/agv3_confidence,1789456669.5029576,1789456669.5029576,0.5736
/camera/world/agv2_confidence,1789456669.5030544,1789456669.5030544,0.5907
/camera/world/agv1_confidence,1789456669.535705,1789456669.535705,0.5941
/camera/world/agv3_confidence,1789456669.5360067,1789456669.5360067,0.5941
/camera/world/agv2_confidence,1789456669.5360212,1789456669.5360212,0.585
/camera/world/agv1_confidence,1789456669.5741525,1789456669.5741525,0.5945
/camera/world/agv2_confidence,1789456669.5742993,1789456669.5742993,0.5905
/camera/world/agv3_confidence,1789456669.5744545,1789456669.5744545,0.5632
/camera/world/agv1_confidence,1789456669.6023684,1789456669.6023684,0.5948
/camera/world/agv2_confidence,1789456669.6024122,1789456669.6024122,0.5861
/camera/world/agv3_confidence,1789456669.602813,1789456669.602813,0.5641
/camera/world/agv1_confidence,1789456669.6334627,1789456669.6334627,0.5948
/camera/world/agv2_confidence,1789456669.6336086,1789456669.6336086,0.5903
/camera/world/agv3_confidence,1789456669.6336632,1789456669.6336632,0.6046
/camera/world/agv1_confidence,1789456669.6687992,1789456669.6687992,0.5923
/camera/world/agv2_confidence,1789456669.6688497,1789456669.6688497,0.5882
/camera/world/agv3_confidence,1789456669.668879,1789456669.668879,0.5947
/camera/world/agv1_confidence,1789456669.70375,1789456669.70375,0.5935
/camera/world/agv3_confidence,1789456669.7039046,1789456669.7039046,0.5977
/camera/world/agv2_confidence,1789456669.703933,1789456669.703933,0.5899
/camera/world/agv1_confidence,1789456669.734622,1789456669.734622,0.5928
/camera/world/agv3_confidence,1789456669.7346776,1789456669.7346776,0.5829
/camera/world/agv2_confidence,1789456669.734693,1789456669.734693,0.5889
/camera/world/agv1_confidence,1789456669.7695048,1789456669.7695048,0.5934
/camera/world/agv3_confidence,1789456669.7695677,1789456669.7695677,0.6035
/camera/world/agv2_confidence,1789456669.7695832,1789456669.7695832,0.5876
/camera/world/agv1_confidence,1789456669.8022203,1789456669.8022203,0.5931
/camera/world/agv2_confidence,1789456669.8023121,1789456669.8023121,0.59
/camera/world/agv3_confidence,1789456669.8024485,1789456669.8024485,0.5956
/camera/world/agv1_confidence,1789456669.8372638,1789456669.8372638,0.5923
/camera/world/agv3_confidence,1789456669.8375163,1789456669.8375163,0.5991
/camera/world/agv2_confidence,1789456669.8375278,1789456669.8375278,0.5879
/camera/world/agv1_confidence,1789456669.8666928,1789456669.8666928,0.589
/camera/world/agv2_confidence,1789456669.8669353,1789456669.8669353,0.5883
/camera/world/agv3_confidence,1789456669.8670175,1789456669.8670175,0.6002
/camera/world/agv1_confidence,1789456669.9047832,1789456669.9047832,0.5919
/camera/world/agv2_confidence,1789456669.9050357,1789456669.9050357,0.589
/camera/world/agv3_confidence,1789456669.9050932,1789456669.9050932,0.5958
/camera/world/agv1_confidence,1789456669.9400568,1789456669.9400568,0.5939
/camera/world/agv2_confidence,1789456669.9401953,1789456669.9401953,0.588
/camera/world/agv3_confidence,1789456669.9403927,1789456669.9403927,0.596
/camera/world/agv1_confidence,1789456669.9683352,1789456669.9683352,0.5923
/camera/world/agv3_confidence,1789456669.9683402,1789456669.9683402,0.5924
/camera/world/agv2_confidence,1789456669.9683564,1789456669.9683564,0.5909
/camera/world/agv1_confidence,1789456669.9985244,1789456669.9985244,0.5927
/camera/world/agv3_confidence,1789456669.9985576,1789456669.9985576,0.6022
/camera/world/agv2_confidence,1789456669.9985871,1789456669.9985871,0.587
/camera/world/agv1_confidence,1789456670.038709,1789456670.038709,0.5922
/camera/world/agv3_confidence,1789456670.038744,1789456670.038744,0.5569
/camera/world/agv2_confidence,1789456670.0387564,1789456670.0387564,0.5899
/camera/world/agv1_confidence,1789456670.0776398,1789456670.0776398,0.592
/camera/world/agv3_confidence,1789456670.0778759,1789456670.0778759,0.6029
/camera/world/agv2_confidence,1789456670.077914,1789456670.077914,0.5914
/camera/world/agv2_confidence,1789456670.109912,1789456670.109912,0.5903
/camera/world/agv1_confidence,1789456670.1099331,1789456670.1099331,0.5941
/camera/world/agv3_confidence,1789456670.1099553,1789456670.1099553,0.5957
/camera/world/agv2_confidence,1789456670.1426814,1789456670.1426814,0.5907
/camera/world/agv1_confidence,1789456670.142685,1789456670.142685,0.5916
/camera/world/agv3_confidence,1789456670.142971,1789456670.142971,0.591
/camera/world/agv1_confidence,1789456670.1745353,1789456670.1745353,0.591
/camera/world/agv3_confidence,1789456670.174555,1789456670.174555,0.5968
/camera/world/agv2_confidence,1789456670.1745698,1789456670.1745698,0.5884
/camera/world/agv1_confidence,1789456670.2086682,1789456670.2086682,0.5883
/camera/world/agv2_confidence,1789456670.2086797,1789456670.2086797,0.5903
/camera/world/agv3_confidence,1789456670.208838,1789456670.208838,0.5995
/camera/world/agv3_confidence,1789456670.2366276,1789456670.2366276,0.5974
/camera/world/agv1_confidence,1789456670.2366302,1789456670.2366302,0.5912
/camera/world/agv2_confidence,1789456670.2366457,1789456670.2366457,0.5895
/camera/world/agv1_confidence,1789456670.2670028,1789456670.2670028,0.5895
/camera/world/agv2_confidence,1789456670.2670898,1789456670.2670898,0.5902
/camera/world/agv3_confidence,1789456670.2671516,1789456670.2671516,0.5973
/camera/world/agv1_confidence,1789456670.3146043,1789456670.3146043,0.5935
/camera/world/agv3_confidence,1789456670.3146284,1789456670.3146284,0.5978
/camera/world/agv2_confidence,1789456670.3147523,1789456670.3147523,0.5888
/camera/world/agv2_confidence,1789456670.33253,1789456670.33253,0.5481
/camera/world/agv1_confidence,1789456670.332582,1789456670.332582,0.5919
/camera/world/agv3_confidence,1789456670.3327467,1789456670.3327467,0.6053
/camera/world/agv1_confidence,1789456670.374235,1789456670.374235,0.5922
/camera/world/agv2_confidence,1789456670.3744555,1789456670.3744555,0.5891
/camera/world/agv3_confidence,1789456670.374571,1789456670.374571,0.6006
/camera/world/agv2_confidence,1789456670.405009,1789456670.405009,0.5905
/camera/world/agv1_confidence,1789456670.40502,1789456670.40502,0.5928
/camera/world/agv3_confidence,1789456670.4052155,1789456670.4052155,0.599
/camera/world/agv1_confidence,1789456670.436779,1789456670.436779,0.5896
/camera/world/agv3_confidence,1789456670.4368637,1789456670.4368637,0.5594
/camera/world/agv2_confidence,1789456670.4369202,1789456670.4369202,0.5879
/camera/world/agv1_confidence,1789456670.4662993,1789456670.4662993,0.5904
/camera/world/agv3_confidence,1789456670.466629,1789456670.466629,0.6014
/camera/world/agv2_confidence,1789456670.4668462,1789456670.4668462,0.5894
/camera/world/agv2_confidence,1789456670.5088058,1789456670.5088058,0.5884
/camera/world/agv1_confidence,1789456670.5089014,1789456670.5089014,0.5912
/camera/world/agv3_confidence,1789456670.5091457,1789456670.5091457,0.602
/camera/world/agv1_confidence,1789456670.5412853,1789456670.5412853,0.5622
/camera/world/agv2_confidence,1789456670.5413408,1789456670.5413408,0.5894
/camera/world/agv3_confidence,1789456670.5414648,1789456670.5414648,0.6001
/camera/world/agv1_confidence,1789456670.5690463,1789456670.5690463,0.5901
/camera/world/agv2_confidence,1789456670.5691168,1789456670.5691168,0.5727
/camera/world/agv3_confidence,1789456670.5691884,1789456670.5691884,0.6033
/camera/world/agv1_confidence,1789456670.6001384,1789456670.6001384,0.5872
/camera/world/agv2_confidence,1789456670.6001596,1789456670.6001596,0.5884
/camera/world/agv3_confidence,1789456670.6001894,1789456670.6001894,0.6002
/camera/world/agv1_confidence,1789456670.6409113,1789456670.6409113,0.5609
/camera/world/agv3_confidence,1789456670.6409316,1789456670.6409316,0.5982
/camera/world/agv2_confidence,1789456670.6410408,1789456670.6410408,0.5898
/camera/world/agv3_confidence,1789456670.6718175,1789456670.6718175,0.6032
/camera/world/agv1_confidence,1789456670.671818,1789456670.671818,0.5896
/camera/world/agv2_confidence,1789456670.6719182,1789456670.6719182,0.569
/camera/world/agv1_confidence,1789456670.7036011,1789456670.7036011,0.5904
/camera/world/agv3_confidence,1789456670.7038128,1789456670.7038128,0.5766
/camera/world/agv2_confidence,1789456670.7039518,1789456670.7039518,0.5891
/camera/world/agv1_confidence,1789456670.73833,1789456670.73833,0.5901
/camera/world/agv2_confidence,1789456670.7384236,1789456670.7384236,0.5898
/camera/world/agv3_confidence,1789456670.7385428,1789456670.7385428,0.5988
/camera/world/agv2_confidence,1789456670.7672613,1789456670.7672613,0.5881
/camera/world/agv3_confidence,1789456670.767337,1789456670.767337,0.6002
/camera/world/agv1_confidence,1789456670.7673545,1789456670.7673545,0.5885
/camera/world/agv1_confidence,1789456670.8083818,1789456670.8083818,0.5874
/camera/world/agv2_confidence,1789456670.8084888,1789456670.8084888,0.5665
/camera/world/agv3_confidence,1789456670.8085964,1789456670.8085964,0.6022
/camera/world/agv2_confidence,1789456670.8518026,1789456670.8518026,0.5893
/camera/world/agv1_confidence,1789456670.851868,1789456670.851868,0.5886
/camera/world/agv3_confidence,1789456670.8518858,1789456670.8518858,0.5991
/camera/world/agv1_confidence,1789456670.871344,1789456670.871344,0.5898
/camera/world/agv3_confidence,1789456670.8715787,1789456670.8715787,0.6017
/camera/world/agv2_confidence,1789456670.8715837,1789456670.8715837,0.5874
/camera/world/agv2_confidence,1789456670.8994918,1789456670.8994918,0.5886
/camera/world/agv1_confidence,1789456670.8994951,1789456670.8994951,0.5914
/camera/world/agv3_confidence,1789456670.89967,1789456670.89967,0.578
/camera/world/agv1_confidence,1789456670.9349296,1789456670.9349296,0.5904
/camera/world/agv3_confidence,1789456670.934961,1789456670.934961,0.6015
/camera/world/agv2_confidence,1789456670.9349937,1789456670.9349937,0.5902
/camera/world/agv2_confidence,1789456670.9796522,1789456670.9796522,0.5869
/camera/world/agv1_confidence,1789456670.9796672,1789456670.9796672,0.5902
/camera/world/agv3_confidence,1789456670.979679,1789456670.979679,0.6007
/camera/world/agv1_confidence,1789456671.002973,1789456671.002973,0.5668
/camera/world/agv3_confidence,1789456671.0029855,1789456671.0029855,0.5992
/camera/world/agv2_confidence,1789456671.0030007,1789456671.0030007,0.5897
/camera/world/agv2_confidence,1789456671.0356045,1789456671.0356045,0.5717
/camera/world/agv1_confidence,1789456671.035684,1789456671.035684,0.588
/camera/world/agv3_confidence,1789456671.035707,1789456671.035707,0.6018
/camera/world/agv2_confidence,1789456671.0809023,1789456671.0809023,0.5892
/camera/world/agv1_confidence,1789456671.0809267,1789456671.0809267,0.5892
/camera/world/agv3_confidence,1789456671.0809462,1789456671.0809462,0.5839
/camera/world/agv2_confidence,1789456671.1010952,1789456671.1010952,0.5886
/camera/world/agv1_confidence,1789456671.1011312,1789456671.1011312,0.5872
/camera/world/agv3_confidence,1789456671.1013517,1789456671.1013517,0.5978
/camera/world/agv2_confidence,1789456671.138611,1789456671.138611,0.5899
/camera/world/agv3_confidence,1789456671.138634,1789456671.138634,0.602
/camera/world/agv1_confidence,1789456671.1387012,1789456671.1387012,0.5876
/camera/world/agv1_confidence,1789456671.167609,1789456671.167609,0.5919
/camera/world/agv2_confidence,1789456671.1677287,1789456671.1677287,0.5877
/camera/world/agv3_confidence,1789456671.1678994,1789456671.1678994,0.5987
/camera/world/agv1_confidence,1789456671.1985493,1789456671.1985493,0.5899
/camera/world/agv2_confidence,1789456671.1986537,1789456671.1986537,0.5866
/camera/world/agv3_confidence,1789456671.1986895,1789456671.1986895,0.6061
/camera/world/agv1_confidence,1789456671.2365644,1789456671.2365644,0.5874
/camera/world/agv3_confidence,1789456671.236587,1789456671.236587,0.6019
/camera/world/agv2_confidence,1789456671.2366207,1789456671.2366207,0.5886
/camera/world/agv3_confidence,1789456671.2720444,1789456671.2720444,0.6001
/camera/world/agv1_confidence,1789456671.2720473,1789456671.2720473,0.5856
/camera/world/agv2_confidence,1789456671.272062,1789456671.272062,0.5913
/camera/world/agv3_confidence,1789456671.3086364,1789456671.3086364,0.5759
/camera/world/agv2_confidence,1789456671.3086576,1789456671.3086576,0.5867
/camera/world/agv1_confidence,1789456671.3087301,1789456671.3087301,0.58
/camera/world/agv3_confidence,1789456671.338774,1789456671.338774,0.6008
/camera/world/agv1_confidence,1789456671.3387754,1789456671.3387754,0.5871
/camera/world/agv2_confidence,1789456671.3388095,1789456671.3388095,0.5894
/camera/world/agv1_confidence,1789456671.371945,1789456671.371945,0.5857
/camera/world/agv2_confidence,1789456671.3721266,1789456671.3721266,0.5874
/camera/world/agv3_confidence,1789456671.3723137,1789456671.3723137,0.5992
/camera/world/agv1_confidence,1789456671.4087498,1789456671.4087498,0.5843
/camera/world/agv3_confidence,1789456671.4089363,1789456671.4089363,0.6005
/camera/world/agv2_confidence,1789456671.408966,1789456671.408966,0.5881
/camera/world/agv1_confidence,1789456671.4403908,1789456671.4403908,0.5883
/camera/world/agv3_confidence,1789456671.4404614,1789456671.4404614,0.6001
/camera/world/agv2_confidence,1789456671.4404726,1789456671.4404726,0.5646
/camera/world/agv2_confidence,1789456671.4741316,1789456671.4741316,0.59
/camera/world/agv1_confidence,1789456671.4741404,1789456671.4741404,0.5875
/camera/world/agv3_confidence,1789456671.4741592,1789456671.4741592,0.6026
/camera/world/agv2_confidence,1789456671.504454,1789456671.504454,0.589
/camera/world/agv1_confidence,1789456671.5044956,1789456671.5044956,0.5863
/camera/world/agv3_confidence,1789456671.5045037,1789456671.5045037,0.6024
/camera/world/agv1_confidence,1789456671.5398083,1789456671.5398083,0.5845
/camera/world/agv2_confidence,1789456671.5398223,1789456671.5398223,0.5902
/camera/world/agv3_confidence,1789456671.539903,1789456671.539903,0.6024
/camera/world/agv1_confidence,1789456671.5668533,1789456671.5668533,0.5742
/camera/world/agv3_confidence,1789456671.5670779,1789456671.5670779,0.6005
/camera/world/agv2_confidence,1789456671.5671082,1789456671.5671082,0.5882
/camera/world/agv1_confidence,1789456671.6043167,1789456671.6043167,0.5871
/camera/world/agv3_confidence,1789456671.6044886,1789456671.6044886,0.5647
/camera/world/agv2_confidence,1789456671.6046076,1789456671.6046076,0.5686
/camera/world/agv1_confidence,1789456671.636422,1789456671.636422,0.5856
/camera/world/agv3_confidence,1789456671.6364465,1789456671.6364465,0.6024
/camera/world/agv2_confidence,1789456671.6364853,1789456671.6364853,0.5868
/camera/world/agv1_confidence,1789456671.6663008,1789456671.6663008,0.586
/camera/world/agv3_confidence,1789456671.6665332,1789456671.6665332,0.6024
/camera/world/agv2_confidence,1789456671.6665351,1789456671.6665351,0.5878
/camera/world/agv1_confidence,1789456671.7050738,1789456671.7050738,0.5687
/camera/world/agv3_confidence,1789456671.7050836,1789456671.7050836,0.6003
/camera/world/agv2_confidence,1789456671.7051795,1789456671.7051795,0.5582
/camera/world/agv1_confidence,1789456671.7365458,1789456671.7365458,0.5812
/camera/world/agv2_confidence,1789456671.7365472,1789456671.7365472,0.5896
/camera/world/agv3_confidence,1789456671.7366776,1789456671.7366776,0.6008
/camera/world/agv1_confidence,1789456671.7738464,1789456671.7738464,0.5861
/camera/world/agv3_confidence,1789456671.7738523,1789456671.7738523,0.6018
/camera/world/agv2_confidence,1789456671.7738717,1789456671.7738717,0.5889
/camera/world/agv1_confidence,1789456671.8036304,1789456671.8036304,0.5833
/camera/world/agv3_confidence,1789456671.8036463,1789456671.8036463,0.6005
/camera/world/agv2_confidence,1789456671.8036733,1789456671.8036733,0.5884
/camera/world/agv1_confidence,1789456671.8344176,1789456671.8344176,0.5821
/camera/world/agv2_confidence,1789456671.8345456,1789456671.8345456,0.5874
/camera/world/agv3_confidence,1789456671.8346834,1789456671.8346834,0.6018
/camera/world/agv1_confidence,1789456671.869138,1789456671.869138,0.5841
/camera/world/agv2_confidence,1789456671.8694658,1789456671.8694658,0.5875
/camera/world/agv3_confidence,1789456671.8694758,1789456671.8694758,0.5991
/camera/world/agv1_confidence,1789456671.9048183,1789456671.9048183,0.5657
/camera/world/agv2_confidence,1789456671.9048362,1789456671.9048362,0.5853
/camera/world/agv3_confidence,1789456671.9049063,1789456671.9049063,0.6021
/camera/world/agv1_confidence,1789456671.9362273,1789456671.9362273,0.5805
/camera/world/agv3_confidence,1789456671.9362297,1789456671.9362297,0.603
/camera/world/agv2_confidence,1789456671.9362373,1789456671.9362373,0.5862
/camera/world/agv1_confidence,1789456671.9638796,1789456671.9638796,0.5874
/camera/world/agv3_confidence,1789456671.9639053,1789456671.9639053,0.5616
/camera/world/agv2_confidence,1789456671.9639816,1789456671.9639816,0.5873
/camera/world/agv2_confidence,1789456672.0075598,1789456672.0075598,0.5878
/camera/world/agv3_confidence,1789456672.0078375,1789456672.0078375,0.6018
/camera/world/agv1_confidence,1789456672.0078404,1789456672.0078404,0.5819
/camera/world/agv2_confidence,1789456672.0387678,1789456672.0387678,0.588
/camera/world/agv3_confidence,1789456672.0388198,1789456672.0388198,0.6018
/camera/world/agv1_confidence,1789456672.038907,1789456672.038907,0.5546
/camera/world/agv2_confidence,1789456672.0755532,1789456672.0755532,0.5864
/camera/world/agv1_confidence,1789456672.075807,1789456672.075807,0.5832
/camera/world/agv3_confidence,1789456672.075832,1789456672.075832,0.6019
/camera/world/agv1_confidence,1789456672.1106825,1789456672.1106825,0.5843
/camera/world/agv3_confidence,1789456672.1107762,1789456672.1107762,0.6035
/camera/world/agv2_confidence,1789456672.1107934,1789456672.1107934,0.5869
/camera/world/agv1_confidence,1789456672.1393511,1789456672.1393511,0.5821
/camera/world/agv2_confidence,1789456672.1393795,1789456672.1393795,0.5878
/camera/world/agv3_confidence,1789456672.1397145,1789456672.1397145,0.6003
/camera/world/agv1_confidence,1789456672.167596,1789456672.167596,0.5637
/camera/world/agv3_confidence,1789456672.1676266,1789456672.1676266,0.6027
/camera/world/agv2_confidence,1789456672.1676366,1789456672.1676366,0.5895
/camera/world/agv1_confidence,1789456672.1999116,1789456672.1999116,0.5815
/camera/world/agv3_confidence,1789456672.1999366,1789456672.1999366,0.6005
/camera/world/agv2_confidence,1789456672.1999388,1789456672.1999388,0.5896
/camera/world/agv1_confidence,1789456672.238064,1789456672.238064,0.5701
/camera/world/agv3_confidence,1789456672.238067,1789456672.238067,0.6001
/camera/world/agv2_confidence,1789456672.2380884,1789456672.2380884,0.5887
/camera/world/agv1_confidence,1789456672.280665,1789456672.280665,0.5587
/camera/world/agv2_confidence,1789456672.2806728,1789456672.2806728,0.5899
/camera/world/agv3_confidence,1789456672.2806952,1789456672.2806952,0.601
/camera/world/agv1_confidence,1789456672.3004131,1789456672.3004131,0.5868
/camera/world/agv2_confidence,1789456672.3005078,1789456672.3005078,0.5866
/camera/world/agv3_confidence,1789456672.3007212,1789456672.3007212,0.6011
/camera/world/agv2_confidence,1789456672.3406446,1789456672.3406446,0.5868
/camera/world/agv3_confidence,1789456672.3406565,1789456672.3406565,0.5989
/camera/world/agv1_confidence,1789456672.3406587,1789456672.3406587,0.5639
/camera/world/agv1_confidence,1789456672.4050827,1789456672.4050827,0.5633
/camera/world/agv2_confidence,1789456672.4052522,1789456672.4052522,0.5867
/camera/world/agv3_confidence,1789456672.405496,1789456672.405496,0.6029
/camera/world/agv1_confidence,1789456672.4157257,1789456672.4157257,0.575
/camera/world/agv3_confidence,1789456672.4159389,1789456672.4159389,0.6005
/camera/world/agv2_confidence,1789456672.4159415,1789456672.4159415,0.588
/camera/world/agv1_confidence,1789456672.4363263,1789456672.4363263,0.5735
/camera/world/agv2_confidence,1789456672.4364908,1789456672.4364908,0.5883
/camera/world/agv3_confidence,1789456672.4365547,1789456672.4365547,0.6002
/camera/world/agv2_confidence,1789456672.4961262,1789456672.4961262,0.5858
/camera/world/agv1_confidence,1789456672.496143,1789456672.496143,0.5623
/camera/world/agv3_confidence,1789456672.4962842,1789456672.4962842,0.6017
/camera/world/agv2_confidence,1789456672.5068076,1789456672.5068076,0.5883
/camera/world/agv1_confidence,1789456672.506824,1789456672.506824,0.5858
/camera/world/agv3_confidence,1789456672.5068634,1789456672.5068634,0.6022
/camera/world/agv1_confidence,1789456672.5376093,1789456672.5376093,0.583
/camera/world/agv3_confidence,1789456672.5377755,1789456672.5377755,0.6047
/camera/world/agv2_confidence,1789456672.5377808,1789456672.5377808,0.5861
/camera/world/agv1_confidence,1789456672.5765593,1789456672.5765593,0.5565
/camera/world/agv3_confidence,1789456672.5767193,1789456672.5767193,0.6022
/camera/world/agv2_confidence,1789456672.576736,1789456672.576736,0.5833
/camera/world/agv2_confidence,1789456672.604242,1789456672.604242,0.5843
/camera/world/agv1_confidence,1789456672.6042447,1789456672.6042447,0.5649
/camera/world/agv3_confidence,1789456672.6043653,1789456672.6043653,0.5823
/camera/world/agv1_confidence,1789456672.6318219,1789456672.6318219,0.5815
/camera/world/agv2_confidence,1789456672.6323075,1789456672.6323075,0.5869
/camera/world/agv3_confidence,1789456672.6323602,1789456672.6323602,0.5982
/camera/world/agv1_confidence,1789456672.6736636,1789456672.6736636,0.5718
/camera/world/agv2_confidence,1789456672.6736937,1789456672.6736937,0.5856
/camera/world/agv3_confidence,1789456672.673849,1789456672.673849,0.6004
/camera/world/agv1_confidence,1789456672.703646,1789456672.703646,0.5812
/camera/world/agv2_confidence,1789456672.7040265,1789456672.7040265,0.5872
/camera/world/agv3_confidence,1789456672.7040465,1789456672.7040465,0.6
/camera/world/agv1_confidence,1789456672.734836,1789456672.734836,0.5822
/camera/world/agv3_confidence,1789456672.7349324,1789456672.7349324,0.6036
/camera/world/agv2_confidence,1789456672.7349818,1789456672.7349818,0.5852
/camera/world/agv3_confidence,1789456672.772687,1789456672.772687,0.5993
/camera/world/agv2_confidence,1789456672.772778,1789456672.772778,0.5847
/camera/world/agv1_confidence,1789456672.7728014,1789456672.7728014,0.577
/camera/world/agv3_confidence,1789456672.8001797,1789456672.8001797,0.6003
/camera/world/agv1_confidence,1789456672.8002548,1789456672.8002548,0.5853
/camera/world/agv2_confidence,1789456672.8002605,1789456672.8002605,0.5853
/camera/world/agv1_confidence,1789456672.86329,1789456672.86329,0.5605
/camera/world/agv3_confidence,1789456672.8635507,1789456672.8635507,0.6003
/camera/world/agv2_confidence,1789456672.863638,1789456672.863638,0.5844
/camera/world/agv1_confidence,1789456672.8707924,1789456672.8707924,0.5607
/camera/world/agv2_confidence,1789456672.8708825,1789456672.8708825,0.5835
/camera/world/agv3_confidence,1789456672.8710487,1789456672.8710487,0.6024
/camera/world/agv1_confidence,1789456672.9004,1789456672.9004,0.5719
/camera/world/agv2_confidence,1789456672.9006207,1789456672.9006207,0.583
/camera/world/agv3_confidence,1789456672.900843,1789456672.900843,0.603
/camera/world/agv1_confidence,1789456672.954066,1789456672.954066,0.5776
/camera/world/agv3_confidence,1789456672.9543884,1789456672.9543884,0.6006
/camera/world/agv2_confidence,1789456672.9543958,1789456672.9543958,0.5851
/camera/world/agv1_confidence,1789456672.968403,1789456672.968403,0.575
/camera/world/agv2_confidence,1789456672.968613,1789456672.968613,0.5841
/camera/world/agv3_confidence,1789456672.9687748,1789456672.9687748,0.6033
/camera/world/agv2_confidence,1789456673.0012734,1789456673.0012734,0.5842
/camera/world/agv1_confidence,1789456673.0014648,1789456673.0014648,0.5809
/camera/world/agv3_confidence,1789456673.0014725,1789456673.0014725,0.6003
/camera/world/agv1_confidence,1789456673.04189,1789456673.04189,0.5482
/camera/world/agv3_confidence,1789456673.042097,1789456673.042097,0.5993
/camera/world/agv2_confidence,1789456673.0421174,1789456673.0421174,0.5647
/camera/world/agv2_confidence,1789456673.0756242,1789456673.0756242,0.5838
/camera/world/agv3_confidence,1789456673.0757513,1789456673.0757513,0.6009
/camera/world/agv1_confidence,1789456673.075877,1789456673.075877,0.5697
/camera/world/agv2_confidence,1789456673.1059847,1789456673.1059847,0.5879
/camera/world/agv1_confidence,1789456673.1059887,1789456673.1059887,0.5852
/camera/world/agv3_confidence,1789456673.1060302,1789456673.1060302,0.601
/camera/world/agv1_confidence,1789456673.1386228,1789456673.1386228,0.5759
/camera/world/agv2_confidence,1789456673.1388931,1789456673.1388931,0.5855
/camera/world/agv3_confidence,1789456673.1388958,1789456673.1388958,0.5998
/camera/world/agv1_confidence,1789456673.1697857,1789456673.1697857,0.5826
/camera/world/agv2_confidence,1789456673.1698372,1789456673.1698372,0.5851
/camera/world/agv3_confidence,1789456673.1699145,1789456673.1699145,0.5997
/camera/world/agv1_confidence,1789456673.206303,1789456673.206303,0.5761
/camera/world/agv2_confidence,1789456673.2065384,1789456673.2065384,0.5847
/camera/world/agv3_confidence,1789456673.2066872,1789456673.2066872,0.5974
/camera/world/agv1_confidence,1789456673.2378335,1789456673.2378335,0.5736
/camera/world/agv2_confidence,1789456673.2379453,1789456673.2379453,0.5852
/camera/world/agv3_confidence,1789456673.2381194,1789456673.2381194,0.601
/camera/world/agv1_confidence,1789456673.2680378,1789456673.2680378,0.5834
/camera/world/agv3_confidence,1789456673.268401,1789456673.268401,0.6003
/camera/world/agv2_confidence,1789456673.2684345,1789456673.2684345,0.5839
/camera/world/agv2_confidence,1789456673.3040676,1789456673.3040676,0.5821
/camera/world/agv3_confidence,1789456673.3043427,1789456673.3043427,0.6022
/camera/world/agv1_confidence,1789456673.3045282,1789456673.3045282,0.5811
/camera/world/agv1_confidence,1789456673.33389,1789456673.33389,0.5794
/camera/world/agv2_confidence,1789456673.3339713,1789456673.3339713,0.5624
/camera/world/agv3_confidence,1789456673.3341646,1789456673.3341646,0.5994
/camera/world/agv1_confidence,1789456673.368606,1789456673.368606,0.5693
/camera/world/agv2_confidence,1789456673.3688362,1789456673.3688362,0.5841
/camera/world/agv3_confidence,1789456673.3689327,1789456673.3689327,0.6001
/camera/world/agv1_confidence,1789456673.4090662,1789456673.4090662,0.5845
/camera/world/agv3_confidence,1789456673.4091034,1789456673.4091034,0.602
/camera/world/agv2_confidence,1789456673.4091265,1789456673.4091265,0.5865
/camera/world/agv3_confidence,1789456673.4397802,1789456673.4397802,0.5995
/camera/world/agv1_confidence,1789456673.4397864,1789456673.4397864,0.5837
/camera/world/agv2_confidence,1789456673.4399369,1789456673.4399369,0.5863
/camera/world/agv2_confidence,1789456673.4645393,1789456673.4645393,0.5815
/camera/world/agv3_confidence,1789456673.46478,1789456673.46478,0.5746
/camera/world/agv1_confidence,1789456673.4649653,1789456673.4649653,0.5699
/camera/world/agv2_confidence,1789456673.5071616,1789456673.5071616,0.5817
/camera/world/agv1_confidence,1789456673.5071743,1789456673.5071743,0.5849
/camera/world/agv3_confidence,1789456673.5072417,1789456673.5072417,0.6014
/camera/world/agv2_confidence,1789456673.5394003,1789456673.5394003,0.5817
/camera/world/agv1_confidence,1789456673.5395803,1789456673.5395803,0.5751
/camera/world/agv3_confidence,1789456673.5398643,1789456673.5398643,0.6033
/camera/world/agv1_confidence,1789456673.5718873,1789456673.5718873,0.5547
/camera/world/agv2_confidence,1789456673.5719092,1789456673.5719092,0.5782
/camera/world/agv3_confidence,1789456673.5720575,1789456673.5720575,0.5986
/camera/world/agv1_confidence,1789456673.5991168,1789456673.5991168,0.5517
/camera/world/agv3_confidence,1789456673.599453,1789456673.599453,0.5992
/camera/world/agv2_confidence,1789456673.5994706,1789456673.5994706,0.5809
/camera/world/agv2_confidence,1789456673.634935,1789456673.634935,0.5819
/camera/world/agv1_confidence,1789456673.634938,1789456673.634938,0.5803
/camera/world/agv3_confidence,1789456673.6351058,1789456673.6351058,0.5979
/camera/world/agv1_confidence,1789456673.6707997,1789456673.6707997,0.5835
/camera/world/agv2_confidence,1789456673.6711762,1789456673.6711762,0.5817
/camera/world/agv3_confidence,1789456673.6711922,1789456673.6711922,0.6004
/camera/world/agv2_confidence,1789456673.6996257,1789456673.6996257,0.5811
/camera/world/agv1_confidence,1789456673.6996286,1789456673.6996286,0.5688
/camera/world/agv3_confidence,1789456673.699689,1789456673.699689,0.5992
/camera/world/agv2_confidence,1789456673.7392476,1789456673.7392476,0.5809
/camera/world/agv1_confidence,1789456673.73926,1789456673.73926,0.5522
/camera/world/agv3_confidence,1789456673.7393117,1789456673.7393117,0.5984
/camera/world/agv2_confidence,1789456673.7693288,1789456673.7693288,0.5795
/camera/world/agv1_confidence,1789456673.7693343,1789456673.7693343,0.5714
/camera/world/agv3_confidence,1789456673.7694209,1789456673.7694209,0.5986
/camera/world/agv1_confidence,1789456673.8056657,1789456673.8056657,0.5821
/camera/world/agv2_confidence,1789456673.8056853,1789456673.8056853,0.5776
/camera/world/agv3_confidence,1789456673.8056946,1789456673.8056946,0.5992
/camera/world/agv2_confidence,1789456673.835257,1789456673.835257,0.5813
/camera/world/agv1_confidence,1789456673.8355012,1789456673.8355012,0.577
/camera/world/agv3_confidence,1789456673.8355122,1789456673.8355122,0.6004
/camera/world/agv1_confidence,1789456673.8697793,1789456673.8697793,0.5728
/camera/world/agv3_confidence,1789456673.869781,1789456673.869781,0.5976
/camera/world/agv2_confidence,1789456673.8698134,1789456673.8698134,0.58
/camera/world/agv2_confidence,1789456673.9023657,1789456673.9023657,0.5779
/camera/world/agv1_confidence,1789456673.9023843,1789456673.9023843,0.5787
/camera/world/agv3_confidence,1789456673.9023995,1789456673.9023995,0.5982
/camera/world/agv1_confidence,1789456673.934564,1789456673.934564,0.5868
/camera/world/agv2_confidence,1789456673.9346406,1789456673.9346406,0.5801
/camera/world/agv3_confidence,1789456673.9347723,1789456673.9347723,0.5976
/camera/world/agv1_confidence,1789456673.9694536,1789456673.9694536,0.5704
/camera/world/agv2_confidence,1789456673.9694753,1789456673.9694753,0.5817
/camera/world/agv3_confidence,1789456673.969515,1789456673.969515,0.5769
/camera/world/agv1_confidence,1789456674.0041947,1789456674.0041947,0.5698
/camera/world/agv2_confidence,1789456674.0043774,1789456674.0043774,0.58
/camera/world/agv3_confidence,1789456674.0044055,1789456674.0044055,0.5984
/camera/world/agv1_confidence,1789456674.034334,1789456674.034334,0.5793
/camera/world/agv2_confidence,1789456674.0343828,1789456674.0343828,0.5789
/camera/world/agv3_confidence,1789456674.0343897,1789456674.0343897,0.5975
/camera/world/agv1_confidence,1789456674.0726924,1789456674.0726924,0.5887
/camera/world/agv3_confidence,1789456674.0728674,1789456674.0728674,0.5999
/camera/world/agv2_confidence,1789456674.0728798,1789456674.0728798,0.5813
/camera/world/agv1_confidence,1789456674.105616,1789456674.105616,0.5814
/camera/world/agv2_confidence,1789456674.1056411,1789456674.1056411,0.5803
/camera/world/agv3_confidence,1789456674.1056948,1789456674.1056948,0.5985
/camera/world/agv1_confidence,1789456674.1382647,1789456674.1382647,0.5752
/camera/world/agv2_confidence,1789456674.1384177,1789456674.1384177,0.5447
/camera/world/agv3_confidence,1789456674.138623,1789456674.138623,0.5999
/camera/world/agv1_confidence,1789456674.1689818,1789456674.1689818,0.577
/camera/world/agv2_confidence,1789456674.169128,1789456674.169128,0.5791
/camera/world/agv3_confidence,1789456674.169274,1789456674.169274,0.5774
/camera/world/agv2_confidence,1789456674.2022667,1789456674.2022667,0.5791
/camera/world/agv3_confidence,1789456674.202267,1789456674.202267,0.598
/camera/world/agv1_confidence,1789456674.2022872,1789456674.2022872,0.5679
/camera/world/agv2_confidence,1789456674.2338195,1789456674.2338195,0.5783
/camera/world/agv3_confidence,1789456674.2338557,1789456674.2338557,0.5992
/camera/world/agv1_confidence,1789456674.233883,1789456674.233883,0.5701
/camera/world/agv1_confidence,1789456674.2765005,1789456674.2765005,0.5756
/camera/world/agv3_confidence,1789456674.2765129,1789456674.2765129,0.5975
/camera/world/agv2_confidence,1789456674.2765174,1789456674.2765174,0.5772
/camera/world/agv1_confidence,1789456674.305251,1789456674.305251,0.5795
/camera/world/agv2_confidence,1789456674.3054664,1789456674.3054664,0.5791
/camera/world/agv3_confidence,1789456674.3055646,1789456674.3055646,0.5989
/camera/world/agv2_confidence,1789456674.3329816,1789456674.3329816,0.5786
/camera/world/agv1_confidence,1789456674.3329983,1789456674.3329983,0.5889
/camera/world/agv3_confidence,1789456674.3330543,1789456674.3330543,0.5977
/camera/world/agv3_confidence,1789456674.3729253,1789456674.3729253,0.5964
/camera/world/agv2_confidence,1789456674.3729675,1789456674.3729675,0.5758
/camera/world/agv1_confidence,1789456674.3730092,1789456674.3730092,0.5667
/camera/world/agv1_confidence,1789456674.4029748,1789456674.4029748,0.5705
/camera/world/agv2_confidence,1789456674.402994,1789456674.402994,0.5813
/camera/world/agv3_confidence,1789456674.4032087,1789456674.4032087,0.5944
/camera/world/agv2_confidence,1789456674.433478,1789456674.433478,0.5721
/camera/world/agv1_confidence,1789456674.433488,1789456674.433488,0.5771
/camera/world/agv3_confidence,1789456674.4335423,1789456674.4335423,0.5526
/camera/world/agv1_confidence,1789456674.4717722,1789456674.4717722,0.5872
/camera/world/agv2_confidence,1789456674.4718091,1789456674.4718091,0.5763
/camera/world/agv3_confidence,1789456674.47209,1789456674.47209,0.539
/camera/world/agv1_confidence,1789456674.5010266,1789456674.5010266,0.5782
/camera/world/agv2_confidence,1789456674.5010595,1789456674.5010595,0.5777
/camera/world/agv3_confidence,1789456674.501301,1789456674.501301,0.5985
/camera/world/agv1_confidence,1789456674.539659,1789456674.539659,0.5716
/camera/world/agv2_confidence,1789456674.539968,1789456674.539968,0.5769
/camera/world/agv3_confidence,1789456674.5401337,1789456674.5401337,0.5974
/camera/world/agv1_confidence,1789456674.56938,1789456674.56938,0.5766
/camera/world/agv2_confidence,1789456674.5695581,1789456674.5695581,0.5811
/camera/world/agv3_confidence,1789456674.5697663,1789456674.5697663,0.5963
/camera/world/agv2_confidence,1789456674.6034195,1789456674.6034195,0.5699
/camera/world/agv1_confidence,1789456674.6034584,1789456674.6034584,0.5772
/camera/world/agv3_confidence,1789456674.6035109,1789456674.6035109,0.5989
/camera/world/agv1_confidence,1789456674.6370273,1789456674.6370273,0.5808
/camera/world/agv3_confidence,1789456674.6370654,1789456674.6370654,0.5966
/camera/world/agv2_confidence,1789456674.6371922,1789456674.6371922,0.5734
/camera/world/agv2_confidence,1789456674.6653945,1789456674.6653945,0.5787
/camera/world/agv1_confidence,1789456674.6653996,1789456674.6653996,0.5788
/camera/world/agv3_confidence,1789456674.665582,1789456674.665582,0.5954
/camera/world/agv3_confidence,1789456674.7063208,1789456674.7063208,0.5791
/camera/world/agv2_confidence,1789456674.7064774,1789456674.7064774,0.5759
/camera/world/agv1_confidence,1789456674.706541,1789456674.706541,0.5694
/camera/world/agv1_confidence,1789456674.7359931,1789456674.7359931,0.5512
/camera/world/agv2_confidence,1789456674.7360175,1789456674.7360175,0.5746
/camera/world/agv3_confidence,1789456674.736157,1789456674.736157,0.5971
/camera/world/agv2_confidence,1789456674.7735102,1789456674.7735102,0.5709
/camera/world/agv1_confidence,1789456674.773539,1789456674.773539,0.4396
/camera/world/agv3_confidence,1789456674.7737672,1789456674.7737672,0.5965
/camera/world/agv2_confidence,1789456674.8041441,1789456674.8041441,0.5703
/camera/world/agv3_confidence,1789456674.804166,1789456674.804166,0.5957
/camera/world/agv1_confidence,1789456674.8042629,1789456674.8042629,0.5744
/camera/world/agv1_confidence,1789456674.8399088,1789456674.8399088,0.5753
/camera/world/agv3_confidence,1789456674.83999,1789456674.83999,0.596
/camera/world/agv2_confidence,1789456674.8401163,1789456674.8401163,0.5779
/camera/world/agv1_confidence,1789456674.8713186,1789456674.8713186,0.582
/camera/world/agv3_confidence,1789456674.8713555,1789456674.8713555,0.5934
/camera/world/agv2_confidence,1789456674.8713615,1789456674.8713615,0.5665
/camera/world/agv1_confidence,1789456674.9108298,1789456674.9108298,0.5402
/camera/world/agv2_confidence,1789456674.9109755,1789456674.9109755,0.5538
/camera/world/agv3_confidence,1789456674.9111533,1789456674.9111533,0.5951
/camera/world/agv3_confidence,1789456674.9419243,1789456674.9419243,0.5951
/camera/world/agv1_confidence,1789456674.9419756,1789456674.9419756,0.4294
/camera/world/agv2_confidence,1789456674.9419913,1789456674.9419913,0.5753
/camera/world/agv1_confidence,1789456674.975631,1789456674.975631,0.5736
/camera/world/agv2_confidence,1789456674.9757617,1789456674.9757617,0.5745
/camera/world/agv3_confidence,1789456674.9757807,1789456674.9757807,0.5961
/camera/world/agv2_confidence,1789456675.005805,1789456675.005805,0.5738
/camera/world/agv1_confidence,1789456675.0059116,1789456675.0059116,0.5657
/camera/world/agv3_confidence,1789456675.0059218,1789456675.0059218,0.5945
/camera/world/agv2_confidence,1789456675.033806,1789456675.033806,0.5728
/camera/world/agv1_confidence,1789456675.033812,1789456675.033812,0.5413
/camera/world/agv3_confidence,1789456675.0338907,1789456675.0338907,0.5807
/camera/world/agv2_confidence,1789456675.066061,1789456675.066061,0.5747
/camera/world/agv3_confidence,1789456675.0660632,1789456675.0660632,0.5915
/camera/world/agv1_confidence,1789456675.0661142,1789456675.0661142,0.5688
/camera/world/agv2_confidence,1789456675.1055946,1789456675.1055946,0.5645
/camera/world/agv1_confidence,1789456675.1057174,1789456675.1057174,0.5803
/camera/world/agv3_confidence,1789456675.1057525,1789456675.1057525,0.5923
/camera/world/agv2_confidence,1789456675.1368794,1789456675.1368794,0.5741
/camera/world/agv1_confidence,1789456675.1369298,1789456675.1369298,0.5652
/camera/world/agv3_confidence,1789456675.1369421,1789456675.1369421,0.5942
/camera/world/agv1_confidence,1789456675.1656575,1789456675.1656575,0.5784
/camera/world/agv3_confidence,1789456675.1657372,1789456675.1657372,0.594
/camera/world/agv2_confidence,1789456675.1658328,1789456675.1658328,0.5768
/camera/world/agv2_confidence,1789456675.205324,1789456675.205324,0.5743
/camera/world/agv3_confidence,1789456675.2053714,1789456675.2053714,0.5934
/camera/world/agv1_confidence,1789456675.2053902,1789456675.2053902,0.5833
/camera/world/agv1_confidence,1789456675.2339027,1789456675.2339027,0.5694
/camera/world/agv2_confidence,1789456675.2339478,1789456675.2339478,0.5695
/camera/world/agv3_confidence,1789456675.234029,1789456675.234029,0.5945
/camera/world/agv1_confidence,1789456675.2677069,1789456675.2677069,0.5768
/camera/world/agv2_confidence,1789456675.267918,1789456675.267918,0.5756
/camera/world/agv3_confidence,1789456675.2679195,1789456675.2679195,0.5936
/camera/world/agv2_confidence,1789456675.3001473,1789456675.3001473,0.5543
/camera/world/agv1_confidence,1789456675.3001506,1789456675.3001506,0.5793
/camera/world/agv3_confidence,1789456675.300267,1789456675.300267,0.5946
/camera/world/agv3_confidence,1789456675.336008,1789456675.336008,0.5944
/camera/world/agv1_confidence,1789456675.336013,1789456675.336013,0.5651
/camera/world/agv2_confidence,1789456675.3361719,1789456675.3361719,0.5641
/camera/world/agv3_confidence,1789456675.3675587,1789456675.3675587,0.5927
/camera/world/agv2_confidence,1789456675.3675957,1789456675.3675957,0.5551
/camera/world/agv1_confidence,1789456675.3676643,1789456675.3676643,0.5332
/camera/world/agv2_confidence,1789456675.4073744,1789456675.4073744,0.5777
/camera/world/agv1_confidence,1789456675.4074013,1789456675.4074013,0.5747
/camera/world/agv3_confidence,1789456675.4076507,1789456675.4076507,0.592
/camera/world/agv1_confidence,1789456675.4377437,1789456675.4377437,0.567
/camera/world/agv2_confidence,1789456675.4378984,1789456675.4378984,0.5662
/camera/world/agv3_confidence,1789456675.4379816,1789456675.4379816,0.5916
/camera/world/agv3_confidence,1789456675.4659271,1789456675.4659271,0.5883
/camera/world/agv1_confidence,1789456675.4660199,1789456675.4660199,0.5756
/camera/world/agv2_confidence,1789456675.466072,1789456675.466072,0.578
/camera/world/agv1_confidence,1789456675.5077288,1789456675.5077288,0.5605
/camera/world/agv2_confidence,1789456675.5077345,1789456675.5077345,0.5673
/camera/world/agv3_confidence,1789456675.5079112,1789456675.5079112,0.5911
/camera/world/agv1_confidence,1789456675.5355625,1789456675.5355625,0.5694
/camera/world/agv2_confidence,1789456675.5356739,1789456675.5356739,0.5722
/camera/world/agv3_confidence,1789456675.5359485,1789456675.5359485,0.5946
/camera/world/agv2_confidence,1789456675.567835,1789456675.567835,0.5776
/camera/world/agv1_confidence,1789456675.5678384,1789456675.5678384,0.5775
/camera/world/agv3_confidence,1789456675.5679028,1789456675.5679028,0.5915
/camera/world/agv1_confidence,1789456675.598718,1789456675.598718,0.5788
/camera/world/agv2_confidence,1789456675.5987554,1789456675.5987554,0.5628
/camera/world/agv3_confidence,1789456675.5989099,1789456675.5989099,0.5929
/camera/world/agv3_confidence,1789456675.6423018,1789456675.6423018,0.5945
/camera/world/agv1_confidence,1789456675.6423092,1789456675.6423092,0.5875
/camera/world/agv2_confidence,1789456675.642432,1789456675.642432,0.574
/camera/world/agv2_confidence,1789456675.6729116,1789456675.6729116,0.5434
/camera/world/agv3_confidence,1789456675.6730063,1789456675.6730063,0.5922
/camera/world/agv1_confidence,1789456675.673007,1789456675.673007,0.5702
/camera/world/agv3_confidence,1789456675.705298,1789456675.705298,0.5927
/camera/world/agv1_confidence,1789456675.7055442,1789456675.7055442,0.5808
/camera/world/agv2_confidence,1789456675.705572,1789456675.705572,0.5462
/camera/world/agv1_confidence,1789456675.7320867,1789456675.7320867,0.5701
/camera/world/agv3_confidence,1789456675.7321687,1789456675.7321687,0.5628
/camera/world/agv2_confidence,1789456675.7321854,1789456675.7321854,0.5644
/camera/world/agv1_confidence,1789456675.7741616,1789456675.7741616,0.5534
/camera/world/agv2_confidence,1789456675.7743058,1789456675.7743058,0.5751
/camera/world/agv3_confidence,1789456675.774417,1789456675.774417,0.5924
/camera/world/agv1_confidence,1789456675.802077,1789456675.802077,0.5674
/camera/world/agv2_confidence,1789456675.8021364,1789456675.8021364,0.5548
/camera/world/agv3_confidence,1789456675.8022308,1789456675.8022308,0.5643
/camera/world/agv1_confidence,1789456675.8478076,1789456675.8478076,0.5758
/camera/world/agv2_confidence,1789456675.847917,1789456675.847917,0.5561
/camera/world/agv3_confidence,1789456675.8481338,1789456675.8481338,0.5907
/camera/world/agv1_confidence,1789456675.873737,1789456675.873737,0.5601
/camera/world/agv3_confidence,1789456675.8737638,1789456675.8737638,0.5833
/camera/world/agv2_confidence,1789456675.8738792,1789456675.8738792,0.5614
/camera/world/agv1_confidence,1789456675.9147751,1789456675.9147751,0.5847
/camera/world/agv2_confidence,1789456675.9147913,1789456675.9147913,0.567
/camera/world/agv3_confidence,1789456675.9149504,1789456675.9149504,0.5887
/camera/world/agv3_confidence,1789456675.9547055,1789456675.9547055,0.5908
/camera/world/agv2_confidence,1789456675.954728,1789456675.954728,0.5709
/camera/world/agv1_confidence,1789456675.954789,1789456675.954789,0.5689
/camera/world/agv1_confidence,1789456675.9674432,1789456675.9674432,0.5479
/camera/world/agv2_confidence,1789456675.967482,1789456675.967482,0.571
/camera/world/agv3_confidence,1789456675.9675744,1789456675.9675744,0.5904
/camera/world/agv1_confidence,1789456676.004294,1789456676.004294,0.5649
/camera/world/agv2_confidence,1789456676.0042975,1789456676.0042975,0.5096
/camera/world/agv3_confidence,1789456676.0045567,1789456676.0045567,0.587
/camera/world/agv1_confidence,1789456676.0397236,1789456676.0397236,0.5775
/camera/world/agv2_confidence,1789456676.0400817,1789456676.0400817,0.571
/camera/world/agv3_confidence,1789456676.0401332,1789456676.0401332,0.5918
/camera/world/agv1_confidence,1789456676.0676997,1789456676.0676997,0.5645
/camera/world/agv2_confidence,1789456676.067747,1789456676.067747,0.5647
/camera/world/agv3_confidence,1789456676.0677602,1789456676.0677602,0.5882
/camera/world/agv2_confidence,1789456676.1069362,1789456676.1069362,0.5675
/camera/world/agv3_confidence,1789456676.106989,1789456676.106989,0.5881
/camera/world/agv1_confidence,1789456676.1070566,1789456676.1070566,0.5654
/camera/world/agv1_confidence,1789456676.1351423,1789456676.1351423,0.576
/camera/world/agv3_confidence,1789456676.1351516,1789456676.1351516,0.5869
/camera/world/agv2_confidence,1789456676.1352115,1789456676.1352115,0.5657
/camera/world/agv1_confidence,1789456676.1742575,1789456676.1742575,0.5474
/camera/world/agv2_confidence,1789456676.1742685,1789456676.1742685,0.5709
/camera/world/agv3_confidence,1789456676.1743953,1789456676.1743953,0.5923
/camera/world/agv1_confidence,1789456676.2048798,1789456676.2048798,0.5828
/camera/world/agv3_confidence,1789456676.204918,1789456676.204918,0.5909
/camera/world/agv2_confidence,1789456676.205088,1789456676.205088,0.5586
/camera/world/agv1_confidence,1789456676.2419634,1789456676.2419634,0.5867
/camera/world/agv2_confidence,1789456676.2421396,1789456676.2421396,0.5646
/camera/world/agv3_confidence,1789456676.242345,1789456676.242345,0.5925
/camera/world/agv1_confidence,1789456676.2756693,1789456676.2756693,0.5807
/camera/world/agv3_confidence,1789456676.2760043,1789456676.2760043,0.5896
/camera/world/agv2_confidence,1789456676.2760148,1789456676.2760148,0.5687
/camera/world/agv2_confidence,1789456676.3190095,1789456676.3190095,0.5672
/camera/world/agv1_confidence,1789456676.3190758,1789456676.3190758,0.5612
/camera/world/agv3_confidence,1789456676.3191862,1789456676.3191862,0.5919
/camera/world/agv2_confidence,1789456676.3361418,1789456676.3361418,0.5657
/camera/world/agv3_confidence,1789456676.336293,1789456676.336293,0.5892
/camera/world/agv1_confidence,1789456676.3362947,1789456676.3362947,0.5767
/camera/world/agv1_confidence,1789456676.3747458,1789456676.3747458,0.5742
/camera/world/agv2_confidence,1789456676.3749125,1789456676.3749125,0.5658
/camera/world/agv3_confidence,1789456676.3749301,1789456676.3749301,0.5591
/camera/world/agv1_confidence,1789456676.4096992,1789456676.4096992,0.5814
/camera/world/agv3_confidence,1789456676.4097302,1789456676.4097302,0.57
/camera/world/agv2_confidence,1789456676.4097412,1789456676.4097412,0.5682
/camera/world/agv1_confidence,1789456676.4358559,1789456676.4358559,0.5709
/camera/world/agv2_confidence,1789456676.4358635,1789456676.4358635,0.5605
/camera/world/agv3_confidence,1789456676.4359474,1789456676.4359474,0.5928
/camera/world/agv1_confidence,1789456676.4783523,1789456676.4783523,0.5844
/camera/world/agv3_confidence,1789456676.4783895,1789456676.4783895,0.5924
/camera/world/agv2_confidence,1789456676.4784033,1789456676.4784033,0.5664
/camera/world/agv1_confidence,1789456676.4989128,1789456676.4989128,0.5799
/camera/world/agv2_confidence,1789456676.4989135,1789456676.4989135,0.5689
/camera/world/agv3_confidence,1789456676.499131,1789456676.499131,0.5823
/camera/world/agv3_confidence,1789456676.538758,1789456676.538758,0.5904
/camera/world/agv1_confidence,1789456676.5387921,1789456676.5387921,0.5808
/camera/world/agv2_confidence,1789456676.5388942,1789456676.5388942,0.5718
/camera/world/agv2_confidence,1789456676.5667775,1789456676.5667775,0.567
/camera/world/agv1_confidence,1789456676.5668967,1789456676.5668967,0.5748
/camera/world/agv3_confidence,1789456676.5670373,1789456676.5670373,0.5883
/camera/world/agv2_confidence,1789456676.6141496,1789456676.6141496,0.5679
/camera/world/agv1_confidence,1789456676.6141658,1789456676.6141658,0.5707
/camera/world/agv3_confidence,1789456676.6143064,1789456676.6143064,0.5537
/camera/world/agv2_confidence,1789456676.635953,1789456676.635953,0.556
/camera/world/agv1_confidence,1789456676.6359868,1789456676.6359868,0.5845
/camera/world/agv3_confidence,1789456676.6360037,1789456676.6360037,0.5642
/camera/world/agv1_confidence,1789456676.6668239,1789456676.6668239,0.5861
/camera/world/agv2_confidence,1789456676.6668475,1789456676.6668475,0.5659
/camera/world/agv3_confidence,1789456676.6669235,1789456676.6669235,0.5907
/camera/world/agv1_confidence,1789456676.7035365,1789456676.7035365,0.5879
/camera/world/agv3_confidence,1789456676.7035675,1789456676.7035675,0.5818
/camera/world/agv2_confidence,1789456676.7035882,1789456676.7035882,0.561
/camera/world/agv1_confidence,1789456676.7358096,1789456676.7358096,0.5838
/camera/world/agv3_confidence,1789456676.7359378,1789456676.7359378,0.5699
/camera/world/agv2_confidence,1789456676.736029,1789456676.736029,0.5721
/camera/world/agv1_confidence,1789456676.7730947,1789456676.7730947,0.5829
/camera/world/agv2_confidence,1789456676.7731214,1789456676.7731214,0.571
/camera/world/agv3_confidence,1789456676.7734818,1789456676.7734818,0.592
/camera/world/agv2_confidence,1789456676.8033693,1789456676.8033693,0.5641
/camera/world/agv1_confidence,1789456676.8033972,1789456676.8033972,0.5357
/camera/world/agv3_confidence,1789456676.8035347,1789456676.8035347,0.5907
/camera/world/agv1_confidence,1789456676.839749,1789456676.839749,0.5791
/camera/world/agv2_confidence,1789456676.8397555,1789456676.8397555,0.5642
/camera/world/agv3_confidence,1789456676.840139,1789456676.840139,0.5903
/camera/world/agv2_confidence,1789456676.8702989,1789456676.8702989,0.5661
/camera/world/agv1_confidence,1789456676.8703022,1789456676.8703022,0.5865
/camera/world/agv3_confidence,1789456676.8704648,1789456676.8704648,0.5789
/camera/world/agv1_confidence,1789456676.908268,1789456676.908268,0.5809
/camera/world/agv3_confidence,1789456676.90829,1789456676.90829,0.59
/camera/world/agv2_confidence,1789456676.9083226,1789456676.9083226,0.5668
/camera/world/agv2_confidence,1789456676.9396982,1789456676.9396982,0.5659
/camera/world/agv1_confidence,1789456676.9397886,1789456676.9397886,0.5866
/camera/world/agv3_confidence,1789456676.939791,1789456676.939791,0.5891
/camera/world/agv1_confidence,1789456676.9701247,1789456676.9701247,0.5745
/camera/world/agv3_confidence,1789456676.9701924,1789456676.9701924,0.5788
/camera/world/agv2_confidence,1789456676.9702728,1789456676.9702728,0.5655
/camera/world/agv1_confidence,1789456677.0016263,1789456677.0016263,0.5837
/camera/world/agv2_confidence,1789456677.0018213,1789456677.0018213,0.5667
/camera/world/agv3_confidence,1789456677.0019174,1789456677.0019174,0.5888
/camera/world/agv1_confidence,1789456677.0403948,1789456677.0403948,0.5876
/camera/world/agv2_confidence,1789456677.0405107,1789456677.0405107,0.5634
/camera/world/agv3_confidence,1789456677.040617,1789456677.040617,0.5895
/camera/world/agv2_confidence,1789456677.069686,1789456677.069686,0.5656
/camera/world/agv3_confidence,1789456677.0697665,1789456677.0697665,0.5885
/camera/world/agv1_confidence,1789456677.069769,1789456677.069769,0.5865
/camera/world/agv1_confidence,1789456677.1057534,1789456677.1057534,0.5896
/camera/world/agv3_confidence,1789456677.106021,1789456677.106021,0.5853
/camera/world/agv2_confidence,1789456677.106053,1789456677.106053,0.5748
/camera/world/agv1_confidence,1789456677.1356404,1789456677.1356404,0.5876
/camera/world/agv3_confidence,1789456677.1358275,1789456677.1358275,0.5813
/camera/world/agv2_confidence,1789456677.135851,1789456677.135851,0.5758
/camera/world/agv1_confidence,1789456677.1750998,1789456677.1750998,0.5824
/camera/world/agv3_confidence,1789456677.1751254,1789456677.1751254,0.5849
/camera/world/agv2_confidence,1789456677.1754372,1789456677.1754372,0.5647
/camera/world/agv1_confidence,1789456677.2064786,1789456677.2064786,0.5905
/camera/world/agv2_confidence,1789456677.2066064,1789456677.2066064,0.5677
/camera/world/agv3_confidence,1789456677.2066762,1789456677.2066762,0.5948
/camera/world/agv1_confidence,1789456677.236476,1789456677.236476,0.5874
/camera/world/agv2_confidence,1789456677.2365563,1789456677.2365563,0.5622
/camera/world/agv3_confidence,1789456677.2366424,1789456677.2366424,0.5807
/camera/world/agv1_confidence,1789456677.26816,1789456677.26816,0.5893
/camera/world/agv3_confidence,1789456677.268163,1789456677.268163,0.5928
/camera/world/agv2_confidence,1789456677.2682083,1789456677.2682083,0.5584
/camera/world/agv3_confidence,1789456677.3088522,1789456677.3088522,0.5902
/camera/world/agv2_confidence,1789456677.308854,1789456677.308854,0.5622
/camera/world/agv1_confidence,1789456677.3088565,1789456677.3088565,0.5898
/camera/world/agv2_confidence,1789456677.3379185,1789456677.3379185,0.563
/camera/world/agv1_confidence,1789456677.3379228,1789456677.3379228,0.584
/camera/world/agv3_confidence,1789456677.3381584,1789456677.3381584,0.5889
/camera/world/agv1_confidence,1789456677.3683648,1789456677.3683648,0.5872
/camera/world/agv2_confidence,1789456677.3686786,1789456677.3686786,0.5599
/camera/world/agv3_confidence,1789456677.3687048,1789456677.3687048,0.5938
/camera/world/agv1_confidence,1789456677.4017854,1789456677.4017854,0.5897
/camera/world/agv3_confidence,1789456677.401985,1789456677.401985,0.5894
/camera/world/agv2_confidence,1789456677.4019978,1789456677.4019978,0.556
/camera/world/agv1_confidence,1789456677.4432333,1789456677.4432333,0.5685
/camera/world/agv2_confidence,1789456677.4434214,1789456677.4434214,0.5452
/camera/world/agv3_confidence,1789456677.4434357,1789456677.4434357,0.5878
/camera/world/agv1_confidence,1789456677.4718654,1789456677.4718654,0.5857
/camera/world/agv2_confidence,1789456677.4719157,1789456677.4719157,0.5594
/camera/world/agv3_confidence,1789456677.4719727,1789456677.4719727,0.5839
/camera/world/agv2_confidence,1789456677.505343,1789456677.505343,0.5628
/camera/world/agv1_confidence,1789456677.5054162,1789456677.5054162,0.5922
/camera/world/agv3_confidence,1789456677.5054798,1789456677.5054798,0.5869
/camera/world/agv1_confidence,1789456677.5380974,1789456677.5380974,0.5874
/camera/world/agv2_confidence,1789456677.5381627,1789456677.5381627,0.559
/camera/world/agv3_confidence,1789456677.5382867,1789456677.5382867,0.59
/camera/world/agv2_confidence,1789456677.5734391,1789456677.5734391,0.5638
/camera/world/agv1_confidence,1789456677.5735042,1789456677.5735042,0.5891
/camera/world/agv3_confidence,1789456677.5735168,1789456677.5735168,0.5866
/camera/world/agv2_confidence,1789456677.6070812,1789456677.6070812,0.5645
/camera/world/agv1_confidence,1789456677.6070871,1789456677.6070871,0.5892
/camera/world/agv3_confidence,1789456677.6071396,1789456677.6071396,0.5846
/camera/world/agv1_confidence,1789456677.640394,1789456677.640394,0.5914
/camera/world/agv2_confidence,1789456677.6404247,1789456677.6404247,0.5711
/camera/world/agv3_confidence,1789456677.640768,1789456677.640768,0.5941
/camera/world/agv2_confidence,1789456677.6714008,1789456677.6714008,0.5697
/camera/world/agv1_confidence,1789456677.6714156,1789456677.6714156,0.5912
/camera/world/agv3_confidence,1789456677.6715145,1789456677.6715145,0.5912
/camera/world/agv1_confidence,1789456677.7058406,1789456677.7058406,0.5881
/camera/world/agv2_confidence,1789456677.7060301,1789456677.7060301,0.562
/camera/world/agv3_confidence,1789456677.7061055,1789456677.7061055,0.5777
/camera/world/agv1_confidence,1789456677.7322786,1789456677.7322786,0.5882
/camera/world/agv3_confidence,1789456677.732449,1789456677.732449,0.589
/camera/world/agv2_confidence,1789456677.7324965,1789456677.7324965,0.5655
/camera/world/agv2_confidence,1789456677.7720366,1789456677.7720366,0.5682
/camera/world/agv1_confidence,1789456677.7720933,1789456677.7720933,0.5891
/camera/world/agv3_confidence,1789456677.7722418,1789456677.7722418,0.5889
/camera/world/agv1_confidence,1789456677.8005824,1789456677.8005824,0.5874
/camera/world/agv2_confidence,1789456677.8007789,1789456677.8007789,0.5693
/camera/world/agv3_confidence,1789456677.8007817,1789456677.8007817,0.5767
/camera/world/agv1_confidence,1789456677.855157,1789456677.855157,0.5893
/camera/world/agv2_confidence,1789456677.8551965,1789456677.8551965,0.5488
/camera/world/agv3_confidence,1789456677.8552504,1789456677.8552504,0.5856
/camera/world/agv1_confidence,1789456677.869548,1789456677.869548,0.5694
/camera/world/agv3_confidence,1789456677.8695776,1789456677.8695776,0.5913
/camera/world/agv2_confidence,1789456677.8696036,1789456677.8696036,0.5649
/camera/world/agv3_confidence,1789456677.8991838,1789456677.8991838,0.5915
/camera/world/agv2_confidence,1789456677.899214,1789456677.899214,0.5665
/camera/world/agv1_confidence,1789456677.899245,1789456677.899245,0.588
/camera/world/agv2_confidence,1789456677.9626799,1789456677.9626799,0.5679
/camera/world/agv1_confidence,1789456677.96269,1789456677.96269,0.5888
/camera/world/agv3_confidence,1789456677.9627328,1789456677.9627328,0.5908
/camera/world/agv2_confidence,1789456677.9712226,1789456677.9712226,0.5646
/camera/world/agv1_confidence,1789456677.9712276,1789456677.9712276,0.5896
/camera/world/agv3_confidence,1789456677.9712787,1789456677.9712787,0.5797
/camera/world/agv1_confidence,1789456678.0135345,1789456678.0135345,0.5929
/camera/world/agv2_confidence,1789456678.013763,1789456678.013763,0.5694
/camera/world/agv3_confidence,1789456678.013836,1789456678.013836,0.5802
/camera/world/agv1_confidence,1789456678.0336108,1789456678.0336108,0.5926
/camera/world/agv3_confidence,1789456678.0336487,1789456678.0336487,0.5859
/camera/world/agv2_confidence,1789456678.0337725,1789456678.0337725,0.5457
/camera/world/agv1_confidence,1789456678.0714805,1789456678.0714805,0.5948
/camera/world/agv2_confidence,1789456678.0715644,1789456678.0715644,0.5682
/camera/world/agv3_confidence,1789456678.071827,1789456678.071827,0.5825
/camera/world/agv1_confidence,1789456678.0995276,1789456678.0995276,0.5936
/camera/world/agv2_confidence,1789456678.099716,1789456678.099716,0.5594
/camera/world/agv3_confidence,1789456678.0998693,1789456678.0998693,0.5911
/camera/world/agv2_confidence,1789456678.1396668,1789456678.1396668,0.5697
/camera/world/agv1_confidence,1789456678.1398065,1789456678.1398065,0.5629
/camera/world/agv3_confidence,1789456678.13985,1789456678.13985,0.5885
/camera/world/agv1_confidence,1789456678.1696067,1789456678.1696067,0.5649
/camera/world/agv3_confidence,1789456678.169666,1789456678.169666,0.5786
/camera/world/agv2_confidence,1789456678.1696806,1789456678.1696806,0.5702
/camera/world/agv1_confidence,1789456678.2080703,1789456678.2080703,0.591
/camera/world/agv3_confidence,1789456678.2081478,1789456678.2081478,0.5751
/camera/world/agv2_confidence,1789456678.2082136,1789456678.2082136,0.5633
/camera/world/agv1_confidence,1789456678.2583225,1789456678.2583225,0.5908
/camera/world/agv2_confidence,1789456678.2583668,1789456678.2583668,0.5637
/camera/world/agv3_confidence,1789456678.2584078,1789456678.2584078,0.5894
/camera/world/agv2_confidence,1789456678.271933,1789456678.271933,0.5612
/camera/world/agv3_confidence,1789456678.2721446,1789456678.2721446,0.5894
/camera/world/agv1_confidence,1789456678.2723334,1789456678.2723334,0.5921
/camera/world/agv2_confidence,1789456678.3035064,1789456678.3035064,0.5665
/camera/world/agv3_confidence,1789456678.3035903,1789456678.3035903,0.5913
/camera/world/agv1_confidence,1789456678.3037043,1789456678.3037043,0.5938
/camera/world/agv1_confidence,1789456678.3435242,1789456678.3435242,0.5934
/camera/world/agv3_confidence,1789456678.3438554,1789456678.3438554,0.5907
/camera/world/agv2_confidence,1789456678.343865,1789456678.343865,0.566
/camera/world/agv1_confidence,1789456678.3749006,1789456678.3749006,0.594
/camera/world/agv2_confidence,1789456678.3749256,1789456678.3749256,0.5698
/camera/world/agv3_confidence,1789456678.3752468,1789456678.3752468,0.5878
/camera/world/agv1_confidence,1789456678.4104989,1789456678.4104989,0.5638
/camera/world/agv3_confidence,1789456678.4107037,1789456678.4107037,0.5803
/camera/world/agv2_confidence,1789456678.410717,1789456678.410717,0.5656
/camera/world/agv2_confidence,1789456678.4358017,1789456678.4358017,0.568
/camera/world/agv1_confidence,1789456678.4358149,1789456678.4358149,0.5922
/camera/world/agv3_confidence,1789456678.4360156,1789456678.4360156,0.5907
/camera/world/agv1_confidence,1789456678.474343,1789456678.474343,0.5912
/camera/world/agv2_confidence,1789456678.474536,1789456678.474536,0.5591
/camera/world/agv3_confidence,1789456678.4747121,1789456678.4747121,0.5815
/camera/world/agv2_confidence,1789456678.506618,1789456678.506618,0.5699
/camera/world/agv1_confidence,1789456678.5066252,1789456678.5066252,0.5941
/camera/world/agv3_confidence,1789456678.5068476,1789456678.5068476,0.581
/camera/world/agv3_confidence,1789456678.5378883,1789456678.5378883,0.5799
/camera/world/agv1_confidence,1789456678.5379057,1789456678.5379057,0.5958
/camera/world/agv2_confidence,1789456678.5379875,1789456678.5379875,0.5671
/camera/world/agv1_confidence,1789456678.5689416,1789456678.5689416,0.5919
/camera/world/agv3_confidence,1789456678.569016,1789456678.569016,0.5717
/camera/world/agv2_confidence,1789456678.5690966,1789456678.5690966,0.5573
/camera/world/agv2_confidence,1789456678.605955,1789456678.605955,0.5666
/camera/world/agv1_confidence,1789456678.6059623,1789456678.6059623,0.5935
/camera/world/agv3_confidence,1789456678.6061234,1789456678.6061234,0.5759
/camera/world/agv2_confidence,1789456678.637424,1789456678.637424,0.5678
/camera/world/agv1_confidence,1789456678.6374333,1789456678.6374333,0.5944
/camera/world/agv3_confidence,1789456678.6375716,1789456678.6375716,0.5873
/camera/world/agv1_confidence,1789456678.6685362,1789456678.6685362,0.593
/camera/world/agv2_confidence,1789456678.6686594,1789456678.6686594,0.5708
/camera/world/agv3_confidence,1789456678.6687229,1789456678.6687229,0.5808
/camera/world/agv1_confidence,1789456678.708608,1789456678.708608,0.5938
/camera/world/agv2_confidence,1789456678.70877,1789456678.70877,0.568
/camera/world/agv3_confidence,1789456678.7088823,1789456678.7088823,0.5824
/camera/world/agv1_confidence,1789456678.7374713,1789456678.7374713,0.5961
/camera/world/agv2_confidence,1789456678.7376444,1789456678.7376444,0.5684
/camera/world/agv3_confidence,1789456678.7377083,1789456678.7377083,0.5837
/camera/world/agv3_confidence,1789456678.7703545,1789456678.7703545,0.5846
/camera/world/agv1_confidence,1789456678.7704096,1789456678.7704096,0.5932
/camera/world/agv2_confidence,1789456678.7704406,1789456678.7704406,0.572
/camera/world/agv1_confidence,1789456678.810257,1789456678.810257,0.5923
/camera/world/agv2_confidence,1789456678.8104572,1789456678.8104572,0.5646
/camera/world/agv3_confidence,1789456678.8105059,1789456678.8105059,0.5829
/camera/world/agv1_confidence,1789456678.833689,1789456678.833689,0.5959
/camera/world/agv3_confidence,1789456678.8339658,1789456678.8339658,0.5692
/camera/world/agv2_confidence,1789456678.8341014,1789456678.8341014,0.5672
/camera/world/agv2_confidence,1789456678.874496,1789456678.874496,0.5508
/camera/world/agv1_confidence,1789456678.8745017,1789456678.8745017,0.5955
/camera/world/agv3_confidence,1789456678.8745391,1789456678.8745391,0.5848
/camera/world/agv2_confidence,1789456678.904746,1789456678.904746,0.5638
/camera/world/agv1_confidence,1789456678.9048,1789456678.9048,0.595
/camera/world/agv3_confidence,1789456678.9048886,1789456678.9048886,0.588
/camera/world/agv2_confidence,1789456678.9404032,1789456678.9404032,0.5722
/camera/world/agv1_confidence,1789456678.940478,1789456678.940478,0.5946
/camera/world/agv3_confidence,1789456678.9404807,1789456678.9404807,0.5883
/camera/world/agv1_confidence,1789456678.9745934,1789456678.9745934,0.5945
/camera/world/agv2_confidence,1789456678.9748292,1789456678.9748292,0.5635
/camera/world/agv3_confidence,1789456678.974882,1789456678.974882,0.5797
/camera/world/agv1_confidence,1789456678.998162,1789456678.998162,0.5938
/camera/world/agv2_confidence,1789456678.9982405,1789456678.9982405,0.5674
/camera/world/agv3_confidence,1789456678.9984472,1789456678.9984472,0.5785
/camera/world/agv2_confidence,1789456679.0373151,1789456679.0373151,0.567
/camera/world/agv3_confidence,1789456679.0374217,1789456679.0374217,0.5805
/camera/world/agv1_confidence,1789456679.0374315,1789456679.0374315,0.5948
/camera/world/agv1_confidence,1789456679.0683827,1789456679.0683827,0.5939
/camera/world/agv2_confidence,1789456679.0684593,1789456679.0684593,0.5737
/camera/world/agv3_confidence,1789456679.068714,1789456679.068714,0.5832
/camera/world/agv1_confidence,1789456679.109306,1789456679.109306,0.5931
/camera/world/agv2_confidence,1789456679.109399,1789456679.109399,0.5739
/camera/world/agv3_confidence,1789456679.1095998,1789456679.1095998,0.583
/camera/world/agv2_confidence,1789456679.1410007,1789456679.1410007,0.5753
/camera/world/agv1_confidence,1789456679.1410644,1789456679.1410644,0.5954
/camera/world/agv3_confidence,1789456679.1413307,1789456679.1413307,0.5873
/camera/world/agv1_confidence,1789456679.1735458,1789456679.1735458,0.5942
/camera/world/agv3_confidence,1789456679.1735709,1789456679.1735709,0.5884
/camera/world/agv2_confidence,1789456679.1737094,1789456679.1737094,0.5588
/camera/world/agv1_confidence,1789456679.2041395,1789456679.2041395,0.5959
/camera/world/agv3_confidence,1789456679.2044492,1789456679.2044492,0.588
/camera/world/agv2_confidence,1789456679.204532,1789456679.204532,0.568
/camera/world/agv2_confidence,1789456679.2442887,1789456679.2442887,0.5592
/camera/world/agv1_confidence,1789456679.2444453,1789456679.2444453,0.5959
/camera/world/agv3_confidence,1789456679.2444725,1789456679.2444725,0.5883
/camera/world/agv2_confidence,1789456679.2667317,1789456679.2667317,0.5696
/camera/world/agv3_confidence,1789456679.2668517,1789456679.2668517,0.5815
/camera/world/agv1_confidence,1789456679.2668955,1789456679.2668955,0.5961
/camera/world/agv1_confidence,1789456679.3056333,1789456679.3056333,0.5968
/camera/world/agv3_confidence,1789456679.3056884,1789456679.3056884,0.5869
/camera/world/agv2_confidence,1789456679.3056943,1789456679.3056943,0.5659
/camera/world/agv1_confidence,1789456679.337949,1789456679.337949,0.5951
/camera/world/agv3_confidence,1789456679.3379579,1789456679.3379579,0.586
/camera/world/agv2_confidence,1789456679.3379698,1789456679.3379698,0.5711
/camera/world/agv2_confidence,1789456679.375767,1789456679.375767,0.5735
/camera/world/agv1_confidence,1789456679.3757882,1789456679.3757882,0.5947
/camera/world/agv3_confidence,1789456679.3758018,1789456679.3758018,0.5872
/camera/world/agv1_confidence,1789456679.4071157,1789456679.4071157,0.5974
/camera/world/agv2_confidence,1789456679.4072068,1789456679.4072068,0.5688
/camera/world/agv3_confidence,1789456679.40731,1789456679.40731,0.5857
/camera/world/agv3_confidence,1789456679.4381223,1789456679.4381223,0.5665
/camera/world/agv2_confidence,1789456679.4381251,1789456679.4381251,0.5666
/camera/world/agv1_confidence,1789456679.438323,1789456679.438323,0.594
/camera/world/agv2_confidence,1789456679.467902,1789456679.467902,0.5695
/camera/world/agv1_confidence,1789456679.4679186,1789456679.4679186,0.5954
/camera/world/agv3_confidence,1789456679.4682295,1789456679.4682295,0.5691
/camera/world/agv1_confidence,1789456679.498224,1789456679.498224,0.5954
/camera/world/agv2_confidence,1789456679.4982529,1789456679.4982529,0.5733
/camera/world/agv3_confidence,1789456679.4985168,1789456679.4985168,0.5884
/camera/world/agv2_confidence,1789456679.5412571,1789456679.5412571,0.5709
/camera/world/agv1_confidence,1789456679.5413342,1789456679.5413342,0.5962
/camera/world/agv3_confidence,1789456679.541554,1789456679.541554,0.579
/camera/world/agv2_confidence,1789456679.5731444,1789456679.5731444,0.5694
/camera/world/agv1_confidence,1789456679.5732682,1789456679.5732682,0.5969
/camera/world/agv3_confidence,1789456679.5734458,1789456679.5734458,0.5875
/camera/world/agv1_confidence,1789456679.6013412,1789456679.6013412,0.5967
/camera/world/agv2_confidence,1789456679.6013756,1789456679.6013756,0.5736
/camera/world/agv3_confidence,1789456679.6016233,1789456679.6016233,0.5804
/camera/world/agv3_confidence,1789456679.6417603,1789456679.6417603,0.5855
/camera/world/agv2_confidence,1789456679.6417704,1789456679.6417704,0.571
/camera/world/agv1_confidence,1789456679.6417918,1789456679.6417918,0.5957
/camera/world/agv1_confidence,1789456679.6746824,1789456679.6746824,0.5992
/camera/world/agv3_confidence,1789456679.6747665,1789456679.6747665,0.5725
/camera/world/agv2_confidence,1789456679.6748033,1789456679.6748033,0.5721
/camera/world/agv1_confidence,1789456679.7031608,1789456679.7031608,0.5761
/camera/world/agv3_confidence,1789456679.7033184,1789456679.7033184,0.5897
/camera/world/agv2_confidence,1789456679.7033262,1789456679.7033262,0.5735
/camera/world/agv2_confidence,1789456679.7329037,1789456679.7329037,0.5694
/camera/world/agv1_confidence,1789456679.7329128,1789456679.7329128,0.5975
/camera/world/agv3_confidence,1789456679.7329688,1789456679.7329688,0.5887
/camera/world/agv1_confidence,1789456679.7695675,1789456679.7695675,0.5703
/camera/world/agv2_confidence,1789456679.7697403,1789456679.7697403,0.5733
/camera/world/agv3_confidence,1789456679.7699022,1789456679.7699022,0.5863
/camera/world/agv2_confidence,1789456679.800417,1789456679.800417,0.5636
/camera/world/agv1_confidence,1789456679.8004653,1789456679.8004653,0.5979
/camera/world/agv3_confidence,1789456679.8006237,1789456679.8006237,0.5812
/camera/world/agv1_confidence,1789456679.83471,1789456679.83471,0.5963
/camera/world/agv3_confidence,1789456679.8347485,1789456679.8347485,0.5791
/camera/world/agv2_confidence,1789456679.8348348,1789456679.8348348,0.5355
/camera/world/agv2_confidence,1789456679.867643,1789456679.867643,0.5747
/camera/world/agv1_confidence,1789456679.8676887,1789456679.8676887,0.5983
/camera/world/agv3_confidence,1789456679.8677082,1789456679.8677082,0.5641
/camera/world/agv1_confidence,1789456679.9084883,1789456679.9084883,0.5977
/camera/world/agv2_confidence,1789456679.9086492,1789456679.9086492,0.5555
/camera/world/agv3_confidence,1789456679.9088807,1789456679.9088807,0.577
/camera/world/agv1_confidence,1789456679.9386847,1789456679.9386847,0.5737
/camera/world/agv3_confidence,1789456679.938905,1789456679.938905,0.5706
/camera/world/agv2_confidence,1789456679.9389493,1789456679.9389493,0.5699
/camera/world/agv3_confidence,1789456679.9714324,1789456679.9714324,0.5831
/camera/world/agv1_confidence,1789456679.9714334,1789456679.9714334,0.5963
/camera/world/agv2_confidence,1789456679.9716346,1789456679.9716346,0.5706
/camera/world/agv1_confidence,1789456680.0022376,1789456680.0022376,0.5973
/camera/world/agv2_confidence,1789456680.002524,1789456680.002524,0.5719
/camera/world/agv3_confidence,1789456680.0026662,1789456680.0026662,0.5838
/camera/world/agv2_confidence,1789456680.0428321,1789456680.0428321,0.548
/camera/world/agv1_confidence,1789456680.042859,1789456680.042859,0.5962
/camera/world/agv3_confidence,1789456680.042906,1789456680.042906,0.5756
/camera/world/agv1_confidence,1789456680.0665274,1789456680.0665274,0.5974
/camera/world/agv2_confidence,1789456680.0667415,1789456680.0667415,0.5699
/camera/world/agv3_confidence,1789456680.0668964,1789456680.0668964,0.5842
/camera/world/agv1_confidence,1789456680.1054544,1789456680.1054544,0.5965
/camera/world/agv3_confidence,1789456680.1055346,1789456680.1055346,0.5847
/camera/world/agv2_confidence,1789456680.105544,1789456680.105544,0.5693
/camera/world/agv1_confidence,1789456680.1341975,1789456680.1341975,0.5965
/camera/world/agv2_confidence,1789456680.1343699,1789456680.1343699,0.5666
/camera/world/agv3_confidence,1789456680.13459,1789456680.13459,0.5875
/camera/world/agv1_confidence,1789456680.1666772,1789456680.1666772,0.5965
/camera/world/agv2_confidence,1789456680.166888,1789456680.166888,0.573
/camera/world/agv3_confidence,1789456680.1670718,1789456680.1670718,0.5712
/camera/world/agv2_confidence,1789456680.2104576,1789456680.2104576,0.5734
/camera/world/agv1_confidence,1789456680.2104805,1789456680.2104805,0.599
/camera/world/agv3_confidence,1789456680.2106328,1789456680.2106328,0.5861
/camera/world/agv3_confidence,1789456680.2438433,1789456680.2438433,0.5736
/camera/world/agv1_confidence,1789456680.2438629,1789456680.2438629,0.5982
/camera/world/agv2_confidence,1789456680.2438676,1789456680.2438676,0.5695
/camera/world/agv1_confidence,1789456680.2730658,1789456680.2730658,0.5964
/camera/world/agv2_confidence,1789456680.273185,1789456680.273185,0.5766
/camera/world/agv3_confidence,1789456680.2733123,1789456680.2733123,0.5813
/camera/world/agv1_confidence,1789456680.3035607,1789456680.3035607,0.5998
/camera/world/agv2_confidence,1789456680.3037705,1789456680.3037705,0.5647
/camera/world/agv3_confidence,1789456680.3038788,1789456680.3038788,0.5836
/camera/world/agv2_confidence,1789456680.3388643,1789456680.3388643,0.5742
/camera/world/agv3_confidence,1789456680.3389401,1789456680.3389401,0.5869
/camera/world/agv1_confidence,1789456680.339185,1789456680.339185,0.5979
/camera/world/agv1_confidence,1789456680.37278,1789456680.37278,0.599
/camera/world/agv2_confidence,1789456680.3730564,1789456680.3730564,0.5663
/camera/world/agv3_confidence,1789456680.373166,1789456680.373166,0.5868
/camera/world/agv1_confidence,1789456680.4044101,1789456680.4044101,0.598
/camera/world/agv2_confidence,1789456680.4046123,1789456680.4046123,0.5748
/camera/world/agv3_confidence,1789456680.4048014,1789456680.4048014,0.5875
/camera/world/agv1_confidence,1789456680.4352381,1789456680.4352381,0.5985
/camera/world/agv2_confidence,1789456680.4353678,1789456680.4353678,0.5689
/camera/world/agv3_confidence,1789456680.435505,1789456680.435505,0.5709
/camera/world/agv2_confidence,1789456680.472544,1789456680.472544,0.5736
/camera/world/agv1_confidence,1789456680.4726899,1789456680.4726899,0.5965
/camera/world/agv3_confidence,1789456680.4727764,1789456680.4727764,0.5907
/camera/world/agv2_confidence,1789456680.5011501,1789456680.5011501,0.5717
/camera/world/agv1_confidence,1789456680.5012636,1789456680.5012636,0.5985
/camera/world/agv3_confidence,1789456680.5012903,1789456680.5012903,0.5871
/camera/world/agv1_confidence,1789456680.5346277,1789456680.5346277,0.5978
/camera/world/agv2_confidence,1789456680.5349069,1789456680.5349069,0.5764
/camera/world/agv3_confidence,1789456680.5349104,1789456680.5349104,0.5867
/camera/world/agv2_confidence,1789456680.573372,1789456680.573372,0.5737
/camera/world/agv1_confidence,1789456680.5734172,1789456680.5734172,0.5975
/camera/world/agv3_confidence,1789456680.5735967,1789456680.5735967,0.5899
/camera/world/agv1_confidence,1789456680.6065733,1789456680.6065733,0.5979
/camera/world/agv2_confidence,1789456680.6065867,1789456680.6065867,0.57
/camera/world/agv3_confidence,1789456680.6065984,1789456680.6065984,0.5889
/camera/world/agv1_confidence,1789456680.6351783,1789456680.6351783,0.5791
/camera/world/agv3_confidence,1789456680.6352155,1789456680.6352155,0.5872
/camera/world/agv2_confidence,1789456680.6352925,1789456680.6352925,0.5734
/camera/world/agv1_confidence,1789456680.6673748,1789456680.6673748,0.5966
/camera/world/agv3_confidence,1789456680.6674542,1789456680.6674542,0.5861
/camera/world/agv2_confidence,1789456680.6674857,1789456680.6674857,0.5729
/camera/world/agv1_confidence,1789456680.7068827,1789456680.7068827,0.5996
/camera/world/agv3_confidence,1789456680.7068996,1789456680.7068996,0.5882
/camera/world/agv2_confidence,1789456680.7070084,1789456680.7070084,0.5768
/camera/world/agv1_confidence,1789456680.7364285,1789456680.7364285,0.5987
/camera/world/agv2_confidence,1789456680.7368946,1789456680.7368946,0.5611
/camera/world/agv3_confidence,1789456680.7371852,1789456680.7371852,0.5763
/camera/world/agv1_confidence,1789456680.766773,1789456680.766773,0.5997
/camera/world/agv2_confidence,1789456680.7670455,1789456680.7670455,0.5517
/camera/world/agv3_confidence,1789456680.7671,1789456680.7671,0.5789
/camera/world/agv3_confidence,1789456680.8021991,1789456680.8021991,0.5633
/camera/world/agv2_confidence,1789456680.802226,1789456680.802226,0.5749
/camera/world/agv1_confidence,1789456680.8022857,1789456680.8022857,0.5974
/camera/world/agv2_confidence,1789456680.8387303,1789456680.8387303,0.5597
/camera/world/agv1_confidence,1789456680.8387601,1789456680.8387601,0.5993
/camera/world/agv3_confidence,1789456680.838785,1789456680.838785,0.5764
/camera/world/agv1_confidence,1789456680.870256,1789456680.870256,0.5972
/camera/world/agv3_confidence,1789456680.8704746,1789456680.8704746,0.5926
/camera/world/agv2_confidence,1789456680.8705437,1789456680.8705437,0.5734
/camera/world/agv2_confidence,1789456680.901871,1789456680.901871,0.576
/camera/world/agv3_confidence,1789456680.90188,1789456680.90188,0.5927
/camera/world/agv1_confidence,1789456680.9019494,1789456680.9019494,0.6003
/camera/world/agv2_confidence,1789456680.9401073,1789456680.9401073,0.5763
/camera/world/agv1_confidence,1789456680.9401226,1789456680.9401226,0.5842
/camera/world/agv3_confidence,1789456680.9401646,1789456680.9401646,0.5905
/camera/world/agv3_confidence,1789456680.9699688,1789456680.9699688,0.5909
/camera/world/agv2_confidence,1789456680.969988,1789456680.969988,0.5743
/camera/world/agv1_confidence,1789456680.970085,1789456680.970085,0.5463
/camera/world/agv2_confidence,1789456681.000897,1789456681.000897,0.5769
/camera/world/agv1_confidence,1789456681.0009162,1789456681.0009162,0.5983
/camera/world/agv3_confidence,1789456681.0010996,1789456681.0010996,0.5739
/camera/world/agv1_confidence,1789456681.0354776,1789456681.0354776,0.5977
/camera/world/agv2_confidence,1789456681.0357,1789456681.0357,0.575
/camera/world/agv3_confidence,1789456681.035877,1789456681.035877,0.5847
/camera/world/agv1_confidence,1789456681.0738182,1789456681.0738182,0.5981
/camera/world/agv2_confidence,1789456681.0738215,1789456681.0738215,0.575
/camera/world/agv3_confidence,1789456681.074085,1789456681.074085,0.5911
/camera/world/agv3_confidence,1789456681.1011147,1789456681.1011147,0.5908
/camera/world/agv1_confidence,1789456681.1012416,1789456681.1012416,0.5966
/camera/world/agv2_confidence,1789456681.1012595,1789456681.1012595,0.5761
/camera/world/agv2_confidence,1789456681.141782,1789456681.141782,0.5763
/camera/world/agv1_confidence,1789456681.141794,1789456681.141794,0.5964
/camera/world/agv3_confidence,1789456681.1418269,1789456681.1418269,0.5896
/camera/world/agv1_confidence,1789456681.173666,1789456681.173666,0.5977
/camera/world/agv2_confidence,1789456681.173673,1789456681.173673,0.5775
/camera/world/agv3_confidence,1789456681.1738734,1789456681.1738734,0.5685
/camera/world/agv1_confidence,1789456681.2018096,1789456681.2018096,0.5976
/camera/world/agv3_confidence,1789456681.201967,1789456681.201967,0.5864
/camera/world/agv2_confidence,1789456681.20215,1789456681.20215,0.5775
/camera/world/agv2_confidence,1789456681.2334785,1789456681.2334785,0.5787
/camera/world/agv1_confidence,1789456681.2334836,1789456681.2334836,0.6005
/camera/world/agv3_confidence,1789456681.2338018,1789456681.2338018,0.5939
/camera/world/agv1_confidence,1789456681.2746675,1789456681.2746675,0.5978
/camera/world/agv2_confidence,1789456681.2746875,1789456681.2746875,0.5757
/camera/world/agv3_confidence,1789456681.2748945,1789456681.2748945,0.5909
/camera/world/agv1_confidence,1789456681.3046546,1789456681.3046546,0.5687
/camera/world/agv2_confidence,1789456681.3048468,1789456681.3048468,0.5791
/camera/world/agv3_confidence,1789456681.3050313,1789456681.3050313,0.5925
/camera/world/agv1_confidence,1789456681.3358319,1789456681.3358319,0.5986
/camera/world/agv2_confidence,1789456681.335842,1789456681.335842,0.5768
/camera/world/agv3_confidence,1789456681.335883,1789456681.335883,0.5912
/camera/world/agv1_confidence,1789456681.3705592,1789456681.3705592,0.5987
/camera/world/agv2_confidence,1789456681.3705854,1789456681.3705854,0.5751
/camera/world/agv3_confidence,1789456681.3708365,1789456681.3708365,0.5919
/camera/world/agv1_confidence,1789456681.4071934,1789456681.4071934,0.6001
/camera/world/agv2_confidence,1789456681.4072042,1789456681.4072042,0.5788
/camera/world/agv3_confidence,1789456681.4072547,1789456681.4072547,0.5899
/camera/world/agv1_confidence,1789456681.439202,1789456681.439202,0.5991
/camera/world/agv2_confidence,1789456681.4392066,1789456681.4392066,0.5607
/camera/world/agv3_confidence,1789456681.439488,1789456681.439488,0.574
/camera/world/agv2_confidence,1789456681.473743,1789456681.473743,0.5788
/camera/world/agv1_confidence,1789456681.4737952,1789456681.4737952,0.5978
/camera/world/agv3_confidence,1789456681.4737978,1789456681.4737978,0.5914
/camera/world/agv3_confidence,1789456681.5074406,1789456681.5074406,0.5886
/camera/world/agv2_confidence,1789456681.507508,1789456681.507508,0.577
/camera/world/agv1_confidence,1789456681.507584,1789456681.507584,0.5984
/camera/world/agv1_confidence,1789456681.5376039,1789456681.5376039,0.5988
/camera/world/agv2_confidence,1789456681.537664,1789456681.537664,0.5813
/camera/world/agv3_confidence,1789456681.537794,1789456681.537794,0.5877
/camera/world/agv2_confidence,1789456681.5676868,1789456681.5676868,0.5775
/camera/world/agv1_confidence,1789456681.5677247,1789456681.5677247,0.5979
/camera/world/agv3_confidence,1789456681.5678818,1789456681.5678818,0.5907
/camera/world/agv2_confidence,1789456681.6038792,1789456681.6038792,0.5784
/camera/world/agv3_confidence,1789456681.6039023,1789456681.6039023,0.5931
/camera/world/agv1_confidence,1789456681.6039705,1789456681.6039705,0.5959
/camera/world/agv3_confidence,1789456681.6356711,1789456681.6356711,0.5927
/camera/world/agv2_confidence,1789456681.6356738,1789456681.6356738,0.5772
/camera/world/agv1_confidence,1789456681.6359167,1789456681.6359167,0.5984
/camera/world/agv1_confidence,1789456681.672045,1789456681.672045,0.5978
/camera/world/agv2_confidence,1789456681.6720746,1789456681.6720746,0.5805
/camera/world/agv3_confidence,1789456681.6722233,1789456681.6722233,0.5918
/camera/world/agv1_confidence,1789456681.70847,1789456681.70847,0.5903
/camera/world/agv3_confidence,1789456681.7085605,1789456681.7085605,0.5932
/camera/world/agv2_confidence,1789456681.7085927,1789456681.7085927,0.5819
/camera/world/agv2_confidence,1789456681.7437723,1789456681.7437723,0.5791
/camera/world/agv1_confidence,1789456681.7438247,1789456681.7438247,0.5975
/camera/world/agv3_confidence,1789456681.7438395,1789456681.7438395,0.5904
/camera/world/agv1_confidence,1789456681.7733002,1789456681.7733002,0.5995
/camera/world/agv2_confidence,1789456681.7733145,1789456681.7733145,0.5794
/camera/world/agv3_confidence,1789456681.7735324,1789456681.7735324,0.5941
/camera/world/agv1_confidence,1789456681.803576,1789456681.803576,0.5965
/camera/world/agv3_confidence,1789456681.8037724,1789456681.8037724,0.5939
/camera/world/agv2_confidence,1789456681.8038852,1789456681.8038852,0.5644
/camera/world/agv1_confidence,1789456681.8751845,1789456681.8751845,0.5955
/camera/world/agv3_confidence,1789456681.8754609,1789456681.8754609,0.5938
/camera/world/agv2_confidence,1789456681.8756232,1789456681.8756232,0.5819
/camera/world/agv1_confidence,1789456681.8760958,1789456681.8760958,0.5981
/camera/world/agv2_confidence,1789456681.8761418,1789456681.8761418,0.5802
/camera/world/agv3_confidence,1789456681.8762536,1789456681.8762536,0.5949
/camera/world/agv1_confidence,1789456681.9045029,1789456681.9045029,0.5979
/camera/world/agv2_confidence,1789456681.9045613,1789456681.9045613,0.5804
/camera/world/agv3_confidence,1789456681.9046643,1789456681.9046643,0.593
/camera/world/agv3_confidence,1789456681.9392154,1789456681.9392154,0.5935
/camera/world/agv1_confidence,1789456681.9392571,1789456681.9392571,0.596
/camera/world/agv2_confidence,1789456681.9393451,1789456681.9393451,0.58
/camera/world/agv1_confidence,1789456681.9641216,1789456681.9641216,0.5965
/camera/world/agv3_confidence,1789456681.9642282,1789456681.9642282,0.5962
/camera/world/agv2_confidence,1789456681.964259,1789456681.964259,0.5815
/camera/world/agv1_confidence,1789456682.0023706,1789456682.0023706,0.5987
/camera/world/agv2_confidence,1789456682.0025518,1789456682.0025518,0.5747
/camera/world/agv3_confidence,1789456682.0027952,1789456682.0027952,0.5928
/camera/world/agv1_confidence,1789456682.0401363,1789456682.0401363,0.5982
/camera/world/agv3_confidence,1789456682.040477,1789456682.040477,0.5928
/camera/world/agv2_confidence,1789456682.0405042,1789456682.0405042,0.5812
/camera/world/agv1_confidence,1789456682.0662067,1789456682.0662067,0.6008
/camera/world/agv3_confidence,1789456682.0662107,1789456682.0662107,0.594
/camera/world/agv2_confidence,1789456682.0662787,1789456682.0662787,0.5801
/camera/world/agv1_confidence,1789456682.1059384,1789456682.1059384,0.5991
/camera/world/agv3_confidence,1789456682.1059558,1789456682.1059558,0.5706
/camera/world/agv2_confidence,1789456682.1059878,1789456682.1059878,0.5819
/camera/world/agv1_confidence,1789456682.1445324,1789456682.1445324,0.5961
/camera/world/agv3_confidence,1789456682.1445913,1789456682.1445913,0.5947
/camera/world/agv2_confidence,1789456682.144632,1789456682.144632,0.5798
/camera/world/agv2_confidence,1789456682.174232,1789456682.174232,0.5821
/camera/world/agv3_confidence,1789456682.1742642,1789456682.1742642,0.5943
/camera/world/agv1_confidence,1789456682.17432,1789456682.17432,0.5972
/camera/world/agv2_confidence,1789456682.2124648,1789456682.2124648,0.5799
/camera/world/agv1_confidence,1789456682.212475,1789456682.212475,0.5982
/camera/world/agv3_confidence,1789456682.2125523,1789456682.2125523,0.5693
/camera/world/agv1_confidence,1789456682.248281,1789456682.248281,0.5976
/camera/world/agv3_confidence,1789456682.2483008,1789456682.2483008,0.5751
/camera/world/agv2_confidence,1789456682.248315,1789456682.248315,0.5838
/camera/world/agv3_confidence,1789456682.2690554,1789456682.2690554,0.5948
/camera/world/agv2_confidence,1789456682.2690995,1789456682.2690995,0.568
/camera/world/agv1_confidence,1789456682.269176,1789456682.269176,0.5957
/camera/world/agv1_confidence,1789456682.3035192,1789456682.3035192,0.5995
/camera/world/agv2_confidence,1789456682.3036034,1789456682.3036034,0.5835
/camera/world/agv3_confidence,1789456682.3037844,1789456682.3037844,0.5962
/camera/world/agv3_confidence,1789456682.3416467,1789456682.3416467,0.5909
/camera/world/agv1_confidence,1789456682.3418005,1789456682.3418005,0.5965
/camera/world/agv2_confidence,1789456682.3418832,1789456682.3418832,0.5738
/camera/world/agv1_confidence,1789456682.3713918,1789456682.3713918,0.5973
/camera/world/agv2_confidence,1789456682.3715808,1789456682.3715808,0.5843
/camera/world/agv3_confidence,1789456682.3718746,1789456682.3718746,0.593
/camera/world/agv1_confidence,1789456682.4035354,1789456682.4035354,0.5995
/camera/world/agv2_confidence,1789456682.4035616,1789456682.4035616,0.5829
/camera/world/agv3_confidence,1789456682.4035978,1789456682.4035978,0.5955
/camera/world/agv1_confidence,1789456682.4349368,1789456682.4349368,0.5967
/camera/world/agv2_confidence,1789456682.4350343,1789456682.4350343,0.5808
/camera/world/agv3_confidence,1789456682.4352593,1789456682.4352593,0.595
/camera/world/agv2_confidence,1789456682.467856,1789456682.467856,0.5816
/camera/world/agv1_confidence,1789456682.467908,1789456682.467908,0.592
/camera/world/agv3_confidence,1789456682.4682314,1789456682.4682314,0.5953
/camera/world/agv3_confidence,1789456682.5036657,1789456682.5036657,0.596
/camera/world/agv2_confidence,1789456682.5037425,1789456682.5037425,0.5828
/camera/world/agv1_confidence,1789456682.5039415,1789456682.5039415,0.5965
/camera/world/agv1_confidence,1789456682.534981,1789456682.534981,0.5961
/camera/world/agv3_confidence,1789456682.5350494,1789456682.5350494,0.576
/camera/world/agv2_confidence,1789456682.5351157,1789456682.5351157,0.5829
/camera/world/agv3_confidence,1789456682.5648298,1789456682.5648298,0.5941
/camera/world/agv1_confidence,1789456682.5649154,1789456682.5649154,0.5967
/camera/world/agv2_confidence,1789456682.5650342,1789456682.5650342,0.5725
/camera/world/agv1_confidence,1789456682.6016238,1789456682.6016238,0.5941
/camera/world/agv2_confidence,1789456682.601876,1789456682.601876,0.5586
/camera/world/agv3_confidence,1789456682.6018846,1789456682.6018846,0.5942
/camera/world/agv1_confidence,1789456682.6346645,1789456682.6346645,0.5983
/camera/world/agv2_confidence,1789456682.6346698,1789456682.6346698,0.5846
/camera/world/agv3_confidence,1789456682.634788,1789456682.634788,0.5967
/camera/world/agv3_confidence,1789456682.6739333,1789456682.6739333,0.5977
/camera/world/agv2_confidence,1789456682.6739385,1789456682.6739385,0.5817
/camera/world/agv1_confidence,1789456682.673948,1789456682.673948,0.5953
/camera/world/agv1_confidence,1789456682.7040272,1789456682.7040272,0.5943
/camera/world/agv3_confidence,1789456682.704208,1789456682.704208,0.5961
/camera/world/agv2_confidence,1789456682.7042325,1789456682.7042325,0.5847
/camera/world/agv3_confidence,1789456682.7319028,1789456682.7319028,0.5944
/camera/world/agv1_confidence,1789456682.7319136,1789456682.7319136,0.5968
/camera/world/agv2_confidence,1789456682.7321053,1789456682.7321053,0.5839
/camera/world/agv1_confidence,1789456682.7703989,1789456682.7703989,0.5931
/camera/world/agv2_confidence,1789456682.7705548,1789456682.7705548,0.5848
/camera/world/agv3_confidence,1789456682.7706037,1789456682.7706037,0.5972
/camera/world/agv1_confidence,1789456682.8036509,1789456682.8036509,0.5732
/camera/world/agv2_confidence,1789456682.803833,1789456682.803833,0.5825
/camera/world/agv3_confidence,1789456682.803886,1789456682.803886,0.5952
/camera/world/agv2_confidence,1789456682.8394635,1789456682.8394635,0.585
/camera/world/agv1_confidence,1789456682.8394685,1789456682.8394685,0.5995
/camera/world/agv3_confidence,1789456682.8395495,1789456682.8395495,0.5969
/camera/world/agv1_confidence,1789456682.8702595,1789456682.8702595,0.5985
/camera/world/agv2_confidence,1789456682.8703182,1789456682.8703182,0.5848
/camera/world/agv3_confidence,1789456682.8703861,1789456682.8703861,0.597
/camera/world/agv2_confidence,1789456682.901505,1789456682.901505,0.5839
/camera/world/agv1_confidence,1789456682.9017131,1789456682.9017131,0.5946
/camera/world/agv3_confidence,1789456682.9018712,1789456682.9018712,0.5962
/camera/world/agv1_confidence,1789456682.940792,1789456682.940792,0.5519
/camera/world/agv3_confidence,1789456682.9408236,1789456682.9408236,0.5962
/camera/world/agv2_confidence,1789456682.9408422,1789456682.9408422,0.586
/camera/world/agv1_confidence,1789456682.9715197,1789456682.9715197,0.5722
/camera/world/agv3_confidence,1789456682.971615,1789456682.971615,0.5976
/camera/world/agv2_confidence,1789456682.971695,1789456682.971695,0.5846
/camera/world/agv1_confidence,1789456683.0002902,1789456683.0002902,0.592
/camera/world/agv3_confidence,1789456683.0003145,1789456683.0003145,0.5947
/camera/world/agv2_confidence,1789456683.0003476,1789456683.0003476,0.5849
/camera/world/agv1_confidence,1789456683.040021,1789456683.040021,0.5762
/camera/world/agv2_confidence,1789456683.0400624,1789456683.0400624,0.5846
/camera/world/agv3_confidence,1789456683.0401502,1789456683.0401502,0.5962
/camera/world/agv1_confidence,1789456683.0675657,1789456683.0675657,0.5816
/camera/world/agv2_confidence,1789456683.0678847,1789456683.0678847,0.5843
/camera/world/agv3_confidence,1789456683.0679913,1789456683.0679913,0.5941
/camera/world/agv2_confidence,1789456683.112003,1789456683.112003,0.5825
/camera/world/agv3_confidence,1789456683.1123712,1789456683.1123712,0.595
/camera/world/agv1_confidence,1789456683.1123788,1789456683.1123788,0.5952
/camera/world/agv1_confidence,1789456683.1429822,1789456683.1429822,0.596
/camera/world/agv2_confidence,1789456683.1432078,1789456683.1432078,0.5837
/camera/world/agv3_confidence,1789456683.143298,1789456683.143298,0.5969
/camera/world/agv1_confidence,1789456683.1725273,1789456683.1725273,0.6023
/camera/world/agv2_confidence,1789456683.1725655,1789456683.1725655,0.5818
/camera/world/agv3_confidence,1789456683.1726909,1789456683.1726909,0.5981
/camera/world/agv1_confidence,1789456683.207949,1789456683.207949,0.5913
/camera/world/agv2_confidence,1789456683.2080877,1789456683.2080877,0.5836
/camera/world/agv3_confidence,1789456683.2083256,1789456683.2083256,0.595
/camera/world/agv1_confidence,1789456683.237662,1789456683.237662,0.5954
/camera/world/agv2_confidence,1789456683.2379663,1789456683.2379663,0.5691
/camera/world/agv3_confidence,1789456683.2380545,1789456683.2380545,0.5683
/camera/world/agv1_confidence,1789456683.2668989,1789456683.2668989,0.5867
/camera/world/agv2_confidence,1789456683.2670593,1789456683.2670593,0.5873
/camera/world/agv3_confidence,1789456683.2673104,1789456683.2673104,0.5965
/camera/world/agv1_confidence,1789456683.302201,1789456683.302201,0.5965
/camera/world/agv2_confidence,1789456683.3022423,1789456683.3022423,0.587
/camera/world/agv3_confidence,1789456683.3022728,1789456683.3022728,0.5973
/camera/world/agv1_confidence,1789456683.340569,1789456683.340569,0.5946
/camera/world/agv3_confidence,1789456683.3406053,1789456683.3406053,0.5973
/camera/world/agv2_confidence,1789456683.340634,1789456683.340634,0.5727
/camera/world/agv1_confidence,1789456683.3675847,1789456683.3675847,0.5851
/camera/world/agv2_confidence,1789456683.3677166,1789456683.3677166,0.5862
/camera/world/agv3_confidence,1789456683.3680208,1789456683.3680208,0.5965
/camera/world/agv1_confidence,1789456683.4099,1789456683.4099,0.5941
/camera/world/agv2_confidence,1789456683.4100008,1789456683.4100008,0.5838
/camera/world/agv3_confidence,1789456683.4102576,1789456683.4102576,0.5949
/camera/world/agv1_confidence,1789456683.4429073,1789456683.4429073,0.5933
/camera/world/agv2_confidence,1789456683.4429815,1789456683.4429815,0.5846
/camera/world/agv3_confidence,1789456683.442992,1789456683.442992,0.5996
/camera/world/agv2_confidence,1789456683.4742563,1789456683.4742563,0.585
/camera/world/agv1_confidence,1789456683.4743018,1789456683.4743018,0.5944
/camera/world/agv3_confidence,1789456683.4743192,1789456683.4743192,0.598
/camera/world/agv1_confidence,1789456683.499154,1789456683.499154,0.5926
/camera/world/agv2_confidence,1789456683.499287,1789456683.499287,0.5855
/camera/world/agv3_confidence,1789456683.4994607,1789456683.4994607,0.5967
/camera/world/agv1_confidence,1789456683.533818,1789456683.533818,0.5702
/camera/world/agv2_confidence,1789456683.5338564,1789456683.5338564,0.5856
/camera/world/agv3_confidence,1789456683.5338657,1789456683.5338657,0.5974
/camera/world/agv2_confidence,1789456683.573882,1789456683.573882,0.5862
/camera/world/agv1_confidence,1789456683.574047,1789456683.574047,0.6015
/camera/world/agv3_confidence,1789456683.5740573,1789456683.5740573,0.5957
/camera/world/agv1_confidence,1789456683.6001623,1789456683.6001623,0.602
/camera/world/agv2_confidence,1789456683.6002169,1789456683.6002169,0.5877
/camera/world/agv3_confidence,1789456683.6002629,1789456683.6002629,0.5971
/camera/world/agv1_confidence,1789456683.6349742,1789456683.6349742,0.5951
/camera/world/agv2_confidence,1789456683.6350439,1789456683.6350439,0.5877
/camera/world/agv3_confidence,1789456683.635155,1789456683.635155,0.5978
/camera/world/agv3_confidence,1789456683.6758325,1789456683.6758325,0.5965
/camera/world/agv1_confidence,1789456683.675855,1789456683.675855,0.5763
/camera/world/agv2_confidence,1789456683.6758616,1789456683.6758616,0.5862
/camera/world/agv2_confidence,1789456683.7021978,1789456683.7021978,0.5847
/camera/world/agv3_confidence,1789456683.7022047,1789456683.7022047,0.5959
/camera/world/agv1_confidence,1789456683.7023458,1789456683.7023458,0.5715
/camera/world/agv1_confidence,1789456683.7332795,1789456683.7332795,0.5715
/camera/world/agv2_confidence,1789456683.7332973,1789456683.7332973,0.5853
/camera/world/agv3_confidence,1789456683.733301,1789456683.733301,0.5954
/camera/world/agv1_confidence,1789456683.774289,1789456683.774289,0.578
/camera/world/agv2_confidence,1789456683.7745001,1789456683.7745001,0.5858
/camera/world/agv3_confidence,1789456683.77453,1789456683.77453,0.5949
/camera/world/agv3_confidence,1789456683.8033884,1789456683.8033884,0.5981
/camera/world/agv2_confidence,1789456683.803394,1789456683.803394,0.5854
/camera/world/agv1_confidence,1789456683.8034618,1789456683.8034618,0.5799
/camera/world/agv1_confidence,1789456683.8337963,1789456683.8337963,0.5733
/camera/world/agv2_confidence,1789456683.8340278,1789456683.8340278,0.584
/camera/world/agv3_confidence,1789456683.8340616,1789456683.8340616,0.5974
/camera/world/agv1_confidence,1789456683.8717113,1789456683.8717113,0.5975
/camera/world/agv3_confidence,1789456683.871901,1789456683.871901,0.5969
/camera/world/agv2_confidence,1789456683.8719108,1789456683.8719108,0.5836
/camera/world/agv1_confidence,1789456683.9032204,1789456683.9032204,0.597
/camera/world/agv2_confidence,1789456683.903223,1789456683.903223,0.5841
/camera/world/agv3_confidence,1789456683.9033947,1789456683.9033947,0.597
/camera/world/agv1_confidence,1789456683.9333696,1789456683.9333696,0.5961
/camera/world/agv3_confidence,1789456683.9334002,1789456683.9334002,0.596
/camera/world/agv2_confidence,1789456683.9334197,1789456683.9334197,0.5843
/camera/world/agv2_confidence,1789456683.9703157,1789456683.9703157,0.5828
/camera/world/agv1_confidence,1789456683.97041,1789456683.97041,0.587
/camera/world/agv3_confidence,1789456683.970494,1789456683.970494,0.5965
/camera/world/agv1_confidence,1789456684.0038989,1789456684.0038989,0.5954
/camera/world/agv2_confidence,1789456684.0039084,1789456684.0039084,0.5846
/camera/world/agv3_confidence,1789456684.0040002,1789456684.0040002,0.5975
/camera/world/agv1_confidence,1789456684.0385413,1789456684.0385413,0.5896
/camera/world/agv2_confidence,1789456684.038748,1789456684.038748,0.552
/camera/world/agv3_confidence,1789456684.0388293,1789456684.0388293,0.5965
/camera/world/agv2_confidence,1789456684.07091,1789456684.07091,0.5869
/camera/world/agv1_confidence,1789456684.070963,1789456684.070963,0.5855
/camera/world/agv3_confidence,1789456684.0710068,1789456684.0710068,0.5964
/camera/world/agv1_confidence,1789456684.101168,1789456684.101168,0.578
/camera/world/agv2_confidence,1789456684.101337,1789456684.101337,0.5658
/camera/world/agv3_confidence,1789456684.1014078,1789456684.1014078,0.5977
/camera/world/agv1_confidence,1789456684.138332,1789456684.138332,0.6026
/camera/world/agv2_confidence,1789456684.138337,1789456684.138337,0.5854
/camera/world/agv3_confidence,1789456684.138518,1789456684.138518,0.5991
/camera/world/agv1_confidence,1789456684.1730235,1789456684.1730235,0.5907
/camera/world/agv2_confidence,1789456684.1730888,1789456684.1730888,0.5833
/camera/world/agv3_confidence,1789456684.173296,1789456684.173296,0.5978
/camera/world/agv2_confidence,1789456684.203184,1789456684.203184,0.5863
/camera/world/agv1_confidence,1789456684.2032773,1789456684.2032773,0.5894
/camera/world/agv3_confidence,1789456684.203348,1789456684.203348,0.5943
/camera/world/agv1_confidence,1789456684.243344,1789456684.243344,0.5934
/camera/world/agv2_confidence,1789456684.243437,1789456684.243437,0.5849
/camera/world/agv3_confidence,1789456684.2434978,1789456684.2434978,0.5969
/camera/world/agv1_confidence,1789456684.2720814,1789456684.2720814,0.5775
/camera/world/agv2_confidence,1789456684.2720942,1789456684.2720942,0.5866
/camera/world/agv3_confidence,1789456684.2722778,1789456684.2722778,0.5951
/camera/world/agv2_confidence,1789456684.3054185,1789456684.3054185,0.5871
/camera/world/agv1_confidence,1789456684.305478,1789456684.305478,0.574
/camera/world/agv3_confidence,1789456684.3056347,1789456684.3056347,0.5964
/camera/world/agv1_confidence,1789456684.344822,1789456684.344822,0.5964
/camera/world/agv2_confidence,1789456684.344868,1789456684.344868,0.586
/camera/world/agv3_confidence,1789456684.3449223,1789456684.3449223,0.5972
/camera/world/agv2_confidence,1789456684.3870878,1789456684.3870878,0.5861
/camera/world/agv1_confidence,1789456684.387103,1789456684.387103,0.6042
/camera/world/agv3_confidence,1789456684.3871322,1789456684.3871322,0.5965
/camera/world/agv2_confidence,1789456684.4025855,1789456684.4025855,0.5868
/camera/world/agv3_confidence,1789456684.402782,1789456684.402782,0.5977
/camera/world/agv1_confidence,1789456684.4028335,1789456684.4028335,0.5842
/camera/world/agv1_confidence,1789456684.4365396,1789456684.4365396,0.5807
/camera/world/agv2_confidence,1789456684.4366143,1789456684.4366143,0.5844
/camera/world/agv3_confidence,1789456684.4367476,1789456684.4367476,0.5973
/camera/world/agv1_confidence,1789456684.4749343,1789456684.4749343,0.5999
/camera/world/agv3_confidence,1789456684.475288,1789456684.475288,0.5949
/camera/world/agv2_confidence,1789456684.4753184,1789456684.4753184,0.5864
/camera/world/agv1_confidence,1789456684.5009599,1789456684.5009599,0.5558
/camera/world/agv2_confidence,1789456684.501114,1789456684.501114,0.5865
/camera/world/agv3_confidence,1789456684.5012712,1789456684.5012712,0.5971
/camera/world/agv2_confidence,1789456684.5362768,1789456684.5362768,0.5872
/camera/world/agv1_confidence,1789456684.5363116,1789456684.5363116,0.594
/camera/world/agv3_confidence,1789456684.5364926,1789456684.5364926,0.5992
/camera/world/agv1_confidence,1789456684.5736341,1789456684.5736341,0.5976
/camera/world/agv2_confidence,1789456684.573727,1789456684.573727,0.5852
/camera/world/agv3_confidence,1789456684.573764,1789456684.573764,0.5974
/camera/world/agv2_confidence,1789456684.6057053,1789456684.6057053,0.5857
/camera/world/agv3_confidence,1789456684.6059294,1789456684.6059294,0.5963
/camera/world/agv1_confidence,1789456684.6059995,1789456684.6059995,0.5714
/camera/world/agv2_confidence,1789456684.6410818,1789456684.6410818,0.5861
/camera/world/agv1_confidence,1789456684.6416051,1789456684.6416051,0.5847
/camera/world/agv3_confidence,1789456684.6416247,1789456684.6416247,0.5965
/camera/world/agv1_confidence,1789456684.6699533,1789456684.6699533,0.5822
/camera/world/agv3_confidence,1789456684.67016,1789456684.67016,0.5989
/camera/world/agv2_confidence,1789456684.6701694,1789456684.6701694,0.587
/camera/world/agv2_confidence,1789456684.7039802,1789456684.7039802,0.5856
/camera/world/agv1_confidence,1789456684.7039864,1789456684.7039864,0.5897
/camera/world/agv3_confidence,1789456684.704095,1789456684.704095,0.5768
/camera/world/agv2_confidence,1789456684.776167,1789456684.776167,0.5833
/camera/world/agv1_confidence,1789456684.7762496,1789456684.7762496,0.6031
/camera/world/agv3_confidence,1789456684.776252,1789456684.776252,0.5986
/camera/world/agv2_confidence,1789456684.7767172,1789456684.7767172,0.5831
/camera/world/agv1_confidence,1789456684.7767413,1789456684.7767413,0.605
/camera/world/agv3_confidence,1789456684.7768204,1789456684.7768204,0.6003
/camera/world/agv3_confidence,1789456684.8075337,1789456684.8075337,0.5957
/camera/world/agv1_confidence,1789456684.8076472,1789456684.8076472,0.548
/camera/world/agv2_confidence,1789456684.8076553,1789456684.8076553,0.5877
/camera/world/agv1_confidence,1789456684.8344073,1789456684.8344073,0.5913
/camera/world/agv3_confidence,1789456684.8344414,1789456684.8344414,0.5981
/camera/world/agv2_confidence,1789456684.8344698,1789456684.8344698,0.5886
/camera/world/agv2_confidence,1789456684.8657238,1789456684.8657238,0.5885
/camera/world/agv1_confidence,1789456684.8659494,1789456684.8659494,0.5525
/camera/world/agv3_confidence,1789456684.866056,1789456684.866056,0.5978
/camera/world/agv1_confidence,1789456684.905295,1789456684.905295,0.5882
/camera/world/agv3_confidence,1789456684.9055362,1789456684.9055362,0.5968
/camera/world/agv2_confidence,1789456684.9055474,1789456684.9055474,0.5867
/camera/world/agv1_confidence,1789456684.9361963,1789456684.9361963,0.6055
/camera/world/agv3_confidence,1789456684.9364111,1789456684.9364111,0.5956
/camera/world/agv2_confidence,1789456684.9364135,1789456684.9364135,0.5873
/camera/world/agv1_confidence,1789456684.976424,1789456684.976424,0.5878
/camera/world/agv2_confidence,1789456684.9767213,1789456684.9767213,0.5851
/camera/world/agv3_confidence,1789456684.976723,1789456684.976723,0.5957
/camera/world/agv1_confidence,1789456685.0094097,1789456685.0094097,0.5907
/camera/world/agv2_confidence,1789456685.00943,1789456685.00943,0.5878
/camera/world/agv3_confidence,1789456685.0096114,1789456685.0096114,0.5988
/camera/world/agv2_confidence,1789456685.0393476,1789456685.0393476,0.5864
/camera/world/agv1_confidence,1789456685.0394604,1789456685.0394604,0.5875
/camera/world/agv3_confidence,1789456685.0394795,1789456685.0394795,0.5972
/camera/world/agv2_confidence,1789456685.0685399,1789456685.0685399,0.585
/camera/world/agv1_confidence,1789456685.0686007,1789456685.0686007,0.585
/camera/world/agv3_confidence,1789456685.0686486,1789456685.0686486,0.5965
/camera/world/agv1_confidence,1789456685.1059184,1789456685.1059184,0.6053
/camera/world/agv2_confidence,1789456685.1060843,1789456685.1060843,0.5832
/camera/world/agv3_confidence,1789456685.1062372,1789456685.1062372,0.5975
/camera/world/agv2_confidence,1789456685.1445282,1789456685.1445282,0.5852
/camera/world/agv3_confidence,1789456685.1446464,1789456685.1446464,0.598
/camera/world/agv1_confidence,1789456685.144661,1789456685.144661,0.5799
/camera/world/agv2_confidence,1789456685.1676307,1789456685.1676307,0.5875
/camera/world/agv1_confidence,1789456685.167636,1789456685.167636,0.5443
/camera/world/agv3_confidence,1789456685.16778,1789456685.16778,0.5972
/camera/world/agv1_confidence,1789456685.202382,1789456685.202382,0.6059
/camera/world/agv2_confidence,1789456685.2023861,1789456685.2023861,0.5868
/camera/world/agv3_confidence,1789456685.2024198,1789456685.2024198,0.596
/camera/world/agv1_confidence,1789456685.238835,1789456685.238835,0.5765
/camera/world/agv2_confidence,1789456685.2388802,1789456685.2388802,0.5849
/camera/world/agv3_confidence,1789456685.2390819,1789456685.2390819,0.598
/camera/world/agv1_confidence,1789456685.2676916,1789456685.2676916,0.5644
/camera/world/agv3_confidence,1789456685.267756,1789456685.267756,0.5953
/camera/world/agv2_confidence,1789456685.267761,1789456685.267761,0.5833
/camera/world/agv2_confidence,1789456685.301959,1789456685.301959,0.5891
/camera/world/agv1_confidence,1789456685.3020008,1789456685.3020008,0.5935
/camera/world/agv3_confidence,1789456685.3021452,1789456685.3021452,0.6001
/camera/world/agv2_confidence,1789456685.3361328,1789456685.3361328,0.5857
/camera/world/agv1_confidence,1789456685.3362772,1789456685.3362772,0.6039
/camera/world/agv3_confidence,1789456685.3362803,1789456685.3362803,0.5993
/camera/world/agv2_confidence,1789456685.3683856,1789456685.3683856,0.5825
/camera/world/agv3_confidence,1789456685.3684921,1789456685.3684921,0.5949
/camera/world/agv1_confidence,1789456685.368502,1789456685.368502,0.5462
/camera/world/agv1_confidence,1789456685.405112,1789456685.405112,0.6054
/camera/world/agv2_confidence,1789456685.4051461,1789456685.4051461,0.5855
/camera/world/agv3_confidence,1789456685.405155,1789456685.405155,0.5953
/camera/world/agv1_confidence,1789456685.4373617,1789456685.4373617,0.6066
/camera/world/agv2_confidence,1789456685.437478,1789456685.437478,0.588
/camera/world/agv3_confidence,1789456685.4375837,1789456685.4375837,0.5977
/camera/world/agv1_confidence,1789456685.4664981,1789456685.4664981,0.5899
/camera/world/agv3_confidence,1789456685.4665804,1789456685.4665804,0.5218
/camera/world/agv2_confidence,1789456685.4665895,1789456685.4665895,0.5874
/camera/world/agv1_confidence,1789456685.5027058,1789456685.5027058,0.5985
/camera/world/agv3_confidence,1789456685.502721,1789456685.502721,0.5973
/camera/world/agv2_confidence,1789456685.5028248,1789456685.5028248,0.5819
/camera/world/agv2_confidence,1789456685.5391693,1789456685.5391693,0.5818
/camera/world/agv1_confidence,1789456685.5391834,1789456685.5391834,0.6077
/camera/world/agv3_confidence,1789456685.5394547,1789456685.5394547,0.5974
/camera/world/agv1_confidence,1789456685.5734816,1789456685.5734816,0.6065
/camera/world/agv3_confidence,1789456685.573809,1789456685.573809,0.5956
/camera/world/agv2_confidence,1789456685.5738125,1789456685.5738125,0.5848
/camera/world/agv2_confidence,1789456685.5973623,1789456685.5973623,0.5849
/camera/world/agv3_confidence,1789456685.5973673,1789456685.5973673,0.5962
/camera/world/agv1_confidence,1789456685.5973902,1789456685.5973902,0.5928
/camera/world/agv3_confidence,1789456685.6408565,1789456685.6408565,0.5967
/camera/world/agv1_confidence,1789456685.6409118,1789456685.6409118,0.5957
/camera/world/agv2_confidence,1789456685.6409588,1789456685.6409588,0.5859
/camera/world/agv1_confidence,1789456685.6709878,1789456685.6709878,0.6079
/camera/world/agv2_confidence,1789456685.6710587,1789456685.6710587,0.5847
/camera/world/agv3_confidence,1789456685.6712503,1789456685.6712503,0.5954
/camera/world/agv3_confidence,1789456685.6986861,1789456685.6986861,0.5964
/camera/world/agv1_confidence,1789456685.6987028,1789456685.6987028,0.5179
/camera/world/agv2_confidence,1789456685.698711,1789456685.698711,0.5812
/camera/world/agv1_confidence,1789456685.7356424,1789456685.7356424,0.6068
/camera/world/agv2_confidence,1789456685.735831,1789456685.735831,0.5834
/camera/world/agv3_confidence,1789456685.7359498,1789456685.7359498,0.5958
/camera/world/agv1_confidence,1789456685.7678437,1789456685.7678437,0.5832
/camera/world/agv2_confidence,1789456685.7679193,1789456685.7679193,0.5856
/camera/world/agv3_confidence,1789456685.7679598,1789456685.7679598,0.5953
/camera/world/agv1_confidence,1789456685.800658,1789456685.800658,0.5771
/camera/world/agv2_confidence,1789456685.8006666,1789456685.8006666,0.5845
/camera/world/agv3_confidence,1789456685.8008254,1789456685.8008254,0.5965
/camera/world/agv2_confidence,1789456685.8330445,1789456685.8330445,0.5848
/camera/world/agv3_confidence,1789456685.8330538,1789456685.8330538,0.5964
/camera/world/agv1_confidence,1789456685.8332112,1789456685.8332112,0.606
/camera/world/agv3_confidence,1789456685.876377,1789456685.876377,0.597
/camera/world/agv2_confidence,1789456685.8763921,1789456685.8763921,0.5829
/camera/world/agv1_confidence,1789456685.876454,1789456685.876454,0.6045
/camera/world/agv2_confidence,1789456685.9020395,1789456685.9020395,0.5838
/camera/world/agv3_confidence,1789456685.90222,1789456685.90222,0.5967
/camera/world/agv1_confidence,1789456685.9022639,1789456685.9022639,0.605
/camera/world/agv2_confidence,1789456685.9385152,1789456685.9385152,0.5816
/camera/world/agv1_confidence,1789456685.938549,1789456685.938549,0.605
/camera/world/agv3_confidence,1789456685.9388263,1789456685.9388263,0.595
/camera/world/agv1_confidence,1789456685.978231,1789456685.978231,0.6051
/camera/world/agv3_confidence,1789456685.9782639,1789456685.9782639,0.5965
/camera/world/agv2_confidence,1789456685.97828,1789456685.97828,0.5885
/camera/world/agv2_confidence,1789456686.0070062,1789456686.0070062,0.5824
/camera/world/agv1_confidence,1789456686.007083,1789456686.007083,0.6057
/camera/world/agv3_confidence,1789456686.007123,1789456686.007123,0.5749
/camera/world/agv3_confidence,1789456686.034571,1789456686.034571,0.5679
/camera/world/agv1_confidence,1789456686.0346293,1789456686.0346293,0.6093
/camera/world/agv2_confidence,1789456686.034656,1789456686.034656,0.5646
/camera/world/agv1_confidence,1789456686.068166,1789456686.068166,0.6081
/camera/world/agv2_confidence,1789456686.068168,1789456686.068168,0.5803
/camera/world/agv3_confidence,1789456686.0682762,1789456686.0682762,0.5971
/camera/world/agv1_confidence,1789456686.105914,1789456686.105914,0.6044
/camera/world/agv2_confidence,1789456686.1059704,1789456686.1059704,0.5863
/camera/world/agv3_confidence,1789456686.1060774,1789456686.1060774,0.5945
/camera/world/agv1_confidence,1789456686.1388679,1789456686.1388679,0.5997
/camera/world/agv2_confidence,1789456686.1388757,1789456686.1388757,0.5832
/camera/world/agv3_confidence,1789456686.1389337,1789456686.1389337,0.5781
/camera/world/agv2_confidence,1789456686.1676643,1789456686.1676643,0.587
/camera/world/agv1_confidence,1789456686.1676984,1789456686.1676984,0.6078
/camera/world/agv3_confidence,1789456686.1677258,1789456686.1677258,0.5951
/camera/world/agv2_confidence,1789456686.2061934,1789456686.2061934,0.5867
/camera/world/agv1_confidence,1789456686.206208,1789456686.206208,0.6104
/camera/world/agv3_confidence,1789456686.20637,1789456686.20637,0.5594
/camera/world/agv1_confidence,1789456686.2332234,1789456686.2332234,0.6092
/camera/world/agv3_confidence,1789456686.2334473,1789456686.2334473,0.5963
/camera/world/agv2_confidence,1789456686.2334595,1789456686.2334595,0.5708
/camera/world/agv2_confidence,1789456686.2720363,1789456686.2720363,0.5848
/camera/world/agv3_confidence,1789456686.2722104,1789456686.2722104,0.5939
/camera/world/agv1_confidence,1789456686.272297,1789456686.272297,0.6054
/camera/world/agv2_confidence,1789456686.3125396,1789456686.3125396,0.5773
/camera/world/agv1_confidence,1789456686.312806,1789456686.312806,0.5588
/camera/world/agv3_confidence,1789456686.3128176,1789456686.3128176,0.5947
/camera/world/agv1_confidence,1789456686.3390589,1789456686.3390589,0.6077
/camera/world/agv2_confidence,1789456686.3392355,1789456686.3392355,0.5853
/camera/world/agv3_confidence,1789456686.3392746,1789456686.3392746,0.5955
/camera/world/agv3_confidence,1789456686.374939,1789456686.374939,0.5967
/camera/world/agv1_confidence,1789456686.3749747,1789456686.3749747,0.6075
/camera/world/agv2_confidence,1789456686.3750226,1789456686.3750226,0.5762
/camera/world/agv3_confidence,1789456686.4114125,1789456686.4114125,0.5929
/camera/world/agv1_confidence,1789456686.4114177,1789456686.4114177,0.5877
/camera/world/agv2_confidence,1789456686.411467,1789456686.411467,0.585
/camera/world/agv1_confidence,1789456686.43793,1789456686.43793,0.6089
/camera/world/agv2_confidence,1789456686.437935,1789456686.437935,0.5804
/camera/world/agv3_confidence,1789456686.438135,1789456686.438135,0.5865
/camera/world/agv2_confidence,1789456686.4638007,1789456686.4638007,0.5865
/camera/world/agv1_confidence,1789456686.4639974,1789456686.4639974,0.6072
/camera/world/agv3_confidence,1789456686.4640203,1789456686.4640203,0.583
/camera/world/agv1_confidence,1789456686.5259356,1789456686.5259356,0.5885
/camera/world/agv2_confidence,1789456686.5259967,1789456686.5259967,0.5858
/camera/world/agv3_confidence,1789456686.526141,1789456686.526141,0.5938
/camera/world/agv2_confidence,1789456686.539745,1789456686.539745,0.5852
/camera/world/agv1_confidence,1789456686.539777,1789456686.539777,0.5877
/camera/world/agv3_confidence,1789456686.539942,1789456686.539942,0.561
/camera/world/agv3_confidence,1789456686.5964012,1789456686.5964012,0.5972
/camera/world/agv1_confidence,1789456686.596406,1789456686.596406,0.607
/camera/world/agv2_confidence,1789456686.5964084,1789456686.5964084,0.5858
/camera/world/agv1_confidence,1789456686.597138,1789456686.597138,0.6064
/camera/world/agv3_confidence,1789456686.597199,1789456686.597199,0.5728
/camera/world/agv2_confidence,1789456686.5973465,1789456686.5973465,0.5802
/camera/world/agv1_confidence,1789456686.6369445,1789456686.6369445,0.5785
/camera/world/agv2_confidence,1789456686.6371193,1789456686.6371193,0.5842
/camera/world/agv3_confidence,1789456686.6371832,1789456686.6371832,0.5965
/camera/world/agv1_confidence,1789456686.669794,1789456686.669794,0.5791
/camera/world/agv2_confidence,1789456686.6698332,1789456686.6698332,0.5852
/camera/world/agv3_confidence,1789456686.6699836,1789456686.6699836,0.4934
/camera/world/agv1_confidence,1789456686.7012093,1789456686.7012093,0.5777
/camera/world/agv2_confidence,1789456686.7012806,1789456686.7012806,0.5897
/camera/world/agv3_confidence,1789456686.7013478,1789456686.7013478,0.5911
/camera/world/agv2_confidence,1789456686.7362893,1789456686.7362893,0.59
/camera/world/agv3_confidence,1789456686.736316,1789456686.736316,0.5567
/camera/world/agv1_confidence,1789456686.736392,1789456686.736392,0.6069
/camera/world/agv1_confidence,1789456686.7720478,1789456686.7720478,0.607
/camera/world/agv3_confidence,1789456686.7721653,1789456686.7721653,0.5718
/camera/world/agv2_confidence,1789456686.7721806,1789456686.7721806,0.5811
/camera/world/agv1_confidence,1789456686.801123,1789456686.801123,0.6067
/camera/world/agv2_confidence,1789456686.8013394,1789456686.8013394,0.5549
/camera/world/agv3_confidence,1789456686.801513,1789456686.801513,0.585
/camera/world/agv1_confidence,1789456686.8398345,1789456686.8398345,0.606
/camera/world/agv2_confidence,1789456686.8398838,1789456686.8398838,0.5771
/camera/world/agv3_confidence,1789456686.8400145,1789456686.8400145,0.5939
/camera/world/agv2_confidence,1789456686.871043,1789456686.871043,0.5768
/camera/world/agv1_confidence,1789456686.8711138,1789456686.8711138,0.595
/camera/world/agv3_confidence,1789456686.8714046,1789456686.8714046,0.5724
/camera/world/agv1_confidence,1789456686.9042702,1789456686.9042702,0.6072
/camera/world/agv2_confidence,1789456686.9046695,1789456686.9046695,0.5897
/camera/world/agv3_confidence,1789456686.9046853,1789456686.9046853,0.5911
/camera/world/agv1_confidence,1789456686.9345217,1789456686.9345217,0.6087
/camera/world/agv3_confidence,1789456686.9348752,1789456686.9348752,0.5791
/camera/world/agv2_confidence,1789456686.9348993,1789456686.9348993,0.5651
/camera/world/agv1_confidence,1789456686.9663775,1789456686.9663775,0.6095
/camera/world/agv2_confidence,1789456686.9666038,1789456686.9666038,0.5756
/camera/world/agv3_confidence,1789456686.9668097,1789456686.9668097,0.5949
/camera/world/agv2_confidence,1789456687.002661,1789456687.002661,0.587
/camera/world/agv1_confidence,1789456687.002689,1789456687.002689,0.6095
/camera/world/agv3_confidence,1789456687.0027568,1789456687.0027568,0.5919
/camera/world/agv2_confidence,1789456687.0384932,1789456687.0384932,0.5858
/camera/world/agv3_confidence,1789456687.0385654,1789456687.0385654,0.5922
/camera/world/agv1_confidence,1789456687.0387406,1789456687.0387406,0.6082
/camera/world/agv1_confidence,1789456687.069063,1789456687.069063,0.5848
/camera/world/agv3_confidence,1789456687.069181,1789456687.069181,0.5808
/camera/world/agv2_confidence,1789456687.069204,1789456687.069204,0.5468
/camera/world/agv1_confidence,1789456687.100581,1789456687.100581,0.6073
/camera/world/agv2_confidence,1789456687.1006138,1789456687.1006138,0.5854
/camera/world/agv3_confidence,1789456687.1006172,1789456687.1006172,0.5638
/camera/world/agv1_confidence,1789456687.1398861,1789456687.1398861,0.6066
/camera/world/agv2_confidence,1789456687.1398952,1789456687.1398952,0.5861
/camera/world/agv3_confidence,1789456687.1398969,1789456687.1398969,0.5695
/camera/world/agv1_confidence,1789456687.1699386,1789456687.1699386,0.577
/camera/world/agv2_confidence,1789456687.1702294,1789456687.1702294,0.5853
/camera/world/agv3_confidence,1789456687.1702468,1789456687.1702468,0.5978
/camera/world/agv3_confidence,1789456687.2003138,1789456687.2003138,0.5917
/camera/world/agv2_confidence,1789456687.200323,1789456687.200323,0.5762
/camera/world/agv1_confidence,1789456687.2003715,1789456687.2003715,0.6091
/camera/world/agv1_confidence,1789456687.237926,1789456687.237926,0.6098
/camera/world/agv2_confidence,1789456687.2379966,1789456687.2379966,0.5895
/camera/world/agv3_confidence,1789456687.2381341,1789456687.2381341,0.5963
/camera/world/agv3_confidence,1789456687.2724707,1789456687.2724707,0.5531
/camera/world/agv1_confidence,1789456687.2725213,1789456687.2725213,0.6091
/camera/world/agv2_confidence,1789456687.2725973,1789456687.2725973,0.5885
/camera/world/agv1_confidence,1789456687.3093622,1789456687.3093622,0.609
/camera/world/agv2_confidence,1789456687.3095527,1789456687.3095527,0.5717
/camera/world/agv3_confidence,1789456687.3096755,1789456687.3096755,0.5969
/camera/world/agv1_confidence,1789456687.3365521,1789456687.3365521,0.6114
/camera/world/agv2_confidence,1789456687.336772,1789456687.336772,0.5859
/camera/world/agv3_confidence,1789456687.3367758,1789456687.3367758,0.5919
/camera/world/agv1_confidence,1789456687.3725328,1789456687.3725328,0.612
/camera/world/agv2_confidence,1789456687.3726406,1789456687.3726406,0.5885
/camera/world/agv3_confidence,1789456687.3729637,1789456687.3729637,0.5627
/camera/world/agv2_confidence,1789456687.4042513,1789456687.4042513,0.5727
/camera/world/agv1_confidence,1789456687.4042573,1789456687.4042573,0.6092
/camera/world/agv3_confidence,1789456687.4044907,1789456687.4044907,0.597
/camera/world/agv3_confidence,1789456687.4348931,1789456687.4348931,0.59
/camera/world/agv2_confidence,1789456687.434916,1789456687.434916,0.5846
/camera/world/agv1_confidence,1789456687.4349363,1789456687.4349363,0.61
/camera/world/agv1_confidence,1789456687.4704747,1789456687.4704747,0.6105
/camera/world/agv2_confidence,1789456687.4704976,1789456687.4704976,0.5707
/camera/world/agv3_confidence,1789456687.4705653,1789456687.4705653,0.5888
/camera/world/agv2_confidence,1789456687.5143943,1789456687.5143943,0.5758
/camera/world/agv1_confidence,1789456687.5145185,1789456687.5145185,0.6111
/camera/world/agv3_confidence,1789456687.5145411,1789456687.5145411,0.5887
/camera/world/agv1_confidence,1789456687.535652,1789456687.535652,0.6109
/camera/world/agv2_confidence,1789456687.5356646,1789456687.5356646,0.5915
/camera/world/agv3_confidence,1789456687.535792,1789456687.535792,0.5938
/camera/world/agv2_confidence,1789456687.5762694,1789456687.5762694,0.5862
/camera/world/agv3_confidence,1789456687.5763445,1789456687.5763445,0.5822
/camera/world/agv1_confidence,1789456687.576362,1789456687.576362,0.6098
/camera/world/agv1_confidence,1789456687.6115994,1789456687.6115994,0.5943
/camera/world/agv3_confidence,1789456687.611611,1789456687.611611,0.5937
/camera/world/agv2_confidence,1789456687.6116474,1789456687.6116474,0.584
/camera/world/agv1_confidence,1789456687.6399653,1789456687.6399653,0.6106
/camera/world/agv2_confidence,1789456687.640028,1789456687.640028,0.5908
/camera/world/agv3_confidence,1789456687.6401844,1789456687.6401844,0.5862
/camera/world/agv1_confidence,1789456687.6670732,1789456687.6670732,0.6104
/camera/world/agv3_confidence,1789456687.667294,1789456687.667294,0.5888
/camera/world/agv2_confidence,1789456687.6673143,1789456687.6673143,0.563
/camera/world/agv1_confidence,1789456687.7059915,1789456687.7059915,0.6004
/camera/world/agv3_confidence,1789456687.706004,1789456687.706004,0.581
/camera/world/agv2_confidence,1789456687.7060258,1789456687.7060258,0.5942
/camera/world/agv1_confidence,1789456687.7413752,1789456687.7413752,0.61
/camera/world/agv2_confidence,1789456687.7415311,1789456687.7415311,0.5598
/camera/world/agv3_confidence,1789456687.7417445,1789456687.7417445,0.5843
/camera/world/agv1_confidence,1789456687.7686732,1789456687.7686732,0.5975
/camera/world/agv2_confidence,1789456687.768802,1789456687.768802,0.5741
/camera/world/agv3_confidence,1789456687.7689328,1789456687.7689328,0.59
/camera/world/agv1_confidence,1789456687.805705,1789456687.805705,0.6088
/camera/world/agv2_confidence,1789456687.8058124,1789456687.8058124,0.5879
/camera/world/agv3_confidence,1789456687.8060408,1789456687.8060408,0.5921
/camera/world/agv3_confidence,1789456687.839491,1789456687.839491,0.5824
/camera/world/agv1_confidence,1789456687.839494,1789456687.839494,0.6095
/camera/world/agv2_confidence,1789456687.8396306,1789456687.8396306,0.5494
/camera/world/agv1_confidence,1789456687.8684223,1789456687.8684223,0.6092
/camera/world/agv3_confidence,1789456687.8684788,1789456687.8684788,0.5836
/camera/world/agv2_confidence,1789456687.8686433,1789456687.8686433,0.589
/camera/world/agv2_confidence,1789456687.9046764,1789456687.9046764,0.58
/camera/world/agv1_confidence,1789456687.9046788,1789456687.9046788,0.6087
/camera/world/agv3_confidence,1789456687.904689,1789456687.904689,0.5861
/camera/world/agv1_confidence,1789456687.9342883,1789456687.9342883,0.6083
/camera/world/agv2_confidence,1789456687.9345803,1789456687.9345803,0.5605
/camera/world/agv3_confidence,1789456687.934583,1789456687.934583,0.581
/camera/world/agv1_confidence,1789456687.9677908,1789456687.9677908,0.5546
/camera/world/agv3_confidence,1789456687.9678166,1789456687.9678166,0.5972
/camera/world/agv2_confidence,1789456687.9678195,1789456687.9678195,0.5762
/camera/world/agv2_confidence,1789456688.0000122,1789456688.0000122,0.5482
/camera/world/agv1_confidence,1789456688.0000155,1789456688.0000155,0.5972
/camera/world/agv3_confidence,1789456688.0000267,1789456688.0000267,0.5946
/camera/world/agv2_confidence,1789456688.038028,1789456688.038028,0.5777
/camera/world/agv1_confidence,1789456688.038043,1789456688.038043,0.6099
/camera/world/agv3_confidence,1789456688.0382833,1789456688.0382833,0.5846
/camera/world/agv2_confidence,1789456688.0660324,1789456688.0660324,0.5653
/camera/world/agv1_confidence,1789456688.066039,1789456688.066039,0.6096
/camera/world/agv3_confidence,1789456688.0661626,1789456688.0661626,0.596
/camera/world/agv2_confidence,1789456688.1035132,1789456688.1035132,0.594
/camera/world/agv1_confidence,1789456688.103547,1789456688.103547,0.6116
/camera/world/agv3_confidence,1789456688.1038415,1789456688.1038415,0.5861
/camera/world/agv3_confidence,1789456688.1335588,1789456688.1335588,0.5936
/camera/world/agv2_confidence,1789456688.1336472,1789456688.1336472,0.5945
/camera/world/agv1_confidence,1789456688.1336668,1789456688.1336668,0.6118
/camera/world/agv2_confidence,1789456688.170102,1789456688.170102,0.593
/camera/world/agv3_confidence,1789456688.170171,1789456688.170171,0.5623
/camera/world/agv1_confidence,1789456688.1702268,1789456688.1702268,0.6119
/camera/world/agv2_confidence,1789456688.201479,1789456688.201479,0.5821
/camera/world/agv3_confidence,1789456688.201506,1789456688.201506,0.5887
/camera/world/agv1_confidence,1789456688.201512,1789456688.201512,0.6102
/camera/world/agv1_confidence,1789456688.237986,1789456688.237986,0.6006
/camera/world/agv2_confidence,1789456688.2381573,1789456688.2381573,0.5915
/camera/world/agv3_confidence,1789456688.2381797,1789456688.2381797,0.5897
/camera/world/agv1_confidence,1789456688.2670913,1789456688.2670913,0.603
/camera/world/agv3_confidence,1789456688.267298,1789456688.267298,0.5802
/camera/world/agv2_confidence,1789456688.267306,1789456688.267306,0.5837
/camera/world/agv1_confidence,1789456688.3058763,1789456688.3058763,0.5938
/camera/world/agv2_confidence,1789456688.3060315,1789456688.3060315,0.5735
/camera/world/agv3_confidence,1789456688.3061585,1789456688.3061585,0.5907
/camera/world/agv3_confidence,1789456688.338095,1789456688.338095,0.5929
/camera/world/agv2_confidence,1789456688.3380997,1789456688.3380997,0.5926
/camera/world/agv1_confidence,1789456688.3383377,1789456688.3383377,0.6077
/camera/world/agv1_confidence,1789456688.3720274,1789456688.3720274,0.6105
/camera/world/agv2_confidence,1789456688.3720968,1789456688.3720968,0.5805
/camera/world/agv3_confidence,1789456688.3722544,1789456688.3722544,0.5826
/camera/world/agv1_confidence,1789456688.406774,1789456688.406774,0.6082
/camera/world/agv2_confidence,1789456688.40678,1789456688.40678,0.5895
/camera/world/agv3_confidence,1789456688.4069679,1789456688.4069679,0.5915
/camera/world/agv2_confidence,1789456688.4401486,1789456688.4401486,0.5913
/camera/world/agv1_confidence,1789456688.4401739,1789456688.4401739,0.6093
/camera/world/agv3_confidence,1789456688.4401772,1789456688.4401772,0.5976
/camera/world/agv2_confidence,1789456688.469346,1789456688.469346,0.5802
/camera/world/agv1_confidence,1789456688.4693682,1789456688.4693682,0.6079
/camera/world/agv3_confidence,1789456688.4695535,1789456688.4695535,0.5754
/camera/world/agv3_confidence,1789456688.5045433,1789456688.5045433,0.5214
/camera/world/agv2_confidence,1789456688.504552,1789456688.504552,0.5913
/camera/world/agv1_confidence,1789456688.5046468,1789456688.5046468,0.6107
/camera/world/agv2_confidence,1789456688.5381646,1789456688.5381646,0.5737
/camera/world/agv1_confidence,1789456688.5382085,1789456688.5382085,0.6102
/camera/world/agv3_confidence,1789456688.5382464,1789456688.5382464,0.5803
/camera/world/agv1_confidence,1789456688.56653,1789456688.56653,0.6109
/camera/world/agv2_confidence,1789456688.5667863,1789456688.5667863,0.5491
/camera/world/agv3_confidence,1789456688.566895,1789456688.566895,0.5969
/camera/world/agv1_confidence,1789456688.6000388,1789456688.6000388,0.6111
/camera/world/agv2_confidence,1789456688.6000762,1789456688.6000762,0.5935
/camera/world/agv3_confidence,1789456688.6003895,1789456688.6003895,0.58
/camera/world/agv2_confidence,1789456688.641302,1789456688.641302,0.5398
/camera/world/agv1_confidence,1789456688.641315,1789456688.641315,0.6111
/camera/world/agv3_confidence,1789456688.6415071,1789456688.6415071,0.6009
/camera/world/agv1_confidence,1789456688.6727555,1789456688.6727555,0.6104
/camera/world/agv2_confidence,1789456688.672761,1789456688.672761,0.5784
/camera/world/agv3_confidence,1789456688.6729958,1789456688.6729958,0.5855
/camera/world/agv2_confidence,1789456688.7045293,1789456688.7045293,0.5491
/camera/world/agv3_confidence,1789456688.7046125,1789456688.7046125,0.5935
/camera/world/agv1_confidence,1789456688.7046556,1789456688.7046556,0.6111
/camera/world/agv1_confidence,1789456688.7356231,1789456688.7356231,0.6108
/camera/world/agv2_confidence,1789456688.7357428,1789456688.7357428,0.5895
/camera/world/agv3_confidence,1789456688.735883,1789456688.735883,0.5911
/camera/world/agv2_confidence,1789456688.772523,1789456688.772523,0.593
/camera/world/agv1_confidence,1789456688.7725291,1789456688.7725291,0.6105
/camera/world/agv3_confidence,1789456688.7727284,1789456688.7727284,0.5966
/camera/world/agv1_confidence,1789456688.8035219,1789456688.8035219,0.612
/camera/world/agv2_confidence,1789456688.8036044,1789456688.8036044,0.5932
/camera/world/agv3_confidence,1789456688.80366,1789456688.80366,0.569
/camera/world/agv3_confidence,1789456688.8369086,1789456688.8369086,0.5946
/camera/world/agv2_confidence,1789456688.836916,1789456688.836916,0.5915
/camera/world/agv1_confidence,1789456688.8370175,1789456688.8370175,0.6119
/camera/world/agv1_confidence,1789456688.8753195,1789456688.8753195,0.6121
/camera/world/agv3_confidence,1789456688.8756473,1789456688.8756473,0.6015
/camera/world/agv2_confidence,1789456688.8756518,1789456688.8756518,0.5816
/camera/world/agv1_confidence,1789456688.9047902,1789456688.9047902,0.6126
/camera/world/agv2_confidence,1789456688.9050083,1789456688.9050083,0.555
/camera/world/agv3_confidence,1789456688.905176,1789456688.905176,0.6027
/camera/world/agv1_confidence,1789456688.9395418,1789456688.9395418,0.6036
/camera/world/agv2_confidence,1789456688.9397302,1789456688.9397302,0.5844
/camera/world/agv3_confidence,1789456688.9399707,1789456688.9399707,0.5932
/camera/world/agv1_confidence,1789456688.9729543,1789456688.9729543,0.6097
/camera/world/agv3_confidence,1789456688.9732938,1789456688.9732938,0.597
/camera/world/agv2_confidence,1789456688.973313,1789456688.973313,0.5873
/camera/world/agv2_confidence,1789456689.000855,1789456689.000855,0.5826
/camera/world/agv1_confidence,1789456689.001057,1789456689.001057,0.6093
/camera/world/agv3_confidence,1789456689.001114,1789456689.001114,0.5658
/camera/world/agv1_confidence,1789456689.0422287,1789456689.0422287,0.6096
/camera/world/agv2_confidence,1789456689.0423303,1789456689.0423303,0.5847
/camera/world/agv3_confidence,1789456689.0424829,1789456689.0424829,0.5941
/camera/world/agv2_confidence,1789456689.0718799,1789456689.0718799,0.5889
/camera/world/agv1_confidence,1789456689.0719543,1789456689.0719543,0.5877
/camera/world/agv3_confidence,1789456689.0722134,1789456689.0722134,0.5957
/camera/world/agv2_confidence,1789456689.099507,1789456689.099507,0.5858
/camera/world/agv1_confidence,1789456689.0995283,1789456689.0995283,0.6082
/camera/world/agv3_confidence,1789456689.0997148,1789456689.0997148,0.5939
/camera/world/agv2_confidence,1789456689.1441004,1789456689.1441004,0.5876
/camera/world/agv1_confidence,1789456689.1442497,1789456689.1442497,0.6086
/camera/world/agv3_confidence,1789456689.1442792,1789456689.1442792,0.5769
/camera/world/agv2_confidence,1789456689.1661036,1789456689.1661036,0.5802
/camera/world/agv1_confidence,1789456689.1661212,1789456689.1661212,0.6082
/camera/world/agv3_confidence,1789456689.1661732,1789456689.1661732,0.5939
/camera/world/agv1_confidence,1789456689.2100246,1789456689.2100246,0.5663
/camera/world/agv2_confidence,1789456689.210071,1789456689.210071,0.5909
/camera/world/agv3_confidence,1789456689.2102458,1789456689.2102458,0.5951
/camera/world/agv1_confidence,1789456689.2388818,1789456689.2388818,0.6098
/camera/world/agv3_confidence,1789456689.238926,1789456689.238926,0.5941
/camera/world/agv2_confidence,1789456689.2389398,1789456689.2389398,0.5836
/camera/world/agv1_confidence,1789456689.280604,1789456689.280604,0.6104
/camera/world/agv2_confidence,1789456689.2809746,1789456689.2809746,0.5622
/camera/world/agv3_confidence,1789456689.2811174,1789456689.2811174,0.5813
/camera/world/agv1_confidence,1789456689.3034286,1789456689.3034286,0.6118
/camera/world/agv3_confidence,1789456689.3035464,1789456689.3035464,0.5928
/camera/world/agv2_confidence,1789456689.3035805,1789456689.3035805,0.5837
/camera/world/agv1_confidence,1789456689.3367157,1789456689.3367157,0.6119
/camera/world/agv2_confidence,1789456689.3369503,1789456689.3369503,0.5907
/camera/world/agv3_confidence,1789456689.3371038,1789456689.3371038,0.5929
/camera/world/agv1_confidence,1789456689.366033,1789456689.366033,0.6114
/camera/world/agv2_confidence,1789456689.3664768,1789456689.3664768,0.5899
/camera/world/agv3_confidence,1789456689.3666482,1789456689.3666482,0.5912
/camera/world/agv1_confidence,1789456689.4096074,1789456689.4096074,0.6093
/camera/world/agv2_confidence,1789456689.4098055,1789456689.4098055,0.5812
/camera/world/agv3_confidence,1789456689.409983,1789456689.409983,0.5678
/camera/world/agv1_confidence,1789456689.4378839,1789456689.4378839,0.6096
/camera/world/agv3_confidence,1789456689.437951,1789456689.437951,0.5967
/camera/world/agv2_confidence,1789456689.4382176,1789456689.4382176,0.5834
/camera/world/agv3_confidence,1789456689.4689128,1789456689.4689128,0.5984
/camera/world/agv1_confidence,1789456689.4689424,1789456689.4689424,0.61
/camera/world/agv2_confidence,1789456689.46903,1789456689.46903,0.5829
/camera/world/agv1_confidence,1789456689.4995358,1789456689.4995358,0.609
/camera/world/agv3_confidence,1789456689.4995377,1789456689.4995377,0.604
/camera/world/agv2_confidence,1789456689.4997044,1789456689.4997044,0.5849
/camera/world/agv1_confidence,1789456689.5426745,1789456689.5426745,0.584
/camera/world/agv3_confidence,1789456689.5429265,1789456689.5429265,0.596
/camera/world/agv2_confidence,1789456689.5429564,1789456689.5429564,0.5206
/camera/world/agv2_confidence,1789456689.5710123,1789456689.5710123,0.5939
/camera/world/agv3_confidence,1789456689.5710788,1789456689.5710788,0.5952
/camera/world/agv1_confidence,1789456689.5710816,1789456689.5710816,0.5861
/camera/world/agv1_confidence,1789456689.601185,1789456689.601185,0.6099
/camera/world/agv3_confidence,1789456689.601444,1789456689.601444,0.595
/camera/world/agv2_confidence,1789456689.6014683,1789456689.6014683,0.5677
/camera/world/agv1_confidence,1789456689.6311314,1789456689.6311314,0.5983
/camera/world/agv3_confidence,1789456689.6311972,1789456689.6311972,0.595
/camera/world/agv2_confidence,1789456689.6312819,1789456689.6312819,0.5936
/camera/world/agv3_confidence,1789456689.671991,1789456689.671991,0.5959
/camera/world/agv2_confidence,1789456689.6720161,1789456689.6720161,0.5809
/camera/world/agv1_confidence,1789456689.6720772,1789456689.6720772,0.6109
/camera/world/agv2_confidence,1789456689.7026362,1789456689.7026362,0.5935
/camera/world/agv1_confidence,1789456689.7026553,1789456689.7026553,0.612
/camera/world/agv3_confidence,1789456689.7026958,1789456689.7026958,0.5958
/camera/world/agv1_confidence,1789456689.7337124,1789456689.7337124,0.613
/camera/world/agv3_confidence,1789456689.7339902,1789456689.7339902,0.6042
/camera/world/agv2_confidence,1789456689.7339914,1789456689.7339914,0.5866
/camera/world/agv3_confidence,1789456689.7737582,1789456689.7737582,0.5961
/camera/world/agv2_confidence,1789456689.7737598,1789456689.7737598,0.5914
/camera/world/agv1_confidence,1789456689.7738616,1789456689.7738616,0.6126
/camera/world/agv1_confidence,1789456689.8030412,1789456689.8030412,0.6111
/camera/world/agv3_confidence,1789456689.8031123,1789456689.8031123,0.5853
/camera/world/agv2_confidence,1789456689.80312,1789456689.80312,0.5941
/camera/world/agv2_confidence,1789456689.8361921,1789456689.8361921,0.5809
/camera/world/agv1_confidence,1789456689.8362691,1789456689.8362691,0.5996
/camera/world/agv3_confidence,1789456689.8362966,1789456689.8362966,0.5981
/camera/world/agv2_confidence,1789456689.870724,1789456689.870724,0.5896
/camera/world/agv3_confidence,1789456689.8707266,1789456689.8707266,0.5951
/camera/world/agv1_confidence,1789456689.8707733,1789456689.8707733,0.6121
/camera/world/agv2_confidence,1789456689.9029942,1789456689.9029942,0.5892
/camera/world/agv1_confidence,1789456689.903095,1789456689.903095,0.6119
/camera/world/agv3_confidence,1789456689.903312,1789456689.903312,0.5895
/camera/world/agv1_confidence,1789456689.933602,1789456689.933602,0.5959
/camera/world/agv2_confidence,1789456689.9337263,1789456689.9337263,0.5913
/camera/world/agv3_confidence,1789456689.934057,1789456689.934057,0.5931
/camera/world/agv1_confidence,1789456689.9771805,1789456689.9771805,0.6122
/camera/world/agv3_confidence,1789456689.9774008,1789456689.9774008,0.5994
/camera/world/agv2_confidence,1789456689.977434,1789456689.977434,0.5833
/camera/world/agv2_confidence,1789456690.0080335,1789456690.0080335,0.5724
/camera/world/agv1_confidence,1789456690.008045,1789456690.008045,0.61
/camera/world/agv3_confidence,1789456690.0082421,1789456690.0082421,0.5945
/camera/world/agv1_confidence,1789456690.0380945,1789456690.0380945,0.6103
/camera/world/agv2_confidence,1789456690.0381808,1789456690.0381808,0.5817
/camera/world/agv3_confidence,1789456690.0382445,1789456690.0382445,0.6027
/camera/world/agv1_confidence,1789456690.082415,1789456690.082415,0.6097
/camera/world/agv3_confidence,1789456690.0824533,1789456690.0824533,0.5442
/camera/world/agv2_confidence,1789456690.0825193,1789456690.0825193,0.5832
/camera/world/agv2_confidence,1789456690.1070876,1789456690.1070876,0.55
/camera/world/agv3_confidence,1789456690.1071417,1789456690.1071417,0.6016
/camera/world/agv1_confidence,1789456690.107247,1789456690.107247,0.6093
/camera/world/agv2_confidence,1789456690.142973,1789456690.142973,0.5733
/camera/world/agv1_confidence,1789456690.1430168,1789456690.1430168,0.6085
/camera/world/agv3_confidence,1789456690.1430178,1789456690.1430178,0.5605
/camera/world/agv2_confidence,1789456690.1790721,1789456690.1790721,0.586
/camera/world/agv1_confidence,1789456690.1790802,1789456690.1790802,0.6092
/camera/world/agv3_confidence,1789456690.179289,1789456690.179289,0.6019
/camera/world/agv1_confidence,1789456690.2118506,1789456690.2118506,0.61
/camera/world/agv3_confidence,1789456690.212046,1789456690.212046,0.5492
/camera/world/agv2_confidence,1789456690.2121346,1789456690.2121346,0.5792
/camera/world/agv1_confidence,1789456690.2360406,1789456690.2360406,0.6097
/camera/world/agv2_confidence,1789456690.236342,1789456690.236342,0.5783
/camera/world/agv3_confidence,1789456690.2363744,1789456690.2363744,0.5527
/camera/world/agv1_confidence,1789456690.270441,1789456690.270441,0.61
/camera/world/agv3_confidence,1789456690.2705812,1789456690.2705812,0.6035
/camera/world/agv2_confidence,1789456690.2706501,1789456690.2706501,0.575
/camera/world/agv2_confidence,1789456690.305992,1789456690.305992,0.5929
/camera/world/agv1_confidence,1789456690.3060212,1789456690.3060212,0.5994
/camera/world/agv3_confidence,1789456690.3061671,1789456690.3061671,0.6028
/camera/world/agv3_confidence,1789456690.3398917,1789456690.3398917,0.6054
/camera/world/agv1_confidence,1789456690.3398972,1789456690.3398972,0.6106
/camera/world/agv2_confidence,1789456690.339918,1789456690.339918,0.5945
/camera/world/agv2_confidence,1789456690.3739276,1789456690.3739276,0.5899
/camera/world/agv1_confidence,1789456690.3740904,1789456690.3740904,0.6114
/camera/world/agv3_confidence,1789456690.3741567,1789456690.3741567,0.6044
/camera/world/agv2_confidence,1789456690.4064908,1789456690.4064908,0.5882
/camera/world/agv1_confidence,1789456690.4064918,1789456690.4064918,0.6106
/camera/world/agv3_confidence,1789456690.4065008,1789456690.4065008,0.604
/camera/world/agv2_confidence,1789456690.4406207,1789456690.4406207,0.5934
/camera/world/agv1_confidence,1789456690.4406326,1789456690.4406326,0.6129
/camera/world/agv3_confidence,1789456690.4407725,1789456690.4407725,0.6033
/camera/world/agv1_confidence,1789456690.4676208,1789456690.4676208,0.6121
/camera/world/agv2_confidence,1789456690.4676886,1789456690.4676886,0.5937
/camera/world/agv3_confidence,1789456690.4678946,1789456690.4678946,0.6026
/camera/world/agv1_confidence,1789456690.5067978,1789456690.5067978,0.6122
/camera/world/agv3_confidence,1789456690.5069861,1789456690.5069861,0.6047
/camera/world/agv2_confidence,1789456690.5069995,1789456690.5069995,0.5957
/camera/world/agv2_confidence,1789456690.5452373,1789456690.5452373,0.5958
/camera/world/agv1_confidence,1789456690.5452433,1789456690.5452433,0.6113
/camera/world/agv3_confidence,1789456690.545248,1789456690.545248,0.6041
/camera/world/agv1_confidence,1789456690.5776849,1789456690.5776849,0.6114
/camera/world/agv2_confidence,1789456690.5777407,1789456690.5777407,0.5944
/camera/world/agv3_confidence,1789456690.5780144,1789456690.5780144,0.5521
/camera/world/agv1_confidence,1789456690.609131,1789456690.609131,0.6087
/camera/world/agv3_confidence,1789456690.609153,1789456690.609153,0.5916
/camera/world/agv2_confidence,1789456690.6092117,1789456690.6092117,0.5936
/camera/world/agv1_confidence,1789456690.6424417,1789456690.6424417,0.6097
/camera/world/agv2_confidence,1789456690.6425536,1789456690.6425536,0.5945
/camera/world/agv3_confidence,1789456690.6426966,1789456690.6426966,0.5948
/camera/world/agv2_confidence,1789456690.6670718,1789456690.6670718,0.5947
/camera/world/agv1_confidence,1789456690.6671128,1789456690.6671128,0.6103
/camera/world/agv3_confidence,1789456690.6671932,1789456690.6671932,0.5977
/camera/world/agv1_confidence,1789456690.7113261,1789456690.7113261,0.6093
/camera/world/agv2_confidence,1789456690.7113702,1789456690.7113702,0.5959
/camera/world/agv3_confidence,1789456690.7116673,1789456690.7116673,0.5903
/camera/world/agv1_confidence,1789456690.7385876,1789456690.7385876,0.6108
/camera/world/agv2_confidence,1789456690.7385933,1789456690.7385933,0.5948
/camera/world/agv3_confidence,1789456690.7386117,1789456690.7386117,0.6054
/camera/world/agv2_confidence,1789456690.7693603,1789456690.7693603,0.594
/camera/world/agv3_confidence,1789456690.76939,1789456690.76939,0.6069
/camera/world/agv1_confidence,1789456690.7694824,1789456690.7694824,0.6118
/camera/world/agv1_confidence,1789456690.8067424,1789456690.8067424,0.6124
/camera/world/agv2_confidence,1789456690.8067846,1789456690.8067846,0.5959
/camera/world/agv3_confidence,1789456690.806952,1789456690.806952,0.6041
/camera/world/agv2_confidence,1789456690.834133,1789456690.834133,0.5955
/camera/world/agv3_confidence,1789456690.834136,1789456690.834136,0.6045
/camera/world/agv1_confidence,1789456690.8342686,1789456690.8342686,0.6118
/camera/world/agv1_confidence,1789456690.8668015,1789456690.8668015,0.6127
/camera/world/agv3_confidence,1789456690.8669393,1789456690.8669393,0.5996
/camera/world/agv2_confidence,1789456690.8670304,1789456690.8670304,0.595
/camera/world/agv3_confidence,1789456690.9068825,1789456690.9068825,0.5898
/camera/world/agv2_confidence,1789456690.9069018,1789456690.9069018,0.5957
/camera/world/agv1_confidence,1789456690.9069543,1789456690.9069543,0.6128
/camera/world/agv1_confidence,1789456690.9346895,1789456690.9346895,0.6131
/camera/world/agv3_confidence,1789456690.9348943,1789456690.9348943,0.5905
/camera/world/agv2_confidence,1789456690.9349084,1789456690.9349084,0.5956
/camera/world/agv1_confidence,1789456690.9728138,1789456690.9728138,0.6116
/camera/world/agv2_confidence,1789456690.9728591,1789456690.9728591,0.5955
/camera/world/agv3_confidence,1789456690.9728627,1789456690.9728627,0.5844
/camera/world/agv1_confidence,1789456691.0021985,1789456691.0021985,0.6124
/camera/world/agv2_confidence,1789456691.0022128,1789456691.0022128,0.5962
/camera/world/agv3_confidence,1789456691.0024457,1789456691.0024457,0.598
/camera/world/agv2_confidence,1789456691.0394678,1789456691.0394678,0.5522
/camera/world/agv1_confidence,1789456691.0394769,1789456691.0394769,0.6133
/camera/world/agv3_confidence,1789456691.03963,1789456691.03963,0.5964
/camera/world/agv3_confidence,1789456691.0705411,1789456691.0705411,0.5978
/camera/world/agv1_confidence,1789456691.0706477,1789456691.0706477,0.6137
/camera/world/agv2_confidence,1789456691.0708995,1789456691.0708995,0.5879
/camera/world/agv2_confidence,1789456691.100637,1789456691.100637,0.5902
/camera/world/agv3_confidence,1789456691.100646,1789456691.100646,0.5809
/camera/world/agv1_confidence,1789456691.100653,1789456691.100653,0.6127
/camera/world/agv1_confidence,1789456691.1390197,1789456691.1390197,0.6125
/camera/world/agv3_confidence,1789456691.1391811,1789456691.1391811,0.5903
/camera/world/agv2_confidence,1789456691.1392145,1789456691.1392145,0.5916
/camera/world/agv2_confidence,1789456691.1743894,1789456691.1743894,0.5914
/camera/world/agv1_confidence,1789456691.1745422,1789456691.1745422,0.6126
/camera/world/agv3_confidence,1789456691.1745448,1789456691.1745448,0.5818
/camera/world/agv2_confidence,1789456691.206279,1789456691.206279,0.5885
/camera/world/agv1_confidence,1789456691.2062843,1789456691.2062843,0.6135
/camera/world/agv3_confidence,1789456691.2064526,1789456691.2064526,0.5938
/camera/world/agv1_confidence,1789456691.236995,1789456691.236995,0.6113
/camera/world/agv2_confidence,1789456691.2370214,1789456691.2370214,0.5956
/camera/world/agv3_confidence,1789456691.2371507,1789456691.2371507,0.5993
/camera/world/agv1_confidence,1789456691.2685742,1789456691.2685742,0.6132
/camera/world/agv2_confidence,1789456691.2685747,1789456691.2685747,0.5937
/camera/world/agv3_confidence,1789456691.2687411,1789456691.2687411,0.5887
/camera/world/agv1_confidence,1789456691.2978137,1789456691.2978137,0.6135
/camera/world/agv2_confidence,1789456691.2978811,1789456691.2978811,0.5877
/camera/world/agv3_confidence,1789456691.2979255,1789456691.2979255,0.5939
/camera/world/agv1_confidence,1789456691.336526,1789456691.336526,0.6122
/camera/world/agv3_confidence,1789456691.3367717,1789456691.3367717,0.6032
/camera/world/agv2_confidence,1789456691.3367858,1789456691.3367858,0.5846
/camera/world/agv1_confidence,1789456691.3692439,1789456691.3692439,0.6116
/camera/world/agv3_confidence,1789456691.369279,1789456691.369279,0.5872
/camera/world/agv2_confidence,1789456691.3693833,1789456691.3693833,0.5948
/camera/world/agv1_confidence,1789456691.407281,1789456691.407281,0.6115
/camera/world/agv3_confidence,1789456691.407568,1789456691.407568,0.6045
/camera/world/agv2_confidence,1789456691.4075692,1789456691.4075692,0.5925
/camera/world/agv2_confidence,1789456691.439822,1789456691.439822,0.5915
/camera/world/agv1_confidence,1789456691.4398367,1789456691.4398367,0.6123
/camera/world/agv3_confidence,1789456691.439928,1789456691.439928,0.6028
/camera/world/agv1_confidence,1789456691.4714756,1789456691.4714756,0.6121
/camera/world/agv3_confidence,1789456691.4716394,1789456691.4716394,0.6063
/camera/world/agv2_confidence,1789456691.471665,1789456691.471665,0.5901
/camera/world/agv1_confidence,1789456691.5000825,1789456691.5000825,0.6117
/camera/world/agv2_confidence,1789456691.5001054,1789456691.5001054,0.5931
/camera/world/agv3_confidence,1789456691.5003965,1789456691.5003965,0.6033
/camera/world/agv2_confidence,1789456691.537079,1789456691.537079,0.5925
/camera/world/agv1_confidence,1789456691.5371137,1789456691.5371137,0.6115
/camera/world/agv3_confidence,1789456691.537178,1789456691.537178,0.6041
/camera/world/agv1_confidence,1789456691.5701652,1789456691.5701652,0.612
/camera/world/agv2_confidence,1789456691.5703313,1789456691.5703313,0.591
/camera/world/agv3_confidence,1789456691.5705428,1789456691.5705428,0.605
/camera/world/agv1_confidence,1789456691.6047153,1789456691.6047153,0.6127
/camera/world/agv2_confidence,1789456691.60501,1789456691.60501,0.5912
/camera/world/agv3_confidence,1789456691.605026,1789456691.605026,0.6027
/camera/world/agv1_confidence,1789456691.6354568,1789456691.6354568,0.6122
/camera/world/agv3_confidence,1789456691.6356676,1789456691.6356676,0.6011
/camera/world/agv2_confidence,1789456691.6356828,1789456691.6356828,0.5929
/camera/world/agv1_confidence,1789456691.6648788,1789456691.6648788,0.6124
/camera/world/agv3_confidence,1789456691.6648932,1789456691.6648932,0.6042
/camera/world/agv2_confidence,1789456691.6649,1789456691.6649,0.5922
/camera/world/agv3_confidence,1789456691.7045574,1789456691.7045574,0.6035
/camera/world/agv1_confidence,1789456691.7047615,1789456691.7047615,0.6116
/camera/world/agv2_confidence,1789456691.704829,1789456691.704829,0.5884
/camera/world/agv3_confidence,1789456691.736154,1789456691.736154,0.6039
/camera/world/agv2_confidence,1789456691.7362354,1789456691.7362354,0.5922
/camera/world/agv1_confidence,1789456691.7363455,1789456691.7363455,0.6122
/camera/world/agv2_confidence,1789456691.771147,1789456691.771147,0.59
/camera/world/agv1_confidence,1789456691.7712965,1789456691.7712965,0.6118
/camera/world/agv3_confidence,1789456691.771327,1789456691.771327,0.6032
/camera/world/agv1_confidence,1789456691.8002832,1789456691.8002832,0.6124
/camera/world/agv2_confidence,1789456691.800439,1789456691.800439,0.5914
/camera/world/agv3_confidence,1789456691.8006203,1789456691.8006203,0.6033
/camera/world/agv3_confidence,1789456691.8398936,1789456691.8398936,0.6033
/camera/world/agv2_confidence,1789456691.8399315,1789456691.8399315,0.591
/camera/world/agv1_confidence,1789456691.8399425,1789456691.8399425,0.6123
/camera/world/agv1_confidence,1789456691.8723657,1789456691.8723657,0.6119
/camera/world/agv2_confidence,1789456691.8724737,1789456691.8724737,0.5908
/camera/world/agv3_confidence,1789456691.8726962,1789456691.8726962,0.6018
/camera/world/agv1_confidence,1789456691.910091,1789456691.910091,0.6125
/camera/world/agv2_confidence,1789456691.9103193,1789456691.9103193,0.5911
/camera/world/agv3_confidence,1789456691.9103444,1789456691.9103444,0.6039
/camera/world/agv2_confidence,1789456691.935326,1789456691.935326,0.5924
/camera/world/agv1_confidence,1789456691.935372,1789456691.935372,0.6113
/camera/world/agv3_confidence,1789456691.935426,1789456691.935426,0.6013
/camera/world/agv1_confidence,1789456691.9704978,1789456691.9704978,0.6115
/camera/world/agv2_confidence,1789456691.9705374,1789456691.9705374,0.5937
/camera/world/agv3_confidence,1789456691.9705396,1789456691.9705396,0.6031
/camera/world/agv1_confidence,1789456691.9998333,1789456691.9998333,0.6121
/camera/world/agv2_confidence,1789456691.9999368,1789456691.9999368,0.5932
/camera/world/agv3_confidence,1789456692.0002716,1789456692.0002716,0.6045
/camera/world/agv1_confidence,1789456692.0415378,1789456692.0415378,0.6119
/camera/world/agv2_confidence,1789456692.0417218,1789456692.0417218,0.5903
/camera/world/agv3_confidence,1789456692.041784,1789456692.041784,0.6035
/camera/world/agv3_confidence,1789456692.0846403,1789456692.0846403,0.604
/camera/world/agv1_confidence,1789456692.084658,1789456692.084658,0.6117
/camera/world/agv2_confidence,1789456692.084743,1789456692.084743,0.5913
/camera/world/agv1_confidence,1789456692.108579,1789456692.108579,0.6119
/camera/world/agv3_confidence,1789456692.1085927,1789456692.1085927,0.604
/camera/world/agv2_confidence,1789456692.1087408,1789456692.1087408,0.5907
/camera/world/agv2_confidence,1789456692.1473053,1789456692.1473053,0.5918
/camera/world/agv3_confidence,1789456692.147363,1789456692.147363,0.6031
/camera/world/agv1_confidence,1789456692.1473677,1789456692.1473677,0.6128
/camera/world/agv1_confidence,1789456692.1821513,1789456692.1821513,0.612
/camera/world/agv2_confidence,1789456692.1822355,1789456692.1822355,0.5787
/camera/world/agv3_confidence,1789456692.1824098,1789456692.1824098,0.6015
/camera/world/agv1_confidence,1789456692.2057745,1789456692.2057745,0.6114
/camera/world/agv2_confidence,1789456692.2057846,1789456692.2057846,0.592
/camera/world/agv3_confidence,1789456692.2059975,1789456692.2059975,0.6023
/camera/world/agv3_confidence,1789456692.2371047,1789456692.2371047,0.6006
/camera/world/agv1_confidence,1789456692.2371495,1789456692.2371495,0.6117
/camera/world/agv2_confidence,1789456692.2371767,1789456692.2371767,0.5908
/camera/world/agv3_confidence,1789456692.269046,1789456692.269046,0.6004
/camera/world/agv1_confidence,1789456692.2690625,1789456692.2690625,0.6123
/camera/world/agv2_confidence,1789456692.2691407,1789456692.2691407,0.5914
/camera/world/agv1_confidence,1789456692.3027275,1789456692.3027275,0.6117
/camera/world/agv2_confidence,1789456692.3027604,1789456692.3027604,0.5895
/camera/world/agv3_confidence,1789456692.302765,1789456692.302765,0.6032
/camera/world/agv2_confidence,1789456692.3376017,1789456692.3376017,0.5926
/camera/world/agv1_confidence,1789456692.3376741,1789456692.3376741,0.6121
/camera/world/agv3_confidence,1789456692.3378816,1789456692.3378816,0.6034
/camera/world/agv1_confidence,1789456692.368009,1789456692.368009,0.6116
/camera/world/agv2_confidence,1789456692.368136,1789456692.368136,0.5926
/camera/world/agv3_confidence,1789456692.368291,1789456692.368291,0.6032
/camera/world/agv1_confidence,1789456692.432258,1789456692.432258,0.6113
/camera/world/agv3_confidence,1789456692.4323032,1789456692.4323032,0.6028
/camera/world/agv2_confidence,1789456692.43231,1789456692.43231,0.5905
/camera/world/agv1_confidence,1789456692.438373,1789456692.438373,0.612
/camera/world/agv3_confidence,1789456692.4384105,1789456692.4384105,0.603
/camera/world/agv2_confidence,1789456692.4384851,1789456692.4384851,0.5913
/camera/world/agv1_confidence,1789456692.4689755,1789456692.4689755,0.6122
/camera/world/agv2_confidence,1789456692.4691,1789456692.4691,0.5903
/camera/world/agv3_confidence,1789456692.469494,1789456692.469494,0.6024
/camera/world/agv1_confidence,1789456692.5141382,1789456692.5141382,0.6122
/camera/world/agv2_confidence,1789456692.5142121,1789456692.5142121,0.5924
/camera/world/agv3_confidence,1789456692.5142255,1789456692.5142255,0.6038
/camera/world/agv1_confidence,1789456692.5354297,1789456692.5354297,0.6119
/camera/world/agv3_confidence,1789456692.5354686,1789456692.5354686,0.604
/camera/world/agv2_confidence,1789456692.5354955,1789456692.5354955,0.5924
/camera/world/agv1_confidence,1789456692.5663133,1789456692.5663133,0.6126
/camera/world/agv2_confidence,1789456692.56645,1789456692.56645,0.5937
/camera/world/agv3_confidence,1789456692.5665317,1789456692.5665317,0.603
/camera/world/agv2_confidence,1789456692.60574,1789456692.60574,0.5913
/camera/world/agv1_confidence,1789456692.6057436,1789456692.6057436,0.6122
/camera/world/agv3_confidence,1789456692.6059687,1789456692.6059687,0.6061
/camera/world/agv1_confidence,1789456692.644411,1789456692.644411,0.6121
/camera/world/agv3_confidence,1789456692.644427,1789456692.644427,0.6032
/camera/world/agv2_confidence,1789456692.6444464,1789456692.6444464,0.5935
/camera/world/agv1_confidence,1789456692.6686354,1789456692.6686354,0.6117
/camera/world/agv2_confidence,1789456692.668687,1789456692.668687,0.5907
/camera/world/agv3_confidence,1789456692.66875,1789456692.66875,0.6028
/camera/world/agv1_confidence,1789456692.708054,1789456692.708054,0.6128
/camera/world/agv3_confidence,1789456692.7082756,1789456692.7082756,0.6055
/camera/world/agv2_confidence,1789456692.7083642,1789456692.7083642,0.5814
/camera/world/agv2_confidence,1789456692.7371767,1789456692.7371767,0.5923
/camera/world/agv3_confidence,1789456692.7373064,1789456692.7373064,0.6026
/camera/world/agv1_confidence,1789456692.737319,1789456692.737319,0.6119
/camera/world/agv1_confidence,1789456692.7671905,1789456692.7671905,0.6121
/camera/world/agv2_confidence,1789456692.7673464,1789456692.7673464,0.5916
/camera/world/agv3_confidence,1789456692.7673664,1789456692.7673664,0.6033
/camera/world/agv1_confidence,1789456692.805543,1789456692.805543,0.6115
/camera/world/agv3_confidence,1789456692.8055634,1789456692.8055634,0.6017
/camera/world/agv2_confidence,1789456692.805579,1789456692.805579,0.5915
/camera/world/agv1_confidence,1789456692.8402503,1789456692.8402503,0.612
/camera/world/agv2_confidence,1789456692.8406234,1789456692.8406234,0.5929
/camera/world/agv3_confidence,1789456692.8408093,1789456692.8408093,0.6028
/camera/world/agv2_confidence,1789456692.8700335,1789456692.8700335,0.592
/camera/world/agv3_confidence,1789456692.870316,1789456692.870316,0.6037
/camera/world/agv1_confidence,1789456692.870365,1789456692.870365,0.6117
/camera/world/agv1_confidence,1789456692.9011612,1789456692.9011612,0.6115
/camera/world/agv2_confidence,1789456692.9012716,1789456692.9012716,0.5924
/camera/world/agv3_confidence,1789456692.9014804,1789456692.9014804,0.6034
/camera/world/agv1_confidence,1789456692.941535,1789456692.941535,0.6124
/camera/world/agv3_confidence,1789456692.9416406,1789456692.9416406,0.6039
/camera/world/agv2_confidence,1789456692.9416728,1789456692.9416728,0.5909
/camera/world/agv1_confidence,1789456692.9693708,1789456692.9693708,0.612
/camera/world/agv2_confidence,1789456692.9694514,1789456692.9694514,0.5908
/camera/world/agv3_confidence,1789456692.9695444,1789456692.9695444,0.6026
/camera/world/agv1_confidence,1789456693.0012217,1789456693.0012217,0.6115
/camera/world/agv2_confidence,1789456693.001471,1789456693.001471,0.5915
/camera/world/agv3_confidence,1789456693.0015054,1789456693.0015054,0.6021
/camera/world/agv1_confidence,1789456693.03547,1789456693.03547,0.6114
/camera/world/agv2_confidence,1789456693.0356874,1789456693.0356874,0.5915
/camera/world/agv3_confidence,1789456693.0357106,1789456693.0357106,0.6057
/camera/world/agv1_confidence,1789456693.0738099,1789456693.0738099,0.6119
/camera/world/agv2_confidence,1789456693.0738344,1789456693.0738344,0.5902
/camera/world/agv3_confidence,1789456693.0739007,1789456693.0739007,0.6035
/camera/world/agv2_confidence,1789456693.1007297,1789456693.1007297,0.5887
/camera/world/agv1_confidence,1789456693.1007724,1789456693.1007724,0.6121
/camera/world/agv3_confidence,1789456693.1008055,1789456693.1008055,0.604
/camera/world/agv1_confidence,1789456693.1332643,1789456693.1332643,0.6119
/camera/world/agv2_confidence,1789456693.1334682,1789456693.1334682,0.5922
/camera/world/agv3_confidence,1789456693.1335886,1789456693.1335886,0.605
/camera/world/agv2_confidence,1789456693.172148,1789456693.172148,0.5906
/camera/world/agv1_confidence,1789456693.1721632,1789456693.1721632,0.6121
/camera/world/agv3_confidence,1789456693.1722496,1789456693.1722496,0.6037
/camera/world/agv2_confidence,1789456693.1998398,1789456693.1998398,0.5906
/camera/world/agv3_confidence,1789456693.1998482,1789456693.1998482,0.6023
/camera/world/agv1_confidence,1789456693.1998644,1789456693.1998644,0.6126
/camera/world/agv1_confidence,1789456693.2400625,1789456693.2400625,0.6118
/camera/world/agv2_confidence,1789456693.2403286,1789456693.2403286,0.592
/camera/world/agv3_confidence,1789456693.2403412,1789456693.2403412,0.6029
/camera/world/agv1_confidence,1789456693.2748308,1789456693.2748308,0.6128
/camera/world/agv2_confidence,1789456693.2748446,1789456693.2748446,0.5923
/camera/world/agv3_confidence,1789456693.2748666,1789456693.2748666,0.6038
/camera/world/agv2_confidence,1789456693.3006349,1789456693.3006349,0.5906
/camera/world/agv3_confidence,1789456693.3009136,1789456693.3009136,0.6034
/camera/world/agv1_confidence,1789456693.300942,1789456693.300942,0.6122
/camera/world/agv1_confidence,1789456693.3368676,1789456693.3368676,0.6118
/camera/world/agv3_confidence,1789456693.3369927,1789456693.3369927,0.6034
/camera/world/agv2_confidence,1789456693.3370385,1789456693.3370385,0.5924
/camera/world/agv1_confidence,1789456693.3736088,1789456693.3736088,0.6117
/camera/world/agv3_confidence,1789456693.3736186,1789456693.3736186,0.6053
/camera/world/agv2_confidence,1789456693.3736446,1789456693.3736446,0.5909
/camera/world/agv1_confidence,1789456693.3986342,1789456693.3986342,0.6117
/camera/world/agv2_confidence,1789456693.3987174,1789456693.3987174,0.589
/camera/world/agv3_confidence,1789456693.398902,1789456693.398902,0.6031
/camera/world/agv1_confidence,1789456693.4358342,1789456693.4358342,0.6119
/camera/world/agv2_confidence,1789456693.436088,1789456693.436088,0.5917
/camera/world/agv3_confidence,1789456693.4361315,1789456693.4361315,0.6038
/camera/world/agv1_confidence,1789456693.467743,1789456693.467743,0.6126
/camera/world/agv3_confidence,1789456693.4677892,1789456693.4677892,0.6028
/camera/world/agv2_confidence,1789456693.4678078,1789456693.4678078,0.5926
/camera/world/agv3_confidence,1789456693.5002987,1789456693.5002987,0.6027
/camera/world/agv2_confidence,1789456693.5003574,1789456693.5003574,0.591
/camera/world/agv1_confidence,1789456693.5004551,1789456693.5004551,0.6126
/camera/world/agv2_confidence,1789456693.5320132,1789456693.5320132,0.5921
/camera/world/agv3_confidence,1789456693.5320666,1789456693.5320666,0.6009
/camera/world/agv1_confidence,1789456693.5321674,1789456693.5321674,0.6114
/camera/world/agv2_confidence,1789456693.5695434,1789456693.5695434,0.5906
/camera/world/agv1_confidence,1789456693.5695467,1789456693.5695467,0.6127
/camera/world/agv3_confidence,1789456693.5698416,1789456693.5698416,0.6028
/camera/world/agv1_confidence,1789456693.6002357,1789456693.6002357,0.6117
/camera/world/agv2_confidence,1789456693.60048,1789456693.60048,0.5918
/camera/world/agv3_confidence,1789456693.6004834,1789456693.6004834,0.6035
/camera/world/agv2_confidence,1789456693.6386645,1789456693.6386645,0.5895
/camera/world/agv1_confidence,1789456693.638799,1789456693.638799,0.6119
/camera/world/agv3_confidence,1789456693.6388319,1789456693.6388319,0.6054
/camera/world/agv1_confidence,1789456693.669141,1789456693.669141,0.6122
/camera/world/agv2_confidence,1789456693.669198,1789456693.669198,0.5912
/camera/world/agv3_confidence,1789456693.6693652,1789456693.6693652,0.6031
/camera/world/agv3_confidence,1789456693.707089,1789456693.707089,0.603
/camera/world/agv2_confidence,1789456693.7071142,1789456693.7071142,0.5929
/camera/world/agv1_confidence,1789456693.7071474,1789456693.7071474,0.6114
/camera/world/agv2_confidence,1789456693.7356176,1789456693.7356176,0.5933
/camera/world/agv3_confidence,1789456693.7356448,1789456693.7356448,0.6046
/camera/world/agv1_confidence,1789456693.7357285,1789456693.7357285,0.6114
/camera/world/agv1_confidence,1789456693.7675219,1789456693.7675219,0.6121
/camera/world/agv2_confidence,1789456693.767698,1789456693.767698,0.5919
/camera/world/agv3_confidence,1789456693.767841,1789456693.767841,0.6041
/camera/world/agv2_confidence,1789456693.7992747,1789456693.7992747,0.5924
/camera/world/agv3_confidence,1789456693.7993116,1789456693.7993116,0.6039
/camera/world/agv1_confidence,1789456693.7993307,1789456693.7993307,0.6111
/camera/world/agv2_confidence,1789456693.8413692,1789456693.8413692,0.593
/camera/world/agv1_confidence,1789456693.841377,1789456693.841377,0.6117
/camera/world/agv3_confidence,1789456693.841559,1789456693.841559,0.6041
/camera/world/agv1_confidence,1789456693.8705156,1789456693.8705156,0.6121
/camera/world/agv2_confidence,1789456693.8705206,1789456693.8705206,0.5918
/camera/world/agv3_confidence,1789456693.8707821,1789456693.8707821,0.6043
/camera/world/agv1_confidence,1789456693.9015474,1789456693.9015474,0.6122
/camera/world/agv2_confidence,1789456693.9018536,1789456693.9018536,0.5934
/camera/world/agv3_confidence,1789456693.901982,1789456693.901982,0.604
/camera/world/agv3_confidence,1789456693.935987,1789456693.935987,0.604
/camera/world/agv2_confidence,1789456693.936015,1789456693.936015,0.5924
/camera/world/agv1_confidence,1789456693.936035,1789456693.936035,0.6129
/camera/world/agv2_confidence,1789456693.9735792,1789456693.9735792,0.5913
/camera/world/agv3_confidence,1789456693.9736595,1789456693.9736595,0.6029
/camera/world/agv1_confidence,1789456693.9736784,1789456693.9736784,0.612
/camera/world/agv1_confidence,1789456694.007054,1789456694.007054,0.612
/camera/world/agv2_confidence,1789456694.0072715,1789456694.0072715,0.5931
/camera/world/agv3_confidence,1789456694.007289,1789456694.007289,0.6017
/camera/world/agv3_confidence,1789456694.0378304,1789456694.0378304,0.6024
/camera/world/agv2_confidence,1789456694.0378416,1789456694.0378416,0.5938
/camera/world/agv1_confidence,1789456694.0378819,1789456694.0378819,0.6119
/camera/world/agv2_confidence,1789456694.0682652,1789456694.0682652,0.5938
/camera/world/agv1_confidence,1789456694.068278,1789456694.068278,0.6125
/camera/world/agv3_confidence,1789456694.0685549,1789456694.0685549,0.6021
