topic,bag_stamp,header_stamp,confidence
/camera/world/agv1_confidence,1789453861.6808627,1789453861.6808627,0.5792
/camera/world/agv3_confidence,1789453861.6810565,1789453861.6810565,0.5632
/camera/world/agv2_confidence,1789453861.6810665,1789453861.6810665,0.56
/camera/world/agv1_confidence,1789453861.7101033,1789453861.7101033,0.5796
/camera/world/agv3_confidence,1789453861.710213,1789453861.710213,0.5627
/camera/world/agv2_confidence,1789453861.7102218,1789453861.7102218,0.5599
/camera/world/agv1_confidence,1789453861.7398396,1789453861.7398396,0.5795
/camera/world/agv2_confidence,1789453861.739974,1789453861.739974,0.5599
/camera/world/agv3_confidence,1789453861.7399893,1789453861.7399893,0.5635
/camera/world/agv2_confidence,1789453861.7833333,1789453861.7833333,0.5632
/camera/world/agv3_confidence,1789453861.7834256,1789453861.7834256,0.5685
/camera/world/agv1_confidence,1789453861.7834733,1789453861.7834733,0.5771
/camera/world/agv1_confidence,1789453861.8094902,1789453861.8094902,0.5791
/camera/world/agv3_confidence,1789453861.8095603,1789453861.8095603,0.5629
/camera/world/agv2_confidence,1789453861.8095858,1789453861.8095858,0.5617
/camera/world/agv3_confidence,1789453861.8426003,1789453861.8426003,0.5643
/camera/world/agv1_confidence,1789453861.84262,1789453861.84262,0.5788
/camera/world/agv2_confidence,1789453861.8428621,1789453861.8428621,0.5743
/camera/world/agv3_confidence,1789453861.8803763,1789453861.8803763,0.5644
/camera/world/agv1_confidence,1789453861.8805335,1789453861.8805335,0.5791
/camera/world/agv2_confidence,1789453861.8805625,1789453861.8805625,0.5626
/camera/world/agv1_confidence,1789453861.9165814,1789453861.9165814,0.5796
/camera/world/agv2_confidence,1789453861.9167912,1789453861.9167912,0.5603
/camera/world/agv3_confidence,1789453861.9168246,1789453861.9168246,0.5647
/camera/world/agv2_confidence,1789453861.9503613,1789453861.9503613,0.5632
/camera/world/agv3_confidence,1789453861.9504325,1789453861.9504325,0.5636
/camera/world/agv1_confidence,1789453861.950537,1789453861.950537,0.5774
/camera/world/agv2_confidence,1789453861.9761078,1789453861.9761078,0.5621
/camera/world/agv1_confidence,1789453861.9762807,1789453861.9762807,0.579
/camera/world/agv3_confidence,1789453861.9763033,1789453861.9763033,0.5634
/camera/world/agv1_confidence,1789453862.006946,1789453862.006946,0.5895
/camera/world/agv2_confidence,1789453862.007098,1789453862.007098,0.5608
/camera/world/agv3_confidence,1789453862.0072236,1789453862.0072236,0.5679
/camera/world/agv1_confidence,1789453862.0524645,1789453862.0524645,0.5785
/camera/world/agv2_confidence,1789453862.0524702,1789453862.0524702,0.559
/camera/world/agv3_confidence,1789453862.0528367,1789453862.0528367,0.5644
/camera/world/agv1_confidence,1789453862.0817797,1789453862.0817797,0.5806
/camera/world/agv2_confidence,1789453862.0820396,1789453862.0820396,0.5605
/camera/world/agv3_confidence,1789453862.0821846,1789453862.0821846,0.5637
/camera/world/agv1_confidence,1789453862.1163552,1789453862.1163552,0.579
/camera/world/agv2_confidence,1789453862.1163592,1789453862.1163592,0.5624
/camera/world/agv3_confidence,1789453862.1164665,1789453862.1164665,0.5668
/camera/world/agv1_confidence,1789453862.150305,1789453862.150305,0.5842
/camera/world/agv2_confidence,1789453862.1504037,1789453862.1504037,0.5607
/camera/world/agv3_confidence,1789453862.1505709,1789453862.1505709,0.5692
/camera/world/agv1_confidence,1789453862.1840487,1789453862.1840487,0.5797
/camera/world/agv2_confidence,1789453862.1841662,1789453862.1841662,0.5622
/camera/world/agv3_confidence,1789453862.184334,1789453862.184334,0.5639
/camera/world/agv1_confidence,1789453862.2150452,1789453862.2150452,0.5792
/camera/world/agv2_confidence,1789453862.2152908,1789453862.2152908,0.5601
/camera/world/agv3_confidence,1789453862.2153263,1789453862.2153263,0.5652
/camera/world/agv2_confidence,1789453862.2465508,1789453862.2465508,0.5606
/camera/world/agv1_confidence,1789453862.2466533,1789453862.2466533,0.579
/camera/world/agv3_confidence,1789453862.2466848,1789453862.2466848,0.5634
/camera/world/agv2_confidence,1789453862.2785742,1789453862.2785742,0.5605
/camera/world/agv1_confidence,1789453862.2786274,1789453862.2786274,0.5789
/camera/world/agv3_confidence,1789453862.2788634,1789453862.2788634,0.564
/camera/world/agv1_confidence,1789453862.3110926,1789453862.3110926,0.5798
/camera/world/agv2_confidence,1789453862.3110957,1789453862.3110957,0.5623
/camera/world/agv3_confidence,1789453862.3112369,1789453862.3112369,0.5646
/camera/world/agv1_confidence,1789453862.349651,1789453862.349651,0.5835
/camera/world/agv3_confidence,1789453862.3496902,1789453862.3496902,0.5633
/camera/world/agv2_confidence,1789453862.3497248,1789453862.3497248,0.5653
/camera/world/agv1_confidence,1789453862.3821318,1789453862.3821318,0.5759
/camera/world/agv2_confidence,1789453862.3822703,1789453862.3822703,0.5615
/camera/world/agv3_confidence,1789453862.382478,1789453862.382478,0.567
/camera/world/agv1_confidence,1789453862.4245,1789453862.4245,0.5681
/camera/world/agv3_confidence,1789453862.4245744,1789453862.4245744,0.5629
/camera/world/agv2_confidence,1789453862.4245963,1789453862.4245963,0.5585
/camera/world/agv1_confidence,1789453862.4393165,1789453862.4393165,0.5672
/camera/world/agv2_confidence,1789453862.4393778,1789453862.4393778,0.5622
/camera/world/agv3_confidence,1789453862.4394834,1789453862.4394834,0.568
/camera/world/agv2_confidence,1789453862.4841602,1789453862.4841602,0.5601
/camera/world/agv1_confidence,1789453862.48417,1789453862.48417,0.5901
/camera/world/agv3_confidence,1789453862.4843073,1789453862.4843073,0.5528
/camera/world/agv2_confidence,1789453862.508938,1789453862.508938,0.5599
/camera/world/agv1_confidence,1789453862.5090492,1789453862.5090492,0.5831
/camera/world/agv3_confidence,1789453862.5092473,1789453862.5092473,0.443
/camera/world/agv1_confidence,1789453862.5430217,1789453862.5430217,0.5857
/camera/world/agv2_confidence,1789453862.543029,1789453862.543029,0.5592
/camera/world/agv3_confidence,1789453862.543229,1789453862.543229,0.4355
/camera/world/agv1_confidence,1789453862.5835593,1789453862.5835593,0.5849
/camera/world/agv2_confidence,1789453862.5836565,1789453862.5836565,0.5605
/camera/world/agv3_confidence,1789453862.5837188,1789453862.5837188,0.5356
/camera/world/agv1_confidence,1789453862.6065257,1789453862.6065257,0.5889
/camera/world/agv2_confidence,1789453862.6065392,1789453862.6065392,0.5586
/camera/world/agv3_confidence,1789453862.6067727,1789453862.6067727,0.5617
/camera/world/agv3_confidence,1789453862.64814,1789453862.64814,0.5623
/camera/world/agv1_confidence,1789453862.6481595,1789453862.6481595,0.5779
/camera/world/agv2_confidence,1789453862.6482177,1789453862.6482177,0.5726
/camera/world/agv1_confidence,1789453862.6768875,1789453862.6768875,0.5638
/camera/world/agv2_confidence,1789453862.6770322,1789453862.6770322,0.5725
/camera/world/agv3_confidence,1789453862.6770535,1789453862.6770535,0.5656
/camera/world/agv1_confidence,1789453862.7079082,1789453862.7079082,0.5786
/camera/world/agv2_confidence,1789453862.7079387,1789453862.7079387,0.5724
/camera/world/agv3_confidence,1789453862.70798,1789453862.70798,0.572
/camera/world/agv2_confidence,1789453862.7492533,1789453862.7492533,0.5691
/camera/world/agv3_confidence,1789453862.749325,1789453862.749325,0.571
/camera/world/agv1_confidence,1789453862.7493403,1789453862.7493403,0.5807
/camera/world/agv1_confidence,1789453862.778356,1789453862.778356,0.575
/camera/world/agv2_confidence,1789453862.77838,1789453862.77838,0.564
/camera/world/agv3_confidence,1789453862.7785056,1789453862.7785056,0.5722
/camera/world/agv1_confidence,1789453862.81038,1789453862.81038,0.5912
/camera/world/agv2_confidence,1789453862.8103967,1789453862.8103967,0.5599
/camera/world/agv3_confidence,1789453862.8104827,1789453862.8104827,0.5598
/camera/world/agv1_confidence,1789453862.8421683,1789453862.8421683,0.5845
/camera/world/agv2_confidence,1789453862.8425338,1789453862.8425338,0.5708
/camera/world/agv3_confidence,1789453862.8425481,1789453862.8425481,0.568
/camera/world/agv1_confidence,1789453862.873329,1789453862.873329,0.5836
/camera/world/agv3_confidence,1789453862.8733978,1789453862.8733978,0.5681
/camera/world/agv2_confidence,1789453862.8734577,1789453862.8734577,0.5534
/camera/world/agv1_confidence,1789453862.9115624,1789453862.9115624,0.5851
/camera/world/agv2_confidence,1789453862.9116042,1789453862.9116042,0.5646
/camera/world/agv3_confidence,1789453862.9116604,1789453862.9116604,0.5717
/camera/world/agv1_confidence,1789453862.9401412,1789453862.9401412,0.592
/camera/world/agv3_confidence,1789453862.9404778,1789453862.9404778,0.569
/camera/world/agv2_confidence,1789453862.9405427,1789453862.9405427,0.5682
/camera/world/agv1_confidence,1789453862.974794,1789453862.974794,0.5881
/camera/world/agv2_confidence,1789453862.9749615,1789453862.9749615,0.5726
/camera/world/agv3_confidence,1789453862.9752216,1789453862.9752216,0.5757
/camera/world/agv2_confidence,1789453863.019057,1789453863.019057,0.5742
/camera/world/agv3_confidence,1789453863.0191326,1789453863.0191326,0.5723
/camera/world/agv1_confidence,1789453863.0191565,1789453863.0191565,0.592
/camera/world/agv1_confidence,1789453863.044906,1789453863.044906,0.5923
/camera/world/agv2_confidence,1789453863.045165,1789453863.045165,0.5595
/camera/world/agv3_confidence,1789453863.0453615,1789453863.0453615,0.5726
/camera/world/agv1_confidence,1789453863.0775065,1789453863.0775065,0.5929
/camera/world/agv2_confidence,1789453863.077829,1789453863.077829,0.5694
/camera/world/agv3_confidence,1789453863.078083,1789453863.078083,0.5655
/camera/world/agv1_confidence,1789453863.1121058,1789453863.1121058,0.5923
/camera/world/agv3_confidence,1789453863.1121166,1789453863.1121166,0.5587
/camera/world/agv2_confidence,1789453863.1121855,1789453863.1121855,0.571
/camera/world/agv1_confidence,1789453863.1473775,1789453863.1473775,0.5747
/camera/world/agv2_confidence,1789453863.1476276,1789453863.1476276,0.5696
/camera/world/agv3_confidence,1789453863.147681,1789453863.147681,0.5617
/camera/world/agv3_confidence,1789453863.1843364,1789453863.1843364,0.5739
/camera/world/agv1_confidence,1789453863.1843545,1789453863.1843545,0.586
/camera/world/agv2_confidence,1789453863.1843762,1789453863.1843762,0.5566
/camera/world/agv2_confidence,1789453863.2103467,1789453863.2103467,0.5594
/camera/world/agv1_confidence,1789453863.2104104,1789453863.2104104,0.5775
/camera/world/agv3_confidence,1789453863.2104847,1789453863.2104847,0.5615
/camera/world/agv1_confidence,1789453863.2473505,1789453863.2473505,0.5765
/camera/world/agv3_confidence,1789453863.2475226,1789453863.2475226,0.5661
/camera/world/agv2_confidence,1789453863.2475271,1789453863.2475271,0.5689
/camera/world/agv1_confidence,1789453863.2803044,1789453863.2803044,0.5794
/camera/world/agv3_confidence,1789453863.2804096,1789453863.2804096,0.5736
/camera/world/agv2_confidence,1789453863.2804434,1789453863.2804434,0.5558
/camera/world/agv1_confidence,1789453863.312255,1789453863.312255,0.5773
/camera/world/agv2_confidence,1789453863.3123198,1789453863.3123198,0.5731
/camera/world/agv3_confidence,1789453863.3124127,1789453863.3124127,0.5681
/camera/world/agv2_confidence,1789453863.3499706,1789453863.3499706,0.5709
/camera/world/agv1_confidence,1789453863.3499742,1789453863.3499742,0.5891
/camera/world/agv3_confidence,1789453863.3501785,1789453863.3501785,0.5717
/camera/world/agv1_confidence,1789453863.3783114,1789453863.3783114,0.5746
/camera/world/agv3_confidence,1789453863.3784149,1789453863.3784149,0.5648
/camera/world/agv2_confidence,1789453863.3785064,1789453863.3785064,0.5577
/camera/world/agv2_confidence,1789453863.4109595,1789453863.4109595,0.5708
/camera/world/agv3_confidence,1789453863.411093,1789453863.411093,0.5366
/camera/world/agv1_confidence,1789453863.4111145,1789453863.4111145,0.5903
/camera/world/agv2_confidence,1789453863.445695,1789453863.445695,0.4556
/camera/world/agv1_confidence,1789453863.4457476,1789453863.4457476,0.5825
/camera/world/agv3_confidence,1789453863.4458532,1789453863.4458532,0.5716
/camera/world/agv1_confidence,1789453863.480541,1789453863.480541,0.5938
/camera/world/agv2_confidence,1789453863.4806108,1789453863.4806108,0.5572
/camera/world/agv3_confidence,1789453863.480799,1789453863.480799,0.5748
/camera/world/agv2_confidence,1789453863.512868,1789453863.512868,0.4267
/camera/world/agv3_confidence,1789453863.5129356,1789453863.5129356,0.5638
/camera/world/agv1_confidence,1789453863.5129752,1789453863.5129752,0.593
/camera/world/agv1_confidence,1789453863.5434947,1789453863.5434947,0.5833
/camera/world/agv3_confidence,1789453863.5435486,1789453863.5435486,0.5424
/camera/world/agv2_confidence,1789453863.543552,1789453863.543552,0.5548
/camera/world/agv1_confidence,1789453863.5812893,1789453863.5812893,0.5928
/camera/world/agv2_confidence,1789453863.5813434,1789453863.5813434,0.5585
/camera/world/agv3_confidence,1789453863.5814192,1789453863.5814192,0.5715
/camera/world/agv2_confidence,1789453863.6144943,1789453863.6144943,0.5715
/camera/world/agv1_confidence,1789453863.6145427,1789453863.6145427,0.591
/camera/world/agv3_confidence,1789453863.6145575,1789453863.6145575,0.5542
/camera/world/agv1_confidence,1789453863.6423259,1789453863.6423259,0.592
/camera/world/agv3_confidence,1789453863.6423342,1789453863.6423342,0.5632
/camera/world/agv2_confidence,1789453863.642341,1789453863.642341,0.5568
/camera/world/agv1_confidence,1789453863.6730657,1789453863.6730657,0.579
/camera/world/agv3_confidence,1789453863.6730816,1789453863.6730816,0.5582
/camera/world/agv2_confidence,1789453863.673094,1789453863.673094,0.5546
/camera/world/agv2_confidence,1789453863.7193053,1789453863.7193053,0.5632
/camera/world/agv1_confidence,1789453863.719319,1789453863.719319,0.5857
/camera/world/agv3_confidence,1789453863.71934,1789453863.71934,0.5715
/camera/world/agv1_confidence,1789453863.7462,1789453863.7462,0.5709
/camera/world/agv2_confidence,1789453863.746628,1789453863.746628,0.5733
/camera/world/agv3_confidence,1789453863.7466462,1789453863.7466462,0.4491
/camera/world/agv1_confidence,1789453863.781518,1789453863.781518,0.5854
/camera/world/agv2_confidence,1789453863.7817369,1789453863.7817369,0.5703
/camera/world/agv3_confidence,1789453863.7820234,1789453863.7820234,0.5718
/camera/world/agv2_confidence,1789453863.8160276,1789453863.8160276,0.5696
/camera/world/agv1_confidence,1789453863.8160555,1789453863.8160555,0.589
/camera/world/agv3_confidence,1789453863.8160667,1789453863.8160667,0.5617
/camera/world/agv2_confidence,1789453863.8407674,1789453863.8407674,0.5512
/camera/world/agv1_confidence,1789453863.8407714,1789453863.8407714,0.5803
/camera/world/agv3_confidence,1789453863.8409307,1789453863.8409307,0.5714
/camera/world/agv1_confidence,1789453863.8838956,1789453863.8838956,0.5931
/camera/world/agv3_confidence,1789453863.8839078,1789453863.8839078,0.5698
/camera/world/agv2_confidence,1789453863.8839643,1789453863.8839643,0.5635
/camera/world/agv1_confidence,1789453863.9163191,1789453863.9163191,0.5826
/camera/world/agv2_confidence,1789453863.9164827,1789453863.9164827,0.5722
/camera/world/agv3_confidence,1789453863.9164953,1789453863.9164953,0.5601
/camera/world/agv1_confidence,1789453863.9435906,1789453863.9435906,0.5918
/camera/world/agv2_confidence,1789453863.943679,1789453863.943679,0.56
/camera/world/agv3_confidence,1789453863.943705,1789453863.943705,0.5664
/camera/world/agv1_confidence,1789453863.9800575,1789453863.9800575,0.5922
/camera/world/agv2_confidence,1789453863.9802375,1789453863.9802375,0.5703
/camera/world/agv3_confidence,1789453863.9804204,1789453863.9804204,0.5624
/camera/world/agv1_confidence,1789453864.0102549,1789453864.0102549,0.5797
/camera/world/agv2_confidence,1789453864.0103521,1789453864.0103521,0.5719
/camera/world/agv3_confidence,1789453864.0105598,1789453864.0105598,0.5728
/camera/world/agv1_confidence,1789453864.0428276,1789453864.0428276,0.5685
/camera/world/agv2_confidence,1789453864.0428572,1789453864.0428572,0.5703
/camera/world/agv3_confidence,1789453864.0430956,1789453864.0430956,0.5655
/camera/world/agv1_confidence,1789453864.0728476,1789453864.0728476,0.572
/camera/world/agv2_confidence,1789453864.0729012,1789453864.0729012,0.5628
/camera/world/agv3_confidence,1789453864.0729537,1789453864.0729537,0.5769
/camera/world/agv1_confidence,1789453864.107075,1789453864.107075,0.5774
/camera/world/agv2_confidence,1789453864.107194,1789453864.107194,0.554
/camera/world/agv3_confidence,1789453864.1074612,1789453864.1074612,0.5592
/camera/world/agv2_confidence,1789453864.1407433,1789453864.1407433,0.5716
/camera/world/agv1_confidence,1789453864.1408074,1789453864.1408074,0.5782
/camera/world/agv3_confidence,1789453864.140991,1789453864.140991,0.5695
/camera/world/agv1_confidence,1789453864.173719,1789453864.173719,0.5917
/camera/world/agv2_confidence,1789453864.173915,1789453864.173915,0.5694
/camera/world/agv3_confidence,1789453864.174199,1789453864.174199,0.5749
/camera/world/agv1_confidence,1789453864.2096615,1789453864.2096615,0.5783
/camera/world/agv2_confidence,1789453864.209663,1789453864.209663,0.553
/camera/world/agv3_confidence,1789453864.209933,1789453864.209933,0.5589
/camera/world/agv1_confidence,1789453864.2469552,1789453864.2469552,0.577
/camera/world/agv2_confidence,1789453864.246974,1789453864.246974,0.4951
/camera/world/agv3_confidence,1789453864.2471325,1789453864.2471325,0.5659
/camera/world/agv1_confidence,1789453864.2812233,1789453864.2812233,0.5771
/camera/world/agv2_confidence,1789453864.2813146,1789453864.2813146,0.5257
/camera/world/agv3_confidence,1789453864.281369,1789453864.281369,0.5675
/camera/world/agv1_confidence,1789453864.3119605,1789453864.3119605,0.5822
/camera/world/agv2_confidence,1789453864.3120635,1789453864.3120635,0.5673
/camera/world/agv3_confidence,1789453864.3122013,1789453864.3122013,0.5599
/camera/world/agv3_confidence,1789453864.3495748,1789453864.3495748,0.5684
/camera/world/agv1_confidence,1789453864.3495948,1789453864.3495948,0.5818
/camera/world/agv2_confidence,1789453864.3496432,1789453864.3496432,0.5631
/camera/world/agv3_confidence,1789453864.3802233,1789453864.3802233,0.5643
/camera/world/agv1_confidence,1789453864.3802588,1789453864.3802588,0.5744
/camera/world/agv2_confidence,1789453864.380309,1789453864.380309,0.5627
/camera/world/agv1_confidence,1789453864.4148912,1789453864.4148912,0.58
/camera/world/agv2_confidence,1789453864.4149334,1789453864.4149334,0.5703
/camera/world/agv3_confidence,1789453864.4151304,1789453864.4151304,0.5721
/camera/world/agv2_confidence,1789453864.445618,1789453864.445618,0.5641
/camera/world/agv3_confidence,1789453864.445706,1789453864.445706,0.5655
/camera/world/agv1_confidence,1789453864.445797,1789453864.445797,0.5808
/camera/world/agv1_confidence,1789453864.4759772,1789453864.4759772,0.5834
/camera/world/agv2_confidence,1789453864.4761224,1789453864.4761224,0.5707
/camera/world/agv3_confidence,1789453864.4761739,1789453864.4761739,0.563
/camera/world/agv1_confidence,1789453864.5077455,1789453864.5077455,0.5891
/camera/world/agv3_confidence,1789453864.5078278,1789453864.5078278,0.5685
/camera/world/agv2_confidence,1789453864.5078464,1789453864.5078464,0.554
/camera/world/agv3_confidence,1789453864.5418348,1789453864.5418348,0.5731
/camera/world/agv2_confidence,1789453864.5418386,1789453864.5418386,0.5589
/camera/world/agv1_confidence,1789453864.5418637,1789453864.5418637,0.5934
/camera/world/agv1_confidence,1789453864.5759974,1789453864.5759974,0.5791
/camera/world/agv2_confidence,1789453864.5760064,1789453864.5760064,0.5615
/camera/world/agv3_confidence,1789453864.5761232,1789453864.5761232,0.5398
/camera/world/agv2_confidence,1789453864.6177983,1789453864.6177983,0.5585
/camera/world/agv1_confidence,1789453864.6178257,1789453864.6178257,0.5777
/camera/world/agv3_confidence,1789453864.618102,1789453864.618102,0.5707
/camera/world/agv1_confidence,1789453864.6603608,1789453864.6603608,0.581
/camera/world/agv3_confidence,1789453864.660637,1789453864.660637,0.5126
/camera/world/agv2_confidence,1789453864.6606388,1789453864.6606388,0.5683
/camera/world/agv1_confidence,1789453864.676789,1789453864.676789,0.5768
/camera/world/agv2_confidence,1789453864.6768322,1789453864.6768322,0.5467
/camera/world/agv3_confidence,1789453864.6770506,1789453864.6770506,0.561
/camera/world/agv1_confidence,1789453864.706413,1789453864.706413,0.5702
/camera/world/agv2_confidence,1789453864.7064831,1789453864.7064831,0.5683
/camera/world/agv3_confidence,1789453864.7065861,1789453864.7065861,0.5612
/camera/world/agv3_confidence,1789453864.7479463,1789453864.7479463,0.5767
/camera/world/agv2_confidence,1789453864.7479677,1789453864.7479677,0.5735
/camera/world/agv1_confidence,1789453864.748005,1789453864.748005,0.592
/camera/world/agv1_confidence,1789453864.7787013,1789453864.7787013,0.5839
/camera/world/agv3_confidence,1789453864.7787452,1789453864.7787452,0.5673
/camera/world/agv2_confidence,1789453864.7789056,1789453864.7789056,0.5609
/camera/world/agv3_confidence,1789453864.8135822,1789453864.8135822,0.5724
/camera/world/agv1_confidence,1789453864.81367,1789453864.81367,0.59
/camera/world/agv2_confidence,1789453864.8137074,1789453864.8137074,0.5608
/camera/world/agv2_confidence,1789453864.8473787,1789453864.8473787,0.5585
/camera/world/agv1_confidence,1789453864.8474584,1789453864.8474584,0.5878
/camera/world/agv3_confidence,1789453864.8474658,1789453864.8474658,0.5686
/camera/world/agv2_confidence,1789453864.8779461,1789453864.8779461,0.5693
/camera/world/agv3_confidence,1789453864.8779511,1789453864.8779511,0.5678
/camera/world/agv1_confidence,1789453864.8779714,1789453864.8779714,0.5844
/camera/world/agv3_confidence,1789453864.918988,1789453864.918988,0.5711
/camera/world/agv2_confidence,1789453864.9190009,1789453864.9190009,0.5715
/camera/world/agv1_confidence,1789453864.919037,1789453864.919037,0.5933
/camera/world/agv1_confidence,1789453864.9492822,1789453864.9492822,0.5921
/camera/world/agv3_confidence,1789453864.9493966,1789453864.9493966,0.5652
/camera/world/agv2_confidence,1789453864.9494975,1789453864.9494975,0.5729
/camera/world/agv2_confidence,1789453865.0444136,1789453865.0444136,0.5695
/camera/world/agv3_confidence,1789453865.044599,1789453865.044599,0.5645
/camera/world/agv1_confidence,1789453865.0446384,1789453865.0446384,0.5927
/camera/world/agv1_confidence,1789453865.0494668,1789453865.0494668,0.5916
/camera/world/agv3_confidence,1789453865.0497818,1789453865.0497818,0.5647
/camera/world/agv2_confidence,1789453865.049782,1789453865.049782,0.573
/camera/world/agv3_confidence,1789453865.0508795,1789453865.0508795,0.5627
/camera/world/agv2_confidence,1789453865.051002,1789453865.051002,0.5717
/camera/world/agv1_confidence,1789453865.0510685,1789453865.0510685,0.5869
/camera/world/agv1_confidence,1789453865.0759428,1789453865.0759428,0.5459
/camera/world/agv2_confidence,1789453865.0760386,1789453865.0760386,0.5729
/camera/world/agv3_confidence,1789453865.0760822,1789453865.0760822,0.5644
/camera/world/agv2_confidence,1789453865.1153164,1789453865.1153164,0.5693
/camera/world/agv1_confidence,1789453865.1153686,1789453865.1153686,0.5889
/camera/world/agv3_confidence,1789453865.1153805,1789453865.1153805,0.5637
/camera/world/agv1_confidence,1789453865.1431763,1789453865.1431763,0.5915
/camera/world/agv2_confidence,1789453865.1432152,1789453865.1432152,0.5513
/camera/world/agv3_confidence,1789453865.14341,1789453865.14341,0.5709
/camera/world/agv1_confidence,1789453865.1818514,1789453865.1818514,0.5884
/camera/world/agv3_confidence,1789453865.1818779,1789453865.1818779,0.5642
/camera/world/agv2_confidence,1789453865.1818879,1789453865.1818879,0.5679
/camera/world/agv1_confidence,1789453865.2180283,1789453865.2180283,0.5661
/camera/world/agv3_confidence,1789453865.218307,1789453865.218307,0.5081
/camera/world/agv2_confidence,1789453865.218313,1789453865.218313,0.5668
/camera/world/agv2_confidence,1789453865.2471192,1789453865.2471192,0.5704
/camera/world/agv1_confidence,1789453865.2471569,1789453865.2471569,0.5888
/camera/world/agv3_confidence,1789453865.2473965,1789453865.2473965,0.5716
/camera/world/agv1_confidence,1789453865.2778487,1789453865.2778487,0.5942
/camera/world/agv3_confidence,1789453865.2778757,1789453865.2778757,0.5742
/camera/world/agv2_confidence,1789453865.2778962,1789453865.2778962,0.5704
/camera/world/agv1_confidence,1789453865.316272,1789453865.316272,0.5939
/camera/world/agv2_confidence,1789453865.3164434,1789453865.3164434,0.5655
/camera/world/agv3_confidence,1789453865.3164768,1789453865.3164768,0.5642
/camera/world/agv1_confidence,1789453865.3515,1789453865.3515,0.587
/camera/world/agv3_confidence,1789453865.351601,1789453865.351601,0.5468
/camera/world/agv2_confidence,1789453865.3516297,1789453865.3516297,0.5728
/camera/world/agv1_confidence,1789453865.3805206,1789453865.3805206,0.5892
/camera/world/agv2_confidence,1789453865.3806286,1789453865.3806286,0.5549
/camera/world/agv3_confidence,1789453865.3808396,1789453865.3808396,0.5732
/camera/world/agv1_confidence,1789453865.411923,1789453865.411923,0.5933
/camera/world/agv2_confidence,1789453865.4120512,1789453865.4120512,0.5519
/camera/world/agv3_confidence,1789453865.4122403,1789453865.4122403,0.5739
/camera/world/agv2_confidence,1789453865.4431376,1789453865.4431376,0.5722
/camera/world/agv3_confidence,1789453865.4432318,1789453865.4432318,0.5729
/camera/world/agv1_confidence,1789453865.443236,1789453865.443236,0.5943
/camera/world/agv3_confidence,1789453865.476294,1789453865.476294,0.5729
/camera/world/agv2_confidence,1789453865.476336,1789453865.476336,0.5629
/camera/world/agv1_confidence,1789453865.476494,1789453865.476494,0.5934
/camera/world/agv2_confidence,1789453865.5060818,1789453865.5060818,0.5555
/camera/world/agv3_confidence,1789453865.5061426,1789453865.5061426,0.5734
/camera/world/agv1_confidence,1789453865.506169,1789453865.506169,0.5948
/camera/world/agv2_confidence,1789453865.5468538,1789453865.5468538,0.5707
/camera/world/agv1_confidence,1789453865.5468652,1789453865.5468652,0.5816
/camera/world/agv3_confidence,1789453865.5470867,1789453865.5470867,0.5718
/camera/world/agv1_confidence,1789453865.5794606,1789453865.5794606,0.5944
/camera/world/agv3_confidence,1789453865.5798843,1789453865.5798843,0.5697
/camera/world/agv2_confidence,1789453865.5799255,1789453865.5799255,0.574
/camera/world/agv1_confidence,1789453865.6142857,1789453865.6142857,0.595
/camera/world/agv2_confidence,1789453865.6142967,1789453865.6142967,0.5689
/camera/world/agv3_confidence,1789453865.6143053,1789453865.6143053,0.5691
/camera/world/agv1_confidence,1789453865.6463997,1789453865.6463997,0.5862
/camera/world/agv2_confidence,1789453865.6464026,1789453865.6464026,0.5623
/camera/world/agv3_confidence,1789453865.6466424,1789453865.6466424,0.5708
/camera/world/agv1_confidence,1789453865.6846406,1789453865.6846406,0.5923
/camera/world/agv2_confidence,1789453865.684647,1789453865.684647,0.553
/camera/world/agv3_confidence,1789453865.684734,1789453865.684734,0.5687
/camera/world/agv1_confidence,1789453865.7087264,1789453865.7087264,0.5914
/camera/world/agv3_confidence,1789453865.7087438,1789453865.7087438,0.5708
/camera/world/agv2_confidence,1789453865.7087731,1789453865.7087731,0.5623
/camera/world/agv1_confidence,1789453865.7788672,1789453865.7788672,0.5805
/camera/world/agv3_confidence,1789453865.7788823,1789453865.7788823,0.5653
/camera/world/agv2_confidence,1789453865.7789567,1789453865.7789567,0.5605
/camera/world/agv1_confidence,1789453865.77934,1789453865.77934,0.5871
/camera/world/agv3_confidence,1789453865.7793994,1789453865.7793994,0.5721
/camera/world/agv2_confidence,1789453865.7794518,1789453865.7794518,0.5668
/camera/world/agv2_confidence,1789453865.8722544,1789453865.8722544,0.5698
/camera/world/agv1_confidence,1789453865.8722706,1789453865.8722706,0.5917
/camera/world/agv3_confidence,1789453865.872441,1789453865.872441,0.5722
/camera/world/agv1_confidence,1789453865.8754947,1789453865.8754947,0.5917
/camera/world/agv3_confidence,1789453865.875522,1789453865.875522,0.572
/camera/world/agv2_confidence,1789453865.8755503,1789453865.8755503,0.5679
/camera/world/agv2_confidence,1789453865.8801286,1789453865.8801286,0.5665
/camera/world/agv1_confidence,1789453865.8801959,1789453865.8801959,0.5907
/camera/world/agv3_confidence,1789453865.8802817,1789453865.8802817,0.5728
/camera/world/agv3_confidence,1789453865.9159012,1789453865.9159012,0.5726
/camera/world/agv1_confidence,1789453865.9159079,1789453865.9159079,0.5929
/camera/world/agv2_confidence,1789453865.9159412,1789453865.9159412,0.5656
/camera/world/agv2_confidence,1789453865.9513109,1789453865.9513109,0.5408
/camera/world/agv1_confidence,1789453865.951414,1789453865.951414,0.5817
/camera/world/agv3_confidence,1789453865.95157,1789453865.95157,0.5726
/camera/world/agv2_confidence,1789453865.9762597,1789453865.9762597,0.5673
/camera/world/agv1_confidence,1789453865.9763048,1789453865.9763048,0.594
/camera/world/agv3_confidence,1789453865.976539,1789453865.976539,0.574
/camera/world/agv1_confidence,1789453866.007803,1789453866.007803,0.5656
/camera/world/agv2_confidence,1789453866.0079396,1789453866.0079396,0.5628
/camera/world/agv3_confidence,1789453866.0081127,1789453866.0081127,0.5659
/camera/world/agv1_confidence,1789453866.0471392,1789453866.0471392,0.5914
/camera/world/agv3_confidence,1789453866.0471756,1789453866.0471756,0.5729
/camera/world/agv2_confidence,1789453866.0475016,1789453866.0475016,0.574
/camera/world/agv1_confidence,1789453866.0847373,1789453866.0847373,0.5969
/camera/world/agv3_confidence,1789453866.084765,1789453866.084765,0.5725
/camera/world/agv2_confidence,1789453866.0848324,1789453866.0848324,0.5687
/camera/world/agv1_confidence,1789453866.1181011,1789453866.1181011,0.5634
/camera/world/agv3_confidence,1789453866.1182861,1789453866.1182861,0.5708
/camera/world/agv2_confidence,1789453866.1183245,1789453866.1183245,0.5692
/camera/world/agv1_confidence,1789453866.1426919,1789453866.1426919,0.5645
/camera/world/agv3_confidence,1789453866.1427045,1789453866.1427045,0.566
/camera/world/agv2_confidence,1789453866.1427107,1789453866.1427107,0.5638
/camera/world/agv1_confidence,1789453866.182699,1789453866.182699,0.5924
/camera/world/agv2_confidence,1789453866.182822,1789453866.182822,0.571
/camera/world/agv3_confidence,1789453866.1829846,1789453866.1829846,0.5656
/camera/world/agv1_confidence,1789453866.2132545,1789453866.2132545,0.5922
/camera/world/agv2_confidence,1789453866.2135463,1789453866.2135463,0.5627
/camera/world/agv3_confidence,1789453866.2136166,1789453866.2136166,0.5651
/camera/world/agv3_confidence,1789453866.2468865,1789453866.2468865,0.5591
/camera/world/agv2_confidence,1789453866.2468972,1789453866.2468972,0.5705
/camera/world/agv1_confidence,1789453866.246931,1789453866.246931,0.5933
/camera/world/agv1_confidence,1789453866.2775624,1789453866.2775624,0.5961
/camera/world/agv3_confidence,1789453866.2777991,1789453866.2777991,0.5614
/camera/world/agv2_confidence,1789453866.2778153,1789453866.2778153,0.5696
/camera/world/agv1_confidence,1789453866.3139906,1789453866.3139906,0.5929
/camera/world/agv2_confidence,1789453866.3140237,1789453866.3140237,0.5685
/camera/world/agv3_confidence,1789453866.3141906,1789453866.3141906,0.573
/camera/world/agv1_confidence,1789453866.3459642,1789453866.3459642,0.5966
/camera/world/agv3_confidence,1789453866.3460019,1789453866.3460019,0.5703
/camera/world/agv2_confidence,1789453866.3461046,1789453866.3461046,0.5433
/camera/world/agv1_confidence,1789453866.379398,1789453866.379398,0.5922
/camera/world/agv2_confidence,1789453866.37968,1789453866.37968,0.5412
/camera/world/agv3_confidence,1789453866.3797288,1789453866.3797288,0.5714
/camera/world/agv1_confidence,1789453866.4078593,1789453866.4078593,0.5928
/camera/world/agv2_confidence,1789453866.4081893,1789453866.4081893,0.5727
/camera/world/agv3_confidence,1789453866.408217,1789453866.408217,0.5413
/camera/world/agv1_confidence,1789453866.443725,1789453866.443725,0.588
/camera/world/agv2_confidence,1789453866.4437287,1789453866.4437287,0.5641
/camera/world/agv3_confidence,1789453866.4437995,1789453866.4437995,0.569
/camera/world/agv2_confidence,1789453866.4821706,1789453866.4821706,0.5639
/camera/world/agv3_confidence,1789453866.4822264,1789453866.4822264,0.5623
/camera/world/agv1_confidence,1789453866.4823704,1789453866.4823704,0.5947
/camera/world/agv1_confidence,1789453866.5101464,1789453866.5101464,0.6016
/camera/world/agv2_confidence,1789453866.5102127,1789453866.5102127,0.5695
/camera/world/agv3_confidence,1789453866.5105555,1789453866.5105555,0.5619
/camera/world/agv2_confidence,1789453866.54541,1789453866.54541,0.5725
/camera/world/agv3_confidence,1789453866.5455217,1789453866.5455217,0.5709
/camera/world/agv1_confidence,1789453866.545661,1789453866.545661,0.6041
/camera/world/agv3_confidence,1789453866.576564,1789453866.576564,0.5732
/camera/world/agv1_confidence,1789453866.5766144,1789453866.5766144,0.5739
/camera/world/agv2_confidence,1789453866.5766761,1789453866.5766761,0.5498
/camera/world/agv1_confidence,1789453866.6059659,1789453866.6059659,0.5945
/camera/world/agv2_confidence,1789453866.6059933,1789453866.6059933,0.5686
/camera/world/agv3_confidence,1789453866.6060245,1789453866.6060245,0.572
/camera/world/agv1_confidence,1789453866.650153,1789453866.650153,0.589
/camera/world/agv3_confidence,1789453866.6501606,1789453866.6501606,0.5623
/camera/world/agv2_confidence,1789453866.6503441,1789453866.6503441,0.5704
/camera/world/agv1_confidence,1789453866.6811411,1789453866.6811411,0.5942
/camera/world/agv2_confidence,1789453866.6812375,1789453866.6812375,0.5727
/camera/world/agv3_confidence,1789453866.6812475,1789453866.6812475,0.5721
/camera/world/agv1_confidence,1789453866.7140985,1789453866.7140985,0.5615
/camera/world/agv3_confidence,1789453866.7143888,1789453866.7143888,0.5631
/camera/world/agv2_confidence,1789453866.7144017,1789453866.7144017,0.5731
/camera/world/agv1_confidence,1789453866.7435145,1789453866.7435145,0.5957
/camera/world/agv2_confidence,1789453866.7435915,1789453866.7435915,0.575
/camera/world/agv3_confidence,1789453866.7437468,1789453866.7437468,0.5682
/camera/world/agv1_confidence,1789453866.775943,1789453866.775943,0.597
/camera/world/agv3_confidence,1789453866.7760637,1789453866.7760637,0.567
/camera/world/agv2_confidence,1789453866.776109,1789453866.776109,0.5718
/camera/world/agv1_confidence,1789453866.807981,1789453866.807981,0.5944
/camera/world/agv2_confidence,1789453866.8082063,1789453866.8082063,0.567
/camera/world/agv3_confidence,1789453866.80828,1789453866.80828,0.5707
/camera/world/agv1_confidence,1789453866.859502,1789453866.859502,0.5951
/camera/world/agv2_confidence,1789453866.8597915,1789453866.8597915,0.5743
/camera/world/agv3_confidence,1789453866.8600624,1789453866.8600624,0.5754
/camera/world/agv1_confidence,1789453866.8968213,1789453866.8968213,0.5873
/camera/world/agv3_confidence,1789453866.8968747,1789453866.8968747,0.574
/camera/world/agv2_confidence,1789453866.8969288,1789453866.8969288,0.5628
/camera/world/agv2_confidence,1789453866.9146254,1789453866.9146254,0.5697
/camera/world/agv1_confidence,1789453866.9146667,1789453866.9146667,0.6052
/camera/world/agv3_confidence,1789453866.9147215,1789453866.9147215,0.5738
/camera/world/agv1_confidence,1789453866.946434,1789453866.946434,0.5959
/camera/world/agv3_confidence,1789453866.9465384,1789453866.9465384,0.5759
/camera/world/agv2_confidence,1789453866.9466465,1789453866.9466465,0.5492
/camera/world/agv1_confidence,1789453866.978305,1789453866.978305,0.598
/camera/world/agv3_confidence,1789453866.978355,1789453866.978355,0.5571
/camera/world/agv2_confidence,1789453866.9784017,1789453866.9784017,0.5628
/camera/world/agv2_confidence,1789453867.0162234,1789453867.0162234,0.5695
/camera/world/agv1_confidence,1789453867.0162995,1789453867.0162995,0.5804
/camera/world/agv3_confidence,1789453867.016402,1789453867.016402,0.5733
/camera/world/agv2_confidence,1789453867.0450156,1789453867.0450156,0.5679
/camera/world/agv1_confidence,1789453867.0451496,1789453867.0451496,0.5789
/camera/world/agv3_confidence,1789453867.0453367,1789453867.0453367,0.5748
/camera/world/agv1_confidence,1789453867.0814734,1789453867.0814734,0.5623
/camera/world/agv2_confidence,1789453867.0816941,1789453867.0816941,0.5647
/camera/world/agv3_confidence,1789453867.0818036,1789453867.0818036,0.5765
/camera/world/agv1_confidence,1789453867.117737,1789453867.117737,0.5953
/camera/world/agv2_confidence,1789453867.117838,1789453867.117838,0.5722
/camera/world/agv3_confidence,1789453867.1181152,1789453867.1181152,0.5755
/camera/world/agv1_confidence,1789453867.141375,1789453867.141375,0.5978
/camera/world/agv2_confidence,1789453867.1415832,1789453867.1415832,0.5502
/camera/world/agv3_confidence,1789453867.1415963,1789453867.1415963,0.5771
/camera/world/agv1_confidence,1789453867.175519,1789453867.175519,0.6004
/camera/world/agv3_confidence,1789453867.175549,1789453867.175549,0.5758
/camera/world/agv2_confidence,1789453867.1755676,1789453867.1755676,0.5681
/camera/world/agv1_confidence,1789453867.210194,1789453867.210194,0.5772
/camera/world/agv2_confidence,1789453867.2102783,1789453867.2102783,0.5678
/camera/world/agv3_confidence,1789453867.2104414,1789453867.2104414,0.5597
/camera/world/agv1_confidence,1789453867.2422638,1789453867.2422638,0.6017
/camera/world/agv3_confidence,1789453867.2423103,1789453867.2423103,0.5713
/camera/world/agv2_confidence,1789453867.242344,1789453867.242344,0.575
/camera/world/agv2_confidence,1789453867.2764857,1789453867.2764857,0.5463
/camera/world/agv1_confidence,1789453867.2765603,1789453867.2765603,0.6046
/camera/world/agv3_confidence,1789453867.2765722,1789453867.2765722,0.5769
/camera/world/agv2_confidence,1789453867.3131444,1789453867.3131444,0.5646
/camera/world/agv3_confidence,1789453867.3132439,1789453867.3132439,0.5766
/camera/world/agv1_confidence,1789453867.3133266,1789453867.3133266,0.5884
/camera/world/agv1_confidence,1789453867.3411222,1789453867.3411222,0.5927
/camera/world/agv3_confidence,1789453867.341242,1789453867.341242,0.5755
/camera/world/agv2_confidence,1789453867.3412576,1789453867.3412576,0.5649
/camera/world/agv1_confidence,1789453867.3735993,1789453867.3735993,0.5911
/camera/world/agv2_confidence,1789453867.373829,1789453867.373829,0.5673
/camera/world/agv3_confidence,1789453867.3738885,1789453867.3738885,0.5636
/camera/world/agv2_confidence,1789453867.4090714,1789453867.4090714,0.5719
/camera/world/agv1_confidence,1789453867.4091263,1789453867.4091263,0.6048
/camera/world/agv3_confidence,1789453867.409535,1789453867.409535,0.5721
/camera/world/agv3_confidence,1789453867.447749,1789453867.447749,0.5732
/camera/world/agv1_confidence,1789453867.4477742,1789453867.4477742,0.5683
/camera/world/agv2_confidence,1789453867.4477775,1789453867.4477775,0.5766
/camera/world/agv1_confidence,1789453867.4782145,1789453867.4782145,0.5827
/camera/world/agv2_confidence,1789453867.4783545,1789453867.4783545,0.5771
/camera/world/agv3_confidence,1789453867.4785976,1789453867.4785976,0.5634
/camera/world/agv1_confidence,1789453867.5173748,1789453867.5173748,0.5954
/camera/world/agv2_confidence,1789453867.5176072,1789453867.5176072,0.5461
/camera/world/agv3_confidence,1789453867.5176458,1789453867.5176458,0.5721
/camera/world/agv2_confidence,1789453867.5455058,1789453867.5455058,0.5761
/camera/world/agv3_confidence,1789453867.5455706,1789453867.5455706,0.5579
/camera/world/agv1_confidence,1789453867.5456066,1789453867.5456066,0.6009
/camera/world/agv1_confidence,1789453867.5798728,1789453867.5798728,0.5891
/camera/world/agv2_confidence,1789453867.5798895,1789453867.5798895,0.5681
/camera/world/agv3_confidence,1789453867.579994,1789453867.579994,0.5651
/camera/world/agv1_confidence,1789453867.6122086,1789453867.6122086,0.5976
/camera/world/agv2_confidence,1789453867.612341,1789453867.612341,0.5662
/camera/world/agv3_confidence,1789453867.612503,1789453867.612503,0.5729
/camera/world/agv1_confidence,1789453867.6428654,1789453867.6428654,0.5955
/camera/world/agv2_confidence,1789453867.6431394,1789453867.6431394,0.5721
/camera/world/agv3_confidence,1789453867.6431425,1789453867.6431425,0.5753
/camera/world/agv1_confidence,1789453867.6762826,1789453867.6762826,0.5971
/camera/world/agv3_confidence,1789453867.676357,1789453867.676357,0.5693
/camera/world/agv2_confidence,1789453867.6765313,1789453867.6765313,0.5455
/camera/world/agv1_confidence,1789453867.710965,1789453867.710965,0.5985
/camera/world/agv2_confidence,1789453867.7110436,1789453867.7110436,0.5615
/camera/world/agv3_confidence,1789453867.7110496,1789453867.7110496,0.5757
/camera/world/agv2_confidence,1789453867.749853,1789453867.749853,0.5721
/camera/world/agv1_confidence,1789453867.749861,1789453867.749861,0.5418
/camera/world/agv3_confidence,1789453867.750096,1789453867.750096,0.5608
/camera/world/agv2_confidence,1789453867.7779644,1789453867.7779644,0.5731
/camera/world/agv1_confidence,1789453867.7779713,1789453867.7779713,0.5992
/camera/world/agv3_confidence,1789453867.7781615,1789453867.7781615,0.5787
/camera/world/agv1_confidence,1789453867.8135498,1789453867.8135498,0.6051
/camera/world/agv3_confidence,1789453867.8137164,1789453867.8137164,0.5763
/camera/world/agv2_confidence,1789453867.8137956,1789453867.8137956,0.5656
/camera/world/agv2_confidence,1789453867.8427374,1789453867.8427374,0.5767
/camera/world/agv3_confidence,1789453867.842745,1789453867.842745,0.5788
/camera/world/agv1_confidence,1789453867.84281,1789453867.84281,0.6063
/camera/world/agv1_confidence,1789453867.8787527,1789453867.8787527,0.6047
/camera/world/agv3_confidence,1789453867.878761,1789453867.878761,0.5741
/camera/world/agv2_confidence,1789453867.8787725,1789453867.8787725,0.5689
/camera/world/agv2_confidence,1789453867.9077895,1789453867.9077895,0.5714
/camera/world/agv1_confidence,1789453867.9079318,1789453867.9079318,0.5948
/camera/world/agv3_confidence,1789453867.9081814,1789453867.9081814,0.5798
/camera/world/agv1_confidence,1789453867.9497044,1789453867.9497044,0.5772
/camera/world/agv3_confidence,1789453867.9499977,1789453867.9499977,0.5599
/camera/world/agv2_confidence,1789453867.9501116,1789453867.9501116,0.5478
/camera/world/agv1_confidence,1789453867.984888,1789453867.984888,0.5936
/camera/world/agv2_confidence,1789453867.985038,1789453867.985038,0.5717
/camera/world/agv3_confidence,1789453867.9853032,1789453867.9853032,0.5722
/camera/world/agv1_confidence,1789453868.0185983,1789453868.0185983,0.6064
/camera/world/agv2_confidence,1789453868.0188186,1789453868.0188186,0.5667
/camera/world/agv3_confidence,1789453868.0190246,1789453868.0190246,0.5678
/camera/world/agv1_confidence,1789453868.0460343,1789453868.0460343,0.6049
/camera/world/agv2_confidence,1789453868.046097,1789453868.046097,0.5724
/camera/world/agv3_confidence,1789453868.0462523,1789453868.0462523,0.5713
/camera/world/agv1_confidence,1789453868.0803688,1789453868.0803688,0.6047
/camera/world/agv3_confidence,1789453868.080627,1789453868.080627,0.5745
/camera/world/agv2_confidence,1789453868.0806391,1789453868.0806391,0.5731
/camera/world/agv2_confidence,1789453868.1158707,1789453868.1158707,0.5786
/camera/world/agv3_confidence,1789453868.1158812,1789453868.1158812,0.5759
/camera/world/agv1_confidence,1789453868.1160026,1789453868.1160026,0.6067
/camera/world/agv3_confidence,1789453868.1479511,1789453868.1479511,0.5472
/camera/world/agv1_confidence,1789453868.147984,1789453868.147984,0.593
/camera/world/agv2_confidence,1789453868.1479895,1789453868.1479895,0.5727
/camera/world/agv2_confidence,1789453868.1774366,1789453868.1774366,0.5801
/camera/world/agv1_confidence,1789453868.1774464,1789453868.1774464,0.6071
/camera/world/agv3_confidence,1789453868.1774852,1789453868.1774852,0.5761
/camera/world/agv1_confidence,1789453868.208324,1789453868.208324,0.6075
/camera/world/agv2_confidence,1789453868.2083828,1789453868.2083828,0.5689
/camera/world/agv3_confidence,1789453868.2086914,1789453868.2086914,0.5729
/camera/world/agv2_confidence,1789453868.2428007,1789453868.2428007,0.5781
/camera/world/agv1_confidence,1789453868.2428193,1789453868.2428193,0.6072
/camera/world/agv3_confidence,1789453868.2428389,1789453868.2428389,0.5775
/camera/world/agv2_confidence,1789453868.274973,1789453868.274973,0.5798
/camera/world/agv1_confidence,1789453868.2751296,1789453868.2751296,0.607
/camera/world/agv3_confidence,1789453868.2751663,1789453868.2751663,0.5849
/camera/world/agv1_confidence,1789453868.3179562,1789453868.3179562,0.6076
/camera/world/agv2_confidence,1789453868.318033,1789453868.318033,0.5647
/camera/world/agv3_confidence,1789453868.3180714,1789453868.3180714,0.5428
/camera/world/agv2_confidence,1789453868.3437407,1789453868.3437407,0.5796
/camera/world/agv3_confidence,1789453868.343807,1789453868.343807,0.5866
/camera/world/agv1_confidence,1789453868.3438306,1789453868.3438306,0.5903
/camera/world/agv2_confidence,1789453868.3778405,1789453868.3778405,0.5773
/camera/world/agv1_confidence,1789453868.3779607,1789453868.3779607,0.6002
/camera/world/agv3_confidence,1789453868.3779864,1789453868.3779864,0.5854
/camera/world/agv2_confidence,1789453868.4080143,1789453868.4080143,0.5744
/camera/world/agv1_confidence,1789453868.4080176,1789453868.4080176,0.602
/camera/world/agv3_confidence,1789453868.4080706,1789453868.4080706,0.5872
/camera/world/agv3_confidence,1789453868.4436116,1789453868.4436116,0.5762
/camera/world/agv1_confidence,1789453868.4436219,1789453868.4436219,0.6024
/camera/world/agv2_confidence,1789453868.44366,1789453868.44366,0.5732
/camera/world/agv1_confidence,1789453868.4733927,1789453868.4733927,0.6075
/camera/world/agv2_confidence,1789453868.4734812,1789453868.4734812,0.58
/camera/world/agv3_confidence,1789453868.4734838,1789453868.4734838,0.5866
/camera/world/agv1_confidence,1789453868.5102875,1789453868.5102875,0.6055
/camera/world/agv3_confidence,1789453868.510365,1789453868.510365,0.5782
/camera/world/agv2_confidence,1789453868.5103717,1789453868.5103717,0.5718
/camera/world/agv1_confidence,1789453868.5490162,1789453868.5490162,0.5506
/camera/world/agv2_confidence,1789453868.5491378,1789453868.5491378,0.5783
/camera/world/agv3_confidence,1789453868.5491762,1789453868.5491762,0.5841
/camera/world/agv1_confidence,1789453868.5741756,1789453868.5741756,0.6081
/camera/world/agv2_confidence,1789453868.574191,1789453868.574191,0.5796
/camera/world/agv3_confidence,1789453868.5743876,1789453868.5743876,0.5868
/camera/world/agv2_confidence,1789453868.614309,1789453868.614309,0.5717
/camera/world/agv1_confidence,1789453868.614363,1789453868.614363,0.6072
/camera/world/agv3_confidence,1789453868.6145103,1789453868.6145103,0.5799
/camera/world/agv2_confidence,1789453868.646351,1789453868.646351,0.5755
/camera/world/agv1_confidence,1789453868.646371,1789453868.646371,0.56
/camera/world/agv3_confidence,1789453868.6464016,1789453868.6464016,0.586
/camera/world/agv2_confidence,1789453868.684575,1789453868.684575,0.5792
/camera/world/agv1_confidence,1789453868.6845753,1789453868.6845753,0.5681
/camera/world/agv3_confidence,1789453868.6847029,1789453868.6847029,0.5848
/camera/world/agv1_confidence,1789453868.7207856,1789453868.7207856,0.6082
/camera/world/agv3_confidence,1789453868.7208009,1789453868.7208009,0.5808
/camera/world/agv2_confidence,1789453868.720898,1789453868.720898,0.5788
/camera/world/agv1_confidence,1789453868.747385,1789453868.747385,0.607
/camera/world/agv3_confidence,1789453868.7474954,1789453868.7474954,0.5802
/camera/world/agv2_confidence,1789453868.7475197,1789453868.7475197,0.5788
/camera/world/agv1_confidence,1789453868.7811148,1789453868.7811148,0.6075
/camera/world/agv3_confidence,1789453868.7811675,1789453868.7811675,0.5733
/camera/world/agv2_confidence,1789453868.781184,1789453868.781184,0.5786
/camera/world/agv1_confidence,1789453868.8143787,1789453868.8143787,0.5559
/camera/world/agv2_confidence,1789453868.8144917,1789453868.8144917,0.576
/camera/world/agv3_confidence,1789453868.814689,1789453868.814689,0.5653
/camera/world/agv3_confidence,1789453868.8486257,1789453868.8486257,0.5706
/camera/world/agv2_confidence,1789453868.8486311,1789453868.8486311,0.5677
/camera/world/agv1_confidence,1789453868.8486612,1789453868.8486612,0.606
/camera/world/agv1_confidence,1789453868.877203,1789453868.877203,0.6034
/camera/world/agv2_confidence,1789453868.8775802,1789453868.8775802,0.5792
/camera/world/agv3_confidence,1789453868.8777537,1789453868.8777537,0.5699
/camera/world/agv2_confidence,1789453868.908675,1789453868.908675,0.5725
/camera/world/agv1_confidence,1789453868.90868,1789453868.90868,0.6042
/camera/world/agv3_confidence,1789453868.908751,1789453868.908751,0.5794
/camera/world/agv1_confidence,1789453868.9520862,1789453868.9520862,0.6051
/camera/world/agv2_confidence,1789453868.9521759,1789453868.9521759,0.5789
/camera/world/agv3_confidence,1789453868.952257,1789453868.952257,0.5789
/camera/world/agv1_confidence,1789453868.9814181,1789453868.9814181,0.6107
/camera/world/agv2_confidence,1789453868.981609,1789453868.981609,0.5718
/camera/world/agv3_confidence,1789453868.9816227,1789453868.9816227,0.582
/camera/world/agv1_confidence,1789453869.0135365,1789453869.0135365,0.6048
/camera/world/agv3_confidence,1789453869.0136366,1789453869.0136366,0.5822
/camera/world/agv2_confidence,1789453869.013683,1789453869.013683,0.5796
/camera/world/agv2_confidence,1789453869.0472157,1789453869.0472157,0.5776
/camera/world/agv1_confidence,1789453869.0472434,1789453869.0472434,0.6045
/camera/world/agv3_confidence,1789453869.047304,1789453869.047304,0.5838
/camera/world/agv1_confidence,1789453869.0777793,1789453869.0777793,0.6051
/camera/world/agv2_confidence,1789453869.0780416,1789453869.0780416,0.571
/camera/world/agv3_confidence,1789453869.0781057,1789453869.0781057,0.5802
/camera/world/agv1_confidence,1789453869.113966,1789453869.113966,0.6054
/camera/world/agv2_confidence,1789453869.1142192,1789453869.1142192,0.5813
/camera/world/agv3_confidence,1789453869.1142309,1789453869.1142309,0.5853
/camera/world/agv1_confidence,1789453869.1485376,1789453869.1485376,0.6062
/camera/world/agv3_confidence,1789453869.1486754,1789453869.1486754,0.5733
/camera/world/agv2_confidence,1789453869.1487064,1789453869.1487064,0.5691
/camera/world/agv1_confidence,1789453869.185421,1789453869.185421,0.6068
/camera/world/agv2_confidence,1789453869.1856232,1789453869.1856232,0.5819
/camera/world/agv3_confidence,1789453869.1857743,1789453869.1857743,0.5697
/camera/world/agv1_confidence,1789453869.2183151,1789453869.2183151,0.6045
/camera/world/agv3_confidence,1789453869.2187037,1789453869.2187037,0.5884
/camera/world/agv2_confidence,1789453869.2191007,1789453869.2191007,0.5724
/camera/world/agv1_confidence,1789453869.2424722,1789453869.2424722,0.6084
/camera/world/agv2_confidence,1789453869.2426035,1789453869.2426035,0.5749
/camera/world/agv3_confidence,1789453869.2426703,1789453869.2426703,0.5873
/camera/world/agv2_confidence,1789453869.2836578,1789453869.2836578,0.5811
/camera/world/agv3_confidence,1789453869.2837348,1789453869.2837348,0.5887
/camera/world/agv1_confidence,1789453869.2837605,1789453869.2837605,0.61
/camera/world/agv2_confidence,1789453869.3540022,1789453869.3540022,0.5736
/camera/world/agv1_confidence,1789453869.3540688,1789453869.3540688,0.6083
/camera/world/agv3_confidence,1789453869.3540807,1789453869.3540807,0.5712
/camera/world/agv2_confidence,1789453869.3545127,1789453869.3545127,0.5774
/camera/world/agv3_confidence,1789453869.3546555,1789453869.3546555,0.5818
/camera/world/agv1_confidence,1789453869.3547196,1789453869.3547196,0.6046
/camera/world/agv2_confidence,1789453869.3761835,1789453869.3761835,0.5772
/camera/world/agv1_confidence,1789453869.3762574,1789453869.3762574,0.6028
/camera/world/agv3_confidence,1789453869.3762898,1789453869.3762898,0.5832
/camera/world/agv1_confidence,1789453869.41454,1789453869.41454,0.6051
/camera/world/agv2_confidence,1789453869.4146848,1789453869.4146848,0.5824
/camera/world/agv3_confidence,1789453869.4147704,1789453869.4147704,0.5873
/camera/world/agv1_confidence,1789453869.4440331,1789453869.4440331,0.6094
/camera/world/agv2_confidence,1789453869.4442239,1789453869.4442239,0.5789
/camera/world/agv3_confidence,1789453869.4444325,1789453869.4444325,0.5814
/camera/world/agv1_confidence,1789453869.4747176,1789453869.4747176,0.6102
/camera/world/agv2_confidence,1789453869.475032,1789453869.475032,0.5766
/camera/world/agv3_confidence,1789453869.4750857,1789453869.4750857,0.5842
/camera/world/agv1_confidence,1789453869.5100133,1789453869.5100133,0.6096
/camera/world/agv2_confidence,1789453869.510079,1789453869.510079,0.5698
/camera/world/agv3_confidence,1789453869.5100887,1789453869.5100887,0.5889
/camera/world/agv2_confidence,1789453869.5404012,1789453869.5404012,0.5736
/camera/world/agv3_confidence,1789453869.540414,1789453869.540414,0.589
/camera/world/agv1_confidence,1789453869.5404303,1789453869.5404303,0.6073
/camera/world/agv1_confidence,1789453869.5728114,1789453869.5728114,0.6086
/camera/world/agv3_confidence,1789453869.5728984,1789453869.5728984,0.5888
/camera/world/agv2_confidence,1789453869.572904,1789453869.572904,0.577
/camera/world/agv2_confidence,1789453869.6082084,1789453869.6082084,0.5787
/camera/world/agv1_confidence,1789453869.608235,1789453869.608235,0.6093
/camera/world/agv3_confidence,1789453869.6082518,1789453869.6082518,0.5875
/camera/world/agv3_confidence,1789453869.6426156,1789453869.6426156,0.5882
/camera/world/agv1_confidence,1789453869.6426365,1789453869.6426365,0.6102
/camera/world/agv2_confidence,1789453869.6426516,1789453869.6426516,0.5449
/camera/world/agv2_confidence,1789453869.674829,1789453869.674829,0.5791
/camera/world/agv1_confidence,1789453869.67486,1789453869.67486,0.609
/camera/world/agv3_confidence,1789453869.674932,1789453869.674932,0.5823
/camera/world/agv1_confidence,1789453869.7068439,1789453869.7068439,0.6085
/camera/world/agv3_confidence,1789453869.7069879,1789453869.7069879,0.581
/camera/world/agv2_confidence,1789453869.7070267,1789453869.7070267,0.578
/camera/world/agv2_confidence,1789453869.745813,1789453869.745813,0.577
/camera/world/agv3_confidence,1789453869.7458663,1789453869.7458663,0.5728
/camera/world/agv1_confidence,1789453869.74593,1789453869.74593,0.6083
/camera/world/agv1_confidence,1789453869.7782054,1789453869.7782054,0.608
/camera/world/agv2_confidence,1789453869.7782755,1789453869.7782755,0.5816
/camera/world/agv3_confidence,1789453869.7783124,1789453869.7783124,0.569
/camera/world/agv2_confidence,1789453869.8093722,1789453869.8093722,0.5827
/camera/world/agv1_confidence,1789453869.8095405,1789453869.8095405,0.5808
/camera/world/agv3_confidence,1789453869.8096082,1789453869.8096082,0.586
/camera/world/agv1_confidence,1789453869.8437617,1789453869.8437617,0.6114
/camera/world/agv3_confidence,1789453869.8437688,1789453869.8437688,0.5771
/camera/world/agv2_confidence,1789453869.8439016,1789453869.8439016,0.5781
/camera/world/agv2_confidence,1789453869.8799405,1789453869.8799405,0.5832
/camera/world/agv1_confidence,1789453869.8799527,1789453869.8799527,0.6119
/camera/world/agv3_confidence,1789453869.8800838,1789453869.8800838,0.5846
/camera/world/agv2_confidence,1789453869.9127586,1789453869.9127586,0.5821
/camera/world/agv1_confidence,1789453869.9127908,1789453869.9127908,0.5971
/camera/world/agv3_confidence,1789453869.912875,1789453869.912875,0.5677
/camera/world/agv3_confidence,1789453869.9560366,1789453869.9560366,0.5892
/camera/world/agv1_confidence,1789453869.9560554,1789453869.9560554,0.6093
/camera/world/agv2_confidence,1789453869.9560714,1789453869.9560714,0.5845
/camera/world/agv1_confidence,1789453869.9754846,1789453869.9754846,0.611
/camera/world/agv3_confidence,1789453869.9755018,1789453869.9755018,0.5869
/camera/world/agv2_confidence,1789453869.975515,1789453869.975515,0.5836
/camera/world/agv1_confidence,1789453870.0205126,1789453870.0205126,0.6122
/camera/world/agv3_confidence,1789453870.0206218,1789453870.0206218,0.5847
/camera/world/agv2_confidence,1789453870.020645,1789453870.020645,0.5849
/camera/world/agv1_confidence,1789453870.0507462,1789453870.0507462,0.6109
/camera/world/agv2_confidence,1789453870.0508897,1789453870.0508897,0.5832
/camera/world/agv3_confidence,1789453870.050958,1789453870.050958,0.5832
/camera/world/agv1_confidence,1789453870.0791042,1789453870.0791042,0.5862
/camera/world/agv3_confidence,1789453870.0791192,1789453870.0791192,0.5616
/camera/world/agv2_confidence,1789453870.0791283,1789453870.0791283,0.5666
/camera/world/agv1_confidence,1789453870.1117594,1789453870.1117594,0.6107
/camera/world/agv2_confidence,1789453870.1117723,1789453870.1117723,0.5788
/camera/world/agv3_confidence,1789453870.111973,1789453870.111973,0.5884
/camera/world/agv1_confidence,1789453870.1505888,1789453870.1505888,0.6095
/camera/world/agv2_confidence,1789453870.1506996,1789453870.1506996,0.5837
/camera/world/agv3_confidence,1789453870.1507509,1789453870.1507509,0.5814
/camera/world/agv2_confidence,1789453870.1825457,1789453870.1825457,0.5858
/camera/world/agv1_confidence,1789453870.1826472,1789453870.1826472,0.6117
/camera/world/agv3_confidence,1789453870.1827428,1789453870.1827428,0.5813
/camera/world/agv2_confidence,1789453870.2064064,1789453870.2064064,0.5869
/camera/world/agv3_confidence,1789453870.20646,1789453870.20646,0.5578
/camera/world/agv1_confidence,1789453870.2064722,1789453870.2064722,0.6126
/camera/world/agv1_confidence,1789453870.2402291,1789453870.2402291,0.6081
/camera/world/agv3_confidence,1789453870.2403736,1789453870.2403736,0.5802
/camera/world/agv2_confidence,1789453870.2403944,1789453870.2403944,0.5835
/camera/world/agv1_confidence,1789453870.2752457,1789453870.2752457,0.6114
/camera/world/agv2_confidence,1789453870.2754772,1789453870.2754772,0.587
/camera/world/agv3_confidence,1789453870.27557,1789453870.27557,0.5798
/camera/world/agv2_confidence,1789453870.310349,1789453870.310349,0.5764
/camera/world/agv1_confidence,1789453870.310354,1789453870.310354,0.6136
/camera/world/agv3_confidence,1789453870.3103673,1789453870.3103673,0.5819
/camera/world/agv1_confidence,1789453870.3484457,1789453870.3484457,0.5932
/camera/world/agv2_confidence,1789453870.3484707,1789453870.3484707,0.5868
/camera/world/agv3_confidence,1789453870.348478,1789453870.348478,0.582
/camera/world/agv1_confidence,1789453870.3787339,1789453870.3787339,0.6132
/camera/world/agv2_confidence,1789453870.3789275,1789453870.3789275,0.5698
/camera/world/agv3_confidence,1789453870.3791533,1789453870.3791533,0.5805
/camera/world/agv2_confidence,1789453870.4117267,1789453870.4117267,0.5555
/camera/world/agv3_confidence,1789453870.4117296,1789453870.4117296,0.5773
/camera/world/agv1_confidence,1789453870.4118016,1789453870.4118016,0.6125
/camera/world/agv1_confidence,1789453870.4459238,1789453870.4459238,0.612
/camera/world/agv3_confidence,1789453870.446145,1789453870.446145,0.5857
/camera/world/agv2_confidence,1789453870.446201,1789453870.446201,0.5834
/camera/world/agv1_confidence,1789453870.4808795,1789453870.4808795,0.6065
/camera/world/agv2_confidence,1789453870.4808886,1789453870.4808886,0.5571
/camera/world/agv3_confidence,1789453870.4813437,1789453870.4813437,0.5876
/camera/world/agv1_confidence,1789453870.5172415,1789453870.5172415,0.612
/camera/world/agv2_confidence,1789453870.5172746,1789453870.5172746,0.5811
/camera/world/agv3_confidence,1789453870.5174727,1789453870.5174727,0.5846
/camera/world/agv1_confidence,1789453870.5435464,1789453870.5435464,0.6106
/camera/world/agv2_confidence,1789453870.543593,1789453870.543593,0.5805
/camera/world/agv3_confidence,1789453870.5436614,1789453870.5436614,0.5854
/camera/world/agv2_confidence,1789453870.5822253,1789453870.5822253,0.5894
/camera/world/agv3_confidence,1789453870.5823188,1789453870.5823188,0.5857
/camera/world/agv1_confidence,1789453870.582357,1789453870.582357,0.6137
/camera/world/agv1_confidence,1789453870.6059232,1789453870.6059232,0.612
/camera/world/agv2_confidence,1789453870.606009,1789453870.606009,0.5839
/camera/world/agv3_confidence,1789453870.6061442,1789453870.6061442,0.5887
/camera/world/agv1_confidence,1789453870.640302,1789453870.640302,0.614
/camera/world/agv3_confidence,1789453870.640529,1789453870.640529,0.5858
/camera/world/agv2_confidence,1789453870.640534,1789453870.640534,0.5842
/camera/world/agv1_confidence,1789453870.6762843,1789453870.6762843,0.609
/camera/world/agv2_confidence,1789453870.6764567,1789453870.6764567,0.5371
/camera/world/agv3_confidence,1789453870.6765022,1789453870.6765022,0.5867
/camera/world/agv1_confidence,1789453870.708439,1789453870.708439,0.6045
/camera/world/agv3_confidence,1789453870.7086961,1789453870.7086961,0.587
/camera/world/agv2_confidence,1789453870.7087076,1789453870.7087076,0.5877
/camera/world/agv2_confidence,1789453870.743332,1789453870.743332,0.5823
/camera/world/agv1_confidence,1789453870.7433324,1789453870.7433324,0.6113
/camera/world/agv3_confidence,1789453870.7434697,1789453870.7434697,0.5804
/camera/world/agv1_confidence,1789453870.7835233,1789453870.7835233,0.6122
/camera/world/agv3_confidence,1789453870.783797,1789453870.783797,0.5832
/camera/world/agv2_confidence,1789453870.783802,1789453870.783802,0.5855
/camera/world/agv1_confidence,1789453870.8048804,1789453870.8048804,0.61
/camera/world/agv3_confidence,1789453870.8048992,1789453870.8048992,0.5578
/camera/world/agv2_confidence,1789453870.8049119,1789453870.8049119,0.5727
/camera/world/agv1_confidence,1789453870.850384,1789453870.850384,0.6123
/camera/world/agv2_confidence,1789453870.8504465,1789453870.8504465,0.5843
/camera/world/agv3_confidence,1789453870.8507154,1789453870.8507154,0.5664
/camera/world/agv1_confidence,1789453870.8784597,1789453870.8784597,0.6098
/camera/world/agv2_confidence,1789453870.8785527,1789453870.8785527,0.5526
/camera/world/agv3_confidence,1789453870.8786602,1789453870.8786602,0.5715
/camera/world/agv1_confidence,1789453870.9123108,1789453870.9123108,0.6126
/camera/world/agv3_confidence,1789453870.9123168,1789453870.9123168,0.5838
/camera/world/agv2_confidence,1789453870.9123273,1789453870.9123273,0.5902
/camera/world/agv1_confidence,1789453870.947055,1789453870.947055,0.6151
/camera/world/agv3_confidence,1789453870.9471593,1789453870.9471593,0.5216
/camera/world/agv2_confidence,1789453870.947178,1789453870.947178,0.5713
/camera/world/agv2_confidence,1789453870.9732106,1789453870.9732106,0.5637
/camera/world/agv1_confidence,1789453870.9733691,1789453870.9733691,0.6141
/camera/world/agv3_confidence,1789453870.973403,1789453870.973403,0.5801
/camera/world/agv2_confidence,1789453871.010111,1789453871.010111,0.5876
/camera/world/agv3_confidence,1789453871.010143,1789453871.010143,0.5828
/camera/world/agv1_confidence,1789453871.0101497,1789453871.0101497,0.6127
/camera/world/agv1_confidence,1789453871.0498898,1789453871.0498898,0.6151
/camera/world/agv2_confidence,1789453871.05006,1789453871.05006,0.5882
/camera/world/agv3_confidence,1789453871.0501044,1789453871.0501044,0.5792
/camera/world/agv1_confidence,1789453871.0776207,1789453871.0776207,0.6025
/camera/world/agv2_confidence,1789453871.077854,1789453871.077854,0.5863
/camera/world/agv3_confidence,1789453871.0779989,1789453871.0779989,0.5877
/camera/world/agv2_confidence,1789453871.1097245,1789453871.1097245,0.5707
/camera/world/agv1_confidence,1789453871.1098626,1789453871.1098626,0.612
/camera/world/agv3_confidence,1789453871.1100712,1789453871.1100712,0.5871
/camera/world/agv1_confidence,1789453871.1447601,1789453871.1447601,0.6158
/camera/world/agv3_confidence,1789453871.1447766,1789453871.1447766,0.5905
/camera/world/agv2_confidence,1789453871.1447957,1789453871.1447957,0.5862
/camera/world/agv1_confidence,1789453871.177481,1789453871.177481,0.6157
/camera/world/agv2_confidence,1789453871.177483,1789453871.177483,0.5915
/camera/world/agv3_confidence,1789453871.1776161,1789453871.1776161,0.5866
/camera/world/agv1_confidence,1789453871.211617,1789453871.211617,0.6136
/camera/world/agv2_confidence,1789453871.2120097,1789453871.2120097,0.5892
/camera/world/agv3_confidence,1789453871.212227,1789453871.212227,0.5861
/camera/world/agv1_confidence,1789453871.241274,1789453871.241274,0.6154
/camera/world/agv2_confidence,1789453871.2414396,1789453871.2414396,0.5543
/camera/world/agv3_confidence,1789453871.2415497,1789453871.2415497,0.5797
/camera/world/agv2_confidence,1789453871.276991,1789453871.276991,0.5904
/camera/world/agv1_confidence,1789453871.2771668,1789453871.2771668,0.6135
/camera/world/agv3_confidence,1789453871.2771783,1789453871.2771783,0.5357
/camera/world/agv2_confidence,1789453871.3073258,1789453871.3073258,0.5928
/camera/world/agv1_confidence,1789453871.30738,1789453871.30738,0.614
/camera/world/agv3_confidence,1789453871.3074892,1789453871.3074892,0.5371
/camera/world/agv2_confidence,1789453871.347781,1789453871.347781,0.5855
/camera/world/agv3_confidence,1789453871.3479545,1789453871.3479545,0.5306
/camera/world/agv1_confidence,1789453871.3479815,1789453871.3479815,0.6129
/camera/world/agv1_confidence,1789453871.3806136,1789453871.3806136,0.6158
/camera/world/agv2_confidence,1789453871.380689,1789453871.380689,0.5897
/camera/world/agv3_confidence,1789453871.3808334,1789453871.3808334,0.5418
/camera/world/agv1_confidence,1789453871.419795,1789453871.419795,0.6121
/camera/world/agv2_confidence,1789453871.419925,1789453871.419925,0.5868
/camera/world/agv3_confidence,1789453871.4199972,1789453871.4199972,0.5854
/camera/world/agv2_confidence,1789453871.4454165,1789453871.4454165,0.5636
/camera/world/agv1_confidence,1789453871.4455943,1789453871.4455943,0.6122
/camera/world/agv3_confidence,1789453871.445667,1789453871.445667,0.5907
/camera/world/agv1_confidence,1789453871.4809103,1789453871.4809103,0.6158
/camera/world/agv2_confidence,1789453871.4809222,1789453871.4809222,0.5532
/camera/world/agv3_confidence,1789453871.4809368,1789453871.4809368,0.5489
/camera/world/agv3_confidence,1789453871.5126784,1789453871.5126784,0.5894
/camera/world/agv1_confidence,1789453871.512727,1789453871.512727,0.6126
/camera/world/agv2_confidence,1789453871.5127285,1789453871.5127285,0.5865
/camera/world/agv1_confidence,1789453871.542429,1789453871.542429,0.6162
/camera/world/agv2_confidence,1789453871.5426867,1789453871.5426867,0.5908
/camera/world/agv3_confidence,1789453871.5428197,1789453871.5428197,0.5615
/camera/world/agv1_confidence,1789453871.573805,1789453871.573805,0.6137
/camera/world/agv2_confidence,1789453871.5738864,1789453871.5738864,0.5652
/camera/world/agv3_confidence,1789453871.574052,1789453871.574052,0.5449
/camera/world/agv2_confidence,1789453871.6185849,1789453871.6185849,0.5925
/camera/world/agv1_confidence,1789453871.6185899,1789453871.6185899,0.6116
/camera/world/agv3_confidence,1789453871.618735,1789453871.618735,0.5786
/camera/world/agv1_confidence,1789453871.6692278,1789453871.6692278,0.6138
/camera/world/agv2_confidence,1789453871.6694593,1789453871.6694593,0.5573
/camera/world/agv3_confidence,1789453871.6696568,1789453871.6696568,0.5914
/camera/world/agv1_confidence,1789453871.6791022,1789453871.6791022,0.6138
/camera/world/agv2_confidence,1789453871.6792555,1789453871.6792555,0.5891
/camera/world/agv3_confidence,1789453871.679456,1789453871.679456,0.5874
/camera/world/agv1_confidence,1789453871.7105153,1789453871.7105153,0.6151
/camera/world/agv2_confidence,1789453871.710648,1789453871.710648,0.5932
/camera/world/agv3_confidence,1789453871.7107675,1789453871.7107675,0.5546
/camera/world/agv1_confidence,1789453871.7423282,1789453871.7423282,0.6155
/camera/world/agv3_confidence,1789453871.7425032,1789453871.7425032,0.5778
/camera/world/agv2_confidence,1789453871.7425182,1789453871.7425182,0.5952
/camera/world/agv2_confidence,1789453871.7806191,1789453871.7806191,0.5937
/camera/world/agv3_confidence,1789453871.7806365,1789453871.7806365,0.591
/camera/world/agv1_confidence,1789453871.7806842,1789453871.7806842,0.6139
/camera/world/agv2_confidence,1789453871.81351,1789453871.81351,0.5931
/camera/world/agv3_confidence,1789453871.8136096,1789453871.8136096,0.5931
/camera/world/agv1_confidence,1789453871.8136837,1789453871.8136837,0.6144
/camera/world/agv2_confidence,1789453871.8529208,1789453871.8529208,0.5953
/camera/world/agv3_confidence,1789453871.8529232,1789453871.8529232,0.5968
/camera/world/agv1_confidence,1789453871.8529372,1789453871.8529372,0.5644
/camera/world/agv1_confidence,1789453871.873547,1789453871.873547,0.6122
/camera/world/agv3_confidence,1789453871.8737628,1789453871.8737628,0.5873
/camera/world/agv2_confidence,1789453871.8738441,1789453871.8738441,0.5959
/camera/world/agv3_confidence,1789453871.925008,1789453871.925008,0.593
/camera/world/agv1_confidence,1789453871.9250193,1789453871.9250193,0.611
/camera/world/agv2_confidence,1789453871.925041,1789453871.925041,0.596
/camera/world/agv1_confidence,1789453871.945472,1789453871.945472,0.6151
/camera/world/agv3_confidence,1789453871.9455154,1789453871.9455154,0.5895
/camera/world/agv2_confidence,1789453871.945682,1789453871.945682,0.5848
/camera/world/agv1_confidence,1789453871.9825437,1789453871.9825437,0.6161
/camera/world/agv2_confidence,1789453871.982608,1789453871.982608,0.5911
/camera/world/agv3_confidence,1789453871.9829032,1789453871.9829032,0.554
/camera/world/agv1_confidence,1789453872.0278764,1789453872.0278764,0.6129
/camera/world/agv2_confidence,1789453872.0281107,1789453872.0281107,0.5919
/camera/world/agv3_confidence,1789453872.0282166,1789453872.0282166,0.5891
/camera/world/agv1_confidence,1789453872.0470946,1789453872.0470946,0.6156
/camera/world/agv3_confidence,1789453872.047113,1789453872.047113,0.5901
/camera/world/agv2_confidence,1789453872.0472457,1789453872.0472457,0.5959
/camera/world/agv1_confidence,1789453872.0827925,1789453872.0827925,0.6158
/camera/world/agv2_confidence,1789453872.0828016,1789453872.0828016,0.5954
/camera/world/agv3_confidence,1789453872.0829682,1789453872.0829682,0.5585
/camera/world/agv1_confidence,1789453872.1141798,1789453872.1141798,0.6175
/camera/world/agv2_confidence,1789453872.1143186,1789453872.1143186,0.5747
/camera/world/agv3_confidence,1789453872.1144226,1789453872.1144226,0.5918
/camera/world/agv1_confidence,1789453872.1400518,1789453872.1400518,0.6183
/camera/world/agv3_confidence,1789453872.1402028,1789453872.1402028,0.5919
/camera/world/agv2_confidence,1789453872.1402206,1789453872.1402206,0.5946
/camera/world/agv1_confidence,1789453872.186403,1789453872.186403,0.6112
/camera/world/agv3_confidence,1789453872.1864307,1789453872.1864307,0.5912
/camera/world/agv2_confidence,1789453872.1864707,1789453872.1864707,0.5938
/camera/world/agv1_confidence,1789453872.2083592,1789453872.2083592,0.6151
/camera/world/agv2_confidence,1789453872.2084088,1789453872.2084088,0.5893
/camera/world/agv3_confidence,1789453872.2085397,1789453872.2085397,0.5914
/camera/world/agv1_confidence,1789453872.2407033,1789453872.2407033,0.6173
/camera/world/agv2_confidence,1789453872.2407107,1789453872.2407107,0.5988
/camera/world/agv3_confidence,1789453872.2407231,1789453872.2407231,0.5882
/camera/world/agv1_confidence,1789453872.2740571,1789453872.2740571,0.6139
/camera/world/agv2_confidence,1789453872.2740927,1789453872.2740927,0.5917
/camera/world/agv3_confidence,1789453872.2742095,1789453872.2742095,0.5944
/camera/world/agv1_confidence,1789453872.3110442,1789453872.3110442,0.6168
/camera/world/agv2_confidence,1789453872.311136,1789453872.311136,0.5953
/camera/world/agv3_confidence,1789453872.31121,1789453872.31121,0.5959
/camera/world/agv1_confidence,1789453872.348741,1789453872.348741,0.6162
/camera/world/agv2_confidence,1789453872.3487465,1789453872.3487465,0.5945
/camera/world/agv3_confidence,1789453872.3489356,1789453872.3489356,0.5942
/camera/world/agv1_confidence,1789453872.3748326,1789453872.3748326,0.6176
/camera/world/agv2_confidence,1789453872.3749053,1789453872.3749053,0.5863
/camera/world/agv3_confidence,1789453872.3751378,1789453872.3751378,0.5918
/camera/world/agv1_confidence,1789453872.407451,1789453872.407451,0.6131
/camera/world/agv2_confidence,1789453872.4075317,1789453872.4075317,0.5936
/camera/world/agv3_confidence,1789453872.407806,1789453872.407806,0.5904
/camera/world/agv1_confidence,1789453872.45647,1789453872.45647,0.6168
/camera/world/agv2_confidence,1789453872.456476,1789453872.456476,0.5961
/camera/world/agv3_confidence,1789453872.456481,1789453872.456481,0.5924
/camera/world/agv1_confidence,1789453872.4831693,1789453872.4831693,0.6128
/camera/world/agv2_confidence,1789453872.4832149,1789453872.4832149,0.5999
/camera/world/agv3_confidence,1789453872.4835663,1789453872.4835663,0.5939
/camera/world/agv2_confidence,1789453872.5156898,1789453872.5156898,0.5991
/camera/world/agv3_confidence,1789453872.5158458,1789453872.5158458,0.5805
/camera/world/agv1_confidence,1789453872.51587,1789453872.51587,0.6162
/camera/world/agv1_confidence,1789453872.5436988,1789453872.5436988,0.6145
/camera/world/agv2_confidence,1789453872.543733,1789453872.543733,0.5989
/camera/world/agv3_confidence,1789453872.544247,1789453872.544247,0.5868
/camera/world/agv1_confidence,1789453872.5808444,1789453872.5808444,0.6167
/camera/world/agv3_confidence,1789453872.5808926,1789453872.5808926,0.5913
/camera/world/agv2_confidence,1789453872.5809028,1789453872.5809028,0.6015
/camera/world/agv1_confidence,1789453872.618057,1789453872.618057,0.6173
/camera/world/agv3_confidence,1789453872.6183972,1789453872.6183972,0.5113
/camera/world/agv2_confidence,1789453872.6184223,1789453872.6184223,0.5992
/camera/world/agv1_confidence,1789453872.6613567,1789453872.6613567,0.6177
/camera/world/agv2_confidence,1789453872.661464,1789453872.661464,0.5725
/camera/world/agv3_confidence,1789453872.6616008,1789453872.6616008,0.5985
/camera/world/agv1_confidence,1789453872.6740675,1789453872.6740675,0.6168
/camera/world/agv3_confidence,1789453872.6741202,1789453872.6741202,0.5933
/camera/world/agv2_confidence,1789453872.6741624,1789453872.6741624,0.599
/camera/world/agv1_confidence,1789453872.722736,1789453872.722736,0.5826
/camera/world/agv2_confidence,1789453872.72286,1789453872.72286,0.5981
/camera/world/agv3_confidence,1789453872.7229116,1789453872.7229116,0.5973
/camera/world/agv1_confidence,1789453872.7423313,1789453872.7423313,0.618
/camera/world/agv2_confidence,1789453872.7423406,1789453872.7423406,0.5848
/camera/world/agv3_confidence,1789453872.7425785,1789453872.7425785,0.5918
/camera/world/agv1_confidence,1789453872.7754252,1789453872.7754252,0.6156
/camera/world/agv3_confidence,1789453872.7755766,1789453872.7755766,0.5921
/camera/world/agv2_confidence,1789453872.775591,1789453872.775591,0.5989
/camera/world/agv1_confidence,1789453872.815872,1789453872.815872,0.6167
/camera/world/agv2_confidence,1789453872.8159173,1789453872.8159173,0.5997
/camera/world/agv3_confidence,1789453872.8161404,1789453872.8161404,0.5951
/camera/world/agv3_confidence,1789453872.8468902,1789453872.8468902,0.5945
/camera/world/agv2_confidence,1789453872.8468945,1789453872.8468945,0.6
/camera/world/agv1_confidence,1789453872.8469796,1789453872.8469796,0.6171
/camera/world/agv1_confidence,1789453872.8770294,1789453872.8770294,0.6151
/camera/world/agv3_confidence,1789453872.877272,1789453872.877272,0.5932
/camera/world/agv2_confidence,1789453872.8773203,1789453872.8773203,0.6011
/camera/world/agv1_confidence,1789453872.916295,1789453872.916295,0.6153
/camera/world/agv2_confidence,1789453872.9165947,1789453872.9165947,0.5972
/camera/world/agv3_confidence,1789453872.9166944,1789453872.9166944,0.5964
/camera/world/agv1_confidence,1789453872.945201,1789453872.945201,0.6183
/camera/world/agv3_confidence,1789453872.9457788,1789453872.9457788,0.5966
/camera/world/agv2_confidence,1789453872.9458401,1789453872.9458401,0.5934
/camera/world/agv1_confidence,1789453872.9783683,1789453872.9783683,0.6131
/camera/world/agv2_confidence,1789453872.9785936,1789453872.9785936,0.6021
/camera/world/agv3_confidence,1789453872.9787154,1789453872.9787154,0.5964
/camera/world/agv2_confidence,1789453873.0107586,1789453873.0107586,0.6013
/camera/world/agv3_confidence,1789453873.0108054,1789453873.0108054,0.596
/camera/world/agv1_confidence,1789453873.010939,1789453873.010939,0.5874
/camera/world/agv2_confidence,1789453873.0419004,1789453873.0419004,0.6003
/camera/world/agv1_confidence,1789453873.0419626,1789453873.0419626,0.6176
/camera/world/agv3_confidence,1789453873.0421493,1789453873.0421493,0.5988
/camera/world/agv1_confidence,1789453873.077813,1789453873.077813,0.6165
/camera/world/agv2_confidence,1789453873.078131,1789453873.078131,0.6016
/camera/world/agv3_confidence,1789453873.078136,1789453873.078136,0.5987
/camera/world/agv1_confidence,1789453873.106955,1789453873.106955,0.6169
/camera/world/agv2_confidence,1789453873.1072168,1789453873.1072168,0.5983
/camera/world/agv3_confidence,1789453873.1072226,1789453873.1072226,0.5963
/camera/world/agv1_confidence,1789453873.1505835,1789453873.1505835,0.6172
/camera/world/agv3_confidence,1789453873.1508691,1789453873.1508691,0.598
/camera/world/agv2_confidence,1789453873.1508777,1789453873.1508777,0.6003
/camera/world/agv1_confidence,1789453873.176918,1789453873.176918,0.616
/camera/world/agv3_confidence,1789453873.1769485,1789453873.1769485,0.5972
/camera/world/agv2_confidence,1789453873.1770186,1789453873.1770186,0.6027
/camera/world/agv1_confidence,1789453873.2133372,1789453873.2133372,0.6164
/camera/world/agv3_confidence,1789453873.2133563,1789453873.2133563,0.5981
/camera/world/agv2_confidence,1789453873.2133977,1789453873.2133977,0.6021
/camera/world/agv1_confidence,1789453873.2464151,1789453873.2464151,0.6165
/camera/world/agv2_confidence,1789453873.246625,1789453873.246625,0.6019
/camera/world/agv3_confidence,1789453873.2467704,1789453873.2467704,0.6017
/camera/world/agv1_confidence,1789453873.2790418,1789453873.2790418,0.6157
/camera/world/agv3_confidence,1789453873.2790942,1789453873.2790942,0.5969
/camera/world/agv2_confidence,1789453873.2792203,1789453873.2792203,0.6018
/camera/world/agv2_confidence,1789453873.3224711,1789453873.3224711,0.6007
/camera/world/agv1_confidence,1789453873.3225079,1789453873.3225079,0.6169
/camera/world/agv3_confidence,1789453873.3225918,1789453873.3225918,0.5641
/camera/world/agv1_confidence,1789453873.349086,1789453873.349086,0.6173
/camera/world/agv2_confidence,1789453873.3491945,1789453873.3491945,0.6035
/camera/world/agv3_confidence,1789453873.3494232,1789453873.3494232,0.598
/camera/world/agv2_confidence,1789453873.385802,1789453873.385802,0.5889
/camera/world/agv1_confidence,1789453873.3858292,1789453873.3858292,0.6171
/camera/world/agv3_confidence,1789453873.3859694,1789453873.3859694,0.5985
/camera/world/agv2_confidence,1789453873.4088757,1789453873.4088757,0.603
/camera/world/agv3_confidence,1789453873.4090033,1789453873.4090033,0.5991
/camera/world/agv1_confidence,1789453873.4090233,1789453873.4090233,0.6172
/camera/world/agv3_confidence,1789453873.4404185,1789453873.4404185,0.6015
/camera/world/agv2_confidence,1789453873.4404619,1789453873.4404619,0.6011
/camera/world/agv1_confidence,1789453873.4405234,1789453873.4405234,0.615
/camera/world/agv1_confidence,1789453873.4758995,1789453873.4758995,0.6129
/camera/world/agv3_confidence,1789453873.4760077,1789453873.4760077,0.6013
/camera/world/agv2_confidence,1789453873.4760456,1789453873.4760456,0.6018
/camera/world/agv1_confidence,1789453873.5071595,1789453873.5071595,0.6162
/camera/world/agv2_confidence,1789453873.5072963,1789453873.5072963,0.6042
/camera/world/agv3_confidence,1789453873.507561,1789453873.507561,0.5991
/camera/world/agv1_confidence,1789453873.5481074,1789453873.5481074,0.6159
/camera/world/agv3_confidence,1789453873.5481293,1789453873.5481293,0.6017
/camera/world/agv2_confidence,1789453873.5481293,1789453873.5481293,0.6037
/camera/world/agv1_confidence,1789453873.5820346,1789453873.5820346,0.6161
/camera/world/agv2_confidence,1789453873.582156,1789453873.582156,0.6047
/camera/world/agv3_confidence,1789453873.5821834,1789453873.5821834,0.6005
/camera/world/agv1_confidence,1789453873.6101975,1789453873.6101975,0.6163
/camera/world/agv2_confidence,1789453873.6103399,1789453873.6103399,0.6016
/camera/world/agv3_confidence,1789453873.6103644,1789453873.6103644,0.6014
/camera/world/agv1_confidence,1789453873.6428194,1789453873.6428194,0.617
/camera/world/agv3_confidence,1789453873.6428807,1789453873.6428807,0.6017
/camera/world/agv2_confidence,1789453873.6428843,1789453873.6428843,0.6037
/camera/world/agv1_confidence,1789453873.6905532,1789453873.6905532,0.6173
/camera/world/agv2_confidence,1789453873.690703,1789453873.690703,0.6017
/camera/world/agv3_confidence,1789453873.690881,1789453873.690881,0.6021
/camera/world/agv1_confidence,1789453873.717885,1789453873.717885,0.6182
/camera/world/agv2_confidence,1789453873.7178924,1789453873.7178924,0.6049
/camera/world/agv3_confidence,1789453873.7181566,1789453873.7181566,0.6047
/camera/world/agv1_confidence,1789453873.7530284,1789453873.7530284,0.6154
/camera/world/agv2_confidence,1789453873.7530484,1789453873.7530484,0.6037
/camera/world/agv3_confidence,1789453873.7531834,1789453873.7531834,0.5987
/camera/world/agv1_confidence,1789453873.775602,1789453873.775602,0.6145
/camera/world/agv3_confidence,1789453873.7756445,1789453873.7756445,0.6036
/camera/world/agv2_confidence,1789453873.775687,1789453873.775687,0.6026
/camera/world/agv1_confidence,1789453873.8084326,1789453873.8084326,0.6173
/camera/world/agv2_confidence,1789453873.8084369,1789453873.8084369,0.6046
/camera/world/agv3_confidence,1789453873.808505,1789453873.808505,0.6015
/camera/world/agv1_confidence,1789453873.8460758,1789453873.8460758,0.6172
/camera/world/agv2_confidence,1789453873.84619,1789453873.84619,0.6043
/camera/world/agv3_confidence,1789453873.8463054,1789453873.8463054,0.6023
/camera/world/agv1_confidence,1789453873.8767505,1789453873.8767505,0.6183
/camera/world/agv2_confidence,1789453873.876798,1789453873.876798,0.6046
/camera/world/agv3_confidence,1789453873.8770058,1789453873.8770058,0.6017
/camera/world/agv2_confidence,1789453873.9074242,1789453873.9074242,0.6033
/camera/world/agv1_confidence,1789453873.907509,1789453873.907509,0.6176
/camera/world/agv3_confidence,1789453873.907517,1789453873.907517,0.6022
/camera/world/agv3_confidence,1789453873.9570484,1789453873.9570484,0.6006
/camera/world/agv2_confidence,1789453873.9570498,1789453873.9570498,0.6044
/camera/world/agv1_confidence,1789453873.9571056,1789453873.9571056,0.6176
/camera/world/agv1_confidence,1789453873.9757462,1789453873.9757462,0.617
/camera/world/agv2_confidence,1789453873.9757926,1789453873.9757926,0.6048
/camera/world/agv3_confidence,1789453873.9762027,1789453873.9762027,0.6015
/camera/world/agv1_confidence,1789453874.008614,1789453874.008614,0.6159
/camera/world/agv3_confidence,1789453874.0086403,1789453874.0086403,0.6046
/camera/world/agv2_confidence,1789453874.0086567,1789453874.0086567,0.603
/camera/world/agv1_confidence,1789453874.042459,1789453874.042459,0.6178
/camera/world/agv2_confidence,1789453874.0426426,1789453874.0426426,0.6045
/camera/world/agv3_confidence,1789453874.0429726,1789453874.0429726,0.6035
/camera/world/agv3_confidence,1789453874.0735517,1789453874.0735517,0.6034
/camera/world/agv1_confidence,1789453874.07358,1789453874.07358,0.6182
/camera/world/agv2_confidence,1789453874.073638,1789453874.073638,0.6057
/camera/world/agv1_confidence,1789453874.1073394,1789453874.1073394,0.6145
/camera/world/agv3_confidence,1789453874.1073487,1789453874.1073487,0.581
/camera/world/agv2_confidence,1789453874.107463,1789453874.107463,0.6054
/camera/world/agv3_confidence,1789453874.1466875,1789453874.1466875,0.6038
/camera/world/agv2_confidence,1789453874.1467066,1789453874.1467066,0.6047
/camera/world/agv1_confidence,1789453874.1467338,1789453874.1467338,0.6175
/camera/world/agv1_confidence,1789453874.1817124,1789453874.1817124,0.6176
/camera/world/agv3_confidence,1789453874.182009,1789453874.182009,0.5785
/camera/world/agv2_confidence,1789453874.182071,1789453874.182071,0.6059
/camera/world/agv1_confidence,1789453874.211741,1789453874.211741,0.6173
/camera/world/agv2_confidence,1789453874.2119691,1789453874.2119691,0.6059
/camera/world/agv3_confidence,1789453874.2122364,1789453874.2122364,0.603
/camera/world/agv1_confidence,1789453874.2603784,1789453874.2603784,0.6134
/camera/world/agv3_confidence,1789453874.2604058,1789453874.2604058,0.6016
/camera/world/agv2_confidence,1789453874.2605367,1789453874.2605367,0.6032
/camera/world/agv3_confidence,1789453874.2813284,1789453874.2813284,0.6041
/camera/world/agv1_confidence,1789453874.281334,1789453874.281334,0.6145
/camera/world/agv2_confidence,1789453874.2814422,1789453874.2814422,0.6039
/camera/world/agv2_confidence,1789453874.313287,1789453874.313287,0.5936
/camera/world/agv1_confidence,1789453874.3133044,1789453874.3133044,0.6174
/camera/world/agv3_confidence,1789453874.3135867,1789453874.3135867,0.6022
/camera/world/agv1_confidence,1789453874.3433576,1789453874.3433576,0.617
/camera/world/agv3_confidence,1789453874.34367,1789453874.34367,0.6032
/camera/world/agv2_confidence,1789453874.3437414,1789453874.3437414,0.6067
/camera/world/agv1_confidence,1789453874.3727705,1789453874.3727705,0.6164
/camera/world/agv3_confidence,1789453874.3727977,1789453874.3727977,0.6032
/camera/world/agv2_confidence,1789453874.3728397,1789453874.3728397,0.5839
/camera/world/agv1_confidence,1789453874.408664,1789453874.408664,0.6161
/camera/world/agv3_confidence,1789453874.4087296,1789453874.4087296,0.6026
/camera/world/agv2_confidence,1789453874.4088147,1789453874.4088147,0.6059
/camera/world/agv1_confidence,1789453874.4426038,1789453874.4426038,0.6159
/camera/world/agv3_confidence,1789453874.4428349,1789453874.4428349,0.6044
/camera/world/agv2_confidence,1789453874.4428768,1789453874.4428768,0.5993
/camera/world/agv2_confidence,1789453874.475012,1789453874.475012,0.5944
/camera/world/agv1_confidence,1789453874.475026,1789453874.475026,0.618
/camera/world/agv3_confidence,1789453874.475229,1789453874.475229,0.6043
/camera/world/agv1_confidence,1789453874.5077305,1789453874.5077305,0.6189
/camera/world/agv3_confidence,1789453874.5078192,1789453874.5078192,0.603
/camera/world/agv2_confidence,1789453874.5078466,1789453874.5078466,0.6061
/camera/world/agv2_confidence,1789453874.5434403,1789453874.5434403,0.6056
/camera/world/agv1_confidence,1789453874.5434632,1789453874.5434632,0.6159
/camera/world/agv3_confidence,1789453874.5436618,1789453874.5436618,0.6044
/camera/world/agv1_confidence,1789453874.5748487,1789453874.5748487,0.6158
/camera/world/agv2_confidence,1789453874.5749066,1789453874.5749066,0.6063
/camera/world/agv3_confidence,1789453874.5750797,1789453874.5750797,0.6023
/camera/world/agv1_confidence,1789453874.6095128,1789453874.6095128,0.6172
/camera/world/agv2_confidence,1789453874.6097767,1789453874.6097767,0.6029
/camera/world/agv3_confidence,1789453874.6099613,1789453874.6099613,0.6052
/camera/world/agv1_confidence,1789453874.6428242,1789453874.6428242,0.6173
/camera/world/agv2_confidence,1789453874.642978,1789453874.642978,0.6027
/camera/world/agv3_confidence,1789453874.643193,1789453874.643193,0.6065
/camera/world/agv1_confidence,1789453874.6757984,1789453874.6757984,0.6168
/camera/world/agv2_confidence,1789453874.6760082,1789453874.6760082,0.6062
/camera/world/agv3_confidence,1789453874.6760492,1789453874.6760492,0.6033
/camera/world/agv1_confidence,1789453874.70847,1789453874.70847,0.6178
/camera/world/agv3_confidence,1789453874.7086399,1789453874.7086399,0.6048
/camera/world/agv2_confidence,1789453874.7088144,1789453874.7088144,0.5809
/camera/world/agv1_confidence,1789453874.7402396,1789453874.7402396,0.6153
/camera/world/agv2_confidence,1789453874.7404757,1789453874.7404757,0.6051
/camera/world/agv3_confidence,1789453874.7404933,1789453874.7404933,0.6047
/camera/world/agv2_confidence,1789453874.7815125,1789453874.7815125,0.6084
/camera/world/agv3_confidence,1789453874.781716,1789453874.781716,0.6079
/camera/world/agv1_confidence,1789453874.7817986,1789453874.7817986,0.6178
/camera/world/agv1_confidence,1789453874.8153212,1789453874.8153212,0.6168
/camera/world/agv2_confidence,1789453874.8153706,1789453874.8153706,0.6079
/camera/world/agv3_confidence,1789453874.815704,1789453874.815704,0.6054
/camera/world/agv2_confidence,1789453874.8447893,1789453874.8447893,0.6067
/camera/world/agv1_confidence,1789453874.8447912,1789453874.8447912,0.6159
/camera/world/agv3_confidence,1789453874.8452547,1789453874.8452547,0.6045
/camera/world/agv1_confidence,1789453874.886313,1789453874.886313,0.6179
/camera/world/agv2_confidence,1789453874.8863301,1789453874.8863301,0.6067
/camera/world/agv3_confidence,1789453874.8863976,1789453874.8863976,0.6055
/camera/world/agv2_confidence,1789453874.9240804,1789453874.9240804,0.6069
/camera/world/agv1_confidence,1789453874.9241123,1789453874.9241123,0.6161
/camera/world/agv3_confidence,1789453874.9241834,1789453874.9241834,0.6065
/camera/world/agv1_confidence,1789453874.9488568,1789453874.9488568,0.6155
/camera/world/agv2_confidence,1789453874.9489706,1789453874.9489706,0.6073
/camera/world/agv3_confidence,1789453874.9491515,1789453874.9491515,0.6021
/camera/world/agv2_confidence,1789453874.981648,1789453874.981648,0.6084
/camera/world/agv1_confidence,1789453874.9816506,1789453874.9816506,0.6148
/camera/world/agv3_confidence,1789453874.9818325,1789453874.9818325,0.6072
/camera/world/agv2_confidence,1789453875.0151963,1789453875.0151963,0.6077
/camera/world/agv1_confidence,1789453875.015221,1789453875.015221,0.6178
/camera/world/agv3_confidence,1789453875.0153837,1789453875.0153837,0.6054
/camera/world/agv1_confidence,1789453875.0458565,1789453875.0458565,0.6171
/camera/world/agv2_confidence,1789453875.046074,1789453875.046074,0.611
/camera/world/agv3_confidence,1789453875.0460863,1789453875.0460863,0.6081
/camera/world/agv2_confidence,1789453875.0760171,1789453875.0760171,0.6086
/camera/world/agv1_confidence,1789453875.0760632,1789453875.0760632,0.6141
/camera/world/agv3_confidence,1789453875.0760784,1789453875.0760784,0.6051
/camera/world/agv1_confidence,1789453875.1149883,1789453875.1149883,0.6148
/camera/world/agv2_confidence,1789453875.1149917,1789453875.1149917,0.6074
/camera/world/agv3_confidence,1789453875.1151943,1789453875.1151943,0.606
/camera/world/agv1_confidence,1789453875.1537347,1789453875.1537347,0.6174
/camera/world/agv2_confidence,1789453875.1538239,1789453875.1538239,0.6076
/camera/world/agv3_confidence,1789453875.1538942,1789453875.1538942,0.6053
/camera/world/agv2_confidence,1789453875.1807547,1789453875.1807547,0.6078
/camera/world/agv1_confidence,1789453875.1808805,1789453875.1808805,0.6188
/camera/world/agv3_confidence,1789453875.1809278,1789453875.1809278,0.6061
/camera/world/agv1_confidence,1789453875.2104213,1789453875.2104213,0.618
/camera/world/agv2_confidence,1789453875.2104678,1789453875.2104678,0.6077
/camera/world/agv3_confidence,1789453875.210803,1789453875.210803,0.605
/camera/world/agv1_confidence,1789453875.2432842,1789453875.2432842,0.6147
/camera/world/agv2_confidence,1789453875.2432923,1789453875.2432923,0.6083
/camera/world/agv3_confidence,1789453875.2436128,1789453875.2436128,0.6062
/camera/world/agv2_confidence,1789453875.2806933,1789453875.2806933,0.6065
/camera/world/agv1_confidence,1789453875.2807128,1789453875.2807128,0.6149
/camera/world/agv3_confidence,1789453875.2809556,1789453875.2809556,0.6023
/camera/world/agv3_confidence,1789453875.307563,1789453875.307563,0.6094
/camera/world/agv1_confidence,1789453875.3075724,1789453875.3075724,0.6173
/camera/world/agv2_confidence,1789453875.307771,1789453875.307771,0.6074
/camera/world/agv1_confidence,1789453875.3511581,1789453875.3511581,0.6154
/camera/world/agv2_confidence,1789453875.3514137,1789453875.3514137,0.6073
/camera/world/agv3_confidence,1789453875.3515358,1789453875.3515358,0.6054
/camera/world/agv1_confidence,1789453875.3763294,1789453875.3763294,0.5851
/camera/world/agv3_confidence,1789453875.3765776,1789453875.3765776,0.6088
/camera/world/agv2_confidence,1789453875.3766787,1789453875.3766787,0.6087
/camera/world/agv1_confidence,1789453875.4073157,1789453875.4073157,0.5976
/camera/world/agv2_confidence,1789453875.4075758,1789453875.4075758,0.6083
/camera/world/agv3_confidence,1789453875.4079103,1789453875.4079103,0.6038
/camera/world/agv1_confidence,1789453875.4459708,1789453875.4459708,0.6186
/camera/world/agv2_confidence,1789453875.4461632,1789453875.4461632,0.6083
/camera/world/agv3_confidence,1789453875.4462824,1789453875.4462824,0.6081
/camera/world/agv1_confidence,1789453875.4931767,1789453875.4931767,0.6165
/camera/world/agv2_confidence,1789453875.4935505,1789453875.4935505,0.6074
/camera/world/agv3_confidence,1789453875.4935553,1789453875.4935553,0.608
/camera/world/agv1_confidence,1789453875.5140746,1789453875.5140746,0.6146
/camera/world/agv2_confidence,1789453875.5141246,1789453875.5141246,0.6054
/camera/world/agv3_confidence,1789453875.5141249,1789453875.5141249,0.6066
/camera/world/agv2_confidence,1789453875.5462966,1789453875.5462966,0.6081
/camera/world/agv1_confidence,1789453875.5465093,1789453875.5465093,0.6164
/camera/world/agv3_confidence,1789453875.5465431,1789453875.5465431,0.6052
/camera/world/agv1_confidence,1789453875.5769978,1789453875.5769978,0.6166
/camera/world/agv2_confidence,1789453875.5771856,1789453875.5771856,0.606
/camera/world/agv3_confidence,1789453875.5773118,1789453875.5773118,0.6045
/camera/world/agv1_confidence,1789453875.6111197,1789453875.6111197,0.6162
/camera/world/agv3_confidence,1789453875.6111727,1789453875.6111727,0.6098
/camera/world/agv2_confidence,1789453875.6112998,1789453875.6112998,0.6071
/camera/world/agv1_confidence,1789453875.6437426,1789453875.6437426,0.6185
/camera/world/agv3_confidence,1789453875.643818,1789453875.643818,0.6051
/camera/world/agv2_confidence,1789453875.6438477,1789453875.6438477,0.6036
/camera/world/agv1_confidence,1789453875.674083,1789453875.674083,0.6182
/camera/world/agv2_confidence,1789453875.674445,1789453875.674445,0.6094
/camera/world/agv3_confidence,1789453875.674495,1789453875.674495,0.606
/camera/world/agv1_confidence,1789453875.711,1789453875.711,0.6157
/camera/world/agv3_confidence,1789453875.7110536,1789453875.7110536,0.6047
/camera/world/agv2_confidence,1789453875.711133,1789453875.711133,0.5838
/camera/world/agv2_confidence,1789453875.7489371,1789453875.7489371,0.6072
/camera/world/agv3_confidence,1789453875.7489474,1789453875.7489474,0.6074
/camera/world/agv1_confidence,1789453875.749015,1789453875.749015,0.6181
/camera/world/agv3_confidence,1789453875.780852,1789453875.780852,0.6077
/camera/world/agv2_confidence,1789453875.7808688,1789453875.7808688,0.6068
/camera/world/agv1_confidence,1789453875.780898,1789453875.780898,0.6181
/camera/world/agv1_confidence,1789453875.8127856,1789453875.8127856,0.6166
/camera/world/agv2_confidence,1789453875.8128996,1789453875.8128996,0.6078
/camera/world/agv3_confidence,1789453875.813026,1789453875.813026,0.607
/camera/world/agv1_confidence,1789453875.8411782,1789453875.8411782,0.6162
/camera/world/agv3_confidence,1789453875.8411963,1789453875.8411963,0.6072
/camera/world/agv2_confidence,1789453875.8411994,1789453875.8411994,0.5909
/camera/world/agv2_confidence,1789453875.8745532,1789453875.8745532,0.587
/camera/world/agv3_confidence,1789453875.8745725,1789453875.8745725,0.6055
/camera/world/agv1_confidence,1789453875.874576,1789453875.874576,0.6149
/camera/world/agv1_confidence,1789453875.9149227,1789453875.9149227,0.6185
/camera/world/agv2_confidence,1789453875.9149237,1789453875.9149237,0.6071
/camera/world/agv3_confidence,1789453875.9151409,1789453875.9151409,0.6047
/camera/world/agv1_confidence,1789453875.9468162,1789453875.9468162,0.6187
/camera/world/agv2_confidence,1789453875.946957,1789453875.946957,0.609
/camera/world/agv3_confidence,1789453875.9471543,1789453875.9471543,0.6056
/camera/world/agv1_confidence,1789453875.9779544,1789453875.9779544,0.6183
/camera/world/agv3_confidence,1789453875.978141,1789453875.978141,0.6071
/camera/world/agv2_confidence,1789453875.978145,1789453875.978145,0.6102
/camera/world/agv1_confidence,1789453876.0121858,1789453876.0121858,0.6166
/camera/world/agv2_confidence,1789453876.0122693,1789453876.0122693,0.6101
/camera/world/agv3_confidence,1789453876.012288,1789453876.012288,0.6073
/camera/world/agv3_confidence,1789453876.0477116,1789453876.0477116,0.6063
/camera/world/agv2_confidence,1789453876.0477414,1789453876.0477414,0.6075
/camera/world/agv1_confidence,1789453876.0477965,1789453876.0477965,0.6169
/camera/world/agv1_confidence,1789453876.0799706,1789453876.0799706,0.6177
/camera/world/agv3_confidence,1789453876.080086,1789453876.080086,0.6073
/camera/world/agv2_confidence,1789453876.080102,1789453876.080102,0.6064
/camera/world/agv1_confidence,1789453876.1105084,1789453876.1105084,0.6174
/camera/world/agv2_confidence,1789453876.1105223,1789453876.1105223,0.6056
/camera/world/agv3_confidence,1789453876.1105428,1789453876.1105428,0.6088
/camera/world/agv1_confidence,1789453876.142858,1789453876.142858,0.6173
/camera/world/agv3_confidence,1789453876.1428597,1789453876.1428597,0.6062
/camera/world/agv2_confidence,1789453876.1428642,1789453876.1428642,0.6071
/camera/world/agv3_confidence,1789453876.1741412,1789453876.1741412,0.6045
/camera/world/agv1_confidence,1789453876.1741657,1789453876.1741657,0.6168
/camera/world/agv2_confidence,1789453876.174193,1789453876.174193,0.6099
/camera/world/agv3_confidence,1789453876.2101755,1789453876.2101755,0.6098
/camera/world/agv2_confidence,1789453876.2101781,1789453876.2101781,0.6062
/camera/world/agv1_confidence,1789453876.210269,1789453876.210269,0.6137
/camera/world/agv1_confidence,1789453876.2474146,1789453876.2474146,0.6175
/camera/world/agv3_confidence,1789453876.2474709,1789453876.2474709,0.6063
/camera/world/agv2_confidence,1789453876.2475166,1789453876.2475166,0.6077
/camera/world/agv2_confidence,1789453876.2793632,1789453876.2793632,0.6058
/camera/world/agv1_confidence,1789453876.2793667,1789453876.2793667,0.6172
/camera/world/agv3_confidence,1789453876.2794478,1789453876.2794478,0.6087
/camera/world/agv1_confidence,1789453876.314435,1789453876.314435,0.6175
/camera/world/agv2_confidence,1789453876.3145266,1789453876.3145266,0.6059
/camera/world/agv3_confidence,1789453876.3145986,1789453876.3145986,0.6081
/camera/world/agv2_confidence,1789453876.3475614,1789453876.3475614,0.6087
/camera/world/agv1_confidence,1789453876.3476765,1789453876.3476765,0.6162
/camera/world/agv3_confidence,1789453876.3477995,1789453876.3477995,0.6058
/camera/world/agv1_confidence,1789453876.374548,1789453876.374548,0.6165
/camera/world/agv3_confidence,1789453876.3748105,1789453876.3748105,0.6078
/camera/world/agv2_confidence,1789453876.3748868,1789453876.3748868,0.6031
/camera/world/agv1_confidence,1789453876.4073417,1789453876.4073417,0.617
/camera/world/agv2_confidence,1789453876.4075058,1789453876.4075058,0.5861
/camera/world/agv3_confidence,1789453876.4075718,1789453876.4075718,0.6094
/camera/world/agv1_confidence,1789453876.4431381,1789453876.4431381,0.6165
/camera/world/agv2_confidence,1789453876.4432528,1789453876.4432528,0.607
/camera/world/agv3_confidence,1789453876.443345,1789453876.443345,0.6076
/camera/world/agv1_confidence,1789453876.4767258,1789453876.4767258,0.6168
/camera/world/agv3_confidence,1789453876.4769328,1789453876.4769328,0.609
/camera/world/agv2_confidence,1789453876.47694,1789453876.47694,0.6104
/camera/world/agv2_confidence,1789453876.5096939,1789453876.5096939,0.6064
/camera/world/agv1_confidence,1789453876.5097032,1789453876.5097032,0.617
/camera/world/agv3_confidence,1789453876.509775,1789453876.509775,0.6106
/camera/world/agv2_confidence,1789453876.5480092,1789453876.5480092,0.6094
/camera/world/agv1_confidence,1789453876.548052,1789453876.548052,0.6164
/camera/world/agv3_confidence,1789453876.548069,1789453876.548069,0.6074
/camera/world/agv2_confidence,1789453876.5796702,1789453876.5796702,0.6125
/camera/world/agv1_confidence,1789453876.579676,1789453876.579676,0.6167
/camera/world/agv3_confidence,1789453876.57986,1789453876.57986,0.6065
/camera/world/agv1_confidence,1789453876.6126184,1789453876.6126184,0.6154
/camera/world/agv2_confidence,1789453876.6126504,1789453876.6126504,0.6095
/camera/world/agv3_confidence,1789453876.6127994,1789453876.6127994,0.5305
/camera/world/agv1_confidence,1789453876.6434767,1789453876.6434767,0.617
/camera/world/agv2_confidence,1789453876.6434956,1789453876.6434956,0.6033
/camera/world/agv3_confidence,1789453876.6438906,1789453876.6438906,0.6084
/camera/world/agv1_confidence,1789453876.6852646,1789453876.6852646,0.6175
/camera/world/agv3_confidence,1789453876.685333,1789453876.685333,0.6072
/camera/world/agv2_confidence,1789453876.6854224,1789453876.6854224,0.6062
/camera/world/agv1_confidence,1789453876.7147803,1789453876.7147803,0.6163
/camera/world/agv3_confidence,1789453876.7148373,1789453876.7148373,0.607
/camera/world/agv2_confidence,1789453876.7148738,1789453876.7148738,0.6034
/camera/world/agv1_confidence,1789453876.7464046,1789453876.7464046,0.6169
/camera/world/agv2_confidence,1789453876.7467039,1789453876.7467039,0.6053
/camera/world/agv3_confidence,1789453876.7467062,1789453876.7467062,0.5868
/camera/world/agv1_confidence,1789453876.7846243,1789453876.7846243,0.6173
/camera/world/agv3_confidence,1789453876.7846367,1789453876.7846367,0.6099
/camera/world/agv2_confidence,1789453876.7846653,1789453876.7846653,0.6047
/camera/world/agv1_confidence,1789453876.8119605,1789453876.8119605,0.617
/camera/world/agv2_confidence,1789453876.812037,1789453876.812037,0.6066
/camera/world/agv3_confidence,1789453876.8122258,1789453876.8122258,0.6052
/camera/world/agv1_confidence,1789453876.8454947,1789453876.8454947,0.617
/camera/world/agv2_confidence,1789453876.8458374,1789453876.8458374,0.6093
/camera/world/agv3_confidence,1789453876.845981,1789453876.845981,0.61
/camera/world/agv1_confidence,1789453876.8742154,1789453876.8742154,0.617
/camera/world/agv2_confidence,1789453876.8745353,1789453876.8745353,0.611
/camera/world/agv3_confidence,1789453876.8745718,1789453876.8745718,0.6097
/camera/world/agv2_confidence,1789453876.907913,1789453876.907913,0.6086
/camera/world/agv1_confidence,1789453876.9079175,1789453876.9079175,0.6175
/camera/world/agv3_confidence,1789453876.9079907,1789453876.9079907,0.6081
/camera/world/agv2_confidence,1789453876.9420726,1789453876.9420726,0.5782
/camera/world/agv1_confidence,1789453876.9421237,1789453876.9421237,0.6171
/camera/world/agv3_confidence,1789453876.9421468,1789453876.9421468,0.6053
/camera/world/agv1_confidence,1789453876.9764624,1789453876.9764624,0.6163
/camera/world/agv2_confidence,1789453876.976498,1789453876.976498,0.6049
/camera/world/agv3_confidence,1789453876.9766421,1789453876.9766421,0.6084
/camera/world/agv2_confidence,1789453877.0120192,1789453877.0120192,0.6069
/camera/world/agv1_confidence,1789453877.012038,1789453877.012038,0.6161
/camera/world/agv3_confidence,1789453877.012179,1789453877.012179,0.6089
/camera/world/agv2_confidence,1789453877.0438397,1789453877.0438397,0.5876
/camera/world/agv1_confidence,1789453877.0438426,1789453877.0438426,0.6164
/camera/world/agv3_confidence,1789453877.044078,1789453877.044078,0.6098
/camera/world/agv2_confidence,1789453877.0748572,1789453877.0748572,0.6048
/camera/world/agv3_confidence,1789453877.0748928,1789453877.0748928,0.6053
/camera/world/agv1_confidence,1789453877.0749104,1789453877.0749104,0.6154
/camera/world/agv2_confidence,1789453877.1121817,1789453877.1121817,0.6094
/camera/world/agv3_confidence,1789453877.1121933,1789453877.1121933,0.6106
/camera/world/agv1_confidence,1789453877.112212,1789453877.112212,0.6167
/camera/world/agv1_confidence,1789453877.1492937,1789453877.1492937,0.6174
/camera/world/agv2_confidence,1789453877.1494424,1789453877.1494424,0.606
/camera/world/agv3_confidence,1789453877.149559,1789453877.149559,0.6076
/camera/world/agv2_confidence,1789453877.1777747,1789453877.1777747,0.5721
/camera/world/agv1_confidence,1789453877.1778183,1789453877.1778183,0.6171
/camera/world/agv3_confidence,1789453877.1780334,1789453877.1780334,0.6069
/camera/world/agv1_confidence,1789453877.2087526,1789453877.2087526,0.6167
/camera/world/agv2_confidence,1789453877.2089133,1789453877.2089133,0.6073
/camera/world/agv3_confidence,1789453877.2089672,1789453877.2089672,0.6084
/camera/world/agv1_confidence,1789453877.2399347,1789453877.2399347,0.6175
/camera/world/agv2_confidence,1789453877.2400732,1789453877.2400732,0.6055
/camera/world/agv3_confidence,1789453877.2401836,1789453877.2401836,0.6074
/camera/world/agv2_confidence,1789453877.285034,1789453877.285034,0.6099
/camera/world/agv3_confidence,1789453877.2850618,1789453877.2850618,0.6079
/camera/world/agv1_confidence,1789453877.285086,1789453877.285086,0.6144
/camera/world/agv1_confidence,1789453877.3066418,1789453877.3066418,0.6149
/camera/world/agv2_confidence,1789453877.3067412,1789453877.3067412,0.6122
/camera/world/agv3_confidence,1789453877.3070476,1789453877.3070476,0.6078
/camera/world/agv1_confidence,1789453877.3485081,1789453877.3485081,0.6162
/camera/world/agv2_confidence,1789453877.3485653,1789453877.3485653,0.6114
/camera/world/agv3_confidence,1789453877.3488195,1789453877.3488195,0.6101
/camera/world/agv1_confidence,1789453877.3735588,1789453877.3735588,0.6176
/camera/world/agv2_confidence,1789453877.3736413,1789453877.3736413,0.6012
/camera/world/agv3_confidence,1789453877.373806,1789453877.373806,0.608
/camera/world/agv1_confidence,1789453877.4148302,1789453877.4148302,0.617
/camera/world/agv3_confidence,1789453877.4149027,1789453877.4149027,0.6082
/camera/world/agv2_confidence,1789453877.4149332,1789453877.4149332,0.6096
/camera/world/agv2_confidence,1789453877.4509857,1789453877.4509857,0.6105
/camera/world/agv1_confidence,1789453877.4510822,1789453877.4510822,0.6167
/camera/world/agv3_confidence,1789453877.4511023,1789453877.4511023,0.6097
/camera/world/agv1_confidence,1789453877.4753134,1789453877.4753134,0.6173
/camera/world/agv2_confidence,1789453877.4753268,1789453877.4753268,0.5857
/camera/world/agv3_confidence,1789453877.475504,1789453877.475504,0.6045
/camera/world/agv1_confidence,1789453877.5062103,1789453877.5062103,0.6179
/camera/world/agv3_confidence,1789453877.5062978,1789453877.5062978,0.6099
/camera/world/agv2_confidence,1789453877.5063386,1789453877.5063386,0.6108
/camera/world/agv1_confidence,1789453877.5527706,1789453877.5527706,0.6155
/camera/world/agv3_confidence,1789453877.5527976,1789453877.5527976,0.6069
/camera/world/agv2_confidence,1789453877.552811,1789453877.552811,0.6104
/camera/world/agv3_confidence,1789453877.5750399,1789453877.5750399,0.6064
/camera/world/agv2_confidence,1789453877.5750685,1789453877.5750685,0.6049
/camera/world/agv1_confidence,1789453877.5751464,1789453877.5751464,0.6152
/camera/world/agv1_confidence,1789453877.6081128,1789453877.6081128,0.6182
/camera/world/agv2_confidence,1789453877.608139,1789453877.608139,0.6118
/camera/world/agv3_confidence,1789453877.6083572,1789453877.6083572,0.6052
/camera/world/agv2_confidence,1789453877.6438732,1789453877.6438732,0.6114
/camera/world/agv1_confidence,1789453877.6438777,1789453877.6438777,0.6158
/camera/world/agv3_confidence,1789453877.6441362,1789453877.6441362,0.609
/camera/world/agv3_confidence,1789453877.6774993,1789453877.6774993,0.6103
/camera/world/agv1_confidence,1789453877.6775289,1789453877.6775289,0.6187
/camera/world/agv2_confidence,1789453877.6775525,1789453877.6775525,0.6092
/camera/world/agv1_confidence,1789453877.70943,1789453877.70943,0.6182
/camera/world/agv2_confidence,1789453877.7094302,1789453877.7094302,0.6081
/camera/world/agv3_confidence,1789453877.7095468,1789453877.7095468,0.6097
/camera/world/agv3_confidence,1789453877.7419677,1789453877.7419677,0.611
/camera/world/agv2_confidence,1789453877.7419686,1789453877.7419686,0.6127
/camera/world/agv1_confidence,1789453877.7421362,1789453877.7421362,0.6173
/camera/world/agv2_confidence,1789453877.773531,1789453877.773531,0.6111
/camera/world/agv3_confidence,1789453877.773575,1789453877.773575,0.6091
/camera/world/agv1_confidence,1789453877.7737615,1789453877.7737615,0.6181
/camera/world/agv3_confidence,1789453877.81224,1789453877.81224,0.61
/camera/world/agv1_confidence,1789453877.8122418,1789453877.8122418,0.6148
/camera/world/agv2_confidence,1789453877.8123581,1789453877.8123581,0.6134
/camera/world/agv2_confidence,1789453877.8482385,1789453877.8482385,0.6114
/camera/world/agv3_confidence,1789453877.8483899,1789453877.8483899,0.6097
/camera/world/agv1_confidence,1789453877.8483937,1789453877.8483937,0.6183
/camera/world/agv1_confidence,1789453877.8765807,1789453877.8765807,0.615
/camera/world/agv3_confidence,1789453877.876714,1789453877.876714,0.611
/camera/world/agv2_confidence,1789453877.876729,1789453877.876729,0.6037
/camera/world/agv1_confidence,1789453877.9140098,1789453877.9140098,0.6156
/camera/world/agv2_confidence,1789453877.9142096,1789453877.9142096,0.6135
/camera/world/agv3_confidence,1789453877.9144232,1789453877.9144232,0.6039
/camera/world/agv1_confidence,1789453877.9442112,1789453877.9442112,0.6164
/camera/world/agv2_confidence,1789453877.9443214,1789453877.9443214,0.6129
/camera/world/agv3_confidence,1789453877.9444454,1789453877.9444454,0.5617
/camera/world/agv1_confidence,1789453877.9755824,1789453877.9755824,0.6163
/camera/world/agv3_confidence,1789453877.975775,1789453877.975775,0.6088
/camera/world/agv2_confidence,1789453877.9759245,1789453877.9759245,0.6089
/camera/world/agv1_confidence,1789453878.017428,1789453878.017428,0.619
/camera/world/agv2_confidence,1789453878.0174584,1789453878.0174584,0.6099
/camera/world/agv3_confidence,1789453878.017618,1789453878.017618,0.6096
/camera/world/agv1_confidence,1789453878.0484169,1789453878.0484169,0.613
/camera/world/agv2_confidence,1789453878.04852,1789453878.04852,0.6122
/camera/world/agv3_confidence,1789453878.0486856,1789453878.0486856,0.6113
/camera/world/agv1_confidence,1789453878.0743933,1789453878.0743933,0.6165
/camera/world/agv3_confidence,1789453878.0744576,1789453878.0744576,0.6057
/camera/world/agv2_confidence,1789453878.0746582,1789453878.0746582,0.6116
/camera/world/agv1_confidence,1789453878.1192214,1789453878.1192214,0.6143
/camera/world/agv3_confidence,1789453878.119259,1789453878.119259,0.6112
/camera/world/agv2_confidence,1789453878.1193004,1789453878.1193004,0.6136
/camera/world/agv2_confidence,1789453878.1483533,1789453878.1483533,0.61
/camera/world/agv1_confidence,1789453878.1483836,1789453878.1483836,0.6159
/camera/world/agv3_confidence,1789453878.1485279,1789453878.1485279,0.6083
/camera/world/agv1_confidence,1789453878.1723127,1789453878.1723127,0.6141
/camera/world/agv2_confidence,1789453878.1723888,1789453878.1723888,0.6122
/camera/world/agv3_confidence,1789453878.1724524,1789453878.1724524,0.6107
/camera/world/agv3_confidence,1789453878.2179518,1789453878.2179518,0.6107
/camera/world/agv2_confidence,1789453878.2180066,1789453878.2180066,0.611
/camera/world/agv1_confidence,1789453878.2180543,1789453878.2180543,0.6175
/camera/world/agv1_confidence,1789453878.2603786,1789453878.2603786,0.6164
/camera/world/agv2_confidence,1789453878.2605064,1789453878.2605064,0.6121
/camera/world/agv3_confidence,1789453878.2607532,1789453878.2607532,0.6104
/camera/world/agv1_confidence,1789453878.275964,1789453878.275964,0.6167
/camera/world/agv2_confidence,1789453878.2760732,1789453878.2760732,0.6113
/camera/world/agv3_confidence,1789453878.2762346,1789453878.2762346,0.6102
/camera/world/agv1_confidence,1789453878.3110862,1789453878.3110862,0.6165
/camera/world/agv2_confidence,1789453878.3112292,1789453878.3112292,0.613
/camera/world/agv3_confidence,1789453878.3113298,1789453878.3113298,0.5754
/camera/world/agv1_confidence,1789453878.3463101,1789453878.3463101,0.6159
/camera/world/agv3_confidence,1789453878.3463917,1789453878.3463917,0.6098
/camera/world/agv2_confidence,1789453878.3464117,1789453878.3464117,0.6124
/camera/world/agv3_confidence,1789453878.381111,1789453878.381111,0.6093
/camera/world/agv1_confidence,1789453878.3811278,1789453878.3811278,0.6178
/camera/world/agv2_confidence,1789453878.381204,1789453878.381204,0.6115
/camera/world/agv2_confidence,1789453878.4117532,1789453878.4117532,0.6138
/camera/world/agv3_confidence,1789453878.4118142,1789453878.4118142,0.6114
/camera/world/agv1_confidence,1789453878.4118836,1789453878.4118836,0.6179
/camera/world/agv2_confidence,1789453878.445372,1789453878.445372,0.6119
/camera/world/agv1_confidence,1789453878.4453783,1789453878.4453783,0.6175
/camera/world/agv3_confidence,1789453878.4456847,1789453878.4456847,0.6121
/camera/world/agv2_confidence,1789453878.4758618,1789453878.4758618,0.61
/camera/world/agv1_confidence,1789453878.4759586,1789453878.4759586,0.6179
/camera/world/agv3_confidence,1789453878.4761329,1789453878.4761329,0.6107
/camera/world/agv1_confidence,1789453878.5124505,1789453878.5124505,0.618
/camera/world/agv2_confidence,1789453878.5124679,1789453878.5124679,0.6119
/camera/world/agv3_confidence,1789453878.5126798,1789453878.5126798,0.6086
/camera/world/agv1_confidence,1789453878.541427,1789453878.541427,0.6171
/camera/world/agv3_confidence,1789453878.5414908,1789453878.5414908,0.611
/camera/world/agv2_confidence,1789453878.541499,1789453878.541499,0.6104
/camera/world/agv1_confidence,1789453878.576307,1789453878.576307,0.6157
/camera/world/agv2_confidence,1789453878.5763972,1789453878.5763972,0.6023
/camera/world/agv3_confidence,1789453878.576416,1789453878.576416,0.6096
/camera/world/agv2_confidence,1789453878.6160166,1789453878.6160166,0.6012
/camera/world/agv3_confidence,1789453878.6161253,1789453878.6161253,0.6122
/camera/world/agv1_confidence,1789453878.6162739,1789453878.6162739,0.6182
/camera/world/agv1_confidence,1789453878.6407394,1789453878.6407394,0.6166
/camera/world/agv2_confidence,1789453878.6407874,1789453878.6407874,0.6113
/camera/world/agv3_confidence,1789453878.6408103,1789453878.6408103,0.6096
/camera/world/agv2_confidence,1789453878.679433,1789453878.679433,0.6095
/camera/world/agv3_confidence,1789453878.679537,1789453878.679537,0.6084
/camera/world/agv1_confidence,1789453878.6795487,1789453878.6795487,0.6169
/camera/world/agv2_confidence,1789453878.7079012,1789453878.7079012,0.6115
/camera/world/agv1_confidence,1789453878.7079017,1789453878.7079017,0.618
/camera/world/agv3_confidence,1789453878.7079463,1789453878.7079463,0.6078
/camera/world/agv3_confidence,1789453878.7468755,1789453878.7468755,0.6122
/camera/world/agv2_confidence,1789453878.746894,1789453878.746894,0.6102
/camera/world/agv1_confidence,1789453878.7469757,1789453878.7469757,0.6185
/camera/world/agv1_confidence,1789453878.7819426,1789453878.7819426,0.6169
/camera/world/agv3_confidence,1789453878.7819786,1789453878.7819786,0.6099
/camera/world/agv2_confidence,1789453878.7819903,1789453878.7819903,0.6134
/camera/world/agv1_confidence,1789453878.8118548,1789453878.8118548,0.6174
/camera/world/agv2_confidence,1789453878.8119392,1789453878.8119392,0.6118
/camera/world/agv3_confidence,1789453878.812076,1789453878.812076,0.6131
/camera/world/agv1_confidence,1789453878.845071,1789453878.845071,0.615
/camera/world/agv2_confidence,1789453878.8450956,1789453878.8450956,0.6102
/camera/world/agv3_confidence,1789453878.845373,1789453878.845373,0.6105
/camera/world/agv1_confidence,1789453878.8851159,1789453878.8851159,0.6174
/camera/world/agv2_confidence,1789453878.8852031,1789453878.8852031,0.6113
/camera/world/agv3_confidence,1789453878.8853598,1789453878.8853598,0.6094
/camera/world/agv1_confidence,1789453878.9159951,1789453878.9159951,0.6165
/camera/world/agv3_confidence,1789453878.91605,1789453878.91605,0.6097
/camera/world/agv2_confidence,1789453878.9160652,1789453878.9160652,0.5944
/camera/world/agv2_confidence,1789453878.9435594,1789453878.9435594,0.6131
/camera/world/agv3_confidence,1789453878.9435964,1789453878.9435964,0.6031
/camera/world/agv1_confidence,1789453878.9437423,1789453878.9437423,0.6162
/camera/world/agv2_confidence,1789453878.9749653,1789453878.9749653,0.6125
/camera/world/agv1_confidence,1789453878.9751005,1789453878.9751005,0.618
/camera/world/agv3_confidence,1789453878.9751728,1789453878.9751728,0.6103
/camera/world/agv3_confidence,1789453879.009776,1789453879.009776,0.6114
/camera/world/agv2_confidence,1789453879.0098464,1789453879.0098464,0.6129
/camera/world/agv1_confidence,1789453879.0099416,1789453879.0099416,0.6163
/camera/world/agv2_confidence,1789453879.0522096,1789453879.0522096,0.6109
/camera/world/agv1_confidence,1789453879.0523365,1789453879.0523365,0.615
/camera/world/agv3_confidence,1789453879.0523462,1789453879.0523462,0.6101
/camera/world/agv1_confidence,1789453879.076864,1789453879.076864,0.6178
/camera/world/agv2_confidence,1789453879.077272,1789453879.077272,0.574
/camera/world/agv3_confidence,1789453879.0772765,1789453879.0772765,0.6098
/camera/world/agv1_confidence,1789453879.1077888,1789453879.1077888,0.6157
/camera/world/agv3_confidence,1789453879.1080122,1789453879.1080122,0.6114
/camera/world/agv2_confidence,1789453879.1080196,1789453879.1080196,0.6129
/camera/world/agv2_confidence,1789453879.1455681,1789453879.1455681,0.6146
/camera/world/agv1_confidence,1789453879.1455765,1789453879.1455765,0.6158
/camera/world/agv3_confidence,1789453879.1458092,1789453879.1458092,0.612
/camera/world/agv1_confidence,1789453879.1755264,1789453879.1755264,0.618
/camera/world/agv3_confidence,1789453879.1760185,1789453879.1760185,0.611
/camera/world/agv2_confidence,1789453879.176182,1789453879.176182,0.61
/camera/world/agv3_confidence,1789453879.206028,1789453879.206028,0.6111
/camera/world/agv2_confidence,1789453879.2060351,1789453879.2060351,0.615
/camera/world/agv1_confidence,1789453879.2060497,1789453879.2060497,0.6159
/camera/world/agv2_confidence,1789453879.2552452,1789453879.2552452,0.614
/camera/world/agv1_confidence,1789453879.2554631,1789453879.2554631,0.6163
/camera/world/agv3_confidence,1789453879.2554975,1789453879.2554975,0.6101
/camera/world/agv1_confidence,1789453879.282051,1789453879.282051,0.6162
/camera/world/agv2_confidence,1789453879.282316,1789453879.282316,0.6131
/camera/world/agv3_confidence,1789453879.2823498,1789453879.2823498,0.6121
/camera/world/agv1_confidence,1789453879.31566,1789453879.31566,0.6163
/camera/world/agv3_confidence,1789453879.3158643,1789453879.3158643,0.6088
/camera/world/agv2_confidence,1789453879.3158965,1789453879.3158965,0.6143
/camera/world/agv1_confidence,1789453879.3484159,1789453879.3484159,0.6172
/camera/world/agv3_confidence,1789453879.348446,1789453879.348446,0.6108
/camera/world/agv2_confidence,1789453879.348456,1789453879.348456,0.6133
/camera/world/agv1_confidence,1789453879.3778417,1789453879.3778417,0.6174
/camera/world/agv2_confidence,1789453879.3781052,1789453879.3781052,0.615
/camera/world/agv3_confidence,1789453879.3781803,1789453879.3781803,0.6097
/camera/world/agv1_confidence,1789453879.4116619,1789453879.4116619,0.6173
/camera/world/agv2_confidence,1789453879.411788,1789453879.411788,0.6091
/camera/world/agv3_confidence,1789453879.411825,1789453879.411825,0.6023
/camera/world/agv1_confidence,1789453879.448256,1789453879.448256,0.6167
/camera/world/agv2_confidence,1789453879.4484394,1789453879.4484394,0.6135
/camera/world/agv3_confidence,1789453879.4487195,1789453879.4487195,0.6103
/camera/world/agv1_confidence,1789453879.47828,1789453879.47828,0.6174
/camera/world/agv2_confidence,1789453879.4782891,1789453879.4782891,0.6128
/camera/world/agv3_confidence,1789453879.478437,1789453879.478437,0.6086
/camera/world/agv1_confidence,1789453879.5075607,1789453879.5075607,0.6169
/camera/world/agv3_confidence,1789453879.5077631,1789453879.5077631,0.6133
/camera/world/agv2_confidence,1789453879.5078115,1789453879.5078115,0.6148
/camera/world/agv1_confidence,1789453879.5545251,1789453879.5545251,0.6168
/camera/world/agv3_confidence,1789453879.5545995,1789453879.5545995,0.6094
/camera/world/agv2_confidence,1789453879.5546105,1789453879.5546105,0.6135
/camera/world/agv3_confidence,1789453879.5854042,1789453879.5854042,0.6103
/camera/world/agv1_confidence,1789453879.5854564,1789453879.5854564,0.617
/camera/world/agv2_confidence,1789453879.5854683,1789453879.5854683,0.6146
/camera/world/agv1_confidence,1789453879.6060545,1789453879.6060545,0.6181
/camera/world/agv2_confidence,1789453879.6061256,1789453879.6061256,0.6142
/camera/world/agv3_confidence,1789453879.6062927,1789453879.6062927,0.6092
/camera/world/agv1_confidence,1789453879.6468709,1789453879.6468709,0.6167
/camera/world/agv2_confidence,1789453879.6469028,1789453879.6469028,0.6136
/camera/world/agv3_confidence,1789453879.6470313,1789453879.6470313,0.6093
/camera/world/agv1_confidence,1789453879.683838,1789453879.683838,0.616
/camera/world/agv2_confidence,1789453879.683936,1789453879.683936,0.6131
/camera/world/agv3_confidence,1789453879.683975,1789453879.683975,0.6089
/camera/world/agv1_confidence,1789453879.7065017,1789453879.7065017,0.6146
/camera/world/agv3_confidence,1789453879.7066486,1789453879.7066486,0.6099
/camera/world/agv2_confidence,1789453879.706671,1789453879.706671,0.6137
/camera/world/agv2_confidence,1789453879.7402751,1789453879.7402751,0.6139
/camera/world/agv3_confidence,1789453879.7404404,1789453879.7404404,0.6149
/camera/world/agv1_confidence,1789453879.7404456,1789453879.7404456,0.6149
/camera/world/agv1_confidence,1789453879.7818549,1789453879.7818549,0.6159
/camera/world/agv3_confidence,1789453879.781973,1789453879.781973,0.6091
/camera/world/agv2_confidence,1789453879.7819853,1789453879.7819853,0.6137
/camera/world/agv1_confidence,1789453879.8136513,1789453879.8136513,0.6158
/camera/world/agv3_confidence,1789453879.813818,1789453879.813818,0.6119
/camera/world/agv2_confidence,1789453879.8139064,1789453879.8139064,0.6139
/camera/world/agv1_confidence,1789453879.8442245,1789453879.8442245,0.6157
/camera/world/agv2_confidence,1789453879.8442564,1789453879.8442564,0.6131
/camera/world/agv3_confidence,1789453879.8444743,1789453879.8444743,0.6119
/camera/world/agv2_confidence,1789453879.8768587,1789453879.8768587,0.6117
/camera/world/agv3_confidence,1789453879.8768604,1789453879.8768604,0.6034
/camera/world/agv1_confidence,1789453879.876967,1789453879.876967,0.6162
/camera/world/agv2_confidence,1789453879.9137394,1789453879.9137394,0.6146
/camera/world/agv1_confidence,1789453879.913757,1789453879.913757,0.6163
/camera/world/agv3_confidence,1789453879.9139473,1789453879.9139473,0.611
/camera/world/agv2_confidence,1789453879.9517145,1789453879.9517145,0.6148
/camera/world/agv1_confidence,1789453879.9517465,1789453879.9517465,0.6166
/camera/world/agv3_confidence,1789453879.9519346,1789453879.9519346,0.6101
/camera/world/agv1_confidence,1789453879.979646,1789453879.979646,0.6165
/camera/world/agv3_confidence,1789453879.9796603,1789453879.9796603,0.6107
/camera/world/agv2_confidence,1789453879.9796665,1789453879.9796665,0.614
/camera/world/agv1_confidence,1789453880.0176337,1789453880.0176337,0.6154
/camera/world/agv3_confidence,1789453880.0176585,1789453880.0176585,0.6108
/camera/world/agv2_confidence,1789453880.0176768,1789453880.0176768,0.6133
/camera/world/agv1_confidence,1789453880.0398223,1789453880.0398223,0.6167
/camera/world/agv2_confidence,1789453880.0399783,1789453880.0399783,0.6123
/camera/world/agv3_confidence,1789453880.0400648,1789453880.0400648,0.6123
/camera/world/agv1_confidence,1789453880.0817888,1789453880.0817888,0.6179
/camera/world/agv3_confidence,1789453880.0821908,1789453880.0821908,0.6104
/camera/world/agv2_confidence,1789453880.0822113,1789453880.0822113,0.6142
/camera/world/agv2_confidence,1789453880.1232352,1789453880.1232352,0.6141
/camera/world/agv3_confidence,1789453880.1233225,1789453880.1233225,0.6081
/camera/world/agv1_confidence,1789453880.1233509,1789453880.1233509,0.6155
/camera/world/agv2_confidence,1789453880.140027,1789453880.140027,0.6149
/camera/world/agv3_confidence,1789453880.1402433,1789453880.1402433,0.6115
/camera/world/agv1_confidence,1789453880.140245,1789453880.140245,0.6154
/camera/world/agv2_confidence,1789453880.185747,1789453880.185747,0.6138
/camera/world/agv1_confidence,1789453880.1857579,1789453880.1857579,0.617
/camera/world/agv3_confidence,1789453880.186032,1789453880.186032,0.6096
/camera/world/agv2_confidence,1789453880.2150295,1789453880.2150295,0.6147
/camera/world/agv1_confidence,1789453880.2150877,1789453880.2150877,0.6179
/camera/world/agv3_confidence,1789453880.2151027,1789453880.2151027,0.6095
/camera/world/agv1_confidence,1789453880.2432299,1789453880.2432299,0.6182
/camera/world/agv3_confidence,1789453880.2434275,1789453880.2434275,0.6122
/camera/world/agv2_confidence,1789453880.2435293,1789453880.2435293,0.6159
/camera/world/agv1_confidence,1789453880.2749393,1789453880.2749393,0.6153
/camera/world/agv2_confidence,1789453880.2750266,1789453880.2750266,0.6137
/camera/world/agv3_confidence,1789453880.2751882,1789453880.2751882,0.6112
/camera/world/agv3_confidence,1789453880.307624,1789453880.307624,0.6113
/camera/world/agv2_confidence,1789453880.3076818,1789453880.3076818,0.615
/camera/world/agv1_confidence,1789453880.3076847,1789453880.3076847,0.618
/camera/world/agv2_confidence,1789453880.3475695,1789453880.3475695,0.6107
/camera/world/agv1_confidence,1789453880.3475797,1789453880.3475797,0.6137
/camera/world/agv3_confidence,1789453880.3478184,1789453880.3478184,0.614
/camera/world/agv1_confidence,1789453880.379148,1789453880.379148,0.6157
/camera/world/agv2_confidence,1789453880.379379,1789453880.379379,0.6151
/camera/world/agv3_confidence,1789453880.3798277,1789453880.3798277,0.6126
/camera/world/agv1_confidence,1789453880.409017,1789453880.409017,0.6081
/camera/world/agv2_confidence,1789453880.4090216,1789453880.4090216,0.6153
/camera/world/agv3_confidence,1789453880.4093976,1789453880.4093976,0.6109
/camera/world/agv1_confidence,1789453880.4434657,1789453880.4434657,0.614
/camera/world/agv2_confidence,1789453880.4436107,1789453880.4436107,0.6122
/camera/world/agv3_confidence,1789453880.4437802,1789453880.4437802,0.6133
/camera/world/agv1_confidence,1789453880.4747796,1789453880.4747796,0.6171
/camera/world/agv2_confidence,1789453880.4749684,1789453880.4749684,0.6153
/camera/world/agv3_confidence,1789453880.4750752,1789453880.4750752,0.6109
/camera/world/agv1_confidence,1789453880.5115306,1789453880.5115306,0.617
/camera/world/agv2_confidence,1789453880.5117779,1789453880.5117779,0.6113
/camera/world/agv3_confidence,1789453880.511825,1789453880.511825,0.6119
/camera/world/agv2_confidence,1789453880.5448296,1789453880.5448296,0.6148
/camera/world/agv3_confidence,1789453880.5449195,1789453880.5449195,0.6122
/camera/world/agv1_confidence,1789453880.5449858,1789453880.5449858,0.6174
/camera/world/agv1_confidence,1789453880.576243,1789453880.576243,0.6174
/camera/world/agv3_confidence,1789453880.5765672,1789453880.5765672,0.6132
/camera/world/agv2_confidence,1789453880.5765836,1789453880.5765836,0.6128
/camera/world/agv1_confidence,1789453880.6148825,1789453880.6148825,0.6164
/camera/world/agv3_confidence,1789453880.6148949,1789453880.6148949,0.6118
/camera/world/agv2_confidence,1789453880.614919,1789453880.614919,0.6153
/camera/world/agv3_confidence,1789453880.64839,1789453880.64839,0.6119
/camera/world/agv1_confidence,1789453880.6486433,1789453880.6486433,0.6171
/camera/world/agv2_confidence,1789453880.6486492,1789453880.6486492,0.615
/camera/world/agv1_confidence,1789453880.6787066,1789453880.6787066,0.5841
/camera/world/agv3_confidence,1789453880.6787374,1789453880.6787374,0.6134
/camera/world/agv2_confidence,1789453880.6787746,1789453880.6787746,0.6151
/camera/world/agv2_confidence,1789453880.7157378,1789453880.7157378,0.6119
/camera/world/agv3_confidence,1789453880.7160325,1789453880.7160325,0.6103
/camera/world/agv1_confidence,1789453880.7160354,1789453880.7160354,0.6137
/camera/world/agv1_confidence,1789453880.7503698,1789453880.7503698,0.6122
/camera/world/agv2_confidence,1789453880.7503734,1789453880.7503734,0.6135
/camera/world/agv3_confidence,1789453880.750629,1789453880.750629,0.6121
/camera/world/agv2_confidence,1789453880.7781162,1789453880.7781162,0.5267
/camera/world/agv1_confidence,1789453880.7782097,1789453880.7782097,0.6158
/camera/world/agv3_confidence,1789453880.778217,1789453880.778217,0.6134
/camera/world/agv1_confidence,1789453880.8101976,1789453880.8101976,0.6147
/camera/world/agv2_confidence,1789453880.810292,1789453880.810292,0.6112
/camera/world/agv3_confidence,1789453880.8104582,1789453880.8104582,0.6134
/camera/world/agv1_confidence,1789453880.8427386,1789453880.8427386,0.6149
/camera/world/agv3_confidence,1789453880.8429384,1789453880.8429384,0.6135
/camera/world/agv2_confidence,1789453880.8429441,1789453880.8429441,0.6145
/camera/world/agv2_confidence,1789453880.8806005,1789453880.8806005,0.6152
/camera/world/agv1_confidence,1789453880.8806336,1789453880.8806336,0.6173
/camera/world/agv3_confidence,1789453880.880724,1789453880.880724,0.6133
/camera/world/agv1_confidence,1789453880.9159296,1789453880.9159296,0.6165
/camera/world/agv3_confidence,1789453880.9161794,1789453880.9161794,0.6119
/camera/world/agv2_confidence,1789453880.9161823,1789453880.9161823,0.6094
/camera/world/agv2_confidence,1789453880.9450324,1789453880.9450324,0.6169
/camera/world/agv1_confidence,1789453880.9452844,1789453880.9452844,0.6129
/camera/world/agv3_confidence,1789453880.9453475,1789453880.9453475,0.6122
/camera/world/agv1_confidence,1789453880.986603,1789453880.986603,0.6135
/camera/world/agv2_confidence,1789453880.986742,1789453880.986742,0.6125
/camera/world/agv3_confidence,1789453880.9867663,1789453880.9867663,0.6119
/camera/world/agv3_confidence,1789453881.008278,1789453881.008278,0.6111
/camera/world/agv2_confidence,1789453881.0082874,1789453881.0082874,0.61
/camera/world/agv1_confidence,1789453881.0083714,1789453881.0083714,0.6158
/camera/world/agv1_confidence,1789453881.0411787,1789453881.0411787,0.6145
/camera/world/agv2_confidence,1789453881.0411808,1789453881.0411808,0.6151
/camera/world/agv3_confidence,1789453881.0411875,1789453881.0411875,0.6117
/camera/world/agv1_confidence,1789453881.0795476,1789453881.0795476,0.6176
/camera/world/agv3_confidence,1789453881.0796258,1789453881.0796258,0.6113
/camera/world/agv2_confidence,1789453881.0796587,1789453881.0796587,0.6113
/camera/world/agv2_confidence,1789453881.116645,1789453881.116645,0.6137
/camera/world/agv1_confidence,1789453881.1166923,1789453881.1166923,0.6134
/camera/world/agv3_confidence,1789453881.1167765,1789453881.1167765,0.6112
/camera/world/agv2_confidence,1789453881.1444914,1789453881.1444914,0.6102
/camera/world/agv1_confidence,1789453881.1444936,1789453881.1444936,0.5899
/camera/world/agv3_confidence,1789453881.1447027,1789453881.1447027,0.6103
/camera/world/agv2_confidence,1789453881.1735144,1789453881.1735144,0.6132
/camera/world/agv1_confidence,1789453881.1735175,1789453881.1735175,0.6176
/camera/world/agv3_confidence,1789453881.1735706,1789453881.1735706,0.6121
/camera/world/agv1_confidence,1789453881.2138834,1789453881.2138834,0.6175
/camera/world/agv2_confidence,1789453881.2140377,1789453881.2140377,0.6112
/camera/world/agv3_confidence,1789453881.2140453,1789453881.2140453,0.6134
/camera/world/agv1_confidence,1789453881.249498,1789453881.249498,0.6083
/camera/world/agv2_confidence,1789453881.2496278,1789453881.2496278,0.6159
/camera/world/agv3_confidence,1789453881.2497094,1789453881.2497094,0.6136
/camera/world/agv1_confidence,1789453881.2772033,1789453881.2772033,0.617
/camera/world/agv2_confidence,1789453881.2773283,1789453881.2773283,0.6137
/camera/world/agv3_confidence,1789453881.2774014,1789453881.2774014,0.6147
/camera/world/agv2_confidence,1789453881.3101096,1789453881.3101096,0.589
/camera/world/agv3_confidence,1789453881.3101702,1789453881.3101702,0.6138
/camera/world/agv1_confidence,1789453881.3102744,1789453881.3102744,0.6168
/camera/world/agv1_confidence,1789453881.346079,1789453881.346079,0.6128
/camera/world/agv3_confidence,1789453881.3461564,1789453881.3461564,0.6142
/camera/world/agv2_confidence,1789453881.3461933,1789453881.3461933,0.6148
/camera/world/agv2_confidence,1789453881.381942,1789453881.381942,0.6124
/camera/world/agv1_confidence,1789453881.381975,1789453881.381975,0.6
/camera/world/agv3_confidence,1789453881.3821938,1789453881.3821938,0.6155
/camera/world/agv2_confidence,1789453881.4140022,1789453881.4140022,0.6159
/camera/world/agv1_confidence,1789453881.4140918,1789453881.4140918,0.6188
/camera/world/agv3_confidence,1789453881.4141676,1789453881.4141676,0.6157
/camera/world/agv3_confidence,1789453881.4476902,1789453881.4476902,0.6151
/camera/world/agv1_confidence,1789453881.4478505,1789453881.4478505,0.6145
/camera/world/agv2_confidence,1789453881.4479978,1789453881.4479978,0.61
/camera/world/agv1_confidence,1789453881.479194,1789453881.479194,0.6146
/camera/world/agv3_confidence,1789453881.4794505,1789453881.4794505,0.6144
/camera/world/agv2_confidence,1789453881.4795017,1789453881.4795017,0.6148
/camera/world/agv3_confidence,1789453881.5156322,1789453881.5156322,0.6133
/camera/world/agv2_confidence,1789453881.5156424,1789453881.5156424,0.6147
/camera/world/agv1_confidence,1789453881.5157363,1789453881.5157363,0.6134
/camera/world/agv1_confidence,1789453881.5461934,1789453881.5461934,0.6129
/camera/world/agv2_confidence,1789453881.5462437,1789453881.5462437,0.6135
/camera/world/agv3_confidence,1789453881.546436,1789453881.546436,0.6114
/camera/world/agv1_confidence,1789453881.5799692,1789453881.5799692,0.6127
/camera/world/agv2_confidence,1789453881.580149,1789453881.580149,0.6162
/camera/world/agv3_confidence,1789453881.5802498,1789453881.5802498,0.6111
/camera/world/agv1_confidence,1789453881.6107028,1789453881.6107028,0.6161
/camera/world/agv2_confidence,1789453881.6107447,1789453881.6107447,0.6157
/camera/world/agv3_confidence,1789453881.6107657,1789453881.6107657,0.6118
/camera/world/agv1_confidence,1789453881.6414645,1789453881.6414645,0.6182
/camera/world/agv2_confidence,1789453881.6414685,1789453881.6414685,0.6149
/camera/world/agv3_confidence,1789453881.641664,1789453881.641664,0.6117
/camera/world/agv2_confidence,1789453881.681717,1789453881.681717,0.6149
/camera/world/agv1_confidence,1789453881.681847,1789453881.681847,0.6141
/camera/world/agv3_confidence,1789453881.6818633,1789453881.6818633,0.6127
/camera/world/agv1_confidence,1789453881.7123952,1789453881.7123952,0.6127
/camera/world/agv2_confidence,1789453881.7124925,1789453881.7124925,0.6166
/camera/world/agv3_confidence,1789453881.712655,1789453881.712655,0.6133
/camera/world/agv1_confidence,1789453881.7434237,1789453881.7434237,0.6163
/camera/world/agv3_confidence,1789453881.7434256,1789453881.7434256,0.6135
/camera/world/agv2_confidence,1789453881.7434402,1789453881.7434402,0.6153
/camera/world/agv2_confidence,1789453881.775939,1789453881.775939,0.6154
/camera/world/agv3_confidence,1789453881.7760959,1789453881.7760959,0.6152
/camera/world/agv1_confidence,1789453881.7761111,1789453881.7761111,0.6131
/camera/world/agv3_confidence,1789453881.8099544,1789453881.8099544,0.6034
/camera/world/agv1_confidence,1789453881.8099945,1789453881.8099945,0.6141
/camera/world/agv2_confidence,1789453881.8100047,1789453881.8100047,0.6139
/camera/world/agv1_confidence,1789453881.8439367,1789453881.8439367,0.6074
/camera/world/agv2_confidence,1789453881.8440692,1789453881.8440692,0.6152
/camera/world/agv3_confidence,1789453881.844148,1789453881.844148,0.612
/camera/world/agv1_confidence,1789453881.875812,1789453881.875812,0.6122
/camera/world/agv3_confidence,1789453881.8762503,1789453881.8762503,0.6119
/camera/world/agv2_confidence,1789453881.8762705,1789453881.8762705,0.6161
/camera/world/agv1_confidence,1789453881.9161108,1789453881.9161108,0.6141
/camera/world/agv2_confidence,1789453881.9161813,1789453881.9161813,0.6154
/camera/world/agv3_confidence,1789453881.9164488,1789453881.9164488,0.6108
/camera/world/agv1_confidence,1789453881.9392734,1789453881.9392734,0.615
/camera/world/agv2_confidence,1789453881.939444,1789453881.939444,0.6165
/camera/world/agv3_confidence,1789453881.939499,1789453881.939499,0.6127
/camera/world/agv2_confidence,1789453881.9785109,1789453881.9785109,0.614
/camera/world/agv1_confidence,1789453881.9786558,1789453881.9786558,0.619
/camera/world/agv3_confidence,1789453881.9787698,1789453881.9787698,0.6145
/camera/world/agv1_confidence,1789453882.0107872,1789453882.0107872,0.6117
/camera/world/agv3_confidence,1789453882.0107977,1789453882.0107977,0.6157
/camera/world/agv2_confidence,1789453882.0108285,1789453882.0108285,0.6152
/camera/world/agv2_confidence,1789453882.0474865,1789453882.0474865,0.6154
/camera/world/agv1_confidence,1789453882.0475051,1789453882.0475051,0.6151
/camera/world/agv3_confidence,1789453882.0475318,1789453882.0475318,0.6154
/camera/world/agv3_confidence,1789453882.0829144,1789453882.0829144,0.6159
/camera/world/agv2_confidence,1789453882.0829246,1789453882.0829246,0.6167
/camera/world/agv1_confidence,1789453882.0830643,1789453882.0830643,0.6128
/camera/world/agv1_confidence,1789453882.1097388,1789453882.1097388,0.6073
/camera/world/agv2_confidence,1789453882.1098359,1789453882.1098359,0.6156
/camera/world/agv3_confidence,1789453882.1101139,1789453882.1101139,0.6145
/camera/world/agv2_confidence,1789453882.141974,1789453882.141974,0.6145
/camera/world/agv3_confidence,1789453882.142041,1789453882.142041,0.6123
/camera/world/agv1_confidence,1789453882.1421201,1789453882.1421201,0.6168
/camera/world/agv1_confidence,1789453882.176164,1789453882.176164,0.6125
/camera/world/agv2_confidence,1789453882.1761749,1789453882.1761749,0.6157
/camera/world/agv3_confidence,1789453882.1763418,1789453882.1763418,0.6134
/camera/world/agv1_confidence,1789453882.2117922,1789453882.2117922,0.6129
/camera/world/agv2_confidence,1789453882.211848,1789453882.211848,0.6126
/camera/world/agv3_confidence,1789453882.212076,1789453882.212076,0.6103
/camera/world/agv1_confidence,1789453882.2448719,1789453882.2448719,0.6159
/camera/world/agv2_confidence,1789453882.2450628,1789453882.2450628,0.6166
/camera/world/agv3_confidence,1789453882.245199,1789453882.245199,0.6129
/camera/world/agv1_confidence,1789453882.2766852,1789453882.2766852,0.6059
/camera/world/agv2_confidence,1789453882.277005,1789453882.277005,0.6162
/camera/world/agv3_confidence,1789453882.277016,1789453882.277016,0.6123
/camera/world/agv1_confidence,1789453882.3165734,1789453882.3165734,0.6141
/camera/world/agv2_confidence,1789453882.3165762,1789453882.3165762,0.6141
/camera/world/agv3_confidence,1789453882.3167787,1789453882.3167787,0.6131
/camera/world/agv2_confidence,1789453882.34611,1789453882.34611,0.6159
/camera/world/agv1_confidence,1789453882.346113,1789453882.346113,0.6129
/camera/world/agv3_confidence,1789453882.3461888,1789453882.3461888,0.6135
/camera/world/agv1_confidence,1789453882.3776863,1789453882.3776863,0.588
/camera/world/agv2_confidence,1789453882.377791,1789453882.377791,0.6154
/camera/world/agv3_confidence,1789453882.3780012,1789453882.3780012,0.6134
/camera/world/agv1_confidence,1789453882.4118443,1789453882.4118443,0.6117
/camera/world/agv2_confidence,1789453882.411983,1789453882.411983,0.6144
/camera/world/agv3_confidence,1789453882.4120748,1789453882.4120748,0.6132
/camera/world/agv1_confidence,1789453882.443612,1789453882.443612,0.6085
/camera/world/agv3_confidence,1789453882.4436653,1789453882.4436653,0.613
/camera/world/agv2_confidence,1789453882.4437037,1789453882.4437037,0.6145
/camera/world/agv3_confidence,1789453882.4761143,1789453882.4761143,0.6148
/camera/world/agv1_confidence,1789453882.4761357,1789453882.4761357,0.6077
/camera/world/agv2_confidence,1789453882.4761586,1789453882.4761586,0.6144
/camera/world/agv2_confidence,1789453882.5118732,1789453882.5118732,0.6146
/camera/world/agv1_confidence,1789453882.5118964,1789453882.5118964,0.6129
/camera/world/agv3_confidence,1789453882.5119066,1789453882.5119066,0.6138
/camera/world/agv1_confidence,1789453882.5440476,1789453882.5440476,0.6082
/camera/world/agv3_confidence,1789453882.544051,1789453882.544051,0.6142
/camera/world/agv2_confidence,1789453882.544101,1789453882.544101,0.6157
/camera/world/agv3_confidence,1789453882.5768254,1789453882.5768254,0.6147
/camera/world/agv1_confidence,1789453882.576827,1789453882.576827,0.6166
/camera/world/agv2_confidence,1789453882.5768468,1789453882.5768468,0.616
/camera/world/agv1_confidence,1789453882.623091,1789453882.623091,0.6097
/camera/world/agv3_confidence,1789453882.6231165,1789453882.6231165,0.6152
/camera/world/agv2_confidence,1789453882.6231425,1789453882.6231425,0.6152
/camera/world/agv3_confidence,1789453882.6417854,1789453882.6417854,0.6158
/camera/world/agv2_confidence,1789453882.6418242,1789453882.6418242,0.6161
/camera/world/agv1_confidence,1789453882.6419766,1789453882.6419766,0.6129
/camera/world/agv1_confidence,1789453882.6758306,1789453882.6758306,0.6108
/camera/world/agv3_confidence,1789453882.6758525,1789453882.6758525,0.6165
/camera/world/agv2_confidence,1789453882.6758614,1789453882.6758614,0.6155
/camera/world/agv1_confidence,1789453882.7156866,1789453882.7156866,0.6107
/camera/world/agv3_confidence,1789453882.7157393,1789453882.7157393,0.6156
/camera/world/agv2_confidence,1789453882.7158055,1789453882.7158055,0.6176
/camera/world/agv3_confidence,1789453882.7461262,1789453882.7461262,0.6149
/camera/world/agv1_confidence,1789453882.7461445,1789453882.7461445,0.6118
/camera/world/agv2_confidence,1789453882.7461915,1789453882.7461915,0.6169
/camera/world/agv2_confidence,1789453882.778194,1789453882.778194,0.616
/camera/world/agv3_confidence,1789453882.778404,1789453882.778404,0.6142
/camera/world/agv1_confidence,1789453882.7784204,1789453882.7784204,0.6113
/camera/world/agv2_confidence,1789453882.813408,1789453882.813408,0.6162
/camera/world/agv1_confidence,1789453882.8134136,1789453882.8134136,0.6124
/camera/world/agv3_confidence,1789453882.8134232,1789453882.8134232,0.6149
/camera/world/agv1_confidence,1789453882.8402784,1789453882.8402784,0.6094
/camera/world/agv2_confidence,1789453882.8402827,1789453882.8402827,0.6179
/camera/world/agv3_confidence,1789453882.840344,1789453882.840344,0.6158
/camera/world/agv2_confidence,1789453882.8732343,1789453882.8732343,0.6155
/camera/world/agv1_confidence,1789453882.8734033,1789453882.8734033,0.6119
/camera/world/agv3_confidence,1789453882.8734488,1789453882.8734488,0.6162
/camera/world/agv1_confidence,1789453882.909652,1789453882.909652,0.6113
/camera/world/agv2_confidence,1789453882.9099586,1789453882.9099586,0.6153
/camera/world/agv3_confidence,1789453882.909964,1789453882.909964,0.6157
/camera/world/agv1_confidence,1789453882.9494605,1789453882.9494605,0.6109
/camera/world/agv2_confidence,1789453882.9497273,1789453882.9497273,0.6171
/camera/world/agv3_confidence,1789453882.9498494,1789453882.9498494,0.614
/camera/world/agv1_confidence,1789453882.9824364,1789453882.9824364,0.6088
/camera/world/agv2_confidence,1789453882.982468,1789453882.982468,0.612
/camera/world/agv3_confidence,1789453882.982701,1789453882.982701,0.614
/camera/world/agv1_confidence,1789453883.014579,1789453883.014579,0.611
/camera/world/agv2_confidence,1789453883.0147002,1789453883.0147002,0.6176
/camera/world/agv3_confidence,1789453883.0148017,1789453883.0148017,0.6134
/camera/world/agv1_confidence,1789453883.0473485,1789453883.0473485,0.6147
/camera/world/agv3_confidence,1789453883.04736,1789453883.04736,0.6131
/camera/world/agv2_confidence,1789453883.0475311,1789453883.0475311,0.6147
/camera/world/agv1_confidence,1789453883.0844812,1789453883.0844812,0.6124
/camera/world/agv3_confidence,1789453883.0845659,1789453883.0845659,0.6135
/camera/world/agv2_confidence,1789453883.0845816,1789453883.0845816,0.6109
/camera/world/agv1_confidence,1789453883.1170003,1789453883.1170003,0.6115
/camera/world/agv2_confidence,1789453883.117093,1789453883.117093,0.6164
/camera/world/agv3_confidence,1789453883.1170974,1789453883.1170974,0.6145
/camera/world/agv1_confidence,1789453883.1426642,1789453883.1426642,0.6116
/camera/world/agv2_confidence,1789453883.14285,1789453883.14285,0.6142
/camera/world/agv3_confidence,1789453883.1428704,1789453883.1428704,0.6172
/camera/world/agv1_confidence,1789453883.1851888,1789453883.1851888,0.5591
/camera/world/agv3_confidence,1789453883.1852067,1789453883.1852067,0.6162
/camera/world/agv2_confidence,1789453883.1852098,1789453883.1852098,0.6116
/camera/world/agv3_confidence,1789453883.2124176,1789453883.2124176,0.6166
/camera/world/agv1_confidence,1789453883.212426,1789453883.212426,0.6136
/camera/world/agv2_confidence,1789453883.21256,1789453883.21256,0.6165
/camera/world/agv2_confidence,1789453883.2448084,1789453883.2448084,0.6168
/camera/world/agv1_confidence,1789453883.2448165,1789453883.2448165,0.5845
/camera/world/agv3_confidence,1789453883.2448456,1789453883.2448456,0.6164
/camera/world/agv1_confidence,1789453883.2776916,1789453883.2776916,0.6122
/camera/world/agv3_confidence,1789453883.2778609,1789453883.2778609,0.6162
/camera/world/agv2_confidence,1789453883.2779777,1789453883.2779777,0.616
/camera/world/agv1_confidence,1789453883.3100114,1789453883.3100114,0.6126
/camera/world/agv3_confidence,1789453883.3100176,1789453883.3100176,0.6164
/camera/world/agv2_confidence,1789453883.3100204,1789453883.3100204,0.6171
/camera/world/agv1_confidence,1789453883.3419313,1789453883.3419313,0.6103
/camera/world/agv3_confidence,1789453883.341935,1789453883.341935,0.6168
/camera/world/agv2_confidence,1789453883.3419373,1789453883.3419373,0.6067
/camera/world/agv1_confidence,1789453883.3816478,1789453883.3816478,0.6138
/camera/world/agv3_confidence,1789453883.3816807,1789453883.3816807,0.616
/camera/world/agv2_confidence,1789453883.3817189,1789453883.3817189,0.6161
/camera/world/agv1_confidence,1789453883.417818,1789453883.417818,0.5853
/camera/world/agv2_confidence,1789453883.4180684,1789453883.4180684,0.6166
/camera/world/agv3_confidence,1789453883.4182868,1789453883.4182868,0.615
/camera/world/agv1_confidence,1789453883.446109,1789453883.446109,0.6109
/camera/world/agv3_confidence,1789453883.4461963,1789453883.4461963,0.6146
/camera/world/agv2_confidence,1789453883.4462397,1789453883.4462397,0.6171
/camera/world/agv2_confidence,1789453883.4803429,1789453883.4803429,0.617
/camera/world/agv1_confidence,1789453883.4803689,1789453883.4803689,0.6089
/camera/world/agv3_confidence,1789453883.4804935,1789453883.4804935,0.6163
/camera/world/agv1_confidence,1789453883.5116353,1789453883.5116353,0.6156
/camera/world/agv2_confidence,1789453883.5116735,1789453883.5116735,0.6162
/camera/world/agv3_confidence,1789453883.5117178,1789453883.5117178,0.616
/camera/world/agv1_confidence,1789453883.5485785,1789453883.5485785,0.6081
/camera/world/agv2_confidence,1789453883.5486066,1789453883.5486066,0.6163
/camera/world/agv3_confidence,1789453883.5486877,1789453883.5486877,0.6179
/camera/world/agv2_confidence,1789453883.5833962,1789453883.5833962,0.6166
/camera/world/agv3_confidence,1789453883.5835407,1789453883.5835407,0.6164
/camera/world/agv1_confidence,1789453883.58355,1789453883.58355,0.6108
/camera/world/agv1_confidence,1789453883.6168778,1789453883.6168778,0.612
/camera/world/agv3_confidence,1789453883.6171112,1789453883.6171112,0.6123
/camera/world/agv2_confidence,1789453883.6173296,1789453883.6173296,0.6178
/camera/world/agv1_confidence,1789453883.6507654,1789453883.6507654,0.6085
/camera/world/agv3_confidence,1789453883.6509204,1789453883.6509204,0.6122
/camera/world/agv2_confidence,1789453883.6509228,1789453883.6509228,0.6142
/camera/world/agv2_confidence,1789453883.6781054,1789453883.6781054,0.6168
/camera/world/agv1_confidence,1789453883.67818,1789453883.67818,0.6085
/camera/world/agv3_confidence,1789453883.6783779,1789453883.6783779,0.6158
/camera/world/agv3_confidence,1789453883.7113512,1789453883.7113512,0.6169
/camera/world/agv1_confidence,1789453883.7113853,1789453883.7113853,0.6126
/camera/world/agv2_confidence,1789453883.7114556,1789453883.7114556,0.6146
/camera/world/agv1_confidence,1789453883.7517684,1789453883.7517684,0.6083
/camera/world/agv3_confidence,1789453883.7518954,1789453883.7518954,0.6173
/camera/world/agv2_confidence,1789453883.752029,1789453883.752029,0.6163
/camera/world/agv1_confidence,1789453883.7802415,1789453883.7802415,0.6092
/camera/world/agv2_confidence,1789453883.7804039,1789453883.7804039,0.6103
/camera/world/agv3_confidence,1789453883.7805305,1789453883.7805305,0.6169
/camera/world/agv1_confidence,1789453883.8131852,1789453883.8131852,0.6069
/camera/world/agv2_confidence,1789453883.8134334,1789453883.8134334,0.6173
/camera/world/agv3_confidence,1789453883.8135974,1789453883.8135974,0.6174
/camera/world/agv1_confidence,1789453883.846331,1789453883.846331,0.5786
/camera/world/agv3_confidence,1789453883.846382,1789453883.846382,0.6174
/camera/world/agv2_confidence,1789453883.8464034,1789453883.8464034,0.6157
/camera/world/agv2_confidence,1789453883.8762956,1789453883.8762956,0.6148
/camera/world/agv1_confidence,1789453883.876458,1789453883.876458,0.6104
/camera/world/agv3_confidence,1789453883.8768003,1789453883.8768003,0.6153
/camera/world/agv1_confidence,1789453883.9094563,1789453883.9094563,0.6071
/camera/world/agv3_confidence,1789453883.909702,1789453883.909702,0.6137
/camera/world/agv2_confidence,1789453883.90973,1789453883.90973,0.6167
/camera/world/agv1_confidence,1789453883.9465153,1789453883.9465153,0.6082
/camera/world/agv3_confidence,1789453883.9467244,1789453883.9467244,0.6167
/camera/world/agv2_confidence,1789453883.9468124,1789453883.9468124,0.6155
/camera/world/agv3_confidence,1789453883.9847858,1789453883.9847858,0.6166
/camera/world/agv2_confidence,1789453883.9848247,1789453883.9848247,0.6149
/camera/world/agv1_confidence,1789453883.9848347,1789453883.9848347,0.6065
/camera/world/agv1_confidence,1789453884.0120115,1789453884.0120115,0.586
/camera/world/agv3_confidence,1789453884.0122728,1789453884.0122728,0.6168
/camera/world/agv2_confidence,1789453884.0122979,1789453884.0122979,0.6148
/camera/world/agv1_confidence,1789453884.045753,1789453884.045753,0.6134
/camera/world/agv2_confidence,1789453884.0458817,1789453884.0458817,0.6138
/camera/world/agv3_confidence,1789453884.0461745,1789453884.0461745,0.5955
/camera/world/agv1_confidence,1789453884.0775976,1789453884.0775976,0.6063
/camera/world/agv2_confidence,1789453884.0778034,1789453884.0778034,0.615
/camera/world/agv3_confidence,1789453884.07783,1789453884.07783,0.6181
/camera/world/agv3_confidence,1789453884.111332,1789453884.111332,0.6182
/camera/world/agv1_confidence,1789453884.111557,1789453884.111557,0.6127
/camera/world/agv2_confidence,1789453884.1116352,1789453884.1116352,0.6177
/camera/world/agv1_confidence,1789453884.1488578,1789453884.1488578,0.6019
/camera/world/agv2_confidence,1789453884.1491315,1789453884.1491315,0.6174
/camera/world/agv3_confidence,1789453884.1492026,1789453884.1492026,0.6119
/camera/world/agv1_confidence,1789453884.1825466,1789453884.1825466,0.6065
/camera/world/agv3_confidence,1789453884.182743,1789453884.182743,0.6167
/camera/world/agv2_confidence,1789453884.1827695,1789453884.1827695,0.6165
/camera/world/agv1_confidence,1789453884.2151008,1789453884.2151008,0.6079
/camera/world/agv3_confidence,1789453884.2153733,1789453884.2153733,0.6181
/camera/world/agv2_confidence,1789453884.215451,1789453884.215451,0.6157
/camera/world/agv1_confidence,1789453884.2455907,1789453884.2455907,0.6083
/camera/world/agv2_confidence,1789453884.2458556,1789453884.2458556,0.61
/camera/world/agv3_confidence,1789453884.246039,1789453884.246039,0.6178
/camera/world/agv1_confidence,1789453884.281109,1789453884.281109,0.6055
/camera/world/agv3_confidence,1789453884.2815504,1789453884.2815504,0.618
/camera/world/agv2_confidence,1789453884.2815862,1789453884.2815862,0.6176
/camera/world/agv1_confidence,1789453884.3147318,1789453884.3147318,0.6118
/camera/world/agv2_confidence,1789453884.314844,1789453884.314844,0.6153
/camera/world/agv3_confidence,1789453884.3150406,1789453884.3150406,0.6158
/camera/world/agv2_confidence,1789453884.3470323,1789453884.3470323,0.6118
/camera/world/agv1_confidence,1789453884.3470423,1789453884.3470423,0.5779
/camera/world/agv3_confidence,1789453884.3473601,1789453884.3473601,0.6157
/camera/world/agv1_confidence,1789453884.3831067,1789453884.3831067,0.6073
/camera/world/agv2_confidence,1789453884.3831556,1789453884.3831556,0.6132
/camera/world/agv3_confidence,1789453884.3834677,1789453884.3834677,0.617
/camera/world/agv1_confidence,1789453884.4096482,1789453884.4096482,0.6062
/camera/world/agv3_confidence,1789453884.4097009,1789453884.4097009,0.6166
/camera/world/agv2_confidence,1789453884.4097598,1789453884.4097598,0.6158
/camera/world/agv3_confidence,1789453884.4401574,1789453884.4401574,0.6187
/camera/world/agv2_confidence,1789453884.440254,1789453884.440254,0.6155
/camera/world/agv1_confidence,1789453884.4402869,1789453884.4402869,0.6056
/camera/world/agv2_confidence,1789453884.4742775,1789453884.4742775,0.6151
/camera/world/agv1_confidence,1789453884.4743087,1789453884.4743087,0.6089
/camera/world/agv3_confidence,1789453884.4745688,1789453884.4745688,0.6172
/camera/world/agv2_confidence,1789453884.5118303,1789453884.5118303,0.6166
/camera/world/agv3_confidence,1789453884.5118911,1789453884.5118911,0.6166
/camera/world/agv1_confidence,1789453884.5119815,1789453884.5119815,0.6044
/camera/world/agv2_confidence,1789453884.545168,1789453884.545168,0.6159
/camera/world/agv1_confidence,1789453884.5451767,1789453884.5451767,0.6044
/camera/world/agv3_confidence,1789453884.5455308,1789453884.5455308,0.6162
/camera/world/agv1_confidence,1789453884.5778346,1789453884.5778346,0.6049
/camera/world/agv2_confidence,1789453884.5780108,1789453884.5780108,0.6128
/camera/world/agv3_confidence,1789453884.578237,1789453884.578237,0.6187
/camera/world/agv2_confidence,1789453884.6181786,1789453884.6181786,0.6117
/camera/world/agv1_confidence,1789453884.6182857,1789453884.6182857,0.5829
/camera/world/agv3_confidence,1789453884.6184206,1789453884.6184206,0.6166
/camera/world/agv1_confidence,1789453884.649592,1789453884.649592,0.61
/camera/world/agv2_confidence,1789453884.649736,1789453884.649736,0.6145
/camera/world/agv3_confidence,1789453884.6498523,1789453884.6498523,0.6142
/camera/world/agv1_confidence,1789453884.6834135,1789453884.6834135,0.6075
/camera/world/agv3_confidence,1789453884.6834388,1789453884.6834388,0.6174
/camera/world/agv2_confidence,1789453884.683462,1789453884.683462,0.6122
/camera/world/agv1_confidence,1789453884.710169,1789453884.710169,0.5749
/camera/world/agv3_confidence,1789453884.7101963,1789453884.7101963,0.6187
/camera/world/agv2_confidence,1789453884.7102509,1789453884.7102509,0.6139
/camera/world/agv1_confidence,1789453884.7446346,1789453884.7446346,0.6034
/camera/world/agv2_confidence,1789453884.7446723,1789453884.7446723,0.6113
/camera/world/agv3_confidence,1789453884.7447302,1789453884.7447302,0.6185
/camera/world/agv2_confidence,1789453884.7769277,1789453884.7769277,0.6174
/camera/world/agv1_confidence,1789453884.7770028,1789453884.7770028,0.6016
/camera/world/agv3_confidence,1789453884.7771637,1789453884.7771637,0.6175
/camera/world/agv2_confidence,1789453884.807041,1789453884.807041,0.6146
/camera/world/agv1_confidence,1789453884.8070996,1789453884.8070996,0.6017
/camera/world/agv3_confidence,1789453884.8072653,1789453884.8072653,0.6165
/camera/world/agv1_confidence,1789453884.8469298,1789453884.8469298,0.6088
/camera/world/agv2_confidence,1789453884.84717,1789453884.84717,0.6117
/camera/world/agv3_confidence,1789453884.847356,1789453884.847356,0.6175
/camera/world/agv1_confidence,1789453884.8789191,1789453884.8789191,0.6041
/camera/world/agv2_confidence,1789453884.8789644,1789453884.8789644,0.6137
/camera/world/agv3_confidence,1789453884.8790324,1789453884.8790324,0.6172
/camera/world/agv3_confidence,1789453884.9087172,1789453884.9087172,0.6175
/camera/world/agv1_confidence,1789453884.9087372,1789453884.9087372,0.6098
/camera/world/agv2_confidence,1789453884.9087768,1789453884.9087768,0.6147
/camera/world/agv1_confidence,1789453884.9523537,1789453884.9523537,0.6011
/camera/world/agv3_confidence,1789453884.9524279,1789453884.9524279,0.6147
/camera/world/agv2_confidence,1789453884.9524467,1789453884.9524467,0.6156
/camera/world/agv1_confidence,1789453884.9803843,1789453884.9803843,0.6095
/camera/world/agv2_confidence,1789453884.9805453,1789453884.9805453,0.6161
/camera/world/agv3_confidence,1789453884.9805498,1789453884.9805498,0.6163
/camera/world/agv2_confidence,1789453885.0168428,1789453885.0168428,0.6165
/camera/world/agv1_confidence,1789453885.0169199,1789453885.0169199,0.557
/camera/world/agv3_confidence,1789453885.0169399,1789453885.0169399,0.6178
/camera/world/agv1_confidence,1789453885.043625,1789453885.043625,0.6079
/camera/world/agv2_confidence,1789453885.0436916,1789453885.0436916,0.6151
/camera/world/agv3_confidence,1789453885.043749,1789453885.043749,0.6156
/camera/world/agv1_confidence,1789453885.0802932,1789453885.0802932,0.604
/camera/world/agv2_confidence,1789453885.0805871,1789453885.0805871,0.6137
/camera/world/agv3_confidence,1789453885.0806258,1789453885.0806258,0.6178
/camera/world/agv1_confidence,1789453885.111041,1789453885.111041,0.6035
/camera/world/agv2_confidence,1789453885.111055,1789453885.111055,0.6123
/camera/world/agv3_confidence,1789453885.1112733,1789453885.1112733,0.6155
/camera/world/agv1_confidence,1789453885.1437488,1789453885.1437488,0.5957
/camera/world/agv3_confidence,1789453885.144131,1789453885.144131,0.6146
/camera/world/agv2_confidence,1789453885.144182,1789453885.144182,0.6146
/camera/world/agv2_confidence,1789453885.1769087,1789453885.1769087,0.6158
/camera/world/agv3_confidence,1789453885.176949,1789453885.176949,0.6162
/camera/world/agv1_confidence,1789453885.177006,1789453885.177006,0.5853
/camera/world/agv2_confidence,1789453885.2135499,1789453885.2135499,0.6138
/camera/world/agv1_confidence,1789453885.2135777,1789453885.2135777,0.6058
/camera/world/agv3_confidence,1789453885.2137911,1789453885.2137911,0.6162
/camera/world/agv2_confidence,1789453885.2430866,1789453885.2430866,0.6159
/camera/world/agv3_confidence,1789453885.2432065,1789453885.2432065,0.6206
/camera/world/agv1_confidence,1789453885.2433429,1789453885.2433429,0.5999
/camera/world/agv1_confidence,1789453885.2754295,1789453885.2754295,0.591
/camera/world/agv3_confidence,1789453885.275606,1789453885.275606,0.616
/camera/world/agv2_confidence,1789453885.275675,1789453885.275675,0.613
/camera/world/agv1_confidence,1789453885.3116908,1789453885.3116908,0.5842
/camera/world/agv3_confidence,1789453885.311872,1789453885.311872,0.6168
/camera/world/agv2_confidence,1789453885.3120906,1789453885.3120906,0.6122
/camera/world/agv2_confidence,1789453885.347026,1789453885.347026,0.6138
/camera/world/agv1_confidence,1789453885.3470562,1789453885.3470562,0.6078
/camera/world/agv3_confidence,1789453885.3471386,1789453885.3471386,0.618
/camera/world/agv1_confidence,1789453885.378008,1789453885.378008,0.5805
/camera/world/agv3_confidence,1789453885.3780348,1789453885.3780348,0.6165
/camera/world/agv2_confidence,1789453885.3780508,1789453885.3780508,0.6145
/camera/world/agv3_confidence,1789453885.4074697,1789453885.4074697,0.6164
/camera/world/agv1_confidence,1789453885.4074895,1789453885.4074895,0.6075
/camera/world/agv2_confidence,1789453885.407495,1789453885.407495,0.6126
/camera/world/agv1_confidence,1789453885.4429111,1789453885.4429111,0.5973
/camera/world/agv3_confidence,1789453885.4429488,1789453885.4429488,0.6185
/camera/world/agv2_confidence,1789453885.4429588,1789453885.4429588,0.6133
/camera/world/agv1_confidence,1789453885.475185,1789453885.475185,0.5933
/camera/world/agv2_confidence,1789453885.4753876,1789453885.4753876,0.6138
/camera/world/agv3_confidence,1789453885.4754152,1789453885.4754152,0.6187
/camera/world/agv1_confidence,1789453885.5139616,1789453885.5139616,0.6044
/camera/world/agv3_confidence,1789453885.51399,1789453885.51399,0.6186
/camera/world/agv2_confidence,1789453885.5140114,1789453885.5140114,0.6152
/camera/world/agv3_confidence,1789453885.5409832,1789453885.5409832,0.6167
/camera/world/agv1_confidence,1789453885.5411026,1789453885.5411026,0.6067
/camera/world/agv2_confidence,1789453885.5411837,1789453885.5411837,0.5837
/camera/world/agv2_confidence,1789453885.580506,1789453885.580506,0.6138
/camera/world/agv1_confidence,1789453885.5805113,1789453885.5805113,0.562
/camera/world/agv3_confidence,1789453885.5808017,1789453885.5808017,0.6161
/camera/world/agv2_confidence,1789453885.6120224,1789453885.6120224,0.6162
/camera/world/agv1_confidence,1789453885.6121054,1789453885.6121054,0.5924
/camera/world/agv3_confidence,1789453885.6122394,1789453885.6122394,0.6158
/camera/world/agv2_confidence,1789453885.6457562,1789453885.6457562,0.6157
/camera/world/agv3_confidence,1789453885.645765,1789453885.645765,0.6178
/camera/world/agv1_confidence,1789453885.6457942,1789453885.6457942,0.5959
/camera/world/agv1_confidence,1789453885.677491,1789453885.677491,0.5567
/camera/world/agv2_confidence,1789453885.6777585,1789453885.6777585,0.6149
/camera/world/agv3_confidence,1789453885.6779025,1789453885.6779025,0.6173
/camera/world/agv3_confidence,1789453885.7134018,1789453885.7134018,0.6179
/camera/world/agv2_confidence,1789453885.7134433,1789453885.7134433,0.6101
/camera/world/agv1_confidence,1789453885.713497,1789453885.713497,0.6018
/camera/world/agv1_confidence,1789453885.7446775,1789453885.7446775,0.6021
/camera/world/agv3_confidence,1789453885.7447193,1789453885.7447193,0.6152
/camera/world/agv2_confidence,1789453885.7447264,1789453885.7447264,0.6095
/camera/world/agv2_confidence,1789453885.7737658,1789453885.7737658,0.6136
/camera/world/agv3_confidence,1789453885.7738345,1789453885.7738345,0.6185
/camera/world/agv1_confidence,1789453885.773886,1789453885.773886,0.5975
/camera/world/agv3_confidence,1789453885.816634,1789453885.816634,0.6145
/camera/world/agv2_confidence,1789453885.8166492,1789453885.8166492,0.5882
/camera/world/agv1_confidence,1789453885.8166778,1789453885.8166778,0.6012
/camera/world/agv1_confidence,1789453885.8496697,1789453885.8496697,0.5989
/camera/world/agv3_confidence,1789453885.8496718,1789453885.8496718,0.6161
/camera/world/agv2_confidence,1789453885.8497314,1789453885.8497314,0.6131
/camera/world/agv1_confidence,1789453885.8823357,1789453885.8823357,0.6014
/camera/world/agv2_confidence,1789453885.882527,1789453885.882527,0.6131
/camera/world/agv3_confidence,1789453885.8827252,1789453885.8827252,0.6183
/camera/world/agv2_confidence,1789453885.9141366,1789453885.9141366,0.6137
/camera/world/agv1_confidence,1789453885.9141507,1789453885.9141507,0.6007
/camera/world/agv3_confidence,1789453885.914371,1789453885.914371,0.6189
/camera/world/agv3_confidence,1789453885.9495432,1789453885.9495432,0.6161
/camera/world/agv2_confidence,1789453885.9495606,1789453885.9495606,0.616
/camera/world/agv1_confidence,1789453885.949702,1789453885.949702,0.5978
/camera/world/agv3_confidence,1789453885.980289,1789453885.980289,0.6156
/camera/world/agv1_confidence,1789453885.9802983,1789453885.9802983,0.5884
/camera/world/agv2_confidence,1789453885.980317,1789453885.980317,0.5882
/camera/world/agv2_confidence,1789453886.0165946,1789453886.0165946,0.6126
/camera/world/agv1_confidence,1789453886.0166223,1789453886.0166223,0.5794
/camera/world/agv3_confidence,1789453886.0168529,1789453886.0168529,0.6141
/camera/world/agv1_confidence,1789453886.0420666,1789453886.0420666,0.5974
/camera/world/agv2_confidence,1789453886.0423658,1789453886.0423658,0.6129
/camera/world/agv3_confidence,1789453886.0424192,1789453886.0424192,0.6182
/camera/world/agv3_confidence,1789453886.0790188,1789453886.0790188,0.6175
/camera/world/agv1_confidence,1789453886.0790274,1789453886.0790274,0.5987
/camera/world/agv2_confidence,1789453886.0790377,1789453886.0790377,0.6146
/camera/world/agv2_confidence,1789453886.1116917,1789453886.1116917,0.6156
/camera/world/agv3_confidence,1789453886.111754,1789453886.111754,0.6181
/camera/world/agv1_confidence,1789453886.111804,1789453886.111804,0.599
/camera/world/agv1_confidence,1789453886.157791,1789453886.157791,0.5986
/camera/world/agv3_confidence,1789453886.158094,1789453886.158094,0.6184
/camera/world/agv2_confidence,1789453886.1581051,1789453886.1581051,0.6126
/camera/world/agv1_confidence,1789453886.178722,1789453886.178722,0.5974
/camera/world/agv2_confidence,1789453886.1787343,1789453886.1787343,0.613
/camera/world/agv3_confidence,1789453886.1788075,1789453886.1788075,0.6201
/camera/world/agv1_confidence,1789453886.216863,1789453886.216863,0.592
/camera/world/agv2_confidence,1789453886.216938,1789453886.216938,0.616
/camera/world/agv3_confidence,1789453886.2170832,1789453886.2170832,0.615
/camera/world/agv2_confidence,1789453886.2487955,1789453886.2487955,0.6142
/camera/world/agv3_confidence,1789453886.2488968,1789453886.2488968,0.6183
/camera/world/agv1_confidence,1789453886.2490282,1789453886.2490282,0.6034
/camera/world/agv1_confidence,1789453886.272697,1789453886.272697,0.5742
/camera/world/agv3_confidence,1789453886.272998,1789453886.272998,0.6182
/camera/world/agv2_confidence,1789453886.273011,1789453886.273011,0.6149
/camera/world/agv2_confidence,1789453886.3081996,1789453886.3081996,0.6142
/camera/world/agv3_confidence,1789453886.3082445,1789453886.3082445,0.617
/camera/world/agv1_confidence,1789453886.3083217,1789453886.3083217,0.5796
/camera/world/agv1_confidence,1789453886.3429153,1789453886.3429153,0.574
/camera/world/agv2_confidence,1789453886.3429341,1789453886.3429341,0.6141
/camera/world/agv3_confidence,1789453886.343179,1789453886.343179,0.6155
/camera/world/agv1_confidence,1789453886.3752258,1789453886.3752258,0.5704
/camera/world/agv2_confidence,1789453886.3754218,1789453886.3754218,0.612
/camera/world/agv3_confidence,1789453886.3755364,1789453886.3755364,0.6176
/camera/world/agv3_confidence,1789453886.4055605,1789453886.4055605,0.6171
/camera/world/agv1_confidence,1789453886.4055717,1789453886.4055717,0.5943
/camera/world/agv2_confidence,1789453886.405696,1789453886.405696,0.6116
/camera/world/agv1_confidence,1789453886.442762,1789453886.442762,0.5948
/camera/world/agv2_confidence,1789453886.4427645,1789453886.4427645,0.6109
/camera/world/agv3_confidence,1789453886.4429362,1789453886.4429362,0.6181
/camera/world/agv1_confidence,1789453886.475325,1789453886.475325,0.5828
/camera/world/agv3_confidence,1789453886.4753673,1789453886.4753673,0.619
/camera/world/agv2_confidence,1789453886.475379,1789453886.475379,0.6103
/camera/world/agv3_confidence,1789453886.5146,1789453886.5146,0.6172
/camera/world/agv2_confidence,1789453886.5146236,1789453886.5146236,0.6118
/camera/world/agv1_confidence,1789453886.5146275,1789453886.5146275,0.5965
/camera/world/agv1_confidence,1789453886.5448866,1789453886.5448866,0.5746
/camera/world/agv2_confidence,1789453886.5449753,1789453886.5449753,0.5819
/camera/world/agv3_confidence,1789453886.545248,1789453886.545248,0.617
/camera/world/agv1_confidence,1789453886.57582,1789453886.57582,0.5818
/camera/world/agv2_confidence,1789453886.5758593,1789453886.5758593,0.6138
/camera/world/agv3_confidence,1789453886.5760398,1789453886.5760398,0.6173
/camera/world/agv1_confidence,1789453886.6059704,1789453886.6059704,0.572
/camera/world/agv3_confidence,1789453886.6061795,1789453886.6061795,0.6187
/camera/world/agv2_confidence,1789453886.6062143,1789453886.6062143,0.6118
/camera/world/agv3_confidence,1789453886.6488276,1789453886.6488276,0.6138
/camera/world/agv2_confidence,1789453886.6488388,1789453886.6488388,0.6124
/camera/world/agv1_confidence,1789453886.6488943,1789453886.6488943,0.5899
/camera/world/agv1_confidence,1789453886.6782093,1789453886.6782093,0.585
/camera/world/agv3_confidence,1789453886.6782627,1789453886.6782627,0.6169
/camera/world/agv2_confidence,1789453886.6783042,1789453886.6783042,0.6111
/camera/world/agv1_confidence,1789453886.710647,1789453886.710647,0.5887
/camera/world/agv3_confidence,1789453886.7106786,1789453886.7106786,0.6152
/camera/world/agv2_confidence,1789453886.71069,1789453886.71069,0.6111
/camera/world/agv2_confidence,1789453886.7503102,1789453886.7503102,0.6121
/camera/world/agv1_confidence,1789453886.750332,1789453886.750332,0.5848
/camera/world/agv3_confidence,1789453886.7506595,1789453886.7506595,0.6174
/camera/world/agv2_confidence,1789453886.780915,1789453886.780915,0.6099
/camera/world/agv1_confidence,1789453886.780927,1789453886.780927,0.5688
/camera/world/agv3_confidence,1789453886.7809885,1789453886.7809885,0.619
/camera/world/agv3_confidence,1789453886.8127317,1789453886.8127317,0.6144
/camera/world/agv2_confidence,1789453886.8127637,1789453886.8127637,0.6101
/camera/world/agv1_confidence,1789453886.8128884,1789453886.8128884,0.5693
/camera/world/agv1_confidence,1789453886.8464832,1789453886.8464832,0.5847
/camera/world/agv3_confidence,1789453886.8467412,1789453886.8467412,0.6138
/camera/world/agv2_confidence,1789453886.8467526,1789453886.8467526,0.613
/camera/world/agv1_confidence,1789453886.8836567,1789453886.8836567,0.5948
/camera/world/agv2_confidence,1789453886.8837872,1789453886.8837872,0.5769
/camera/world/agv3_confidence,1789453886.8839073,1789453886.8839073,0.6189
/camera/world/agv1_confidence,1789453886.913633,1789453886.913633,0.5634
/camera/world/agv2_confidence,1789453886.913669,1789453886.913669,0.6114
/camera/world/agv3_confidence,1789453886.9138067,1789453886.9138067,0.6162
/camera/world/agv1_confidence,1789453886.9462304,1789453886.9462304,0.5936
/camera/world/agv2_confidence,1789453886.9464478,1789453886.9464478,0.6127
/camera/world/agv3_confidence,1789453886.9467556,1789453886.9467556,0.6135
/camera/world/agv1_confidence,1789453886.9745047,1789453886.9745047,0.5944
/camera/world/agv2_confidence,1789453886.9745343,1789453886.9745343,0.6121
/camera/world/agv3_confidence,1789453886.9748273,1789453886.9748273,0.6183
/camera/world/agv1_confidence,1789453887.0149162,1789453887.0149162,0.5666
/camera/world/agv3_confidence,1789453887.0152578,1789453887.0152578,0.6145
/camera/world/agv2_confidence,1789453887.0152957,1789453887.0152957,0.61
/camera/world/agv2_confidence,1789453887.0447752,1789453887.0447752,0.6101
/camera/world/agv3_confidence,1789453887.044903,1789453887.044903,0.6162
/camera/world/agv1_confidence,1789453887.0449867,1789453887.0449867,0.5888
/camera/world/agv1_confidence,1789453887.0762599,1789453887.0762599,0.5964
/camera/world/agv3_confidence,1789453887.0765865,1789453887.0765865,0.615
/camera/world/agv2_confidence,1789453887.076607,1789453887.076607,0.5869
/camera/world/agv1_confidence,1789453887.1133902,1789453887.1133902,0.5956
/camera/world/agv3_confidence,1789453887.1136663,1789453887.1136663,0.6165
/camera/world/agv2_confidence,1789453887.1136806,1789453887.1136806,0.5771
/camera/world/agv1_confidence,1789453887.1522276,1789453887.1522276,0.5941
/camera/world/agv2_confidence,1789453887.152415,1789453887.152415,0.6095
/camera/world/agv3_confidence,1789453887.1524367,1789453887.1524367,0.6174
/camera/world/agv2_confidence,1789453887.1829894,1789453887.1829894,0.5898
/camera/world/agv1_confidence,1789453887.1830554,1789453887.1830554,0.5973
/camera/world/agv3_confidence,1789453887.1830623,1789453887.1830623,0.6172
/camera/world/agv1_confidence,1789453887.2154176,1789453887.2154176,0.5782
/camera/world/agv3_confidence,1789453887.2155676,1789453887.2155676,0.6139
/camera/world/agv2_confidence,1789453887.2157788,1789453887.2157788,0.6105
/camera/world/agv1_confidence,1789453887.2500026,1789453887.2500026,0.5595
/camera/world/agv3_confidence,1789453887.2502491,1789453887.2502491,0.6151
/camera/world/agv2_confidence,1789453887.2503152,1789453887.2503152,0.6084
/camera/world/agv1_confidence,1789453887.2732377,1789453887.2732377,0.5599
/camera/world/agv3_confidence,1789453887.2733805,1789453887.2733805,0.6166
/camera/world/agv2_confidence,1789453887.2733922,1789453887.2733922,0.6073
/camera/world/agv1_confidence,1789453887.3143723,1789453887.3143723,0.5947
/camera/world/agv3_confidence,1789453887.3145301,1789453887.3145301,0.6153
/camera/world/agv2_confidence,1789453887.3145454,1789453887.3145454,0.6077
/camera/world/agv1_confidence,1789453887.3469505,1789453887.3469505,0.5933
/camera/world/agv2_confidence,1789453887.347008,1789453887.347008,0.6072
/camera/world/agv3_confidence,1789453887.3471742,1789453887.3471742,0.6171
/camera/world/agv1_confidence,1789453887.3768897,1789453887.3768897,0.5442
/camera/world/agv3_confidence,1789453887.3771164,1789453887.3771164,0.6097
/camera/world/agv2_confidence,1789453887.377154,1789453887.377154,0.6059
/camera/world/agv2_confidence,1789453887.4124675,1789453887.4124675,0.6076
/camera/world/agv1_confidence,1789453887.4124691,1789453887.4124691,0.5854
/camera/world/agv3_confidence,1789453887.4126256,1789453887.4126256,0.6157
/camera/world/agv1_confidence,1789453887.4431322,1789453887.4431322,0.5814
/camera/world/agv2_confidence,1789453887.443447,1789453887.443447,0.6106
/camera/world/agv3_confidence,1789453887.4434507,1789453887.4434507,0.6141
/camera/world/agv1_confidence,1789453887.4740877,1789453887.4740877,0.582
/camera/world/agv3_confidence,1789453887.4742494,1789453887.4742494,0.6145
/camera/world/agv2_confidence,1789453887.474307,1789453887.474307,0.5796
/camera/world/agv1_confidence,1789453887.5167305,1789453887.5167305,0.5862
/camera/world/agv2_confidence,1789453887.5167487,1789453887.5167487,0.6091
/camera/world/agv3_confidence,1789453887.5170014,1789453887.5170014,0.617
/camera/world/agv1_confidence,1789453887.544919,1789453887.544919,0.5871
/camera/world/agv2_confidence,1789453887.545006,1789453887.545006,0.6087
/camera/world/agv3_confidence,1789453887.5452428,1789453887.5452428,0.6151
/camera/world/agv1_confidence,1789453887.58032,1789453887.58032,0.5916
/camera/world/agv3_confidence,1789453887.5803282,1789453887.5803282,0.6152
/camera/world/agv2_confidence,1789453887.580373,1789453887.580373,0.6085
/camera/world/agv1_confidence,1789453887.6137218,1789453887.6137218,0.5898
/camera/world/agv3_confidence,1789453887.6138806,1789453887.6138806,0.6147
/camera/world/agv2_confidence,1789453887.6139085,1789453887.6139085,0.6067
/camera/world/agv1_confidence,1789453887.6459324,1789453887.6459324,0.5819
/camera/world/agv3_confidence,1789453887.6461253,1789453887.6461253,0.6149
/camera/world/agv2_confidence,1789453887.6461341,1789453887.6461341,0.6111
/camera/world/agv2_confidence,1789453887.6784704,1789453887.6784704,0.608
/camera/world/agv1_confidence,1789453887.6784725,1789453887.6784725,0.5709
/camera/world/agv3_confidence,1789453887.6787307,1789453887.6787307,0.6123
/camera/world/agv1_confidence,1789453887.7084,1789453887.7084,0.5462
/camera/world/agv3_confidence,1789453887.708641,1789453887.708641,0.6145
/camera/world/agv2_confidence,1789453887.7087142,1789453887.7087142,0.6068
/camera/world/agv1_confidence,1789453887.747437,1789453887.747437,0.5961
/camera/world/agv3_confidence,1789453887.747645,1789453887.747645,0.6171
/camera/world/agv2_confidence,1789453887.7476568,1789453887.7476568,0.611
/camera/world/agv1_confidence,1789453887.7834694,1789453887.7834694,0.6033
/camera/world/agv2_confidence,1789453887.7837515,1789453887.7837515,0.6046
/camera/world/agv3_confidence,1789453887.7838976,1789453887.7838976,0.6146
/camera/world/agv1_confidence,1789453887.82132,1789453887.82132,0.5837
/camera/world/agv2_confidence,1789453887.8213701,1789453887.8213701,0.6058
/camera/world/agv3_confidence,1789453887.821391,1789453887.821391,0.6146
/camera/world/agv1_confidence,1789453887.8485448,1789453887.8485448,0.5444
/camera/world/agv2_confidence,1789453887.8486392,1789453887.8486392,0.6081
/camera/world/agv3_confidence,1789453887.8486462,1789453887.8486462,0.6171
/camera/world/agv1_confidence,1789453887.876559,1789453887.876559,0.5824
/camera/world/agv2_confidence,1789453887.8766158,1789453887.8766158,0.6099
/camera/world/agv3_confidence,1789453887.8768709,1789453887.8768709,0.6145
/camera/world/agv2_confidence,1789453887.910103,1789453887.910103,0.6065
/camera/world/agv1_confidence,1789453887.910122,1789453887.910122,0.5942
/camera/world/agv3_confidence,1789453887.9101844,1789453887.9101844,0.6134
/camera/world/agv1_confidence,1789453887.9461038,1789453887.9461038,0.579
/camera/world/agv3_confidence,1789453887.9461455,1789453887.9461455,0.6156
/camera/world/agv2_confidence,1789453887.9462228,1789453887.9462228,0.6051
/camera/world/agv1_confidence,1789453887.978295,1789453887.978295,0.5691
/camera/world/agv3_confidence,1789453887.978352,1789453887.978352,0.6141
/camera/world/agv2_confidence,1789453887.9783669,1789453887.9783669,0.6092
/camera/world/agv1_confidence,1789453888.0061738,1789453888.0061738,0.586
/camera/world/agv2_confidence,1789453888.006325,1789453888.006325,0.6069
/camera/world/agv3_confidence,1789453888.0064929,1789453888.0064929,0.6133
/camera/world/agv1_confidence,1789453888.0517075,1789453888.0517075,0.6024
/camera/world/agv3_confidence,1789453888.0517247,1789453888.0517247,0.6174
/camera/world/agv2_confidence,1789453888.0517452,1789453888.0517452,0.6053
/camera/world/agv1_confidence,1789453888.082636,1789453888.082636,0.5891
/camera/world/agv3_confidence,1789453888.0828195,1789453888.0828195,0.615
/camera/world/agv2_confidence,1789453888.0828288,1789453888.0828288,0.6083
/camera/world/agv1_confidence,1789453888.1174502,1789453888.1174502,0.5472
/camera/world/agv2_confidence,1789453888.1177108,1789453888.1177108,0.6041
/camera/world/agv3_confidence,1789453888.117774,1789453888.117774,0.6143
/camera/world/agv1_confidence,1789453888.1442194,1789453888.1442194,0.5897
/camera/world/agv2_confidence,1789453888.1442246,1789453888.1442246,0.6047
/camera/world/agv3_confidence,1789453888.1444135,1789453888.1444135,0.5862
/camera/world/agv2_confidence,1789453888.183273,1789453888.183273,0.608
/camera/world/agv1_confidence,1789453888.1832764,1789453888.1832764,0.5942
/camera/world/agv3_confidence,1789453888.183405,1789453888.183405,0.6087
/camera/world/agv2_confidence,1789453888.2100904,1789453888.2100904,0.6086
/camera/world/agv1_confidence,1789453888.210119,1789453888.210119,0.5905
/camera/world/agv3_confidence,1789453888.2101445,1789453888.2101445,0.6146
/camera/world/agv2_confidence,1789453888.2475874,1789453888.2475874,0.6064
/camera/world/agv1_confidence,1789453888.2476861,1789453888.2476861,0.5833
/camera/world/agv3_confidence,1789453888.2479856,1789453888.2479856,0.6161
/camera/world/agv2_confidence,1789453888.2811658,1789453888.2811658,0.6087
/camera/world/agv1_confidence,1789453888.28128,1789453888.28128,0.6029
/camera/world/agv3_confidence,1789453888.281417,1789453888.281417,0.6107
/camera/world/agv1_confidence,1789453888.3144145,1789453888.3144145,0.5859
/camera/world/agv3_confidence,1789453888.3145182,1789453888.3145182,0.6145
/camera/world/agv2_confidence,1789453888.3145945,1789453888.3145945,0.6027
/camera/world/agv1_confidence,1789453888.3475957,1789453888.3475957,0.5948
/camera/world/agv2_confidence,1789453888.3477068,1789453888.3477068,0.6051
/camera/world/agv3_confidence,1789453888.347738,1789453888.347738,0.6151
/camera/world/agv2_confidence,1789453888.3793485,1789453888.3793485,0.6035
/camera/world/agv3_confidence,1789453888.379415,1789453888.379415,0.6146
/camera/world/agv1_confidence,1789453888.3794866,1789453888.3794866,0.6011
/camera/world/agv3_confidence,1789453888.4117565,1789453888.4117565,0.5819
/camera/world/agv2_confidence,1789453888.4117873,1789453888.4117873,0.6032
/camera/world/agv1_confidence,1789453888.4118168,1789453888.4118168,0.585
/camera/world/agv1_confidence,1789453888.442342,1789453888.442342,0.565
/camera/world/agv2_confidence,1789453888.4424124,1789453888.4424124,0.6065
/camera/world/agv3_confidence,1789453888.442508,1789453888.442508,0.611
/camera/world/agv2_confidence,1789453888.477864,1789453888.477864,0.6101
/camera/world/agv3_confidence,1789453888.478114,1789453888.478114,0.6119
/camera/world/agv1_confidence,1789453888.478147,1789453888.478147,0.5796
/camera/world/agv2_confidence,1789453888.5132716,1789453888.5132716,0.6041
/camera/world/agv3_confidence,1789453888.5133593,1789453888.5133593,0.6144
/camera/world/agv1_confidence,1789453888.5134437,1789453888.5134437,0.5735
/camera/world/agv1_confidence,1789453888.540144,1789453888.540144,0.5747
/camera/world/agv3_confidence,1789453888.5401943,1789453888.5401943,0.613
/camera/world/agv2_confidence,1789453888.540346,1789453888.540346,0.6091
/camera/world/agv2_confidence,1789453888.5728073,1789453888.5728073,0.5996
/camera/world/agv1_confidence,1789453888.5729623,1789453888.5729623,0.5948
/camera/world/agv3_confidence,1789453888.5729647,1789453888.5729647,0.614
/camera/world/agv3_confidence,1789453888.612626,1789453888.612626,0.6157
/camera/world/agv2_confidence,1789453888.6126454,1789453888.6126454,0.6084
/camera/world/agv1_confidence,1789453888.612713,1789453888.612713,0.5891
/camera/world/agv1_confidence,1789453888.6410153,1789453888.6410153,0.5778
/camera/world/agv2_confidence,1789453888.641019,1789453888.641019,0.6019
/camera/world/agv3_confidence,1789453888.6410813,1789453888.6410813,0.6119
/camera/world/agv1_confidence,1789453888.681442,1789453888.681442,0.583
/camera/world/agv3_confidence,1789453888.681472,1789453888.681472,0.6146
/camera/world/agv2_confidence,1789453888.6815116,1789453888.6815116,0.5965
/camera/world/agv2_confidence,1789453888.7146883,1789453888.7146883,0.6067
/camera/world/agv1_confidence,1789453888.7147663,1789453888.7147663,0.5412
/camera/world/agv3_confidence,1789453888.714968,1789453888.714968,0.6107
/camera/world/agv1_confidence,1789453888.7473204,1789453888.7473204,0.5853
/camera/world/agv2_confidence,1789453888.747563,1789453888.747563,0.6013
/camera/world/agv3_confidence,1789453888.7477643,1789453888.7477643,0.6115
/camera/world/agv1_confidence,1789453888.7786844,1789453888.7786844,0.5785
/camera/world/agv2_confidence,1789453888.778908,1789453888.778908,0.6044
/camera/world/agv3_confidence,1789453888.7792213,1789453888.7792213,0.5572
/camera/world/agv1_confidence,1789453888.8122916,1789453888.8122916,0.5878
/camera/world/agv3_confidence,1789453888.8122997,1789453888.8122997,0.6137
/camera/world/agv2_confidence,1789453888.8123465,1789453888.8123465,0.5842
/camera/world/agv2_confidence,1789453888.8490326,1789453888.8490326,0.607
/camera/world/agv1_confidence,1789453888.849083,1789453888.849083,0.5861
/camera/world/agv3_confidence,1789453888.8491738,1789453888.8491738,0.6134
/camera/world/agv1_confidence,1789453888.8788383,1789453888.8788383,0.5822
/camera/world/agv3_confidence,1789453888.878879,1789453888.878879,0.6124
/camera/world/agv2_confidence,1789453888.8788867,1789453888.8788867,0.6078
/camera/world/agv2_confidence,1789453888.907805,1789453888.907805,0.6069
/camera/world/agv3_confidence,1789453888.9079516,1789453888.9079516,0.6127
/camera/world/agv1_confidence,1789453888.9080918,1789453888.9080918,0.5928
/camera/world/agv1_confidence,1789453888.9525692,1789453888.9525692,0.5903
/camera/world/agv2_confidence,1789453888.9527328,1789453888.9527328,0.5982
/camera/world/agv3_confidence,1789453888.9527364,1789453888.9527364,0.6117
/camera/world/agv1_confidence,1789453888.977829,1789453888.977829,0.5825
/camera/world/agv3_confidence,1789453888.977983,1789453888.977983,0.6145
/camera/world/agv2_confidence,1789453888.9780674,1789453888.9780674,0.5952
/camera/world/agv1_confidence,1789453889.0102472,1789453889.0102472,0.5763
/camera/world/agv3_confidence,1789453889.0104127,1789453889.0104127,0.6121
/camera/world/agv2_confidence,1789453889.0106044,1789453889.0106044,0.6016
/camera/world/agv1_confidence,1789453889.0402853,1789453889.0402853,0.5883
/camera/world/agv3_confidence,1789453889.0406134,1789453889.0406134,0.614
/camera/world/agv2_confidence,1789453889.0406644,1789453889.0406644,0.6001
/camera/world/agv3_confidence,1789453889.0799677,1789453889.0799677,0.6103
/camera/world/agv2_confidence,1789453889.080105,1789453889.080105,0.5981
/camera/world/agv1_confidence,1789453889.080125,1789453889.080125,0.5889
/camera/world/agv1_confidence,1789453889.1160297,1789453889.1160297,0.591
/camera/world/agv2_confidence,1789453889.1160922,1789453889.1160922,0.6003
/camera/world/agv3_confidence,1789453889.116097,1789453889.116097,0.6119
/camera/world/agv1_confidence,1789453889.1497414,1789453889.1497414,0.5532
/camera/world/agv3_confidence,1789453889.1497707,1789453889.1497707,0.6114
/camera/world/agv2_confidence,1789453889.149889,1789453889.149889,0.5852
/camera/world/agv1_confidence,1789453889.1801033,1789453889.1801033,0.5772
/camera/world/agv2_confidence,1789453889.1801925,1789453889.1801925,0.5992
/camera/world/agv3_confidence,1789453889.180476,1789453889.180476,0.6108
/camera/world/agv1_confidence,1789453889.2152076,1789453889.2152076,0.5789
/camera/world/agv2_confidence,1789453889.2152424,1789453889.2152424,0.5962
/camera/world/agv3_confidence,1789453889.2153664,1789453889.2153664,0.6135
/camera/world/agv1_confidence,1789453889.2444901,1789453889.2444901,0.5843
/camera/world/agv3_confidence,1789453889.2448707,1789453889.2448707,0.6104
/camera/world/agv2_confidence,1789453889.244888,1789453889.244888,0.5785
/camera/world/agv2_confidence,1789453889.2816575,1789453889.2816575,0.5971
/camera/world/agv1_confidence,1789453889.2817023,1789453889.2817023,0.5469
/camera/world/agv3_confidence,1789453889.2817135,1789453889.2817135,0.6045
/camera/world/agv1_confidence,1789453889.3099818,1789453889.3099818,0.5902
/camera/world/agv3_confidence,1789453889.3100162,1789453889.3100162,0.6042
/camera/world/agv2_confidence,1789453889.3100228,1789453889.3100228,0.5919
/camera/world/agv3_confidence,1789453889.3529737,1789453889.3529737,0.6123
/camera/world/agv1_confidence,1789453889.3530786,1789453889.3530786,0.5571
/camera/world/agv2_confidence,1789453889.3530998,1789453889.3530998,0.6058
/camera/world/agv1_confidence,1789453889.3845642,1789453889.3845642,0.5936
/camera/world/agv2_confidence,1789453889.38478,1789453889.38478,0.5884
/camera/world/agv3_confidence,1789453889.3847816,1789453889.3847816,0.6113
/camera/world/agv1_confidence,1789453889.4466715,1789453889.4466715,0.5474
/camera/world/agv3_confidence,1789453889.4466724,1789453889.4466724,0.6108
/camera/world/agv2_confidence,1789453889.4466817,1789453889.4466817,0.5959
/camera/world/agv2_confidence,1789453889.4472349,1789453889.4472349,0.6018
/camera/world/agv1_confidence,1789453889.4472814,1789453889.4472814,0.595
/camera/world/agv3_confidence,1789453889.4472911,1789453889.4472911,0.6101
/camera/world/agv1_confidence,1789453889.4779792,1789453889.4779792,0.5773
/camera/world/agv3_confidence,1789453889.4780016,1789453889.4780016,0.6108
/camera/world/agv2_confidence,1789453889.4780102,1789453889.4780102,0.6047
/camera/world/agv1_confidence,1789453889.5157273,1789453889.5157273,0.5882
/camera/world/agv3_confidence,1789453889.5157475,1789453889.5157475,0.6113
/camera/world/agv2_confidence,1789453889.5158584,1789453889.5158584,0.604
/camera/world/agv1_confidence,1789453889.5480425,1789453889.5480425,0.5942
/camera/world/agv2_confidence,1789453889.5482466,1789453889.5482466,0.5971
/camera/world/agv3_confidence,1789453889.5482638,1789453889.5482638,0.6117
/camera/world/agv2_confidence,1789453889.5794857,1789453889.5794857,0.5959
/camera/world/agv1_confidence,1789453889.5794861,1789453889.5794861,0.5886
/camera/world/agv3_confidence,1789453889.5795557,1789453889.5795557,0.6106
/camera/world/agv1_confidence,1789453889.616501,1789453889.616501,0.5952
/camera/world/agv2_confidence,1789453889.6165366,1789453889.6165366,0.5924
/camera/world/agv3_confidence,1789453889.6166446,1789453889.6166446,0.6108
/camera/world/agv1_confidence,1789453889.6461978,1789453889.6461978,0.573
/camera/world/agv3_confidence,1789453889.6462703,1789453889.6462703,0.6122
/camera/world/agv2_confidence,1789453889.6462734,1789453889.6462734,0.5651
/camera/world/agv2_confidence,1789453889.6792428,1789453889.6792428,0.5908
/camera/world/agv3_confidence,1789453889.6793306,1789453889.6793306,0.6132
/camera/world/agv1_confidence,1789453889.6793327,1789453889.6793327,0.5901
/camera/world/agv1_confidence,1789453889.7097423,1789453889.7097423,0.5816
/camera/world/agv2_confidence,1789453889.709833,1789453889.709833,0.5979
/camera/world/agv3_confidence,1789453889.710106,1789453889.710106,0.5977
/camera/world/agv2_confidence,1789453889.747641,1789453889.747641,0.583
/camera/world/agv1_confidence,1789453889.747857,1789453889.747857,0.5906
/camera/world/agv3_confidence,1789453889.7478633,1789453889.7478633,0.6136
/camera/world/agv1_confidence,1789453889.7795732,1789453889.7795732,0.5605
/camera/world/agv2_confidence,1789453889.7798202,1789453889.7798202,0.5973
/camera/world/agv3_confidence,1789453889.7798395,1789453889.7798395,0.6056
/camera/world/agv2_confidence,1789453889.8128967,1789453889.8128967,0.596
/camera/world/agv1_confidence,1789453889.8129508,1789453889.8129508,0.5369
/camera/world/agv3_confidence,1789453889.812997,1789453889.812997,0.6106
/camera/world/agv3_confidence,1789453889.8517957,1789453889.8517957,0.6105
/camera/world/agv2_confidence,1789453889.8518205,1789453889.8518205,0.5952
/camera/world/agv1_confidence,1789453889.85186,1789453889.85186,0.5785
/camera/world/agv1_confidence,1789453889.8859768,1789453889.8859768,0.5905
/camera/world/agv2_confidence,1789453889.8861463,1789453889.8861463,0.5985
/camera/world/agv3_confidence,1789453889.886272,1789453889.886272,0.6121
/camera/world/agv3_confidence,1789453889.913894,1789453889.913894,0.6105
/camera/world/agv2_confidence,1789453889.9139023,1789453889.9139023,0.5894
/camera/world/agv1_confidence,1789453889.914059,1789453889.914059,0.5904
/camera/world/agv1_confidence,1789453889.9438834,1789453889.9438834,0.5881
/camera/world/agv2_confidence,1789453889.9438984,1789453889.9438984,0.59
/camera/world/agv3_confidence,1789453889.9441738,1789453889.9441738,0.6113
/camera/world/agv1_confidence,1789453889.9773238,1789453889.9773238,0.5817
/camera/world/agv3_confidence,1789453889.9775896,1789453889.9775896,0.6049
/camera/world/agv2_confidence,1789453889.9776008,1789453889.9776008,0.5803
/camera/world/agv2_confidence,1789453890.0082626,1789453890.0082626,0.5984
/camera/world/agv1_confidence,1789453890.0082958,1789453890.0082958,0.5882
/camera/world/agv3_confidence,1789453890.00844,1789453890.00844,0.6097
/camera/world/agv1_confidence,1789453890.049222,1789453890.049222,0.5916
/camera/world/agv2_confidence,1789453890.0494554,1789453890.0494554,0.5909
/camera/world/agv3_confidence,1789453890.049556,1789453890.049556,0.6051
/camera/world/agv2_confidence,1789453890.0764291,1789453890.0764291,0.5915
/camera/world/agv3_confidence,1789453890.0764408,1789453890.0764408,0.61
/camera/world/agv1_confidence,1789453890.0765038,1789453890.0765038,0.5917
/camera/world/agv2_confidence,1789453890.1363692,1789453890.1363692,0.5951
/camera/world/agv3_confidence,1789453890.1364083,1789453890.1364083,0.6105
/camera/world/agv1_confidence,1789453890.1365082,1789453890.1365082,0.5943
/camera/world/agv1_confidence,1789453890.1418147,1789453890.1418147,0.5913
/camera/world/agv3_confidence,1789453890.1418774,1789453890.1418774,0.5965
/camera/world/agv2_confidence,1789453890.1419587,1789453890.1419587,0.5713
/camera/world/agv1_confidence,1789453890.1760547,1789453890.1760547,0.5954
/camera/world/agv2_confidence,1789453890.1761208,1789453890.1761208,0.5983
/camera/world/agv3_confidence,1789453890.1762414,1789453890.1762414,0.5985
/camera/world/agv3_confidence,1789453890.2100132,1789453890.2100132,0.6101
/camera/world/agv2_confidence,1789453890.2100155,1789453890.2100155,0.5988
/camera/world/agv1_confidence,1789453890.2100613,1789453890.2100613,0.5947
/camera/world/agv1_confidence,1789453890.2432961,1789453890.2432961,0.5798
/camera/world/agv2_confidence,1789453890.243359,1789453890.243359,0.5962
/camera/world/agv3_confidence,1789453890.2435334,1789453890.2435334,0.6
/camera/world/agv1_confidence,1789453890.2760732,1789453890.2760732,0.5967
/camera/world/agv2_confidence,1789453890.2762458,1789453890.2762458,0.6032
/camera/world/agv3_confidence,1789453890.276457,1789453890.276457,0.6102
/camera/world/agv1_confidence,1789453890.3073237,1789453890.3073237,0.5529
/camera/world/agv2_confidence,1789453890.307755,1789453890.307755,0.5923
/camera/world/agv3_confidence,1789453890.3080444,1789453890.3080444,0.608
/camera/world/agv1_confidence,1789453890.341704,1789453890.341704,0.5593
/camera/world/agv2_confidence,1789453890.3417747,1789453890.3417747,0.5798
/camera/world/agv3_confidence,1789453890.3418987,1789453890.3418987,0.5541
/camera/world/agv2_confidence,1789453890.3865674,1789453890.3865674,0.6037
/camera/world/agv1_confidence,1789453890.3865879,1789453890.3865879,0.5915
/camera/world/agv3_confidence,1789453890.3866348,1789453890.3866348,0.5895
/camera/world/agv1_confidence,1789453890.4118767,1789453890.4118767,0.5934
/camera/world/agv3_confidence,1789453890.4120398,1789453890.4120398,0.6089
/camera/world/agv2_confidence,1789453890.4120536,1789453890.4120536,0.5956
/camera/world/agv1_confidence,1789453890.4439433,1789453890.4439433,0.5874
/camera/world/agv2_confidence,1789453890.444102,1789453890.444102,0.5844
/camera/world/agv3_confidence,1789453890.4441824,1789453890.4441824,0.6114
/camera/world/agv1_confidence,1789453890.4814677,1789453890.4814677,0.5904
/camera/world/agv2_confidence,1789453890.4816232,1789453890.4816232,0.6017
/camera/world/agv3_confidence,1789453890.4817452,1789453890.4817452,0.5733
/camera/world/agv1_confidence,1789453890.5140047,1789453890.5140047,0.5943
/camera/world/agv2_confidence,1789453890.5140774,1789453890.5140774,0.5912
/camera/world/agv3_confidence,1789453890.5143638,1789453890.5143638,0.5983
/camera/world/agv2_confidence,1789453890.5460992,1789453890.5460992,0.595
/camera/world/agv1_confidence,1789453890.5461798,1789453890.5461798,0.5743
/camera/world/agv3_confidence,1789453890.5461867,1789453890.5461867,0.6099
/camera/world/agv1_confidence,1789453890.5802853,1789453890.5802853,0.5928
/camera/world/agv3_confidence,1789453890.580287,1789453890.580287,0.6038
/camera/world/agv2_confidence,1789453890.5803065,1789453890.5803065,0.5924
/camera/world/agv1_confidence,1789453890.6144097,1789453890.6144097,0.5929
/camera/world/agv2_confidence,1789453890.6146111,1789453890.6146111,0.5879
/camera/world/agv3_confidence,1789453890.6146111,1789453890.6146111,0.6078
/camera/world/agv1_confidence,1789453890.6483169,1789453890.6483169,0.5945
/camera/world/agv3_confidence,1789453890.6483889,1789453890.6483889,0.6073
/camera/world/agv2_confidence,1789453890.648589,1789453890.648589,0.6028
/camera/world/agv2_confidence,1789453890.6768,1789453890.6768,0.5446
/camera/world/agv3_confidence,1789453890.6768734,1789453890.6768734,0.607
/camera/world/agv1_confidence,1789453890.676886,1789453890.676886,0.5927
/camera/world/agv1_confidence,1789453890.7144217,1789453890.7144217,0.5658
/camera/world/agv3_confidence,1789453890.7144647,1789453890.7144647,0.6095
/camera/world/agv2_confidence,1789453890.714492,1789453890.714492,0.6014
/camera/world/agv1_confidence,1789453890.7512896,1789453890.7512896,0.5818
/camera/world/agv2_confidence,1789453890.7514315,1789453890.7514315,0.5821
/camera/world/agv3_confidence,1789453890.7515707,1789453890.7515707,0.6107
/camera/world/agv2_confidence,1789453890.7775667,1789453890.7775667,0.5894
/camera/world/agv3_confidence,1789453890.7775726,1789453890.7775726,0.608
/camera/world/agv1_confidence,1789453890.7775848,1789453890.7775848,0.5947
/camera/world/agv1_confidence,1789453890.8195164,1789453890.8195164,0.5918
/camera/world/agv3_confidence,1789453890.8195724,1789453890.8195724,0.6045
/camera/world/agv2_confidence,1789453890.8196306,1789453890.8196306,0.5946
/camera/world/agv1_confidence,1789453890.853238,1789453890.853238,0.5922
/camera/world/agv2_confidence,1789453890.85343,1789453890.85343,0.5957
/camera/world/agv3_confidence,1789453890.8534987,1789453890.8534987,0.6082
/camera/world/agv1_confidence,1789453890.880329,1789453890.880329,0.5918
/camera/world/agv3_confidence,1789453890.880416,1789453890.880416,0.6104
/camera/world/agv2_confidence,1789453890.8804288,1789453890.8804288,0.5965
/camera/world/agv3_confidence,1789453890.9102366,1789453890.9102366,0.5952
/camera/world/agv2_confidence,1789453890.9102619,1789453890.9102619,0.5819
/camera/world/agv1_confidence,1789453890.9103153,1789453890.9103153,0.5948
/camera/world/agv1_confidence,1789453890.9498885,1789453890.9498885,0.5791
/camera/world/agv3_confidence,1789453890.949921,1789453890.949921,0.5918
/camera/world/agv2_confidence,1789453890.9500866,1789453890.9500866,0.5932
/camera/world/agv1_confidence,1789453890.983901,1789453890.983901,0.5899
/camera/world/agv2_confidence,1789453890.9840875,1789453890.9840875,0.5953
/camera/world/agv3_confidence,1789453890.9841208,1789453890.9841208,0.5777
/camera/world/agv2_confidence,1789453891.0132122,1789453891.0132122,0.5949
/camera/world/agv1_confidence,1789453891.0133824,1789453891.0133824,0.5976
/camera/world/agv3_confidence,1789453891.0133853,1789453891.0133853,0.6018
/camera/world/agv1_confidence,1789453891.052245,1789453891.052245,0.5967
/camera/world/agv2_confidence,1789453891.0522635,1789453891.0522635,0.5961
/camera/world/agv3_confidence,1789453891.0524228,1789453891.0524228,0.612
/camera/world/agv2_confidence,1789453891.074154,1789453891.074154,0.5959
/camera/world/agv3_confidence,1789453891.0742238,1789453891.0742238,0.611
/camera/world/agv1_confidence,1789453891.0742757,1789453891.0742757,0.594
/camera/world/agv1_confidence,1789453891.123315,1789453891.123315,0.5954
/camera/world/agv2_confidence,1789453891.1238022,1789453891.1238022,0.5899
/camera/world/agv3_confidence,1789453891.123818,1789453891.123818,0.5878
/camera/world/agv1_confidence,1789453891.1534514,1789453891.1534514,0.5925
/camera/world/agv3_confidence,1789453891.1535332,1789453891.1535332,0.5906
/camera/world/agv2_confidence,1789453891.15369,1789453891.15369,0.594
/camera/world/agv2_confidence,1789453891.1796098,1789453891.1796098,0.5934
/camera/world/agv1_confidence,1789453891.1796954,1789453891.1796954,0.5942
/camera/world/agv3_confidence,1789453891.179743,1789453891.179743,0.5905
/camera/world/agv1_confidence,1789453891.2124498,1789453891.2124498,0.5945
/camera/world/agv2_confidence,1789453891.2124805,1789453891.2124805,0.566
/camera/world/agv3_confidence,1789453891.2125874,1789453891.2125874,0.6087
/camera/world/agv2_confidence,1789453891.2463124,1789453891.2463124,0.5942
/camera/world/agv3_confidence,1789453891.2463596,1789453891.2463596,0.6112
/camera/world/agv1_confidence,1789453891.2464986,1789453891.2464986,0.5737
/camera/world/agv1_confidence,1789453891.2768054,1789453891.2768054,0.5683
/camera/world/agv2_confidence,1789453891.276971,1789453891.276971,0.593
/camera/world/agv3_confidence,1789453891.277027,1789453891.277027,0.6056
/camera/world/agv2_confidence,1789453891.3093488,1789453891.3093488,0.5985
/camera/world/agv3_confidence,1789453891.3093524,1789453891.3093524,0.6102
/camera/world/agv1_confidence,1789453891.3093622,1789453891.3093622,0.5953
/camera/world/agv3_confidence,1789453891.3417995,1789453891.3417995,0.6073
/camera/world/agv1_confidence,1789453891.3418224,1789453891.3418224,0.5947
/camera/world/agv2_confidence,1789453891.3418417,1789453891.3418417,0.5984
/camera/world/agv2_confidence,1789453891.3826625,1789453891.3826625,0.5888
/camera/world/agv3_confidence,1789453891.382695,1789453891.382695,0.6069
/camera/world/agv1_confidence,1789453891.3826993,1789453891.3826993,0.5957
/camera/world/agv1_confidence,1789453891.4136012,1789453891.4136012,0.5968
/camera/world/agv3_confidence,1789453891.4137554,1789453891.4137554,0.6062
/camera/world/agv2_confidence,1789453891.4137814,1789453891.4137814,0.5934
/camera/world/agv1_confidence,1789453891.4478195,1789453891.4478195,0.5969
/camera/world/agv3_confidence,1789453891.448105,1789453891.448105,0.607
/camera/world/agv2_confidence,1789453891.4481225,1789453891.4481225,0.5836
/camera/world/agv1_confidence,1789453891.479256,1789453891.479256,0.5973
/camera/world/agv2_confidence,1789453891.4792652,1789453891.4792652,0.5922
/camera/world/agv3_confidence,1789453891.479428,1789453891.479428,0.6111
/camera/world/agv2_confidence,1789453891.5082788,1789453891.5082788,0.5938
/camera/world/agv3_confidence,1789453891.508469,1789453891.508469,0.6063
/camera/world/agv1_confidence,1789453891.5084817,1789453891.5084817,0.5954
/camera/world/agv1_confidence,1789453891.5425508,1789453891.5425508,0.569
/camera/world/agv2_confidence,1789453891.542811,1789453891.542811,0.5949
/camera/world/agv3_confidence,1789453891.5429845,1789453891.5429845,0.6023
/camera/world/agv1_confidence,1789453891.573778,1789453891.573778,0.5687
/camera/world/agv3_confidence,1789453891.5738387,1789453891.5738387,0.6044
/camera/world/agv2_confidence,1789453891.5738823,1789453891.5738823,0.6002
/camera/world/agv1_confidence,1789453891.6136186,1789453891.6136186,0.5449
/camera/world/agv2_confidence,1789453891.6136374,1789453891.6136374,0.583
/camera/world/agv3_confidence,1789453891.6136534,1789453891.6136534,0.579
/camera/world/agv2_confidence,1789453891.6480844,1789453891.6480844,0.5948
/camera/world/agv1_confidence,1789453891.648149,1789453891.648149,0.596
/camera/world/agv3_confidence,1789453891.6482844,1789453891.6482844,0.607
/camera/world/agv2_confidence,1789453891.68501,1789453891.68501,0.5914
/camera/world/agv1_confidence,1789453891.6850615,1789453891.6850615,0.5967
/camera/world/agv3_confidence,1789453891.6851258,1789453891.6851258,0.6068
/camera/world/agv1_confidence,1789453891.706166,1789453891.706166,0.5959
/camera/world/agv2_confidence,1789453891.7062585,1789453891.7062585,0.5906
/camera/world/agv3_confidence,1789453891.7063026,1789453891.7063026,0.6064
/camera/world/agv1_confidence,1789453891.7453732,1789453891.7453732,0.5957
/camera/world/agv2_confidence,1789453891.7454453,1789453891.7454453,0.59
/camera/world/agv3_confidence,1789453891.7455435,1789453891.7455435,0.6059
/camera/world/agv2_confidence,1789453891.7866197,1789453891.7866197,0.5856
/camera/world/agv1_confidence,1789453891.786647,1789453891.786647,0.5953
/camera/world/agv3_confidence,1789453891.7867146,1789453891.7867146,0.6087
/camera/world/agv1_confidence,1789453891.8122797,1789453891.8122797,0.5963
/camera/world/agv3_confidence,1789453891.8124092,1789453891.8124092,0.6102
/camera/world/agv2_confidence,1789453891.8124444,1789453891.8124444,0.5896
/camera/world/agv1_confidence,1789453891.8442304,1789453891.8442304,0.5964
/camera/world/agv3_confidence,1789453891.8444772,1789453891.8444772,0.6098
/camera/world/agv2_confidence,1789453891.8444858,1789453891.8444858,0.5731
/camera/world/agv2_confidence,1789453891.8779287,1789453891.8779287,0.5921
/camera/world/agv3_confidence,1789453891.8780088,1789453891.8780088,0.6054
/camera/world/agv1_confidence,1789453891.878109,1789453891.878109,0.592
/camera/world/agv1_confidence,1789453891.9114892,1789453891.9114892,0.5918
/camera/world/agv2_confidence,1789453891.9114983,1789453891.9114983,0.587
/camera/world/agv3_confidence,1789453891.9116743,1789453891.9116743,0.604
/camera/world/agv1_confidence,1789453891.9466484,1789453891.9466484,0.5935
/camera/world/agv3_confidence,1789453891.9468775,1789453891.9468775,0.606
/camera/world/agv2_confidence,1789453891.9468865,1789453891.9468865,0.5917
/camera/world/agv2_confidence,1789453891.9747152,1789453891.9747152,0.5739
/camera/world/agv1_confidence,1789453891.9748285,1789453891.9748285,0.594
/camera/world/agv3_confidence,1789453891.9749649,1789453891.9749649,0.6092
/camera/world/agv2_confidence,1789453892.0093422,1789453892.0093422,0.5833
/camera/world/agv1_confidence,1789453892.0093641,1789453892.0093641,0.5936
/camera/world/agv3_confidence,1789453892.009561,1789453892.009561,0.6076
/camera/world/agv1_confidence,1789453892.0514588,1789453892.0514588,0.5953
/camera/world/agv3_confidence,1789453892.0514624,1789453892.0514624,0.59
/camera/world/agv2_confidence,1789453892.051515,1789453892.051515,0.571
/camera/world/agv1_confidence,1789453892.095576,1789453892.095576,0.5952
/camera/world/agv3_confidence,1789453892.0958683,1789453892.0958683,0.6079
/camera/world/agv2_confidence,1789453892.0958831,1789453892.0958831,0.5828
/camera/world/agv1_confidence,1789453892.1089456,1789453892.1089456,0.5943
/camera/world/agv3_confidence,1789453892.1089485,1789453892.1089485,0.5977
/camera/world/agv2_confidence,1789453892.1089506,1789453892.1089506,0.5905
/camera/world/agv1_confidence,1789453892.144272,1789453892.144272,0.5945
/camera/world/agv3_confidence,1789453892.1444297,1789453892.1444297,0.6055
/camera/world/agv2_confidence,1789453892.1444323,1789453892.1444323,0.5937
/camera/world/agv1_confidence,1789453892.1764905,1789453892.1764905,0.5945
/camera/world/agv2_confidence,1789453892.176518,1789453892.176518,0.5888
/camera/world/agv3_confidence,1789453892.1767337,1789453892.1767337,0.6053
/camera/world/agv2_confidence,1789453892.2079284,1789453892.2079284,0.5924
/camera/world/agv1_confidence,1789453892.2080936,1789453892.2080936,0.5945
/camera/world/agv3_confidence,1789453892.2082133,1789453892.2082133,0.584
/camera/world/agv3_confidence,1789453892.2481055,1789453892.2481055,0.5927
/camera/world/agv2_confidence,1789453892.2481127,1789453892.2481127,0.5905
/camera/world/agv1_confidence,1789453892.2481232,1789453892.2481232,0.5951
/camera/world/agv1_confidence,1789453892.286519,1789453892.286519,0.5931
/camera/world/agv2_confidence,1789453892.2866907,1789453892.2866907,0.5893
/camera/world/agv3_confidence,1789453892.2869306,1789453892.2869306,0.6059
/camera/world/agv1_confidence,1789453892.3070612,1789453892.3070612,0.5966
/camera/world/agv2_confidence,1789453892.307075,1789453892.307075,0.5776
/camera/world/agv3_confidence,1789453892.307127,1789453892.307127,0.6061
/camera/world/agv1_confidence,1789453892.339891,1789453892.339891,0.5954
/camera/world/agv3_confidence,1789453892.3400748,1789453892.3400748,0.6067
/camera/world/agv2_confidence,1789453892.3401036,1789453892.3401036,0.5922
/camera/world/agv1_confidence,1789453892.3815687,1789453892.3815687,0.5956
/camera/world/agv3_confidence,1789453892.3817966,1789453892.3817966,0.606
/camera/world/agv2_confidence,1789453892.3818169,1789453892.3818169,0.5838
/camera/world/agv1_confidence,1789453892.4133258,1789453892.4133258,0.593
/camera/world/agv3_confidence,1789453892.4136233,1789453892.4136233,0.5938
/camera/world/agv2_confidence,1789453892.4137585,1789453892.4137585,0.5899
/camera/world/agv2_confidence,1789453892.4539263,1789453892.4539263,0.5712
/camera/world/agv1_confidence,1789453892.4539537,1789453892.4539537,0.5936
/camera/world/agv3_confidence,1789453892.453969,1789453892.453969,0.5892
/camera/world/agv1_confidence,1789453892.4775066,1789453892.4775066,0.5951
/camera/world/agv2_confidence,1789453892.477632,1789453892.477632,0.5807
/camera/world/agv3_confidence,1789453892.4776866,1789453892.4776866,0.5912
/camera/world/agv2_confidence,1789453892.5104969,1789453892.5104969,0.59
/camera/world/agv1_confidence,1789453892.5105073,1789453892.5105073,0.5934
/camera/world/agv3_confidence,1789453892.510513,1789453892.510513,0.6068
/camera/world/agv1_confidence,1789453892.5423553,1789453892.5423553,0.5924
/camera/world/agv3_confidence,1789453892.5425436,1789453892.5425436,0.601
/camera/world/agv2_confidence,1789453892.5427053,1789453892.5427053,0.5759
/camera/world/agv1_confidence,1789453892.5742047,1789453892.5742047,0.5938
/camera/world/agv2_confidence,1789453892.5742092,1789453892.5742092,0.53
/camera/world/agv3_confidence,1789453892.5745187,1789453892.5745187,0.6096
/camera/world/agv2_confidence,1789453892.617291,1789453892.617291,0.5922
/camera/world/agv1_confidence,1789453892.6173089,1789453892.6173089,0.5943
/camera/world/agv3_confidence,1789453892.6174774,1789453892.6174774,0.602
/camera/world/agv2_confidence,1789453892.64701,1789453892.64701,0.5936
/camera/world/agv1_confidence,1789453892.647144,1789453892.647144,0.5924
/camera/world/agv3_confidence,1789453892.6471722,1789453892.6471722,0.601
/camera/world/agv1_confidence,1789453892.6777399,1789453892.6777399,0.5939
/camera/world/agv2_confidence,1789453892.6777494,1789453892.6777494,0.5814
/camera/world/agv3_confidence,1789453892.677759,1789453892.677759,0.6018
/camera/world/agv1_confidence,1789453892.7080235,1789453892.7080235,0.5927
/camera/world/agv2_confidence,1789453892.7082691,1789453892.7082691,0.5896
/camera/world/agv3_confidence,1789453892.7082958,1789453892.7082958,0.5816
/camera/world/agv1_confidence,1789453892.7422025,1789453892.7422025,0.5928
/camera/world/agv3_confidence,1789453892.7422223,1789453892.7422223,0.5909
/camera/world/agv2_confidence,1789453892.7422345,1789453892.7422345,0.5889
/camera/world/agv1_confidence,1789453892.774054,1789453892.774054,0.5939
/camera/world/agv2_confidence,1789453892.774157,1789453892.774157,0.5894
/camera/world/agv3_confidence,1789453892.7744734,1789453892.7744734,0.5938
/camera/world/agv1_confidence,1789453892.8065035,1789453892.8065035,0.5927
/camera/world/agv2_confidence,1789453892.8066182,1789453892.8066182,0.5888
/camera/world/agv3_confidence,1789453892.8067665,1789453892.8067665,0.5956
/camera/world/agv1_confidence,1789453892.84979,1789453892.84979,0.5951
/camera/world/agv3_confidence,1789453892.8498194,1789453892.8498194,0.5868
/camera/world/agv2_confidence,1789453892.8498433,1789453892.8498433,0.5869
/camera/world/agv1_confidence,1789453892.8820143,1789453892.8820143,0.5954
/camera/world/agv3_confidence,1789453892.8822463,1789453892.8822463,0.5913
/camera/world/agv2_confidence,1789453892.8822496,1789453892.8822496,0.5647
/camera/world/agv3_confidence,1789453892.9088192,1789453892.9088192,0.6061
/camera/world/agv2_confidence,1789453892.908831,1789453892.908831,0.5862
/camera/world/agv1_confidence,1789453892.9088626,1789453892.9088626,0.5945
/camera/world/agv1_confidence,1789453892.9406073,1789453892.9406073,0.593
/camera/world/agv3_confidence,1789453892.940805,1789453892.940805,0.6034
/camera/world/agv2_confidence,1789453892.940816,1789453892.940816,0.5673
/camera/world/agv1_confidence,1789453892.9746468,1789453892.9746468,0.5926
/camera/world/agv2_confidence,1789453892.9748278,1789453892.9748278,0.5875
/camera/world/agv3_confidence,1789453892.9748566,1789453892.9748566,0.6035
/camera/world/agv1_confidence,1789453893.007654,1789453893.007654,0.5921
/camera/world/agv2_confidence,1789453893.0076542,1789453893.0076542,0.5919
/camera/world/agv3_confidence,1789453893.0078306,1789453893.0078306,0.5851
/camera/world/agv1_confidence,1789453893.0405118,1789453893.0405118,0.5925
/camera/world/agv3_confidence,1789453893.0407164,1789453893.0407164,0.5939
/camera/world/agv2_confidence,1789453893.040726,1789453893.040726,0.5547
/camera/world/agv1_confidence,1789453893.0819879,1789453893.0819879,0.5646
/camera/world/agv2_confidence,1789453893.0820334,1789453893.0820334,0.5872
/camera/world/agv3_confidence,1789453893.0820456,1789453893.0820456,0.5995
/camera/world/agv1_confidence,1789453893.110673,1789453893.110673,0.5902
/camera/world/agv2_confidence,1789453893.1107414,1789453893.1107414,0.5883
/camera/world/agv3_confidence,1789453893.1107826,1789453893.1107826,0.5957
/camera/world/agv1_confidence,1789453893.1424143,1789453893.1424143,0.5933
/camera/world/agv2_confidence,1789453893.142487,1789453893.142487,0.591
/camera/world/agv3_confidence,1789453893.1426547,1789453893.1426547,0.5952
/camera/world/agv1_confidence,1789453893.1755848,1789453893.1755848,0.5937
/camera/world/agv3_confidence,1789453893.1758208,1789453893.1758208,0.5922
/camera/world/agv2_confidence,1789453893.1758397,1789453893.1758397,0.5801
/camera/world/agv1_confidence,1789453893.214788,1789453893.214788,0.5918
/camera/world/agv2_confidence,1789453893.2148643,1789453893.2148643,0.5861
/camera/world/agv3_confidence,1789453893.2150517,1789453893.2150517,0.5984
/camera/world/agv1_confidence,1789453893.2443423,1789453893.2443423,0.5916
/camera/world/agv3_confidence,1789453893.2446043,1789453893.2446043,0.5998
/camera/world/agv2_confidence,1789453893.244624,1789453893.244624,0.5864
/camera/world/agv2_confidence,1789453893.275873,1789453893.275873,0.58
/camera/world/agv3_confidence,1789453893.275926,1789453893.275926,0.6063
/camera/world/agv1_confidence,1789453893.2759333,1789453893.2759333,0.5907
/camera/world/agv1_confidence,1789453893.3065696,1789453893.3065696,0.5919
/camera/world/agv2_confidence,1789453893.3067687,1789453893.3067687,0.5887
/camera/world/agv3_confidence,1789453893.3067832,1789453893.3067832,0.6065
/camera/world/agv1_confidence,1789453893.337831,1789453893.337831,0.5927
/camera/world/agv2_confidence,1789453893.337864,1789453893.337864,0.5903
/camera/world/agv3_confidence,1789453893.3381634,1789453893.3381634,0.5979
/camera/world/agv1_confidence,1789453893.3808131,1789453893.3808131,0.5718
/camera/world/agv2_confidence,1789453893.3809958,1789453893.3809958,0.5891
/camera/world/agv3_confidence,1789453893.381113,1789453893.381113,0.6056
/camera/world/agv2_confidence,1789453893.41339,1789453893.41339,0.5859
/camera/world/agv3_confidence,1789453893.413522,1789453893.413522,0.5948
/camera/world/agv1_confidence,1789453893.4135563,1789453893.4135563,0.5902
/camera/world/agv1_confidence,1789453893.4501889,1789453893.4501889,0.5925
/camera/world/agv2_confidence,1789453893.4501917,1789453893.4501917,0.5876
/camera/world/agv3_confidence,1789453893.4503882,1789453893.4503882,0.5957
/camera/world/agv1_confidence,1789453893.4865575,1789453893.4865575,0.593
/camera/world/agv2_confidence,1789453893.4866781,1789453893.4866781,0.5856
/camera/world/agv3_confidence,1789453893.486798,1789453893.486798,0.5976
/camera/world/agv2_confidence,1789453893.507458,1789453893.507458,0.5859
/camera/world/agv1_confidence,1789453893.507558,1789453893.507558,0.5923
/camera/world/agv3_confidence,1789453893.5075727,1789453893.5075727,0.6065
/camera/world/agv1_confidence,1789453893.5507271,1789453893.5507271,0.5932
/camera/world/agv2_confidence,1789453893.5509033,1789453893.5509033,0.5856
/camera/world/agv3_confidence,1789453893.5510497,1789453893.5510497,0.5961
/camera/world/agv1_confidence,1789453893.5795481,1789453893.5795481,0.5935
/camera/world/agv3_confidence,1789453893.579665,1789453893.579665,0.5979
/camera/world/agv2_confidence,1789453893.579681,1789453893.579681,0.5846
/camera/world/agv1_confidence,1789453893.6120918,1789453893.6120918,0.5925
/camera/world/agv3_confidence,1789453893.6122563,1789453893.6122563,0.5992
/camera/world/agv2_confidence,1789453893.61234,1789453893.61234,0.5782
/camera/world/agv2_confidence,1789453893.6444526,1789453893.6444526,0.5133
/camera/world/agv1_confidence,1789453893.644455,1789453893.644455,0.5921
/camera/world/agv3_confidence,1789453893.6447399,1789453893.6447399,0.6021
/camera/world/agv2_confidence,1789453893.6830382,1789453893.6830382,0.5857
/camera/world/agv3_confidence,1789453893.6830678,1789453893.6830678,0.6019
/camera/world/agv1_confidence,1789453893.6831775,1789453893.6831775,0.5937
/camera/world/agv3_confidence,1789453893.715662,1789453893.715662,0.6014
/camera/world/agv2_confidence,1789453893.7156703,1789453893.7156703,0.5895
/camera/world/agv1_confidence,1789453893.7157009,1789453893.7157009,0.5897
/camera/world/agv1_confidence,1789453893.7471957,1789453893.7471957,0.5908
/camera/world/agv2_confidence,1789453893.7472122,1789453893.7472122,0.5892
/camera/world/agv3_confidence,1789453893.7474132,1789453893.7474132,0.6006
/camera/world/agv2_confidence,1789453893.777993,1789453893.777993,0.5869
/camera/world/agv1_confidence,1789453893.7780523,1789453893.7780523,0.5903
/camera/world/agv3_confidence,1789453893.778159,1789453893.778159,0.5992
/camera/world/agv2_confidence,1789453893.815194,1789453893.815194,0.588
/camera/world/agv1_confidence,1789453893.8152921,1789453893.8152921,0.5912
/camera/world/agv3_confidence,1789453893.8152936,1789453893.8152936,0.6018
/camera/world/agv2_confidence,1789453893.849359,1789453893.849359,0.589
/camera/world/agv1_confidence,1789453893.8494163,1789453893.8494163,0.5905
/camera/world/agv3_confidence,1789453893.8494208,1789453893.8494208,0.5999
/camera/world/agv1_confidence,1789453893.8740816,1789453893.8740816,0.5917
/camera/world/agv3_confidence,1789453893.874253,1789453893.874253,0.6056
/camera/world/agv2_confidence,1789453893.8743052,1789453893.8743052,0.5894
/camera/world/agv3_confidence,1789453893.9106107,1789453893.9106107,0.6017
/camera/world/agv2_confidence,1789453893.9106982,1789453893.9106982,0.5711
/camera/world/agv1_confidence,1789453893.910773,1789453893.910773,0.59
/camera/world/agv1_confidence,1789453893.9408667,1789453893.9408667,0.5917
/camera/world/agv3_confidence,1789453893.9408758,1789453893.9408758,0.5686
/camera/world/agv2_confidence,1789453893.9409633,1789453893.9409633,0.5564
/camera/world/agv1_confidence,1789453893.980004,1789453893.980004,0.5898
/camera/world/agv3_confidence,1789453893.9802315,1789453893.9802315,0.6048
/camera/world/agv2_confidence,1789453893.9802692,1789453893.9802692,0.5713
/camera/world/agv3_confidence,1789453894.0096643,1789453894.0096643,0.5967
/camera/world/agv2_confidence,1789453894.009722,1789453894.009722,0.5888
/camera/world/agv1_confidence,1789453894.0097606,1789453894.0097606,0.59
/camera/world/agv1_confidence,1789453894.0405045,1789453894.0405045,0.5882
/camera/world/agv2_confidence,1789453894.0406725,1789453894.0406725,0.5903
/camera/world/agv3_confidence,1789453894.0407584,1789453894.0407584,0.5593
/camera/world/agv1_confidence,1789453894.0817006,1789453894.0817006,0.5901
/camera/world/agv3_confidence,1789453894.0819507,1789453894.0819507,0.5615
/camera/world/agv2_confidence,1789453894.0819612,1789453894.0819612,0.5898
/camera/world/agv1_confidence,1789453894.116065,1789453894.116065,0.5891
/camera/world/agv3_confidence,1789453894.116068,1789453894.116068,0.5966
/camera/world/agv2_confidence,1789453894.116215,1789453894.116215,0.561
/camera/world/agv2_confidence,1789453894.1485112,1789453894.1485112,0.5892
/camera/world/agv1_confidence,1789453894.148512,1789453894.148512,0.5898
/camera/world/agv3_confidence,1789453894.148567,1789453894.148567,0.5833
/camera/world/agv1_confidence,1789453894.1827624,1789453894.1827624,0.5896
/camera/world/agv2_confidence,1789453894.1828697,1789453894.1828697,0.5883
/camera/world/agv3_confidence,1789453894.1830256,1789453894.1830256,0.6061
/camera/world/agv2_confidence,1789453894.2071052,1789453894.2071052,0.5889
/camera/world/agv1_confidence,1789453894.2071257,1789453894.2071257,0.5892
/camera/world/agv3_confidence,1789453894.207307,1789453894.207307,0.5949
/camera/world/agv3_confidence,1789453894.2509,1789453894.2509,0.5979
/camera/world/agv2_confidence,1789453894.2509656,1789453894.2509656,0.5886
/camera/world/agv1_confidence,1789453894.2510183,1789453894.2510183,0.5897
/camera/world/agv2_confidence,1789453894.275689,1789453894.275689,0.5655
/camera/world/agv1_confidence,1789453894.2757385,1789453894.2757385,0.5898
/camera/world/agv3_confidence,1789453894.276003,1789453894.276003,0.5984
/camera/world/agv2_confidence,1789453894.311439,1789453894.311439,0.5921
/camera/world/agv1_confidence,1789453894.3115203,1789453894.3115203,0.5896
/camera/world/agv3_confidence,1789453894.3115242,1789453894.3115242,0.5969
/camera/world/agv1_confidence,1789453894.342874,1789453894.342874,0.5916
/camera/world/agv3_confidence,1789453894.3428798,1789453894.3428798,0.5978
/camera/world/agv2_confidence,1789453894.3428822,1789453894.3428822,0.5876
/camera/world/agv1_confidence,1789453894.3744776,1789453894.3744776,0.5901
/camera/world/agv2_confidence,1789453894.374495,1789453894.374495,0.5913
/camera/world/agv3_confidence,1789453894.3745024,1789453894.3745024,0.5973
/camera/world/agv2_confidence,1789453894.4085348,1789453894.4085348,0.5903
/camera/world/agv3_confidence,1789453894.4086487,1789453894.4086487,0.5989
/camera/world/agv1_confidence,1789453894.4087574,1789453894.4087574,0.5907
/camera/world/agv1_confidence,1789453894.4413404,1789453894.4413404,0.5887
/camera/world/agv2_confidence,1789453894.4415073,1789453894.4415073,0.5923
/camera/world/agv3_confidence,1789453894.4415236,1789453894.4415236,0.6007
/camera/world/agv1_confidence,1789453894.4783397,1789453894.4783397,0.5885
/camera/world/agv2_confidence,1789453894.4785082,1789453894.4785082,0.5908
/camera/world/agv3_confidence,1789453894.4785767,1789453894.4785767,0.6051
/camera/world/agv1_confidence,1789453894.5073347,1789453894.5073347,0.5878
/camera/world/agv2_confidence,1789453894.5073466,1789453894.5073466,0.5875
/camera/world/agv3_confidence,1789453894.5074265,1789453894.5074265,0.6067
/camera/world/agv1_confidence,1789453894.5436716,1789453894.5436716,0.588
/camera/world/agv2_confidence,1789453894.5438213,1789453894.5438213,0.5894
/camera/world/agv3_confidence,1789453894.5438612,1789453894.5438612,0.6055
/camera/world/agv1_confidence,1789453894.576227,1789453894.576227,0.5876
/camera/world/agv3_confidence,1789453894.5767927,1789453894.5767927,0.5973
/camera/world/agv2_confidence,1789453894.5767956,1789453894.5767956,0.5894
/camera/world/agv1_confidence,1789453894.6078799,1789453894.6078799,0.5883
/camera/world/agv3_confidence,1789453894.608112,1789453894.608112,0.5964
/camera/world/agv2_confidence,1789453894.6081178,1789453894.6081178,0.5891
/camera/world/agv1_confidence,1789453894.6423542,1789453894.6423542,0.5873
/camera/world/agv2_confidence,1789453894.6425347,1789453894.6425347,0.5905
/camera/world/agv3_confidence,1789453894.6425374,1789453894.6425374,0.5972
/camera/world/agv2_confidence,1789453894.6759057,1789453894.6759057,0.5886
/camera/world/agv1_confidence,1789453894.675928,1789453894.675928,0.5857
/camera/world/agv3_confidence,1789453894.67628,1789453894.67628,0.6006
/camera/world/agv2_confidence,1789453894.7180738,1789453894.7180738,0.5896
/camera/world/agv1_confidence,1789453894.7181618,1789453894.7181618,0.5878
/camera/world/agv3_confidence,1789453894.7182415,1789453894.7182415,0.5955
/camera/world/agv1_confidence,1789453894.7443738,1789453894.7443738,0.5598
/camera/world/agv3_confidence,1789453894.7444344,1789453894.7444344,0.6002
/camera/world/agv2_confidence,1789453894.7444673,1789453894.7444673,0.5872
/camera/world/agv2_confidence,1789453894.7818143,1789453894.7818143,0.5893
/camera/world/agv1_confidence,1789453894.7818208,1789453894.7818208,0.5872
/camera/world/agv3_confidence,1789453894.7820213,1789453894.7820213,0.599
/camera/world/agv1_confidence,1789453894.8130145,1789453894.8130145,0.588
/camera/world/agv3_confidence,1789453894.8131106,1789453894.8131106,0.5999
/camera/world/agv2_confidence,1789453894.813176,1789453894.813176,0.5892
/camera/world/agv1_confidence,1789453894.8423755,1789453894.8423755,0.5839
/camera/world/agv3_confidence,1789453894.842415,1789453894.842415,0.5995
/camera/world/agv2_confidence,1789453894.842611,1789453894.842611,0.59
/camera/world/agv1_confidence,1789453894.8754272,1789453894.8754272,0.5854
/camera/world/agv2_confidence,1789453894.875502,1789453894.875502,0.591
/camera/world/agv3_confidence,1789453894.8755126,1789453894.8755126,0.6005
/camera/world/agv3_confidence,1789453894.9103696,1789453894.9103696,0.5987
/camera/world/agv1_confidence,1789453894.9103773,1789453894.9103773,0.5875
/camera/world/agv2_confidence,1789453894.9104104,1789453894.9104104,0.5905
/camera/world/agv1_confidence,1789453894.9436266,1789453894.9436266,0.59
/camera/world/agv2_confidence,1789453894.9436352,1789453894.9436352,0.5895
/camera/world/agv3_confidence,1789453894.9436517,1789453894.9436517,0.6025
/camera/world/agv1_confidence,1789453894.9738176,1789453894.9738176,0.5864
/camera/world/agv2_confidence,1789453894.9741263,1789453894.9741263,0.5897
/camera/world/agv3_confidence,1789453894.9742155,1789453894.9742155,0.6019
/camera/world/agv1_confidence,1789453895.0144582,1789453895.0144582,0.5859
/camera/world/agv2_confidence,1789453895.0145586,1789453895.0145586,0.5895
/camera/world/agv3_confidence,1789453895.014772,1789453895.014772,0.6014
/camera/world/agv1_confidence,1789453895.0439713,1789453895.0439713,0.5861
/camera/world/agv2_confidence,1789453895.0439742,1789453895.0439742,0.5907
/camera/world/agv3_confidence,1789453895.044022,1789453895.044022,0.6014
/camera/world/agv1_confidence,1789453895.0740163,1789453895.0740163,0.5852
/camera/world/agv2_confidence,1789453895.0744102,1789453895.0744102,0.5891
/camera/world/agv3_confidence,1789453895.0744233,1789453895.0744233,0.5998
/camera/world/agv1_confidence,1789453895.1143517,1789453895.1143517,0.5858
/camera/world/agv2_confidence,1789453895.114579,1789453895.114579,0.5894
/camera/world/agv3_confidence,1789453895.1146057,1789453895.1146057,0.5983
/camera/world/agv1_confidence,1789453895.145858,1789453895.145858,0.5631
/camera/world/agv3_confidence,1789453895.14602,1789453895.14602,0.5995
/camera/world/agv2_confidence,1789453895.146126,1789453895.146126,0.5893
/camera/world/agv1_confidence,1789453895.1750586,1789453895.1750586,0.5842
/camera/world/agv3_confidence,1789453895.1753528,1789453895.1753528,0.5991
/camera/world/agv2_confidence,1789453895.17538,1789453895.17538,0.5912
/camera/world/agv1_confidence,1789453895.2064152,1789453895.2064152,0.5836
/camera/world/agv2_confidence,1789453895.2065675,1789453895.2065675,0.5879
/camera/world/agv3_confidence,1789453895.2066839,1789453895.2066839,0.5991
/camera/world/agv2_confidence,1789453895.2479405,1789453895.2479405,0.5911
/camera/world/agv3_confidence,1789453895.2482493,1789453895.2482493,0.5997
/camera/world/agv1_confidence,1789453895.24838,1789453895.24838,0.5856
/camera/world/agv1_confidence,1789453895.2819903,1789453895.2819903,0.5821
/camera/world/agv2_confidence,1789453895.282437,1789453895.282437,0.5908
/camera/world/agv3_confidence,1789453895.2824464,1789453895.2824464,0.6001
/camera/world/agv1_confidence,1789453895.3218215,1789453895.3218215,0.5587
/camera/world/agv2_confidence,1789453895.3220963,1789453895.3220963,0.5898
/camera/world/agv3_confidence,1789453895.3222938,1789453895.3222938,0.5992
/camera/world/agv1_confidence,1789453895.3392472,1789453895.3392472,0.5848
/camera/world/agv3_confidence,1789453895.3395648,1789453895.3395648,0.602
/camera/world/agv2_confidence,1789453895.3396394,1789453895.3396394,0.5905
/camera/world/agv2_confidence,1789453895.3792927,1789453895.3792927,0.5927
/camera/world/agv1_confidence,1789453895.379436,1789453895.379436,0.5646
/camera/world/agv3_confidence,1789453895.3794596,1789453895.3794596,0.601
/camera/world/agv1_confidence,1789453895.4104202,1789453895.4104202,0.5845
/camera/world/agv2_confidence,1789453895.4104369,1789453895.4104369,0.5888
/camera/world/agv3_confidence,1789453895.4106555,1789453895.4106555,0.6013
/camera/world/agv1_confidence,1789453895.446845,1789453895.446845,0.5644
/camera/world/agv2_confidence,1789453895.4468899,1789453895.4468899,0.59
/camera/world/agv3_confidence,1789453895.447042,1789453895.447042,0.6016
/camera/world/agv1_confidence,1789453895.4846265,1789453895.4846265,0.5783
/camera/world/agv2_confidence,1789453895.484657,1789453895.484657,0.5886
/camera/world/agv3_confidence,1789453895.4848638,1789453895.4848638,0.6013
/camera/world/agv2_confidence,1789453895.5119207,1789453895.5119207,0.5905
/camera/world/agv1_confidence,1789453895.5119376,1789453895.5119376,0.5828
/camera/world/agv3_confidence,1789453895.5119743,1789453895.5119743,0.6043
/camera/world/agv1_confidence,1789453895.5441828,1789453895.5441828,0.5835
/camera/world/agv2_confidence,1789453895.5442443,1789453895.5442443,0.5887
/camera/world/agv3_confidence,1789453895.5444362,1789453895.5444362,0.6014
/camera/world/agv2_confidence,1789453895.576537,1789453895.576537,0.5886
/camera/world/agv1_confidence,1789453895.5765727,1789453895.5765727,0.5652
/camera/world/agv3_confidence,1789453895.5767152,1789453895.5767152,0.6056
/camera/world/agv1_confidence,1789453895.60611,1789453895.60611,0.5817
/camera/world/agv2_confidence,1789453895.6062686,1789453895.6062686,0.5904
/camera/world/agv3_confidence,1789453895.606443,1789453895.606443,0.6039
/camera/world/agv2_confidence,1789453895.6397145,1789453895.6397145,0.5908
/camera/world/agv1_confidence,1789453895.6397219,1789453895.6397219,0.5812
/camera/world/agv3_confidence,1789453895.6399028,1789453895.6399028,0.6006
/camera/world/agv1_confidence,1789453895.6796813,1789453895.6796813,0.5608
/camera/world/agv2_confidence,1789453895.6797683,1789453895.6797683,0.5863
/camera/world/agv3_confidence,1789453895.6801052,1789453895.6801052,0.6033
/camera/world/agv1_confidence,1789453895.7092526,1789453895.7092526,0.5843
/camera/world/agv2_confidence,1789453895.7093382,1789453895.7093382,0.5873
/camera/world/agv3_confidence,1789453895.709388,1789453895.709388,0.6013
/camera/world/agv3_confidence,1789453895.742332,1789453895.742332,0.5995
/camera/world/agv2_confidence,1789453895.7423668,1789453895.7423668,0.5911
/camera/world/agv1_confidence,1789453895.7424264,1789453895.7424264,0.5745
/camera/world/agv1_confidence,1789453895.7744234,1789453895.7744234,0.5768
/camera/world/agv2_confidence,1789453895.7745123,1789453895.7745123,0.5898
/camera/world/agv3_confidence,1789453895.7746673,1789453895.7746673,0.6024
/camera/world/agv1_confidence,1789453895.8071504,1789453895.8071504,0.5838
/camera/world/agv2_confidence,1789453895.807192,1789453895.807192,0.5889
/camera/world/agv3_confidence,1789453895.807354,1789453895.807354,0.6007
/camera/world/agv1_confidence,1789453895.8582926,1789453895.8582926,0.539
/camera/world/agv2_confidence,1789453895.8583007,1789453895.8583007,0.5891
/camera/world/agv3_confidence,1789453895.8584754,1789453895.8584754,0.6021
/camera/world/agv1_confidence,1789453895.88459,1789453895.88459,0.5591
/camera/world/agv3_confidence,1789453895.8846495,1789453895.8846495,0.6021
/camera/world/agv2_confidence,1789453895.8846557,1789453895.8846557,0.5903
/camera/world/agv1_confidence,1789453895.909417,1789453895.909417,0.5818
/camera/world/agv3_confidence,1789453895.9097486,1789453895.9097486,0.6002
/camera/world/agv2_confidence,1789453895.9097972,1789453895.9097972,0.59
/camera/world/agv1_confidence,1789453895.945149,1789453895.945149,0.5831
/camera/world/agv2_confidence,1789453895.9452581,1789453895.9452581,0.5883
/camera/world/agv3_confidence,1789453895.9453576,1789453895.9453576,0.5748
/camera/world/agv1_confidence,1789453895.973345,1789453895.973345,0.5819
/camera/world/agv2_confidence,1789453895.973531,1789453895.973531,0.5879
/camera/world/agv3_confidence,1789453895.9736,1789453895.9736,0.6014
/camera/world/agv1_confidence,1789453896.012257,1789453896.012257,0.5823
/camera/world/agv3_confidence,1789453896.0124,1789453896.0124,0.6008
/camera/world/agv2_confidence,1789453896.0125165,1789453896.0125165,0.5892
/camera/world/agv2_confidence,1789453896.0435243,1789453896.0435243,0.589
/camera/world/agv3_confidence,1789453896.0437913,1789453896.0437913,0.6018
/camera/world/agv1_confidence,1789453896.0438433,1789453896.0438433,0.5567
/camera/world/agv1_confidence,1789453896.0766742,1789453896.0766742,0.5388
/camera/world/agv3_confidence,1789453896.0768573,1789453896.0768573,0.603
/camera/world/agv2_confidence,1789453896.0768647,1789453896.0768647,0.5884
/camera/world/agv2_confidence,1789453896.1119766,1789453896.1119766,0.5871
/camera/world/agv1_confidence,1789453896.1119912,1789453896.1119912,0.5818
/camera/world/agv3_confidence,1789453896.112017,1789453896.112017,0.6015
/camera/world/agv2_confidence,1789453896.1414587,1789453896.1414587,0.587
/camera/world/agv1_confidence,1789453896.1414747,1789453896.1414747,0.5773
/camera/world/agv3_confidence,1789453896.1414957,1789453896.1414957,0.6037
/camera/world/agv1_confidence,1789453896.1778111,1789453896.1778111,0.5815
/camera/world/agv2_confidence,1789453896.177826,1789453896.177826,0.5871
/camera/world/agv3_confidence,1789453896.178026,1789453896.178026,0.6021
/camera/world/agv1_confidence,1789453896.2140725,1789453896.2140725,0.5757
/camera/world/agv3_confidence,1789453896.2141008,1789453896.2141008,0.6015
/camera/world/agv2_confidence,1789453896.2141073,1789453896.2141073,0.5877
/camera/world/agv1_confidence,1789453896.2444267,1789453896.2444267,0.5784
/camera/world/agv3_confidence,1789453896.244534,1789453896.244534,0.5724
/camera/world/agv2_confidence,1789453896.2445726,1789453896.2445726,0.5866
/camera/world/agv1_confidence,1789453896.2756753,1789453896.2756753,0.5781
/camera/world/agv2_confidence,1789453896.2758076,1789453896.2758076,0.5866
/camera/world/agv3_confidence,1789453896.2758167,1789453896.2758167,0.6016
/camera/world/agv3_confidence,1789453896.3068182,1789453896.3068182,0.6018
/camera/world/agv2_confidence,1789453896.3069165,1789453896.3069165,0.5868
/camera/world/agv1_confidence,1789453896.306936,1789453896.306936,0.5804
/camera/world/agv3_confidence,1789453896.3449361,1789453896.3449361,0.6012
/camera/world/agv2_confidence,1789453896.345024,1789453896.345024,0.5855
/camera/world/agv1_confidence,1789453896.3450692,1789453896.3450692,0.5798
/camera/world/agv3_confidence,1789453896.3885815,1789453896.3885815,0.603
/camera/world/agv2_confidence,1789453896.3886094,1789453896.3886094,0.5882
/camera/world/agv1_confidence,1789453896.3886404,1789453896.3886404,0.5829
/camera/world/agv1_confidence,1789453896.407964,1789453896.407964,0.5812
/camera/world/agv2_confidence,1789453896.4081697,1789453896.4081697,0.5904
/camera/world/agv3_confidence,1789453896.408268,1789453896.408268,0.6
/camera/world/agv1_confidence,1789453896.4454217,1789453896.4454217,0.5676
/camera/world/agv2_confidence,1789453896.4455152,1789453896.4455152,0.5882
/camera/world/agv3_confidence,1789453896.4455419,1789453896.4455419,0.5982
/camera/world/agv1_confidence,1789453896.4812734,1789453896.4812734,0.571
/camera/world/agv2_confidence,1789453896.4812918,1789453896.4812918,0.5881
/camera/world/agv3_confidence,1789453896.4812949,1789453896.4812949,0.6015
/camera/world/agv1_confidence,1789453896.507599,1789453896.507599,0.5614
/camera/world/agv2_confidence,1789453896.507738,1789453896.507738,0.5885
/camera/world/agv3_confidence,1789453896.5079243,1789453896.5079243,0.5992
/camera/world/agv2_confidence,1789453896.548744,1789453896.548744,0.5871
/camera/world/agv1_confidence,1789453896.5487773,1789453896.5487773,0.5827
/camera/world/agv3_confidence,1789453896.5489213,1789453896.5489213,0.6038
/camera/world/agv2_confidence,1789453896.5754426,1789453896.5754426,0.5863
/camera/world/agv1_confidence,1789453896.5755587,1789453896.5755587,0.5815
/camera/world/agv3_confidence,1789453896.575763,1789453896.575763,0.5997
/camera/world/agv1_confidence,1789453896.614995,1789453896.614995,0.5723
/camera/world/agv3_confidence,1789453896.615001,1789453896.615001,0.6
/camera/world/agv2_confidence,1789453896.615032,1789453896.615032,0.5878
/camera/world/agv1_confidence,1789453896.6389308,1789453896.6389308,0.5757
/camera/world/agv2_confidence,1789453896.6390624,1789453896.6390624,0.5884
/camera/world/agv3_confidence,1789453896.6392863,1789453896.6392863,0.5721
/camera/world/agv2_confidence,1789453896.6822996,1789453896.6822996,0.5865
/camera/world/agv1_confidence,1789453896.6823153,1789453896.6823153,0.5785
/camera/world/agv3_confidence,1789453896.6824467,1789453896.6824467,0.6006
/camera/world/agv1_confidence,1789453896.713488,1789453896.713488,0.5795
/camera/world/agv3_confidence,1789453896.7137449,1789453896.7137449,0.5975
/camera/world/agv2_confidence,1789453896.7138507,1789453896.7138507,0.585
/camera/world/agv2_confidence,1789453896.7460876,1789453896.7460876,0.5846
/camera/world/agv3_confidence,1789453896.7460914,1789453896.7460914,0.6024
/camera/world/agv1_confidence,1789453896.7461402,1789453896.7461402,0.5775
/camera/world/agv1_confidence,1789453896.7760904,1789453896.7760904,0.5793
/camera/world/agv3_confidence,1789453896.7765434,1789453896.7765434,0.6008
/camera/world/agv2_confidence,1789453896.7766414,1789453896.7766414,0.5862
/camera/world/agv1_confidence,1789453896.80727,1789453896.80727,0.5779
/camera/world/agv2_confidence,1789453896.8074374,1789453896.8074374,0.5869
/camera/world/agv3_confidence,1789453896.8074973,1789453896.8074973,0.6012
/camera/world/agv1_confidence,1789453896.8552144,1789453896.8552144,0.5779
/camera/world/agv2_confidence,1789453896.85523,1789453896.85523,0.5865
/camera/world/agv3_confidence,1789453896.8552823,1789453896.8552823,0.5997
/camera/world/agv3_confidence,1789453896.875333,1789453896.875333,0.5995
/camera/world/agv2_confidence,1789453896.8753514,1789453896.8753514,0.5672
/camera/world/agv1_confidence,1789453896.875383,1789453896.875383,0.5772
/camera/world/agv2_confidence,1789453896.9140446,1789453896.9140446,0.5852
/camera/world/agv1_confidence,1789453896.9141743,1789453896.9141743,0.5721
/camera/world/agv3_confidence,1789453896.9141934,1789453896.9141934,0.599
/camera/world/agv3_confidence,1789453896.9469166,1789453896.9469166,0.6005
/camera/world/agv1_confidence,1789453896.9469419,1789453896.9469419,0.5526
/camera/world/agv2_confidence,1789453896.9470665,1789453896.9470665,0.5874
/camera/world/agv1_confidence,1789453896.9828603,1789453896.9828603,0.5735
/camera/world/agv2_confidence,1789453896.982876,1789453896.982876,0.5847
/camera/world/agv3_confidence,1789453896.9829552,1789453896.9829552,0.5981
/camera/world/agv2_confidence,1789453897.009425,1789453897.009425,0.5859
/camera/world/agv3_confidence,1789453897.0094624,1789453897.0094624,0.6005
/camera/world/agv1_confidence,1789453897.0095627,1789453897.0095627,0.5749
/camera/world/agv2_confidence,1789453897.0495198,1789453897.0495198,0.5831
/camera/world/agv1_confidence,1789453897.0495384,1789453897.0495384,0.5713
/camera/world/agv3_confidence,1789453897.0497081,1789453897.0497081,0.5999
/camera/world/agv1_confidence,1789453897.0835938,1789453897.0835938,0.5632
/camera/world/agv3_confidence,1789453897.0837615,1789453897.0837615,0.6023
/camera/world/agv2_confidence,1789453897.083772,1789453897.083772,0.583
/camera/world/agv1_confidence,1789453897.1115963,1789453897.1115963,0.5557
/camera/world/agv2_confidence,1789453897.111781,1789453897.111781,0.5833
/camera/world/agv3_confidence,1789453897.1119275,1789453897.1119275,0.5993
/camera/world/agv1_confidence,1789453897.1397245,1789453897.1397245,0.5571
/camera/world/agv2_confidence,1789453897.1398299,1789453897.1398299,0.5851
/camera/world/agv3_confidence,1789453897.1398976,1789453897.1398976,0.6012
/camera/world/agv1_confidence,1789453897.1824625,1789453897.1824625,0.5726
/camera/world/agv2_confidence,1789453897.1826549,1789453897.1826549,0.5845
/camera/world/agv3_confidence,1789453897.1827493,1789453897.1827493,0.5991
/camera/world/agv1_confidence,1789453897.2097385,1789453897.2097385,0.5712
/camera/world/agv2_confidence,1789453897.209753,1789453897.209753,0.5841
/camera/world/agv3_confidence,1789453897.2098224,1789453897.2098224,0.6022
/camera/world/agv1_confidence,1789453897.2430327,1789453897.2430327,0.5768
/camera/world/agv2_confidence,1789453897.2432413,1789453897.2432413,0.5835
/camera/world/agv3_confidence,1789453897.243426,1789453897.243426,0.5735
/camera/world/agv1_confidence,1789453897.273235,1789453897.273235,0.5604
/camera/world/agv2_confidence,1789453897.2735445,1789453897.2735445,0.5831
/camera/world/agv3_confidence,1789453897.2735636,1789453897.2735636,0.5991
/camera/world/agv1_confidence,1789453897.3062747,1789453897.3062747,0.5664
/camera/world/agv3_confidence,1789453897.3065467,1789453897.3065467,0.6012
/camera/world/agv2_confidence,1789453897.3065653,1789453897.3065653,0.5823
/camera/world/agv2_confidence,1789453897.3480577,1789453897.3480577,0.5846
/camera/world/agv1_confidence,1789453897.3481119,1789453897.3481119,0.5766
/camera/world/agv3_confidence,1789453897.348346,1789453897.348346,0.5992
/camera/world/agv1_confidence,1789453897.3824925,1789453897.3824925,0.5808
/camera/world/agv2_confidence,1789453897.3826952,1789453897.3826952,0.584
/camera/world/agv3_confidence,1789453897.3827085,1789453897.3827085,0.6006
/camera/world/agv1_confidence,1789453897.4130006,1789453897.4130006,0.5778
/camera/world/agv3_confidence,1789453897.4130569,1789453897.4130569,0.5992
/camera/world/agv2_confidence,1789453897.4130964,1789453897.4130964,0.5834
/camera/world/agv2_confidence,1789453897.4440532,1789453897.4440532,0.5822
/camera/world/agv1_confidence,1789453897.4440944,1789453897.4440944,0.5771
/camera/world/agv3_confidence,1789453897.4441068,1789453897.4441068,0.6011
/camera/world/agv2_confidence,1789453897.4832122,1789453897.4832122,0.583
/camera/world/agv1_confidence,1789453897.4832675,1789453897.4832675,0.5772
/camera/world/agv3_confidence,1789453897.4832768,1789453897.4832768,0.6017
/camera/world/agv1_confidence,1789453897.509134,1789453897.509134,0.5718
/camera/world/agv2_confidence,1789453897.5092993,1789453897.5092993,0.5843
/camera/world/agv3_confidence,1789453897.5093145,1789453897.5093145,0.5987
/camera/world/agv2_confidence,1789453897.5436125,1789453897.5436125,0.5843
/camera/world/agv1_confidence,1789453897.5436323,1789453897.5436323,0.5723
/camera/world/agv3_confidence,1789453897.5436375,1789453897.5436375,0.5986
/camera/world/agv1_confidence,1789453897.5740001,1789453897.5740001,0.5724
/camera/world/agv2_confidence,1789453897.5742693,1789453897.5742693,0.5826
/camera/world/agv3_confidence,1789453897.5743864,1789453897.5743864,0.599
/camera/world/agv1_confidence,1789453897.6064394,1789453897.6064394,0.5639
/camera/world/agv2_confidence,1789453897.6064422,1789453897.6064422,0.5833
/camera/world/agv3_confidence,1789453897.6064565,1789453897.6064565,0.6004
/camera/world/agv3_confidence,1789453897.6453354,1789453897.6453354,0.5994
/camera/world/agv1_confidence,1789453897.6454306,1789453897.6454306,0.5549
/camera/world/agv2_confidence,1789453897.6454446,1789453897.6454446,0.5833
/camera/world/agv2_confidence,1789453897.6778905,1789453897.6778905,0.5822
/camera/world/agv3_confidence,1789453897.6781085,1789453897.6781085,0.5985
/camera/world/agv1_confidence,1789453897.678127,1789453897.678127,0.5554
/camera/world/agv1_confidence,1789453897.7085013,1789453897.7085013,0.554
/camera/world/agv3_confidence,1789453897.708691,1789453897.708691,0.5999
/camera/world/agv2_confidence,1789453897.7087727,1789453897.7087727,0.5813
/camera/world/agv1_confidence,1789453897.743277,1789453897.743277,0.5681
/camera/world/agv3_confidence,1789453897.743696,1789453897.743696,0.5987
/camera/world/agv2_confidence,1789453897.7438064,1789453897.7438064,0.582
/camera/world/agv2_confidence,1789453897.7766037,1789453897.7766037,0.5811
/camera/world/agv3_confidence,1789453897.7767766,1789453897.7767766,0.5966
/camera/world/agv1_confidence,1789453897.7768874,1789453897.7768874,0.5777
/camera/world/agv3_confidence,1789453897.8102968,1789453897.8102968,0.5997
/camera/world/agv2_confidence,1789453897.810371,1789453897.810371,0.5826
/camera/world/agv1_confidence,1789453897.8103712,1789453897.8103712,0.5766
/camera/world/agv1_confidence,1789453897.8454185,1789453897.8454185,0.5751
/camera/world/agv3_confidence,1789453897.8457396,1789453897.8457396,0.5976
/camera/world/agv2_confidence,1789453897.8457747,1789453897.8457747,0.5838
/camera/world/agv1_confidence,1789453897.8789842,1789453897.8789842,0.5732
/camera/world/agv3_confidence,1789453897.8790696,1789453897.8790696,0.5978
/camera/world/agv2_confidence,1789453897.879101,1789453897.879101,0.5805
/camera/world/agv1_confidence,1789453897.9241767,1789453897.9241767,0.5528
/camera/world/agv2_confidence,1789453897.9242575,1789453897.9242575,0.5815
/camera/world/agv3_confidence,1789453897.9243531,1789453897.9243531,0.5976
/camera/world/agv1_confidence,1789453897.9472883,1789453897.9472883,0.5582
/camera/world/agv2_confidence,1789453897.9473157,1789453897.9473157,0.5806
/camera/world/agv3_confidence,1789453897.947481,1789453897.947481,0.5996
/camera/world/agv2_confidence,1789453897.973932,1789453897.973932,0.5827
/camera/world/agv1_confidence,1789453897.973956,1789453897.973956,0.573
/camera/world/agv3_confidence,1789453897.9740136,1789453897.9740136,0.5964
/camera/world/agv3_confidence,1789453898.0063725,1789453898.0063725,0.5975
/camera/world/agv1_confidence,1789453898.0064259,1789453898.0064259,0.5712
/camera/world/agv2_confidence,1789453898.0064676,1789453898.0064676,0.5812
/camera/world/agv2_confidence,1789453898.0462182,1789453898.0462182,0.581
/camera/world/agv1_confidence,1789453898.046258,1789453898.046258,0.5654
/camera/world/agv3_confidence,1789453898.0463634,1789453898.0463634,0.5974
/camera/world/agv1_confidence,1789453898.0836132,1789453898.0836132,0.5492
/camera/world/agv2_confidence,1789453898.0837932,1789453898.0837932,0.5776
/camera/world/agv3_confidence,1789453898.0839732,1789453898.0839732,0.5948
/camera/world/agv2_confidence,1789453898.1182508,1789453898.1182508,0.5799
/camera/world/agv1_confidence,1789453898.1183243,1789453898.1183243,0.5786
/camera/world/agv3_confidence,1789453898.1183252,1789453898.1183252,0.5958
/camera/world/agv1_confidence,1789453898.146332,1789453898.146332,0.5762
/camera/world/agv2_confidence,1789453898.1463459,1789453898.1463459,0.5801
/camera/world/agv3_confidence,1789453898.1463847,1789453898.1463847,0.5977
/camera/world/agv1_confidence,1789453898.1858592,1789453898.1858592,0.5765
/camera/world/agv2_confidence,1789453898.1860633,1789453898.1860633,0.5787
/camera/world/agv3_confidence,1789453898.1861074,1789453898.1861074,0.5976
/camera/world/agv2_confidence,1789453898.2087886,1789453898.2087886,0.5802
/camera/world/agv3_confidence,1789453898.2088497,1789453898.2088497,0.5944
/camera/world/agv1_confidence,1789453898.2088926,1789453898.2088926,0.5782
/camera/world/agv1_confidence,1789453898.2430055,1789453898.2430055,0.5595
/camera/world/agv2_confidence,1789453898.2430253,1789453898.2430253,0.5801
/camera/world/agv3_confidence,1789453898.24305,1789453898.24305,0.5945
/camera/world/agv1_confidence,1789453898.2767565,1789453898.2767565,0.5739
/camera/world/agv3_confidence,1789453898.2770722,1789453898.2770722,0.5986
/camera/world/agv2_confidence,1789453898.277093,1789453898.277093,0.5787
/camera/world/agv2_confidence,1789453898.310134,1789453898.310134,0.5783
/camera/world/agv3_confidence,1789453898.3101823,1789453898.3101823,0.5943
/camera/world/agv1_confidence,1789453898.3103278,1789453898.3103278,0.5761
/camera/world/agv3_confidence,1789453898.3443909,1789453898.3443909,0.595
/camera/world/agv2_confidence,1789453898.3444405,1789453898.3444405,0.5835
/camera/world/agv1_confidence,1789453898.3445067,1789453898.3445067,0.5757
/camera/world/agv1_confidence,1789453898.3742137,1789453898.3742137,0.5792
/camera/world/agv3_confidence,1789453898.3743231,1789453898.3743231,0.5973
/camera/world/agv2_confidence,1789453898.3743882,1789453898.3743882,0.582
/camera/world/agv1_confidence,1789453898.413164,1789453898.413164,0.5771
/camera/world/agv2_confidence,1789453898.4133098,1789453898.4133098,0.5778
/camera/world/agv3_confidence,1789453898.4134731,1789453898.4134731,0.5971
/camera/world/agv3_confidence,1789453898.4453394,1789453898.4453394,0.5942
/camera/world/agv1_confidence,1789453898.445344,1789453898.445344,0.5749
/camera/world/agv2_confidence,1789453898.4453747,1789453898.4453747,0.5786
/camera/world/agv1_confidence,1789453898.4775958,1789453898.4775958,0.5749
/camera/world/agv3_confidence,1789453898.4777248,1789453898.4777248,0.5932
/camera/world/agv2_confidence,1789453898.4777455,1789453898.4777455,0.5763
/camera/world/agv1_confidence,1789453898.51249,1789453898.51249,0.5661
/camera/world/agv3_confidence,1789453898.5126123,1789453898.5126123,0.5941
/camera/world/agv2_confidence,1789453898.5126898,1789453898.5126898,0.5772
/camera/world/agv1_confidence,1789453898.5413904,1789453898.5413904,0.5731
/camera/world/agv3_confidence,1789453898.5415802,1789453898.5415802,0.5946
/camera/world/agv2_confidence,1789453898.5417361,1789453898.5417361,0.5779
/camera/world/agv2_confidence,1789453898.5822117,1789453898.5822117,0.5744
/camera/world/agv1_confidence,1789453898.5823143,1789453898.5823143,0.5675
/camera/world/agv3_confidence,1789453898.582379,1789453898.582379,0.5945
/camera/world/agv1_confidence,1789453898.6149733,1789453898.6149733,0.5659
/camera/world/agv2_confidence,1789453898.6150773,1789453898.6150773,0.5666
/camera/world/agv3_confidence,1789453898.6155467,1789453898.6155467,0.5949
/camera/world/agv2_confidence,1789453898.6420913,1789453898.6420913,0.5783
/camera/world/agv1_confidence,1789453898.642234,1789453898.642234,0.5644
/camera/world/agv3_confidence,1789453898.6423786,1789453898.6423786,0.5947
/camera/world/agv3_confidence,1789453898.676404,1789453898.676404,0.5953
/camera/world/agv2_confidence,1789453898.6764066,1789453898.6764066,0.5538
/camera/world/agv1_confidence,1789453898.6764183,1789453898.6764183,0.5714
/camera/world/agv1_confidence,1789453898.718556,1789453898.718556,0.57
/camera/world/agv3_confidence,1789453898.7186258,1789453898.7186258,0.5918
/camera/world/agv2_confidence,1789453898.7186449,1789453898.7186449,0.561
/camera/world/agv1_confidence,1789453898.7437572,1789453898.7437572,0.5734
/camera/world/agv3_confidence,1789453898.7439213,1789453898.7439213,0.5928
/camera/world/agv2_confidence,1789453898.7439673,1789453898.7439673,0.5615
/camera/world/agv1_confidence,1789453898.7745183,1789453898.7745183,0.5624
/camera/world/agv2_confidence,1789453898.774524,1789453898.774524,0.5697
/camera/world/agv3_confidence,1789453898.7746954,1789453898.7746954,0.5638
/camera/world/agv1_confidence,1789453898.8070223,1789453898.8070223,0.5757
/camera/world/agv3_confidence,1789453898.807045,1789453898.807045,0.5922
/camera/world/agv2_confidence,1789453898.8070562,1789453898.8070562,0.5796
/camera/world/agv1_confidence,1789453898.8420622,1789453898.8420622,0.5699
/camera/world/agv2_confidence,1789453898.842218,1789453898.842218,0.5733
/camera/world/agv3_confidence,1789453898.8424885,1789453898.8424885,0.5933
/camera/world/agv1_confidence,1789453898.8746278,1789453898.8746278,0.5748
/camera/world/agv2_confidence,1789453898.8748403,1789453898.8748403,0.5554
/camera/world/agv3_confidence,1789453898.875008,1789453898.875008,0.5934
/camera/world/agv1_confidence,1789453898.9145107,1789453898.9145107,0.5759
/camera/world/agv2_confidence,1789453898.9147687,1789453898.9147687,0.5797
/camera/world/agv3_confidence,1789453898.9147787,1789453898.9147787,0.5903
/camera/world/agv2_confidence,1789453898.9474916,1789453898.9474916,0.5716
/camera/world/agv1_confidence,1789453898.9475734,1789453898.9475734,0.5636
/camera/world/agv3_confidence,1789453898.947852,1789453898.947852,0.5947
/camera/world/agv1_confidence,1789453898.9805942,1789453898.9805942,0.5757
/camera/world/agv2_confidence,1789453898.9806924,1789453898.9806924,0.572
/camera/world/agv3_confidence,1789453898.981075,1789453898.981075,0.595
/camera/world/agv2_confidence,1789453899.0084581,1789453899.0084581,0.5764
/camera/world/agv1_confidence,1789453899.008486,1789453899.008486,0.575
/camera/world/agv3_confidence,1789453899.0086153,1789453899.0086153,0.5892
/camera/world/agv2_confidence,1789453899.0404794,1789453899.0404794,0.572
/camera/world/agv1_confidence,1789453899.040548,1789453899.040548,0.5765
/camera/world/agv3_confidence,1789453899.0406814,1789453899.0406814,0.5918
/camera/world/agv3_confidence,1789453899.0756283,1789453899.0756283,0.5938
/camera/world/agv2_confidence,1789453899.0756555,1789453899.0756555,0.5495
/camera/world/agv1_confidence,1789453899.0757,1789453899.0757,0.5707
/camera/world/agv3_confidence,1789453899.1111357,1789453899.1111357,0.565
/camera/world/agv2_confidence,1789453899.11119,1789453899.11119,0.5688
/camera/world/agv1_confidence,1789453899.1112218,1789453899.1112218,0.5703
/camera/world/agv1_confidence,1789453899.14221,1789453899.14221,0.5741
/camera/world/agv2_confidence,1789453899.1424077,1789453899.1424077,0.5785
/camera/world/agv3_confidence,1789453899.1425889,1789453899.1425889,0.5923
/camera/world/agv2_confidence,1789453899.18577,1789453899.18577,0.574
/camera/world/agv1_confidence,1789453899.1858232,1789453899.1858232,0.5775
/camera/world/agv3_confidence,1789453899.1858656,1789453899.1858656,0.5921
/camera/world/agv1_confidence,1789453899.2103438,1789453899.2103438,0.5734
/camera/world/agv3_confidence,1789453899.2106166,1789453899.2106166,0.5905
/camera/world/agv2_confidence,1789453899.2106192,1789453899.2106192,0.5672
/camera/world/agv1_confidence,1789453899.2422307,1789453899.2422307,0.5679
/camera/world/agv2_confidence,1789453899.2424762,1789453899.2424762,0.5746
/camera/world/agv3_confidence,1789453899.242529,1789453899.242529,0.5898
/camera/world/agv1_confidence,1789453899.2756922,1789453899.2756922,0.5613
/camera/world/agv3_confidence,1789453899.2761145,1789453899.2761145,0.5896
/camera/world/agv2_confidence,1789453899.2761211,1789453899.2761211,0.5679
/camera/world/agv2_confidence,1789453899.317148,1789453899.317148,0.5665
/camera/world/agv1_confidence,1789453899.3171968,1789453899.3171968,0.5694
/camera/world/agv3_confidence,1789453899.3172786,1789453899.3172786,0.5893
/camera/world/agv1_confidence,1789453899.3446686,1789453899.3446686,0.569
/camera/world/agv3_confidence,1789453899.3448856,1789453899.3448856,0.5905
/camera/world/agv2_confidence,1789453899.3449063,1789453899.3449063,0.5725
/camera/world/agv2_confidence,1789453899.376352,1789453899.376352,0.5677
/camera/world/agv1_confidence,1789453899.3764873,1789453899.3764873,0.5782
/camera/world/agv3_confidence,1789453899.3767388,1789453899.3767388,0.5624
/camera/world/agv3_confidence,1789453899.415485,1789453899.415485,0.5885
/camera/world/agv2_confidence,1789453899.4155116,1789453899.4155116,0.5705
/camera/world/agv1_confidence,1789453899.4155421,1789453899.4155421,0.5663
/camera/world/agv1_confidence,1789453899.442469,1789453899.442469,0.5655
/camera/world/agv3_confidence,1789453899.4425275,1789453899.4425275,0.574
/camera/world/agv2_confidence,1789453899.442529,1789453899.442529,0.5724
/camera/world/agv1_confidence,1789453899.4756699,1789453899.4756699,0.5714
/camera/world/agv2_confidence,1789453899.475749,1789453899.475749,0.5728
/camera/world/agv3_confidence,1789453899.47581,1789453899.47581,0.5897
/camera/world/agv1_confidence,1789453899.5123394,1789453899.5123394,0.5684
/camera/world/agv3_confidence,1789453899.5124269,1789453899.5124269,0.5905
/camera/world/agv2_confidence,1789453899.512436,1789453899.512436,0.5589
/camera/world/agv2_confidence,1789453899.5410302,1789453899.5410302,0.5683
/camera/world/agv1_confidence,1789453899.5410423,1789453899.5410423,0.5775
/camera/world/agv3_confidence,1789453899.5411856,1789453899.5411856,0.5871
/camera/world/agv1_confidence,1789453899.580521,1789453899.580521,0.5663
/camera/world/agv3_confidence,1789453899.5805583,1789453899.5805583,0.587
/camera/world/agv2_confidence,1789453899.5805652,1789453899.5805652,0.5625
/camera/world/agv1_confidence,1789453899.614593,1789453899.614593,0.5275
/camera/world/agv2_confidence,1789453899.6145945,1789453899.6145945,0.5736
/camera/world/agv3_confidence,1789453899.6146138,1789453899.6146138,0.5642
/camera/world/agv1_confidence,1789453899.6436183,1789453899.6436183,0.5749
/camera/world/agv2_confidence,1789453899.6436307,1789453899.6436307,0.5704
/camera/world/agv3_confidence,1789453899.6437387,1789453899.6437387,0.5917
/camera/world/agv2_confidence,1789453899.6959474,1789453899.6959474,0.5508
/camera/world/agv1_confidence,1789453899.6960387,1789453899.6960387,0.5643
/camera/world/agv3_confidence,1789453899.696045,1789453899.696045,0.5835
/camera/world/agv3_confidence,1789453899.706484,1789453899.706484,0.59
/camera/world/agv2_confidence,1789453899.706523,1789453899.706523,0.5694
/camera/world/agv1_confidence,1789453899.7065794,1789453899.7065794,0.562
/camera/world/agv2_confidence,1789453899.7490115,1789453899.7490115,0.5675
/camera/world/agv1_confidence,1789453899.7490358,1789453899.7490358,0.5582
/camera/world/agv3_confidence,1789453899.7492387,1789453899.7492387,0.5888
/camera/world/agv2_confidence,1789453899.7818885,1789453899.7818885,0.5702
/camera/world/agv1_confidence,1789453899.7819502,1789453899.7819502,0.5741
/camera/world/agv3_confidence,1789453899.7821903,1789453899.7821903,0.5887
/camera/world/agv1_confidence,1789453899.8147702,1789453899.8147702,0.577
/camera/world/agv3_confidence,1789453899.8150125,1789453899.8150125,0.5853
/camera/world/agv2_confidence,1789453899.8150291,1789453899.8150291,0.5609
/camera/world/agv1_confidence,1789453899.842924,1789453899.842924,0.5729
/camera/world/agv2_confidence,1789453899.843127,1789453899.843127,0.5673
/camera/world/agv3_confidence,1789453899.8432941,1789453899.8432941,0.587
/camera/world/agv2_confidence,1789453899.877635,1789453899.877635,0.5553
/camera/world/agv1_confidence,1789453899.877688,1789453899.877688,0.5677
/camera/world/agv3_confidence,1789453899.8778055,1789453899.8778055,0.5623
/camera/world/agv1_confidence,1789453899.9120376,1789453899.9120376,0.5737
/camera/world/agv3_confidence,1789453899.912204,1789453899.912204,0.5869
/camera/world/agv2_confidence,1789453899.912276,1789453899.912276,0.5631
/camera/world/agv1_confidence,1789453899.9463134,1789453899.9463134,0.5716
/camera/world/agv3_confidence,1789453899.9463863,1789453899.9463863,0.5812
/camera/world/agv2_confidence,1789453899.946507,1789453899.946507,0.5701
/camera/world/agv1_confidence,1789453899.978336,1789453899.978336,0.5692
/camera/world/agv3_confidence,1789453899.9784257,1789453899.9784257,0.5837
/camera/world/agv2_confidence,1789453899.9784625,1789453899.9784625,0.545
/camera/world/agv1_confidence,1789453900.0252717,1789453900.0252717,0.5462
/camera/world/agv2_confidence,1789453900.0252943,1789453900.0252943,0.5734
/camera/world/agv3_confidence,1789453900.0252988,1789453900.0252988,0.588
/camera/world/agv3_confidence,1789453900.0441213,1789453900.0441213,0.5838
/camera/world/agv1_confidence,1789453900.044155,1789453900.044155,0.5713
/camera/world/agv2_confidence,1789453900.0441663,1789453900.0441663,0.5588
/camera/world/agv3_confidence,1789453900.0808766,1789453900.0808766,0.5696
/camera/world/agv1_confidence,1789453900.0808806,1789453900.0808806,0.5463
/camera/world/agv2_confidence,1789453900.0809681,1789453900.0809681,0.5707
/camera/world/agv1_confidence,1789453900.112908,1789453900.112908,0.5718
/camera/world/agv2_confidence,1789453900.1129103,1789453900.1129103,0.5729
/camera/world/agv3_confidence,1789453900.113131,1789453900.113131,0.5862
/camera/world/agv1_confidence,1789453900.1469212,1789453900.1469212,0.5747
/camera/world/agv2_confidence,1789453900.1469805,1789453900.1469805,0.5355
/camera/world/agv3_confidence,1789453900.1472547,1789453900.1472547,0.5849
/camera/world/agv1_confidence,1789453900.1841226,1789453900.1841226,0.5762
/camera/world/agv3_confidence,1789453900.1842065,1789453900.1842065,0.5879
/camera/world/agv2_confidence,1789453900.1843562,1789453900.1843562,0.5641
/camera/world/agv3_confidence,1789453900.210157,1789453900.210157,0.5654
/camera/world/agv2_confidence,1789453900.210254,1789453900.210254,0.5718
/camera/world/agv1_confidence,1789453900.210275,1789453900.210275,0.5731
/camera/world/agv1_confidence,1789453900.2422814,1789453900.2422814,0.5567
/camera/world/agv2_confidence,1789453900.2422857,1789453900.2422857,0.571
/camera/world/agv3_confidence,1789453900.2423093,1789453900.2423093,0.5851
/camera/world/agv1_confidence,1789453900.2799551,1789453900.2799551,0.5685
/camera/world/agv3_confidence,1789453900.2799869,1789453900.2799869,0.5806
/camera/world/agv2_confidence,1789453900.2800007,1789453900.2800007,0.5709
/camera/world/agv1_confidence,1789453900.3126113,1789453900.3126113,0.5784
/camera/world/agv2_confidence,1789453900.3126915,1789453900.3126915,0.5529
/camera/world/agv3_confidence,1789453900.3129086,1789453900.3129086,0.5451
/camera/world/agv2_confidence,1789453900.3501236,1789453900.3501236,0.5584
/camera/world/agv1_confidence,1789453900.350167,1789453900.350167,0.5719
/camera/world/agv3_confidence,1789453900.3501964,1789453900.3501964,0.5762
/camera/world/agv1_confidence,1789453900.3810909,1789453900.3810909,0.5744
/camera/world/agv3_confidence,1789453900.3813183,1789453900.3813183,0.5864
/camera/world/agv2_confidence,1789453900.381387,1789453900.381387,0.5373
/camera/world/agv1_confidence,1789453900.4121635,1789453900.4121635,0.5744
/camera/world/agv3_confidence,1789453900.4122524,1789453900.4122524,0.5663
/camera/world/agv2_confidence,1789453900.4122694,1789453900.4122694,0.5709
/camera/world/agv1_confidence,1789453900.4433806,1789453900.4433806,0.576
/camera/world/agv2_confidence,1789453900.443595,1789453900.443595,0.5674
/camera/world/agv3_confidence,1789453900.443639,1789453900.443639,0.586
/camera/world/agv1_confidence,1789453900.479939,1789453900.479939,0.5733
/camera/world/agv3_confidence,1789453900.4799814,1789453900.4799814,0.5421
/camera/world/agv2_confidence,1789453900.4799926,1789453900.4799926,0.5702
/camera/world/agv1_confidence,1789453900.5138276,1789453900.5138276,0.5718
/camera/world/agv2_confidence,1789453900.5140963,1789453900.5140963,0.5461
/camera/world/agv3_confidence,1789453900.5143964,1789453900.5143964,0.5787
/camera/world/agv1_confidence,1789453900.546265,1789453900.546265,0.5738
/camera/world/agv3_confidence,1789453900.5463076,1789453900.5463076,0.5799
/camera/world/agv2_confidence,1789453900.5463576,1789453900.5463576,0.5612
/camera/world/agv1_confidence,1789453900.5819666,1789453900.5819666,0.5761
/camera/world/agv2_confidence,1789453900.582345,1789453900.582345,0.5528
/camera/world/agv3_confidence,1789453900.582358,1789453900.582358,0.5836
/camera/world/agv1_confidence,1789453900.6086216,1789453900.6086216,0.5733
/camera/world/agv2_confidence,1789453900.608716,1789453900.608716,0.5488
/camera/world/agv3_confidence,1789453900.6088972,1789453900.6088972,0.5812
/camera/world/agv1_confidence,1789453900.6462765,1789453900.6462765,0.5548
/camera/world/agv3_confidence,1789453900.6464286,1789453900.6464286,0.5817
/camera/world/agv2_confidence,1789453900.6464376,1789453900.6464376,0.5669
/camera/world/agv1_confidence,1789453900.6757705,1789453900.6757705,0.541
/camera/world/agv2_confidence,1789453900.6758666,1789453900.6758666,0.5312
/camera/world/agv3_confidence,1789453900.6759655,1789453900.6759655,0.5566
/camera/world/agv1_confidence,1789453900.7142975,1789453900.7142975,0.5754
/camera/world/agv3_confidence,1789453900.714304,1789453900.714304,0.5815
/camera/world/agv2_confidence,1789453900.7144375,1789453900.7144375,0.5652
/camera/world/agv2_confidence,1789453900.7460978,1789453900.7460978,0.564
/camera/world/agv3_confidence,1789453900.746134,1789453900.746134,0.5829
/camera/world/agv1_confidence,1789453900.7462797,1789453900.7462797,0.5672
/camera/world/agv1_confidence,1789453900.7783558,1789453900.7783558,0.5718
/camera/world/agv2_confidence,1789453900.7784202,1789453900.7784202,0.5687
/camera/world/agv3_confidence,1789453900.778473,1789453900.778473,0.5758
/camera/world/agv2_confidence,1789453900.8098104,1789453900.8098104,0.542
/camera/world/agv3_confidence,1789453900.8098857,1789453900.8098857,0.578
/camera/world/agv1_confidence,1789453900.8099666,1789453900.8099666,0.5415
/camera/world/agv3_confidence,1789453900.8402345,1789453900.8402345,0.579
/camera/world/agv2_confidence,1789453900.8402398,1789453900.8402398,0.5699
/camera/world/agv1_confidence,1789453900.840264,1789453900.840264,0.5731
/camera/world/agv3_confidence,1789453900.883547,1789453900.883547,0.5554
/camera/world/agv2_confidence,1789453900.883585,1789453900.883585,0.5649
/camera/world/agv1_confidence,1789453900.8835883,1789453900.8835883,0.5639
/camera/world/agv1_confidence,1789453900.9114869,1789453900.9114869,0.564
/camera/world/agv2_confidence,1789453900.9115126,1789453900.9115126,0.565
/camera/world/agv3_confidence,1789453900.9115794,1789453900.9115794,0.5778
/camera/world/agv3_confidence,1789453900.940282,1789453900.940282,0.5768
/camera/world/agv2_confidence,1789453900.9402847,1789453900.9402847,0.5578
/camera/world/agv1_confidence,1789453900.9402897,1789453900.9402897,0.5557
/camera/world/agv2_confidence,1789453900.9838004,1789453900.9838004,0.5458
/camera/world/agv1_confidence,1789453900.9838114,1789453900.9838114,0.5773
/camera/world/agv3_confidence,1789453900.9840596,1789453900.9840596,0.577
/camera/world/agv2_confidence,1789453901.0104852,1789453901.0104852,0.5581
/camera/world/agv1_confidence,1789453901.01062,1789453901.01062,0.5744
/camera/world/agv3_confidence,1789453901.0107954,1789453901.0107954,0.574
/camera/world/agv3_confidence,1789453901.0414898,1789453901.0414898,0.5827
/camera/world/agv1_confidence,1789453901.041502,1789453901.041502,0.5733
/camera/world/agv2_confidence,1789453901.0415184,1789453901.0415184,0.5554
/camera/world/agv1_confidence,1789453901.0782518,1789453901.0782518,0.548
/camera/world/agv2_confidence,1789453901.0785565,1789453901.0785565,0.5561
/camera/world/agv3_confidence,1789453901.0786865,1789453901.0786865,0.5637
/camera/world/agv1_confidence,1789453901.1115959,1789453901.1115959,0.5748
/camera/world/agv3_confidence,1789453901.1116152,1789453901.1116152,0.5774
/camera/world/agv2_confidence,1789453901.111624,1789453901.111624,0.5324
/camera/world/agv2_confidence,1789453901.142164,1789453901.142164,0.5661
/camera/world/agv1_confidence,1789453901.1421683,1789453901.1421683,0.5767
/camera/world/agv3_confidence,1789453901.1421788,1789453901.1421788,0.5662
/camera/world/agv1_confidence,1789453901.1738899,1789453901.1738899,0.5733
/camera/world/agv3_confidence,1789453901.173944,1789453901.173944,0.5808
/camera/world/agv2_confidence,1789453901.1739595,1789453901.1739595,0.5641
/camera/world/agv1_confidence,1789453901.2071972,1789453901.2071972,0.5624
/camera/world/agv3_confidence,1789453901.2073038,1789453901.2073038,0.5851
/camera/world/agv2_confidence,1789453901.20746,1789453901.20746,0.5576
/camera/world/agv1_confidence,1789453901.2519386,1789453901.2519386,0.5688
/camera/world/agv2_confidence,1789453901.252014,1789453901.252014,0.56
/camera/world/agv3_confidence,1789453901.2520502,1789453901.2520502,0.5778
/camera/world/agv1_confidence,1789453901.2825227,1789453901.2825227,0.5732
/camera/world/agv2_confidence,1789453901.2825963,1789453901.2825963,0.563
/camera/world/agv3_confidence,1789453901.2826588,1789453901.2826588,0.5801
/camera/world/agv1_confidence,1789453901.318366,1789453901.318366,0.5776
/camera/world/agv2_confidence,1789453901.31857,1789453901.31857,0.5641
/camera/world/agv3_confidence,1789453901.3185902,1789453901.3185902,0.5726
/camera/world/agv2_confidence,1789453901.346809,1789453901.346809,0.5597
/camera/world/agv3_confidence,1789453901.346927,1789453901.346927,0.5707
/camera/world/agv1_confidence,1789453901.3470051,1789453901.3470051,0.5732
/camera/world/agv1_confidence,1789453901.3756466,1789453901.3756466,0.5794
/camera/world/agv2_confidence,1789453901.3757896,1789453901.3757896,0.5659
/camera/world/agv3_confidence,1789453901.375807,1789453901.375807,0.5843
/camera/world/agv2_confidence,1789453901.4160585,1789453901.4160585,0.5565
/camera/world/agv3_confidence,1789453901.4161007,1789453901.4161007,0.5825
/camera/world/agv1_confidence,1789453901.416205,1789453901.416205,0.5794
/camera/world/agv1_confidence,1789453901.4406798,1789453901.4406798,0.576
/camera/world/agv2_confidence,1789453901.4408395,1789453901.4408395,0.563
/camera/world/agv3_confidence,1789453901.4408429,1789453901.4408429,0.5788
/camera/world/agv1_confidence,1789453901.4808986,1789453901.4808986,0.5774
/camera/world/agv2_confidence,1789453901.4810512,1789453901.4810512,0.5708
/camera/world/agv3_confidence,1789453901.4811602,1789453901.4811602,0.5831
/camera/world/agv1_confidence,1789453901.5150902,1789453901.5150902,0.5743
/camera/world/agv2_confidence,1789453901.5152545,1789453901.5152545,0.556
/camera/world/agv3_confidence,1789453901.5154858,1789453901.5154858,0.5744
/camera/world/agv2_confidence,1789453901.5457535,1789453901.5457535,0.5648
/camera/world/agv1_confidence,1789453901.545985,1789453901.545985,0.5788
/camera/world/agv3_confidence,1789453901.546016,1789453901.546016,0.5827
/camera/world/agv1_confidence,1789453901.5798187,1789453901.5798187,0.5801
/camera/world/agv2_confidence,1789453901.5798397,1789453901.5798397,0.5682
/camera/world/agv3_confidence,1789453901.5801785,1789453901.5801785,0.5463
/camera/world/agv1_confidence,1789453901.612501,1789453901.612501,0.5759
/camera/world/agv2_confidence,1789453901.6128237,1789453901.6128237,0.5605
/camera/world/agv3_confidence,1789453901.6128335,1789453901.6128335,0.5606
/camera/world/agv1_confidence,1789453901.6426697,1789453901.6426697,0.5769
/camera/world/agv3_confidence,1789453901.6426814,1789453901.6426814,0.5709
/camera/world/agv2_confidence,1789453901.6427996,1789453901.6427996,0.5631
/camera/world/agv1_confidence,1789453901.6734893,1789453901.6734893,0.5762
/camera/world/agv2_confidence,1789453901.6736245,1789453901.6736245,0.5618
/camera/world/agv3_confidence,1789453901.6737814,1789453901.6737814,0.5816
/camera/world/agv1_confidence,1789453901.7133603,1789453901.7133603,0.5646
/camera/world/agv3_confidence,1789453901.7135768,1789453901.7135768,0.5708
/camera/world/agv2_confidence,1789453901.7135918,1789453901.7135918,0.5611
/camera/world/agv1_confidence,1789453901.7491126,1789453901.7491126,0.5791
/camera/world/agv2_confidence,1789453901.749408,1789453901.749408,0.5623
/camera/world/agv3_confidence,1789453901.749426,1789453901.749426,0.5806
/camera/world/agv1_confidence,1789453901.7741392,1789453901.7741392,0.578
/camera/world/agv2_confidence,1789453901.7744026,1789453901.7744026,0.5336
/camera/world/agv3_confidence,1789453901.77456,1789453901.77456,0.5763
/camera/world/agv1_confidence,1789453901.8224306,1789453901.8224306,0.578
/camera/world/agv2_confidence,1789453901.8225284,1789453901.8225284,0.5569
/camera/world/agv3_confidence,1789453901.8226662,1789453901.8226662,0.5779
/camera/world/agv1_confidence,1789453901.8474042,1789453901.8474042,0.5788
/camera/world/agv2_confidence,1789453901.8475611,1789453901.8475611,0.5398
/camera/world/agv3_confidence,1789453901.8477545,1789453901.8477545,0.5834
/camera/world/agv1_confidence,1789453901.8770578,1789453901.8770578,0.5769
/camera/world/agv2_confidence,1789453901.8771522,1789453901.8771522,0.5702
/camera/world/agv3_confidence,1789453901.877163,1789453901.877163,0.5644
/camera/world/agv1_confidence,1789453901.913592,1789453901.913592,0.5775
/camera/world/agv3_confidence,1789453901.913693,1789453901.913693,0.5792
/camera/world/agv2_confidence,1789453901.9136982,1789453901.9136982,0.5626
/camera/world/agv3_confidence,1789453901.9475112,1789453901.9475112,0.5786
/camera/world/agv1_confidence,1789453901.9476237,1789453901.9476237,0.5785
/camera/world/agv2_confidence,1789453901.947666,1789453901.947666,0.5703
/camera/world/agv1_confidence,1789453901.974693,1789453901.974693,0.5751
/camera/world/agv3_confidence,1789453901.974705,1789453901.974705,0.5776
/camera/world/agv2_confidence,1789453901.9747896,1789453901.9747896,0.5662
/camera/world/agv1_confidence,1789453902.014727,1789453902.014727,0.579
/camera/world/agv2_confidence,1789453902.0147314,1789453902.0147314,0.5691
/camera/world/agv3_confidence,1789453902.014969,1789453902.014969,0.5728
/camera/world/agv1_confidence,1789453902.0430295,1789453902.0430295,0.5785
/camera/world/agv2_confidence,1789453902.0430913,1789453902.0430913,0.5624
/camera/world/agv3_confidence,1789453902.0431387,1789453902.0431387,0.5792
/camera/world/agv1_confidence,1789453902.0769632,1789453902.0769632,0.5577
/camera/world/agv2_confidence,1789453902.0769937,1789453902.0769937,0.5612
/camera/world/agv3_confidence,1789453902.0770159,1789453902.0770159,0.5777
/camera/world/agv3_confidence,1789453902.1097953,1789453902.1097953,0.5841
/camera/world/agv1_confidence,1789453902.1098008,1789453902.1098008,0.573
/camera/world/agv2_confidence,1789453902.1099036,1789453902.1099036,0.563
/camera/world/agv2_confidence,1789453902.1536803,1789453902.1536803,0.5638
/camera/world/agv3_confidence,1789453902.153711,1789453902.153711,0.5734
/camera/world/agv1_confidence,1789453902.1538196,1789453902.1538196,0.5765
/camera/world/agv1_confidence,1789453902.1826334,1789453902.1826334,0.5802
/camera/world/agv3_confidence,1789453902.1826649,1789453902.1826649,0.5669
/camera/world/agv2_confidence,1789453902.1827295,1789453902.1827295,0.5712
/camera/world/agv1_confidence,1789453902.2125773,1789453902.2125773,0.5822
/camera/world/agv2_confidence,1789453902.2125874,1789453902.2125874,0.5603
/camera/world/agv3_confidence,1789453902.2127218,1789453902.2127218,0.5753
/camera/world/agv2_confidence,1789453902.2477837,1789453902.2477837,0.5625
/camera/world/agv1_confidence,1789453902.2478907,1789453902.2478907,0.565
/camera/world/agv3_confidence,1789453902.2480457,1789453902.2480457,0.5751
/camera/world/agv2_confidence,1789453902.2771597,1789453902.2771597,0.5496
/camera/world/agv1_confidence,1789453902.2771869,1789453902.2771869,0.5797
/camera/world/agv3_confidence,1789453902.277239,1789453902.277239,0.5803
/camera/world/agv1_confidence,1789453902.3147101,1789453902.3147101,0.5803
/camera/world/agv3_confidence,1789453902.3147562,1789453902.3147562,0.5776
/camera/world/agv2_confidence,1789453902.3147726,1789453902.3147726,0.5566
/camera/world/agv3_confidence,1789453902.3429523,1789453902.3429523,0.5829
/camera/world/agv1_confidence,1789453902.3429828,1789453902.3429828,0.5796
/camera/world/agv2_confidence,1789453902.3430665,1789453902.3430665,0.5655
/camera/world/agv2_confidence,1789453902.3772812,1789453902.3772812,0.5618
/camera/world/agv3_confidence,1789453902.3772924,1789453902.3772924,0.5771
/camera/world/agv1_confidence,1789453902.3773127,1789453902.3773127,0.5797
/camera/world/agv1_confidence,1789453902.417489,1789453902.417489,0.5797
/camera/world/agv3_confidence,1789453902.417576,1789453902.417576,0.5771
/camera/world/agv2_confidence,1789453902.4176843,1789453902.4176843,0.5616
/camera/world/agv2_confidence,1789453902.4515772,1789453902.4515772,0.5596
/camera/world/agv1_confidence,1789453902.45162,1789453902.45162,0.5785
/camera/world/agv3_confidence,1789453902.4516523,1789453902.4516523,0.5755
/camera/world/agv1_confidence,1789453902.4829054,1789453902.4829054,0.5793
/camera/world/agv3_confidence,1789453902.4829204,1789453902.4829204,0.5735
/camera/world/agv2_confidence,1789453902.4829385,1789453902.4829385,0.5635
/camera/world/agv1_confidence,1789453902.5195563,1789453902.5195563,0.5579
/camera/world/agv2_confidence,1789453902.5196548,1789453902.5196548,0.5721
/camera/world/agv3_confidence,1789453902.5197737,1789453902.5197737,0.5714
/camera/world/agv3_confidence,1789453902.5430484,1789453902.5430484,0.5763
/camera/world/agv2_confidence,1789453902.5431442,1789453902.5431442,0.5665
/camera/world/agv1_confidence,1789453902.5431864,1789453902.5431864,0.5817
/camera/world/agv2_confidence,1789453902.5808704,1789453902.5808704,0.5625
/camera/world/agv1_confidence,1789453902.5808773,1789453902.5808773,0.5795
/camera/world/agv3_confidence,1789453902.580888,1789453902.580888,0.5759
/camera/world/agv2_confidence,1789453902.6105902,1789453902.6105902,0.5653
/camera/world/agv3_confidence,1789453902.6106577,1789453902.6106577,0.5753
/camera/world/agv1_confidence,1789453902.6107013,1789453902.6107013,0.5794
/camera/world/agv3_confidence,1789453902.648278,1789453902.648278,0.581
/camera/world/agv2_confidence,1789453902.6483037,1789453902.6483037,0.5641
/camera/world/agv1_confidence,1789453902.6483417,1789453902.6483417,0.5806
/camera/world/agv1_confidence,1789453902.6788945,1789453902.6788945,0.5832
/camera/world/agv3_confidence,1789453902.67905,1789453902.67905,0.5809
/camera/world/agv2_confidence,1789453902.6790662,1789453902.6790662,0.5544
/camera/world/agv2_confidence,1789453902.7133558,1789453902.7133558,0.5668
/camera/world/agv1_confidence,1789453902.7134135,1789453902.7134135,0.5791
/camera/world/agv3_confidence,1789453902.7136385,1789453902.7136385,0.5805
/camera/world/agv1_confidence,1789453902.7456524,1789453902.7456524,0.5788
/camera/world/agv2_confidence,1789453902.745776,1789453902.745776,0.5623
/camera/world/agv3_confidence,1789453902.7457943,1789453902.7457943,0.5793
/camera/world/agv2_confidence,1789453902.7844727,1789453902.7844727,0.5636
/camera/world/agv1_confidence,1789453902.7844992,1789453902.7844992,0.5794
/camera/world/agv3_confidence,1789453902.7845874,1789453902.7845874,0.5764
/camera/world/agv2_confidence,1789453902.804686,1789453902.804686,0.5627
/camera/world/agv1_confidence,1789453902.8046894,1789453902.8046894,0.5806
/camera/world/agv3_confidence,1789453902.804875,1789453902.804875,0.5847
/camera/world/agv1_confidence,1789453902.8460455,1789453902.8460455,0.5817
/camera/world/agv3_confidence,1789453902.8460653,1789453902.8460653,0.5802
/camera/world/agv2_confidence,1789453902.846108,1789453902.846108,0.5644
/camera/world/agv1_confidence,1789453902.8823133,1789453902.8823133,0.5643
/camera/world/agv2_confidence,1789453902.882531,1789453902.882531,0.5693
/camera/world/agv3_confidence,1789453902.882534,1789453902.882534,0.5755
/camera/world/agv1_confidence,1789453902.9113812,1789453902.9113812,0.5811
/camera/world/agv3_confidence,1789453902.9116752,1789453902.9116752,0.5848
/camera/world/agv2_confidence,1789453902.9117284,1789453902.9117284,0.5657
/camera/world/agv2_confidence,1789453902.955145,1789453902.955145,0.5563
/camera/world/agv1_confidence,1789453902.9551482,1789453902.9551482,0.583
/camera/world/agv3_confidence,1789453902.9554124,1789453902.9554124,0.5706
/camera/world/agv3_confidence,1789453902.9822676,1789453902.9822676,0.5692
/camera/world/agv1_confidence,1789453902.9823065,1789453902.9823065,0.5821
/camera/world/agv2_confidence,1789453902.9823885,1789453902.9823885,0.562
/camera/world/agv1_confidence,1789453903.012387,1789453903.012387,0.5808
/camera/world/agv3_confidence,1789453903.012475,1789453903.012475,0.5661
/camera/world/agv2_confidence,1789453903.012486,1789453903.012486,0.5587
/camera/world/agv1_confidence,1789453903.045376,1789453903.045376,0.5842
/camera/world/agv2_confidence,1789453903.045396,1789453903.045396,0.5601
/camera/world/agv3_confidence,1789453903.0454614,1789453903.0454614,0.5676
/camera/world/agv1_confidence,1789453903.079448,1789453903.079448,0.5823
/camera/world/agv2_confidence,1789453903.0794928,1789453903.0794928,0.5604
/camera/world/agv3_confidence,1789453903.0797253,1789453903.0797253,0.5729
/camera/world/agv1_confidence,1789453903.114298,1789453903.114298,0.5818
/camera/world/agv3_confidence,1789453903.1143162,1789453903.1143162,0.5686
/camera/world/agv2_confidence,1789453903.1143568,1789453903.1143568,0.5524
/camera/world/agv3_confidence,1789453903.1533551,1789453903.1533551,0.58
/camera/world/agv1_confidence,1789453903.1533692,1789453903.1533692,0.5835
/camera/world/agv2_confidence,1789453903.153395,1789453903.153395,0.5598
/camera/world/agv1_confidence,1789453903.1772683,1789453903.1772683,0.5822
/camera/world/agv3_confidence,1789453903.1774535,1789453903.1774535,0.5437
/camera/world/agv2_confidence,1789453903.1775568,1789453903.1775568,0.5652
/camera/world/agv1_confidence,1789453903.2127512,1789453903.2127512,0.583
/camera/world/agv3_confidence,1789453903.2128968,1789453903.2128968,0.5671
/camera/world/agv2_confidence,1789453903.21299,1789453903.21299,0.5695
/camera/world/agv1_confidence,1789453903.2455924,1789453903.2455924,0.5836
/camera/world/agv2_confidence,1789453903.2457428,1789453903.2457428,0.5688
/camera/world/agv3_confidence,1789453903.2457569,1789453903.2457569,0.5835
/camera/world/agv1_confidence,1789453903.282399,1789453903.282399,0.5834
/camera/world/agv3_confidence,1789453903.2824225,1789453903.2824225,0.547
/camera/world/agv2_confidence,1789453903.282496,1789453903.282496,0.5692
/camera/world/agv1_confidence,1789453903.315638,1789453903.315638,0.5834
/camera/world/agv3_confidence,1789453903.3158693,1789453903.3158693,0.5436
/camera/world/agv2_confidence,1789453903.3159313,1789453903.3159313,0.5678
/camera/world/agv2_confidence,1789453903.3485959,1789453903.3485959,0.5694
/camera/world/agv1_confidence,1789453903.3487294,1789453903.3487294,0.5832
/camera/world/agv3_confidence,1789453903.3488212,1789453903.3488212,0.5485
/camera/world/agv1_confidence,1789453903.3826556,1789453903.3826556,0.5834
/camera/world/agv2_confidence,1789453903.3827813,1789453903.3827813,0.5686
/camera/world/agv3_confidence,1789453903.3828747,1789453903.3828747,0.5621
/camera/world/agv1_confidence,1789453903.4102223,1789453903.4102223,0.5834
/camera/world/agv2_confidence,1789453903.4104812,1789453903.4104812,0.5686
/camera/world/agv3_confidence,1789453903.4104922,1789453903.4104922,0.5621
/camera/world/agv1_confidence,1789453903.4439356,1789453903.4439356,0.5834
/camera/world/agv2_confidence,1789453903.4440236,1789453903.4440236,0.5681
/camera/world/agv3_confidence,1789453903.4441564,1789453903.4441564,0.4795
/camera/world/agv1_confidence,1789453903.482931,1789453903.482931,0.5836
/camera/world/agv2_confidence,1789453903.4830942,1789453903.4830942,0.5689
/camera/world/agv3_confidence,1789453903.4831796,1789453903.4831796,0.5459
/camera/world/agv1_confidence,1789453903.5070722,1789453903.5070722,0.5834
/camera/world/agv2_confidence,1789453903.507153,1789453903.507153,0.5688
/camera/world/agv3_confidence,1789453903.507267,1789453903.507267,0.4814
/camera/world/agv1_confidence,1789453903.5436769,1789453903.5436769,0.5833
/camera/world/agv3_confidence,1789453903.5437193,1789453903.5437193,0.4892
/camera/world/agv2_confidence,1789453903.543739,1789453903.543739,0.5685
/camera/world/agv2_confidence,1789453903.584537,1789453903.584537,0.5692
/camera/world/agv1_confidence,1789453903.5846078,1789453903.5846078,0.5832
/camera/world/agv3_confidence,1789453903.584806,1789453903.584806,0.5619
/camera/world/agv2_confidence,1789453903.6081986,1789453903.6081986,0.5657
/camera/world/agv1_confidence,1789453903.6082034,1789453903.6082034,0.5837
/camera/world/agv3_confidence,1789453903.6084712,1789453903.6084712,0.5652
/camera/world/agv1_confidence,1789453903.6453292,1789453903.6453292,0.5836
/camera/world/agv2_confidence,1789453903.645469,1789453903.645469,0.5689
/camera/world/agv3_confidence,1789453903.6456294,1789453903.6456294,0.5787
/camera/world/agv1_confidence,1789453903.677612,1789453903.677612,0.5829
/camera/world/agv3_confidence,1789453903.6778347,1789453903.6778347,0.5802
/camera/world/agv2_confidence,1789453903.677874,1789453903.677874,0.5695
/camera/world/agv1_confidence,1789453903.7078755,1789453903.7078755,0.5599
/camera/world/agv2_confidence,1789453903.707895,1789453903.707895,0.5674
/camera/world/agv3_confidence,1789453903.708054,1789453903.708054,0.5801
/camera/world/agv1_confidence,1789453903.7401736,1789453903.7401736,0.5823
/camera/world/agv2_confidence,1789453903.740224,1789453903.740224,0.5699
/camera/world/agv3_confidence,1789453903.7402391,1789453903.7402391,0.5794
/camera/world/agv1_confidence,1789453903.7778692,1789453903.7778692,0.5825
/camera/world/agv3_confidence,1789453903.7780147,1789453903.7780147,0.579
/camera/world/agv2_confidence,1789453903.778018,1789453903.778018,0.5587
/camera/world/agv3_confidence,1789453903.8181326,1789453903.8181326,0.5798
/camera/world/agv2_confidence,1789453903.8181465,1789453903.8181465,0.5605
/camera/world/agv1_confidence,1789453903.8181517,1789453903.8181517,0.5838
/camera/world/agv3_confidence,1789453903.8535085,1789453903.8535085,0.5626
/camera/world/agv1_confidence,1789453903.8535292,1789453903.8535292,0.5824
/camera/world/agv2_confidence,1789453903.8536282,1789453903.8536282,0.564
/camera/world/agv1_confidence,1789453903.8822935,1789453903.8822935,0.5825
/camera/world/agv2_confidence,1789453903.882463,1789453903.882463,0.5666
/camera/world/agv3_confidence,1789453903.8825517,1789453903.8825517,0.5652
/camera/world/agv2_confidence,1789453903.9132328,1789453903.9132328,0.5702
/camera/world/agv1_confidence,1789453903.9132617,1789453903.9132617,0.5819
/camera/world/agv3_confidence,1789453903.9132912,1789453903.9132912,0.5808
/camera/world/agv2_confidence,1789453903.9439979,1789453903.9439979,0.5716
/camera/world/agv1_confidence,1789453903.9440496,1789453903.9440496,0.5836
/camera/world/agv3_confidence,1789453903.9442625,1789453903.9442625,0.581
/camera/world/agv2_confidence,1789453903.9762955,1789453903.9762955,0.5642
/camera/world/agv1_confidence,1789453903.976301,1789453903.976301,0.5853
/camera/world/agv3_confidence,1789453903.9765284,1789453903.9765284,0.5799
/camera/world/agv2_confidence,1789453904.0163221,1789453904.0163221,0.5659
/camera/world/agv1_confidence,1789453904.0163896,1789453904.0163896,0.5592
/camera/world/agv3_confidence,1789453904.0164533,1789453904.0164533,0.5774
/camera/world/agv2_confidence,1789453904.0438337,1789453904.0438337,0.5641
/camera/world/agv1_confidence,1789453904.043882,1789453904.043882,0.5823
/camera/world/agv3_confidence,1789453904.0438883,1789453904.0438883,0.5821
/camera/world/agv1_confidence,1789453904.0770543,1789453904.0770543,0.5817
/camera/world/agv3_confidence,1789453904.0771868,1789453904.0771868,0.5802
/camera/world/agv2_confidence,1789453904.0772073,1789453904.0772073,0.5623
/camera/world/agv1_confidence,1789453904.1157665,1789453904.1157665,0.5845
/camera/world/agv2_confidence,1789453904.1159253,1789453904.1159253,0.567
/camera/world/agv3_confidence,1789453904.1161098,1789453904.1161098,0.5781
/camera/world/agv2_confidence,1789453904.1408002,1789453904.1408002,0.5652
/camera/world/agv1_confidence,1789453904.1408317,1789453904.1408317,0.5844
/camera/world/agv3_confidence,1789453904.1409967,1789453904.1409967,0.5734
/camera/world/agv3_confidence,1789453904.1901195,1789453904.1901195,0.5805
/camera/world/agv1_confidence,1789453904.1902301,1789453904.1902301,0.5839
/camera/world/agv2_confidence,1789453904.1902869,1789453904.1902869,0.5624
/camera/world/agv1_confidence,1789453904.2129369,1789453904.2129369,0.5826
/camera/world/agv2_confidence,1789453904.212972,1789453904.212972,0.5339
/camera/world/agv3_confidence,1789453904.2129843,1789453904.2129843,0.5813
/camera/world/agv2_confidence,1789453904.2427673,1789453904.2427673,0.5342
/camera/world/agv3_confidence,1789453904.2428708,1789453904.2428708,0.5827
/camera/world/agv1_confidence,1789453904.2428856,1789453904.2428856,0.5837
/camera/world/agv1_confidence,1789453904.2808862,1789453904.2808862,0.5838
/camera/world/agv2_confidence,1789453904.2810483,1789453904.2810483,0.528
/camera/world/agv3_confidence,1789453904.2811816,1789453904.2811816,0.5813
/camera/world/agv1_confidence,1789453904.3148592,1789453904.3148592,0.5825
/camera/world/agv2_confidence,1789453904.3150396,1789453904.3150396,0.5331
/camera/world/agv3_confidence,1789453904.315162,1789453904.315162,0.5774
/camera/world/agv1_confidence,1789453904.347246,1789453904.347246,0.5827
/camera/world/agv3_confidence,1789453904.3472552,1789453904.3472552,0.5798
/camera/world/agv2_confidence,1789453904.3473148,1789453904.3473148,0.5658
/camera/world/agv3_confidence,1789453904.3763773,1789453904.3763773,0.5761
/camera/world/agv1_confidence,1789453904.3763852,1789453904.3763852,0.5826
/camera/world/agv2_confidence,1789453904.3764043,1789453904.3764043,0.5706
/camera/world/agv1_confidence,1789453904.4102328,1789453904.4102328,0.5819
/camera/world/agv2_confidence,1789453904.4102545,1789453904.4102545,0.5611
/camera/world/agv3_confidence,1789453904.4102635,1789453904.4102635,0.5762
/camera/world/agv1_confidence,1789453904.4433527,1789453904.4433527,0.582
/camera/world/agv2_confidence,1789453904.4433603,1789453904.4433603,0.563
/camera/world/agv3_confidence,1789453904.4435143,1789453904.4435143,0.582
/camera/world/agv2_confidence,1789453904.4784653,1789453904.4784653,0.5671
/camera/world/agv1_confidence,1789453904.4785202,1789453904.4785202,0.5561
/camera/world/agv3_confidence,1789453904.4785502,1789453904.4785502,0.5826
/camera/world/agv1_confidence,1789453904.5116465,1789453904.5116465,0.5821
/camera/world/agv2_confidence,1789453904.5117676,1789453904.5117676,0.5698
/camera/world/agv3_confidence,1789453904.5119698,1789453904.5119698,0.5823
/camera/world/agv1_confidence,1789453904.5406766,1789453904.5406766,0.5826
/camera/world/agv3_confidence,1789453904.5408154,1789453904.5408154,0.5821
/camera/world/agv2_confidence,1789453904.5408247,1789453904.5408247,0.5646
/camera/world/agv3_confidence,1789453904.5784974,1789453904.5784974,0.576
/camera/world/agv2_confidence,1789453904.5785081,1789453904.5785081,0.5406
/camera/world/agv1_confidence,1789453904.5786395,1789453904.5786395,0.582
/camera/world/agv1_confidence,1789453904.6125352,1789453904.6125352,0.5819
/camera/world/agv2_confidence,1789453904.6125927,1789453904.6125927,0.5692
/camera/world/agv3_confidence,1789453904.6126747,1789453904.6126747,0.5765
/camera/world/agv2_confidence,1789453904.6505601,1789453904.6505601,0.5689
/camera/world/agv1_confidence,1789453904.6505706,1789453904.6505706,0.5835
/camera/world/agv3_confidence,1789453904.6507812,1789453904.6507812,0.5781
/camera/world/agv2_confidence,1789453904.681938,1789453904.681938,0.5649
/camera/world/agv1_confidence,1789453904.6819828,1789453904.6819828,0.5835
/camera/world/agv3_confidence,1789453904.68213,1789453904.68213,0.5803
/camera/world/agv1_confidence,1789453904.712099,1789453904.712099,0.5823
/camera/world/agv2_confidence,1789453904.7122526,1789453904.7122526,0.5691
/camera/world/agv3_confidence,1789453904.7123342,1789453904.7123342,0.5824
/camera/world/agv1_confidence,1789453904.7501507,1789453904.7501507,0.5825
/camera/world/agv3_confidence,1789453904.7502267,1789453904.7502267,0.5811
/camera/world/agv2_confidence,1789453904.7502558,1789453904.7502558,0.5654
/camera/world/agv2_confidence,1789453904.7803438,1789453904.7803438,0.5565
/camera/world/agv1_confidence,1789453904.7803972,1789453904.7803972,0.5829
/camera/world/agv3_confidence,1789453904.7804043,1789453904.7804043,0.5745
/camera/world/agv1_confidence,1789453904.8101606,1789453904.8101606,0.5838
/camera/world/agv3_confidence,1789453904.8103611,1789453904.8103611,0.5784
/camera/world/agv2_confidence,1789453904.8103626,1789453904.8103626,0.5469
/camera/world/agv2_confidence,1789453904.848348,1789453904.848348,0.565
/camera/world/agv1_confidence,1789453904.8483577,1789453904.8483577,0.5833
/camera/world/agv3_confidence,1789453904.8484395,1789453904.8484395,0.5815
/camera/world/agv1_confidence,1789453904.8762991,1789453904.8762991,0.5812
/camera/world/agv3_confidence,1789453904.8763592,1789453904.8763592,0.58
/camera/world/agv2_confidence,1789453904.876384,1789453904.876384,0.5599
/camera/world/agv2_confidence,1789453904.9091685,1789453904.9091685,0.5612
/camera/world/agv1_confidence,1789453904.909212,1789453904.909212,0.5838
/camera/world/agv3_confidence,1789453904.9092746,1789453904.9092746,0.5751
/camera/world/agv1_confidence,1789453904.9462793,1789453904.9462793,0.5629
/camera/world/agv2_confidence,1789453904.9465117,1789453904.9465117,0.5385
/camera/world/agv3_confidence,1789453904.9465501,1789453904.9465501,0.5613
/camera/world/agv1_confidence,1789453904.9768288,1789453904.9768288,0.5814
/camera/world/agv2_confidence,1789453904.9770794,1789453904.9770794,0.5608
/camera/world/agv3_confidence,1789453904.9770942,1789453904.9770942,0.5809
/camera/world/agv1_confidence,1789453905.0087678,1789453905.0087678,0.5828
/camera/world/agv2_confidence,1789453905.0090883,1789453905.0090883,0.5352
/camera/world/agv3_confidence,1789453905.0091076,1789453905.0091076,0.5801
/camera/world/agv1_confidence,1789453905.0411167,1789453905.0411167,0.5845
/camera/world/agv2_confidence,1789453905.0413325,1789453905.0413325,0.5521
/camera/world/agv3_confidence,1789453905.0414655,1789453905.0414655,0.5616
/camera/world/agv2_confidence,1789453905.0791914,1789453905.0791914,0.5679
/camera/world/agv1_confidence,1789453905.079258,1789453905.079258,0.5833
/camera/world/agv3_confidence,1789453905.079346,1789453905.079346,0.5806
/camera/world/agv2_confidence,1789453905.1103408,1789453905.1103408,0.5408
/camera/world/agv1_confidence,1789453905.1105814,1789453905.1105814,0.5823
/camera/world/agv3_confidence,1789453905.1106567,1789453905.1106567,0.5506
/camera/world/agv3_confidence,1789453905.14057,1789453905.14057,0.5768
/camera/world/agv1_confidence,1789453905.1405857,1789453905.1405857,0.5836
/camera/world/agv2_confidence,1789453905.1405897,1789453905.1405897,0.5678
/camera/world/agv2_confidence,1789453905.1768234,1789453905.1768234,0.5664
/camera/world/agv1_confidence,1789453905.1768684,1789453905.1768684,0.5599
/camera/world/agv3_confidence,1789453905.1769629,1789453905.1769629,0.5781
/camera/world/agv2_confidence,1789453905.2081141,1789453905.2081141,0.5678
/camera/world/agv3_confidence,1789453905.2084932,1789453905.2084932,0.5775
/camera/world/agv1_confidence,1789453905.2085118,1789453905.2085118,0.5842
/camera/world/agv1_confidence,1789453905.2403514,1789453905.2403514,0.5834
/camera/world/agv3_confidence,1789453905.2403753,1789453905.2403753,0.5693
/camera/world/agv2_confidence,1789453905.2403984,1789453905.2403984,0.5535
/camera/world/agv1_confidence,1789453905.2784705,1789453905.2784705,0.5826
/camera/world/agv3_confidence,1789453905.2787285,1789453905.2787285,0.5614
/camera/world/agv2_confidence,1789453905.2787752,1789453905.2787752,0.5517
/camera/world/agv1_confidence,1789453905.308801,1789453905.308801,0.5847
/camera/world/agv3_confidence,1789453905.3090014,1789453905.3090014,0.5774
/camera/world/agv2_confidence,1789453905.3091333,1789453905.3091333,0.5633
/camera/world/agv2_confidence,1789453905.3483374,1789453905.3483374,0.5479
/camera/world/agv1_confidence,1789453905.3484156,1789453905.3484156,0.5819
/camera/world/agv3_confidence,1789453905.348445,1789453905.348445,0.5787
/camera/world/agv3_confidence,1789453905.3799162,1789453905.3799162,0.5734
/camera/world/agv1_confidence,1789453905.380069,1789453905.380069,0.5838
/camera/world/agv2_confidence,1789453905.3801646,1789453905.3801646,0.5665
/camera/world/agv2_confidence,1789453905.410641,1789453905.410641,0.5569
/camera/world/agv3_confidence,1789453905.4106495,1789453905.4106495,0.5793
/camera/world/agv1_confidence,1789453905.4107478,1789453905.4107478,0.5692
/camera/world/agv1_confidence,1789453905.4480603,1789453905.4480603,0.5833
/camera/world/agv2_confidence,1789453905.4483309,1789453905.4483309,0.5642
/camera/world/agv3_confidence,1789453905.4483328,1789453905.4483328,0.5798
/camera/world/agv1_confidence,1789453905.4780097,1789453905.4780097,0.5828
/camera/world/agv3_confidence,1789453905.4781923,1789453905.4781923,0.5648
/camera/world/agv2_confidence,1789453905.4782085,1789453905.4782085,0.5691
/camera/world/agv1_confidence,1789453905.5226026,1789453905.5226026,0.5845
/camera/world/agv2_confidence,1789453905.522683,1789453905.522683,0.5695
/camera/world/agv3_confidence,1789453905.5229049,1789453905.5229049,0.5736
/camera/world/agv1_confidence,1789453905.5459037,1789453905.5459037,0.5846
/camera/world/agv2_confidence,1789453905.5461154,1789453905.5461154,0.5601
/camera/world/agv3_confidence,1789453905.5461614,1789453905.5461614,0.5654
/camera/world/agv1_confidence,1789453905.5793881,1789453905.5793881,0.5803
/camera/world/agv2_confidence,1789453905.5795176,1789453905.5795176,0.5596
/camera/world/agv3_confidence,1789453905.579622,1789453905.579622,0.5737
/camera/world/agv1_confidence,1789453905.616069,1789453905.616069,0.5841
/camera/world/agv2_confidence,1789453905.6164646,1789453905.6164646,0.5626
/camera/world/agv3_confidence,1789453905.6166828,1789453905.6166828,0.5698
/camera/world/agv1_confidence,1789453905.6420417,1789453905.6420417,0.5854
/camera/world/agv2_confidence,1789453905.6422224,1789453905.6422224,0.5654
/camera/world/agv3_confidence,1789453905.6424093,1789453905.6424093,0.5772
/camera/world/agv1_confidence,1789453905.6739132,1789453905.6739132,0.5745
/camera/world/agv2_confidence,1789453905.6740427,1789453905.6740427,0.5626
/camera/world/agv3_confidence,1789453905.6742158,1789453905.6742158,0.5633
/camera/world/agv2_confidence,1789453905.720956,1789453905.720956,0.5656
/camera/world/agv3_confidence,1789453905.7209837,1789453905.7209837,0.5796
/camera/world/agv1_confidence,1789453905.7210274,1789453905.7210274,0.5826
/camera/world/agv1_confidence,1789453905.740044,1789453905.740044,0.5837
/camera/world/agv2_confidence,1789453905.7401028,1789453905.7401028,0.5587
/camera/world/agv3_confidence,1789453905.7403674,1789453905.7403674,0.5809
/camera/world/agv2_confidence,1789453905.7830172,1789453905.7830172,0.5711
/camera/world/agv1_confidence,1789453905.7831128,1789453905.7831128,0.5847
/camera/world/agv3_confidence,1789453905.783218,1789453905.783218,0.5574
/camera/world/agv1_confidence,1789453905.8165493,1789453905.8165493,0.5835
/camera/world/agv3_confidence,1789453905.8167462,1789453905.8167462,0.5713
/camera/world/agv2_confidence,1789453905.8168783,1789453905.8168783,0.5644
/camera/world/agv1_confidence,1789453905.8376608,1789453905.8376608,0.5842
/camera/world/agv3_confidence,1789453905.8378196,1789453905.8378196,0.5729
/camera/world/agv2_confidence,1789453905.837853,1789453905.837853,0.566
/camera/world/agv2_confidence,1789453905.8755167,1789453905.8755167,0.5673
/camera/world/agv3_confidence,1789453905.875638,1789453905.875638,0.5723
/camera/world/agv1_confidence,1789453905.8756738,1789453905.8756738,0.5842
/camera/world/agv1_confidence,1789453905.9111571,1789453905.9111571,0.5835
/camera/world/agv2_confidence,1789453905.9113152,1789453905.9113152,0.5583
/camera/world/agv3_confidence,1789453905.9114375,1789453905.9114375,0.5829
/camera/world/agv1_confidence,1789453905.9462209,1789453905.9462209,0.5844
/camera/world/agv3_confidence,1789453905.946237,1789453905.946237,0.5769
/camera/world/agv2_confidence,1789453905.946268,1789453905.946268,0.5694
/camera/world/agv1_confidence,1789453905.9786549,1789453905.9786549,0.5827
/camera/world/agv3_confidence,1789453905.9788725,1789453905.9788725,0.5631
/camera/world/agv2_confidence,1789453905.9789014,1789453905.9789014,0.5638
/camera/world/agv1_confidence,1789453906.014029,1789453906.014029,0.5841
/camera/world/agv2_confidence,1789453906.0142543,1789453906.0142543,0.569
/camera/world/agv3_confidence,1789453906.014301,1789453906.014301,0.5733
/camera/world/agv2_confidence,1789453906.0448139,1789453906.0448139,0.569
/camera/world/agv1_confidence,1789453906.044833,1789453906.044833,0.5863
/camera/world/agv3_confidence,1789453906.0449555,1789453906.0449555,0.5788
/camera/world/agv3_confidence,1789453906.0800323,1789453906.0800323,0.5821
/camera/world/agv2_confidence,1789453906.0800486,1789453906.0800486,0.5644
/camera/world/agv1_confidence,1789453906.0801225,1789453906.0801225,0.5868
/camera/world/agv2_confidence,1789453906.1144686,1789453906.1144686,0.56
/camera/world/agv3_confidence,1789453906.1144707,1789453906.1144707,0.5694
/camera/world/agv1_confidence,1789453906.114493,1789453906.114493,0.5841
/camera/world/agv2_confidence,1789453906.1384976,1789453906.1384976,0.5683
/camera/world/agv1_confidence,1789453906.138524,1789453906.138524,0.582
/camera/world/agv3_confidence,1789453906.13876,1789453906.13876,0.5768
/camera/world/agv1_confidence,1789453906.1791482,1789453906.1791482,0.5841
/camera/world/agv3_confidence,1789453906.1794438,1789453906.1794438,0.5793
/camera/world/agv2_confidence,1789453906.1795511,1789453906.1795511,0.5521
/camera/world/agv2_confidence,1789453906.22079,1789453906.22079,0.5641
/camera/world/agv1_confidence,1789453906.2208169,1789453906.2208169,0.5833
/camera/world/agv3_confidence,1789453906.2208214,1789453906.2208214,0.5786
/camera/world/agv1_confidence,1789453906.241164,1789453906.241164,0.5862
/camera/world/agv3_confidence,1789453906.2413876,1789453906.2413876,0.5657
/camera/world/agv2_confidence,1789453906.2414796,1789453906.2414796,0.5515
/camera/world/agv2_confidence,1789453906.2812076,1789453906.2812076,0.5696
/camera/world/agv3_confidence,1789453906.2812848,1789453906.2812848,0.5692
/camera/world/agv1_confidence,1789453906.2813234,1789453906.2813234,0.5846
/camera/world/agv1_confidence,1789453906.3163993,1789453906.3163993,0.5633
/camera/world/agv3_confidence,1789453906.3167214,1789453906.3167214,0.5825
/camera/world/agv2_confidence,1789453906.3168046,1789453906.3168046,0.5651
/camera/world/agv1_confidence,1789453906.3496134,1789453906.3496134,0.5855
/camera/world/agv2_confidence,1789453906.349842,1789453906.349842,0.5636
/camera/world/agv3_confidence,1789453906.3499408,1789453906.3499408,0.5821
/camera/world/agv2_confidence,1789453906.3828835,1789453906.3828835,0.5686
/camera/world/agv1_confidence,1789453906.3829484,1789453906.3829484,0.5847
/camera/world/agv3_confidence,1789453906.3829734,1789453906.3829734,0.5826
/camera/world/agv3_confidence,1789453906.418226,1789453906.418226,0.5823
/camera/world/agv2_confidence,1789453906.41823,1789453906.41823,0.558
/camera/world/agv1_confidence,1789453906.418316,1789453906.418316,0.5845
/camera/world/agv3_confidence,1789453906.4464397,1789453906.4464397,0.5389
/camera/world/agv2_confidence,1789453906.4464471,1789453906.4464471,0.5479
/camera/world/agv1_confidence,1789453906.4465013,1789453906.4465013,0.5853
/camera/world/agv2_confidence,1789453906.4758651,1789453906.4758651,0.5659
/camera/world/agv1_confidence,1789453906.4760482,1789453906.4760482,0.5823
/camera/world/agv3_confidence,1789453906.4762802,1789453906.4762802,0.5776
/camera/world/agv2_confidence,1789453906.5166614,1789453906.5166614,0.569
/camera/world/agv1_confidence,1789453906.5168386,1789453906.5168386,0.5859
/camera/world/agv3_confidence,1789453906.516897,1789453906.516897,0.5766
/camera/world/agv1_confidence,1789453906.5471745,1789453906.5471745,0.5845
/camera/world/agv2_confidence,1789453906.5474107,1789453906.5474107,0.5622
/camera/world/agv3_confidence,1789453906.547456,1789453906.547456,0.571
/camera/world/agv1_confidence,1789453906.5831554,1789453906.5831554,0.5863
/camera/world/agv2_confidence,1789453906.5832624,1789453906.5832624,0.5654
/camera/world/agv3_confidence,1789453906.5834327,1789453906.5834327,0.5772
/camera/world/agv1_confidence,1789453906.6151595,1789453906.6151595,0.5872
/camera/world/agv2_confidence,1789453906.6153495,1789453906.6153495,0.5706
/camera/world/agv3_confidence,1789453906.615384,1789453906.615384,0.5777
/camera/world/agv1_confidence,1789453906.6434278,1789453906.6434278,0.5861
/camera/world/agv3_confidence,1789453906.6434312,1789453906.6434312,0.5753
/camera/world/agv2_confidence,1789453906.6434608,1789453906.6434608,0.5477
/camera/world/agv1_confidence,1789453906.6775918,1789453906.6775918,0.5869
/camera/world/agv2_confidence,1789453906.6777399,1789453906.6777399,0.5413
/camera/world/agv3_confidence,1789453906.6781485,1789453906.6781485,0.566
/camera/world/agv1_confidence,1789453906.7133868,1789453906.7133868,0.5866
/camera/world/agv2_confidence,1789453906.7134008,1789453906.7134008,0.5658
/camera/world/agv3_confidence,1789453906.7135463,1789453906.7135463,0.5568
/camera/world/agv2_confidence,1789453906.7449684,1789453906.7449684,0.5657
/camera/world/agv3_confidence,1789453906.7449956,1789453906.7449956,0.5786
/camera/world/agv1_confidence,1789453906.7451034,1789453906.7451034,0.5857
/camera/world/agv1_confidence,1789453906.7785,1789453906.7785,0.5858
/camera/world/agv2_confidence,1789453906.7786167,1789453906.7786167,0.5696
/camera/world/agv3_confidence,1789453906.778735,1789453906.778735,0.4696
/camera/world/agv2_confidence,1789453906.810895,1789453906.810895,0.554
/camera/world/agv1_confidence,1789453906.8109076,1789453906.8109076,0.5877
/camera/world/agv3_confidence,1789453906.8109114,1789453906.8109114,0.5793
/camera/world/agv1_confidence,1789453906.8452234,1789453906.8452234,0.5851
/camera/world/agv3_confidence,1789453906.8452299,1789453906.8452299,0.5659
/camera/world/agv2_confidence,1789453906.8452446,1789453906.8452446,0.5643
/camera/world/agv3_confidence,1789453906.8776553,1789453906.8776553,0.5771
/camera/world/agv1_confidence,1789453906.8776598,1789453906.8776598,0.5677
/camera/world/agv2_confidence,1789453906.8777356,1789453906.8777356,0.5624
/camera/world/agv1_confidence,1789453906.9100814,1789453906.9100814,0.5837
/camera/world/agv3_confidence,1789453906.9101002,1789453906.9101002,0.58
/camera/world/agv2_confidence,1789453906.9101064,1789453906.9101064,0.5697
/camera/world/agv1_confidence,1789453906.94226,1789453906.94226,0.5849
/camera/world/agv2_confidence,1789453906.9423692,1789453906.9423692,0.563
/camera/world/agv3_confidence,1789453906.9424353,1789453906.9424353,0.5798
/camera/world/agv1_confidence,1789453906.9801383,1789453906.9801383,0.5878
/camera/world/agv3_confidence,1789453906.9801407,1789453906.9801407,0.5753
/camera/world/agv2_confidence,1789453906.9802313,1789453906.9802313,0.57
/camera/world/agv1_confidence,1789453907.013603,1789453907.013603,0.5889
/camera/world/agv3_confidence,1789453907.0136204,1789453907.0136204,0.5757
/camera/world/agv2_confidence,1789453907.0136287,1789453907.0136287,0.5627
/camera/world/agv1_confidence,1789453907.0496686,1789453907.0496686,0.587
/camera/world/agv3_confidence,1789453907.0498595,1789453907.0498595,0.5731
/camera/world/agv2_confidence,1789453907.0498657,1789453907.0498657,0.5719
/camera/world/agv1_confidence,1789453907.0803852,1789453907.0803852,0.5869
/camera/world/agv3_confidence,1789453907.0804129,1789453907.0804129,0.5593
/camera/world/agv2_confidence,1789453907.0806348,1789453907.0806348,0.5663
/camera/world/agv2_confidence,1789453907.112953,1789453907.112953,0.5722
/camera/world/agv1_confidence,1789453907.112961,1789453907.112961,0.5862
/camera/world/agv3_confidence,1789453907.1132452,1789453907.1132452,0.5695
/camera/world/agv2_confidence,1789453907.146495,1789453907.146495,0.5683
/camera/world/agv3_confidence,1789453907.1464975,1789453907.1464975,0.5587
/camera/world/agv1_confidence,1789453907.146532,1789453907.146532,0.5854
/camera/world/agv3_confidence,1789453907.1761887,1789453907.1761887,0.577
/camera/world/agv2_confidence,1789453907.1762207,1789453907.1762207,0.5683
/camera/world/agv1_confidence,1789453907.1763473,1789453907.1763473,0.5884
/camera/world/agv3_confidence,1789453907.2084877,1789453907.2084877,0.5736
/camera/world/agv2_confidence,1789453907.2085204,1789453907.2085204,0.5686
/camera/world/agv1_confidence,1789453907.2085335,1789453907.2085335,0.5834
/camera/world/agv1_confidence,1789453907.2441776,1789453907.2441776,0.5874
/camera/world/agv3_confidence,1789453907.2441995,1789453907.2441995,0.5778
/camera/world/agv2_confidence,1789453907.2444634,1789453907.2444634,0.5671
/camera/world/agv3_confidence,1789453907.2754734,1789453907.2754734,0.5753
/camera/world/agv2_confidence,1789453907.275498,1789453907.275498,0.5688
/camera/world/agv1_confidence,1789453907.2756069,1789453907.2756069,0.5867
/camera/world/agv1_confidence,1789453907.309412,1789453907.309412,0.5874
/camera/world/agv3_confidence,1789453907.3094566,1789453907.3094566,0.5723
/camera/world/agv2_confidence,1789453907.3094592,1789453907.3094592,0.5517
/camera/world/agv1_confidence,1789453907.34334,1789453907.34334,0.5669
/camera/world/agv2_confidence,1789453907.343358,1789453907.343358,0.5694
/camera/world/agv3_confidence,1789453907.3435757,1789453907.3435757,0.5555
/camera/world/agv1_confidence,1789453907.3761842,1789453907.3761842,0.586
/camera/world/agv2_confidence,1789453907.3762846,1789453907.3762846,0.5602
/camera/world/agv3_confidence,1789453907.3763592,1789453907.3763592,0.5579
/camera/world/agv1_confidence,1789453907.413005,1789453907.413005,0.585
/camera/world/agv3_confidence,1789453907.4132524,1789453907.4132524,0.5808
/camera/world/agv2_confidence,1789453907.4132962,1789453907.4132962,0.5699
/camera/world/agv3_confidence,1789453907.4470015,1789453907.4470015,0.5773
/camera/world/agv1_confidence,1789453907.4470892,1789453907.4470892,0.5865
/camera/world/agv2_confidence,1789453907.4471436,1789453907.4471436,0.5678
/camera/world/agv1_confidence,1789453907.4783444,1789453907.4783444,0.5883
/camera/world/agv2_confidence,1789453907.4784129,1789453907.4784129,0.5697
/camera/world/agv3_confidence,1789453907.4785862,1789453907.4785862,0.5773
/camera/world/agv2_confidence,1789453907.5086622,1789453907.5086622,0.5691
/camera/world/agv1_confidence,1789453907.5086944,1789453907.5086944,0.5856
/camera/world/agv3_confidence,1789453907.508912,1789453907.508912,0.5812
/camera/world/agv1_confidence,1789453907.5447292,1789453907.5447292,0.5864
/camera/world/agv3_confidence,1789453907.5450153,1789453907.5450153,0.5782
/camera/world/agv2_confidence,1789453907.5450218,1789453907.5450218,0.5708
/camera/world/agv1_confidence,1789453907.574042,1789453907.574042,0.5869
/camera/world/agv3_confidence,1789453907.5741935,1789453907.5741935,0.579
/camera/world/agv2_confidence,1789453907.5742447,1789453907.5742447,0.5724
/camera/world/agv1_confidence,1789453907.6139007,1789453907.6139007,0.5856
/camera/world/agv2_confidence,1789453907.6139574,1789453907.6139574,0.5674
/camera/world/agv3_confidence,1789453907.6143417,1789453907.6143417,0.5777
/camera/world/agv1_confidence,1789453907.6424592,1789453907.6424592,0.5874
/camera/world/agv3_confidence,1789453907.642711,1789453907.642711,0.5762
/camera/world/agv2_confidence,1789453907.6427808,1789453907.6427808,0.5718
/camera/world/agv1_confidence,1789453907.6737618,1789453907.6737618,0.5871
/camera/world/agv2_confidence,1789453907.6739373,1789453907.6739373,0.5701
/camera/world/agv3_confidence,1789453907.6742926,1789453907.6742926,0.5826
/camera/world/agv2_confidence,1789453907.709346,1789453907.709346,0.571
/camera/world/agv3_confidence,1789453907.7094967,1789453907.7094967,0.5798
/camera/world/agv1_confidence,1789453907.7097049,1789453907.7097049,0.5874
/camera/world/agv1_confidence,1789453907.7498705,1789453907.7498705,0.5873
/camera/world/agv3_confidence,1789453907.7498815,1789453907.7498815,0.5821
/camera/world/agv2_confidence,1789453907.7499964,1789453907.7499964,0.5716
/camera/world/agv1_confidence,1789453907.776703,1789453907.776703,0.589
/camera/world/agv3_confidence,1789453907.7769415,1789453907.7769415,0.5841
/camera/world/agv2_confidence,1789453907.77695,1789453907.77695,0.5697
/camera/world/agv1_confidence,1789453907.8154123,1789453907.8154123,0.5338
/camera/world/agv2_confidence,1789453907.815433,1789453907.815433,0.57
/camera/world/agv3_confidence,1789453907.8156502,1789453907.8156502,0.5813
/camera/world/agv1_confidence,1789453907.8522918,1789453907.8522918,0.5857
/camera/world/agv2_confidence,1789453907.8522985,1789453907.8522985,0.5706
/camera/world/agv3_confidence,1789453907.8523617,1789453907.8523617,0.5796
/camera/world/agv1_confidence,1789453907.8740106,1789453907.8740106,0.5891
/camera/world/agv2_confidence,1789453907.8740804,1789453907.8740804,0.5701
/camera/world/agv3_confidence,1789453907.8743637,1789453907.8743637,0.5788
/camera/world/agv1_confidence,1789453907.9188147,1789453907.9188147,0.5853
/camera/world/agv2_confidence,1789453907.919057,1789453907.919057,0.5605
/camera/world/agv3_confidence,1789453907.9191854,1789453907.9191854,0.5745
/camera/world/agv1_confidence,1789453907.9463398,1789453907.9463398,0.5867
/camera/world/agv2_confidence,1789453907.9464698,1789453907.9464698,0.5714
/camera/world/agv3_confidence,1789453907.9464917,1789453907.9464917,0.5827
/camera/world/agv1_confidence,1789453907.9737518,1789453907.9737518,0.586
/camera/world/agv3_confidence,1789453907.973766,1789453907.973766,0.5821
/camera/world/agv2_confidence,1789453907.9738445,1789453907.9738445,0.5718
/camera/world/agv2_confidence,1789453908.016044,1789453908.016044,0.5698
/camera/world/agv1_confidence,1789453908.0160644,1789453908.0160644,0.5866
/camera/world/agv3_confidence,1789453908.0164366,1789453908.0164366,0.5812
/camera/world/agv2_confidence,1789453908.0431259,1789453908.0431259,0.5739
/camera/world/agv1_confidence,1789453908.0432265,1789453908.0432265,0.5866
/camera/world/agv3_confidence,1789453908.0432584,1789453908.0432584,0.5796
/camera/world/agv1_confidence,1789453908.083434,1789453908.083434,0.5889
/camera/world/agv3_confidence,1789453908.0834641,1789453908.0834641,0.5814
/camera/world/agv2_confidence,1789453908.0836194,1789453908.0836194,0.5728
/camera/world/agv2_confidence,1789453908.1137722,1789453908.1137722,0.5707
/camera/world/agv3_confidence,1789453908.113776,1789453908.113776,0.5813
/camera/world/agv1_confidence,1789453908.1138294,1789453908.1138294,0.5327
/camera/world/agv3_confidence,1789453908.143479,1789453908.143479,0.5783
/camera/world/agv1_confidence,1789453908.1434877,1789453908.1434877,0.5854
/camera/world/agv2_confidence,1789453908.143509,1789453908.143509,0.5735
/camera/world/agv2_confidence,1789453908.1801124,1789453908.1801124,0.5732
/camera/world/agv1_confidence,1789453908.1802485,1789453908.1802485,0.5862
/camera/world/agv3_confidence,1789453908.180254,1789453908.180254,0.5815
/camera/world/agv2_confidence,1789453908.2121027,1789453908.2121027,0.5717
/camera/world/agv3_confidence,1789453908.2121105,1789453908.2121105,0.5638
/camera/world/agv1_confidence,1789453908.2121327,1789453908.2121327,0.5875
/camera/world/agv1_confidence,1789453908.2435162,1789453908.2435162,0.5663
/camera/world/agv3_confidence,1789453908.243613,1789453908.243613,0.5835
/camera/world/agv2_confidence,1789453908.2436333,1789453908.2436333,0.5579
/camera/world/agv1_confidence,1789453908.2743576,1789453908.2743576,0.5881
/camera/world/agv3_confidence,1789453908.2743847,1789453908.2743847,0.5828
/camera/world/agv2_confidence,1789453908.2744155,1789453908.2744155,0.5722
/camera/world/agv1_confidence,1789453908.306575,1789453908.306575,0.5872
/camera/world/agv2_confidence,1789453908.3065772,1789453908.3065772,0.5502
/camera/world/agv3_confidence,1789453908.3067958,1789453908.3067958,0.5814
/camera/world/agv2_confidence,1789453908.3458452,1789453908.3458452,0.5734
/camera/world/agv3_confidence,1789453908.3458526,1789453908.3458526,0.5833
/camera/world/agv1_confidence,1789453908.3459663,1789453908.3459663,0.5869
/camera/world/agv2_confidence,1789453908.375077,1789453908.375077,0.5761
/camera/world/agv3_confidence,1789453908.3751833,1789453908.3751833,0.5856
/camera/world/agv1_confidence,1789453908.3752646,1789453908.3752646,0.5877
/camera/world/agv1_confidence,1789453908.4048097,1789453908.4048097,0.5886
/camera/world/agv3_confidence,1789453908.4048135,1789453908.4048135,0.5833
/camera/world/agv2_confidence,1789453908.404835,1789453908.404835,0.5732
/camera/world/agv3_confidence,1789453908.4458303,1789453908.4458303,0.5818
/camera/world/agv2_confidence,1789453908.4458394,1789453908.4458394,0.5733
/camera/world/agv1_confidence,1789453908.4458642,1789453908.4458642,0.5863
/camera/world/agv2_confidence,1789453908.4791586,1789453908.4791586,0.5714
/camera/world/agv3_confidence,1789453908.4791675,1789453908.4791675,0.5817
/camera/world/agv1_confidence,1789453908.4791791,1789453908.4791791,0.586
/camera/world/agv3_confidence,1789453908.5105927,1789453908.5105927,0.5821
/camera/world/agv1_confidence,1789453908.5106018,1789453908.5106018,0.59
/camera/world/agv2_confidence,1789453908.510613,1789453908.510613,0.5727
/camera/world/agv3_confidence,1789453908.5428987,1789453908.5428987,0.5835
/camera/world/agv1_confidence,1789453908.5429265,1789453908.5429265,0.5889
/camera/world/agv2_confidence,1789453908.542949,1789453908.542949,0.5582
/camera/world/agv1_confidence,1789453908.573445,1789453908.573445,0.5784
/camera/world/agv2_confidence,1789453908.5736203,1789453908.5736203,0.5734
/camera/world/agv3_confidence,1789453908.5736752,1789453908.5736752,0.5845
/camera/world/agv1_confidence,1789453908.6144,1789453908.6144,0.5895
/camera/world/agv2_confidence,1789453908.6146433,1789453908.6146433,0.5728
/camera/world/agv3_confidence,1789453908.614691,1789453908.614691,0.5844
/camera/world/agv1_confidence,1789453908.6498976,1789453908.6498976,0.585
/camera/world/agv3_confidence,1789453908.6500447,1789453908.6500447,0.5832
/camera/world/agv2_confidence,1789453908.6500652,1789453908.6500652,0.5721
/camera/world/agv1_confidence,1789453908.6846948,1789453908.6846948,0.5882
/camera/world/agv3_confidence,1789453908.6847005,1789453908.6847005,0.5843
/camera/world/agv2_confidence,1789453908.6847417,1789453908.6847417,0.5727
/camera/world/agv1_confidence,1789453908.71003,1789453908.71003,0.589
/camera/world/agv2_confidence,1789453908.7102613,1789453908.7102613,0.5747
/camera/world/agv3_confidence,1789453908.7103088,1789453908.7103088,0.5843
/camera/world/agv2_confidence,1789453908.74141,1789453908.74141,0.5735
/camera/world/agv1_confidence,1789453908.7414143,1789453908.7414143,0.5894
/camera/world/agv3_confidence,1789453908.7415276,1789453908.7415276,0.5833
/camera/world/agv2_confidence,1789453908.7746923,1789453908.7746923,0.5739
/camera/world/agv1_confidence,1789453908.7748237,1789453908.7748237,0.5588
/camera/world/agv3_confidence,1789453908.7748284,1789453908.7748284,0.5843
/camera/world/agv1_confidence,1789453908.8142297,1789453908.8142297,0.5644
/camera/world/agv2_confidence,1789453908.8143303,1789453908.8143303,0.5732
/camera/world/agv3_confidence,1789453908.8143396,1789453908.8143396,0.5838
/camera/world/agv2_confidence,1789453908.8471348,1789453908.8471348,0.5727
/camera/world/agv1_confidence,1789453908.847138,1789453908.847138,0.5864
/camera/world/agv3_confidence,1789453908.8474507,1789453908.8474507,0.587
/camera/world/agv2_confidence,1789453908.8788002,1789453908.8788002,0.5719
/camera/world/agv1_confidence,1789453908.878808,1789453908.878808,0.5861
/camera/world/agv3_confidence,1789453908.8790834,1789453908.8790834,0.5861
/camera/world/agv2_confidence,1789453908.9115925,1789453908.9115925,0.5743
/camera/world/agv3_confidence,1789453908.9118192,1789453908.9118192,0.584
/camera/world/agv1_confidence,1789453908.911926,1789453908.911926,0.5597
/camera/world/agv2_confidence,1789453908.9470131,1789453908.9470131,0.5744
/camera/world/agv3_confidence,1789453908.9473324,1789453908.9473324,0.5859
/camera/world/agv1_confidence,1789453908.9473355,1789453908.9473355,0.5872
/camera/world/agv1_confidence,1789453908.981992,1789453908.981992,0.5885
/camera/world/agv3_confidence,1789453908.9821274,1789453908.9821274,0.5851
/camera/world/agv2_confidence,1789453908.9821584,1789453908.9821584,0.552
/camera/world/agv1_confidence,1789453909.0204437,1789453909.0204437,0.589
/camera/world/agv3_confidence,1789453909.0205047,1789453909.0205047,0.5844
/camera/world/agv2_confidence,1789453909.0205107,1789453909.0205107,0.575
/camera/world/agv3_confidence,1789453909.0418706,1789453909.0418706,0.5861
/camera/world/agv2_confidence,1789453909.0419102,1789453909.0419102,0.5749
/camera/world/agv1_confidence,1789453909.0420072,1789453909.0420072,0.5862
/camera/world/agv1_confidence,1789453909.0806308,1789453909.0806308,0.5841
/camera/world/agv3_confidence,1789453909.080664,1789453909.080664,0.5862
/camera/world/agv2_confidence,1789453909.080756,1789453909.080756,0.5746
/camera/world/agv2_confidence,1789453909.116354,1789453909.116354,0.5735
/camera/world/agv3_confidence,1789453909.1163738,1789453909.1163738,0.5854
/camera/world/agv1_confidence,1789453909.1164024,1789453909.1164024,0.5855
/camera/world/agv3_confidence,1789453909.1488132,1789453909.1488132,0.5834
/camera/world/agv1_confidence,1789453909.1488588,1789453909.1488588,0.5865
/camera/world/agv2_confidence,1789453909.1488833,1789453909.1488833,0.5736
/camera/world/agv1_confidence,1789453909.1762135,1789453909.1762135,0.5878
/camera/world/agv3_confidence,1789453909.1764066,1789453909.1764066,0.5887
/camera/world/agv2_confidence,1789453909.176426,1789453909.176426,0.5742
/camera/world/agv1_confidence,1789453909.2068284,1789453909.2068284,0.5872
/camera/world/agv2_confidence,1789453909.2068567,1789453909.2068567,0.5765
/camera/world/agv3_confidence,1789453909.2069495,1789453909.2069495,0.5868
/camera/world/agv1_confidence,1789453909.2504435,1789453909.2504435,0.5832
/camera/world/agv2_confidence,1789453909.2504528,1789453909.2504528,0.574
/camera/world/agv3_confidence,1789453909.2505877,1789453909.2505877,0.5864
/camera/world/agv1_confidence,1789453909.27901,1789453909.27901,0.5874
/camera/world/agv2_confidence,1789453909.2790437,1789453909.2790437,0.5737
/camera/world/agv3_confidence,1789453909.2792096,1789453909.2792096,0.5875
/camera/world/agv1_confidence,1789453909.3130953,1789453909.3130953,0.5881
/camera/world/agv3_confidence,1789453909.3130991,1789453909.3130991,0.5839
/camera/world/agv2_confidence,1789453909.3133016,1789453909.3133016,0.5732
/camera/world/agv2_confidence,1789453909.3438282,1789453909.3438282,0.5734
/camera/world/agv3_confidence,1789453909.3440769,1789453909.3440769,0.5843
/camera/world/agv1_confidence,1789453909.3441164,1789453909.3441164,0.5863
/camera/world/agv3_confidence,1789453909.374108,1789453909.374108,0.5855
/camera/world/agv2_confidence,1789453909.3741357,1789453909.3741357,0.5759
/camera/world/agv1_confidence,1789453909.3743074,1789453909.3743074,0.5869
/camera/world/agv3_confidence,1789453909.4101877,1789453909.4101877,0.5855
/camera/world/agv2_confidence,1789453909.4102638,1789453909.4102638,0.5763
/camera/world/agv1_confidence,1789453909.4102798,1789453909.4102798,0.5872
/camera/world/agv1_confidence,1789453909.4440687,1789453909.4440687,0.5869
/camera/world/agv2_confidence,1789453909.444197,1789453909.444197,0.5751
/camera/world/agv3_confidence,1789453909.4443328,1789453909.4443328,0.5857
/camera/world/agv3_confidence,1789453909.4736087,1789453909.4736087,0.5855
/camera/world/agv2_confidence,1789453909.4736178,1789453909.4736178,0.5737
/camera/world/agv1_confidence,1789453909.4737349,1789453909.4737349,0.5865
/camera/world/agv2_confidence,1789453909.5148447,1789453909.5148447,0.5749
/camera/world/agv3_confidence,1789453909.5148523,1789453909.5148523,0.5854
/camera/world/agv1_confidence,1789453909.5149038,1789453909.5149038,0.5679
/camera/world/agv1_confidence,1789453909.545419,1789453909.545419,0.5861
/camera/world/agv2_confidence,1789453909.5454779,1789453909.5454779,0.5751
/camera/world/agv3_confidence,1789453909.545609,1789453909.545609,0.5854
/camera/world/agv3_confidence,1789453909.577778,1789453909.577778,0.5863
/camera/world/agv1_confidence,1789453909.577811,1789453909.577811,0.5812
/camera/world/agv2_confidence,1789453909.578053,1789453909.578053,0.5757
/camera/world/agv1_confidence,1789453909.6106596,1789453909.6106596,0.585
/camera/world/agv2_confidence,1789453909.610677,1789453909.610677,0.5624
/camera/world/agv3_confidence,1789453909.6107776,1789453909.6107776,0.5858
/camera/world/agv2_confidence,1789453909.6473727,1789453909.6473727,0.5565
/camera/world/agv1_confidence,1789453909.6474311,1789453909.6474311,0.5884
/camera/world/agv3_confidence,1789453909.647434,1789453909.647434,0.5861
/camera/world/agv2_confidence,1789453909.6738198,1789453909.6738198,0.5743
/camera/world/agv1_confidence,1789453909.6738458,1789453909.6738458,0.5881
/camera/world/agv3_confidence,1789453909.673863,1789453909.673863,0.5853
/camera/world/agv1_confidence,1789453909.7064037,1789453909.7064037,0.5881
/camera/world/agv3_confidence,1789453909.7068863,1789453909.7068863,0.5878
/camera/world/agv2_confidence,1789453909.7068973,1789453909.7068973,0.576
/camera/world/agv1_confidence,1789453909.7389934,1789453909.7389934,0.5844
/camera/world/agv2_confidence,1789453909.7390206,1789453909.7390206,0.5762
/camera/world/agv3_confidence,1789453909.7392058,1789453909.7392058,0.5847
/camera/world/agv1_confidence,1789453909.7821631,1789453909.7821631,0.5865
/camera/world/agv2_confidence,1789453909.7821758,1789453909.7821758,0.5753
/camera/world/agv3_confidence,1789453909.7824397,1789453909.7824397,0.5848
/camera/world/agv1_confidence,1789453909.817862,1789453909.817862,0.5856
/camera/world/agv2_confidence,1789453909.8179593,1789453909.8179593,0.5745
/camera/world/agv3_confidence,1789453909.818091,1789453909.818091,0.585
/camera/world/agv1_confidence,1789453909.843914,1789453909.843914,0.5851
/camera/world/agv2_confidence,1789453909.8440607,1789453909.8440607,0.5744
/camera/world/agv3_confidence,1789453909.8440683,1789453909.8440683,0.585
/camera/world/agv1_confidence,1789453909.8773575,1789453909.8773575,0.5476
/camera/world/agv2_confidence,1789453909.877409,1789453909.877409,0.5727
/camera/world/agv3_confidence,1789453909.877671,1789453909.877671,0.5842
/camera/world/agv1_confidence,1789453909.9123974,1789453909.9123974,0.5812
/camera/world/agv3_confidence,1789453909.9124906,1789453909.9124906,0.5872
/camera/world/agv2_confidence,1789453909.9125142,1789453909.9125142,0.5731
/camera/world/agv2_confidence,1789453909.948662,1789453909.948662,0.5742
/camera/world/agv3_confidence,1789453909.948733,1789453909.948733,0.5861
/camera/world/agv1_confidence,1789453909.9487383,1789453909.9487383,0.5895
/camera/world/agv1_confidence,1789453909.973175,1789453909.973175,0.5897
/camera/world/agv3_confidence,1789453909.973403,1789453909.973403,0.5696
/camera/world/agv2_confidence,1789453909.973412,1789453909.973412,0.5438
/camera/world/agv2_confidence,1789453910.016341,1789453910.016341,0.574
/camera/world/agv3_confidence,1789453910.0165467,1789453910.0165467,0.5841
/camera/world/agv1_confidence,1789453910.0166395,1789453910.0166395,0.5664
/camera/world/agv1_confidence,1789453910.0418696,1789453910.0418696,0.5867
/camera/world/agv3_confidence,1789453910.0419655,1789453910.0419655,0.5864
/camera/world/agv2_confidence,1789453910.0419703,1789453910.0419703,0.5726
/camera/world/agv1_confidence,1789453910.0738883,1789453910.0738883,0.5725
/camera/world/agv2_confidence,1789453910.074015,1789453910.074015,0.5731
/camera/world/agv3_confidence,1789453910.07432,1789453910.07432,0.5849
/camera/world/agv1_confidence,1789453910.1177084,1789453910.1177084,0.5813
/camera/world/agv3_confidence,1789453910.1177359,1789453910.1177359,0.5858
/camera/world/agv2_confidence,1789453910.1178777,1789453910.1178777,0.5735
/camera/world/agv1_confidence,1789453910.151559,1789453910.151559,0.5779
/camera/world/agv2_confidence,1789453910.1516755,1789453910.1516755,0.5603
/camera/world/agv3_confidence,1789453910.1519523,1789453910.1519523,0.5857
/camera/world/agv1_confidence,1789453910.1794283,1789453910.1794283,0.5861
/camera/world/agv3_confidence,1789453910.1798127,1789453910.1798127,0.5858
/camera/world/agv2_confidence,1789453910.1800594,1789453910.1800594,0.5736
/camera/world/agv1_confidence,1789453910.2154746,1789453910.2154746,0.5894
/camera/world/agv3_confidence,1789453910.2156491,1789453910.2156491,0.5847
/camera/world/agv2_confidence,1789453910.2156663,1789453910.2156663,0.5735
/camera/world/agv1_confidence,1789453910.2440166,1789453910.2440166,0.589
/camera/world/agv2_confidence,1789453910.2441285,1789453910.2441285,0.5733
/camera/world/agv3_confidence,1789453910.2443533,1789453910.2443533,0.5851
/camera/world/agv1_confidence,1789453910.280872,1789453910.280872,0.5652
/camera/world/agv2_confidence,1789453910.2810168,1789453910.2810168,0.5725
/camera/world/agv3_confidence,1789453910.2811503,1789453910.2811503,0.5875
/camera/world/agv1_confidence,1789453910.3140883,1789453910.3140883,0.5515
/camera/world/agv2_confidence,1789453910.314158,1789453910.314158,0.5728
/camera/world/agv3_confidence,1789453910.314192,1789453910.314192,0.5866
/camera/world/agv1_confidence,1789453910.3448923,1789453910.3448923,0.5847
/camera/world/agv2_confidence,1789453910.345026,1789453910.345026,0.5727
/camera/world/agv3_confidence,1789453910.345202,1789453910.345202,0.5873
/camera/world/agv2_confidence,1789453910.3774433,1789453910.3774433,0.573
/camera/world/agv3_confidence,1789453910.3775187,1789453910.3775187,0.5843
/camera/world/agv1_confidence,1789453910.3775334,1789453910.3775334,0.5852
/camera/world/agv1_confidence,1789453910.4139645,1789453910.4139645,0.5882
/camera/world/agv2_confidence,1789453910.4139702,1789453910.4139702,0.5738
/camera/world/agv3_confidence,1789453910.4142244,1789453910.4142244,0.5885
/camera/world/agv2_confidence,1789453910.4499931,1789453910.4499931,0.5747
/camera/world/agv3_confidence,1789453910.4500227,1789453910.4500227,0.5859
/camera/world/agv1_confidence,1789453910.4500568,1789453910.4500568,0.586
/camera/world/agv1_confidence,1789453910.480496,1789453910.480496,0.5889
/camera/world/agv2_confidence,1789453910.480677,1789453910.480677,0.5759
/camera/world/agv3_confidence,1789453910.4808662,1789453910.4808662,0.5848
/camera/world/agv3_confidence,1789453910.5147846,1789453910.5147846,0.5857
/camera/world/agv1_confidence,1789453910.5148032,1789453910.5148032,0.5885
/camera/world/agv2_confidence,1789453910.514856,1789453910.514856,0.5747
/camera/world/agv1_confidence,1789453910.5425045,1789453910.5425045,0.5804
/camera/world/agv2_confidence,1789453910.542549,1789453910.542549,0.5519
/camera/world/agv3_confidence,1789453910.5425844,1789453910.5425844,0.5857
/camera/world/agv1_confidence,1789453910.5762725,1789453910.5762725,0.5909
/camera/world/agv2_confidence,1789453910.5762856,1789453910.5762856,0.5772
/camera/world/agv3_confidence,1789453910.5762966,1789453910.5762966,0.5853
/camera/world/agv3_confidence,1789453910.6084073,1789453910.6084073,0.588
/camera/world/agv2_confidence,1789453910.608424,1789453910.608424,0.5754
/camera/world/agv1_confidence,1789453910.608453,1789453910.608453,0.5908
/camera/world/agv2_confidence,1789453910.651017,1789453910.651017,0.5749
/camera/world/agv1_confidence,1789453910.6510293,1789453910.6510293,0.5904
/camera/world/agv3_confidence,1789453910.6513934,1789453910.6513934,0.5854
/camera/world/agv2_confidence,1789453910.674311,1789453910.674311,0.5752
/camera/world/agv3_confidence,1789453910.67432,1789453910.67432,0.5874
/camera/world/agv1_confidence,1789453910.6743677,1789453910.6743677,0.5895
/camera/world/agv2_confidence,1789453910.706637,1789453910.706637,0.5745
/camera/world/agv1_confidence,1789453910.7067034,1789453910.7067034,0.5425
/camera/world/agv3_confidence,1789453910.7067132,1789453910.7067132,0.5858
/camera/world/agv2_confidence,1789453910.7376854,1789453910.7376854,0.5747
/camera/world/agv3_confidence,1789453910.7376964,1789453910.7376964,0.5878
/camera/world/agv1_confidence,1789453910.7378361,1789453910.7378361,0.5891
/camera/world/agv2_confidence,1789453910.7846339,1789453910.7846339,0.5731
/camera/world/agv1_confidence,1789453910.7846375,1789453910.7846375,0.5884
/camera/world/agv3_confidence,1789453910.7846932,1789453910.7846932,0.5861
/camera/world/agv1_confidence,1789453910.8143373,1789453910.8143373,0.5917
/camera/world/agv2_confidence,1789453910.8145382,1789453910.8145382,0.573
/camera/world/agv3_confidence,1789453910.814547,1789453910.814547,0.5867
/camera/world/agv3_confidence,1789453910.8446295,1789453910.8446295,0.5432
/camera/world/agv2_confidence,1789453910.8446736,1789453910.8446736,0.5734
/camera/world/agv1_confidence,1789453910.8447015,1789453910.8447015,0.5878
/camera/world/agv1_confidence,1789453910.8749304,1789453910.8749304,0.5713
/camera/world/agv3_confidence,1789453910.8749363,1789453910.8749363,0.5859
/camera/world/agv2_confidence,1789453910.8750007,1789453910.8750007,0.5735
/camera/world/agv1_confidence,1789453910.9085977,1789453910.9085977,0.5738
/camera/world/agv2_confidence,1789453910.9087949,1789453910.9087949,0.5746
/camera/world/agv3_confidence,1789453910.9089506,1789453910.9089506,0.5856
/camera/world/agv2_confidence,1789453910.948864,1789453910.948864,0.5732
/camera/world/agv1_confidence,1789453910.9488695,1789453910.9488695,0.5916
/camera/world/agv3_confidence,1789453910.9490333,1789453910.9490333,0.5852
/camera/world/agv1_confidence,1789453910.9752626,1789453910.9752626,0.5801
/camera/world/agv2_confidence,1789453910.9753177,1789453910.9753177,0.5729
/camera/world/agv3_confidence,1789453910.9755754,1789453910.9755754,0.5846
/camera/world/agv1_confidence,1789453911.0131075,1789453911.0131075,0.5909
/camera/world/agv2_confidence,1789453911.0133636,1789453911.0133636,0.5731
/camera/world/agv3_confidence,1789453911.013401,1789453911.013401,0.5884
/camera/world/agv3_confidence,1789453911.049701,1789453911.049701,0.5861
/camera/world/agv1_confidence,1789453911.0497997,1789453911.0497997,0.5895
/camera/world/agv2_confidence,1789453911.0498412,1789453911.0498412,0.5728
/camera/world/agv1_confidence,1789453911.0837336,1789453911.0837336,0.5863
/camera/world/agv3_confidence,1789453911.0839324,1789453911.0839324,0.5852
/camera/world/agv2_confidence,1789453911.0839508,1789453911.0839508,0.5758
/camera/world/agv1_confidence,1789453911.111591,1789453911.111591,0.5867
/camera/world/agv3_confidence,1789453911.1116133,1789453911.1116133,0.5856
/camera/world/agv2_confidence,1789453911.1118405,1789453911.1118405,0.5776
/camera/world/agv3_confidence,1789453911.1439066,1789453911.1439066,0.5867
/camera/world/agv2_confidence,1789453911.1439586,1789453911.1439586,0.5772
/camera/world/agv1_confidence,1789453911.1440845,1789453911.1440845,0.5865
/camera/world/agv1_confidence,1789453911.1752934,1789453911.1752934,0.5908
/camera/world/agv3_confidence,1789453911.1753259,1789453911.1753259,0.5853
/camera/world/agv2_confidence,1789453911.1753957,1789453911.1753957,0.5754
/camera/world/agv1_confidence,1789453911.2078512,1789453911.2078512,0.524
/camera/world/agv3_confidence,1789453911.207856,1789453911.207856,0.5861
/camera/world/agv2_confidence,1789453911.2078648,1789453911.2078648,0.5719
/camera/world/agv3_confidence,1789453911.2450628,1789453911.2450628,0.585
/camera/world/agv2_confidence,1789453911.2450714,1789453911.2450714,0.5735
/camera/world/agv1_confidence,1789453911.2452385,1789453911.2452385,0.5758
/camera/world/agv1_confidence,1789453911.280113,1789453911.280113,0.5729
/camera/world/agv2_confidence,1789453911.2801182,1789453911.2801182,0.5584
/camera/world/agv3_confidence,1789453911.280259,1789453911.280259,0.587
/camera/world/agv2_confidence,1789453911.31187,1789453911.31187,0.5744
/camera/world/agv3_confidence,1789453911.311943,1789453911.311943,0.5883
/camera/world/agv1_confidence,1789453911.3120384,1789453911.3120384,0.5942
/camera/world/agv1_confidence,1789453911.3510578,1789453911.3510578,0.5853
/camera/world/agv3_confidence,1789453911.3512685,1789453911.3512685,0.586
/camera/world/agv2_confidence,1789453911.3513126,1789453911.3513126,0.5747
/camera/world/agv1_confidence,1789453911.379483,1789453911.379483,0.5929
/camera/world/agv2_confidence,1789453911.3796415,1789453911.3796415,0.5747
/camera/world/agv3_confidence,1789453911.3797886,1789453911.3797886,0.5857
/camera/world/agv1_confidence,1789453911.412077,1789453911.412077,0.5911
/camera/world/agv2_confidence,1789453911.4124281,1789453911.4124281,0.5592
/camera/world/agv3_confidence,1789453911.412732,1789453911.412732,0.5848
/camera/world/agv1_confidence,1789453911.449656,1789453911.449656,0.5933
/camera/world/agv2_confidence,1789453911.4498568,1789453911.4498568,0.5753
/camera/world/agv3_confidence,1789453911.4499807,1789453911.4499807,0.5869
/camera/world/agv1_confidence,1789453911.4735155,1789453911.4735155,0.582
/camera/world/agv3_confidence,1789453911.4736457,1789453911.4736457,0.5848
/camera/world/agv2_confidence,1789453911.473686,1789453911.473686,0.5744
/camera/world/agv3_confidence,1789453911.5138779,1789453911.5138779,0.5863
/camera/world/agv2_confidence,1789453911.5139084,1789453911.5139084,0.5742
/camera/world/agv1_confidence,1789453911.5139859,1789453911.5139859,0.5772
/camera/world/agv1_confidence,1789453911.5499122,1789453911.5499122,0.5814
/camera/world/agv2_confidence,1789453911.5499387,1789453911.5499387,0.5722
/camera/world/agv3_confidence,1789453911.5501463,1789453911.5501463,0.5872
/camera/world/agv1_confidence,1789453911.5803947,1789453911.5803947,0.5901
/camera/world/agv2_confidence,1789453911.5804923,1789453911.5804923,0.5729
/camera/world/agv3_confidence,1789453911.5806038,1789453911.5806038,0.5844
/camera/world/agv3_confidence,1789453911.6092784,1789453911.6092784,0.5854
/camera/world/agv2_confidence,1789453911.6092818,1789453911.6092818,0.5733
/camera/world/agv1_confidence,1789453911.609313,1789453911.609313,0.5898
/camera/world/agv1_confidence,1789453911.6409075,1789453911.6409075,0.5821
/camera/world/agv3_confidence,1789453911.6410232,1789453911.6410232,0.5873
/camera/world/agv2_confidence,1789453911.641093,1789453911.641093,0.5728
/camera/world/agv2_confidence,1789453911.6743531,1789453911.6743531,0.5719
/camera/world/agv1_confidence,1789453911.6744342,1789453911.6744342,0.588
/camera/world/agv3_confidence,1789453911.6744664,1789453911.6744664,0.5857
/camera/world/agv2_confidence,1789453911.7134562,1789453911.7134562,0.5724
/camera/world/agv3_confidence,1789453911.7134607,1789453911.7134607,0.5632
/camera/world/agv1_confidence,1789453911.713495,1789453911.713495,0.593
/camera/world/agv1_confidence,1789453911.7434628,1789453911.7434628,0.5794
/camera/world/agv2_confidence,1789453911.7435787,1789453911.7435787,0.5768
/camera/world/agv3_confidence,1789453911.7436252,1789453911.7436252,0.5844
/camera/world/agv3_confidence,1789453911.7732437,1789453911.7732437,0.5864
/camera/world/agv2_confidence,1789453911.7732508,1789453911.7732508,0.5744
/camera/world/agv1_confidence,1789453911.7733872,1789453911.7733872,0.5908
/camera/world/agv1_confidence,1789453911.8087556,1789453911.8087556,0.5923
/camera/world/agv2_confidence,1789453911.80878,1789453911.80878,0.5717
/camera/world/agv3_confidence,1789453911.8088531,1789453911.8088531,0.5841
/camera/world/agv1_confidence,1789453911.8397627,1789453911.8397627,0.5885
/camera/world/agv2_confidence,1789453911.8398283,1789453911.8398283,0.575
/camera/world/agv3_confidence,1789453911.8398342,1789453911.8398342,0.5844
/camera/world/agv1_confidence,1789453911.874487,1789453911.874487,0.5935
/camera/world/agv3_confidence,1789453911.8746467,1789453911.8746467,0.587
/camera/world/agv2_confidence,1789453911.8746815,1789453911.8746815,0.5737
/camera/world/agv1_confidence,1789453911.9330373,1789453911.9330373,0.5878
/camera/world/agv3_confidence,1789453911.933108,1789453911.933108,0.5837
/camera/world/agv2_confidence,1789453911.933135,1789453911.933135,0.5714
/camera/world/agv1_confidence,1789453911.9476962,1789453911.9476962,0.601
/camera/world/agv2_confidence,1789453911.9478343,1789453911.9478343,0.5753
/camera/world/agv3_confidence,1789453911.9479792,1789453911.9479792,0.5851
/camera/world/agv1_confidence,1789453911.9743915,1789453911.9743915,0.5904
/camera/world/agv2_confidence,1789453911.9744024,1789453911.9744024,0.5748
/camera/world/agv3_confidence,1789453911.9745507,1789453911.9745507,0.5642
/camera/world/agv1_confidence,1789453912.0065944,1789453912.0065944,0.5881
/camera/world/agv2_confidence,1789453912.0066304,1789453912.0066304,0.5733
/camera/world/agv3_confidence,1789453912.0066495,1789453912.0066495,0.5838
/camera/world/agv1_confidence,1789453912.044336,1789453912.044336,0.5921
/camera/world/agv3_confidence,1789453912.0444982,1789453912.0444982,0.5857
/camera/world/agv2_confidence,1789453912.044554,1789453912.044554,0.5751
/camera/world/agv3_confidence,1789453912.0766885,1789453912.0766885,0.5862
/camera/world/agv2_confidence,1789453912.0768416,1789453912.0768416,0.5742
/camera/world/agv1_confidence,1789453912.0768518,1789453912.0768518,0.595
/camera/world/agv1_confidence,1789453912.107216,1789453912.107216,0.5839
/camera/world/agv2_confidence,1789453912.1073961,1789453912.1073961,0.5704
/camera/world/agv3_confidence,1789453912.1075652,1789453912.1075652,0.5839
/camera/world/agv2_confidence,1789453912.1401355,1789453912.1401355,0.5725
/camera/world/agv3_confidence,1789453912.140342,1789453912.140342,0.5856
/camera/world/agv1_confidence,1789453912.1403627,1789453912.1403627,0.5912
/camera/world/agv2_confidence,1789453912.1820261,1789453912.1820261,0.5718
/camera/world/agv1_confidence,1789453912.182178,1789453912.182178,0.5886
/camera/world/agv3_confidence,1789453912.1822703,1789453912.1822703,0.5697
/camera/world/agv3_confidence,1789453912.2102876,1789453912.2102876,0.5856
/camera/world/agv2_confidence,1789453912.2103434,1789453912.2103434,0.546
/camera/world/agv1_confidence,1789453912.2104168,1789453912.2104168,0.5954
/camera/world/agv1_confidence,1789453912.2414427,1789453912.2414427,0.5896
/camera/world/agv2_confidence,1789453912.2415192,1789453912.2415192,0.498
/camera/world/agv3_confidence,1789453912.2417314,1789453912.2417314,0.584
/camera/world/agv2_confidence,1789453912.273654,1789453912.273654,0.5478
/camera/world/agv1_confidence,1789453912.2736955,1789453912.2736955,0.5604
/camera/world/agv3_confidence,1789453912.2737448,1789453912.2737448,0.5843
/camera/world/agv2_confidence,1789453912.3131657,1789453912.3131657,0.5719
/camera/world/agv1_confidence,1789453912.3132157,1789453912.3132157,0.5925
/camera/world/agv3_confidence,1789453912.3135045,1789453912.3135045,0.5868
/camera/world/agv2_confidence,1789453912.3414726,1789453912.3414726,0.575
/camera/world/agv3_confidence,1789453912.341536,1789453912.341536,0.5832
/camera/world/agv1_confidence,1789453912.3415437,1789453912.3415437,0.5951
/camera/world/agv3_confidence,1789453912.373009,1789453912.373009,0.5858
/camera/world/agv1_confidence,1789453912.3730934,1789453912.3730934,0.5691
/camera/world/agv2_confidence,1789453912.3731587,1789453912.3731587,0.5098
/camera/world/agv2_confidence,1789453912.4224842,1789453912.4224842,0.577
/camera/world/agv1_confidence,1789453912.4225392,1789453912.4225392,0.5955
/camera/world/agv3_confidence,1789453912.4226809,1789453912.4226809,0.5866
/camera/world/agv2_confidence,1789453912.4456124,1789453912.4456124,0.5727
/camera/world/agv1_confidence,1789453912.4456205,1789453912.4456205,0.5903
/camera/world/agv3_confidence,1789453912.4457955,1789453912.4457955,0.5842
/camera/world/agv2_confidence,1789453912.4821222,1789453912.4821222,0.5749
/camera/world/agv1_confidence,1789453912.482277,1789453912.482277,0.603
/camera/world/agv3_confidence,1789453912.4822805,1789453912.4822805,0.5841
/camera/world/agv1_confidence,1789453912.5143235,1789453912.5143235,0.5946
/camera/world/agv3_confidence,1789453912.5143259,1789453912.5143259,0.5844
/camera/world/agv2_confidence,1789453912.5145018,1789453912.5145018,0.5749
/camera/world/agv1_confidence,1789453912.5377264,1789453912.5377264,0.5939
/camera/world/agv3_confidence,1789453912.5378063,1789453912.5378063,0.5269
/camera/world/agv2_confidence,1789453912.537915,1789453912.537915,0.5755
/camera/world/agv1_confidence,1789453912.5773556,1789453912.5773556,0.5963
/camera/world/agv2_confidence,1789453912.5773604,1789453912.5773604,0.5741
/camera/world/agv3_confidence,1789453912.5776565,1789453912.5776565,0.5836
/camera/world/agv1_confidence,1789453912.6130328,1789453912.6130328,0.5927
/camera/world/agv3_confidence,1789453912.6130373,1789453912.6130373,0.5844
/camera/world/agv2_confidence,1789453912.6131587,1789453912.6131587,0.5749
/camera/world/agv2_confidence,1789453912.64113,1789453912.64113,0.5629
/camera/world/agv1_confidence,1789453912.6412077,1789453912.6412077,0.5854
/camera/world/agv3_confidence,1789453912.6413543,1789453912.6413543,0.5844
/camera/world/agv1_confidence,1789453912.6796026,1789453912.6796026,0.5938
/camera/world/agv2_confidence,1789453912.679753,1789453912.679753,0.5737
/camera/world/agv3_confidence,1789453912.6799748,1789453912.6799748,0.5822
/camera/world/agv1_confidence,1789453912.7136807,1789453912.7136807,0.5978
/camera/world/agv2_confidence,1789453912.7137132,1789453912.7137132,0.5726
/camera/world/agv3_confidence,1789453912.7137334,1789453912.7137334,0.5815
/camera/world/agv2_confidence,1789453912.747171,1789453912.747171,0.5472
/camera/world/agv1_confidence,1789453912.7471874,1789453912.7471874,0.5847
/camera/world/agv3_confidence,1789453912.7472537,1789453912.7472537,0.5836
/camera/world/agv2_confidence,1789453912.778339,1789453912.778339,0.5751
/camera/world/agv1_confidence,1789453912.778459,1789453912.778459,0.5883
/camera/world/agv3_confidence,1789453912.778683,1789453912.778683,0.5856
/camera/world/agv2_confidence,1789453912.8095403,1789453912.8095403,0.5734
/camera/world/agv3_confidence,1789453912.8095586,1789453912.8095586,0.5839
/camera/world/agv1_confidence,1789453912.8096087,1789453912.8096087,0.5956
/camera/world/agv1_confidence,1789453912.8424807,1789453912.8424807,0.5971
/camera/world/agv2_confidence,1789453912.842489,1789453912.842489,0.575
/camera/world/agv3_confidence,1789453912.8426185,1789453912.8426185,0.5817
/camera/world/agv1_confidence,1789453912.8815966,1789453912.8815966,0.5898
/camera/world/agv3_confidence,1789453912.8819835,1789453912.8819835,0.5841
/camera/world/agv2_confidence,1789453912.8819866,1789453912.8819866,0.5726
/camera/world/agv1_confidence,1789453912.906794,1789453912.906794,0.6028
/camera/world/agv3_confidence,1789453912.9067974,1789453912.9067974,0.5792
/camera/world/agv2_confidence,1789453912.9068928,1789453912.9068928,0.5737
/camera/world/agv1_confidence,1789453912.9422307,1789453912.9422307,0.5866
/camera/world/agv2_confidence,1789453912.9422848,1789453912.9422848,0.5743
/camera/world/agv3_confidence,1789453912.942401,1789453912.942401,0.5863
/camera/world/agv1_confidence,1789453912.9842432,1789453912.9842432,0.5939
/camera/world/agv3_confidence,1789453912.9842649,1789453912.9842649,0.584
/camera/world/agv2_confidence,1789453912.9842877,1789453912.9842877,0.5631
/camera/world/agv3_confidence,1789453913.0128736,1789453913.0128736,0.5845
/camera/world/agv2_confidence,1789453913.012985,1789453913.012985,0.5678
/camera/world/agv1_confidence,1789453913.0130446,1789453913.0130446,0.5973
/camera/world/agv1_confidence,1789453913.0447755,1789453913.0447755,0.5976
/camera/world/agv2_confidence,1789453913.0449154,1789453913.0449154,0.5699
/camera/world/agv3_confidence,1789453913.045016,1789453913.045016,0.5843
/camera/world/agv2_confidence,1789453913.0901406,1789453913.0901406,0.578
/camera/world/agv1_confidence,1789453913.090157,1789453913.090157,0.5896
/camera/world/agv3_confidence,1789453913.0903392,1789453913.0903392,0.5846
/camera/world/agv1_confidence,1789453913.1131892,1789453913.1131892,0.5807
/camera/world/agv2_confidence,1789453913.1131985,1789453913.1131985,0.5675
/camera/world/agv3_confidence,1789453913.1133358,1789453913.1133358,0.5823
/camera/world/agv2_confidence,1789453913.1438205,1789453913.1438205,0.5714
/camera/world/agv1_confidence,1789453913.1438231,1789453913.1438231,0.5791
/camera/world/agv3_confidence,1789453913.1438801,1789453913.1438801,0.5813
/camera/world/agv2_confidence,1789453913.1763015,1789453913.1763015,0.5775
/camera/world/agv1_confidence,1789453913.1763465,1789453913.1763465,0.5805
/camera/world/agv3_confidence,1789453913.1766474,1789453913.1766474,0.5714
/camera/world/agv1_confidence,1789453913.2115743,1789453913.2115743,0.5984
/camera/world/agv3_confidence,1789453913.211837,1789453913.211837,0.5803
/camera/world/agv2_confidence,1789453913.2118843,1789453913.2118843,0.571
/camera/world/agv1_confidence,1789453913.2430017,1789453913.2430017,0.5931
/camera/world/agv2_confidence,1789453913.243207,1789453913.243207,0.5762
/camera/world/agv3_confidence,1789453913.2432318,1789453913.2432318,0.5838
/camera/world/agv2_confidence,1789453913.2790322,1789453913.2790322,0.5667
/camera/world/agv3_confidence,1789453913.2790956,1789453913.2790956,0.5801
/camera/world/agv1_confidence,1789453913.2791028,1789453913.2791028,0.5954
/camera/world/agv1_confidence,1789453913.3130546,1789453913.3130546,0.5942
/camera/world/agv2_confidence,1789453913.3135905,1789453913.3135905,0.5773
/camera/world/agv3_confidence,1789453913.3136888,1789453913.3136888,0.5798
/camera/world/agv3_confidence,1789453913.3446364,1789453913.3446364,0.5791
/camera/world/agv2_confidence,1789453913.344651,1789453913.344651,0.5731
/camera/world/agv1_confidence,1789453913.3447146,1789453913.3447146,0.6039
/camera/world/agv2_confidence,1789453913.3772504,1789453913.3772504,0.5759
/camera/world/agv3_confidence,1789453913.3773105,1789453913.3773105,0.5806
/camera/world/agv1_confidence,1789453913.3773203,1789453913.3773203,0.6021
/camera/world/agv1_confidence,1789453913.4101813,1789453913.4101813,0.6021
/camera/world/agv2_confidence,1789453913.4103608,1789453913.4103608,0.5531
/camera/world/agv3_confidence,1789453913.4104533,1789453913.4104533,0.5724
/camera/world/agv2_confidence,1789453913.4450486,1789453913.4450486,0.5698
/camera/world/agv1_confidence,1789453913.445206,1789453913.445206,0.5843
/camera/world/agv3_confidence,1789453913.4452074,1789453913.4452074,0.5432
/camera/world/agv1_confidence,1789453913.4835844,1789453913.4835844,0.5841
/camera/world/agv3_confidence,1789453913.483772,1789453913.483772,0.5813
/camera/world/agv2_confidence,1789453913.4837754,1789453913.4837754,0.5534
/camera/world/agv3_confidence,1789453913.5128634,1789453913.5128634,0.5849
/camera/world/agv2_confidence,1789453913.5128682,1789453913.5128682,0.5561
/camera/world/agv1_confidence,1789453913.512916,1789453913.512916,0.605
/camera/world/agv2_confidence,1789453913.5493815,1789453913.5493815,0.5734
/camera/world/agv1_confidence,1789453913.549437,1789453913.549437,0.5969
/camera/world/agv3_confidence,1789453913.5495245,1789453913.5495245,0.5512
/camera/world/agv1_confidence,1789453913.5801466,1789453913.5801466,0.5883
/camera/world/agv2_confidence,1789453913.5804598,1789453913.5804598,0.5714
/camera/world/agv3_confidence,1789453913.5804713,1789453913.5804713,0.5693
/camera/world/agv1_confidence,1789453913.6104646,1789453913.6104646,0.5792
/camera/world/agv2_confidence,1789453913.6104734,1789453913.6104734,0.5746
/camera/world/agv3_confidence,1789453913.6107357,1789453913.6107357,0.5752
/camera/world/agv1_confidence,1789453913.6427824,1789453913.6427824,0.5922
/camera/world/agv2_confidence,1789453913.6430798,1789453913.6430798,0.5599
/camera/world/agv3_confidence,1789453913.6431563,1789453913.6431563,0.5709
/camera/world/agv1_confidence,1789453913.6741743,1789453913.6741743,0.6046
/camera/world/agv2_confidence,1789453913.674185,1789453913.674185,0.5734
/camera/world/agv3_confidence,1789453913.6743543,1789453913.6743543,0.5618
/camera/world/agv1_confidence,1789453913.7078402,1789453913.7078402,0.5962
/camera/world/agv2_confidence,1789453913.7079697,1789453913.7079697,0.5712
/camera/world/agv3_confidence,1789453913.7083561,1789453913.7083561,0.5832
/camera/world/agv1_confidence,1789453913.7543018,1789453913.7543018,0.5804
/camera/world/agv2_confidence,1789453913.7544053,1789453913.7544053,0.5724
/camera/world/agv3_confidence,1789453913.754482,1789453913.754482,0.5701
/camera/world/agv1_confidence,1789453913.7739325,1789453913.7739325,0.5942
/camera/world/agv2_confidence,1789453913.7739477,1789453913.7739477,0.5652
/camera/world/agv3_confidence,1789453913.774111,1789453913.774111,0.5632
/camera/world/agv3_confidence,1789453913.806708,1789453913.806708,0.5716
/camera/world/agv1_confidence,1789453913.806736,1789453913.806736,0.6049
/camera/world/agv2_confidence,1789453913.806748,1789453913.806748,0.5647
/camera/world/agv2_confidence,1789453913.8411715,1789453913.8411715,0.5756
/camera/world/agv1_confidence,1789453913.8412912,1789453913.8412912,0.5756
/camera/world/agv3_confidence,1789453913.8413453,1789453913.8413453,0.5634
/camera/world/agv2_confidence,1789453913.8736117,1789453913.8736117,0.5513
/camera/world/agv1_confidence,1789453913.874086,1789453913.874086,0.5854
/camera/world/agv3_confidence,1789453913.8740988,1789453913.8740988,0.5719
/camera/world/agv1_confidence,1789453913.906596,1789453913.906596,0.5783
/camera/world/agv2_confidence,1789453913.906599,1789453913.906599,0.5707
/camera/world/agv3_confidence,1789453913.9066184,1789453913.9066184,0.5825
/camera/world/agv1_confidence,1789453913.9459603,1789453913.9459603,0.5977
/camera/world/agv2_confidence,1789453913.9461305,1789453913.9461305,0.5777
/camera/world/agv3_confidence,1789453913.946284,1789453913.946284,0.5672
/camera/world/agv1_confidence,1789453913.9766552,1789453913.9766552,0.6066
/camera/world/agv2_confidence,1789453913.976699,1789453913.976699,0.5737
/camera/world/agv3_confidence,1789453913.9767678,1789453913.9767678,0.5822
/camera/world/agv2_confidence,1789453914.008569,1789453914.008569,0.5662
/camera/world/agv1_confidence,1789453914.008574,1789453914.008574,0.5944
/camera/world/agv3_confidence,1789453914.0086455,1789453914.0086455,0.5819
/camera/world/agv2_confidence,1789453914.0414445,1789453914.0414445,0.5598
/camera/world/agv3_confidence,1789453914.0414922,1789453914.0414922,0.5833
/camera/world/agv1_confidence,1789453914.04153,1789453914.04153,0.5983
/camera/world/agv1_confidence,1789453914.0727687,1789453914.0727687,0.5871
/camera/world/agv2_confidence,1789453914.0727804,1789453914.0727804,0.5746
/camera/world/agv3_confidence,1789453914.0729856,1789453914.0729856,0.5713
/camera/world/agv3_confidence,1789453914.1099916,1789453914.1099916,0.5661
/camera/world/agv2_confidence,1789453914.110034,1789453914.110034,0.5797
/camera/world/agv1_confidence,1789453914.110122,1789453914.110122,0.5825
/camera/world/agv2_confidence,1789453914.14107,1789453914.14107,0.5659
/camera/world/agv1_confidence,1789453914.1411982,1789453914.1411982,0.5924
/camera/world/agv3_confidence,1789453914.1413486,1789453914.1413486,0.5827
/camera/world/agv2_confidence,1789453914.1873028,1789453914.1873028,0.5735
/camera/world/agv1_confidence,1789453914.187371,1789453914.187371,0.5976
/camera/world/agv3_confidence,1789453914.1875794,1789453914.1875794,0.5532
/camera/world/agv2_confidence,1789453914.2245345,1789453914.2245345,0.5683
/camera/world/agv1_confidence,1789453914.2245827,1789453914.2245827,0.5688
/camera/world/agv3_confidence,1789453914.224599,1789453914.224599,0.5817
/camera/world/agv2_confidence,1789453914.2495086,1789453914.2495086,0.5761
/camera/world/agv1_confidence,1789453914.2495189,1789453914.2495189,0.5615
/camera/world/agv3_confidence,1789453914.2495852,1789453914.2495852,0.5735
/camera/world/agv2_confidence,1789453914.2767732,1789453914.2767732,0.5706
/camera/world/agv1_confidence,1789453914.2768347,1789453914.2768347,0.6008
/camera/world/agv3_confidence,1789453914.276942,1789453914.276942,0.5743
/camera/world/agv1_confidence,1789453914.3107076,1789453914.3107076,0.5832
/camera/world/agv2_confidence,1789453914.310722,1789453914.310722,0.5569
/camera/world/agv3_confidence,1789453914.3108704,1789453914.3108704,0.578
/camera/world/agv2_confidence,1789453914.3425546,1789453914.3425546,0.5786
/camera/world/agv1_confidence,1789453914.342669,1789453914.342669,0.5968
/camera/world/agv3_confidence,1789453914.342681,1789453914.342681,0.5864
/camera/world/agv3_confidence,1789453914.3727133,1789453914.3727133,0.5844
/camera/world/agv1_confidence,1789453914.3727248,1789453914.3727248,0.6071
/camera/world/agv2_confidence,1789453914.3727582,1789453914.3727582,0.5644
/camera/world/agv2_confidence,1789453914.417584,1789453914.417584,0.5776
/camera/world/agv1_confidence,1789453914.4176028,1789453914.4176028,0.6064
/camera/world/agv3_confidence,1789453914.4177885,1789453914.4177885,0.5812
/camera/world/agv2_confidence,1789453914.4451308,1789453914.4451308,0.5802
/camera/world/agv3_confidence,1789453914.4451425,1789453914.4451425,0.5866
/camera/world/agv1_confidence,1789453914.445161,1789453914.445161,0.608
/camera/world/agv1_confidence,1789453914.4755764,1789453914.4755764,0.6071
/camera/world/agv2_confidence,1789453914.4755867,1789453914.4755867,0.5748
/camera/world/agv3_confidence,1789453914.4757504,1789453914.4757504,0.5828
/camera/world/agv3_confidence,1789453914.5076342,1789453914.5076342,0.5815
/camera/world/agv2_confidence,1789453914.507715,1789453914.507715,0.578
/camera/world/agv1_confidence,1789453914.5078075,1789453914.5078075,0.6082
/camera/world/agv1_confidence,1789453914.5420713,1789453914.5420713,0.6069
/camera/world/agv3_confidence,1789453914.5420885,1789453914.5420885,0.5778
/camera/world/agv2_confidence,1789453914.542117,1789453914.542117,0.5568
/camera/world/agv1_confidence,1789453914.5818982,1789453914.5818982,0.6044
/camera/world/agv2_confidence,1789453914.5820105,1789453914.5820105,0.5741
/camera/world/agv3_confidence,1789453914.5821798,1789453914.5821798,0.5833
/camera/world/agv1_confidence,1789453914.6140075,1789453914.6140075,0.6
/camera/world/agv2_confidence,1789453914.6142597,1789453914.6142597,0.5786
/camera/world/agv3_confidence,1789453914.6142745,1789453914.6142745,0.5748
/camera/world/agv1_confidence,1789453914.6437166,1789453914.6437166,0.5985
/camera/world/agv2_confidence,1789453914.6439314,1789453914.6439314,0.5518
/camera/world/agv3_confidence,1789453914.6439693,1789453914.6439693,0.576
/camera/world/agv2_confidence,1789453914.67743,1789453914.67743,0.5785
/camera/world/agv3_confidence,1789453914.6775947,1789453914.6775947,0.5732
/camera/world/agv1_confidence,1789453914.6776204,1789453914.6776204,0.5782
/camera/world/agv1_confidence,1789453914.7129047,1789453914.7129047,0.5983
/camera/world/agv2_confidence,1789453914.7130826,1789453914.7130826,0.5693
/camera/world/agv3_confidence,1789453914.713311,1789453914.713311,0.5825
/camera/world/agv1_confidence,1789453914.7428198,1789453914.7428198,0.5858
/camera/world/agv2_confidence,1789453914.7429724,1789453914.7429724,0.5757
/camera/world/agv3_confidence,1789453914.7431922,1789453914.7431922,0.5811
/camera/world/agv1_confidence,1789453914.7781558,1789453914.7781558,0.5889
/camera/world/agv3_confidence,1789453914.778203,1789453914.778203,0.5847
/camera/world/agv2_confidence,1789453914.7782125,1789453914.7782125,0.5698
/camera/world/agv1_confidence,1789453914.8085546,1789453914.8085546,0.5733
/camera/world/agv3_confidence,1789453914.8085604,1789453914.8085604,0.5815
/camera/world/agv2_confidence,1789453914.8086877,1789453914.8086877,0.5807
/camera/world/agv2_confidence,1789453914.8408365,1789453914.8408365,0.5656
/camera/world/agv1_confidence,1789453914.840858,1789453914.840858,0.5839
/camera/world/agv3_confidence,1789453914.840946,1789453914.840946,0.5663
/camera/world/agv2_confidence,1789453914.8722956,1789453914.8722956,0.5782
/camera/world/agv3_confidence,1789453914.8722994,1789453914.8722994,0.5644
/camera/world/agv1_confidence,1789453914.8723302,1789453914.8723302,0.6063
/camera/world/agv3_confidence,1789453914.917321,1789453914.917321,0.586
/camera/world/agv1_confidence,1789453914.9173427,1789453914.9173427,0.6059
/camera/world/agv2_confidence,1789453914.9173727,1789453914.9173727,0.5814
/camera/world/agv1_confidence,1789453914.9462707,1789453914.9462707,0.6061
/camera/world/agv3_confidence,1789453914.9464371,1789453914.9464371,0.5657
/camera/world/agv2_confidence,1789453914.9464407,1789453914.9464407,0.5774
/camera/world/agv2_confidence,1789453914.980307,1789453914.980307,0.5745
/camera/world/agv1_confidence,1789453914.980336,1789453914.980336,0.5706
/camera/world/agv3_confidence,1789453914.9803405,1789453914.9803405,0.582
/camera/world/agv1_confidence,1789453915.0071332,1789453915.0071332,0.5881
/camera/world/agv2_confidence,1789453915.007361,1789453915.007361,0.5763
/camera/world/agv3_confidence,1789453915.007635,1789453915.007635,0.5468
/camera/world/agv1_confidence,1789453915.041634,1789453915.041634,0.6059
/camera/world/agv2_confidence,1789453915.041877,1789453915.041877,0.5802
/camera/world/agv3_confidence,1789453915.0420048,1789453915.0420048,0.5733
/camera/world/agv3_confidence,1789453915.074791,1789453915.074791,0.5836
/camera/world/agv2_confidence,1789453915.0747933,1789453915.0747933,0.5825
/camera/world/agv1_confidence,1789453915.0747967,1789453915.0747967,0.6055
/camera/world/agv1_confidence,1789453915.1068769,1789453915.1068769,0.5878
/camera/world/agv3_confidence,1789453915.1068957,1789453915.1068957,0.5815
/camera/world/agv2_confidence,1789453915.1071093,1789453915.1071093,0.5798
/camera/world/agv1_confidence,1789453915.1398673,1789453915.1398673,0.5595
/camera/world/agv2_confidence,1789453915.139972,1789453915.139972,0.5774
/camera/world/agv3_confidence,1789453915.1401496,1789453915.1401496,0.5864
/camera/world/agv1_confidence,1789453915.181289,1789453915.181289,0.5855
/camera/world/agv3_confidence,1789453915.181515,1789453915.181515,0.5856
/camera/world/agv2_confidence,1789453915.1815317,1789453915.1815317,0.571
/camera/world/agv3_confidence,1789453915.2166615,1789453915.2166615,0.5565
/camera/world/agv2_confidence,1789453915.2166944,1789453915.2166944,0.5696
/camera/world/agv1_confidence,1789453915.2168932,1789453915.2168932,0.6061
/camera/world/agv1_confidence,1789453915.243051,1789453915.243051,0.6067
/camera/world/agv2_confidence,1789453915.243282,1789453915.243282,0.5713
/camera/world/agv3_confidence,1789453915.2432854,1789453915.2432854,0.5614
/camera/world/agv1_confidence,1789453915.2749312,1789453915.2749312,0.608
/camera/world/agv2_confidence,1789453915.2749457,1789453915.2749457,0.5684
/camera/world/agv3_confidence,1789453915.2752423,1789453915.2752423,0.5699
/camera/world/agv1_confidence,1789453915.3077428,1789453915.3077428,0.6089
/camera/world/agv2_confidence,1789453915.3078225,1789453915.3078225,0.5686
/camera/world/agv3_confidence,1789453915.307975,1789453915.307975,0.5884
/camera/world/agv1_confidence,1789453915.3418918,1789453915.3418918,0.6097
/camera/world/agv3_confidence,1789453915.3422494,1789453915.3422494,0.5815
/camera/world/agv2_confidence,1789453915.3422766,1789453915.3422766,0.5803
/camera/world/agv1_confidence,1789453915.417638,1789453915.417638,0.6085
/camera/world/agv3_confidence,1789453915.4177227,1789453915.4177227,0.5782
/camera/world/agv2_confidence,1789453915.4178605,1789453915.4178605,0.5793
/camera/world/agv1_confidence,1789453915.422069,1789453915.422069,0.6086
/camera/world/agv3_confidence,1789453915.4222183,1789453915.4222183,0.5892
/camera/world/agv2_confidence,1789453915.4223056,1789453915.4223056,0.5782
/camera/world/agv2_confidence,1789453915.4427955,1789453915.4427955,0.5795
/camera/world/agv1_confidence,1789453915.4428365,1789453915.4428365,0.6089
/camera/world/agv3_confidence,1789453915.4429803,1789453915.4429803,0.5902
/camera/world/agv1_confidence,1789453915.4844105,1789453915.4844105,0.6097
/camera/world/agv2_confidence,1789453915.4844906,1789453915.4844906,0.5782
/camera/world/agv3_confidence,1789453915.4845757,1789453915.4845757,0.5885
/camera/world/agv1_confidence,1789453915.507142,1789453915.507142,0.6097
/camera/world/agv2_confidence,1789453915.5073771,1789453915.5073771,0.5791
/camera/world/agv3_confidence,1789453915.5073802,1789453915.5073802,0.5879
/camera/world/agv3_confidence,1789453915.5436919,1789453915.5436919,0.5821
/camera/world/agv2_confidence,1789453915.5438557,1789453915.5438557,0.5697
/camera/world/agv1_confidence,1789453915.543871,1789453915.543871,0.6083
/camera/world/agv3_confidence,1789453915.5723617,1789453915.5723617,0.582
/camera/world/agv2_confidence,1789453915.5723941,1789453915.5723941,0.5771
/camera/world/agv1_confidence,1789453915.5723987,1789453915.5723987,0.6068
/camera/world/agv1_confidence,1789453915.614448,1789453915.614448,0.6066
/camera/world/agv3_confidence,1789453915.6145039,1789453915.6145039,0.5682
/camera/world/agv2_confidence,1789453915.6146343,1789453915.6146343,0.5869
/camera/world/agv1_confidence,1789453915.645661,1789453915.645661,0.6067
/camera/world/agv2_confidence,1789453915.6457808,1789453915.6457808,0.5782
/camera/world/agv3_confidence,1789453915.6458087,1789453915.6458087,0.5714
/camera/world/agv1_confidence,1789453915.6760674,1789453915.6760674,0.607
/camera/world/agv2_confidence,1789453915.6761184,1789453915.6761184,0.5601
/camera/world/agv3_confidence,1789453915.6761265,1789453915.6761265,0.5817
/camera/world/agv2_confidence,1789453915.7068486,1789453915.7068486,0.5643
/camera/world/agv1_confidence,1789453915.7068613,1789453915.7068613,0.606
/camera/world/agv3_confidence,1789453915.7070012,1789453915.7070012,0.5835
/camera/world/agv1_confidence,1789453915.7430365,1789453915.7430365,0.5958
/camera/world/agv2_confidence,1789453915.7430778,1789453915.7430778,0.5659
/camera/world/agv3_confidence,1789453915.743142,1789453915.743142,0.5783
/camera/world/agv1_confidence,1789453915.7781374,1789453915.7781374,0.6063
/camera/world/agv2_confidence,1789453915.7781434,1789453915.7781434,0.5761
/camera/world/agv3_confidence,1789453915.778393,1789453915.778393,0.5895
/camera/world/agv2_confidence,1789453915.811876,1789453915.811876,0.5651
/camera/world/agv3_confidence,1789453915.8119404,1789453915.8119404,0.5912
/camera/world/agv1_confidence,1789453915.8119495,1789453915.8119495,0.6064
/camera/world/agv1_confidence,1789453915.844352,1789453915.844352,0.6063
/camera/world/agv2_confidence,1789453915.8444207,1789453915.8444207,0.5717
/camera/world/agv3_confidence,1789453915.8445718,1789453915.8445718,0.5903
/camera/world/agv1_confidence,1789453915.8779113,1789453915.8779113,0.606
/camera/world/agv2_confidence,1789453915.8780293,1789453915.8780293,0.5675
/camera/world/agv3_confidence,1789453915.8781374,1789453915.8781374,0.5888
/camera/world/agv1_confidence,1789453915.9101481,1789453915.9101481,0.5932
/camera/world/agv3_confidence,1789453915.9103205,1789453915.9103205,0.5731
/camera/world/agv2_confidence,1789453915.9103556,1789453915.9103556,0.5693
/camera/world/agv1_confidence,1789453915.954061,1789453915.954061,0.6092
/camera/world/agv3_confidence,1789453915.954252,1789453915.954252,0.5914
/camera/world/agv2_confidence,1789453915.9542894,1789453915.9542894,0.5831
/camera/world/agv1_confidence,1789453915.9779348,1789453915.9779348,0.6092
/camera/world/agv2_confidence,1789453915.9780312,1789453915.9780312,0.5858
/camera/world/agv3_confidence,1789453915.978316,1789453915.978316,0.5906
/camera/world/agv1_confidence,1789453916.0111527,1789453916.0111527,0.6097
/camera/world/agv2_confidence,1789453916.0113046,1789453916.0113046,0.586
/camera/world/agv3_confidence,1789453916.011465,1789453916.011465,0.5864
/camera/world/agv3_confidence,1789453916.0565426,1789453916.0565426,0.5895
/camera/world/agv2_confidence,1789453916.0565515,1789453916.0565515,0.5756
/camera/world/agv1_confidence,1789453916.0565886,1789453916.0565886,0.6082
/camera/world/agv2_confidence,1789453916.0817564,1789453916.0817564,0.5773
/camera/world/agv1_confidence,1789453916.0818205,1789453916.0818205,0.6065
/camera/world/agv3_confidence,1789453916.0819194,1789453916.0819194,0.5814
/camera/world/agv1_confidence,1789453916.1128936,1789453916.1128936,0.6077
/camera/world/agv2_confidence,1789453916.1129348,1789453916.1129348,0.5798
/camera/world/agv3_confidence,1789453916.1131532,1789453916.1131532,0.5836
/camera/world/agv2_confidence,1789453916.1462297,1789453916.1462297,0.5861
/camera/world/agv1_confidence,1789453916.1462414,1789453916.1462414,0.6082
/camera/world/agv3_confidence,1789453916.1464112,1789453916.1464112,0.5789
/camera/world/agv1_confidence,1789453916.1763313,1789453916.1763313,0.6098
/camera/world/agv3_confidence,1789453916.1763706,1789453916.1763706,0.5772
/camera/world/agv2_confidence,1789453916.1765127,1789453916.1765127,0.5373
/camera/world/agv3_confidence,1789453916.2082875,1789453916.2082875,0.5784
/camera/world/agv2_confidence,1789453916.2082968,1789453916.2082968,0.5706
/camera/world/agv1_confidence,1789453916.2085218,1789453916.2085218,0.5938
/camera/world/agv1_confidence,1789453916.2408078,1789453916.2408078,0.6096
/camera/world/agv3_confidence,1789453916.2408354,1789453916.2408354,0.5869
/camera/world/agv2_confidence,1789453916.2409182,1789453916.2409182,0.5634
/camera/world/agv1_confidence,1789453916.284766,1789453916.284766,0.6096
/camera/world/agv3_confidence,1789453916.2848077,1789453916.2848077,0.5755
/camera/world/agv2_confidence,1789453916.284816,1789453916.284816,0.5829
/camera/world/agv1_confidence,1789453916.3063803,1789453916.3063803,0.609
/camera/world/agv2_confidence,1789453916.3064005,1789453916.3064005,0.5827
/camera/world/agv3_confidence,1789453916.3065333,1789453916.3065333,0.5915
/camera/world/agv3_confidence,1789453916.3458667,1789453916.3458667,0.5899
/camera/world/agv2_confidence,1789453916.3459177,1789453916.3459177,0.5631
/camera/world/agv1_confidence,1789453916.3459985,1789453916.3459985,0.6094
/camera/world/agv3_confidence,1789453916.3763978,1789453916.3763978,0.5914
/camera/world/agv2_confidence,1789453916.376405,1789453916.376405,0.5753
/camera/world/agv1_confidence,1789453916.3765624,1789453916.3765624,0.5988
/camera/world/agv1_confidence,1789453916.4077013,1789453916.4077013,0.6081
/camera/world/agv2_confidence,1789453916.4077797,1789453916.4077797,0.5763
/camera/world/agv3_confidence,1789453916.407953,1789453916.407953,0.5905
/camera/world/agv1_confidence,1789453916.4393137,1789453916.4393137,0.6084
/camera/world/agv3_confidence,1789453916.4393845,1789453916.4393845,0.5844
/camera/world/agv2_confidence,1789453916.4394279,1789453916.4394279,0.5755
/camera/world/agv1_confidence,1789453916.4802346,1789453916.4802346,0.6095
/camera/world/agv2_confidence,1789453916.4802418,1789453916.4802418,0.5772
/camera/world/agv3_confidence,1789453916.4804459,1789453916.4804459,0.5906
/camera/world/agv3_confidence,1789453916.5099928,1789453916.5099928,0.5916
/camera/world/agv2_confidence,1789453916.5099995,1789453916.5099995,0.5813
/camera/world/agv1_confidence,1789453916.5100791,1789453916.5100791,0.6077
/camera/world/agv1_confidence,1789453916.5401335,1789453916.5401335,0.6066
/camera/world/agv2_confidence,1789453916.5401573,1789453916.5401573,0.5834
/camera/world/agv3_confidence,1789453916.54029,1789453916.54029,0.5659
/camera/world/agv1_confidence,1789453916.5718343,1789453916.5718343,0.6075
/camera/world/agv2_confidence,1789453916.5720878,1789453916.5720878,0.5801
/camera/world/agv3_confidence,1789453916.5722528,1789453916.5722528,0.5812
/camera/world/agv3_confidence,1789453916.6113117,1789453916.6113117,0.5901
/camera/world/agv1_confidence,1789453916.6114187,1789453916.6114187,0.6063
/camera/world/agv2_confidence,1789453916.6114266,1789453916.6114266,0.5596
/camera/world/agv1_confidence,1789453916.64464,1789453916.64464,0.594
/camera/world/agv2_confidence,1789453916.6446586,1789453916.6446586,0.5778
/camera/world/agv3_confidence,1789453916.6449342,1789453916.6449342,0.59
/camera/world/agv1_confidence,1789453916.683674,1789453916.683674,0.6071
/camera/world/agv2_confidence,1789453916.683992,1789453916.683992,0.5606
/camera/world/agv3_confidence,1789453916.6840243,1789453916.6840243,0.5867
/camera/world/agv1_confidence,1789453916.7091954,1789453916.7091954,0.6059
/camera/world/agv2_confidence,1789453916.7091992,1789453916.7091992,0.5714
/camera/world/agv3_confidence,1789453916.7093995,1789453916.7093995,0.5891
/camera/world/agv1_confidence,1789453916.7455845,1789453916.7455845,0.608
/camera/world/agv3_confidence,1789453916.7458045,1789453916.7458045,0.5896
/camera/world/agv2_confidence,1789453916.7458165,1789453916.7458165,0.5797
/camera/world/agv2_confidence,1789453916.7726774,1789453916.7726774,0.5784
/camera/world/agv3_confidence,1789453916.7726858,1789453916.7726858,0.5906
/camera/world/agv1_confidence,1789453916.77271,1789453916.77271,0.6093
/camera/world/agv2_confidence,1789453916.8075986,1789453916.8075986,0.5806
/camera/world/agv3_confidence,1789453916.8076012,1789453916.8076012,0.5842
/camera/world/agv1_confidence,1789453916.8077304,1789453916.8077304,0.5981
/camera/world/agv2_confidence,1789453916.84541,1789453916.84541,0.5736
/camera/world/agv1_confidence,1789453916.845421,1789453916.845421,0.6102
/camera/world/agv3_confidence,1789453916.8456442,1789453916.8456442,0.5907
/camera/world/agv1_confidence,1789453916.8771918,1789453916.8771918,0.6101
/camera/world/agv3_confidence,1789453916.877412,1789453916.877412,0.5673
/camera/world/agv2_confidence,1789453916.877416,1789453916.877416,0.5772
/camera/world/agv1_confidence,1789453916.9091547,1789453916.9091547,0.6116
/camera/world/agv2_confidence,1789453916.9091985,1789453916.9091985,0.5788
/camera/world/agv3_confidence,1789453916.9094627,1789453916.9094627,0.5899
/camera/world/agv2_confidence,1789453916.9421058,1789453916.9421058,0.5781
/camera/world/agv1_confidence,1789453916.9421906,1789453916.9421906,0.6109
/camera/world/agv3_confidence,1789453916.9422584,1789453916.9422584,0.5818
/camera/world/agv1_confidence,1789453916.9734983,1789453916.9734983,0.6115
/camera/world/agv3_confidence,1789453916.9735634,1789453916.9735634,0.5857
/camera/world/agv2_confidence,1789453916.973587,1789453916.973587,0.575
/camera/world/agv2_confidence,1789453917.0150726,1789453917.0150726,0.5897
/camera/world/agv1_confidence,1789453917.0152335,1789453917.0152335,0.6108
/camera/world/agv3_confidence,1789453917.0152602,1789453917.0152602,0.5881
/camera/world/agv2_confidence,1789453917.0478578,1789453917.0478578,0.5801
/camera/world/agv3_confidence,1789453917.0478685,1789453917.0478685,0.593
/camera/world/agv1_confidence,1789453917.0479434,1789453917.0479434,0.6101
/camera/world/agv2_confidence,1789453917.079496,1789453917.079496,0.5812
/camera/world/agv1_confidence,1789453917.0795317,1789453917.0795317,0.6096
/camera/world/agv3_confidence,1789453917.0797362,1789453917.0797362,0.5927
/camera/world/agv2_confidence,1789453917.1158557,1789453917.1158557,0.5797
/camera/world/agv3_confidence,1789453917.1158926,1789453917.1158926,0.5899
/camera/world/agv1_confidence,1789453917.1160038,1789453917.1160038,0.5819
/camera/world/agv1_confidence,1789453917.1462336,1789453917.1462336,0.6082
/camera/world/agv3_confidence,1789453917.1462939,1789453917.1462939,0.5819
/camera/world/agv2_confidence,1789453917.1463127,1789453917.1463127,0.5796
/camera/world/agv1_confidence,1789453917.184319,1789453917.184319,0.6075
/camera/world/agv2_confidence,1789453917.184324,1789453917.184324,0.576
/camera/world/agv3_confidence,1789453917.1844597,1789453917.1844597,0.5891
/camera/world/agv1_confidence,1789453917.212546,1789453917.212546,0.5966
/camera/world/agv2_confidence,1789453917.2125509,1789453917.2125509,0.5791
/camera/world/agv3_confidence,1789453917.2125654,1789453917.2125654,0.5882
/camera/world/agv2_confidence,1789453917.249732,1789453917.249732,0.5787
/camera/world/agv3_confidence,1789453917.2498627,1789453917.2498627,0.589
/camera/world/agv1_confidence,1789453917.2499144,1789453917.2499144,0.6077
/camera/world/agv1_confidence,1789453917.28416,1789453917.28416,0.5939
/camera/world/agv3_confidence,1789453917.284286,1789453917.284286,0.5929
/camera/world/agv2_confidence,1789453917.284323,1789453917.284323,0.5795
/camera/world/agv2_confidence,1789453917.3139796,1789453917.3139796,0.5801
/camera/world/agv3_confidence,1789453917.3142593,1789453917.3142593,0.5749
/camera/world/agv1_confidence,1789453917.3143497,1789453917.3143497,0.5938
/camera/world/agv2_confidence,1789453917.342323,1789453917.342323,0.5784
/camera/world/agv3_confidence,1789453917.3424249,1789453917.3424249,0.5884
/camera/world/agv1_confidence,1789453917.342472,1789453917.342472,0.6076
/camera/world/agv3_confidence,1789453917.3749442,1789453917.3749442,0.5923
/camera/world/agv2_confidence,1789453917.3749506,1789453917.3749506,0.577
/camera/world/agv1_confidence,1789453917.3750176,1789453917.3750176,0.5675
/camera/world/agv1_confidence,1789453917.4116302,1789453917.4116302,0.6089
/camera/world/agv2_confidence,1789453917.4117465,1789453917.4117465,0.575
/camera/world/agv3_confidence,1789453917.412095,1789453917.412095,0.5917
/camera/world/agv1_confidence,1789453917.4475954,1789453917.4475954,0.6078
/camera/world/agv2_confidence,1789453917.4479556,1789453917.4479556,0.5803
/camera/world/agv3_confidence,1789453917.4481206,1789453917.4481206,0.5877
/camera/world/agv1_confidence,1789453917.4803307,1789453917.4803307,0.6083
/camera/world/agv2_confidence,1789453917.4805064,1789453917.4805064,0.5777
/camera/world/agv3_confidence,1789453917.480547,1789453917.480547,0.5894
/camera/world/agv2_confidence,1789453917.5157843,1789453917.5157843,0.5876
/camera/world/agv3_confidence,1789453917.5158865,1789453917.5158865,0.5847
/camera/world/agv1_confidence,1789453917.5158942,1789453917.5158942,0.5764
/camera/world/agv1_confidence,1789453917.555799,1789453917.555799,0.5811
/camera/world/agv3_confidence,1789453917.5558195,1789453917.5558195,0.5831
/camera/world/agv2_confidence,1789453917.5559723,1789453917.5559723,0.5728
/camera/world/agv3_confidence,1789453917.5747383,1789453917.5747383,0.5905
/camera/world/agv2_confidence,1789453917.574742,1789453917.574742,0.5901
/camera/world/agv1_confidence,1789453917.5747433,1789453917.5747433,0.5816
/camera/world/agv2_confidence,1789453917.6152153,1789453917.6152153,0.5727
/camera/world/agv1_confidence,1789453917.6152835,1789453917.6152835,0.6081
/camera/world/agv3_confidence,1789453917.615542,1789453917.615542,0.5802
/camera/world/agv1_confidence,1789453917.6452143,1789453917.6452143,0.6078
/camera/world/agv3_confidence,1789453917.6454203,1789453917.6454203,0.5909
/camera/world/agv2_confidence,1789453917.6455798,1789453917.6455798,0.5846
/camera/world/agv1_confidence,1789453917.6824317,1789453917.6824317,0.609
/camera/world/agv2_confidence,1789453917.6826794,1789453917.6826794,0.5904
/camera/world/agv3_confidence,1789453917.6826963,1789453917.6826963,0.592
/camera/world/agv2_confidence,1789453917.7171948,1789453917.7171948,0.582
/camera/world/agv1_confidence,1789453917.7173,1789453917.7173,0.6115
/camera/world/agv3_confidence,1789453917.717381,1789453917.717381,0.5914
/camera/world/agv1_confidence,1789453917.7478924,1789453917.7478924,0.6094
/camera/world/agv2_confidence,1789453917.7479036,1789453917.7479036,0.5769
/camera/world/agv3_confidence,1789453917.7479146,1789453917.7479146,0.5713
/camera/world/agv3_confidence,1789453917.7850018,1789453917.7850018,0.5684
/camera/world/agv1_confidence,1789453917.7850163,1789453917.7850163,0.6081
/camera/world/agv2_confidence,1789453917.7850344,1789453917.7850344,0.5863
/camera/world/agv2_confidence,1789453917.808551,1789453917.808551,0.5844
/camera/world/agv1_confidence,1789453917.8085563,1789453917.8085563,0.5974
/camera/world/agv3_confidence,1789453917.808686,1789453917.808686,0.5657
/camera/world/agv1_confidence,1789453917.8408644,1789453917.8408644,0.6119
/camera/world/agv3_confidence,1789453917.8409991,1789453917.8409991,0.5838
/camera/world/agv2_confidence,1789453917.8410072,1789453917.8410072,0.5854
/camera/world/agv1_confidence,1789453917.8735816,1789453917.8735816,0.612
/camera/world/agv2_confidence,1789453917.8736215,1789453917.8736215,0.5861
/camera/world/agv3_confidence,1789453917.873923,1789453917.873923,0.5813
/camera/world/agv1_confidence,1789453917.9149086,1789453917.9149086,0.6116
/camera/world/agv2_confidence,1789453917.9149234,1789453917.9149234,0.5867
/camera/world/agv3_confidence,1789453917.915002,1789453917.915002,0.5901
/camera/world/agv1_confidence,1789453917.94946,1789453917.94946,0.6123
/camera/world/agv2_confidence,1789453917.9496927,1789453917.9496927,0.578
/camera/world/agv3_confidence,1789453917.9497218,1789453917.9497218,0.5862
/camera/world/agv1_confidence,1789453917.9817703,1789453917.9817703,0.6117
/camera/world/agv2_confidence,1789453917.9819996,1789453917.9819996,0.5757
/camera/world/agv3_confidence,1789453917.9820142,1789453917.9820142,0.5873
/camera/world/agv3_confidence,1789453918.0127885,1789453918.0127885,0.582
/camera/world/agv2_confidence,1789453918.0127988,1789453918.0127988,0.5744
/camera/world/agv1_confidence,1789453918.012867,1789453918.012867,0.6106
/camera/world/agv1_confidence,1789453918.0517728,1789453918.0517728,0.61
/camera/world/agv3_confidence,1789453918.0517936,1789453918.0517936,0.5926
/camera/world/agv2_confidence,1789453918.0518134,1789453918.0518134,0.5864
/camera/world/agv1_confidence,1789453918.0876527,1789453918.0876527,0.6082
/camera/world/agv2_confidence,1789453918.0877106,1789453918.0877106,0.5739
/camera/world/agv3_confidence,1789453918.087864,1789453918.087864,0.5921
/camera/world/agv1_confidence,1789453918.109135,1789453918.109135,0.6073
/camera/world/agv2_confidence,1789453918.1093268,1789453918.1093268,0.5829
/camera/world/agv3_confidence,1789453918.109461,1789453918.109461,0.5929
/camera/world/agv1_confidence,1789453918.1442683,1789453918.1442683,0.6083
/camera/world/agv2_confidence,1789453918.1444209,1789453918.1444209,0.5759
/camera/world/agv3_confidence,1789453918.1445098,1789453918.1445098,0.596
/camera/world/agv1_confidence,1789453918.177679,1789453918.177679,0.5842
/camera/world/agv3_confidence,1789453918.1777692,1789453918.1777692,0.5991
/camera/world/agv2_confidence,1789453918.177775,1789453918.177775,0.5705
/camera/world/agv1_confidence,1789453918.2113714,1789453918.2113714,0.608
/camera/world/agv2_confidence,1789453918.2115414,1789453918.2115414,0.5729
/camera/world/agv3_confidence,1789453918.2115467,1789453918.2115467,0.5905
/camera/world/agv1_confidence,1789453918.245905,1789453918.245905,0.6084
/camera/world/agv2_confidence,1789453918.2460296,1789453918.2460296,0.5834
/camera/world/agv3_confidence,1789453918.2461872,1789453918.2461872,0.5739
/camera/world/agv1_confidence,1789453918.2827592,1789453918.2827592,0.6085
/camera/world/agv2_confidence,1789453918.2827687,1789453918.2827687,0.5825
/camera/world/agv3_confidence,1789453918.2828705,1789453918.2828705,0.5879
/camera/world/agv2_confidence,1789453918.3186464,1789453918.3186464,0.5811
/camera/world/agv1_confidence,1789453918.318661,1789453918.318661,0.6078
/camera/world/agv3_confidence,1789453918.3186831,1789453918.3186831,0.5902
/camera/world/agv3_confidence,1789453918.3495183,1789453918.3495183,0.5784
/camera/world/agv2_confidence,1789453918.3495374,1789453918.3495374,0.5702
/camera/world/agv1_confidence,1789453918.3495653,1789453918.3495653,0.608
/camera/world/agv3_confidence,1789453918.3729904,1789453918.3729904,0.5903
/camera/world/agv1_confidence,1789453918.372992,1789453918.372992,0.6083
/camera/world/agv2_confidence,1789453918.3729992,1789453918.3729992,0.5676
/camera/world/agv2_confidence,1789453918.406307,1789453918.406307,0.5809
/camera/world/agv1_confidence,1789453918.4064498,1789453918.4064498,0.6081
/camera/world/agv3_confidence,1789453918.4065673,1789453918.4065673,0.5789
/camera/world/agv2_confidence,1789453918.4397163,1789453918.4397163,0.5656
/camera/world/agv3_confidence,1789453918.4397476,1789453918.4397476,0.5786
/camera/world/agv1_confidence,1789453918.4397604,1789453918.4397604,0.6079
/camera/world/agv1_confidence,1789453918.482474,1789453918.482474,0.6083
/camera/world/agv2_confidence,1789453918.4827516,1789453918.4827516,0.5656
/camera/world/agv3_confidence,1789453918.482797,1789453918.482797,0.5747
/camera/world/agv1_confidence,1789453918.5128844,1789453918.5128844,0.6081
/camera/world/agv2_confidence,1789453918.5130796,1789453918.5130796,0.5832
/camera/world/agv3_confidence,1789453918.5132904,1789453918.5132904,0.591
/camera/world/agv1_confidence,1789453918.5460746,1789453918.5460746,0.6079
/camera/world/agv3_confidence,1789453918.5461102,1789453918.5461102,0.5737
/camera/world/agv2_confidence,1789453918.5461552,1789453918.5461552,0.5822
/camera/world/agv1_confidence,1789453918.581986,1789453918.581986,0.6079
/camera/world/agv3_confidence,1789453918.5820372,1789453918.5820372,0.5933
/camera/world/agv2_confidence,1789453918.582089,1789453918.582089,0.5824
/camera/world/agv1_confidence,1789453918.6086729,1789453918.6086729,0.6085
/camera/world/agv2_confidence,1789453918.6087244,1789453918.6087244,0.572
/camera/world/agv3_confidence,1789453918.6089747,1789453918.6089747,0.5902
/camera/world/agv1_confidence,1789453918.6505675,1789453918.6505675,0.608
/camera/world/agv2_confidence,1789453918.6507025,1789453918.6507025,0.5837
/camera/world/agv3_confidence,1789453918.6507065,1789453918.6507065,0.5896
/camera/world/agv2_confidence,1789453918.676439,1789453918.676439,0.5818
/camera/world/agv1_confidence,1789453918.6764822,1789453918.6764822,0.6081
/camera/world/agv3_confidence,1789453918.6766462,1789453918.6766462,0.5736
/camera/world/agv1_confidence,1789453918.7105658,1789453918.7105658,0.6081
/camera/world/agv3_confidence,1789453918.7105849,1789453918.7105849,0.5761
/camera/world/agv2_confidence,1789453918.7105925,1789453918.7105925,0.5829
/camera/world/agv2_confidence,1789453918.7409582,1789453918.7409582,0.5851
/camera/world/agv3_confidence,1789453918.7410078,1789453918.7410078,0.5761
/camera/world/agv1_confidence,1789453918.7412045,1789453918.7412045,0.6082
/camera/world/agv1_confidence,1789453918.7820454,1789453918.7820454,0.6084
/camera/world/agv2_confidence,1789453918.782156,1789453918.782156,0.5678
/camera/world/agv3_confidence,1789453918.7821858,1789453918.7821858,0.5809
/camera/world/agv2_confidence,1789453918.8119125,1789453918.8119125,0.5834
/camera/world/agv1_confidence,1789453918.811921,1789453918.811921,0.6081
/camera/world/agv3_confidence,1789453918.8121665,1789453918.8121665,0.5778
/camera/world/agv1_confidence,1789453918.8450637,1789453918.8450637,0.6081
/camera/world/agv2_confidence,1789453918.845348,1789453918.845348,0.5652
/camera/world/agv3_confidence,1789453918.8454463,1789453918.8454463,0.5798
/camera/world/agv1_confidence,1789453918.8754187,1789453918.8754187,0.6084
/camera/world/agv2_confidence,1789453918.875656,1789453918.875656,0.5683
/camera/world/agv3_confidence,1789453918.875663,1789453918.875663,0.5802
/camera/world/agv1_confidence,1789453918.913753,1789453918.913753,0.6081
/camera/world/agv2_confidence,1789453918.9137678,1789453918.9137678,0.5861
/camera/world/agv3_confidence,1789453918.9137816,1789453918.9137816,0.588
/camera/world/agv2_confidence,1789453918.9473588,1789453918.9473588,0.5814
/camera/world/agv1_confidence,1789453918.947367,1789453918.947367,0.6082
/camera/world/agv3_confidence,1789453918.947445,1789453918.947445,0.5904
/camera/world/agv1_confidence,1789453918.9772696,1789453918.9772696,0.5875
/camera/world/agv2_confidence,1789453918.977276,1789453918.977276,0.582
/camera/world/agv3_confidence,1789453918.9773266,1789453918.9773266,0.5764
/camera/world/agv1_confidence,1789453919.0089679,1789453919.0089679,0.608
/camera/world/agv3_confidence,1789453919.009106,1789453919.009106,0.5925
/camera/world/agv2_confidence,1789453919.0092635,1789453919.0092635,0.5799
/camera/world/agv1_confidence,1789453919.040069,1789453919.040069,0.6076
/camera/world/agv2_confidence,1789453919.04012,1789453919.04012,0.5808
/camera/world/agv3_confidence,1789453919.040198,1789453919.040198,0.5917
/camera/world/agv2_confidence,1789453919.0767848,1789453919.0767848,0.5665
/camera/world/agv1_confidence,1789453919.0767922,1789453919.0767922,0.6085
/camera/world/agv3_confidence,1789453919.0768964,1789453919.0768964,0.5763
/camera/world/agv2_confidence,1789453919.1157794,1789453919.1157794,0.5672
/camera/world/agv3_confidence,1789453919.1158483,1789453919.1158483,0.5879
/camera/world/agv1_confidence,1789453919.115936,1789453919.115936,0.6078
/camera/world/agv1_confidence,1789453919.1526363,1789453919.1526363,0.6078
/camera/world/agv2_confidence,1789453919.1529458,1789453919.1529458,0.5794
/camera/world/agv3_confidence,1789453919.1529484,1789453919.1529484,0.59
/camera/world/agv2_confidence,1789453919.1736906,1789453919.1736906,0.5668
/camera/world/agv1_confidence,1789453919.1738424,1789453919.1738424,0.6077
/camera/world/agv3_confidence,1789453919.173899,1789453919.173899,0.5811
/camera/world/agv2_confidence,1789453919.2103956,1789453919.2103956,0.5707
/camera/world/agv1_confidence,1789453919.2104027,1789453919.2104027,0.588
/camera/world/agv3_confidence,1789453919.2106364,1789453919.2106364,0.5777
/camera/world/agv1_confidence,1789453919.24191,1789453919.24191,0.6082
/camera/world/agv3_confidence,1789453919.2419212,1789453919.2419212,0.5913
/camera/world/agv2_confidence,1789453919.241941,1789453919.241941,0.5704
/camera/world/agv1_confidence,1789453919.2808151,1789453919.2808151,0.6081
/camera/world/agv3_confidence,1789453919.2808328,1789453919.2808328,0.5754
/camera/world/agv2_confidence,1789453919.280878,1789453919.280878,0.5675
/camera/world/agv1_confidence,1789453919.3130376,1789453919.3130376,0.6079
/camera/world/agv2_confidence,1789453919.3131974,1789453919.3131974,0.5798
/camera/world/agv3_confidence,1789453919.3132236,1789453919.3132236,0.5766
/camera/world/agv2_confidence,1789453919.342756,1789453919.342756,0.5822
/camera/world/agv3_confidence,1789453919.3427744,1789453919.3427744,0.5804
/camera/world/agv1_confidence,1789453919.342843,1789453919.342843,0.6078
/camera/world/agv2_confidence,1789453919.3734467,1789453919.3734467,0.5808
/camera/world/agv1_confidence,1789453919.373513,1789453919.373513,0.6081
/camera/world/agv3_confidence,1789453919.373625,1789453919.373625,0.5877
/camera/world/agv2_confidence,1789453919.4153624,1789453919.4153624,0.5845
/camera/world/agv1_confidence,1789453919.4155388,1789453919.4155388,0.6081
/camera/world/agv3_confidence,1789453919.4156747,1789453919.4156747,0.5896
/camera/world/agv1_confidence,1789453919.4434829,1789453919.4434829,0.6083
/camera/world/agv2_confidence,1789453919.4435446,1789453919.4435446,0.5851
/camera/world/agv3_confidence,1789453919.4438422,1789453919.4438422,0.5865
/camera/world/agv3_confidence,1789453919.4748437,1789453919.4748437,0.5919
/camera/world/agv2_confidence,1789453919.4748719,1789453919.4748719,0.5646
/camera/world/agv1_confidence,1789453919.4749377,1789453919.4749377,0.6081
/camera/world/agv1_confidence,1789453919.5082886,1789453919.5082886,0.6079
/camera/world/agv3_confidence,1789453919.5084815,1789453919.5084815,0.5744
/camera/world/agv2_confidence,1789453919.5084836,1789453919.5084836,0.5645
/camera/world/agv2_confidence,1789453919.5415928,1789453919.5415928,0.5646
/camera/world/agv1_confidence,1789453919.541663,1789453919.541663,0.6078
/camera/world/agv3_confidence,1789453919.5418875,1789453919.5418875,0.5747
/camera/world/agv1_confidence,1789453919.574278,1789453919.574278,0.6078
/camera/world/agv2_confidence,1789453919.5743954,1789453919.5743954,0.586
/camera/world/agv3_confidence,1789453919.5746446,1789453919.5746446,0.5751
/camera/world/agv2_confidence,1789453919.6137545,1789453919.6137545,0.5813
/camera/world/agv1_confidence,1789453919.6137605,1789453919.6137605,0.6085
/camera/world/agv3_confidence,1789453919.6144335,1789453919.6144335,0.5751
/camera/world/agv1_confidence,1789453919.644632,1789453919.644632,0.6079
/camera/world/agv2_confidence,1789453919.6448593,1789453919.6448593,0.5788
/camera/world/agv3_confidence,1789453919.6451328,1789453919.6451328,0.5909
/camera/world/agv2_confidence,1789453919.680128,1789453919.680128,0.5861
/camera/world/agv1_confidence,1789453919.6802757,1789453919.6802757,0.6081
/camera/world/agv3_confidence,1789453919.680347,1789453919.680347,0.5764
/camera/world/agv2_confidence,1789453919.7097158,1789453919.7097158,0.5663
/camera/world/agv1_confidence,1789453919.7098725,1789453919.7098725,0.6085
/camera/world/agv3_confidence,1789453919.709994,1789453919.709994,0.5919
/camera/world/agv1_confidence,1789453919.742163,1789453919.742163,0.6083
/camera/world/agv3_confidence,1789453919.742184,1789453919.742184,0.5856
/camera/world/agv2_confidence,1789453919.7422276,1789453919.7422276,0.5697
/camera/world/agv1_confidence,1789453919.7704363,1789453919.7704363,0.6078
/camera/world/agv3_confidence,1789453919.7705672,1789453919.7705672,0.5893
/camera/world/agv2_confidence,1789453919.7705903,1789453919.7705903,0.5706
/camera/world/agv2_confidence,1789453919.8155074,1789453919.8155074,0.5772
/camera/world/agv3_confidence,1789453919.8155842,1789453919.8155842,0.5757
/camera/world/agv1_confidence,1789453919.8155885,1789453919.8155885,0.6084
/camera/world/agv1_confidence,1789453919.8464732,1789453919.8464732,0.6081
/camera/world/agv2_confidence,1789453919.846594,1789453919.846594,0.5678
/camera/world/agv3_confidence,1789453919.846878,1789453919.846878,0.5796
/camera/world/agv1_confidence,1789453919.8757176,1789453919.8757176,0.6075
/camera/world/agv2_confidence,1789453919.876088,1789453919.876088,0.5825
/camera/world/agv3_confidence,1789453919.876306,1789453919.876306,0.572
/camera/world/agv2_confidence,1789453919.9099295,1789453919.9099295,0.5682
/camera/world/agv1_confidence,1789453919.909978,1789453919.909978,0.6082
/camera/world/agv3_confidence,1789453919.9100513,1789453919.9100513,0.588
/camera/world/agv1_confidence,1789453919.951232,1789453919.951232,0.6084
/camera/world/agv2_confidence,1789453919.9512627,1789453919.9512627,0.5786
/camera/world/agv3_confidence,1789453919.9514513,1789453919.9514513,0.5759
/camera/world/agv1_confidence,1789453919.9743576,1789453919.9743576,0.6078
/camera/world/agv3_confidence,1789453919.9743612,1789453919.9743612,0.5754
/camera/world/agv2_confidence,1789453919.974373,1789453919.974373,0.5696
/camera/world/agv1_confidence,1789453920.015027,1789453920.015027,0.6081
/camera/world/agv3_confidence,1789453920.015083,1789453920.015083,0.5825
/camera/world/agv2_confidence,1789453920.0151496,1789453920.0151496,0.5821
/camera/world/agv1_confidence,1789453920.049501,1789453920.049501,0.6076
/camera/world/agv3_confidence,1789453920.0497873,1789453920.0497873,0.5769
/camera/world/agv2_confidence,1789453920.0499327,1789453920.0499327,0.5808
/camera/world/agv1_confidence,1789453920.0762768,1789453920.0762768,0.6075
/camera/world/agv3_confidence,1789453920.0764437,1789453920.0764437,0.5891
/camera/world/agv2_confidence,1789453920.076462,1789453920.076462,0.5851
/camera/world/agv1_confidence,1789453920.1081617,1789453920.1081617,0.6079
/camera/world/agv3_confidence,1789453920.1083221,1789453920.1083221,0.5772
/camera/world/agv2_confidence,1789453920.108326,1789453920.108326,0.5818
/camera/world/agv1_confidence,1789453920.1518915,1789453920.1518915,0.6083
/camera/world/agv3_confidence,1789453920.1519244,1789453920.1519244,0.5872
/camera/world/agv2_confidence,1789453920.151933,1789453920.151933,0.5724
/camera/world/agv1_confidence,1789453920.1852403,1789453920.1852403,0.6078
/camera/world/agv3_confidence,1789453920.1852841,1789453920.1852841,0.5748
/camera/world/agv2_confidence,1789453920.1854227,1789453920.1854227,0.5814
/camera/world/agv1_confidence,1789453920.2051105,1789453920.2051105,0.608
/camera/world/agv3_confidence,1789453920.2051268,1789453920.2051268,0.5789
/camera/world/agv2_confidence,1789453920.2054343,1789453920.2054343,0.5825
/camera/world/agv3_confidence,1789453920.24895,1789453920.24895,0.5861
/camera/world/agv2_confidence,1789453920.2489815,1789453920.2489815,0.5828
/camera/world/agv1_confidence,1789453920.2490122,1789453920.2490122,0.608
/camera/world/agv1_confidence,1789453920.2767124,1789453920.2767124,0.6078
/camera/world/agv3_confidence,1789453920.2769191,1789453920.2769191,0.5748
/camera/world/agv2_confidence,1789453920.277111,1789453920.277111,0.5712
/camera/world/agv1_confidence,1789453920.307503,1789453920.307503,0.6078
/camera/world/agv3_confidence,1789453920.3077447,1789453920.3077447,0.5875
/camera/world/agv2_confidence,1789453920.307909,1789453920.307909,0.571
/camera/world/agv1_confidence,1789453920.3379254,1789453920.3379254,0.6073
/camera/world/agv3_confidence,1789453920.338071,1789453920.338071,0.5894
/camera/world/agv2_confidence,1789453920.3381176,1789453920.3381176,0.5844
/camera/world/agv1_confidence,1789453920.3837552,1789453920.3837552,0.6082
/camera/world/agv3_confidence,1789453920.383884,1789453920.383884,0.5758
/camera/world/agv2_confidence,1789453920.3839734,1789453920.3839734,0.5824
/camera/world/agv1_confidence,1789453920.4147596,1789453920.4147596,0.608
/camera/world/agv2_confidence,1789453920.4147646,1789453920.4147646,0.5812
/camera/world/agv3_confidence,1789453920.4147725,1789453920.4147725,0.5758
/camera/world/agv2_confidence,1789453920.4432404,1789453920.4432404,0.5832
/camera/world/agv1_confidence,1789453920.443433,1789453920.443433,0.6086
/camera/world/agv3_confidence,1789453920.4434545,1789453920.4434545,0.5739
/camera/world/agv1_confidence,1789453920.476984,1789453920.476984,0.6081
/camera/world/agv3_confidence,1789453920.477095,1789453920.477095,0.5748
/camera/world/agv2_confidence,1789453920.47714,1789453920.47714,0.5809
/camera/world/agv2_confidence,1789453920.509394,1789453920.509394,0.5832
/camera/world/agv1_confidence,1789453920.5094101,1789453920.5094101,0.6077
/camera/world/agv3_confidence,1789453920.509539,1789453920.509539,0.5899
/camera/world/agv1_confidence,1789453920.542192,1789453920.542192,0.6083
/camera/world/agv3_confidence,1789453920.5422568,1789453920.5422568,0.5748
/camera/world/agv2_confidence,1789453920.5423002,1789453920.5423002,0.5821
/camera/world/agv1_confidence,1789453920.5800846,1789453920.5800846,0.6072
/camera/world/agv3_confidence,1789453920.5801365,1789453920.5801365,0.5814
/camera/world/agv2_confidence,1789453920.5801604,1789453920.5801604,0.5693
/camera/world/agv1_confidence,1789453920.61196,1789453920.61196,0.6074
/camera/world/agv3_confidence,1789453920.6123583,1789453920.6123583,0.5892
/camera/world/agv2_confidence,1789453920.612445,1789453920.612445,0.5823
/camera/world/agv1_confidence,1789453920.644887,1789453920.644887,0.6083
/camera/world/agv2_confidence,1789453920.6450124,1789453920.6450124,0.5769
/camera/world/agv3_confidence,1789453920.6452632,1789453920.6452632,0.5782
/camera/world/agv1_confidence,1789453920.6753755,1789453920.6753755,0.6087
/camera/world/agv2_confidence,1789453920.6755269,1789453920.6755269,0.5846
/camera/world/agv3_confidence,1789453920.6756887,1789453920.6756887,0.5897
/camera/world/agv2_confidence,1789453920.715581,1789453920.715581,0.5655
/camera/world/agv1_confidence,1789453920.7157087,1789453920.7157087,0.6079
/camera/world/agv3_confidence,1789453920.7157824,1789453920.7157824,0.5758
/camera/world/agv1_confidence,1789453920.754536,1789453920.754536,0.6083
/camera/world/agv2_confidence,1789453920.7547596,1789453920.7547596,0.5701
/camera/world/agv3_confidence,1789453920.7549772,1789453920.7549772,0.5926
/camera/world/agv1_confidence,1789453920.7734373,1789453920.7734373,0.608
/camera/world/agv3_confidence,1789453920.7735574,1789453920.7735574,0.5754
/camera/world/agv2_confidence,1789453920.7738538,1789453920.7738538,0.5841
/camera/world/agv1_confidence,1789453920.816258,1789453920.816258,0.6085
/camera/world/agv2_confidence,1789453920.8162966,1789453920.8162966,0.5677
/camera/world/agv3_confidence,1789453920.816309,1789453920.816309,0.5886
/camera/world/agv1_confidence,1789453920.8396204,1789453920.8396204,0.6074
/camera/world/agv2_confidence,1789453920.8397255,1789453920.8397255,0.568
/camera/world/agv3_confidence,1789453920.839743,1789453920.839743,0.5751
/camera/world/agv2_confidence,1789453920.8832667,1789453920.8832667,0.5712
/camera/world/agv3_confidence,1789453920.8834112,1789453920.8834112,0.5766
/camera/world/agv1_confidence,1789453920.8834832,1789453920.8834832,0.608
/camera/world/agv1_confidence,1789453920.9065592,1789453920.9065592,0.608
/camera/world/agv3_confidence,1789453920.9065874,1789453920.9065874,0.5904
/camera/world/agv2_confidence,1789453920.9066272,1789453920.9066272,0.5683
/camera/world/agv1_confidence,1789453920.9527242,1789453920.9527242,0.608
/camera/world/agv2_confidence,1789453920.9527864,1789453920.9527864,0.5833
/camera/world/agv3_confidence,1789453920.9529176,1789453920.9529176,0.5841
/camera/world/agv1_confidence,1789453920.9748154,1789453920.9748154,0.608
/camera/world/agv3_confidence,1789453920.9748888,1789453920.9748888,0.5785
/camera/world/agv2_confidence,1789453920.9748933,1789453920.9748933,0.5818
/camera/world/agv1_confidence,1789453921.003841,1789453921.003841,0.6082
/camera/world/agv2_confidence,1789453921.0038612,1789453921.0038612,0.5833
/camera/world/agv3_confidence,1789453921.0038898,1789453921.0038898,0.5903
/camera/world/agv1_confidence,1789453921.0468976,1789453921.0468976,0.6084
/camera/world/agv3_confidence,1789453921.047116,1789453921.047116,0.5921
/camera/world/agv2_confidence,1789453921.047191,1789453921.047191,0.5801
/camera/world/agv2_confidence,1789453921.0779896,1789453921.0779896,0.5679
/camera/world/agv3_confidence,1789453921.0780182,1789453921.0780182,0.578
/camera/world/agv1_confidence,1789453921.0781286,1789453921.0781286,0.6076
